Datetime,Open,High,Low,Close,Volume,RSI_14
2024-06-04 09:45:00+00:00,1074.699951171875,1104.550048828125,1067.4000244140625,1084.0,2379274,31.38944861189279
2024-06-05 03:45:00+00:00,1083.25,1083.25,1051.5999755859375,1063.800048828125,0,26.332352098439927
2024-06-05 04:45:00+00:00,1063.699951171875,1088.1500244140625,1054.9000244140625,1088.1500244140625,4048860,39.07466765461333
2024-06-05 05:45:00+00:00,1088.199951171875,1090.550048828125,1074.199951171875,1080.0999755859375,2460727,36.807947919175916
2024-06-05 06:45:00+00:00,1080.050048828125,1098.5999755859375,1080.050048828125,1093.699951171875,3742300,42.840678061417954
2024-06-05 07:45:00+00:00,1094.0,1106.300048828125,1090.6500244140625,1103.199951171875,5798684,46.670586631431874
2024-06-05 08:45:00+00:00,1103.699951171875,1123.199951171875,1100.199951171875,1109.300048828125,11881662,49.032128766248896
2024-06-05 09:45:00+00:00,1109.3499755859375,1110.050048828125,1100.050048828125,1102.199951171875,2896044,46.453664657161795
2024-06-06 03:45:00+00:00,1108.6500244140625,1114.300048828125,1102.8499755859375,1107.1500244140625,0,48.48754129244735
2024-06-06 04:45:00+00:00,1107.0999755859375,1117.8499755859375,1106.050048828125,1116.75,2218686,52.27367571158979
2024-06-06 05:45:00+00:00,1116.699951171875,1117.0,1104.449951171875,1104.9000244140625,1822310,47.62088788908012
2024-06-06 06:45:00+00:00,1104.699951171875,1107.949951171875,1096.9000244140625,1100.949951171875,1676115,46.146402626999034
2024-06-06 07:45:00+00:00,1100.800048828125,1111.8499755859375,1100.1500244140625,1104.0,1923877,47.498175328484066
2024-06-06 08:45:00+00:00,1104.0,1111.949951171875,1098.949951171875,1111.949951171875,4917014,50.95387510596089
2024-06-06 09:45:00+00:00,1111.949951171875,1113.550048828125,1107.6500244140625,1110.4000244140625,1976609,50.25931541615944
2024-06-07 03:45:00+00:00,1106.0999755859375,1117.5,1103.9000244140625,1115.3499755859375,0,52.486831123502505
2024-06-07 04:45:00+00:00,1115.3499755859375,1122.199951171875,1110.3499755859375,1121.0999755859375,1683797,55.00741731949574
2024-06-07 05:45:00+00:00,1121.0999755859375,1128.300048828125,1119.199951171875,1126.4000244140625,2724739,57.258217278551726
2024-06-07 06:45:00+00:00,1126.5,1127.199951171875,1121.3499755859375,1123.949951171875,1082350,55.86687421199215
2024-06-07 07:45:00+00:00,1124.0,1126.5,1119.0,1124.449951171875,1534036,56.10130982643891
2024-06-07 08:45:00+00:00,1124.5,1126.199951171875,1119.699951171875,1120.0,5918279,53.3833999288649
2024-06-07 09:45:00+00:00,1119.949951171875,1123.199951171875,1119.1500244140625,1121.699951171875,1765874,54.29435669327097
2024-06-10 03:45:00+00:00,1117.050048828125,1132.0,1117.050048828125,1124.199951171875,0,55.66643246282312
2024-06-10 04:45:00+00:00,1124.0999755859375,1126.4000244140625,1121.0,1123.050048828125,1318700,54.850795621282195
2024-06-10 05:45:00+00:00,1123.050048828125,1127.300048828125,1122.699951171875,1124.3499755859375,860257,55.64205249396052
2024-06-10 06:45:00+00:00,1124.300048828125,1127.800048828125,1122.4000244140625,1126.3499755859375,750349,56.89376133132845
2024-06-10 07:45:00+00:00,1126.300048828125,1131.550048828125,1125.5999755859375,1131.300048828125,1154019,59.90915099526591
2024-06-10 08:45:00+00:00,1131.25,1133.1500244140625,1123.449951171875,1124.050048828125,2943415,53.95591079538958
2024-06-10 09:45:00+00:00,1124.0,1124.949951171875,1118.5,1119.800048828125,954657,50.77090137369045
2024-06-11 03:45:00+00:00,1114.0,1127.25,1111.8499755859375,1126.5999755859375,0,55.3158139431953
2024-06-11 04:45:00+00:00,1126.699951171875,1129.050048828125,1124.699951171875,1126.550048828125,1106680,55.27546335649897
2024-06-11 05:45:00+00:00,1126.550048828125,1126.9000244140625,1122.0,1124.6500244140625,939232,53.670924914528904
2024-06-11 06:45:00+00:00,1124.6500244140625,1125.199951171875,1122.0,1122.6500244140625,1225205,51.96110027580194
2024-06-11 07:45:00+00:00,1122.6500244140625,1126.0,1117.800048828125,1118.300048828125,2120007,48.353009089727315
2024-06-11 08:45:00+00:00,1118.4000244140625,1123.0,1116.5,1119.449951171875,3521867,49.354165021154856
2024-06-11 09:45:00+00:00,1119.4000244140625,1119.5,1113.6500244140625,1116.3499755859375,1284360,46.72459783838553
2024-06-12 03:45:00+00:00,1119.6500244140625,1133.300048828125,1112.449951171875,1131.5,0,58.39206038043454
2024-06-12 04:45:00+00:00,1131.800048828125,1132.4000244140625,1125.5,1126.0,1277429,53.78674886008145
2024-06-12 05:45:00+00:00,1126.0,1127.0,1121.0,1122.8499755859375,1380478,51.291649786046186
2024-06-12 06:45:00+00:00,1122.5,1124.6500244140625,1122.050048828125,1123.800048828125,1820194,52.01466737225423
2024-06-12 07:45:00+00:00,1123.800048828125,1125.0,1121.0,1122.1500244140625,1552743,50.60960263304421
2024-06-12 08:45:00+00:00,1121.949951171875,1123.5,1117.3499755859375,1119.9000244140625,4178251,48.678589076276246
2024-06-12 09:45:00+00:00,1120.050048828125,1121.8499755859375,1116.050048828125,1119.550048828125,2221346,48.36944324227149
2024-06-13 03:45:00+00:00,1117.050048828125,1122.8499755859375,1115.0,1118.4000244140625,0,47.30628417611611
2024-06-13 04:45:00+00:00,1118.5,1118.5,1111.3499755859375,1116.199951171875,1781211,45.25688490061916
2024-06-13 05:45:00+00:00,1116.199951171875,1120.0,1114.25,1115.5999755859375,859881,44.688316319209626
2024-06-13 06:45:00+00:00,1115.449951171875,1116.5,1114.0,1116.0,1239948,45.18280077580782
2024-06-13 07:45:00+00:00,1115.8499755859375,1116.300048828125,1111.0999755859375,1111.75,1319186,40.99003001384735
2024-06-13 08:45:00+00:00,1111.699951171875,1111.8499755859375,1105.050048828125,1106.1500244140625,3446052,36.220609542782256
2024-06-13 09:45:00+00:00,1106.0999755859375,1111.199951171875,1106.0999755859375,1110.300048828125,1295820,41.640016184618744
2024-06-14 03:45:00+00:00,1110.6500244140625,1112.949951171875,1099.5,1111.4000244140625,0,43.021977310163514
2024-06-14 04:45:00+00:00,1111.4000244140625,1112.5,1108.199951171875,1110.4000244140625,1186938,42.04716935393384
2024-06-14 05:45:00+00:00,1110.4000244140625,1110.550048828125,1104.050048828125,1105.0,926694,37.15176513765566
2024-06-14 06:45:00+00:00,1105.0,1106.9000244140625,1103.550048828125,1106.6500244140625,1163396,39.470742299995
2024-06-14 07:45:00+00:00,1106.6500244140625,1109.699951171875,1106.0,1106.050048828125,1062702,38.90856093323039
2024-06-14 08:45:00+00:00,1106.0,1107.699951171875,1105.0,1105.5999755859375,2530599,38.465960300023774
2024-06-14 09:45:00+00:00,1105.699951171875,1106.75,1103.9000244140625,1105.050048828125,1352878,37.89868053347045
2024-06-18 03:45:00+00:00,1110.3499755859375,1110.3499755859375,1101.199951171875,1109.0,0,44.25752918649192
2024-06-18 04:45:00+00:00,1109.0,1111.9000244140625,1105.8499755859375,1111.1500244140625,1684416,47.41387910633634
2024-06-18 05:45:00+00:00,1111.5,1115.5,1110.9000244140625,1114.199951171875,1964876,51.600560951157846
2024-06-18 06:45:00+00:00,1114.050048828125,1115.4000244140625,1113.0,1115.050048828125,1334209,52.73021774218905
2024-06-18 07:45:00+00:00,1115.050048828125,1119.0,1114.300048828125,1117.75,1205966,56.22488074191233
2024-06-18 08:45:00+00:00,1117.800048828125,1121.1500244140625,1117.1500244140625,1120.800048828125,4319677,59.83716277077724
2024-06-18 09:45:00+00:00,1121.1500244140625,1135.0,1120.199951171875,1122.8499755859375,5007947,62.100769323794005
2024-06-19 03:45:00+00:00,1128.699951171875,1149.449951171875,1126.199951171875,1145.199951171875,0,77.19330694487361
2024-06-19 04:45:00+00:00,1145.550048828125,1148.0999755859375,1134.3499755859375,1144.6500244140625,3192158,76.38725090716673
2024-06-19 05:45:00+00:00,1144.6500244140625,1146.0,1140.25,1144.4000244140625,1502986,75.99873234069804
2024-06-19 06:45:00+00:00,1145.5,1147.5,1139.1500244140625,1142.5,1552735,72.96142955907352
2024-06-19 07:45:00+00:00,1142.550048828125,1152.5,1139.449951171875,1151.0999755859375,3950357,77.36992548587162
2024-06-19 08:45:00+00:00,1151.4000244140625,1165.3499755859375,1138.5,1144.0,11745516,67.57429170518401
2024-06-19 09:45:00+00:00,1144.199951171875,1145.4000244140625,1142.050048828125,1144.449951171875,3121191,67.85207525274194
2024-06-20 03:45:00+00:00,1151.699951171875,1151.699951171875,1136.3499755859375,1136.5999755859375,0,58.445048594099156
2024-06-20 04:45:00+00:00,1136.75,1144.8499755859375,1135.5,1142.6500244140625,1407441,62.73334600570904
2024-06-20 05:45:00+00:00,1142.449951171875,1147.949951171875,1142.0,1147.0,1134962,65.49080798669297
2024-06-20 06:45:00+00:00,1146.9000244140625,1150.550048828125,1144.199951171875,1149.5999755859375,1228851,67.05966815153849
2024-06-20 07:45:00+00:00,1149.4000244140625,1154.0,1148.550048828125,1149.8499755859375,1689335,67.21401335043763
2024-06-20 08:45:00+00:00,1149.449951171875,1157.449951171875,1149.300048828125,1156.550048828125,3491354,71.11964995544704
2024-06-20 09:45:00+00:00,1156.199951171875,1160.0,1156.199951171875,1156.800048828125,1817126,71.25723690181562
2024-06-21 03:45:00+00:00,1163.9000244140625,1165.199951171875,1157.0,1158.0,0,71.94802752240454
2024-06-21 04:45:00+00:00,1158.0,1158.9000244140625,1151.3499755859375,1155.300048828125,1904214,67.98861174352535
2024-06-21 05:45:00+00:00,1155.449951171875,1159.800048828125,1152.25,1153.300048828125,1546691,65.12938899688993
2024-06-21 06:45:00+00:00,1153.300048828125,1155.9000244140625,1151.0,1153.199951171875,2075416,64.98209531305076
2024-06-21 07:45:00+00:00,1153.0999755859375,1163.699951171875,1151.6500244140625,1161.199951171875,1893807,70.68776708655484
2024-06-21 08:45:00+00:00,1161.199951171875,1169.199951171875,1150.949951171875,1155.8499755859375,34424173,63.264069842894806
2024-06-21 09:45:00+00:00,1155.800048828125,1164.199951171875,1153.949951171875,1157.4000244140625,24014501,64.42965063468702
2024-06-24 03:45:00+00:00,1155.25,1175.4000244140625,1155.25,1165.0999755859375,0,69.59117778475311
2024-06-24 04:45:00+00:00,1164.800048828125,1168.0,1162.550048828125,1163.5999755859375,1581424,67.53524672609365
2024-06-24 05:45:00+00:00,1163.5999755859375,1169.9000244140625,1163.5,1164.199951171875,1331269,67.94319175279834
2024-06-24 06:45:00+00:00,1164.199951171875,1169.0,1163.800048828125,1167.1500244140625,959422,69.94313261884476
2024-06-24 07:45:00+00:00,1167.25,1169.800048828125,1164.050048828125,1164.8499755859375,813792,66.46170557802624
2024-06-24 08:45:00+00:00,1164.9000244140625,1171.699951171875,1164.0,1171.199951171875,2890723,70.78519927362082
2024-06-24 09:45:00+00:00,1171.1500244140625,1172.4000244140625,1168.3499755859375,1170.0999755859375,1224821,69.12289152947893
2024-06-25 03:45:00+00:00,1172.0,1177.0,1167.75,1176.949951171875,0,73.32413742718524
2024-06-25 04:45:00+00:00,1176.8499755859375,1178.5999755859375,1174.300048828125,1175.5,1541765,71.11830797806232
2024-06-25 05:45:00+00:00,1175.449951171875,1177.5,1172.25,1176.199951171875,1695124,71.56304885765016
2024-06-25 06:45:00+00:00,1176.300048828125,1194.550048828125,1175.0999755859375,1191.199951171875,5533927,79.01919944807035
2024-06-25 07:45:00+00:00,1191.4000244140625,1199.3499755859375,1191.050048828125,1196.0999755859375,3578041,80.79104942126233
2024-06-25 08:45:00+00:00,1196.199951171875,1199.5,1192.3499755859375,1199.300048828125,8254308,81.86800277465588
2024-06-25 09:45:00+00:00,1199.3499755859375,1205.949951171875,1197.050048828125,1204.9000244140625,3177885,83.60072447630456
2024-06-26 03:45:00+00:00,1205.8499755859375,1218.0,1194.0,1196.0,0,71.84918497735818
2024-06-26 04:45:00+00:00,1196.449951171875,1206.449951171875,1196.0,1202.5,2050761,74.65165615821772
2024-06-26 05:45:00+00:00,1202.449951171875,1213.699951171875,1202.050048828125,1209.5999755859375,1717918,77.3089137189487
2024-06-26 06:45:00+00:00,1209.699951171875,1215.0,1208.550048828125,1214.699951171875,2063407,79.01096434005005
2024-06-26 07:45:00+00:00,1214.699951171875,1218.5,1213.6500244140625,1215.449951171875,2019772,79.25737458447406
2024-06-26 08:45:00+00:00,1215.050048828125,1221.8499755859375,1213.550048828125,1215.9000244140625,8082243,79.4135648761901
2024-06-26 09:45:00+00:00,1215.699951171875,1222.699951171875,1211.0,1211.0,5417397,72.97125159766313
2024-06-27 03:45:00+00:00,1212.199951171875,1227.3499755859375,1212.199951171875,1226.5,0,78.82346533443082
2024-06-27 04:45:00+00:00,1226.300048828125,1233.699951171875,1219.5,1225.9000244140625,3259116,78.11839230205732
2024-06-27 05:45:00+00:00,1225.9000244140625,1234.800048828125,1223.449951171875,1234.75,1852169,80.84077785056004
2024-06-27 06:45:00+00:00,1234.9000244140625,1235.0,1226.050048828125,1227.3499755859375,1758555,72.69638048908644
2024-06-27 07:45:00+00:00,1227.5,1228.949951171875,1221.199951171875,1225.300048828125,2310884,70.57523395091522
2024-06-27 08:45:00+00:00,1224.9000244140625,1225.199951171875,1217.3499755859375,1220.300048828125,4817702,65.55117519439224
2024-06-27 09:45:00+00:00,1220.449951171875,1221.949951171875,1215.199951171875,1219.9000244140625,1575392,65.15157245006075
2024-06-28 03:45:00+00:00,1221.9000244140625,1223.4000244140625,1215.699951171875,1216.050048828125,0,61.27970226698332
2024-06-28 04:45:00+00:00,1216.0,1218.8499755859375,1213.0,1213.5,726279,58.78764976257955
2024-06-28 05:45:00+00:00,1213.25,1213.949951171875,1206.0,1206.550048828125,948627,52.51898808194253
2024-06-28 06:45:00+00:00,1206.75,1207.3499755859375,1198.5999755859375,1200.699951171875,1264142,47.88986826672822
2024-06-28 07:45:00+00:00,1200.5999755859375,1207.300048828125,1199.050048828125,1205.5,1192886,51.6551663645218
2024-06-28 08:45:00+00:00,1205.300048828125,1206.6500244140625,1198.050048828125,1199.300048828125,4196503,46.93752742678513
2024-06-28 09:45:00+00:00,1199.0999755859375,1200.050048828125,1196.3499755859375,1197.25,2324525,45.45912513365047
2024-07-01 03:45:00+00:00,1201.1500244140625,1205.8499755859375,1192.1500244140625,1201.0,0,48.645540086710696
2024-07-01 04:45:00+00:00,1200.9000244140625,1203.800048828125,1197.6500244140625,1200.0,636049,47.84284492779178
2024-07-01 05:45:00+00:00,1199.949951171875,1210.0,1199.4000244140625,1209.75,830275,55.545079655112765
2024-07-01 06:45:00+00:00,1209.550048828125,1211.550048828125,1207.199951171875,1210.5,707014,56.08233827896285
2024-07-01 07:45:00+00:00,1210.449951171875,1213.25,1208.9000244140625,1211.1500244140625,1137282,56.572212238509366
2024-07-01 08:45:00+00:00,1210.9000244140625,1215.1500244140625,1207.4000244140625,1212.550048828125,2610321,57.66745440016834
2024-07-01 09:45:00+00:00,1212.6500244140625,1214.949951171875,1206.75,1208.050048828125,824553,53.03739835977018
2024-07-02 03:45:00+00:00,1214.5,1214.5,1193.449951171875,1194.449951171875,0,42.04918174530633
2024-07-02 04:45:00+00:00,1194.0,1196.949951171875,1193.5999755859375,1195.449951171875,973147,42.98454488527956
2024-07-02 05:45:00+00:00,1195.3499755859375,1196.8499755859375,1185.699951171875,1190.0,2213560,39.26489225665545
2024-07-02 06:45:00+00:00,1189.9000244140625,1198.949951171875,1189.5,1196.5999755859375,1495313,45.424106445752784
2024-07-02 07:45:00+00:00,1196.699951171875,1197.0999755859375,1192.1500244140625,1192.5999755859375,1716722,42.604166133218925
2024-07-02 08:45:00+00:00,1192.800048828125,1193.8499755859375,1186.75,1190.1500244140625,3799801,40.92822576287495
2024-07-02 09:45:00+00:00,1190.1500244140625,1192.1500244140625,1188.550048828125,1191.800048828125,971966,42.56687707206877
2024-07-03 03:45:00+00:00,1185.699951171875,1215.699951171875,1180.75,1205.1500244140625,0,53.74647438542091
2024-07-03 04:45:00+00:00,1205.1500244140625,1210.5999755859375,1203.4000244140625,1204.8499755859375,1702906,53.494434960298754
2024-07-03 05:45:00+00:00,1204.800048828125,1206.0,1200.0,1201.5,946570,50.6392132361126
2024-07-03 06:45:00+00:00,1201.5,1207.0,1201.449951171875,1203.1500244140625,814361,51.99822112647719
2024-07-03 07:45:00+00:00,1203.1500244140625,1205.699951171875,1201.199951171875,1201.8499755859375,1273745,50.811213660065256
2024-07-03 08:45:00+00:00,1202.25,1205.300048828125,1200.0,1202.4000244140625,6716773,51.31757833509772
2024-07-03 09:45:00+00:00,1202.4000244140625,1204.949951171875,1198.199951171875,1201.5999755859375,0,50.503218616278794
2024-07-04 03:45:00+00:00,1217.25,1226.75,1214.550048828125,1226.25,5168638,67.57594811040188
2024-07-04 04:45:00+00:00,1226.0,1226.9000244140625,1220.199951171875,1222.0999755859375,1753255,63.59861781119191
2024-07-04 05:45:00+00:00,1222.050048828125,1226.0,1221.8499755859375,1225.800048828125,1089880,65.54571277514316
2024-07-04 06:45:00+00:00,1225.800048828125,1226.0,1223.5,1225.050048828125,1499727,64.789215089966
2024-07-04 07:45:00+00:00,1224.949951171875,1229.0,1223.449951171875,1227.8499755859375,1281129,66.3506025794991
2024-07-04 08:45:00+00:00,1227.8499755859375,1234.300048828125,1227.0,1233.0999755859375,3117225,69.11604847932233
2024-07-04 09:45:00+00:00,1233.050048828125,1234.0,1231.0999755859375,1231.949951171875,1363170,67.80155044605041
2024-07-05 03:45:00+00:00,1233.050048828125,1242.300048828125,1221.0999755859375,1223.3499755859375,0,58.79611868806101
2024-07-05 04:45:00+00:00,1223.300048828125,1233.75,1221.300048828125,1232.550048828125,950058,64.26433332219986
2024-07-05 05:45:00+00:00,1232.5,1234.0,1227.5,1228.9000244140625,654580,60.815960877167115
2024-07-05 06:45:00+00:00,1228.699951171875,1233.550048828125,1225.550048828125,1226.0,706078,58.146295796618986
2024-07-05 07:45:00+00:00,1226.0,1230.300048828125,1226.0,1229.050048828125,625172,60.12868789178809
2024-07-05 08:45:00+00:00,1229.050048828125,1235.800048828125,1227.300048828125,1234.6500244140625,2032901,63.54298124993426
2024-07-05 09:45:00+00:00,1234.5999755859375,1235.5,1231.699951171875,1232.0,1262235,60.8858963338747
2024-07-08 03:45:00+00:00,1226.800048828125,1239.449951171875,1217.0999755859375,1235.4000244140625,0,63.02235241807167
2024-07-08 04:45:00+00:00,1235.5999755859375,1238.8499755859375,1227.6500244140625,1229.5999755859375,731170,57.27509435126506
2024-07-08 05:45:00+00:00,1229.449951171875,1233.0,1226.050048828125,1228.5,585458,56.22783669725053
2024-07-08 06:45:00+00:00,1228.5999755859375,1234.4000244140625,1227.4000244140625,1232.5,458678,59.15274487286282
2024-07-08 07:45:00+00:00,1232.5,1236.199951171875,1230.6500244140625,1233.699951171875,525783,60.01590187201633
2024-07-08 08:45:00+00:00,1233.800048828125,1236.0,1231.0,1233.6500244140625,1586821,59.95912954294032
2024-07-08 09:45:00+00:00,1233.5,1236.949951171875,1232.949951171875,1236.0,1091800,61.79122524319664
2024-07-09 03:45:00+00:00,1231.050048828125,1238.0,1229.300048828125,1234.5,2708068,59.906991624012605
2024-07-09 04:45:00+00:00,1234.5,1241.0,1234.5,1239.550048828125,1404304,63.89837706636099
2024-07-09 05:45:00+00:00,1239.5,1241.5,1237.199951171875,1238.3499755859375,1046199,62.31086989033958
2024-07-09 06:45:00+00:00,1238.300048828125,1240.5,1237.0999755859375,1240.4000244140625,1037879,63.95817403343563
2024-07-09 07:45:00+00:00,1240.4000244140625,1245.3499755859375,1240.050048828125,1245.1500244140625,1064192,67.50241214475551
2024-07-09 08:45:00+00:00,1245.1500244140625,1250.0,1243.25,1248.199951171875,4226501,69.57149198037746
2024-07-09 09:45:00+00:00,1248.199951171875,1250.0999755859375,1245.75,1246.300048828125,1879574,66.72165836047552
2024-07-10 03:45:00+00:00,1247.3499755859375,1250.75,1240.050048828125,1243.75,0,62.99194782340663
2024-07-10 04:45:00+00:00,1243.75,1245.300048828125,1236.4000244140625,1238.1500244140625,1006401,55.63677975121773
2024-07-10 05:45:00+00:00,1238.0,1243.300048828125,1237.75,1241.300048828125,1377368,58.56741685366145
2024-07-10 06:45:00+00:00,1241.800048828125,1242.550048828125,1238.300048828125,1239.949951171875,890635,56.83446420055933
2024-07-10 07:45:00+00:00,1240.0,1244.449951171875,1239.300048828125,1243.8499755859375,1077377,60.47288227603736
2024-07-10 08:45:00+00:00,1243.449951171875,1246.9000244140625,1240.449951171875,1242.5999755859375,5682807,58.76322730017042
2024-07-10 09:45:00+00:00,1242.5999755859375,1245.699951171875,1240.800048828125,1243.199951171875,0,59.357163862803986
2024-07-11 03:45:00+00:00,1246.9000244140625,1257.699951171875,1241.5999755859375,1242.0,2959297,57.57118928623943
2024-07-11 04:45:00+00:00,1242.0,1242.4000244140625,1227.25,1227.449951171875,1393497,41.33173779926719
2024-07-11 05:45:00+00:00,1227.550048828125,1231.0999755859375,1225.0999755859375,1229.300048828125,1088665,43.513588484335
2024-07-11 06:45:00+00:00,1229.25,1232.25,1228.699951171875,1229.0,626514,43.23277569267577
2024-07-11 07:45:00+00:00,1229.0,1237.1500244140625,1226.550048828125,1235.050048828125,1104376,50.210043063945896
2024-07-11 08:45:00+00:00,1235.050048828125,1240.25,1233.550048828125,1239.4000244140625,3201361,54.5367802752723
2024-07-11 09:45:00+00:00,1239.3499755859375,1241.300048828125,1238.300048828125,1238.449951171875,933228,53.44439488560285
2024-07-12 03:45:00+00:00,1237.0999755859375,1241.550048828125,1233.0,1233.6500244140625,0,48.19236885849349
2024-07-12 04:45:00+00:00,1233.550048828125,1252.800048828125,1233.449951171875,1248.5999755859375,1948208,61.035783423491345
2024-07-12 05:45:00+00:00,1248.550048828125,1249.0,1241.75,1243.1500244140625,1045339,55.62234068482223
2024-07-12 06:45:00+00:00,1243.300048828125,1243.300048828125,1238.199951171875,1239.9000244140625,1157696,52.624866417165016
2024-07-12 07:45:00+00:00,1239.9000244140625,1243.3499755859375,1238.0,1238.9000244140625,1331471,51.701632436246676
2024-07-12 08:45:00+00:00,1238.949951171875,1240.199951171875,1230.6500244140625,1231.5999755859375,4008487,45.435158086369725
2024-07-12 09:45:00+00:00,1231.4000244140625,1235.1500244140625,1230.1500244140625,1234.5,1470485,48.125064395506584
2024-07-15 03:45:00+00:00,1234.8499755859375,1237.5999755859375,1227.0,1232.199951171875,1756878,46.18058318702383
2024-07-15 04:45:00+00:00,1232.25,1238.0,1230.0999755859375,1234.9000244140625,1293511,48.79610644037033
2024-07-15 05:45:00+00:00,1234.699951171875,1235.6500244140625,1224.3499755859375,1229.5,1481021,44.17254260566388
2024-07-15 06:45:00+00:00,1229.9000244140625,1231.9000244140625,1224.949951171875,1231.25,1877945,45.959595024826996
2024-07-15 07:45:00+00:00,1233.9000244140625,1238.4000244140625,1231.050048828125,1231.6500244140625,2474528,46.38210052940283
2024-07-15 08:45:00+00:00,1231.6500244140625,1233.699951171875,1229.1500244140625,1230.0999755859375,4318356,44.91667111862136
2024-07-15 09:45:00+00:00,1229.800048828125,1231.050048828125,1228.1500244140625,1229.949951171875,2410195,44.76923786991924
2024-07-16 03:45:00+00:00,1233.1500244140625,1243.050048828125,1232.1500244140625,1236.8499755859375,0,52.49284642320952
2024-07-16 04:45:00+00:00,1236.5,1242.9000244140625,1235.949951171875,1241.5999755859375,860480,56.9554197144748
2024-07-16 05:45:00+00:00,1241.5,1242.449951171875,1237.050048828125,1239.5,768748,54.51724097511824
2024-07-16 06:45:00+00:00,1239.300048828125,1245.0,1239.300048828125,1241.550048828125,876599,56.476055751856535
2024-07-16 07:45:00+00:00,1241.550048828125,1241.699951171875,1237.25,1239.0999755859375,1227215,53.50998863424345
2024-07-16 08:45:00+00:00,1239.449951171875,1243.3499755859375,1237.1500244140625,1240.199951171875,3710482,54.661252299975445
2024-07-16 09:45:00+00:00,1240.050048828125,1240.699951171875,1238.0999755859375,1239.9000244140625,0,54.26664513216471
2024-07-18 03:45:00+00:00,1234.4000244140625,1248.300048828125,1234.4000244140625,1247.3499755859375,2634691,61.66883625177503
2024-07-18 04:45:00+00:00,1247.25,1248.300048828125,1238.75,1239.25,920253,51.84370747470718
2024-07-18 05:45:00+00:00,1239.300048828125,1243.199951171875,1235.550048828125,1242.699951171875,851096,55.12321165564645
2024-07-18 06:45:00+00:00,1243.050048828125,1248.6500244140625,1241.3499755859375,1247.550048828125,1208738,59.31773387720343
2024-07-18 07:45:00+00:00,1247.550048828125,1255.0,1246.0,1253.1500244140625,1425539,63.55354299859449
2024-07-18 08:45:00+00:00,1253.6500244140625,1256.050048828125,1250.6500244140625,1251.050048828125,2403642,60.989081783486476
2024-07-18 09:45:00+00:00,1251.0999755859375,1251.5999755859375,1247.5,1248.699951171875,1554382,58.16067323899309
2024-07-19 03:45:00+00:00,1247.8499755859375,1248.9000244140625,1242.449951171875,1246.199951171875,1781221,55.226560322711194
2024-07-19 04:45:00+00:00,1245.949951171875,1248.9000244140625,1244.449951171875,1247.4000244140625,955128,56.36455245618249
2024-07-19 05:45:00+00:00,1247.4000244140625,1248.8499755859375,1244.6500244140625,1244.8499755859375,572264,53.26643513524791
2024-07-19 06:45:00+00:00,1245.0,1245.550048828125,1240.300048828125,1242.949951171875,760714,51.016361918440786
2024-07-19 07:45:00+00:00,1242.949951171875,1247.449951171875,1242.050048828125,1243.8499755859375,662908,52.0496340959346
2024-07-19 08:45:00+00:00,1243.949951171875,1250.5,1241.949951171875,1249.199951171875,2288763,57.754279017313486
2024-07-19 09:45:00+00:00,1249.3499755859375,1250.0,1246.4000244140625,1249.449951171875,937574,58.0056990853987
2024-07-22 03:45:00+00:00,1238.1500244140625,1240.449951171875,1232.9000244140625,1235.949951171875,0,43.09182316705151
2024-07-22 04:45:00+00:00,1235.5999755859375,1239.1500244140625,1234.6500244140625,1238.9000244140625,988044,46.33869258952583
2024-07-22 05:45:00+00:00,1238.8499755859375,1241.0999755859375,1237.5,1240.550048828125,907512,48.12156106256631
2024-07-22 06:45:00+00:00,1240.449951171875,1243.550048828125,1238.300048828125,1242.4000244140625,767707,50.12245219472751
2024-07-22 07:45:00+00:00,1242.449951171875,1245.199951171875,1241.6500244140625,1242.300048828125,908707,50.01019665898529
2024-07-22 08:45:00+00:00,1242.1500244140625,1243.0,1240.0,1241.1500244140625,2798669,48.66015633080845
2024-07-22 09:45:00+00:00,1241.1500244140625,1243.0,1239.9000244140625,1241.1500244140625,1690940,48.66015633080845
2024-07-23 03:45:00+00:00,1242.449951171875,1246.9000244140625,1238.300048828125,1243.25,0,51.43650898998875
2024-07-23 04:45:00+00:00,1243.199951171875,1248.550048828125,1239.550048828125,1244.8499755859375,1865188,53.499791888646136
2024-07-23 05:45:00+00:00,1244.949951171875,1246.0,1231.0,1237.3499755859375,2557087,44.051699365649824
2024-07-23 06:45:00+00:00,1237.4000244140625,1240.0,1212.6500244140625,1213.949951171875,3854400,27.64672708642945
2024-07-23 07:45:00+00:00,1214.25,1232.199951171875,1213.949951171875,1229.699951171875,2137621,43.02607452531987
2024-07-23 08:45:00+00:00,1229.6500244140625,1237.6500244140625,1225.050048828125,1227.0,5332033,41.40144168870378
2024-07-23 09:45:00+00:00,1226.699951171875,1227.75,1222.3499755859375,1226.75,861853,41.246140207676326
2024-07-24 03:45:00+00:00,1226.0,1233.25,1217.550048828125,1222.8499755859375,0,38.80094023116911
2024-07-24 04:45:00+00:00,1222.8499755859375,1227.199951171875,1208.699951171875,1210.300048828125,2891297,32.18813877982409
2024-07-24 05:45:00+00:00,1210.3499755859375,1213.300048828125,1207.75,1210.0,2633945,32.04751040499103
2024-07-24 06:45:00+00:00,1209.6500244140625,1216.5999755859375,1202.050048828125,1215.5999755859375,2349027,37.5328981536093
2024-07-24 07:45:00+00:00,1215.5999755859375,1224.9000244140625,1210.3499755859375,1211.550048828125,1727287,35.31276317046914
2024-07-24 08:45:00+00:00,1211.550048828125,1224.550048828125,1210.6500244140625,1224.0999755859375,5543504,45.97689544978191
2024-07-24 09:45:00+00:00,1224.050048828125,1228.449951171875,1221.5,1226.5999755859375,1785549,47.82223338547877
2024-07-25 03:45:00+00:00,1205.9000244140625,1217.5,1194.199951171875,1194.5,0,32.480643395246034
2024-07-25 04:45:00+00:00,1194.8499755859375,1198.199951171875,1190.699951171875,1197.4000244140625,1951559,34.52427435280214
2024-07-25 05:45:00+00:00,1197.300048828125,1206.550048828125,1196.0,1204.949951171875,1341188,39.6458879559186
2024-07-25 06:45:00+00:00,1204.9000244140625,1205.25,1199.9000244140625,1199.9000244140625,1115297,37.531201507826204
2024-07-25 07:45:00+00:00,1200.25,1201.050048828125,1197.449951171875,1198.0,1654950,36.737215490910486
2024-07-25 08:45:00+00:00,1198.1500244140625,1200.0,1195.0999755859375,1198.8499755859375,3293043,37.375474258867925
2024-07-25 09:45:00+00:00,1198.9000244140625,1199.0,1196.0999755859375,1196.8499755859375,958311,36.443765962688445
2024-07-26 03:45:00+00:00,1197.3499755859375,1200.25,1186.0,1194.449951171875,3655446,35.30635735564704
2024-07-26 04:45:00+00:00,1194.75,1201.9000244140625,1192.75,1198.4000244140625,1948095,38.697496754056026
2024-07-26 05:45:00+00:00,1198.4000244140625,1201.449951171875,1196.6500244140625,1197.199951171875,1800851,38.04501394712256
2024-07-26 06:45:00+00:00,1196.949951171875,1205.6500244140625,1196.0,1205.6500244140625,2293979,45.06839013809375
2024-07-26 07:45:00+00:00,1205.800048828125,1208.699951171875,1201.0999755859375,1203.9000244140625,3367231,43.95701639259862
2024-07-26 08:45:00+00:00,1203.9000244140625,1208.800048828125,1201.8499755859375,1208.800048828125,4347615,47.83588285120892
2024-07-26 09:45:00+00:00,1208.5999755859375,1218.199951171875,1206.75,1217.0,1896337,53.62088758525272
2024-07-29 03:45:00+00:00,1217.199951171875,1240.1500244140625,1217.199951171875,1228.6500244140625,0,60.34890748988777
2024-07-29 04:45:00+00:00,1228.699951171875,1238.800048828125,1227.300048828125,1236.4000244140625,2466139,64.08174911747835
2024-07-29 05:45:00+00:00,1236.3499755859375,1242.550048828125,1225.25,1227.800048828125,3453049,57.60141017275531
2024-07-29 06:45:00+00:00,1227.5,1228.699951171875,1204.449951171875,1218.75,6027410,51.67878747056963
2024-07-29 07:45:00+00:00,1218.75,1226.3499755859375,1212.449951171875,1213.1500244140625,1779790,48.36494725311693
2024-07-29 08:45:00+00:00,1212.6500244140625,1220.9000244140625,1208.75,1208.800048828125,6597855,45.90263979710044
2024-07-29 09:45:00+00:00,1208.75,1211.949951171875,1206.75,1210.9000244140625,1925698,47.29757573784645
2024-07-30 03:45:00+00:00,1212.949951171875,1217.75,1207.9000244140625,1215.1500244140625,0,50.10185927249715
2024-07-30 04:45:00+00:00,1215.300048828125,1221.949951171875,1214.300048828125,1219.0,3211948,52.56421691863319
2024-07-30 05:45:00+00:00,1219.0,1224.25,1219.0,1220.699951171875,2188573,53.651800864592495
2024-07-30 06:45:00+00:00,1220.699951171875,1230.5,1219.5999755859375,1225.8499755859375,2956817,56.87746068566119
2024-07-30 07:45:00+00:00,1225.550048828125,1226.75,1218.800048828125,1220.1500244140625,1786529,52.52070896698695
2024-07-30 08:45:00+00:00,1220.4000244140625,1223.5999755859375,1206.3499755859375,1209.199951171875,6172203,45.33618273942235
2024-07-30 09:45:00+00:00,1209.199951171875,1210.800048828125,1204.550048828125,1209.449951171875,0,45.51942132654476
2024-07-31 03:45:00+00:00,1218.550048828125,1223.699951171875,1214.75,1221.300048828125,4932023,53.47966584293482
2024-07-31 04:45:00+00:00,1221.0999755859375,1224.0,1219.199951171875,1220.949951171875,1151382,53.23220237864851
2024-07-31 05:45:00+00:00,1220.9000244140625,1222.050048828125,1213.550048828125,1215.75,1958112,49.56376241862525
2024-07-31 06:45:00+00:00,1216.0999755859375,1219.199951171875,1214.550048828125,1216.949951171875,926160,50.41298962327286
2024-07-31 07:45:00+00:00,1216.6500244140625,1218.050048828125,1211.050048828125,1215.0,1691081,48.97002272800486
2024-07-31 08:45:00+00:00,1214.949951171875,1219.0,1212.9000244140625,1213.699951171875,7619938,47.983902001366495
2024-07-31 09:45:00+00:00,1213.449951171875,1218.1500244140625,1212.949951171875,1214.9000244140625,0,49.0047527577514
2024-08-01 03:45:00+00:00,1217.3499755859375,1221.949951171875,1212.5,1213.050048828125,1784556,47.458496783506355
2024-08-01 04:45:00+00:00,1213.050048828125,1216.5,1213.050048828125,1215.0,869708,49.27528872424899
2024-08-01 05:45:00+00:00,1214.949951171875,1216.0999755859375,1213.949951171875,1215.199951171875,684570,49.4682419350365
2024-08-01 06:45:00+00:00,1215.1500244140625,1216.3499755859375,1211.6500244140625,1213.5,989814,47.8033430140678
2024-08-01 07:45:00+00:00,1213.3499755859375,1214.75,1209.6500244140625,1210.199951171875,833282,44.66096721119163
2024-08-01 08:45:00+00:00,1210.1500244140625,1213.75,1208.1500244140625,1210.5,2822656,45.014884069755475
2024-08-01 09:45:00+00:00,1210.550048828125,1211.3499755859375,1207.0,1208.0,738980,42.571874243340474
2024-08-02 03:45:00+00:00,1197.0,1199.75,1190.199951171875,1192.25,0,31.115039142618528
2024-08-02 04:45:00+00:00,1192.25,1200.5999755859375,1192.1500244140625,1196.699951171875,1021571,36.32872443715669
2024-08-02 05:45:00+00:00,1196.699951171875,1198.0,1193.949951171875,1194.0,711933,34.616769678933736
2024-08-02 06:45:00+00:00,1193.800048828125,1197.949951171875,1191.699951171875,1197.199951171875,848472,38.326262434471
2024-08-02 07:45:00+00:00,1197.199951171875,1201.6500244140625,1196.75,1200.4000244140625,747636,41.87760761200615
2024-08-02 08:45:00+00:00,1200.199951171875,1200.9000244140625,1195.0,1195.75,2706979,38.41594939276577
2024-08-02 09:45:00+00:00,1195.699951171875,1198.3499755859375,1195.0,1197.5,1348396,40.41225387026268
2024-08-05 03:45:00+00:00,1185.5,1188.6500244140625,1175.0999755859375,1175.699951171875,0,28.164338308412354
2024-08-05 04:45:00+00:00,1175.550048828125,1177.75,1167.449951171875,1171.949951171875,2026795,26.667124629005656
2024-08-05 05:45:00+00:00,1171.8499755859375,1172.949951171875,1168.199951171875,1171.75,1617297,26.585969847780547
2024-08-05 06:45:00+00:00,1171.449951171875,1172.5999755859375,1168.449951171875,1172.199951171875,1194857,27.123436991064622
2024-08-05 07:45:00+00:00,1172.300048828125,1176.800048828125,1170.25,1171.75,2113610,26.91126325579718
2024-08-05 08:45:00+00:00,1172.199951171875,1178.0,1169.050048828125,1171.449951171875,3310381,26.760928529831745
2024-08-05 09:45:00+00:00,1171.449951171875,1175.25,1170.3499755859375,1172.0,1469178,27.55983993123111
2024-08-06 03:45:00+00:00,1175.550048828125,1187.449951171875,1171.5999755859375,1173.800048828125,1987169,30.241600630604026
2024-08-06 04:45:00+00:00,1174.0,1174.5999755859375,1164.300048828125,1170.1500244140625,1773561,27.979669548326314
2024-08-06 05:45:00+00:00,1170.6500244140625,1173.6500244140625,1168.699951171875,1169.550048828125,767176,27.61405183929911
2024-08-06 06:45:00+00:00,1169.550048828125,1172.4000244140625,1167.6500244140625,1169.25,1024480,27.421071924777166
2024-08-06 07:45:00+00:00,1169.25,1171.0,1161.5999755859375,1165.050048828125,1767534,24.80767689636997
2024-08-06 08:45:00+00:00,1165.0,1169.9000244140625,1163.0999755859375,1165.449951171875,4854266,25.53539787931777
2024-08-06 09:45:00+00:00,1165.199951171875,1168.949951171875,1164.550048828125,1166.8499755859375,1401310,28.15685683497138
2024-08-07 03:45:00+00:00,1177.699951171875,1179.800048828125,1164.699951171875,1166.050048828125,0,27.55986340947186
2024-08-07 04:45:00+00:00,1165.8499755859375,1173.800048828125,1161.5999755859375,1164.1500244140625,1965882,26.142051307959974
2024-08-07 05:45:00+00:00,1164.1500244140625,1169.4000244140625,1162.25,1168.3499755859375,1549227,34.20021087849656
2024-08-07 06:45:00+00:00,1168.25,1173.199951171875,1165.199951171875,1166.9000244140625,1262059,32.867018712438465
2024-08-07 07:45:00+00:00,1166.9000244140625,1171.3499755859375,1164.550048828125,1170.199951171875,2268632,38.72173723765618
2024-08-07 08:45:00+00:00,1170.199951171875,1176.699951171875,1168.699951171875,1172.300048828125,5059336,42.177822152914075
2024-08-07 09:45:00+00:00,1172.300048828125,1175.0,1171.5999755859375,1172.449951171875,1590140,42.427423681311495
2024-08-08 03:45:00+00:00,1166.199951171875,1174.4000244140625,1161.75,1164.449951171875,0,33.99372937758943
2024-08-08 04:45:00+00:00,1164.5,1168.699951171875,1159.0,1164.699951171875,1267959,34.43235649192367
2024-08-08 05:45:00+00:00,1164.699951171875,1172.25,1164.050048828125,1172.0,1663024,45.7656288900708
2024-08-08 06:45:00+00:00,1172.25,1173.300048828125,1162.0999755859375,1165.0,1189732,38.83400632025999
2024-08-08 07:45:00+00:00,1164.800048828125,1168.0,1161.699951171875,1167.0,1244981,41.55758703469696
2024-08-08 08:45:00+00:00,1166.800048828125,1168.800048828125,1163.199951171875,1165.0,2679382,39.65596826035211
2024-08-08 09:45:00+00:00,1165.050048828125,1165.6500244140625,1163.050048828125,1164.5999755859375,0,39.268921627179566
2024-08-09 03:45:00+00:00,1176.3499755859375,1180.949951171875,1173.699951171875,1176.9000244140625,1462738,54.10257374192681
2024-08-09 04:45:00+00:00,1176.9000244140625,1177.449951171875,1169.0,1169.949951171875,1559779,47.1018591086572
2024-08-09 05:45:00+00:00,1169.550048828125,1176.8499755859375,1169.300048828125,1174.9000244140625,764121,51.87797914600692
2024-08-09 06:45:00+00:00,1175.0,1178.550048828125,1173.949951171875,1175.0,1146862,51.97229694505801
2024-08-09 07:45:00+00:00,1175.0,1176.0,1171.050048828125,1172.199951171875,1263853,49.071385629298454
2024-08-09 08:45:00+00:00,1172.25,1175.0,1170.75,1170.75,1487014,47.59005764362602
2024-08-09 09:45:00+00:00,1170.8499755859375,1173.5,1170.199951171875,1171.0,999637,47.88219048003187
2024-08-12 03:45:00+00:00,1169.9000244140625,1169.9000244140625,1156.1500244140625,1159.25,0,37.345816188011895
2024-08-12 04:45:00+00:00,1159.0,1170.0,1158.699951171875,1169.3499755859375,1767296,47.94853569390475
2024-08-12 05:45:00+00:00,1169.3499755859375,1172.699951171875,1168.449951171875,1170.75,983410,49.23105900731285
2024-08-12 06:45:00+00:00,1170.75,1175.449951171875,1169.4000244140625,1172.300048828125,875142,50.67999720838322
2024-08-12 07:45:00+00:00,1172.300048828125,1174.9000244140625,1170.5,1173.9000244140625,688204,52.19657073612716
2024-08-12 08:45:00+00:00,1173.8499755859375,1178.1500244140625,1170.5,1173.449951171875,3941301,51.71483370423238
2024-08-12 09:45:00+00:00,1173.8499755859375,1174.5,1170.449951171875,1172.5999755859375,1322027,50.76200513381367
2024-08-13 03:45:00+00:00,1182.199951171875,1188.949951171875,1175.8499755859375,1177.300048828125,2741386,55.63022033387817
2024-08-13 04:45:00+00:00,1177.300048828125,1177.949951171875,1173.25,1176.5999755859375,1671326,54.76171992872295
2024-08-13 05:45:00+00:00,1176.550048828125,1176.699951171875,1171.449951171875,1172.5,1551989,49.85295097069907
2024-08-13 06:45:00+00:00,1172.449951171875,1174.050048828125,1164.0,1166.0999755859375,1793468,43.32444816765027
2024-08-13 07:45:00+00:00,1165.75,1169.6500244140625,1165.25,1166.699951171875,1202097,44.063969991580755
2024-08-13 08:45:00+00:00,1166.3499755859375,1169.699951171875,1163.699951171875,1167.25,2533844,44.77541291427349
2024-08-13 09:45:00+00:00,1167.550048828125,1170.800048828125,1166.5999755859375,1168.3499755859375,0,46.24776420933662
2024-08-14 03:45:00+00:00,1164.3499755859375,1164.3499755859375,1153.1500244140625,1156.8499755859375,3364314,35.570340717803376
2024-08-14 04:45:00+00:00,1156.9000244140625,1160.8499755859375,1156.4000244140625,1157.050048828125,1286611,35.84784063529325
2024-08-14 05:45:00+00:00,1157.0,1160.4000244140625,1155.3499755859375,1158.1500244140625,954017,37.44309878045765
2024-08-14 06:45:00+00:00,1158.0999755859375,1159.0,1155.550048828125,1158.5999755859375,1125536,38.12094378090217
2024-08-14 07:45:00+00:00,1158.550048828125,1163.0,1158.0,1161.4000244140625,770110,42.31021961145552
2024-08-14 08:45:00+00:00,1161.8499755859375,1163.3499755859375,1158.5999755859375,1161.0999755859375,4472798,41.9822212294902
2024-08-14 09:45:00+00:00,1161.050048828125,1163.6500244140625,1160.1500244140625,1161.199951171875,1456939,42.14316264560644
2024-08-16 03:45:00+00:00,1170.949951171875,1180.25,1167.0,1169.9000244140625,2828513,54.08071898214708
2024-08-16 04:45:00+00:00,1169.9000244140625,1173.199951171875,1165.699951171875,1172.0999755859375,788343,56.52352981556477
2024-08-16 05:45:00+00:00,1172.0999755859375,1186.4000244140625,1171.800048828125,1185.050048828125,1845904,67.48789917478247
2024-08-16 06:45:00+00:00,1184.949951171875,1186.0999755859375,1182.0,1185.300048828125,817312,67.65747182702748
2024-08-16 07:45:00+00:00,1185.300048828125,1193.0,1183.5,1191.9000244140625,1147092,71.83406317444357
2024-08-16 08:45:00+00:00,1191.75,1193.0,1185.75,1187.300048828125,2955575,65.48662460616498
2024-08-16 09:45:00+00:00,1187.5999755859375,1189.5,1187.0,1189.0,577273,66.65911893370252
2024-08-19 03:45:00+00:00,1188.9000244140625,1195.550048828125,1179.449951171875,1180.5,0,56.350745501132316
2024-08-19 04:45:00+00:00,1180.300048828125,1182.699951171875,1178.25,1179.550048828125,785259,55.32109838206338
2024-08-19 05:45:00+00:00,1179.949951171875,1183.6500244140625,1178.8499755859375,1180.25,423716,55.95964223226623
2024-08-19 06:45:00+00:00,1180.25,1180.949951171875,1176.800048828125,1178.5999755859375,396031,54.00038088683469
2024-08-19 07:45:00+00:00,1178.6500244140625,1180.8499755859375,1174.699951171875,1175.5999755859375,663281,50.5359384934438
2024-08-19 08:45:00+00:00,1175.699951171875,1177.949951171875,1173.4000244140625,1175.1500244140625,1597945,50.017629856987114
2024-08-19 09:45:00+00:00,1175.0999755859375,1178.199951171875,1175.0999755859375,1175.9000244140625,0,50.92120149785162
2024-08-20 03:45:00+00:00,1174.75,1184.300048828125,1170.0,1183.75,1401889,59.22904577664574
2024-08-20 04:45:00+00:00,1183.4000244140625,1184.9000244140625,1178.0999755859375,1183.75,1120778,59.22904577664574
2024-08-20 05:45:00+00:00,1183.800048828125,1188.0999755859375,1182.5,1187.0999755859375,889207,62.380762101753845
2024-08-20 06:45:00+00:00,1187.1500244140625,1189.800048828125,1186.0,1188.050048828125,618082,63.24846657781324
2024-08-20 07:45:00+00:00,1188.050048828125,1188.9000244140625,1185.050048828125,1186.1500244140625,641282,60.25521471902931
2024-08-20 08:45:00+00:00,1185.800048828125,1187.25,1178.0999755859375,1178.4000244140625,3660975,49.8849467735846
2024-08-20 09:45:00+00:00,1178.199951171875,1178.949951171875,1176.0,1177.199951171875,2092936,48.49317914946083
2024-08-21 03:45:00+00:00,1174.550048828125,1177.9000244140625,1168.449951171875,1169.550048828125,0,40.6983463824453
2024-08-21 04:45:00+00:00,1169.25,1173.0,1165.0999755859375,1167.25,1275491,38.684929071388375
2024-08-21 05:45:00+00:00,1166.9000244140625,1174.949951171875,1166.6500244140625,1172.25,1472002,45.04920034825827
2024-08-21 06:45:00+00:00,1172.800048828125,1174.199951171875,1169.699951171875,1170.6500244140625,781588,43.493472707226694
2024-08-21 07:45:00+00:00,1170.699951171875,1170.9000244140625,1166.0,1169.199951171875,1780679,42.075281532441714
2024-08-21 08:45:00+00:00,1169.199951171875,1177.0,1166.199951171875,1174.0,7814308,48.10723403697884
2024-08-21 09:45:00+00:00,1174.050048828125,1176.0999755859375,1173.5,1175.0,1670712,49.29193848289463
2024-08-22 03:45:00+00:00,1180.5999755859375,1182.449951171875,1177.0999755859375,1181.699951171875,0,56.463490124865665
2024-08-22 04:45:00+00:00,1181.699951171875,1184.300048828125,1180.3499755859375,1183.3499755859375,878806,58.037477080785806
2024-08-22 05:45:00+00:00,1183.3499755859375,1187.199951171875,1182.0,1185.8499755859375,581682,60.374975794904685
2024-08-22 06:45:00+00:00,1185.8499755859375,1192.4000244140625,1185.75,1190.4000244140625,1535477,64.27544901165757
2024-08-22 07:45:00+00:00,1190.4000244140625,1192.5999755859375,1188.050048828125,1189.949951171875,1196433,63.60846641124207
2024-08-22 08:45:00+00:00,1189.8499755859375,1192.0,1187.25,1191.4000244140625,2069833,64.87320098055037
2024-08-22 09:45:00+00:00,1191.4000244140625,1192.0,1190.199951171875,1191.0999755859375,0,64.3746602323662
2024-08-23 03:45:00+00:00,1195.300048828125,1199.949951171875,1188.6500244140625,1195.800048828125,1735463,68.463050872359
2024-08-23 04:45:00+00:00,1195.949951171875,1200.25,1195.050048828125,1198.5999755859375,746145,70.62570723836318
2024-08-23 05:45:00+00:00,1198.5999755859375,1200.0,1196.6500244140625,1199.0,598361,70.93239860212708
2024-08-23 06:45:00+00:00,1199.0,1203.550048828125,1197.8499755859375,1203.0,887503,73.87023622459557
2024-08-23 07:45:00+00:00,1203.0,1203.5,1201.050048828125,1203.0,775796,73.87023622459557
2024-08-23 08:45:00+00:00,1203.0,1205.0,1201.449951171875,1203.550048828125,1881737,74.2847321479745
2024-08-23 09:45:00+00:00,1203.5999755859375,1204.5,1202.5,1204.5,890988,75.02167335793158
2024-08-26 03:45:00+00:00,1206.550048828125,1211.9000244140625,1201.0999755859375,1211.5999755859375,0,79.70339375516298
2024-08-26 04:45:00+00:00,1211.5999755859375,1212.699951171875,1207.5,1211.0,775444,78.36669037924115
2024-08-26 05:45:00+00:00,1211.300048828125,1212.5,1209.050048828125,1209.5,512327,74.98096581089818
2024-08-26 06:45:00+00:00,1209.0999755859375,1213.0,1207.550048828125,1208.550048828125,1013307,72.8348456685249
2024-08-26 07:45:00+00:00,1208.550048828125,1212.949951171875,1207.300048828125,1209.800048828125,2187495,73.89371293587544
2024-08-26 08:45:00+00:00,1210.0,1213.75,1209.300048828125,1213.4000244140625,3083679,76.70939921061775
2024-08-26 09:45:00+00:00,1213.5,1214.9000244140625,1213.0,1214.0,1321379,77.15169404447565
2024-08-27 03:45:00+00:00,1211.050048828125,1220.949951171875,1209.050048828125,1216.699951171875,0,79.07725329887323
2024-08-27 04:45:00+00:00,1217.1500244140625,1222.8499755859375,1211.1500244140625,1220.3499755859375,1861723,81.36382209312322
2024-08-27 05:45:00+00:00,1220.3499755859375,1228.1500244140625,1220.1500244140625,1226.699951171875,3062241,84.53109881926368
2024-08-27 06:45:00+00:00,1226.699951171875,1231.75,1225.5,1229.3499755859375,1216626,85.6288013306248
2024-08-27 07:45:00+00:00,1229.300048828125,1232.449951171875,1226.6500244140625,1227.300048828125,1142942,80.84938289115829
2024-08-27 08:45:00+00:00,1227.199951171875,1228.800048828125,1222.449951171875,1226.6500244140625,4103187,79.33718719840024
2024-08-27 09:45:00+00:00,1226.800048828125,1227.4000244140625,1220.4000244140625,1221.0,1380284,67.51641146410326
2024-08-28 03:45:00+00:00,1221.949951171875,1224.949951171875,1217.300048828125,1218.699951171875,0,63.37669871628942
2024-08-28 04:45:00+00:00,1218.6500244140625,1223.0999755859375,1217.800048828125,1222.75,886179,67.1913677807587
2024-08-28 05:45:00+00:00,1222.5999755859375,1225.699951171875,1220.800048828125,1223.9000244140625,1316915,68.20411662756473
2024-08-28 06:45:00+00:00,1223.5999755859375,1226.0,1222.0,1225.8499755859375,949263,69.90068587748092
2024-08-28 07:45:00+00:00,1225.449951171875,1226.0999755859375,1222.800048828125,1224.4000244140625,822437,67.03634091044418
2024-08-28 08:45:00+00:00,1224.3499755859375,1225.3499755859375,1221.1500244140625,1223.5,5333521,65.24901624637573
2024-08-28 09:45:00+00:00,1223.5,1226.1500244140625,1220.5,1223.8499755859375,0,65.6327290901703
2024-08-29 03:45:00+00:00,1219.199951171875,1231.449951171875,1219.199951171875,1230.4000244140625,1440640,71.8888992935016
2024-08-29 04:45:00+00:00,1230.550048828125,1232.5,1229.1500244140625,1230.9000244140625,661216,72.30337634435955
2024-08-29 05:45:00+00:00,1230.949951171875,1231.4000244140625,1228.3499755859375,1230.25,813257,70.8410246920629
2024-08-29 06:45:00+00:00,1230.199951171875,1235.0,1228.050048828125,1228.8499755859375,1213207,67.6666475259976
2024-08-29 07:45:00+00:00,1228.75,1230.0,1218.9000244140625,1222.5999755859375,1486409,55.673088010789435
2024-08-29 08:45:00+00:00,1222.5999755859375,1230.0,1220.300048828125,1220.5,3528221,52.31771277292854
2024-08-29 09:45:00+00:00,1221.050048828125,1222.75,1219.800048828125,1221.0999755859375,1662962,53.18582755436098
2024-08-30 03:45:00+00:00,1228.4000244140625,1228.4000244140625,1218.949951171875,1220.6500244140625,1546975,52.41511382259663
2024-08-30 04:45:00+00:00,1220.6500244140625,1225.300048828125,1220.050048828125,1224.0999755859375,618060,57.50038812735034
2024-08-30 05:45:00+00:00,1224.5,1230.0,1224.0,1229.75,1001024,64.24039215709576
2024-08-30 06:45:00+00:00,1229.699951171875,1230.800048828125,1226.25,1227.0,1099581,59.31011838296417
2024-08-30 07:45:00+00:00,1227.0,1227.800048828125,1225.0,1225.300048828125,788301,56.42715299769506
2024-08-30 08:45:00+00:00,1225.300048828125,1233.3499755859375,1224.300048828125,1230.0,8988144,61.936065745219345
2024-08-30 09:45:00+00:00,1230.0999755859375,1235.4000244140625,1226.050048828125,1233.4000244140625,7165651,65.34907998030349
2024-09-02 03:45:00+00:00,1237.0,1237.0,1222.5,1225.0,0,52.76190922896391
2024-09-02 04:45:00+00:00,1224.6500244140625,1227.0,1224.5999755859375,1226.5,800069,54.44916297811776
2024-09-02 05:45:00+00:00,1227.0,1230.949951171875,1224.5999755859375,1229.3499755859375,1049775,57.551473386854866
2024-09-02 06:45:00+00:00,1229.6500244140625,1233.949951171875,1228.199951171875,1228.300048828125,1650001,56.03732366475442
2024-09-02 07:45:00+00:00,1228.3499755859375,1234.050048828125,1227.75,1232.4000244140625,2252653,60.41687301222741
2024-09-02 08:45:00+00:00,1232.300048828125,1233.0,1228.199951171875,1230.3499755859375,4022040,57.34093426043781
2024-09-02 09:45:00+00:00,1230.4000244140625,1231.0,1228.0,1230.0,1264825,56.80919794125059
2024-09-03 03:45:00+00:00,1223.5,1227.6500244140625,1221.3499755859375,1227.300048828125,0,52.74551390832892
2024-09-03 04:45:00+00:00,1227.300048828125,1228.550048828125,1223.0999755859375,1223.0999755859375,887989,47.10111034882409
2024-09-03 05:45:00+00:00,1223.3499755859375,1228.550048828125,1222.0999755859375,1225.800048828125,873485,50.749854496495125
2024-09-03 06:45:00+00:00,1226.25,1226.550048828125,1220.75,1223.449951171875,1959254,47.66795532195684
2024-09-03 07:45:00+00:00,1223.5,1230.0,1223.25,1229.75,2571211,55.47413708502994
2024-09-03 08:45:00+00:00,1229.3499755859375,1250.8499755859375,1228.4000244140625,1250.050048828125,8675130,70.6606783541711
2024-09-03 09:45:00+00:00,1249.9000244140625,1250.449951171875,1245.3499755859375,1246.5999755859375,2644123,66.50882756250357
2024-09-04 03:45:00+00:00,1239.75,1241.800048828125,1234.75,1239.75,2728800,59.08562728687749
2024-09-04 04:45:00+00:00,1239.699951171875,1241.6500244140625,1238.6500244140625,1239.949951171875,1069254,59.22867677430283
2024-09-04 05:45:00+00:00,1240.0,1241.9000244140625,1238.0,1241.300048828125,1305231,60.239529387073986
2024-09-04 06:45:00+00:00,1241.3499755859375,1242.6500244140625,1237.0999755859375,1237.6500244140625,884679,56.18388326122556
2024-09-04 07:45:00+00:00,1237.5999755859375,1239.75,1235.0999755859375,1235.3499755859375,1456195,53.72909531941086
2024-09-04 08:45:00+00:00,1235.699951171875,1240.949951171875,1232.800048828125,1234.050048828125,4339429,52.33728538437951
2024-09-04 09:45:00+00:00,1234.050048828125,1237.550048828125,1233.0,1235.300048828125,1720764,53.58245463621565
2024-09-05 03:45:00+00:00,1241.1500244140625,1243.5,1234.300048828125,1236.050048828125,0,54.35299926040862
2024-09-05 04:45:00+00:00,1236.0,1238.6500244140625,1233.4000244140625,1237.5,793994,55.87792382947405
2024-09-05 05:45:00+00:00,1237.5,1237.5,1234.0,1234.0,896138,51.41305338242898
2024-09-05 06:45:00+00:00,1234.050048828125,1236.5999755859375,1232.949951171875,1233.5999755859375,856744,50.91233361008757
2024-09-05 07:45:00+00:00,1233.550048828125,1234.949951171875,1233.0,1234.3499755859375,925462,51.85899773830782
2024-09-05 08:45:00+00:00,1234.449951171875,1237.4000244140625,1231.300048828125,1235.6500244140625,2831863,53.5318664087804
2024-09-05 09:45:00+00:00,1235.3499755859375,1237.0,1234.300048828125,1235.3499755859375,1042655,53.073470051498674
2024-09-06 03:45:00+00:00,1228.3499755859375,1233.75,1224.25,1227.4000244140625,2608407,42.652069467761336
2024-09-06 04:45:00+00:00,1227.25,1228.550048828125,1221.0,1221.699951171875,870019,37.03666393763435
2024-09-06 05:45:00+00:00,1221.5999755859375,1222.449951171875,1217.1500244140625,1217.75,741818,33.72331447231923
2024-09-06 06:45:00+00:00,1217.699951171875,1221.0,1217.0999755859375,1217.5,997941,33.51892504321809
2024-09-06 07:45:00+00:00,1217.4000244140625,1218.199951171875,1214.0999755859375,1214.9000244140625,744109,31.388286721813586
2024-09-06 08:45:00+00:00,1214.8499755859375,1215.0,1205.25,1209.1500244140625,3334386,27.261164642024653
2024-09-06 09:45:00+00:00,1208.949951171875,1211.550048828125,1208.949951171875,1209.449951171875,872728,27.79447764190317
2024-09-09 03:45:00+00:00,1202.449951171875,1219.800048828125,1200.949951171875,1215.5999755859375,0,37.855953033688294
2024-09-09 04:45:00+00:00,1215.199951171875,1222.0,1213.050048828125,1217.8499755859375,1498139,41.090171660867625
2024-09-09 05:45:00+00:00,1217.9000244140625,1224.0,1217.75,1219.4000244140625,1149677,43.280211373197204
2024-09-09 06:45:00+00:00,1219.0999755859375,1224.8499755859375,1216.949951171875,1224.25,1314274,49.59445590163223
2024-09-09 07:45:00+00:00,1224.300048828125,1232.300048828125,1223.050048828125,1232.0,1931389,57.698305790243225
2024-09-09 08:45:00+00:00,1232.300048828125,1238.050048828125,1229.5999755859375,1235.0,4045987,60.35536791133215
2024-09-09 09:45:00+00:00,1235.25,1236.949951171875,1231.300048828125,1236.949951171875,1715118,62.02502987126506
2024-09-10 03:45:00+00:00,1233.0999755859375,1241.25,1227.0,1230.75,0,54.20776419470888
2024-09-10 04:45:00+00:00,1230.699951171875,1235.6500244140625,1228.6500244140625,1231.25,1090228,54.70357753883336
2024-09-10 05:45:00+00:00,1231.300048828125,1235.0,1230.75,1232.4000244140625,1207033,55.88666803023707
2024-09-10 06:45:00+00:00,1232.4000244140625,1236.3499755859375,1230.0,1235.199951171875,1181047,58.71402656418064
2024-09-10 07:45:00+00:00,1235.3499755859375,1241.0,1234.75,1239.8499755859375,2041142,62.959982220133114
2024-09-10 08:45:00+00:00,1239.75,1240.800048828125,1235.0999755859375,1236.75,4485585,58.630980055712925
2024-09-10 09:45:00+00:00,1236.8499755859375,1238.6500244140625,1235.949951171875,1237.300048828125,0,59.1674645906176
2024-09-11 03:45:00+00:00,1230.5,1235.5,1229.4000244140625,1234.0,1682516,54.59317036233974
2024-09-11 04:45:00+00:00,1234.050048828125,1239.300048828125,1232.5999755859375,1235.5,891495,56.248886286513134
2024-09-11 05:45:00+00:00,1235.75,1235.800048828125,1227.0999755859375,1231.3499755859375,1201350,50.736619265414916
2024-09-11 06:45:00+00:00,1231.449951171875,1232.5999755859375,1229.5,1231.8499755859375,677376,51.35514428947706
2024-09-11 07:45:00+00:00,1231.8499755859375,1234.5,1230.6500244140625,1233.449951171875,1043147,53.37259237413905
2024-09-11 08:45:00+00:00,1233.4000244140625,1239.0,1233.4000244140625,1235.1500244140625,5207333,55.48515351866168
2024-09-11 09:45:00+00:00,1235.699951171875,1237.449951171875,1234.0999755859375,1234.949951171875,1284422,55.168368801286604
2024-09-12 03:45:00+00:00,1237.1500244140625,1239.300048828125,1230.0,1232.0,1183827,50.58272659056481
2024-09-12 04:45:00+00:00,1231.550048828125,1232.6500244140625,1227.699951171875,1231.3499755859375,801394,49.6042986167489
2024-09-12 05:45:00+00:00,1231.1500244140625,1233.0999755859375,1226.699951171875,1231.949951171875,965365,50.554985983979236
2024-09-12 06:45:00+00:00,1231.949951171875,1232.949951171875,1228.699951171875,1231.800048828125,1320196,50.29967532946887
2024-09-12 07:45:00+00:00,1231.550048828125,1244.050048828125,1231.0,1243.800048828125,2346447,65.37465076963916
2024-09-12 08:45:00+00:00,1243.6500244140625,1256.8499755859375,1242.699951171875,1254.5999755859375,6551099,73.24125604460845
2024-09-12 09:45:00+00:00,1254.5999755859375,1255.0,1244.9000244140625,1246.0,2206541,61.29850979645092
2024-09-13 03:45:00+00:00,1248.4000244140625,1249.5,1242.050048828125,1242.3499755859375,1486229,57.04680610618601
2024-09-13 04:45:00+00:00,1242.9000244140625,1249.9000244140625,1242.199951171875,1248.9000244140625,575562,62.12386478833295
2024-09-13 05:45:00+00:00,1248.800048828125,1249.0,1244.3499755859375,1248.1500244140625,575481,61.231397510787126
2024-09-13 06:45:00+00:00,1247.949951171875,1249.050048828125,1245.75,1248.6500244140625,779618,61.62717494960693
2024-09-13 07:45:00+00:00,1248.6500244140625,1252.75,1247.0,1251.75,1116129,64.07584569871142
2024-09-13 08:45:00+00:00,1251.6500244140625,1255.9000244140625,1248.699951171875,1251.449951171875,3898128,63.65245615239497
2024-09-13 09:45:00+00:00,1251.449951171875,1252.0,1247.8499755859375,1248.25,1446129,59.162631629871946
2024-09-16 03:45:00+00:00,1251.0,1259.699951171875,1246.3499755859375,1256.0,0,65.50823168000005
2024-09-16 04:45:00+00:00,1255.949951171875,1257.75,1253.5999755859375,1255.75,1691160,65.15651272832561
2024-09-16 05:45:00+00:00,1255.75,1257.949951171875,1254.0999755859375,1254.550048828125,655848,63.39706134885414
2024-09-16 06:45:00+00:00,1255.0,1257.6500244140625,1252.949951171875,1256.5999755859375,867760,65.12942096231916
2024-09-16 07:45:00+00:00,1256.9000244140625,1259.3499755859375,1256.449951171875,1257.8499755859375,854529,66.18052407439504
2024-09-16 08:45:00+00:00,1257.800048828125,1262.699951171875,1256.300048828125,1262.300048828125,2283498,69.68400544549118
2024-09-16 09:45:00+00:00,1262.3499755859375,1265.4000244140625,1262.300048828125,1263.8499755859375,905956,70.81791385131537
2024-09-17 03:45:00+00:00,1261.0,1269.75,1261.0,1266.300048828125,0,72.56480854023903
2024-09-17 04:45:00+00:00,1266.449951171875,1271.050048828125,1265.550048828125,1267.050048828125,920400,73.09573983246372
2024-09-17 05:45:00+00:00,1267.699951171875,1269.300048828125,1266.5,1267.949951171875,393534,73.7521021761203
2024-09-17 06:45:00+00:00,1267.5,1268.550048828125,1264.1500244140625,1266.0999755859375,537024,69.97283685709482
2024-09-17 07:45:00+00:00,1265.9000244140625,1268.25,1264.5999755859375,1267.199951171875,914376,70.92679138868301
2024-09-17 08:45:00+00:00,1267.199951171875,1272.0,1264.050048828125,1266.949951171875,4503423,70.37952178246645
2024-09-17 09:45:00+00:00,1266.949951171875,1268.9000244140625,1264.0,1268.0999755859375,1956690,71.47006657648325
2024-09-18 03:45:00+00:00,1262.5999755859375,1274.0,1262.5999755859375,1270.9000244140625,0,73.98179142400411
2024-09-18 04:45:00+00:00,1270.8499755859375,1280.0,1270.3499755859375,1278.5,1150545,79.3068967696451
2024-09-18 05:45:00+00:00,1278.5,1285.4000244140625,1277.75,1284.8499755859375,1300242,82.52507864458572
2024-09-18 06:45:00+00:00,1284.800048828125,1295.3499755859375,1284.25,1291.1500244140625,1763800,85.01506204860155
2024-09-18 07:45:00+00:00,1291.1500244140625,1294.75,1288.8499755859375,1292.949951171875,1652276,85.64441978341446
2024-09-18 08:45:00+00:00,1292.949951171875,1294.0,1285.4000244140625,1289.4000244140625,4427305,78.63017214784648
2024-09-18 09:45:00+00:00,1289.3499755859375,1289.3499755859375,1285.199951171875,1288.3499755859375,1097864,76.63095016446717
2024-09-19 03:45:00+00:00,1288.3499755859375,1300.0,1285.449951171875,1296.1500244140625,0,80.5807626039147
2024-09-19 04:45:00+00:00,1296.6500244140625,1299.9000244140625,1293.3499755859375,1299.4000244140625,1228354,81.94972044585506
2024-09-19 05:45:00+00:00,1299.3499755859375,1299.4000244140625,1293.8499755859375,1295.4000244140625,1005102,74.94690147987114
2024-09-19 06:45:00+00:00,1295.75,1297.699951171875,1292.0,1294.1500244140625,1891473,72.85182180054392
2024-09-19 07:45:00+00:00,1294.25,1295.050048828125,1290.0999755859375,1291.3499755859375,1477958,68.24940440142862
2024-09-19 08:45:00+00:00,1291.3499755859375,1293.800048828125,1289.5999755859375,1292.5999755859375,3848551,69.18531091112224
2024-09-19 09:45:00+00:00,1292.550048828125,1294.5999755859375,1290.5,1293.6500244140625,1626789,69.98568530907909
2024-09-20 03:45:00+00:00,1295.6500244140625,1309.6500244140625,1291.800048828125,1308.25,0,78.39021146885351
2024-09-20 04:45:00+00:00,1308.0,1317.5,1306.050048828125,1316.300048828125,4555373,81.47103626688278
2024-09-20 05:45:00+00:00,1316.3499755859375,1317.199951171875,1311.0,1312.0,1401805,75.29588918079828
2024-09-20 06:45:00+00:00,1312.449951171875,1316.449951171875,1311.0999755859375,1315.0999755859375,2220258,76.66882503426702
2024-09-20 07:45:00+00:00,1315.5,1315.8499755859375,1298.25,1308.699951171875,3589536,68.23721773650584
2024-09-20 08:45:00+00:00,1308.8499755859375,1343.699951171875,1301.1500244140625,1342.0999755859375,32121032,80.3700223795369
2024-09-20 09:45:00+00:00,1342.199951171875,1360.800048828125,1340.4000244140625,1349.800048828125,26813527,82.07040229959667
2024-09-23 03:45:00+00:00,1330.9000244140625,1330.9000244140625,1321.5,1322.6500244140625,0,61.75736124780201
2024-09-23 04:45:00+00:00,1322.6500244140625,1323.199951171875,1316.050048828125,1317.199951171875,1138406,58.6207784050682
2024-09-23 05:45:00+00:00,1317.25,1318.449951171875,1308.8499755859375,1315.5999755859375,2296446,57.694381167963435
2024-09-23 06:45:00+00:00,1315.6500244140625,1320.9000244140625,1314.949951171875,1320.1500244140625,929860,59.647392049217544
2024-09-23 07:45:00+00:00,1319.300048828125,1321.699951171875,1315.949951171875,1316.800048828125,738811,57.541210177226695
2024-09-23 08:45:00+00:00,1317.25,1325.0,1316.9000244140625,1320.449951171875,2708058,59.23035029482052
2024-09-23 09:45:00+00:00,1320.449951171875,1324.6500244140625,1318.800048828125,1322.0,987864,59.95888961364413
2024-09-24 03:45:00+00:00,1321.9000244140625,1325.0,1316.300048828125,1318.300048828125,1572187,57.32559249180745
2024-09-24 04:45:00+00:00,1318.199951171875,1320.3499755859375,1316.0999755859375,1317.8499755859375,808007,56.997666948397494
2024-09-24 05:45:00+00:00,1317.8499755859375,1325.3499755859375,1317.550048828125,1323.4000244140625,1144823,60.0337808062327
2024-09-24 06:45:00+00:00,1323.449951171875,1325.25,1321.550048828125,1322.5999755859375,2090991,59.38291431092824
2024-09-24 07:45:00+00:00,1322.5999755859375,1324.6500244140625,1320.050048828125,1322.300048828125,971638,59.12412617718958
2024-09-24 08:45:00+00:00,1322.300048828125,1331.1500244140625,1316.0,1318.75,5813876,56.01260732087504
2024-09-24 09:45:00+00:00,1318.800048828125,1321.25,1318.4000244140625,1318.5999755859375,1482057,55.878773196776685
2024-09-25 03:45:00+00:00,1312.9000244140625,1321.5999755859375,1312.9000244140625,1317.300048828125,0,54.660083909654546
2024-09-25 04:45:00+00:00,1317.300048828125,1324.0999755859375,1317.0,1322.800048828125,481854,58.758440127496854
2024-09-25 05:45:00+00:00,1322.699951171875,1327.75,1321.25,1323.0,1179823,58.90387742203628
2024-09-25 06:45:00+00:00,1322.6500244140625,1326.8499755859375,1322.300048828125,1325.949951171875,1000606,61.084302079314334
2024-09-25 07:45:00+00:00,1325.949951171875,1327.5,1324.75,1326.050048828125,696591,61.15960600685704
2024-09-25 08:45:00+00:00,1326.0999755859375,1327.1500244140625,1321.949951171875,1323.6500244140625,2648464,58.249164095079664
2024-09-25 09:45:00+00:00,1323.550048828125,1326.0999755859375,1322.199951171875,1323.8499755859375,1080606,58.426665621777744
2024-09-26 03:45:00+00:00,1320.449951171875,1333.300048828125,1318.050048828125,1331.300048828125,0,64.48519983815369
2024-09-26 04:45:00+00:00,1331.5,1331.9000244140625,1326.5,1327.300048828125,1055400,59.47376304537227
2024-09-26 05:45:00+00:00,1327.3499755859375,1328.5999755859375,1325.550048828125,1328.3499755859375,797578,60.34489708567004
2024-09-26 06:45:00+00:00,1328.300048828125,1328.3499755859375,1323.4000244140625,1324.449951171875,964256,55.56677844700021
2024-09-26 07:45:00+00:00,1324.449951171875,1327.050048828125,1322.550048828125,1325.0,1382796,56.09479914590833
2024-09-26 08:45:00+00:00,1325.25,1333.0,1324.0,1326.949951171875,3370988,58.00024695734589
2024-09-26 09:45:00+00:00,1327.050048828125,1328.199951171875,1322.3499755859375,1324.9000244140625,1019781,55.2839368864599
2024-09-27 03:45:00+00:00,1327.75,1329.0,1320.800048828125,1323.5999755859375,1824758,53.57044994762635
2024-09-27 04:45:00+00:00,1324.050048828125,1324.949951171875,1318.300048828125,1320.4000244140625,797361,49.50335042456659
2024-09-27 05:45:00+00:00,1320.25,1326.25,1318.5,1325.0,1607044,54.814138059318054
2024-09-27 06:45:00+00:00,1325.0,1325.050048828125,1315.1500244140625,1316.0999755859375,897374,44.96140716517073
2024-09-27 07:45:00+00:00,1316.199951171875,1317.050048828125,1311.0999755859375,1315.800048828125,1001300,44.67000769528657
2024-09-27 08:45:00+00:00,1315.800048828125,1316.25,1304.25,1307.199951171875,6746021,37.220838076595435
2024-09-27 09:45:00+00:00,1307.0,1308.5,1303.9000244140625,1306.5999755859375,0,36.76027882367012
2024-09-30 03:45:00+00:00,1292.0999755859375,1296.800048828125,1279.0,1284.550048828125,0,24.675782498501647
2024-09-30 04:45:00+00:00,1284.550048828125,1287.8499755859375,1282.050048828125,1282.9000244140625,734480,24.038938663718042
2024-09-30 05:45:00+00:00,1282.800048828125,1283.800048828125,1275.5,1276.6500244140625,1438664,21.749229979054434
2024-09-30 06:45:00+00:00,1277.050048828125,1279.0,1276.0,1276.25,639993,21.607370609049696
2024-09-30 07:45:00+00:00,1276.25,1277.5,1273.0999755859375,1273.550048828125,829433,20.629337583956428
2024-09-30 08:45:00+00:00,1273.1500244140625,1275.5999755859375,1270.9000244140625,1273.3499755859375,4210000,20.555088903209267
2024-09-30 09:45:00+00:00,1273.4000244140625,1275.3499755859375,1272.9000244140625,1273.949951171875,1772653,21.467897944193965
2024-10-01 03:45:00+00:00,1272.75,1279.550048828125,1270.199951171875,1270.699951171875,0,20.11936201908962
2024-10-01 04:45:00+00:00,1270.699951171875,1273.75,1267.5999755859375,1271.5999755859375,787497,21.58831998997954
2024-10-01 05:45:00+00:00,1271.6500244140625,1278.9000244140625,1271.050048828125,1276.5999755859375,950637,29.36006485063274
2024-10-01 06:45:00+00:00,1276.449951171875,1277.0,1270.4000244140625,1272.5,1083549,26.99713212367317
2024-10-01 07:45:00+00:00,1272.5,1277.75,1270.6500244140625,1277.1500244140625,1278778,33.53102451306786
2024-10-01 08:45:00+00:00,1277.0999755859375,1279.5,1272.449951171875,1274.25,3791504,31.629691799409443
2024-10-01 09:45:00+00:00,1274.300048828125,1279.25,1273.0999755859375,1278.199951171875,1415411,36.87964560866058
2024-10-03 03:45:00+00:00,1253.550048828125,1265.6500244140625,1251.800048828125,1253.949951171875,4194549,24.461140009847455
2024-10-03 04:45:00+00:00,1254.0999755859375,1255.0,1250.449951171875,1251.75,1655938,23.682049585383382
2024-10-03 05:45:00+00:00,1251.75,1252.699951171875,1248.949951171875,1252.0,1599784,23.978368931596336
2024-10-03 06:45:00+00:00,1251.800048828125,1254.0,1249.300048828125,1251.75,2346572,23.878524126791845
2024-10-03 07:45:00+00:00,1251.699951171875,1251.9000244140625,1248.25,1251.4000244140625,2878705,23.729561278698867
2024-10-03 08:45:00+00:00,1251.199951171875,1262.300048828125,1250.199951171875,1255.800048828125,3875204,29.669931940919483
2024-10-03 09:45:00+00:00,1255.800048828125,1259.5999755859375,1254.550048828125,1257.8499755859375,1096197,32.31488760118454
2024-10-04 03:45:00+00:00,1249.199951171875,1261.8499755859375,1245.5,1250.699951171875,0,28.314999996944806
2024-10-04 04:45:00+00:00,1250.699951171875,1260.050048828125,1248.550048828125,1254.449951171875,1534631,32.9991810768434
2024-10-04 05:45:00+00:00,1254.25,1264.300048828125,1250.550048828125,1264.25,1883933,43.40679818675506
2024-10-04 06:45:00+00:00,1263.9000244140625,1264.199951171875,1242.050048828125,1246.1500244140625,2858617,33.16122619373314
2024-10-04 07:45:00+00:00,1245.75,1247.5999755859375,1237.550048828125,1238.1500244140625,1140207,29.811849052451578
2024-10-04 08:45:00+00:00,1238.199951171875,1243.949951171875,1236.199951171875,1240.699951171875,2897051,32.163743084171
2024-10-04 09:45:00+00:00,1240.699951171875,1242.949951171875,1239.0999755859375,1239.75,785423,31.737085712834727
2024-10-07 03:45:00+00:00,1242.25,1257.75,1242.25,1257.0999755859375,0,45.8622920955483
2024-10-07 04:45:00+00:00,1257.3499755859375,1259.8499755859375,1248.199951171875,1249.949951171875,1491784,42.00482283362198
2024-10-07 05:45:00+00:00,1249.949951171875,1258.1500244140625,1243.5,1245.6500244140625,1952764,39.83487926347974
2024-10-07 06:45:00+00:00,1245.3499755859375,1253.0,1239.5999755859375,1240.3499755859375,1702317,37.27857754983389
2024-10-07 07:45:00+00:00,1240.6500244140625,1244.5,1225.25,1235.3499755859375,3092333,34.99690626234599
2024-10-07 08:45:00+00:00,1235.300048828125,1262.5999755859375,1225.949951171875,1230.6500244140625,9391503,32.95505629397742
2024-10-07 09:45:00+00:00,1230.800048828125,1238.75,1230.800048828125,1233.9000244140625,0,35.74672661477213
2024-10-08 03:45:00+00:00,1241.0,1247.699951171875,1230.0999755859375,1235.8499755859375,2698442,37.430130808997674
2024-10-08 04:45:00+00:00,1235.6500244140625,1243.1500244140625,1233.3499755859375,1238.3499755859375,1407817,39.61450352863142
2024-10-08 05:45:00+00:00,1238.3499755859375,1240.5,1235.6500244140625,1239.0,837535,40.19908316474013
2024-10-08 06:45:00+00:00,1238.800048828125,1239.5,1235.199951171875,1238.5999755859375,876283,39.942817014535024
2024-10-08 07:45:00+00:00,1238.6500244140625,1243.75,1238.050048828125,1241.199951171875,1432869,42.50817878500943
2024-10-08 08:45:00+00:00,1241.199951171875,1242.449951171875,1235.0999755859375,1236.800048828125,3585456,39.43804375905805
2024-10-08 09:45:00+00:00,1236.8499755859375,1238.300048828125,1235.0,1236.699951171875,1378900,39.3683814136606
2024-10-09 03:45:00+00:00,1241.8499755859375,1258.0,1233.25,1257.5999755859375,0,56.60437271456457
2024-10-09 04:45:00+00:00,1257.3499755859375,1265.0999755859375,1248.050048828125,1259.199951171875,1866269,57.59811442663573
2024-10-09 05:45:00+00:00,1259.300048828125,1260.800048828125,1241.4000244140625,1243.0999755859375,2543177,46.14658144955657
2024-10-09 06:45:00+00:00,1243.25,1249.5999755859375,1242.0,1243.550048828125,731493,46.4670014318357
2024-10-09 07:45:00+00:00,1243.6500244140625,1246.75,1241.5,1243.9000244140625,777469,46.73240614655536
2024-10-09 08:45:00+00:00,1244.25,1248.0,1242.0999755859375,1243.0999755859375,4555368,46.16889825614153
2024-10-09 09:45:00+00:00,1243.1500244140625,1247.1500244140625,1242.550048828125,1245.0,1588399,47.77936362546632
2024-10-10 03:45:00+00:00,1246.4000244140625,1248.1500244140625,1238.0,1243.5999755859375,0,46.671388639058165
2024-10-10 04:45:00+00:00,1243.8499755859375,1243.9000244140625,1239.0,1239.199951171875,791273,43.27490245078495
2024-10-10 05:45:00+00:00,1239.5999755859375,1243.5,1239.0999755859375,1242.8499755859375,1178646,46.73767987189794
2024-10-10 06:45:00+00:00,1242.800048828125,1249.5,1242.1500244140625,1248.449951171875,893054,51.6175904789213
2024-10-10 07:45:00+00:00,1248.449951171875,1254.699951171875,1248.0999755859375,1249.199951171875,1168954,52.24860257513889
2024-10-10 08:45:00+00:00,1249.050048828125,1250.300048828125,1243.050048828125,1243.199951171875,2736602,46.97080351574614
2024-10-10 09:45:00+00:00,1243.25,1244.0,1241.25,1243.8499755859375,808749,47.58848978491637
2024-10-11 03:45:00+00:00,1239.949951171875,1240.0,1232.550048828125,1235.300048828125,0,40.8486707103361
2024-10-11 04:45:00+00:00,1235.5999755859375,1236.550048828125,1226.050048828125,1227.6500244140625,1083989,35.94352321881394
2024-10-11 05:45:00+00:00,1227.550048828125,1228.5,1222.5,1224.5,1056377,34.12633634522912
2024-10-11 06:45:00+00:00,1224.550048828125,1227.5,1224.0999755859375,1226.199951171875,645047,36.00661089663562
2024-10-11 07:45:00+00:00,1226.199951171875,1229.5,1225.300048828125,1227.550048828125,1158929,37.531656598666714
2024-10-11 08:45:00+00:00,1227.5,1227.5,1222.1500244140625,1222.5999755859375,1796177,34.30375331904382
2024-10-11 09:45:00+00:00,1222.8499755859375,1223.9000244140625,1222.0,1223.300048828125,790552,35.15318405735978
2024-10-14 03:45:00+00:00,1221.449951171875,1231.699951171875,1218.0999755859375,1230.9000244140625,0,43.66835294054678
2024-10-14 04:45:00+00:00,1230.9000244140625,1236.9000244140625,1230.800048828125,1234.949951171875,2081370,47.61586987011609
2024-10-14 05:45:00+00:00,1234.949951171875,1236.0999755859375,1232.550048828125,1235.0,1893367,47.66467864132831
2024-10-14 06:45:00+00:00,1235.0,1236.75,1234.550048828125,1235.0999755859375,716325,47.76936934905325
2024-10-14 07:45:00+00:00,1235.050048828125,1235.5,1232.800048828125,1235.25,870948,47.93767143305109
2024-10-14 08:45:00+00:00,1235.550048828125,1237.5999755859375,1230.6500244140625,1231.050048828125,2664952,43.69300894620224
2024-10-14 09:45:00+00:00,1231.1500244140625,1233.9000244140625,1230.5,1233.0,1015747,46.080155267649495
2024-10-15 03:45:00+00:00,1235.4000244140625,1243.550048828125,1235.4000244140625,1239.699951171875,0,53.39174985686042
2024-10-15 04:45:00+00:00,1239.800048828125,1248.949951171875,1239.550048828125,1244.800048828125,1302690,58.0544829861356
2024-10-15 05:45:00+00:00,1244.75,1253.9000244140625,1244.199951171875,1252.6500244140625,958119,64.02076978423767
2024-10-15 06:45:00+00:00,1252.6500244140625,1255.5999755859375,1249.3499755859375,1253.3499755859375,1395798,64.50557010825463
2024-10-15 07:45:00+00:00,1253.25,1258.0,1252.949951171875,1257.199951171875,1016807,67.12916448400645
2024-10-15 08:45:00+00:00,1256.8499755859375,1258.25,1251.1500244140625,1255.699951171875,3569728,65.10986268309135
2024-10-15 09:45:00+00:00,1255.800048828125,1256.5999755859375,1255.0,1256.0,1644320,65.33449533134956
2024-10-16 03:45:00+00:00,1249.800048828125,1254.8499755859375,1248.5999755859375,1251.4000244140625,0,59.056954832581944
2024-10-16 04:45:00+00:00,1251.449951171875,1252.6500244140625,1248.0,1248.4000244140625,645498,55.32353108643255
2024-10-16 05:45:00+00:00,1248.300048828125,1249.1500244140625,1244.5999755859375,1248.5999755859375,820839,55.52533810831463
2024-10-16 06:45:00+00:00,1248.5999755859375,1252.949951171875,1248.550048828125,1252.75,579089,59.603910199094244
2024-10-16 07:45:00+00:00,1252.75,1253.300048828125,1249.5,1251.0,781346,57.220919218569485
2024-10-16 08:45:00+00:00,1250.75,1250.8499755859375,1242.0999755859375,1243.050048828125,2638133,47.85976671988501
2024-10-16 09:45:00+00:00,1243.199951171875,1245.9000244140625,1241.6500244140625,1245.5,1051879,50.54488462373169
2024-10-17 03:45:00+00:00,1250.25,1256.9000244140625,1234.300048828125,1234.8499755859375,0,40.726403526082805
2024-10-17 04:45:00+00:00,1234.8499755859375,1236.0,1228.9000244140625,1229.5,934241,36.8535400291116
2024-10-17 05:45:00+00:00,1229.449951171875,1230.800048828125,1224.5,1228.25,825258,35.992330174999125
2024-10-17 06:45:00+00:00,1228.199951171875,1230.300048828125,1226.4000244140625,1228.0,514282,35.812080698174626
2024-10-17 07:45:00+00:00,1227.949951171875,1233.949951171875,1226.9000244140625,1233.0999755859375,884104,42.17415594192367
2024-10-17 08:45:00+00:00,1233.0999755859375,1234.0,1228.0999755859375,1230.5999755859375,1951618,40.077153362565724
2024-10-17 09:45:00+00:00,1230.5999755859375,1233.8499755859375,1230.5999755859375,1231.25,879234,40.89999157323234
2024-10-18 03:45:00+00:00,1229.550048828125,1242.9000244140625,1225.4000244140625,1241.300048828125,0,51.897882254125825
2024-10-18 04:45:00+00:00,1241.300048828125,1246.800048828125,1240.1500244140625,1246.0,1006843,56.0197096847739
2024-10-18 05:45:00+00:00,1246.0999755859375,1256.699951171875,1245.9000244140625,1254.050048828125,868002,62.02236464473204
2024-10-18 06:45:00+00:00,1254.050048828125,1261.1500244140625,1253.300048828125,1257.5,847614,64.27288211499706
2024-10-18 07:45:00+00:00,1257.75,1263.6500244140625,1257.199951171875,1261.699951171875,1245477,66.84845705540658
2024-10-18 08:45:00+00:00,1261.699951171875,1266.3499755859375,1260.300048828125,1263.0,3965050,67.62643422301292
2024-10-18 09:45:00+00:00,1263.1500244140625,1267.300048828125,1262.949951171875,1267.25,1533165,70.09697579798818
2024-10-21 03:45:00+00:00,1264.0999755859375,1272.300048828125,1254.4000244140625,1258.699951171875,0,60.151757926033305
2024-10-21 04:45:00+00:00,1258.9000244140625,1262.5999755859375,1256.0999755859375,1256.1500244140625,304887,57.530227478492286
2024-10-21 05:45:00+00:00,1256.5,1256.5,1250.5999755859375,1252.5999755859375,424765,54.00160990299082
2024-10-21 06:45:00+00:00,1252.4000244140625,1255.550048828125,1252.050048828125,1255.199951171875,423771,56.12413959627105
2024-10-21 07:45:00+00:00,1255.300048828125,1263.75,1254.699951171875,1260.550048828125,1105000,60.19448710937746
2024-10-21 08:45:00+00:00,1260.449951171875,1264.3499755859375,1257.050048828125,1261.9000244140625,2856686,61.17326819378771
2024-10-21 09:45:00+00:00,1262.0,1262.0,1256.4000244140625,1259.050048828125,1051038,57.934502473840325
2024-10-22 03:45:00+00:00,1261.4000244140625,1283.0,1260.25,1280.449951171875,0,70.54499982770767
2024-10-22 04:45:00+00:00,1280.050048828125,1284.300048828125,1272.6500244140625,1283.8499755859375,2941522,71.9821303819432
2024-10-22 05:45:00+00:00,1283.9000244140625,1284.9000244140625,1271.0999755859375,1275.0999755859375,1976060,63.40796755203462
2024-10-22 06:45:00+00:00,1274.8499755859375,1278.9000244140625,1268.699951171875,1271.5,1748963,60.22925881540826
2024-10-22 07:45:00+00:00,1271.6500244140625,1277.050048828125,1268.050048828125,1276.8499755859375,1671981,63.18312460177473
2024-10-22 08:45:00+00:00,1277.0,1277.0999755859375,1262.9000244140625,1269.9000244140625,5674242,57.235951030046316
2024-10-22 09:45:00+00:00,1269.5,1271.0999755859375,1266.9000244140625,1267.5,1589209,55.30017714530089
2024-10-23 03:45:00+00:00,1262.199951171875,1267.949951171875,1255.0,1256.199951171875,0,47.205052312484895
2024-10-23 04:45:00+00:00,1255.8499755859375,1257.0,1243.300048828125,1246.699951171875,1832090,41.68093998539199
2024-10-23 05:45:00+00:00,1246.449951171875,1248.8499755859375,1244.300048828125,1246.699951171875,1214697,41.68093998539199
2024-10-23 06:45:00+00:00,1246.5999755859375,1251.25,1245.449951171875,1247.550048828125,1256371,42.380711865049854
2024-10-23 07:45:00+00:00,1247.550048828125,1249.949951171875,1245.5,1249.25,1302533,43.83210945119116
2024-10-23 08:45:00+00:00,1249.300048828125,1253.800048828125,1248.3499755859375,1251.800048828125,4793865,46.02835500655256
2024-10-23 09:45:00+00:00,1251.699951171875,1253.800048828125,1249.5,1251.5999755859375,1364571,45.87678580534808
2024-10-24 03:45:00+00:00,1253.3499755859375,1260.449951171875,1241.1500244140625,1257.25,0,50.803586033653445
2024-10-24 04:45:00+00:00,1257.25,1259.550048828125,1251.6500244140625,1252.4000244140625,1165204,46.86028267777891
2024-10-24 05:45:00+00:00,1252.3499755859375,1254.949951171875,1249.1500244140625,1253.800048828125,1125039,48.11230180896005
2024-10-24 06:45:00+00:00,1253.9000244140625,1255.5,1250.0,1250.5999755859375,1097524,45.474921978810215
2024-10-24 07:45:00+00:00,1250.550048828125,1259.199951171875,1247.800048828125,1255.6500244140625,1520880,50.12166676222241
2024-10-24 08:45:00+00:00,1255.6500244140625,1257.0,1250.050048828125,1252.75,2977326,47.61230930534115
2024-10-24 09:45:00+00:00,1252.75,1255.1500244140625,1252.300048828125,1254.949951171875,1924146,49.67081919880097
2024-10-25 03:45:00+00:00,1251.9000244140625,1268.9000244140625,1245.25,1249.4000244140625,0,44.8797441903218
2024-10-25 04:45:00+00:00,1249.199951171875,1249.9000244140625,1234.449951171875,1236.050048828125,1639690,35.9076052114595
2024-10-25 05:45:00+00:00,1236.4000244140625,1248.5,1234.5999755859375,1247.1500244140625,1242425,45.638699730760536
2024-10-25 06:45:00+00:00,1247.1500244140625,1251.25,1245.699951171875,1248.800048828125,1649569,46.92863663044789
2024-10-25 07:45:00+00:00,1248.800048828125,1249.9000244140625,1241.449951171875,1242.949951171875,1324436,43.03004406643774
2024-10-25 08:45:00+00:00,1242.9000244140625,1258.699951171875,1240.5,1256.4000244140625,3583460,52.74913959359296
2024-10-25 09:45:00+00:00,1256.4000244140625,1261.5999755859375,1256.0,1260.0,1027452,54.963771588485756
2024-10-28 03:45:00+00:00,1289.199951171875,1299.5,1280.6500244140625,1298.5,0,70.75201131826336
2024-10-28 04:45:00+00:00,1298.449951171875,1300.550048828125,1292.9000244140625,1298.199951171875,2970348,70.54444808467385
2024-10-28 05:45:00+00:00,1298.199951171875,1305.300048828125,1296.050048828125,1305.300048828125,4227872,72.59336533417041
2024-10-28 06:45:00+00:00,1304.1500244140625,1307.800048828125,1302.0,1304.949951171875,3036867,72.32621081099992
2024-10-28 07:45:00+00:00,1305.0,1306.949951171875,1298.75,1299.0999755859375,2294993,67.83397639300807
2024-10-28 08:45:00+00:00,1299.3499755859375,1299.800048828125,1290.300048828125,1293.5999755859375,3463332,63.820504288106534
2024-10-28 09:45:00+00:00,1293.25,1295.5999755859375,1291.199951171875,1292.8499755859375,1402735,63.27076181257096
2024-10-29 03:45:00+00:00,1305.800048828125,1312.0,1299.3499755859375,1311.4000244140625,0,70.12520874910493
2024-10-29 04:45:00+00:00,1311.0,1315.949951171875,1307.0,1313.3499755859375,1924695,70.74329526552395
2024-10-29 05:45:00+00:00,1312.75,1319.5999755859375,1310.6500244140625,1318.25,1989597,72.29450152765332
2024-10-29 06:45:00+00:00,1318.050048828125,1322.3499755859375,1316.4000244140625,1318.0999755859375,2429857,72.1683364341989
2024-10-29 07:45:00+00:00,1318.0999755859375,1332.75,1313.300048828125,1331.8499755859375,3103838,76.25791249343847
2024-10-29 08:45:00+00:00,1331.800048828125,1335.199951171875,1328.25,1334.3499755859375,5733323,76.92190187355739
2024-10-29 09:45:00+00:00,1334.199951171875,1334.5999755859375,1331.4000244140625,1331.5999755859375,2085140,74.45521115270728
2024-10-30 03:45:00+00:00,1323.949951171875,1330.9000244140625,1309.199951171875,1310.25,0,58.7134974341419
2024-10-30 04:45:00+00:00,1310.300048828125,1314.4000244140625,1305.5999755859375,1309.0,1117716,57.9410997586049
2024-10-30 05:45:00+00:00,1309.0,1311.75,1307.5,1307.9000244140625,757621,57.227644742154425
2024-10-30 06:45:00+00:00,1307.8499755859375,1318.9000244140625,1307.050048828125,1314.0,1134468,60.15756291476589
2024-10-30 07:45:00+00:00,1314.0,1315.0,1310.050048828125,1311.199951171875,1737032,58.18721864228309
2024-10-30 08:45:00+00:00,1310.550048828125,1315.1500244140625,1306.699951171875,1312.5,5413785,58.86094713330062
2024-10-30 09:45:00+00:00,1311.949951171875,1313.5,1308.3499755859375,1313.0,2123636,59.13367933469782
2024-10-31 03:45:00+00:00,1312.3499755859375,1318.9000244140625,1306.6500244140625,1309.75,0,56.511184857309914
2024-10-31 04:45:00+00:00,1309.4000244140625,1309.8499755859375,1304.5,1305.699951171875,1443985,53.336740399154394
2024-10-31 05:45:00+00:00,1305.699951171875,1305.8499755859375,1301.5,1302.5999755859375,1077429,50.976345252884315
2024-10-31 06:45:00+00:00,1302.6500244140625,1302.699951171875,1296.8499755859375,1301.5999755859375,867083,50.20450514483773
2024-10-31 07:45:00+00:00,1301.699951171875,1304.300048828125,1296.0,1296.300048828125,1306364,46.210963462889985
2024-10-31 08:45:00+00:00,1296.0999755859375,1296.0999755859375,1288.6500244140625,1291.5,11723548,42.883834656002975
2024-10-31 09:45:00+00:00,1291.300048828125,1295.949951171875,1291.300048828125,1295.0,4089426,45.940205540321166
2024-11-04 03:45:00+00:00,1286.9000244140625,1291.800048828125,1274.550048828125,1275.0,1965666,34.55965947573641
2024-11-04 04:45:00+00:00,1275.0,1279.300048828125,1271.25,1273.3499755859375,1663589,33.81539097653962
2024-11-04 05:45:00+00:00,1273.3499755859375,1276.3499755859375,1270.949951171875,1275.800048828125,1032848,36.0187549836531
2024-11-04 06:45:00+00:00,1275.5,1276.050048828125,1270.300048828125,1271.6500244140625,1306762,33.956651892482995
2024-11-04 07:45:00+00:00,1271.550048828125,1275.8499755859375,1270.550048828125,1272.800048828125,1173273,35.066068007461396
2024-11-04 08:45:00+00:00,1272.800048828125,1278.800048828125,1270.0999755859375,1278.3499755859375,5023590,40.27983106590699
2024-11-04 09:45:00+00:00,1278.449951171875,1278.949951171875,1274.949951171875,1277.199951171875,1136060,39.570810189401726
2024-11-05 03:45:00+00:00,1275.5,1283.300048828125,1271.0999755859375,1273.8499755859375,0,37.500083042823185
2024-11-05 04:45:00+00:00,1273.949951171875,1280.0,1266.699951171875,1272.5,1037220,36.66736759205247
2024-11-05 05:45:00+00:00,1272.550048828125,1273.25,1263.25,1266.0999755859375,1468468,32.933625345736885
2024-11-05 06:45:00+00:00,1266.3499755859375,1273.050048828125,1263.5999755859375,1268.8499755859375,1195609,35.95155384247781
2024-11-05 07:45:00+00:00,1268.8499755859375,1294.5999755859375,1268.25,1293.199951171875,5165645,55.18254988795067
2024-11-05 08:45:00+00:00,1293.25,1300.75,1291.300048828125,1296.0999755859375,4456760,56.844496895254395
2024-11-05 09:45:00+00:00,1296.0999755859375,1296.699951171875,1290.3499755859375,1296.699951171875,1646797,57.19812714561537
2024-11-06 03:45:00+00:00,1302.050048828125,1313.699951171875,1292.949951171875,1312.800048828125,0,65.39322233502567
2024-11-06 04:45:00+00:00,1312.5999755859375,1312.9000244140625,1307.300048828125,1310.1500244140625,720449,63.24670125906331
2024-11-06 05:45:00+00:00,1310.5999755859375,1315.0,1309.800048828125,1313.5,987970,64.81883360428307
2024-11-06 06:45:00+00:00,1313.5,1315.0,1306.800048828125,1307.4000244140625,1345876,59.80253361768631
2024-11-06 07:45:00+00:00,1307.5,1310.0,1305.550048828125,1307.0,1924231,59.47746293153236
2024-11-06 08:45:00+00:00,1307.0,1309.75,1299.550048828125,1301.25,3064699,54.8612096081341
2024-11-06 09:45:00+00:00,1301.300048828125,1305.9000244140625,1301.25,1302.3499755859375,828968,55.57160109065388
2024-11-07 03:45:00+00:00,1301.3499755859375,1301.3499755859375,1279.75,1283.0,0,42.80841648743227
2024-11-07 04:45:00+00:00,1283.0,1287.25,1280.300048828125,1282.300048828125,1062125,42.42880534467287
2024-11-07 05:45:00+00:00,1282.199951171875,1282.5,1276.0999755859375,1279.0,780240,40.60078299215461
2024-11-07 06:45:00+00:00,1279.0,1284.5,1277.300048828125,1282.5999755859375,821710,43.462465425787634
2024-11-07 07:45:00+00:00,1282.800048828125,1282.8499755859375,1278.0,1278.9000244140625,1493363,41.26220412049029
2024-11-07 08:45:00+00:00,1278.75,1280.199951171875,1275.25,1277.6500244140625,1855110,40.515953558451635
2024-11-07 09:45:00+00:00,1277.5,1280.5,1277.050048828125,1278.8499755859375,1246841,41.607710585251276
2024-11-08 03:45:00+00:00,1268.699951171875,1272.3499755859375,1260.050048828125,1265.8499755859375,0,34.26939491759012
2024-11-08 04:45:00+00:00,1266.0,1266.0,1258.1500244140625,1259.050048828125,1046864,31.172413729333257
2024-11-08 05:45:00+00:00,1259.050048828125,1259.25,1253.050048828125,1253.1500244140625,999330,28.745077839692982
2024-11-08 06:45:00+00:00,1253.4000244140625,1260.0,1252.8499755859375,1259.5,1266971,34.64369072244024
2024-11-08 07:45:00+00:00,1259.5,1263.699951171875,1257.5999755859375,1261.0,1750939,35.99164626676574
2024-11-08 08:45:00+00:00,1261.0,1261.25,1257.0,1258.199951171875,2660768,34.55878055975364
2024-11-08 09:45:00+00:00,1258.25,1261.0,1258.0999755859375,1258.8499755859375,1354119,35.203695975843445
2024-11-11 03:45:00+00:00,1258.699951171875,1261.75,1247.9000244140625,1258.75,0,35.14632657843477
2024-11-11 04:45:00+00:00,1258.699951171875,1272.5,1258.4000244140625,1272.5,1227975,47.756421760106356
2024-11-11 05:45:00+00:00,1272.5,1275.9000244140625,1271.199951171875,1273.0,775124,48.151219195263074
2024-11-11 06:45:00+00:00,1273.050048828125,1273.5,1269.0999755859375,1271.0,548140,46.6331863328822
2024-11-11 07:45:00+00:00,1270.8499755859375,1271.800048828125,1264.800048828125,1265.050048828125,1020017,42.35511662661017
2024-11-11 08:45:00+00:00,1264.949951171875,1272.6500244140625,1263.1500244140625,1271.9000244140625,2257955,48.24206238058311
2024-11-11 09:45:00+00:00,1271.8499755859375,1271.8499755859375,1267.550048828125,1269.300048828125,864383,46.308941324066474
2024-11-12 03:45:00+00:00,1274.199951171875,1294.9000244140625,1272.550048828125,1289.699951171875,0,59.88990010196938
2024-11-12 04:45:00+00:00,1289.949951171875,1291.5,1280.0,1287.75,1183757,58.37005646899407
2024-11-12 05:45:00+00:00,1287.5,1291.949951171875,1286.1500244140625,1287.25,854497,57.96386239068134
2024-11-12 06:45:00+00:00,1287.1500244140625,1287.9000244140625,1270.1500244140625,1274.25,1614906,48.51139351934692
2024-11-12 07:45:00+00:00,1274.25,1275.0999755859375,1268.449951171875,1270.300048828125,1376210,46.05392670064543
2024-11-12 08:45:00+00:00,1270.3499755859375,1274.3499755859375,1264.75,1269.5999755859375,4853873,45.612896832857686
2024-11-12 09:45:00+00:00,1269.6500244140625,1271.0,1267.449951171875,1269.0,1459206,45.213281495280214
2024-11-13 03:45:00+00:00,1269.949951171875,1276.25,1266.050048828125,1267.25,0,44.00235015357497
2024-11-13 04:45:00+00:00,1267.25,1272.199951171875,1263.3499755859375,1264.0,816056,41.765185731031316
2024-11-13 05:45:00+00:00,1264.0,1266.6500244140625,1262.8499755859375,1264.5,602053,42.251629997206436
2024-11-13 06:45:00+00:00,1264.5,1267.6500244140625,1263.8499755859375,1265.949951171875,440466,43.71979254071862
2024-11-13 07:45:00+00:00,1266.4000244140625,1272.050048828125,1261.800048828125,1263.199951171875,1173158,41.56159772989564
2024-11-13 08:45:00+00:00,1263.199951171875,1263.800048828125,1250.0,1252.449951171875,5146973,34.41061894409472
2024-11-13 09:45:00+00:00,1252.75,1258.449951171875,1252.75,1257.5,1555847,39.66269447958961
2024-11-14 03:45:00+00:00,1262.550048828125,1266.199951171875,1251.25,1261.4000244140625,0,43.43007481900617
2024-11-14 04:45:00+00:00,1261.3499755859375,1264.5,1247.949951171875,1248.1500244140625,1049320,35.353621322707525
2024-11-14 05:45:00+00:00,1246.300048828125,1254.050048828125,1243.050048828125,1254.050048828125,750514,40.64657975517573
2024-11-14 06:45:00+00:00,1254.300048828125,1257.75,1249.550048828125,1257.550048828125,1578467,43.59681617553158
2024-11-14 07:45:00+00:00,1257.449951171875,1259.0,1252.199951171875,1253.0999755859375,855138,40.81867823686968
2024-11-14 08:45:00+00:00,1253.199951171875,1256.1500244140625,1250.050048828125,1255.4000244140625,1967408,42.845898835095184
2024-11-14 09:45:00+00:00,1255.4000244140625,1260.25,1255.4000244140625,1256.949951171875,1734793,44.23220335566264
2024-11-18 03:45:00+00:00,1260.949951171875,1260.949951171875,1252.199951171875,1256.949951171875,0,44.23220335566264
2024-11-18 04:45:00+00:00,1256.449951171875,1258.050048828125,1252.300048828125,1253.1500244140625,477984,41.37843500105824
2024-11-18 05:45:00+00:00,1253.25,1258.449951171875,1252.550048828125,1256.300048828125,443448,44.57100567862266
2024-11-18 06:45:00+00:00,1256.449951171875,1256.9000244140625,1253.3499755859375,1253.8499755859375,722152,42.62648543239941
2024-11-18 07:45:00+00:00,1253.8499755859375,1254.3499755859375,1249.75,1250.6500244140625,551153,40.16201026595606
2024-11-18 08:45:00+00:00,1250.5999755859375,1255.4000244140625,1250.0,1254.1500244140625,1605503,43.97722439655444
2024-11-18 09:45:00+00:00,1254.1500244140625,1254.800048828125,1251.0,1253.0,736048,43.00692881813363
2024-11-19 03:45:00+00:00,1258.300048828125,1260.0,1250.9000244140625,1251.1500244140625,0,41.42361200929203
2024-11-19 04:45:00+00:00,1251.1500244140625,1254.25,1247.949951171875,1249.5,662443,40.008814987303076
2024-11-19 05:45:00+00:00,1249.550048828125,1253.6500244140625,1248.199951171875,1252.75,672138,44.06142875502494
2024-11-19 06:45:00+00:00,1252.75,1254.0,1250.5,1251.800048828125,1036301,43.144003228484685
2024-11-19 07:45:00+00:00,1251.800048828125,1253.4000244140625,1250.550048828125,1252.3499755859375,1830083,43.87258042223646
2024-11-19 08:45:00+00:00,1252.5,1255.199951171875,1246.300048828125,1248.1500244140625,4610890,39.68947576338929
2024-11-19 09:45:00+00:00,1248.1500244140625,1252.0999755859375,1240.8499755859375,1244.0,1531685,36.033501640288435
2024-11-21 03:45:00+00:00,1250.800048828125,1251.1500244140625,1232.550048828125,1237.949951171875,0,31.480825347070805
2024-11-21 04:45:00+00:00,1237.949951171875,1247.300048828125,1237.1500244140625,1243.949951171875,989242,39.62743629797249
2024-11-21 05:45:00+00:00,1243.9000244140625,1255.9000244140625,1243.6500244140625,1252.3499755859375,964460,48.804623237382906
2024-11-21 06:45:00+00:00,1252.4000244140625,1253.5999755859375,1242.0,1247.25,1154431,44.39246154844395
2024-11-21 07:45:00+00:00,1246.6500244140625,1252.9000244140625,1245.6500244140625,1251.9000244140625,890909,48.926238193318056
2024-11-21 08:45:00+00:00,1251.75,1254.0,1246.300048828125,1250.199951171875,2171318,47.404489266205836
2024-11-21 09:45:00+00:00,1250.25,1256.9000244140625,1249.949951171875,1250.550048828125,687423,47.764794640548885
2024-11-22 03:45:00+00:00,1259.199951171875,1279.6500244140625,1256.0,1277.8499755859375,0,66.84067825431069
2024-11-22 04:45:00+00:00,1277.9000244140625,1278.5,1268.25,1270.3499755859375,792477,60.32305638873751
2024-11-22 05:45:00+00:00,1270.1500244140625,1277.300048828125,1268.050048828125,1274.449951171875,1163579,62.477076110015446
2024-11-22 06:45:00+00:00,1274.449951171875,1279.5,1273.699951171875,1276.9000244140625,818672,63.74378384457804
2024-11-22 07:45:00+00:00,1277.050048828125,1281.3499755859375,1272.6500244140625,1276.800048828125,1633352,63.64936180492767
2024-11-22 08:45:00+00:00,1276.9000244140625,1281.1500244140625,1273.4000244140625,1278.1500244140625,3971326,64.41585570705286
2024-11-22 09:45:00+00:00,1278.0999755859375,1279.0,1274.4000244140625,1278.050048828125,950485,64.30770921655862
2024-11-25 03:45:00+00:00,1294.3499755859375,1311.0,1290.1500244140625,1304.4000244140625,0,75.82691742465597
2024-11-25 04:45:00+00:00,1304.6500244140625,1309.0,1304.199951171875,1307.5,950570,76.77651235414262
2024-11-25 05:45:00+00:00,1307.199951171875,1309.0,1305.800048828125,1308.5999755859375,827450,77.11996938291209
2024-11-25 06:45:00+00:00,1308.4000244140625,1308.949951171875,1298.3499755859375,1301.0,2467499,69.47481594118696
2024-11-25 07:45:00+00:00,1301.0,1305.0,1300.050048828125,1303.9000244140625,1271192,70.66965832677812
2024-11-25 08:45:00+00:00,1303.9000244140625,1307.8499755859375,1298.449951171875,1300.6500244140625,8501885,67.48175538477037
2024-11-25 09:45:00+00:00,1300.699951171875,1305.3499755859375,1297.3499755859375,1304.6500244140625,6148788,69.31635126915265
2024-11-26 03:45:00+00:00,1310.5,1314.199951171875,1306.199951171875,1309.550048828125,0,71.44187495099345
2024-11-26 04:45:00+00:00,1309.5,1309.699951171875,1302.449951171875,1304.0,973486,65.87557496621747
2024-11-26 05:45:00+00:00,1304.0,1307.9000244140625,1303.25,1305.449951171875,998138,66.60756160595066
2024-11-26 06:45:00+00:00,1305.1500244140625,1305.9000244140625,1303.050048828125,1304.4000244140625,673343,65.51172164189114
2024-11-26 07:45:00+00:00,1303.9000244140625,1305.699951171875,1302.800048828125,1303.6500244140625,787016,64.69294124022433
2024-11-26 08:45:00+00:00,1303.6500244140625,1308.4000244140625,1303.0,1305.800048828125,1904795,66.00464225128414
2024-11-26 09:45:00+00:00,1305.699951171875,1306.800048828125,1304.5,1304.949951171875,697131,64.97676440699448
2024-11-27 03:45:00+00:00,1303.25,1307.4000244140625,1298.1500244140625,1302.300048828125,0,61.748711408543585
2024-11-27 04:45:00+00:00,1302.4000244140625,1304.550048828125,1299.949951171875,1301.9000244140625,805154,61.253992750686955
2024-11-27 05:45:00+00:00,1302.0,1309.550048828125,1300.6500244140625,1305.25,1654535,63.86494505093915
2024-11-27 06:45:00+00:00,1305.3499755859375,1310.8499755859375,1304.550048828125,1308.6500244140625,1425833,66.34385860882959
2024-11-27 07:45:00+00:00,1308.449951171875,1309.449951171875,1303.6500244140625,1303.75,1345123,59.959841647003756
2024-11-27 08:45:00+00:00,1303.800048828125,1306.1500244140625,1300.050048828125,1302.449951171875,14400595,58.35541246638282
2024-11-27 09:45:00+00:00,1302.300048828125,1303.550048828125,1300.6500244140625,1300.699951171875,421737,56.17631628264613
2024-11-28 03:45:00+00:00,1304.6500244140625,1310.449951171875,1299.25,1308.300048828125,0,62.69203879965803
2024-11-28 04:45:00+00:00,1308.5,1308.699951171875,1293.0,1293.9000244140625,4270590,48.099702509349136
2024-11-28 05:45:00+00:00,1293.9000244140625,1296.5999755859375,1290.4000244140625,1295.550048828125,3051535,49.548794023141326
2024-11-28 06:45:00+00:00,1295.4000244140625,1296.800048828125,1283.25,1283.8499755859375,3596594,40.84104826902958
2024-11-28 07:45:00+00:00,1283.449951171875,1292.9000244140625,1282.449951171875,1289.800048828125,2816758,46.03505823900674
2024-11-28 08:45:00+00:00,1289.9000244140625,1290.5999755859375,1284.9000244140625,1286.3499755859375,4846126,43.64239503038673
2024-11-28 09:45:00+00:00,1286.3499755859375,1289.0,1285.5,1286.3499755859375,1381160,43.64239503038673
2024-11-29 03:45:00+00:00,1287.300048828125,1293.949951171875,1286.0,1288.0999755859375,0,45.31442761751925
2024-11-29 04:45:00+00:00,1288.0999755859375,1296.0,1287.5999755859375,1293.949951171875,1524330,50.5915166341986
2024-11-29 05:45:00+00:00,1293.949951171875,1296.800048828125,1292.8499755859375,1295.8499755859375,772921,52.20474644612757
2024-11-29 06:45:00+00:00,1295.9000244140625,1298.949951171875,1293.550048828125,1297.1500244140625,980983,53.327642663740555
2024-11-29 07:45:00+00:00,1297.1500244140625,1302.0999755859375,1296.9000244140625,1299.75,1320202,55.57551449464201
2024-11-29 08:45:00+00:00,1299.800048828125,1303.25,1298.4000244140625,1299.3499755859375,3553591,55.135522058687314
2024-11-29 09:45:00+00:00,1299.199951171875,1300.699951171875,1298.199951171875,1300.0999755859375,1564608,55.84141096375531
2024-12-02 03:45:00+00:00,1295.75,1306.5,1289.699951171875,1301.25,0,56.95966345915903
2024-12-02 04:45:00+00:00,1301.0999755859375,1305.9000244140625,1299.8499755859375,1304.199951171875,794057,59.77368482423632
2024-12-02 05:45:00+00:00,1304.1500244140625,1305.5999755859375,1301.0999755859375,1302.050048828125,796095,56.856139005528824
2024-12-02 06:45:00+00:00,1302.199951171875,1305.449951171875,1302.050048828125,1302.449951171875,1321698,57.2738932553947
2024-12-02 07:45:00+00:00,1302.300048828125,1306.8499755859375,1299.8499755859375,1306.699951171875,1221297,61.536456398661684
2024-12-02 08:45:00+00:00,1306.699951171875,1310.4000244140625,1304.300048828125,1304.6500244140625,2824830,58.5046465335069
2024-12-02 09:45:00+00:00,1304.6500244140625,1305.199951171875,1302.0999755859375,1304.0,892832,57.53661436675234
2024-12-03 03:45:00+00:00,1299.800048828125,1303.199951171875,1297.050048828125,1299.949951171875,0,51.78703885581181
2024-12-03 04:45:00+00:00,1299.550048828125,1305.0,1299.550048828125,1304.3499755859375,869492,56.8338214047921
2024-12-03 05:45:00+00:00,1304.75,1307.9000244140625,1304.699951171875,1305.949951171875,805209,58.53359141472709
2024-12-03 06:45:00+00:00,1305.5999755859375,1309.5,1304.0,1307.5999755859375,1345055,60.27105338366865
2024-12-03 07:45:00+00:00,1307.5999755859375,1310.0,1306.550048828125,1308.449951171875,1427751,61.17355355538941
2024-12-03 08:45:00+00:00,1308.449951171875,1312.800048828125,1307.199951171875,1308.25,3741407,60.82351655446875
2024-12-03 09:45:00+00:00,1308.449951171875,1308.6500244140625,1306.050048828125,1308.4000244140625,1017883,61.003816261789815
2024-12-04 03:45:00+00:00,1302.800048828125,1316.0,1301.699951171875,1315.8499755859375,0,68.70589959925637
2024-12-04 04:45:00+00:00,1315.800048828125,1317.9000244140625,1310.75,1314.5999755859375,1768746,66.33838708327836
2024-12-04 05:45:00+00:00,1314.5999755859375,1318.3499755859375,1307.699951171875,1313.300048828125,1935670,63.87341533747401
2024-12-04 06:45:00+00:00,1313.199951171875,1315.0,1311.3499755859375,1313.0,849256,63.288851444395455
2024-12-04 07:45:00+00:00,1312.75,1319.949951171875,1312.050048828125,1319.3499755859375,1271542,69.62460874413281
2024-12-04 08:45:00+00:00,1319.75,1320.0,1312.6500244140625,1316.4000244140625,2331942,64.09080512407598
2024-12-04 09:45:00+00:00,1316.199951171875,1317.0999755859375,1314.3499755859375,1316.050048828125,921858,63.44652252170973
2024-12-05 03:45:00+00:00,1316.300048828125,1319.800048828125,1312.0,1313.949951171875,0,59.576260728577374
2024-12-05 04:45:00+00:00,1314.199951171875,1316.800048828125,1308.8499755859375,1310.800048828125,861599,54.23264087394067
2024-12-05 05:45:00+00:00,1310.800048828125,1324.4000244140625,1308.6500244140625,1323.0999755859375,1749548,66.7674159276077
2024-12-05 06:45:00+00:00,1323.050048828125,1328.8499755859375,1322.6500244140625,1327.6500244140625,1943445,70.03667210694695
2024-12-05 07:45:00+00:00,1327.800048828125,1333.0,1323.3499755859375,1332.449951171875,1761981,73.04875493936015
2024-12-05 08:45:00+00:00,1332.5999755859375,1342.800048828125,1324.1500244140625,1338.5,8775696,76.28478719999761
2024-12-05 09:45:00+00:00,1338.5999755859375,1339.050048828125,1336.0,1336.1500244140625,2010357,72.63658755674648
2024-12-06 03:45:00+00:00,1345.4000244140625,1346.8499755859375,1329.5,1335.3499755859375,0,71.38493142713924
2024-12-06 04:45:00+00:00,1335.0999755859375,1346.050048828125,1332.1500244140625,1337.300048828125,1748035,72.62324512809002
2024-12-06 05:45:00+00:00,1337.300048828125,1339.0,1334.25,1335.449951171875,920979,69.54820880884795
2024-12-06 06:45:00+00:00,1335.4000244140625,1336.0999755859375,1331.699951171875,1332.5,766980,64.83426857444418
2024-12-06 07:45:00+00:00,1332.699951171875,1333.1500244140625,1329.6500244140625,1330.8499755859375,1463476,62.291048236468434
2024-12-06 08:45:00+00:00,1330.75,1332.5,1326.8499755859375,1328.550048828125,1922156,58.827147173094225
2024-12-06 09:45:00+00:00,1328.550048828125,1330.5999755859375,1328.0999755859375,1329.0,750799,59.303938433503944
2024-12-09 03:45:00+00:00,1321.9000244140625,1326.9000244140625,1320.5,1322.300048828125,0,50.01603808559898
2024-12-09 04:45:00+00:00,1322.8499755859375,1324.5999755859375,1320.800048828125,1323.5,981971,51.48164235770491
2024-12-09 05:45:00+00:00,1323.5,1329.0,1323.0,1325.800048828125,874783,54.25067996385255
2024-12-09 06:45:00+00:00,1325.699951171875,1327.550048828125,1322.5999755859375,1323.9000244140625,1206808,51.62932393881698
2024-12-09 07:45:00+00:00,1323.9000244140625,1325.199951171875,1322.800048828125,1323.6500244140625,724507,51.2782331889438
2024-12-09 08:45:00+00:00,1323.800048828125,1325.6500244140625,1321.0,1321.6500244140625,1890381,48.44028594651561
2024-12-09 09:45:00+00:00,1321.699951171875,1324.199951171875,1321.699951171875,1323.5,884927,51.134277759111605
2024-12-10 03:45:00+00:00,1319.0,1327.550048828125,1316.949951171875,1327.550048828125,0,56.49368783627285
2024-12-10 04:45:00+00:00,1327.300048828125,1329.800048828125,1325.949951171875,1327.9000244140625,696057,56.93324663033106
2024-12-10 05:45:00+00:00,1327.8499755859375,1332.0,1327.6500244140625,1330.0,620639,59.57262369397974
2024-12-10 06:45:00+00:00,1328.0,1329.699951171875,1324.4000244140625,1328.5,1180578,56.89060645408751
2024-12-10 07:45:00+00:00,1328.0,1328.449951171875,1324.3499755859375,1327.8499755859375,754220,55.719899350616394
2024-12-10 08:45:00+00:00,1327.9000244140625,1331.800048828125,1326.050048828125,1329.699951171875,2416837,58.34699019383287
2024-12-10 09:45:00+00:00,1329.699951171875,1332.0,1328.8499755859375,1330.449951171875,1197691,59.39867747401181
2024-12-11 03:45:00+00:00,1321.550048828125,1324.699951171875,1318.0999755859375,1319.5,0,42.51914653826147
2024-12-11 04:45:00+00:00,1319.050048828125,1327.199951171875,1316.0,1324.75,1115265,49.87406539677744
2024-12-11 05:45:00+00:00,1324.8499755859375,1329.3499755859375,1323.3499755859375,1326.699951171875,900085,52.314622745658674
2024-12-11 06:45:00+00:00,1326.949951171875,1328.699951171875,1324.3499755859375,1326.0,890129,51.348170934531296
2024-12-11 07:45:00+00:00,1326.050048828125,1330.4000244140625,1326.0,1330.050048828125,592180,56.37059722922208
2024-12-11 08:45:00+00:00,1330.0,1330.949951171875,1322.550048828125,1329.0999755859375,2034564,54.93785645321759
2024-12-11 09:45:00+00:00,1329.199951171875,1330.949951171875,1326.550048828125,1327.5,1108589,52.51707029158202
2024-12-12 03:45:00+00:00,1326.8499755859375,1338.0,1325.25,1336.0999755859375,0,62.16699812756352
2024-12-12 04:45:00+00:00,1336.0999755859375,1338.75,1332.699951171875,1333.8499755859375,817368,58.800066048514225
2024-12-12 05:45:00+00:00,1333.5999755859375,1335.949951171875,1326.0999755859375,1327.050048828125,1027551,49.9885368626134
2024-12-12 06:45:00+00:00,1327.050048828125,1330.800048828125,1325.550048828125,1329.5999755859375,1090770,52.84240109903519
2024-12-12 07:45:00+00:00,1329.5999755859375,1332.0,1327.199951171875,1327.9000244140625,867639,50.762695559948575
2024-12-12 08:45:00+00:00,1327.8499755859375,1332.0,1327.75,1329.199951171875,2096515,52.308406423098184
2024-12-12 09:45:00+00:00,1329.0999755859375,1331.699951171875,1328.800048828125,1329.25,1351963,52.3704034133459
2024-12-13 03:45:00+00:00,1325.300048828125,1334.949951171875,1318.050048828125,1320.699951171875,0,42.262833608917916
2024-12-13 04:45:00+00:00,1320.699951171875,1322.800048828125,1313.550048828125,1319.25,1187032,40.82388709951541
2024-12-13 05:45:00+00:00,1319.050048828125,1340.25,1318.050048828125,1336.6500244140625,1935516,58.90589712106131
2024-12-13 06:45:00+00:00,1336.8499755859375,1343.0,1334.199951171875,1340.8499755859375,1899636,61.92977844478003
2024-12-13 07:45:00+00:00,1340.5,1342.300048828125,1333.8499755859375,1339.300048828125,2260487,60.17016189969522
2024-12-13 08:45:00+00:00,1339.300048828125,1345.949951171875,1338.5,1345.800048828125,3015123,64.69997596252881
2024-12-13 09:45:00+00:00,1345.75,1347.050048828125,1344.550048828125,1346.5,1055208,65.15948647758538
2024-12-16 03:45:00+00:00,1342.0999755859375,1350.449951171875,1340.949951171875,1346.6500244140625,0,65.26385773488835
2024-12-16 04:45:00+00:00,1346.550048828125,1348.1500244140625,1342.0,1342.3499755859375,1327588,59.73982265440354
2024-12-16 05:45:00+00:00,1342.3499755859375,1345.6500244140625,1340.050048828125,1341.1500244140625,1244777,58.25794044459133
2024-12-16 06:45:00+00:00,1341.199951171875,1348.449951171875,1340.5,1348.0999755859375,919453,63.850993998387786
2024-12-16 07:45:00+00:00,1348.050048828125,1349.0,1344.949951171875,1347.699951171875,1035160,63.32504931564845
2024-12-16 08:45:00+00:00,1347.75,1349.9000244140625,1345.550048828125,1345.5999755859375,1716532,60.50736039040589
2024-12-16 09:45:00+00:00,1345.550048828125,1346.199951171875,1343.75,1343.75,860502,58.05657461165807
2024-12-17 03:45:00+00:00,1342.050048828125,1347.9000244140625,1335.300048828125,1336.699951171875,0,49.781434392398076
2024-12-17 04:45:00+00:00,1336.699951171875,1339.1500244140625,1330.0,1334.699951171875,1277925,47.70411923978779
2024-12-17 05:45:00+00:00,1334.8499755859375,1336.4000244140625,1326.050048828125,1329.449951171875,1325582,42.67053789382064
2024-12-17 06:45:00+00:00,1329.4000244140625,1335.0,1327.050048828125,1330.199951171875,1104959,43.586320270269994
2024-12-17 07:45:00+00:00,1330.0999755859375,1331.5,1326.75,1328.050048828125,959024,41.537980731291725
2024-12-17 08:45:00+00:00,1328.0,1334.550048828125,1327.3499755859375,1332.800048828125,2352350,47.41763047175879
2024-12-17 09:45:00+00:00,1332.800048828125,1335.550048828125,1332.550048828125,1334.0,1229242,48.818021631120914
2024-12-18 03:45:00+00:00,1327.949951171875,1334.9000244140625,1319.5999755859375,1319.8499755859375,0,36.48006775950401
2024-12-18 04:45:00+00:00,1320.0,1324.699951171875,1313.550048828125,1315.800048828125,970829,33.84364663983847
2024-12-18 05:45:00+00:00,1315.75,1316.5,1311.0,1313.800048828125,738979,32.59101176559135
2024-12-18 06:45:00+00:00,1313.800048828125,1317.300048828125,1311.449951171875,1315.6500244140625,1159602,34.98797687592031
2024-12-18 07:45:00+00:00,1315.550048828125,1316.550048828125,1309.0999755859375,1309.75,1162525,31.18001400775961
2024-12-18 08:45:00+00:00,1309.8499755859375,1313.4000244140625,1307.5,1313.199951171875,1918946,35.59412435972213
2024-12-18 09:45:00+00:00,1313.300048828125,1317.8499755859375,1313.300048828125,1314.1500244140625,823865,36.796386949714034
2024-12-19 03:45:00+00:00,1292.300048828125,1303.0,1289.1500244140625,1295.9000244140625,0,26.545605984588448
2024-12-19 04:45:00+00:00,1295.8499755859375,1298.050048828125,1289.0999755859375,1291.300048828125,1104223,24.679383472457786
2024-12-19 05:45:00+00:00,1291.449951171875,1296.0,1290.1500244140625,1293.8499755859375,902327,27.71318209885831
2024-12-19 06:45:00+00:00,1294.199951171875,1294.8499755859375,1289.0,1289.800048828125,1582376,25.92698628065122
2024-12-19 07:45:00+00:00,1289.5,1289.75,1284.6500244140625,1288.199951171875,1437167,25.234949594679705
2024-12-19 08:45:00+00:00,1288.25,1289.4000244140625,1284.5999755859375,1286.699951171875,2708205,24.572792485326502
2024-12-19 09:45:00+00:00,1286.800048828125,1289.5,1286.25,1286.9000244140625,919026,24.856019864377018
2024-12-20 03:45:00+00:00,1287.9000244140625,1296.25,1281.0,1285.5999755859375,0,24.219620302629053
2024-12-20 04:45:00+00:00,1285.5999755859375,1290.449951171875,1283.699951171875,1287.300048828125,888762,26.856947518956787
2024-12-20 05:45:00+00:00,1287.300048828125,1289.800048828125,1284.6500244140625,1286.3499755859375,1115417,26.305967739331095
2024-12-20 06:45:00+00:00,1286.5999755859375,1288.4000244140625,1280.1500244140625,1284.8499755859375,1707537,25.41929892381242
2024-12-20 07:45:00+00:00,1284.8499755859375,1287.550048828125,1282.0999755859375,1283.6500244140625,1153179,24.702006279026506
2024-12-20 08:45:00+00:00,1283.5999755859375,1293.25,1272.5999755859375,1288.300048828125,28928113,32.635103854204175
2024-12-20 09:45:00+00:00,1288.3499755859375,1297.5999755859375,1283.199951171875,1288.4000244140625,22913353,32.7990338081635
2024-12-23 03:45:00+00:00,1298.050048828125,1307.0,1294.0,1304.9000244140625,0,53.08876222539925
2024-12-23 04:45:00+00:00,1304.9000244140625,1306.1500244140625,1295.6500244140625,1296.4000244140625,1145359,45.47208953794199
2024-12-23 05:45:00+00:00,1296.300048828125,1296.9000244140625,1289.050048828125,1291.1500244140625,914155,41.51069782688896
2024-12-23 06:45:00+00:00,1291.050048828125,1291.4000244140625,1287.050048828125,1288.4000244140625,596346,39.56629460825872
2024-12-23 07:45:00+00:00,1288.3499755859375,1292.6500244140625,1287.25,1292.25,1086112,43.55268263006445
2024-12-23 08:45:00+00:00,1292.199951171875,1297.050048828125,1291.699951171875,1297.050048828125,1533290,48.14530554885369
2024-12-23 09:45:00+00:00,1296.800048828125,1299.5,1294.949951171875,1297.3499755859375,530401,48.427656069498006
2024-12-24 03:45:00+00:00,1297.75,1301.949951171875,1290.25,1292.550048828125,0,44.27292594159994
2024-12-24 04:45:00+00:00,1292.4000244140625,1294.800048828125,1290.8499755859375,1292.5,575846,44.23031575897242
2024-12-24 05:45:00+00:00,1292.449951171875,1299.0,1292.0999755859375,1298.800048828125,479273,50.66680567731747
2024-12-24 06:45:00+00:00,1298.800048828125,1300.0,1295.0999755859375,1297.050048828125,963587,48.97592721920018
2024-12-24 07:45:00+00:00,1297.199951171875,1297.800048828125,1294.5999755859375,1295.25,1360110,47.22995504004592
2024-12-24 08:45:00+00:00,1295.300048828125,1298.699951171875,1293.050048828125,1296.699951171875,2509303,48.81291109467703
2024-12-24 09:45:00+00:00,1296.8499755859375,1299.6500244140625,1296.5999755859375,1298.699951171875,625265,50.99649478609593
2024-12-26 03:45:00+00:00,1303.9000244140625,1312.75,1295.25,1295.4000244140625,0,47.40332911074204
2024-12-26 04:45:00+00:00,1295.75,1299.4000244140625,1289.4000244140625,1292.949951171875,449535,44.87518063636044
2024-12-26 05:45:00+00:00,1292.9000244140625,1295.75,1291.0999755859375,1292.5999755859375,497369,44.510010882600405
2024-12-26 06:45:00+00:00,1292.699951171875,1294.949951171875,1290.6500244140625,1294.300048828125,743747,46.77576402427013
2024-12-26 07:45:00+00:00,1294.25,1297.9000244140625,1290.0,1296.699951171875,1620613,49.886501053409155
2024-12-26 08:45:00+00:00,1296.25,1298.4000244140625,1294.300048828125,1298.300048828125,2385044,51.904834374938055
2024-12-26 09:45:00+00:00,1298.300048828125,1300.75,1297.300048828125,1298.5,710491,52.164105535055
2024-12-27 03:45:00+00:00,1301.3499755859375,1315.0,1300.1500244140625,1313.8499755859375,0,66.91110041144556
2024-12-27 04:45:00+00:00,1313.949951171875,1315.949951171875,1306.4000244140625,1307.8499755859375,548725,59.22536200051328
2024-12-27 05:45:00+00:00,1307.6500244140625,1308.0999755859375,1303.3499755859375,1304.949951171875,427876,55.8840982347128
2024-12-27 06:45:00+00:00,1304.949951171875,1305.550048828125,1302.0999755859375,1304.800048828125,691476,55.70914539910117
2024-12-27 07:45:00+00:00,1304.300048828125,1308.8499755859375,1303.9000244140625,1305.300048828125,741397,56.20167967467544
2024-12-27 08:45:00+00:00,1305.300048828125,1309.25,1304.6500244140625,1306.6500244140625,923390,57.57350907073874
2024-12-27 09:45:00+00:00,1306.5999755859375,1309.949951171875,1306.449951171875,1307.4000244140625,409209,58.35394375639468
2024-12-30 03:45:00+00:00,1303.949951171875,1314.75,1303.949951171875,1313.9000244140625,0,64.45631563701706
2024-12-30 04:45:00+00:00,1313.75,1315.75,1311.199951171875,1313.8499755859375,537574,64.37809377643762
2024-12-30 05:45:00+00:00,1313.6500244140625,1326.199951171875,1313.300048828125,1324.25,1860664,71.98596923887271
2024-12-30 06:45:00+00:00,1324.300048828125,1324.699951171875,1305.5,1306.75,2062712,51.89969400603498
2024-12-30 07:45:00+00:00,1306.75,1309.4000244140625,1294.6500244140625,1294.949951171875,1486985,43.15552745721951
2024-12-30 08:45:00+00:00,1295.25,1298.25,1289.800048828125,1292.5999755859375,4159814,41.65052124071794
2024-12-30 09:45:00+00:00,1292.25,1298.699951171875,1291.949951171875,1295.800048828125,2542165,44.48947582171567
2024-12-31 03:45:00+00:00,1288.300048828125,1288.8499755859375,1281.300048828125,1284.0999755859375,0,37.33675355305884
2024-12-31 04:45:00+00:00,1283.949951171875,1287.550048828125,1281.300048828125,1286.25,493964,39.26900639334162
2024-12-31 05:45:00+00:00,1286.0999755859375,1286.5,1281.949951171875,1283.0999755859375,368160,37.44710637810731
2024-12-31 06:45:00+00:00,1283.050048828125,1286.5,1281.0,1282.5999755859375,666043,37.15245874594974
2024-12-31 07:45:00+00:00,1282.550048828125,1284.449951171875,1281.1500244140625,1283.550048828125,1430218,38.14834058491437
2024-12-31 08:45:00+00:00,1283.550048828125,1284.5999755859375,1280.5,1281.8499755859375,3084174,37.01795358070716
2024-12-31 09:45:00+00:00,1281.75,1283.550048828125,1280.9000244140625,1281.6500244140625,1710305,36.87954022182221
2025-01-01 03:45:00+00:00,1282.0,1284.5,1267.199951171875,1278.199951171875,0,34.48364505221065
2025-01-01 04:45:00+00:00,1278.1500244140625,1291.0,1277.0,1289.0,721742,46.2544666704628
2025-01-01 05:45:00+00:00,1288.6500244140625,1290.949951171875,1285.949951171875,1288.800048828125,550812,46.08936908098221
2025-01-01 06:45:00+00:00,1288.75,1291.949951171875,1285.699951171875,1286.050048828125,408762,43.77513152250455
2025-01-01 07:45:00+00:00,1286.0,1293.0,1285.8499755859375,1289.5,700238,47.3469982624201
2025-01-01 08:45:00+00:00,1289.449951171875,1289.8499755859375,1280.8499755859375,1283.1500244140625,856878,42.051659711386414
2025-01-01 09:45:00+00:00,1283.300048828125,1286.25,1282.75,1283.3499755859375,456543,42.2706046305759
2025-01-02 03:45:00+00:00,1288.800048828125,1289.0,1278.9000244140625,1280.800048828125,0,40.18539123404508
2025-01-02 04:45:00+00:00,1280.3499755859375,1289.8499755859375,1280.25,1288.699951171875,747625,48.6387003598581
2025-01-02 05:45:00+00:00,1288.699951171875,1292.0999755859375,1283.199951171875,1283.25,972463,44.017060569906725
2025-01-02 06:45:00+00:00,1283.699951171875,1289.949951171875,1281.550048828125,1287.0999755859375,1457750,47.7911185511601
2025-01-02 07:45:00+00:00,1287.050048828125,1291.0,1286.0999755859375,1288.800048828125,1174133,49.412880697129246
2025-01-02 08:45:00+00:00,1288.800048828125,1293.300048828125,1287.9000244140625,1291.3499755859375,1652811,51.82982028235743
2025-01-02 09:45:00+00:00,1291.3499755859375,1291.75,1290.0,1291.0,695958,51.4663707484229
2025-01-03 03:45:00+00:00,1286.050048828125,1287.75,1272.199951171875,1273.449951171875,0,37.32977004810207
2025-01-03 04:45:00+00:00,1273.5,1277.4000244140625,1266.550048828125,1270.0,1870497,35.27837491437165
2025-01-03 05:45:00+00:00,1270.050048828125,1274.550048828125,1268.550048828125,1271.8499755859375,1546872,37.269108741568246
2025-01-03 06:45:00+00:00,1271.800048828125,1272.1500244140625,1267.5999755859375,1269.6500244140625,1188327,35.85668300453128
2025-01-03 07:45:00+00:00,1269.5,1271.699951171875,1262.5999755859375,1264.699951171875,1244612,32.840805596236464
2025-01-03 08:45:00+00:00,1265.050048828125,1269.25,1262.949951171875,1264.300048828125,2607073,32.60223443407027
2025-01-03 09:45:00+00:00,1264.3499755859375,1266.8499755859375,1264.0,1265.1500244140625,1372723,33.70459771806833
2025-01-06 03:45:00+00:00,1265.25,1276.3499755859375,1263.25,1275.699951171875,0,45.598352264707934
2025-01-06 04:45:00+00:00,1275.800048828125,1277.699951171875,1263.4000244140625,1267.0,814212,39.33176550731671
2025-01-06 05:45:00+00:00,1267.050048828125,1271.949951171875,1261.1500244140625,1267.300048828125,1162466,39.639865656146064
2025-01-06 06:45:00+00:00,1267.0999755859375,1268.449951171875,1263.5999755859375,1267.1500244140625,811340,39.5317642269858
2025-01-06 07:45:00+00:00,1266.949951171875,1267.25,1258.5,1259.5999755859375,1278450,34.44136216967058
2025-01-06 08:45:00+00:00,1259.6500244140625,1264.4000244140625,1257.1500244140625,1261.949951171875,1593561,37.153940062196476
2025-01-06 09:45:00+00:00,1261.8499755859375,1267.300048828125,1261.8499755859375,1264.0999755859375,727301,39.61567471523548
2025-01-07 03:45:00+00:00,1270.0,1281.0,1268.699951171875,1279.6500244140625,0,53.731883004961354
2025-01-07 04:45:00+00:00,1280.0,1283.449951171875,1277.0,1278.050048828125,872600,52.375177370240834
2025-01-07 05:45:00+00:00,1278.199951171875,1284.8499755859375,1277.25,1283.800048828125,691578,56.61486352142042
2025-01-07 06:45:00+00:00,1284.0,1286.4000244140625,1283.449951171875,1286.0999755859375,834236,58.21711117853077
2025-01-07 07:45:00+00:00,1285.8499755859375,1288.75,1278.1500244140625,1279.4000244140625,1372436,52.17244673859357
2025-01-07 08:45:00+00:00,1279.4000244140625,1282.300048828125,1275.25,1279.8499755859375,1512923,52.528921736246225
2025-01-07 09:45:00+00:00,1279.8499755859375,1280.5999755859375,1276.949951171875,1279.25,924060,51.97266057868351
2025-01-08 03:45:00+00:00,1281.949951171875,1285.0,1277.0,1277.4000244140625,0,50.2071790751555
2025-01-08 04:45:00+00:00,1277.5999755859375,1278.550048828125,1261.75,1262.050048828125,700669,38.51605239474677
2025-01-08 05:45:00+00:00,1261.800048828125,1262.4000244140625,1257.050048828125,1258.949951171875,1060305,36.6594095008127
2025-01-08 06:45:00+00:00,1258.75,1261.3499755859375,1252.5999755859375,1253.800048828125,1031906,33.74898937156746
2025-01-08 07:45:00+00:00,1253.800048828125,1265.550048828125,1253.0,1265.25,1341015,44.33109768532482
2025-01-08 08:45:00+00:00,1265.0,1267.300048828125,1262.300048828125,1263.449951171875,1655564,43.16384428787356
2025-01-08 09:45:00+00:00,1263.3499755859375,1265.949951171875,1262.050048828125,1265.6500244140625,747307,45.067648945522706
2025-01-09 03:45:00+00:00,1260.699951171875,1263.699951171875,1253.5999755859375,1256.8499755859375,0,39.38488178587273
2025-01-09 04:45:00+00:00,1256.550048828125,1261.0,1250.0999755859375,1250.550048828125,949410,35.8953419820309
2025-01-09 05:45:00+00:00,1250.550048828125,1252.9000244140625,1248.1500244140625,1252.199951171875,1353011,37.45818905982705
2025-01-09 06:45:00+00:00,1251.6500244140625,1257.25,1251.050048828125,1252.949951171875,1013389,38.19580880214969
2025-01-09 07:45:00+00:00,1253.3499755859375,1262.5,1252.8499755859375,1261.4000244140625,957214,45.93292077323031
2025-01-09 08:45:00+00:00,1261.550048828125,1263.699951171875,1257.050048828125,1261.449951171875,2313041,45.975954170639305
2025-01-09 09:45:00+00:00,1261.3499755859375,1264.75,1260.949951171875,1262.4000244140625,1043621,46.84299909689805
2025-01-10 03:45:00+00:00,1260.0,1264.75,1249.5999755859375,1251.300048828125,0,38.97310144902685
2025-01-10 04:45:00+00:00,1251.4000244140625,1258.050048828125,1246.5,1257.550048828125,1095983,44.61540035131151
2025-01-10 05:45:00+00:00,1257.6500244140625,1260.800048828125,1250.0999755859375,1252.550048828125,613577,41.32378166793672
2025-01-10 06:45:00+00:00,1252.199951171875,1255.199951171875,1246.1500244140625,1247.199951171875,494697,38.08587002346546
2025-01-10 07:45:00+00:00,1247.1500244140625,1249.949951171875,1245.449951171875,1246.0999755859375,509789,37.436391292589555
2025-01-10 08:45:00+00:00,1246.449951171875,1247.8499755859375,1243.1500244140625,1244.0999755859375,1445046,36.226735294719475
2025-01-10 09:45:00+00:00,1244.199951171875,1253.3499755859375,1244.1500244140625,1249.8499755859375,2852001,42.026616343474764
2025-01-13 03:45:00+00:00,1235.0999755859375,1243.0999755859375,1232.5999755859375,1240.9000244140625,0,36.4672981853351
2025-01-13 04:45:00+00:00,1242.949951171875,1243.699951171875,1237.0,1240.8499755859375,981484,36.43827047440057
2025-01-13 05:45:00+00:00,1240.949951171875,1243.4000244140625,1230.0,1230.1500244140625,1327735,30.7946583508687
2025-01-13 06:45:00+00:00,1230.0999755859375,1232.4000244140625,1227.25,1229.050048828125,801952,30.275527246160138
2025-01-13 07:45:00+00:00,1229.050048828125,1229.449951171875,1225.699951171875,1226.949951171875,828647,29.26129744475557
2025-01-13 08:45:00+00:00,1227.1500244140625,1230.0,1225.0,1228.5999755859375,2673092,31.21113468736965
2025-01-13 09:45:00+00:00,1229.699951171875,1233.0,1229.5999755859375,1231.0,1021821,34.058291826046656
2025-01-14 03:45:00+00:00,1233.550048828125,1236.0,1230.0999755859375,1230.800048828125,0,33.932283467159664
2025-01-14 04:45:00+00:00,1230.800048828125,1238.0,1227.449951171875,1236.25,1696369,40.404369110667446
2025-01-14 05:45:00+00:00,1236.050048828125,1238.300048828125,1231.25,1231.949951171875,1220194,37.299631126955596
2025-01-14 06:45:00+00:00,1232.1500244140625,1235.5,1229.300048828125,1234.550048828125,1566253,40.28750852684003
2025-01-14 07:45:00+00:00,1234.5,1242.25,1232.9000244140625,1241.449951171875,1517065,47.44476568892061
2025-01-14 08:45:00+00:00,1241.5,1243.6500244140625,1236.300048828125,1241.1500244140625,2463361,47.18003963677558
2025-01-14 09:45:00+00:00,1240.800048828125,1244.5999755859375,1240.25,1240.300048828125,0,46.39007191778786
2025-01-15 03:45:00+00:00,1235.1500244140625,1240.949951171875,1232.199951171875,1237.5,1806951,43.78895733317697
2025-01-15 04:45:00+00:00,1237.3499755859375,1244.4000244140625,1235.6500244140625,1241.449951171875,862395,48.201251986361534
2025-01-15 05:45:00+00:00,1241.449951171875,1241.8499755859375,1236.0,1237.3499755859375,376776,44.31305067622289
2025-01-15 06:45:00+00:00,1237.75,1239.199951171875,1236.0,1236.300048828125,421971,43.348713187940724
2025-01-15 07:45:00+00:00,1236.199951171875,1236.3499755859375,1230.050048828125,1234.699951171875,539000,41.8538382508202
2025-01-15 08:45:00+00:00,1234.5999755859375,1238.699951171875,1234.3499755859375,1237.6500244140625,948890,45.5799717153426
2025-01-15 09:45:00+00:00,1237.9000244140625,1240.0,1236.6500244140625,1238.25,398635,46.33320324691722
2025-01-16 03:45:00+00:00,1246.5999755859375,1255.300048828125,1241.5999755859375,1245.9000244140625,0,54.90400796426801
2025-01-16 04:45:00+00:00,1246.0,1248.699951171875,1239.9000244140625,1241.449951171875,1716416,49.910592806240786
2025-01-16 05:45:00+00:00,1241.449951171875,1248.0,1240.300048828125,1245.300048828125,1497868,53.82353622033268
2025-01-16 06:45:00+00:00,1245.75,1253.050048828125,1244.5,1253.050048828125,2300049,60.510828936071974
2025-01-16 07:45:00+00:00,1252.949951171875,1253.75,1249.050048828125,1250.8499755859375,1142654,57.94535045631755
2025-01-16 08:45:00+00:00,1250.449951171875,1250.8499755859375,1243.9000244140625,1249.699951171875,2446144,56.594631136534005
2025-01-16 09:45:00+00:00,1249.6500244140625,1253.3499755859375,1249.0999755859375,1249.0999755859375,1316809,55.863016969798686
2025-01-17 03:45:00+00:00,1245.449951171875,1245.449951171875,1225.25,1226.0,0,36.369014069337574
2025-01-17 04:45:00+00:00,1226.0,1230.25,1218.9000244140625,1224.0999755859375,1420298,35.27852966266673
2025-01-17 05:45:00+00:00,1224.0,1229.0,1223.0,1226.9000244140625,775818,38.21846470711457
2025-01-17 06:45:00+00:00,1227.199951171875,1230.449951171875,1223.0999755859375,1223.0999755859375,907696,35.83913239052751
2025-01-17 07:45:00+00:00,1223.3499755859375,1224.6500244140625,1221.0,1222.5999755859375,1020966,35.52573852430763
2025-01-17 08:45:00+00:00,1222.6500244140625,1227.3499755859375,1222.0,1224.25,2408987,37.469009489874075
2025-01-17 09:45:00+00:00,1224.4000244140625,1227.6500244140625,1224.300048828125,1225.199951171875,1638110,38.61609837327979
2025-01-20 03:45:00+00:00,1222.5999755859375,1222.5999755859375,1215.300048828125,1219.449951171875,0,34.491640611474395
2025-01-20 04:45:00+00:00,1219.3499755859375,1223.300048828125,1218.0,1221.9000244140625,671238,37.55227192374228
2025-01-20 05:45:00+00:00,1221.5,1230.9000244140625,1221.5,1230.0999755859375,979238,46.552589701792655
2025-01-20 06:45:00+00:00,1230.1500244140625,1239.3499755859375,1228.75,1237.449951171875,1496653,53.08023229522392
2025-01-20 07:45:00+00:00,1237.1500244140625,1241.550048828125,1234.550048828125,1236.6500244140625,818709,52.33113391694602
2025-01-20 08:45:00+00:00,1236.75,1237.3499755859375,1233.5,1233.949951171875,1530004,49.77755319366574
2025-01-20 09:45:00+00:00,1234.0,1234.0999755859375,1230.5,1232.0,663845,47.95752109503632
2025-01-21 03:45:00+00:00,1236.0999755859375,1238.949951171875,1221.6500244140625,1222.949951171875,0,40.54747100842999
2025-01-21 04:45:00+00:00,1222.949951171875,1223.0,1213.449951171875,1214.6500244140625,1363892,35.178942988261824
2025-01-21 05:45:00+00:00,1214.5999755859375,1227.6500244140625,1209.3499755859375,1214.0,3874418,34.79044256394812
2025-01-21 06:45:00+00:00,1214.0999755859375,1215.0999755859375,1201.75,1206.449951171875,3275776,30.56785682156631
2025-01-21 07:45:00+00:00,1206.5,1207.300048828125,1201.0999755859375,1201.199951171875,2447575,28.021043814465145
2025-01-21 08:45:00+00:00,1201.0999755859375,1201.9000244140625,1192.949951171875,1196.25,6491185,25.835427072741453
2025-01-21 09:45:00+00:00,1196.25,1198.449951171875,1195.699951171875,1197.25,1530759,27.072974826455464
2025-01-22 03:45:00+00:00,1201.0,1206.050048828125,1196.6500244140625,1204.800048828125,0,35.78530514491243
2025-01-22 04:45:00+00:00,1204.800048828125,1207.449951171875,1198.800048828125,1200.949951171875,965830,33.58207421360598
2025-01-22 05:45:00+00:00,1200.949951171875,1202.0,1194.4000244140625,1196.5,1349512,31.19171723419619
2025-01-22 06:45:00+00:00,1196.550048828125,1199.8499755859375,1191.8499755859375,1199.449951171875,1579847,34.519183041181364
2025-01-22 07:45:00+00:00,1199.3499755859375,1204.199951171875,1197.199951171875,1201.5999755859375,985798,36.913717364545754
2025-01-22 08:45:00+00:00,1201.5999755859375,1203.0999755859375,1195.9000244140625,1202.050048828125,2711411,37.42954048898944
2025-01-22 09:45:00+00:00,1202.0999755859375,1202.6500244140625,1198.5999755859375,1200.449951171875,1152575,36.2933759854881
2025-01-23 03:45:00+00:00,1196.9000244140625,1202.199951171875,1187.0,1200.75,0,36.68151505930831
2025-01-23 04:45:00+00:00,1200.300048828125,1207.9000244140625,1199.300048828125,1203.9000244140625,880606,40.761982860730726
2025-01-23 05:45:00+00:00,1203.9000244140625,1206.0,1202.550048828125,1203.0999755859375,640682,40.055935911075935
2025-01-23 06:45:00+00:00,1203.0,1206.9000244140625,1202.25,1205.449951171875,787877,43.169727613372146
2025-01-23 07:45:00+00:00,1205.0,1205.9000244140625,1202.0,1205.3499755859375,1412640,43.06723191870409
2025-01-23 08:45:00+00:00,1204.800048828125,1205.5999755859375,1199.949951171875,1202.199951171875,2085226,39.85632160993814
2025-01-23 09:45:00+00:00,1202.199951171875,1203.25,1200.0,1201.75,962937,39.40440105305098
2025-01-24 03:45:00+00:00,1204.0,1212.0,1202.4000244140625,1206.25,0,45.999136749746135
2025-01-24 04:45:00+00:00,1206.199951171875,1217.25,1205.550048828125,1217.0,1313573,57.811377531161106
2025-01-24 05:45:00+00:00,1217.25,1217.949951171875,1211.1500244140625,1215.25,1203497,55.67628782012552
2025-01-24 06:45:00+00:00,1215.0999755859375,1215.3499755859375,1207.0,1212.550048828125,1329928,52.45735618376314
2025-01-24 07:45:00+00:00,1212.0999755859375,1212.75,1205.699951171875,1206.449951171875,1265066,45.98812402389581
2025-01-24 08:45:00+00:00,1206.4000244140625,1209.550048828125,1202.0999755859375,1208.050048828125,1970408,47.806392617300496
2025-01-24 09:45:00+00:00,1208.1500244140625,1214.800048828125,1208.050048828125,1214.75,695518,54.685275996232534
2025-01-27 03:45:00+00:00,1201.6500244140625,1232.6500244140625,1199.550048828125,1230.0,0,65.75006763210588
2025-01-27 04:45:00+00:00,1228.9000244140625,1234.199951171875,1224.1500244140625,1229.800048828125,2213205,65.52415312976001
2025-01-27 05:45:00+00:00,1229.699951171875,1234.449951171875,1225.9000244140625,1228.3499755859375,1784374,63.811776044286724
2025-01-27 06:45:00+00:00,1228.449951171875,1232.550048828125,1220.300048828125,1224.800048828125,1791165,59.698609062018484
2025-01-27 07:45:00+00:00,1224.800048828125,1227.199951171875,1221.449951171875,1226.5,1156381,60.99517780866606
2025-01-27 08:45:00+00:00,1226.25,1230.199951171875,1225.25,1229.550048828125,2275220,63.27792469229799
2025-01-27 09:45:00+00:00,1229.5,1229.550048828125,1225.0999755859375,1227.949951171875,1120944,61.25262840781724
2025-01-28 03:45:00+00:00,1242.6500244140625,1258.699951171875,1236.199951171875,1256.25,0,75.9276806095877
2025-01-28 04:45:00+00:00,1256.699951171875,1261.8499755859375,1250.300048828125,1254.300048828125,3292216,73.85218420058925
2025-01-28 05:45:00+00:00,1254.699951171875,1264.0,1252.1500244140625,1262.8499755859375,2304789,76.84140138144369
2025-01-28 06:45:00+00:00,1262.5,1263.199951171875,1255.25,1256.75,1506416,70.63693697628653
2025-01-28 07:45:00+00:00,1256.300048828125,1256.75,1252.1500244140625,1252.75,1316104,66.82650388874836
2025-01-28 08:45:00+00:00,1252.75,1257.300048828125,1245.0999755859375,1245.9000244140625,3182024,60.779841004930226
2025-01-28 09:45:00+00:00,1245.9000244140625,1248.4000244140625,1245.0,1246.75,702443,61.24839412163081
2025-01-29 03:45:00+00:00,1253.5999755859375,1255.5999755859375,1243.550048828125,1250.0,0,63.06535271350144
2025-01-29 04:45:00+00:00,1250.0,1253.550048828125,1249.0,1250.050048828125,866835,63.094050403849145
2025-01-29 05:45:00+00:00,1250.25,1252.300048828125,1245.3499755859375,1249.4000244140625,908083,62.415741431475574
2025-01-29 06:45:00+00:00,1249.0999755859375,1251.449951171875,1243.800048828125,1245.199951171875,1020407,58.071498855322595
2025-01-29 07:45:00+00:00,1245.050048828125,1252.25,1243.0999755859375,1251.199951171875,1111943,62.12686658924392
2025-01-29 08:45:00+00:00,1251.550048828125,1253.5,1249.8499755859375,1251.050048828125,1560192,61.965611474111924
2025-01-29 09:45:00+00:00,1251.050048828125,1252.6500244140625,1250.300048828125,1251.0999755859375,470089,62.00098806490698
2025-01-30 03:45:00+00:00,1248.6500244140625,1251.199951171875,1239.5,1249.6500244140625,0,60.24836116201775
2025-01-30 04:45:00+00:00,1249.800048828125,1251.199951171875,1245.699951171875,1248.8499755859375,1149426,59.25307141571987
2025-01-30 05:45:00+00:00,1248.9000244140625,1250.0,1244.6500244140625,1246.75,1245609,56.60958723499705
2025-01-30 06:45:00+00:00,1246.9000244140625,1252.449951171875,1244.300048828125,1251.550048828125,1199393,60.90320250104717
2025-01-30 07:45:00+00:00,1251.8499755859375,1255.9000244140625,1250.4000244140625,1253.4000244140625,1936792,62.445596198078626
2025-01-30 08:45:00+00:00,1253.5999755859375,1258.050048828125,1248.25,1257.1500244140625,2942366,65.42333823914795
2025-01-30 09:45:00+00:00,1257.1500244140625,1259.8499755859375,1255.449951171875,1259.8499755859375,1190802,67.42599571316102
2025-01-31 03:45:00+00:00,1254.300048828125,1255.9000244140625,1242.0,1243.1500244140625,0,48.65475812095743
2025-01-31 04:45:00+00:00,1243.1500244140625,1247.8499755859375,1240.8499755859375,1241.5,1248848,47.25493688484483
2025-01-31 05:45:00+00:00,1241.5,1243.050048828125,1239.0999755859375,1241.550048828125,1238201,47.30446015837252
2025-01-31 06:45:00+00:00,1241.9000244140625,1251.300048828125,1240.8499755859375,1250.050048828125,1250639,55.027438974777716
2025-01-31 07:45:00+00:00,1250.050048828125,1250.699951171875,1243.5,1243.5,1297501,49.0604797329991
2025-01-31 08:45:00+00:00,1243.800048828125,1254.8499755859375,1242.5,1253.9000244140625,2840237,57.02816506285067
2025-01-31 09:45:00+00:00,1253.5999755859375,1255.0,1251.0999755859375,1252.800048828125,1130919,56.029934621280354
2025-02-03 03:45:00+00:00,1246.3499755859375,1248.5,1238.0,1239.449951171875,0,45.59783522041197
2025-02-03 04:45:00+00:00,1239.75,1247.1500244140625,1238.800048828125,1247.0999755859375,667059,51.204382409307776
2025-02-03 05:45:00+00:00,1247.199951171875,1250.0,1241.949951171875,1250.0,416833,53.1744699251211
2025-02-03 06:45:00+00:00,1250.0,1260.0,1248.75,1259.949951171875,678565,59.25307000974353
2025-02-03 07:45:00+00:00,1259.949951171875,1260.0,1252.5999755859375,1256.75,805057,56.70366359587843
2025-02-03 08:45:00+00:00,1256.0,1257.4000244140625,1251.8499755859375,1253.1500244140625,1532216,53.89427547009131
2025-02-03 09:45:00+00:00,1253.300048828125,1254.0999755859375,1252.0,1253.0,701146,53.774704508220495
2025-02-04 03:45:00+00:00,1262.800048828125,1280.5,1261.6500244140625,1277.0999755859375,0,66.59576527326612
2025-02-04 04:45:00+00:00,1277.300048828125,1280.0,1267.1500244140625,1273.9000244140625,1851082,64.05531405774927
2025-02-04 05:45:00+00:00,1274.300048828125,1276.0999755859375,1270.050048828125,1272.949951171875,1579624,63.28342894071002
2025-02-04 06:45:00+00:00,1272.9000244140625,1275.5999755859375,1266.0,1268.5,1393625,59.65729452565807
2025-02-04 07:45:00+00:00,1268.550048828125,1269.9000244140625,1260.0,1261.6500244140625,2052452,54.482105251472916
2025-02-04 08:45:00+00:00,1261.5,1270.25,1260.199951171875,1269.800048828125,3366790,59.0354019580316
2025-02-04 09:45:00+00:00,1270.0,1270.300048828125,1265.8499755859375,1266.699951171875,837558,56.71150891923251
2025-02-05 03:45:00+00:00,1271.300048828125,1274.0999755859375,1265.449951171875,1273.300048828125,1427702,60.29501629459698
2025-02-05 04:45:00+00:00,1272.9000244140625,1274.199951171875,1269.699951171875,1271.6500244140625,617328,58.98049104975545
2025-02-05 05:45:00+00:00,1271.1500244140625,1273.1500244140625,1270.0999755859375,1272.0,842974,59.18375139695034
2025-02-05 06:45:00+00:00,1272.1500244140625,1276.800048828125,1271.0999755859375,1276.75,695749,61.940314536476606
2025-02-05 07:45:00+00:00,1276.699951171875,1277.699951171875,1270.800048828125,1271.25,830297,57.129189090774176
2025-02-05 08:45:00+00:00,1271.3499755859375,1272.0,1267.3499755859375,1268.0999755859375,1442404,54.5173643022776
2025-02-05 09:45:00+00:00,1268.0999755859375,1269.4000244140625,1266.0,1268.199951171875,983696,54.588325056368774
2025-02-06 03:45:00+00:00,1275.4000244140625,1276.199951171875,1268.4000244140625,1271.3499755859375,0,56.871512018873595
2025-02-06 04:45:00+00:00,1271.5999755859375,1273.8499755859375,1265.3499755859375,1265.6500244140625,585101,51.79672143405254
2025-02-06 05:45:00+00:00,1265.5999755859375,1269.699951171875,1263.300048828125,1268.3499755859375,673099,53.89535905042406
2025-02-06 06:45:00+00:00,1268.300048828125,1269.9000244140625,1264.300048828125,1268.300048828125,834366,53.84867183106083
2025-02-06 07:45:00+00:00,1268.300048828125,1271.6500244140625,1267.199951171875,1269.6500244140625,914316,54.98417687637245
2025-02-06 08:45:00+00:00,1269.6500244140625,1273.300048828125,1269.0,1272.5999755859375,2456155,57.44794053533354
2025-02-06 09:45:00+00:00,1272.5999755859375,1274.949951171875,1271.0999755859375,1272.4000244140625,1131998,57.21934353363354
2025-02-07 03:45:00+00:00,1272.0,1274.449951171875,1263.5999755859375,1265.8499755859375,0,50.17573692314517
2025-02-07 04:45:00+00:00,1265.550048828125,1265.9000244140625,1258.3499755859375,1262.0999755859375,830631,46.63619739362222
2025-02-07 05:45:00+00:00,1262.050048828125,1266.75,1259.699951171875,1259.75,588650,44.51688703530114
2025-02-07 06:45:00+00:00,1259.75,1260.699951171875,1254.5999755859375,1254.9000244140625,1071985,40.43304646498923
2025-02-07 07:45:00+00:00,1254.9000244140625,1256.6500244140625,1249.75,1250.800048828125,1469545,37.3165152949653
2025-02-07 08:45:00+00:00,1250.800048828125,1258.0,1249.550048828125,1257.800048828125,1613322,45.09740618662378
2025-02-07 09:45:00+00:00,1257.800048828125,1259.5,1256.0,1257.0,665408,44.41875638634604
2025-02-10 03:45:00+00:00,1256.3499755859375,1262.4000244140625,1250.5,1252.6500244140625,0,40.82175318881752
2025-02-10 04:45:00+00:00,1252.3499755859375,1255.0,1249.550048828125,1254.25,432932,42.6609825651133
2025-02-10 05:45:00+00:00,1254.5,1256.699951171875,1253.199951171875,1255.0,560095,43.54670106682136
2025-02-10 06:45:00+00:00,1255.0,1257.0,1251.550048828125,1252.75,658037,41.47676793960486
2025-02-10 07:45:00+00:00,1253.0,1258.449951171875,1252.0,1255.25,757650,44.62630506953316
2025-02-10 08:45:00+00:00,1255.25,1265.0,1255.0999755859375,1263.1500244140625,1493166,53.19782057489311
2025-02-10 09:45:00+00:00,1263.4000244140625,1263.4000244140625,1259.0999755859375,1259.5,731319,49.39350955061973
2025-02-11 03:45:00+00:00,1253.6500244140625,1260.699951171875,1252.4000244140625,1258.9000244140625,0,48.7760460931404
2025-02-11 04:45:00+00:00,1258.800048828125,1261.5,1254.5999755859375,1260.550048828125,586248,50.60485007334536
2025-02-11 05:45:00+00:00,1260.5999755859375,1260.699951171875,1252.4000244140625,1253.550048828125,470637,43.50814185850921
2025-02-11 06:45:00+00:00,1253.449951171875,1256.75,1248.4000244140625,1249.5999755859375,470758,40.091431517246356
2025-02-11 07:45:00+00:00,1249.449951171875,1253.949951171875,1248.5,1252.3499755859375,765107,43.42257277728519
2025-02-11 08:45:00+00:00,1252.300048828125,1259.449951171875,1250.699951171875,1252.25,2020718,43.32824899794379
2025-02-11 09:45:00+00:00,1252.199951171875,1253.0999755859375,1248.449951171875,1252.75,635943,43.98361133334864
2025-02-12 03:45:00+00:00,1260.949951171875,1261.0,1247.0,1249.699951171875,0,40.87814053156919
2025-02-12 04:45:00+00:00,1249.550048828125,1253.0,1245.699951171875,1245.699951171875,1072242,37.17146845525893
2025-02-12 05:45:00+00:00,1245.699951171875,1255.5999755859375,1244.6500244140625,1250.8499755859375,997820,44.188460958550976
2025-02-12 06:45:00+00:00,1250.8499755859375,1258.199951171875,1249.449951171875,1255.0,1092194,49.11984241857913
2025-02-12 07:45:00+00:00,1255.0999755859375,1260.949951171875,1248.5999755859375,1250.699951171875,991358,44.71153753789441
2025-02-12 08:45:00+00:00,1250.949951171875,1252.6500244140625,1246.25,1252.6500244140625,1882725,47.03310542952531
2025-02-12 09:45:00+00:00,1252.5999755859375,1253.949951171875,1251.5999755859375,1251.949951171875,767355,46.281769649526595
2025-02-13 03:45:00+00:00,1252.8499755859375,1266.0,1250.050048828125,1262.949951171875,0,57.71254843031781
2025-02-13 04:45:00+00:00,1262.9000244140625,1265.3499755859375,1260.1500244140625,1261.449951171875,845814,55.96373268983908
2025-02-13 05:45:00+00:00,1261.5,1263.300048828125,1256.949951171875,1258.0999755859375,536596,52.16215073362916
2025-02-13 06:45:00+00:00,1258.300048828125,1259.800048828125,1252.550048828125,1252.699951171875,549329,46.65990141068907
2025-02-13 07:45:00+00:00,1252.5,1253.949951171875,1246.0,1249.1500244140625,1452071,43.4175613982068
2025-02-13 08:45:00+00:00,1249.199951171875,1250.9000244140625,1247.550048828125,1248.8499755859375,1419207,43.144664211986495
2025-02-13 09:45:00+00:00,1248.8499755859375,1250.0,1247.3499755859375,1247.3499755859375,562372,41.73247848944397
2025-02-14 03:45:00+00:00,1254.6500244140625,1263.3499755859375,1254.6500244140625,1259.9000244140625,0,55.00297952896921
2025-02-14 04:45:00+00:00,1259.8499755859375,1263.5,1248.300048828125,1250.800048828125,1329033,46.69800024775557
2025-02-14 05:45:00+00:00,1250.800048828125,1253.050048828125,1245.550048828125,1246.0,1291001,43.00905390722569
2025-02-14 06:45:00+00:00,1246.050048828125,1252.5,1245.0,1252.199951171875,1321116,48.65140278431027
2025-02-14 07:45:00+00:00,1252.25,1253.050048828125,1249.550048828125,1252.300048828125,1489333,48.73964086170635
2025-02-14 08:45:00+00:00,1252.300048828125,1261.5,1251.8499755859375,1259.5,2845928,54.76144350012459
2025-02-14 09:45:00+00:00,1259.550048828125,1261.199951171875,1258.9000244140625,1260.0999755859375,1005912,55.233384647337225
2025-02-17 03:45:00+00:00,1254.1500244140625,1258.1500244140625,1233.5999755859375,1236.0,0,38.058373256784606
2025-02-17 04:45:00+00:00,1236.0,1242.550048828125,1234.800048828125,1237.699951171875,1410423,39.48773872828491
2025-02-17 05:45:00+00:00,1237.5999755859375,1242.25,1235.5,1239.550048828125,807318,41.08125697997454
2025-02-17 06:45:00+00:00,1239.5,1244.0,1236.4000244140625,1241.1500244140625,778151,42.491674735004075
2025-02-17 07:45:00+00:00,1241.1500244140625,1250.0,1240.800048828125,1246.699951171875,1122576,47.21216117916417
2025-02-17 08:45:00+00:00,1246.800048828125,1251.949951171875,1246.1500244140625,1250.9000244140625,1002425,50.522111584750405
2025-02-17 09:45:00+00:00,1250.9000244140625,1253.0,1250.699951171875,1251.1500244140625,362350,50.720184233095786
2025-02-18 03:45:00+00:00,1253.9000244140625,1254.0999755859375,1243.800048828125,1244.800048828125,0,45.7142859333726
2025-02-18 04:45:00+00:00,1244.449951171875,1245.550048828125,1237.050048828125,1238.0,1053114,41.042724723654054
2025-02-18 05:45:00+00:00,1238.0,1244.0,1237.5,1240.25,1249094,43.11415116862136
2025-02-18 06:45:00+00:00,1240.25,1243.0999755859375,1237.4000244140625,1239.699951171875,1326704,42.71900601471339
2025-02-18 07:45:00+00:00,1239.75,1245.9000244140625,1239.699951171875,1242.949951171875,897833,45.87544884937683
2025-02-18 08:45:00+00:00,1242.9000244140625,1245.800048828125,1242.0,1243.5,1962254,46.41364939067698
2025-02-18 09:45:00+00:00,1243.5,1244.949951171875,1242.300048828125,1243.050048828125,778164,46.010601585104304
2025-02-19 03:45:00+00:00,1232.9000244140625,1251.75,1230.25,1251.5,0,54.075971911520696
2025-02-19 04:45:00+00:00,1251.699951171875,1257.5,1249.050048828125,1252.449951171875,653545,54.89180818360044
2025-02-19 05:45:00+00:00,1252.6500244140625,1257.3499755859375,1251.050048828125,1254.1500244140625,1529919,56.38511417863723
2025-02-19 06:45:00+00:00,1254.0999755859375,1256.800048828125,1253.4000244140625,1256.550048828125,1681263,58.47506039776136
2025-02-19 07:45:00+00:00,1256.5999755859375,1257.6500244140625,1253.550048828125,1256.050048828125,868880,57.853095322462785
2025-02-19 08:45:00+00:00,1256.0999755859375,1262.5,1253.5,1262.0999755859375,2947700,62.98353989954852
2025-02-19 09:45:00+00:00,1262.0999755859375,1262.5,1259.800048828125,1261.6500244140625,1197135,62.37540122774601
2025-02-20 03:45:00+00:00,1258.0,1263.550048828125,1252.1500244140625,1255.550048828125,0,54.668806188779286
2025-02-20 04:45:00+00:00,1255.5,1256.5,1251.1500244140625,1254.4000244140625,1054612,53.33100192475492
2025-02-20 05:45:00+00:00,1254.3499755859375,1254.449951171875,1247.5,1247.6500244140625,1976700,46.186820880571325
2025-02-20 06:45:00+00:00,1247.550048828125,1251.449951171875,1246.75,1250.550048828125,835475,49.32752749510498
2025-02-20 07:45:00+00:00,1250.300048828125,1252.3499755859375,1248.75,1249.300048828125,912003,48.02642350674041
2025-02-20 08:45:00+00:00,1249.25,1252.0,1248.949951171875,1250.050048828125,1316649,48.89739045079537
2025-02-20 09:45:00+00:00,1250.0999755859375,1250.6500244140625,1247.300048828125,1249.949951171875,629029,48.779898722513536
2025-02-21 03:45:00+00:00,1240.3499755859375,1243.3499755859375,1226.75,1227.0,0,30.615907392898364
2025-02-21 04:45:00+00:00,1227.050048828125,1231.550048828125,1224.9000244140625,1231.4000244140625,1136377,35.56949587410682
2025-02-21 05:45:00+00:00,1231.25,1234.699951171875,1230.199951171875,1234.550048828125,754071,38.930931688753674
2025-02-21 06:45:00+00:00,1234.550048828125,1237.300048828125,1232.050048828125,1233.300048828125,690813,38.08188321234816
2025-02-21 07:45:00+00:00,1233.3499755859375,1233.5999755859375,1229.449951171875,1232.75,862572,37.692330178842624
2025-02-21 08:45:00+00:00,1232.699951171875,1236.449951171875,1230.550048828125,1232.1500244140625,1972194,37.24479133315481
2025-02-21 09:45:00+00:00,1232.0999755859375,1233.300048828125,1230.6500244140625,1232.949951171875,563079,38.29672247659951
2025-02-24 03:45:00+00:00,1226.800048828125,1230.9000244140625,1210.300048828125,1213.550048828125,0,26.635718298696816
2025-02-24 04:45:00+00:00,1213.3499755859375,1216.3499755859375,1210.699951171875,1214.75,1690869,28.094153902853577
2025-02-24 05:45:00+00:00,1214.6500244140625,1219.1500244140625,1213.949951171875,1214.4000244140625,1653091,27.919823108476876
2025-02-24 06:45:00+00:00,1214.3499755859375,1220.4000244140625,1213.699951171875,1217.75,1792672,32.253284883604564
2025-02-24 07:45:00+00:00,1217.75,1219.5,1215.949951171875,1217.199951171875,1277691,31.914015350567297
2025-02-24 08:45:00+00:00,1217.199951171875,1220.0,1215.8499755859375,1217.949951171875,2537184,32.949673691429254
2025-02-24 09:45:00+00:00,1218.0,1220.800048828125,1217.9000244140625,1218.3499755859375,824837,33.530426865562575
2025-02-25 03:45:00+00:00,1229.699951171875,1231.5,1221.0,1226.6500244140625,0,44.30886011325713
2025-02-25 04:45:00+00:00,1227.050048828125,1227.1500244140625,1221.800048828125,1223.449951171875,1242518,41.51381183544907
2025-02-25 05:45:00+00:00,1223.5,1224.949951171875,1221.5,1224.4000244140625,1221890,42.670088756476645
2025-02-25 06:45:00+00:00,1224.550048828125,1228.5,1223.0,1228.050048828125,1188293,47.00487629614902
2025-02-25 07:45:00+00:00,1228.0999755859375,1229.199951171875,1225.199951171875,1226.0,1272785,44.94916874670043
2025-02-25 08:45:00+00:00,1226.0999755859375,1226.699951171875,1223.1500244140625,1223.6500244140625,2415380,42.646730519710935
2025-02-25 09:45:00+00:00,1223.6500244140625,1226.0,1223.050048828125,1226.0,1221617,45.645129825536905
2025-02-27 03:45:00+00:00,1226.949951171875,1233.449951171875,1219.800048828125,1231.949951171875,0,52.42668689258323
2025-02-27 04:45:00+00:00,1232.0,1234.8499755859375,1225.75,1227.6500244140625,1233722,47.78656770668327
2025-02-27 05:45:00+00:00,1227.8499755859375,1232.3499755859375,1226.550048828125,1232.25,1051571,52.61793301919695
2025-02-27 06:45:00+00:00,1232.25,1232.5999755859375,1228.0999755859375,1228.800048828125,976406,48.95893870934121
2025-02-27 07:45:00+00:00,1228.800048828125,1231.3499755859375,1226.5999755859375,1227.6500244140625,1365549,47.766515804957045
2025-02-27 08:45:00+00:00,1227.699951171875,1228.5,1220.8499755859375,1221.949951171875,3819872,42.2711071129516
2025-02-27 09:45:00+00:00,1222.050048828125,1222.449951171875,1219.0999755859375,1222.449951171875,1525183,42.89176096129363
2025-02-28 03:45:00+00:00,1217.0,1224.9000244140625,1213.0,1222.5,0,42.95786995558147
2025-02-28 04:45:00+00:00,1222.5,1223.449951171875,1216.0,1218.0,1356905,38.62806781444836
2025-02-28 05:45:00+00:00,1218.0,1219.0,1216.75,1218.8499755859375,747607,39.861058269400644
2025-02-28 06:45:00+00:00,1219.0,1219.4000244140625,1205.949951171875,1205.949951171875,1817736,30.007578435529254
2025-02-28 07:45:00+00:00,1205.5999755859375,1209.75,1203.5,1209.5999755859375,1785415,34.91036055807865
2025-02-28 08:45:00+00:00,1209.800048828125,1212.949951171875,1203.699951171875,1206.199951171875,6826044,32.61831105083181
2025-02-28 09:45:00+00:00,1206.199951171875,1206.550048828125,1200.0999755859375,1204.0999755859375,4919174,31.253461810086748
2025-03-03 03:45:00+00:00,1213.949951171875,1216.4000244140625,1204.5,1207.0,0,35.280890306400636
2025-03-03 04:45:00+00:00,1206.949951171875,1212.0,1205.5,1208.8499755859375,1022462,37.784821457101046
2025-03-03 05:45:00+00:00,1208.8499755859375,1214.800048828125,1206.4000244140625,1214.6500244140625,1601372,44.972958504117756
2025-03-03 06:45:00+00:00,1214.3499755859375,1215.5,1212.0,1214.25,763721,44.59030999996472
2025-03-03 07:45:00+00:00,1214.3499755859375,1215.0,1209.300048828125,1210.699951171875,872623,41.237039754810624
2025-03-03 08:45:00+00:00,1210.1500244140625,1211.6500244140625,1204.800048828125,1205.5999755859375,1427141,36.9393437443483
2025-03-03 09:45:00+00:00,1205.699951171875,1208.699951171875,1205.25,1206.199951171875,608887,37.761132245288216
2025-03-04 03:45:00+00:00,1211.6500244140625,1215.75,1207.699951171875,1210.5,0,43.449200691163426
2025-03-04 04:45:00+00:00,1210.5,1211.949951171875,1206.5999755859375,1207.25,1127341,40.440917045384495
2025-03-04 05:45:00+00:00,1207.25,1210.5999755859375,1207.0,1210.0999755859375,934768,44.096198275699514
2025-03-04 06:45:00+00:00,1210.0999755859375,1213.9000244140625,1209.6500244140625,1213.75,906086,48.45899510599983
2025-03-04 07:45:00+00:00,1213.5,1216.550048828125,1211.800048828125,1211.800048828125,1195219,46.37672817128312
2025-03-04 08:45:00+00:00,1211.8499755859375,1212.949951171875,1208.0,1209.5999755859375,2199687,44.075511831104365
2025-03-04 09:45:00+00:00,1209.5999755859375,1213.9000244140625,1209.0,1210.4000244140625,1046635,45.14153111899951
2025-03-05 03:45:00+00:00,1216.550048828125,1225.949951171875,1215.25,1216.5999755859375,0,52.67073808780922
2025-03-05 04:45:00+00:00,1216.75,1217.0,1211.5,1213.1500244140625,909129,48.66798942576137
2025-03-05 05:45:00+00:00,1213.1500244140625,1217.8499755859375,1212.300048828125,1217.8499755859375,693317,53.81713178794321
2025-03-05 06:45:00+00:00,1217.75,1217.8499755859375,1211.9000244140625,1213.9000244140625,620109,49.33783558575843
2025-03-05 07:45:00+00:00,1213.8499755859375,1217.75,1211.5,1216.550048828125,1130879,52.21162117687378
2025-03-05 08:45:00+00:00,1216.550048828125,1219.1500244140625,1215.0,1215.050048828125,3001280,50.46659986271141
2025-03-05 09:45:00+00:00,1215.050048828125,1216.449951171875,1213.4000244140625,1215.699951171875,808873,51.22719374778339
2025-03-06 03:45:00+00:00,1225.449951171875,1225.449951171875,1209.050048828125,1215.300048828125,0,50.71119451096883
2025-03-06 04:45:00+00:00,1215.550048828125,1218.6500244140625,1213.0999755859375,1215.5,1083227,50.97708470177701
2025-03-06 05:45:00+00:00,1215.5,1217.0,1211.1500244140625,1215.0,926634,50.247129822681664
2025-03-06 06:45:00+00:00,1215.0,1217.8499755859375,1214.6500244140625,1217.550048828125,863975,53.87475867435968
2025-03-06 07:45:00+00:00,1217.550048828125,1219.5,1216.0,1217.300048828125,2994476,53.463196150671656
2025-03-06 08:45:00+00:00,1217.199951171875,1220.9000244140625,1216.5,1217.300048828125,2328215,53.463196150671656
2025-03-06 09:45:00+00:00,1217.4000244140625,1220.0,1216.5999755859375,1219.0,765767,56.10747272037615
2025-03-07 03:45:00+00:00,1212.8499755859375,1215.4000244140625,1206.4000244140625,1212.800048828125,0,45.870331230909436
2025-03-07 04:45:00+00:00,1213.25,1217.0,1211.0,1215.5,1041793,50.136998175255044
2025-03-07 05:45:00+00:00,1215.449951171875,1217.0,1211.75,1212.800048828125,488940,46.21405402954657
2025-03-07 06:45:00+00:00,1212.800048828125,1215.949951171875,1212.0,1214.550048828125,486693,48.99950190735725
2025-03-07 07:45:00+00:00,1214.75,1217.75,1212.0,1213.0,897174,46.692918018407234
2025-03-07 08:45:00+00:00,1213.0,1216.8499755859375,1212.449951171875,1214.4000244140625,1369792,49.02687970112751
2025-03-07 09:45:00+00:00,1214.449951171875,1215.0999755859375,1213.1500244140625,1214.0,818821,48.37515119183898
2025-03-10 03:45:00+00:00,1213.25,1225.0,1212.25,1222.9000244140625,0,60.84604294059083
2025-03-10 04:45:00+00:00,1222.8499755859375,1223.0,1219.75,1220.5999755859375,981535,57.013004405282985
2025-03-10 05:45:00+00:00,1220.699951171875,1222.6500244140625,1218.050048828125,1221.0,779136,57.51429299674984
2025-03-10 06:45:00+00:00,1220.949951171875,1225.75,1220.699951171875,1224.4000244140625,675856,61.611876668633215
2025-03-10 07:45:00+00:00,1224.199951171875,1225.5,1218.0,1219.5,711550,53.59010203713211
2025-03-10 08:45:00+00:00,1219.550048828125,1219.6500244140625,1211.1500244140625,1215.0999755859375,1634209,47.59730084823536
2025-03-10 09:45:00+00:00,1215.199951171875,1215.949951171875,1210.0,1212.9000244140625,884789,44.894106577141116
2025-03-11 03:45:00+00:00,1221.800048828125,1238.6500244140625,1220.1500244140625,1234.4000244140625,0,65.50988319221904
2025-03-11 04:45:00+00:00,1234.699951171875,1237.75,1233.5,1236.0999755859375,1065771,66.57466373739526
2025-03-11 05:45:00+00:00,1236.0999755859375,1239.0,1235.300048828125,1238.449951171875,811860,68.04337988215661
2025-03-11 06:45:00+00:00,1238.300048828125,1244.699951171875,1238.25,1243.199951171875,1145357,70.83313907459245
2025-03-11 07:45:00+00:00,1243.199951171875,1247.949951171875,1242.5,1247.1500244140625,1475276,72.94808881951525
2025-03-11 08:45:00+00:00,1247.050048828125,1247.5,1243.0,1246.699951171875,2049836,72.30474976307698
2025-03-11 09:45:00+00:00,1246.75,1246.949951171875,1244.0,1244.1500244140625,1119358,68.61276325475619
2025-03-12 03:45:00+00:00,1245.800048828125,1251.800048828125,1238.5,1246.9000244140625,0,70.36994012463451
2025-03-12 04:45:00+00:00,1247.25,1248.949951171875,1245.25,1245.25,888933,67.91320147451495
2025-03-12 05:45:00+00:00,1245.300048828125,1245.300048828125,1238.949951171875,1240.25,811450,60.967236280524126
2025-03-12 06:45:00+00:00,1240.25,1240.5999755859375,1235.3499755859375,1239.449951171875,1029064,59.91134634431967
2025-03-12 07:45:00+00:00,1239.5,1244.949951171875,1238.6500244140625,1244.8499755859375,1208949,64.39376217983602
2025-03-12 08:45:00+00:00,1244.8499755859375,1247.6500244140625,1239.449951171875,1243.800048828125,4617232,62.920663201474156
2025-03-12 09:45:00+00:00,1243.800048828125,1245.5,1241.3499755859375,1243.949951171875,1287161,63.05062906014579
2025-03-13 03:45:00+00:00,1251.0999755859375,1253.75,1245.800048828125,1253.6500244140625,0,70.30408943682616
2025-03-13 04:45:00+00:00,1253.6500244140625,1255.550048828125,1251.4000244140625,1252.699951171875,783467,68.87787544283465
2025-03-13 05:45:00+00:00,1252.699951171875,1252.699951171875,1247.3499755859375,1250.449951171875,1142095,65.48954176793674
2025-03-13 06:45:00+00:00,1250.449951171875,1255.550048828125,1250.199951171875,1252.0,769342,66.70471099420118
2025-03-13 07:45:00+00:00,1252.0999755859375,1253.5,1250.5999755859375,1253.300048828125,704684,67.73100191388644
2025-03-13 08:45:00+00:00,1253.449951171875,1254.3499755859375,1248.449951171875,1251.1500244140625,2053325,64.20621261940589
2025-03-13 09:45:00+00:00,1251.25,1251.3499755859375,1248.550048828125,1250.050048828125,997784,62.41655564227103
2025-03-17 03:45:00+00:00,1260.800048828125,1267.300048828125,1256.4000244140625,1266.6500244140625,0,74.13396667427465
2025-03-17 04:45:00+00:00,1266.5,1270.949951171875,1265.0,1270.25,1063661,75.88953396465786
2025-03-17 05:45:00+00:00,1270.25,1273.9000244140625,1268.449951171875,1273.4000244140625,1236356,77.33886738788368
2025-03-17 06:45:00+00:00,1273.4000244140625,1273.949951171875,1269.5999755859375,1271.8499755859375,1096208,74.95128733530585
2025-03-17 07:45:00+00:00,1271.8499755859375,1273.5,1269.949951171875,1271.949951171875,1435618,75.00488532861344
2025-03-17 08:45:00+00:00,1271.9000244140625,1272.5,1268.25,1268.4000244140625,2169612,69.33196425143193
2025-03-17 09:45:00+00:00,1268.3499755859375,1269.949951171875,1267.8499755859375,1268.6500244140625,1031157,69.50687817362746
2025-03-18 03:45:00+00:00,1283.1500244140625,1304.4000244140625,1281.300048828125,1302.5999755859375,0,83.37441245806372
2025-03-18 04:45:00+00:00,1302.6500244140625,1304.9000244140625,1297.199951171875,1299.300048828125,1535745,79.58577841001011
2025-03-18 05:45:00+00:00,1299.0,1299.5,1296.0999755859375,1298.949951171875,1435843,79.17471768783045
2025-03-18 06:45:00+00:00,1298.949951171875,1300.0,1289.75,1296.8499755859375,3169837,76.61840859133673
2025-03-18 07:45:00+00:00,1297.0,1301.9000244140625,1296.800048828125,1300.449951171875,1318550,77.93371249055402
2025-03-18 08:45:00+00:00,1300.449951171875,1311.199951171875,1300.449951171875,1310.0,3365074,80.9889735608111
2025-03-18 09:45:00+00:00,1309.9000244140625,1313.4000244140625,1309.25,1311.5,1002385,81.42402540375878
2025-03-19 03:45:00+00:00,1308.050048828125,1311.3499755859375,1303.0,1306.949951171875,0,75.7604889847692
2025-03-19 04:45:00+00:00,1307.0999755859375,1311.0,1307.0999755859375,1309.6500244140625,1055221,76.79209812001443
2025-03-19 05:45:00+00:00,1309.6500244140625,1314.300048828125,1309.6500244140625,1312.550048828125,1251069,77.88094947965865
2025-03-19 06:45:00+00:00,1312.550048828125,1315.3499755859375,1312.050048828125,1314.550048828125,1300100,78.62574445899043
2025-03-19 07:45:00+00:00,1314.550048828125,1316.199951171875,1312.6500244140625,1312.800048828125,1393007,76.20771311852548
2025-03-19 08:45:00+00:00,1312.9000244140625,1316.050048828125,1310.9000244140625,1312.75,2303906,76.13559814195185
2025-03-19 09:45:00+00:00,1312.4000244140625,1316.550048828125,1311.5,1316.0,1239801,77.61682749756115
2025-03-20 03:45:00+00:00,1318.949951171875,1321.5,1311.0999755859375,1316.3499755859375,0,77.7767897912631
2025-03-20 04:45:00+00:00,1316.3499755859375,1318.75,1314.75,1318.0999755859375,1096112,78.6003359015995
2025-03-20 05:45:00+00:00,1318.1500244140625,1318.75,1313.800048828125,1314.5999755859375,750757,72.79041771635322
2025-03-20 06:45:00+00:00,1314.6500244140625,1318.0,1313.8499755859375,1318.0,1012343,74.74348712367669
2025-03-20 07:45:00+00:00,1317.949951171875,1324.1500244140625,1317.6500244140625,1320.300048828125,1667829,75.99857060334222
2025-03-20 08:45:00+00:00,1320.5,1323.3499755859375,1319.449951171875,1321.5999755859375,2934049,76.70320196798511
2025-03-20 09:45:00+00:00,1321.550048828125,1322.25,1318.3499755859375,1318.550048828125,770637,71.40636053090822
2025-03-21 03:45:00+00:00,1315.5,1328.5,1315.0,1328.1500244140625,0,76.83004150566286
2025-03-21 04:45:00+00:00,1328.449951171875,1341.9000244140625,1327.5,1340.5,2220115,81.65174165756886
2025-03-21 05:45:00+00:00,1340.300048828125,1344.0,1336.1500244140625,1341.199951171875,1839934,81.88187237287512
2025-03-21 06:45:00+00:00,1341.1500244140625,1346.0,1341.0999755859375,1341.9000244140625,2181514,82.12337710060805
2025-03-21 07:45:00+00:00,1342.0,1343.0999755859375,1335.949951171875,1337.25,2295467,74.9747328185537
2025-03-21 08:45:00+00:00,1337.050048828125,1347.699951171875,1335.300048828125,1342.5,28249463,77.36988145355424
2025-03-21 09:45:00+00:00,1342.5,1346.800048828125,1337.199951171875,1343.0999755859375,21316277,77.63334092913581
2025-03-24 03:45:00+00:00,1351.75,1358.800048828125,1345.050048828125,1358.199951171875,0,82.99811482384561
2025-03-24 04:45:00+00:00,1358.1500244140625,1372.8499755859375,1357.9000244140625,1369.449951171875,1344848,85.74202088888426
2025-03-24 05:45:00+00:00,1369.5,1369.5,1357.0,1358.5999755859375,970127,73.43297948706183
2025-03-24 06:45:00+00:00,1358.550048828125,1363.0,1357.5,1361.8499755859375,1128290,74.60883103693953
2025-03-24 07:45:00+00:00,1361.8499755859375,1362.449951171875,1359.3499755859375,1361.3499755859375,729513,74.06570809168532
2025-03-24 08:45:00+00:00,1361.0,1362.0,1356.0,1356.0,1709754,68.33366911546374
2025-03-24 09:45:00+00:00,1356.0999755859375,1363.0,1356.0,1362.9000244140625,812653,71.40716530920986
2025-03-25 03:45:00+00:00,1353.0,1362.3499755859375,1353.0,1357.75,0,66.23948956520931
2025-03-25 04:45:00+00:00,1357.800048828125,1363.800048828125,1353.949951171875,1354.0,1526194,62.68231519617624
2025-03-25 05:45:00+00:00,1353.949951171875,1354.0,1340.5,1340.5,1920779,51.88085466153376
2025-03-25 06:45:00+00:00,1340.550048828125,1341.300048828125,1330.1500244140625,1334.300048828125,3157933,47.80645887441547
2025-03-25 07:45:00+00:00,1334.25,1346.5,1334.25,1345.800048828125,1587933,54.883979337227295
2025-03-25 08:45:00+00:00,1346.0,1346.9000244140625,1340.0999755859375,1343.8499755859375,3824166,53.55773262679726
2025-03-25 09:45:00+00:00,1343.949951171875,1345.0,1340.75,1343.699951171875,1691677,53.45072173072161
2025-03-26 03:45:00+00:00,1348.050048828125,1356.5,1341.0999755859375,1355.1500244140625,0,60.01690805662708
2025-03-26 04:45:00+00:00,1355.0999755859375,1357.9000244140625,1337.449951171875,1342.6500244140625,3215005,51.47958493611441
2025-03-26 05:45:00+00:00,1342.550048828125,1343.0999755859375,1338.5999755859375,1341.4000244140625,694562,50.70286353389532
2025-03-26 06:45:00+00:00,1341.4000244140625,1343.5999755859375,1336.550048828125,1339.300048828125,690637,49.35559084288015
2025-03-26 07:45:00+00:00,1339.300048828125,1339.3499755859375,1334.050048828125,1336.199951171875,998064,47.35510432261376
2025-03-26 08:45:00+00:00,1336.25,1337.449951171875,1331.5,1336.300048828125,2307392,47.429197308975795
2025-03-26 09:45:00+00:00,1336.3499755859375,1336.5,1334.5,1335.449951171875,1015718,46.82644126067471
2025-03-27 03:45:00+00:00,1341.449951171875,1351.4000244140625,1338.449951171875,1345.699951171875,0,54.35822821986564
2025-03-27 04:45:00+00:00,1345.8499755859375,1348.3499755859375,1342.949951171875,1344.699951171875,909426,53.56112817404794
2025-03-27 05:45:00+00:00,1344.9000244140625,1348.550048828125,1344.1500244140625,1347.25,437862,55.358824548994825
2025-03-27 06:45:00+00:00,1347.5,1348.199951171875,1344.0,1345.300048828125,950996,53.64860052397872
2025-03-27 07:45:00+00:00,1345.300048828125,1345.949951171875,1342.5999755859375,1344.0999755859375,1457333,52.5721584834149
2025-03-27 08:45:00+00:00,1344.0999755859375,1345.550048828125,1334.300048828125,1336.0999755859375,6115176,45.95286330130873
2025-03-27 09:45:00+00:00,1336.1500244140625,1340.0,1335.0999755859375,1339.0,3407865,48.48499359294721
2025-03-28 03:45:00+00:00,1337.050048828125,1340.8499755859375,1327.199951171875,1340.449951171875,0,49.752540025584004
2025-03-28 04:45:00+00:00,1340.75,1349.0,1339.949951171875,1342.5,589505,51.56707896710896
2025-03-28 05:45:00+00:00,1342.5,1344.9000244140625,1340.550048828125,1344.5999755859375,488671,53.4225846512941
2025-03-28 06:45:00+00:00,1344.6500244140625,1348.0,1339.1500244140625,1344.25,681467,53.05776454821298
2025-03-28 07:45:00+00:00,1344.0999755859375,1348.8499755859375,1343.800048828125,1348.800048828125,757684,57.15436355615066
2025-03-28 08:45:00+00:00,1348.800048828125,1357.9000244140625,1346.300048828125,1349.050048828125,3068912,57.374472701411776
2025-03-28 09:45:00+00:00,1349.0999755859375,1349.449951171875,1346.300048828125,1347.050048828125,1449795,54.942736578407604
2025-04-01 03:45:00+00:00,1339.949951171875,1352.0,1337.0,1341.949951171875,0,49.214463968528335
2025-04-01 04:45:00+00:00,1342.550048828125,1345.8499755859375,1324.4000244140625,1330.800048828125,2078073,39.51491216276982
2025-04-01 05:45:00+00:00,1330.75,1332.5999755859375,1323.3499755859375,1326.5,1012362,36.525141845983676
2025-04-01 06:45:00+00:00,1326.5,1327.75,1318.050048828125,1321.6500244140625,969993,33.450916656009525
2025-04-01 07:45:00+00:00,1321.6500244140625,1322.449951171875,1318.6500244140625,1321.4000244140625,1388532,33.29535143564853
2025-04-01 08:45:00+00:00,1321.25,1323.050048828125,1315.5,1319.75,4427031,32.22998351994298
2025-04-01 09:45:00+00:00,1319.75,1321.0,1317.25,1318.1500244140625,1493226,31.187883085837342
2025-04-02 03:45:00+00:00,1327.5,1337.949951171875,1323.550048828125,1333.0,0,47.99495437885465
2025-04-02 04:45:00+00:00,1332.5,1337.1500244140625,1329.050048828125,1331.699951171875,1191412,46.91463036340925
2025-04-02 05:45:00+00:00,1331.9000244140625,1332.0,1328.0,1330.199951171875,829404,45.638182541256775
2025-04-02 06:45:00+00:00,1330.25,1331.449951171875,1326.1500244140625,1329.4000244140625,862965,44.93602738097334
2025-04-02 07:45:00+00:00,1329.3499755859375,1332.949951171875,1328.5,1330.699951171875,955595,46.37976025236671
2025-04-02 08:45:00+00:00,1330.699951171875,1332.9000244140625,1328.949951171875,1331.0,1768611,46.72696406555412
2025-04-02 09:45:00+00:00,1331.0,1333.550048828125,1330.0,1331.25,1243579,47.03470120920272
2025-04-03 03:45:00+00:00,1325.0,1332.6500244140625,1321.699951171875,1330.449951171875,0,46.11659925184383
2025-04-03 04:45:00+00:00,1330.5,1333.0,1327.050048828125,1328.4000244140625,445893,43.75963627003833
2025-04-03 05:45:00+00:00,1328.25,1330.4000244140625,1326.6500244140625,1328.199951171875,672658,43.52581835586364
2025-04-03 06:45:00+00:00,1327.8499755859375,1331.199951171875,1327.1500244140625,1330.6500244140625,318012,47.24336084064237
2025-04-03 07:45:00+00:00,1330.800048828125,1331.25,1325.050048828125,1326.5,519283,42.17864706614195
2025-04-03 08:45:00+00:00,1326.699951171875,1331.449951171875,1325.300048828125,1330.949951171875,1095498,48.54813501481752
2025-04-03 09:45:00+00:00,1330.8499755859375,1330.8499755859375,1326.8499755859375,1328.0,614484,45.0085257429111
2025-04-04 03:45:00+00:00,1335.5,1335.9000244140625,1322.4000244140625,1329.699951171875,0,47.389011240261205
2025-04-04 04:45:00+00:00,1329.6500244140625,1335.0,1327.949951171875,1330.5,1287107,48.518510652417
2025-04-04 05:45:00+00:00,1330.5,1331.4000244140625,1325.3499755859375,1329.449951171875,1120754,47.089577144319804
2025-04-04 06:45:00+00:00,1329.4000244140625,1336.699951171875,1328.199951171875,1336.5,899652,56.378625417744324
2025-04-04 07:45:00+00:00,1336.5,1336.949951171875,1332.0,1333.949951171875,974616,52.769872973663965
2025-04-04 08:45:00+00:00,1333.5999755859375,1338.550048828125,1331.300048828125,1338.550048828125,1376571,57.99339499105302
2025-04-04 09:45:00+00:00,1338.4000244140625,1338.4000244140625,1332.75,1335.050048828125,532918,53.17464299759505
2025-04-07 03:45:00+00:00,1288.449951171875,1325.0,1287.3499755859375,1287.8499755859375,377790,24.096419555550227
2025-04-07 04:45:00+00:00,1287.8499755859375,1290.949951171875,1275.3499755859375,1276.0999755859375,2239731,21.015484331897696
2025-04-07 05:45:00+00:00,1276.0999755859375,1278.8499755859375,1269.300048828125,1269.949951171875,1005093,19.602719021223734
2025-04-07 06:45:00+00:00,1270.1500244140625,1274.4000244140625,1265.0,1270.550048828125,1451206,20.166674233887264
2025-04-07 07:45:00+00:00,1270.25,1282.199951171875,1267.1500244140625,1279.699951171875,1444589,28.412253265381864
2025-04-07 08:45:00+00:00,1280.0,1290.550048828125,1275.050048828125,1289.550048828125,2834435,36.067628956455636
2025-04-07 09:45:00+00:00,1289.449951171875,1293.75,1287.25,1290.550048828125,1181312,36.80645918026542
2025-04-08 03:45:00+00:00,1305.8499755859375,1309.5999755859375,1294.0999755859375,1295.800048828125,0,40.682184393414566
2025-04-08 04:45:00+00:00,1295.8499755859375,1299.3499755859375,1287.3499755859375,1296.4000244140625,1808517,41.12656857966549
2025-04-08 05:45:00+00:00,1296.300048828125,1301.699951171875,1289.4000244140625,1301.0,1466837,44.556093033161204
2025-04-08 06:45:00+00:00,1301.0,1306.5,1298.0,1303.449951171875,1435730,46.348685260668255
2025-04-08 07:45:00+00:00,1303.550048828125,1305.6500244140625,1291.8499755859375,1300.5,1865693,44.48371951810604
2025-04-08 08:45:00+00:00,1300.550048828125,1302.5999755859375,1294.5,1300.449951171875,2963647,44.45103973750917
2025-04-08 09:45:00+00:00,1300.449951171875,1301.75,1299.4000244140625,1301.550048828125,1357825,45.40052561605523
2025-04-09 03:45:00+00:00,1304.0,1304.0,1288.0,1288.699951171875,0,37.36617026743531
2025-04-09 04:45:00+00:00,1288.699951171875,1294.550048828125,1285.25,1286.0,1402668,35.92753169056587
2025-04-09 05:45:00+00:00,1286.0,1291.5,1284.5,1291.0999755859375,1020133,40.58118444460286
2025-04-09 06:45:00+00:00,1291.199951171875,1296.75,1290.5999755859375,1296.75,1159218,45.31947918662168
2025-04-09 07:45:00+00:00,1296.75,1304.25,1295.300048828125,1303.949951171875,1542611,50.713246467303776
2025-04-09 08:45:00+00:00,1303.800048828125,1305.050048828125,1299.6500244140625,1300.3499755859375,3112668,48.1554851646836
2025-04-09 09:45:00+00:00,1300.4000244140625,1304.0,1299.6500244140625,1304.0,689815,50.861566251364835
2025-04-11 03:45:00+00:00,1313.5,1325.0,1313.199951171875,1316.1500244140625,0,58.60677789485133
2025-04-11 04:45:00+00:00,1316.1500244140625,1317.050048828125,1308.0,1312.5,2203486,55.76321345176062
2025-04-11 05:45:00+00:00,1312.800048828125,1319.949951171875,1310.949951171875,1319.949951171875,1636202,60.026368914753164
2025-04-11 06:45:00+00:00,1319.949951171875,1323.949951171875,1319.4000244140625,1321.0,1373405,60.60267745903724
2025-04-11 07:45:00+00:00,1321.0,1321.949951171875,1315.050048828125,1316.0999755859375,946788,56.50848235456304
2025-04-11 08:45:00+00:00,1316.199951171875,1317.449951171875,1310.800048828125,1311.3499755859375,2504969,52.785656678313146
2025-04-11 09:45:00+00:00,1311.4000244140625,1313.949951171875,1308.800048828125,1311.6500244140625,1446498,52.996312755953205
2025-04-15 03:45:00+00:00,1344.800048828125,1349.800048828125,1336.4000244140625,1347.300048828125,0,70.07831229202881
2025-04-15 04:45:00+00:00,1347.199951171875,1347.9000244140625,1341.0,1346.199951171875,974218,69.24206850840024
2025-04-15 05:45:00+00:00,1346.300048828125,1348.0999755859375,1344.0999755859375,1347.0999755859375,836519,69.5620846665803
2025-04-15 06:45:00+00:00,1347.4000244140625,1348.5,1345.5999755859375,1345.9000244140625,1003721,68.53822228894467
2025-04-15 07:45:00+00:00,1345.800048828125,1349.300048828125,1345.5,1348.9000244140625,1122854,69.73749043870833
2025-04-15 08:45:00+00:00,1349.0999755859375,1354.300048828125,1345.300048828125,1349.5,4469522,69.98391505808384
2025-04-15 09:45:00+00:00,1349.5,1353.300048828125,1348.4000244140625,1350.0999755859375,1600646,70.24484627305488
2025-04-16 03:45:00+00:00,1356.4000244140625,1357.5999755859375,1347.199951171875,1350.4000244140625,0,70.38350547099502
2025-04-16 04:45:00+00:00,1350.5,1351.9000244140625,1345.0999755859375,1347.9000244140625,1776822,67.5586251986783
2025-04-16 05:45:00+00:00,1348.0,1349.9000244140625,1344.300048828125,1344.300048828125,2120995,63.600119157639504
2025-04-16 06:45:00+00:00,1344.300048828125,1348.699951171875,1342.9000244140625,1348.699951171875,1924380,66.20635499152911
2025-04-16 07:45:00+00:00,1348.699951171875,1355.0,1346.0,1354.4000244140625,2271116,69.27552086772582
2025-04-16 08:45:00+00:00,1354.4000244140625,1356.5999755859375,1353.199951171875,1354.5999755859375,2421428,69.38057437691108
2025-04-16 09:45:00+00:00,1354.5,1359.699951171875,1354.300048828125,1356.4000244140625,1113896,70.36301228265367
2025-04-17 03:45:00+00:00,1360.9000244140625,1384.4000244140625,1360.9000244140625,1379.9000244140625,0,79.57624326927042
2025-04-17 04:45:00+00:00,1379.5999755859375,1381.300048828125,1371.5999755859375,1378.300048828125,1754278,77.80285588301086
2025-04-17 05:45:00+00:00,1378.5999755859375,1392.5,1377.5,1392.300048828125,2825220,81.65525463603004
2025-04-17 06:45:00+00:00,1392.199951171875,1401.5,1389.0,1401.5,2807401,83.66192973463846
2025-04-17 07:45:00+00:00,1401.5,1408.800048828125,1400.4000244140625,1404.300048828125,2698827,84.22742973576995
2025-04-17 08:45:00+00:00,1403.800048828125,1408.5,1399.9000244140625,1406.0999755859375,2992358,84.59651337841409
2025-04-17 09:45:00+00:00,1406.0999755859375,1408.800048828125,1403.4000244140625,1406.800048828125,1103156,84.74602627320652
2025-04-21 03:45:00+00:00,1429.699951171875,1434.9000244140625,1412.199951171875,1419.0,0,87.09655052910182
2025-04-21 04:45:00+00:00,1418.5999755859375,1419.9000244140625,1410.800048828125,1415.5,2242888,83.13852410796795
2025-04-21 05:45:00+00:00,1415.0,1415.9000244140625,1410.0,1412.699951171875,1559932,80.00608250463134
2025-04-21 06:45:00+00:00,1412.5999755859375,1413.9000244140625,1409.199951171875,1410.5999755859375,1273726,77.64333043159861
2025-04-21 07:45:00+00:00,1410.699951171875,1412.199951171875,1404.800048828125,1407.5999755859375,2054750,74.26894940799562
2025-04-21 08:45:00+00:00,1407.5,1412.0,1406.0,1410.5999755859375,1727691,75.41939786264419
2025-04-21 09:45:00+00:00,1410.5999755859375,1411.9000244140625,1407.300048828125,1408.5,1056444,72.96031030097384
2025-04-22 03:45:00+00:00,1416.199951171875,1416.199951171875,1398.9000244140625,1407.0999755859375,0,71.29139576736452
2025-04-22 04:45:00+00:00,1407.300048828125,1417.0,1406.0,1414.199951171875,1932238,74.47956539380448
2025-04-22 05:45:00+00:00,1414.199951171875,1415.4000244140625,1404.5999755859375,1409.5999755859375,2109182,69.12358532079823
2025-04-22 06:45:00+00:00,1409.5999755859375,1411.300048828125,1403.4000244140625,1410.5,2596890,69.58445785572522
2025-04-22 07:45:00+00:00,1410.5,1413.699951171875,1408.699951171875,1412.9000244140625,2334235,70.83462361767006
2025-04-22 08:45:00+00:00,1412.9000244140625,1418.5999755859375,1411.5,1417.0999755859375,2554081,72.93139543966805
2025-04-22 09:45:00+00:00,1417.0,1418.0,1411.300048828125,1414.0,1502271,68.98898310250208
2025-04-23 03:45:00+00:00,1428.0999755859375,1428.0999755859375,1415.0999755859375,1418.0999755859375,0,71.20594406748081
2025-04-23 04:45:00+00:00,1418.0999755859375,1421.699951171875,1411.4000244140625,1413.800048828125,1171651,65.88608404100765
2025-04-23 05:45:00+00:00,1413.9000244140625,1419.0999755859375,1412.0,1418.800048828125,1754125,68.80463731701428
2025-04-23 06:45:00+00:00,1418.800048828125,1424.0,1416.0,1420.5,2137303,69.752142924208
2025-04-23 07:45:00+00:00,1420.4000244140625,1422.5,1417.0999755859375,1422.0,1843197,70.60067564580223
2025-04-23 08:45:00+00:00,1422.0999755859375,1426.4000244140625,1422.0,1424.800048828125,3566434,72.17011460502131
2025-04-23 09:45:00+00:00,1424.800048828125,1425.0,1422.0,1423.0,1598897,69.59790354186431
2025-04-24 03:45:00+00:00,1416.5,1421.199951171875,1408.800048828125,1413.800048828125,4263675,58.18390105840558
2025-04-24 04:45:00+00:00,1414.0,1414.4000244140625,1408.0999755859375,1410.0,1048734,54.227929456106054
2025-04-24 05:45:00+00:00,1409.800048828125,1410.4000244140625,1406.0999755859375,1406.9000244140625,1085164,51.171381253686675
2025-04-24 06:45:00+00:00,1407.0,1408.0,1404.4000244140625,1405.300048828125,980743,49.616927313617545
2025-04-24 07:45:00+00:00,1405.800048828125,1406.300048828125,1402.199951171875,1405.0,1546649,49.314383976472094
2025-04-24 08:45:00+00:00,1405.0,1407.800048828125,1398.800048828125,1404.4000244140625,4866482,48.67524950653172
2025-04-24 09:45:00+00:00,1404.300048828125,1404.4000244140625,1400.0,1402.699951171875,1883122,46.82342206376956
2025-04-25 03:45:00+00:00,1408.699951171875,1414.5999755859375,1396.699951171875,1400.199951171875,0,44.16266824332902
2025-04-25 04:45:00+00:00,1400.800048828125,1403.0999755859375,1395.0,1397.5999755859375,1658628,41.52017054873563
2025-04-25 05:45:00+00:00,1397.5999755859375,1398.0,1388.5999755859375,1395.9000244140625,2083548,39.84156905058551
2025-04-25 06:45:00+00:00,1396.0,1398.699951171875,1393.800048828125,1397.199951171875,1048562,41.779902652253085
2025-04-25 07:45:00+00:00,1397.199951171875,1404.0,1396.0,1402.0,787475,48.39228704987332
2025-04-25 08:45:00+00:00,1401.5999755859375,1407.5,1401.0,1406.0,2426108,53.16589162667024
2025-04-25 09:45:00+00:00,1405.9000244140625,1406.0,1400.300048828125,1402.0,1176262,48.34963407604366
2025-04-28 03:45:00+00:00,1407.4000244140625,1431.5,1404.4000244140625,1431.0,0,69.74721426649677
2025-04-28 04:45:00+00:00,1431.300048828125,1432.300048828125,1425.0999755859375,1425.199951171875,1319117,64.03352032294717
2025-04-28 05:45:00+00:00,1425.4000244140625,1433.0,1423.9000244140625,1430.5999755859375,1844769,66.76346940954937
2025-04-28 06:45:00+00:00,1430.5999755859375,1435.0,1427.699951171875,1430.699951171875,1385812,66.81369192651557
2025-04-28 07:45:00+00:00,1431.300048828125,1431.300048828125,1427.0999755859375,1429.5,1019850,65.53371575935375
2025-04-28 08:45:00+00:00,1429.5,1430.800048828125,1425.300048828125,1428.5999755859375,1887274,64.53507875022254
2025-04-28 09:45:00+00:00,1428.5999755859375,1429.5,1425.9000244140625,1425.9000244140625,705450,61.50708940263646
2025-04-29 03:45:00+00:00,1429.699951171875,1438.199951171875,1425.0,1428.9000244140625,0,63.553373204204206
2025-04-29 04:45:00+00:00,1428.9000244140625,1430.5,1426.699951171875,1427.0,1091392,61.329662433155185
2025-04-29 05:45:00+00:00,1427.199951171875,1429.5,1424.0,1425.800048828125,965246,59.90410296585022
2025-04-29 06:45:00+00:00,1425.699951171875,1429.9000244140625,1423.699951171875,1426.300048828125,1106546,60.318006712065284
2025-04-29 07:45:00+00:00,1426.300048828125,1427.800048828125,1422.5999755859375,1427.800048828125,1644171,61.59871756374449
2025-04-29 08:45:00+00:00,1427.800048828125,1432.199951171875,1427.0999755859375,1429.0999755859375,3112455,62.72158216213927
2025-04-29 09:45:00+00:00,1429.699951171875,1430.0,1425.0,1426.4000244140625,990507,58.871179835282604
2025-04-30 03:45:00+00:00,1430.0,1433.300048828125,1424.0999755859375,1429.5999755859375,0,61.859630732357566
2025-04-30 04:45:00+00:00,1429.800048828125,1431.0,1427.5999755859375,1429.300048828125,538326,61.40923928463378
2025-04-30 05:45:00+00:00,1429.199951171875,1432.0,1429.0,1430.4000244140625,628115,62.48795273912151
2025-04-30 06:45:00+00:00,1430.5999755859375,1433.5999755859375,1428.300048828125,1428.5999755859375,1138839,59.554215668864934
2025-04-30 07:45:00+00:00,1428.300048828125,1428.699951171875,1424.300048828125,1428.5,1826789,59.38744721391168
2025-04-30 08:45:00+00:00,1428.5,1432.0,1427.0,1429.0999755859375,4428480,60.10937954375993
2025-04-30 09:45:00+00:00,1428.9000244140625,1430.0,1423.0,1427.0,4093857,56.33472076286125
2025-05-02 03:45:00+00:00,1426.800048828125,1446.5,1426.199951171875,1445.4000244140625,0,72.58151651530783
2025-05-02 04:45:00+00:00,1445.5,1445.9000244140625,1439.199951171875,1441.4000244140625,1428550,66.76569427577067
2025-05-02 05:45:00+00:00,1441.4000244140625,1442.0,1437.300048828125,1438.800048828125,1195700,63.21975065395676
2025-05-02 06:45:00+00:00,1438.5999755859375,1439.5,1431.0,1431.199951171875,1104743,54.16401220970738
2025-05-02 07:45:00+00:00,1431.4000244140625,1435.0,1430.800048828125,1434.9000244140625,1568634,57.365885700491106
2025-05-02 08:45:00+00:00,1434.9000244140625,1435.800048828125,1428.800048828125,1434.0,1677759,56.33501396452115
2025-05-02 09:45:00+00:00,1433.9000244140625,1434.0999755859375,1428.699951171875,1432.4000244140625,771997,54.461385966857215
2025-05-05 03:45:00+00:00,1439.9000244140625,1446.699951171875,1432.4000244140625,1435.199951171875,0,57.14735262225995
2025-05-05 04:45:00+00:00,1435.199951171875,1442.0999755859375,1431.5999755859375,1431.699951171875,621290,52.943571462564385
2025-05-05 05:45:00+00:00,1431.9000244140625,1432.0,1426.800048828125,1428.0,515997,48.85244486959509
2025-05-05 06:45:00+00:00,1428.300048828125,1430.9000244140625,1426.5,1429.0,937588,49.97752524142906
2025-05-05 07:45:00+00:00,1429.5,1433.699951171875,1428.5,1431.800048828125,528281,53.08911667908826
2025-05-05 08:45:00+00:00,1431.5,1432.4000244140625,1428.300048828125,1429.5,779064,50.3201637432003
2025-05-05 09:45:00+00:00,1429.199951171875,1430.4000244140625,1427.199951171875,1429.4000244140625,376778,50.19760771422326
2025-05-06 03:45:00+00:00,1428.5,1429.699951171875,1420.4000244140625,1424.9000244140625,0,44.89713609949397
2025-05-06 04:45:00+00:00,1424.4000244140625,1425.5,1421.5,1425.0999755859375,761800,45.17415725233451
2025-05-06 05:45:00+00:00,1425.0999755859375,1429.800048828125,1424.0999755859375,1429.800048828125,492212,51.36377684607716
2025-05-06 06:45:00+00:00,1429.800048828125,1431.9000244140625,1428.199951171875,1428.9000244140625,964673,50.195152924025074
2025-05-06 07:45:00+00:00,1428.699951171875,1431.0,1427.0999755859375,1430.300048828125,723181,52.02371796609191
2025-05-06 08:45:00+00:00,1430.300048828125,1433.5999755859375,1429.0999755859375,1431.5,1598321,53.596267607456184
2025-05-06 09:45:00+00:00,1431.4000244140625,1432.4000244140625,1429.699951171875,1430.0,464406,51.33124799703392
2025-05-07 03:45:00+00:00,1424.699951171875,1442.0,1423.5999755859375,1429.9000244140625,0,51.17601242542398
2025-05-07 04:45:00+00:00,1429.9000244140625,1430.699951171875,1424.199951171875,1425.0999755859375,995489,44.25584723296742
2025-05-07 05:45:00+00:00,1425.0999755859375,1427.5,1422.0,1423.0999755859375,607046,41.7241787247849
2025-05-07 06:45:00+00:00,1423.0999755859375,1425.0,1421.300048828125,1421.699951171875,816000,39.99922269666955
2025-05-07 07:45:00+00:00,1421.699951171875,1427.0999755859375,1421.0999755859375,1426.699951171875,710474,48.23076243623999
2025-05-07 08:45:00+00:00,1426.699951171875,1434.699951171875,1424.699951171875,1434.4000244140625,3571723,57.82641037525034
2025-05-07 09:45:00+00:00,1434.5,1439.9000244140625,1434.300048828125,1435.4000244140625,2152198,58.89206870934431
2025-05-08 03:45:00+00:00,1438.5999755859375,1441.9000244140625,1432.5,1441.800048828125,0,64.98944176847027
2025-05-08 04:45:00+00:00,1441.800048828125,1443.300048828125,1440.5999755859375,1442.0,871984,65.16329438472138
2025-05-08 05:45:00+00:00,1441.5999755859375,1446.5,1440.699951171875,1445.699951171875,1023653,68.3001604857221
2025-05-08 06:45:00+00:00,1445.699951171875,1448.9000244140625,1443.5999755859375,1447.199951171875,1327410,69.4992440638425
2025-05-08 07:45:00+00:00,1447.4000244140625,1447.800048828125,1439.0999755859375,1440.0,1552125,58.132537523213514
2025-05-08 08:45:00+00:00,1439.800048828125,1443.300048828125,1435.0999755859375,1438.0999755859375,5771230,55.5505323633273
2025-05-08 09:45:00+00:00,1438.199951171875,1439.300048828125,1426.0999755859375,1428.0,2709484,44.28937137122812
2025-05-09 03:45:00+00:00,1417.0999755859375,1419.9000244140625,1403.699951171875,1404.5999755859375,0,29.412592268283603
2025-05-09 04:45:00+00:00,1404.699951171875,1408.0,1400.0999755859375,1400.5,734552,27.65950534254486
2025-05-09 05:45:00+00:00,1400.5,1405.5,1396.0,1396.699951171875,970554,26.106370254897314
2025-05-09 06:45:00+00:00,1396.699951171875,1397.0,1393.0999755859375,1393.5,765049,24.84140156735529
2025-05-09 07:45:00+00:00,1393.300048828125,1395.4000244140625,1388.0,1390.199951171875,2963353,23.572852920421326
2025-05-09 08:45:00+00:00,1390.199951171875,1391.0,1388.0999755859375,1389.5999755859375,2688088,23.339496151175865
2025-05-09 09:45:00+00:00,1389.5999755859375,1390.0,1387.5999755859375,1389.0,3328490,23.093301302127188
2025-05-12 03:45:00+00:00,1404.0999755859375,1437.5,1404.0999755859375,1433.4000244140625,0,58.217930439575255
2025-05-12 04:45:00+00:00,1433.5,1438.5,1431.699951171875,1436.5999755859375,1341739,59.648319024092324
2025-05-12 05:45:00+00:00,1436.5,1439.0,1433.5999755859375,1436.800048828125,854674,59.74112076214045
2025-05-12 06:45:00+00:00,1437.300048828125,1441.0,1434.9000244140625,1440.0999755859375,1213838,61.32116007567409
2025-05-12 07:45:00+00:00,1440.0,1442.5,1438.800048828125,1442.4000244140625,1261257,62.42800779482573
2025-05-12 08:45:00+00:00,1442.5999755859375,1447.699951171875,1442.0999755859375,1446.300048828125,1745318,64.2938397937745
2025-05-12 09:45:00+00:00,1446.4000244140625,1452.800048828125,1446.0999755859375,1451.699951171875,825867,66.75551729490064
2025-05-13 03:45:00+00:00,1439.0999755859375,1447.699951171875,1427.5,1434.9000244140625,0,54.22910715617275
2025-05-13 04:45:00+00:00,1434.4000244140625,1439.9000244140625,1427.9000244140625,1432.300048828125,1198763,52.5845675648441
2025-05-13 05:45:00+00:00,1432.199951171875,1438.800048828125,1429.4000244140625,1432.5999755859375,1541353,52.76253032446511
2025-05-13 06:45:00+00:00,1432.5999755859375,1434.800048828125,1428.0999755859375,1430.5,1750507,51.31042296404529
2025-05-13 07:45:00+00:00,1430.699951171875,1434.199951171875,1429.199951171875,1433.5,1659229,53.28826150441841
2025-05-13 08:45:00+00:00,1433.199951171875,1433.800048828125,1428.0999755859375,1430.9000244140625,3107176,51.34174471077777
2025-05-13 09:45:00+00:00,1430.9000244140625,1432.199951171875,1428.699951171875,1430.800048828125,1055037,51.26420036038947
2025-05-14 03:45:00+00:00,1430.699951171875,1440.0999755859375,1430.699951171875,1438.699951171875,0,56.8146529933668
2025-05-14 04:45:00+00:00,1438.5,1439.5,1434.0,1435.300048828125,553742,53.9660598862111
2025-05-14 05:45:00+00:00,1435.9000244140625,1436.4000244140625,1425.0999755859375,1425.5999755859375,1468788,46.762300722337635
2025-05-14 06:45:00+00:00,1425.800048828125,1425.800048828125,1417.300048828125,1422.800048828125,1171855,44.89921201251582
2025-05-14 07:45:00+00:00,1422.699951171875,1424.199951171875,1419.0,1420.4000244140625,675264,43.30647465265176
2025-05-14 08:45:00+00:00,1420.4000244140625,1427.5,1418.5,1426.199951171875,1719397,48.09807357736331
2025-05-14 09:45:00+00:00,1426.300048828125,1428.0,1424.5,1427.4000244140625,891548,49.05746856269604
2025-05-15 03:45:00+00:00,1426.0999755859375,1429.9000244140625,1415.699951171875,1418.9000244140625,0,42.99526576263285
2025-05-15 04:45:00+00:00,1418.5,1433.5999755859375,1418.0,1421.5,1729378,45.224948881129656
2025-05-15 05:45:00+00:00,1421.4000244140625,1429.699951171875,1420.0,1425.800048828125,876128,48.79238012320272
2025-05-15 06:45:00+00:00,1426.0,1439.199951171875,1421.9000244140625,1439.199951171875,1976929,57.97720159462298
2025-05-15 07:45:00+00:00,1439.199951171875,1454.300048828125,1437.5,1453.0999755859375,4359028,64.9918230253363
2025-05-15 08:45:00+00:00,1453.0,1456.5,1449.0,1451.5999755859375,4983611,63.75503817334646
2025-05-15 09:45:00+00:00,1451.0999755859375,1452.300048828125,1449.5999755859375,1451.0,1122887,63.23667816353624
2025-05-16 03:45:00+00:00,1453.300048828125,1456.5,1447.0999755859375,1455.0,0,65.26437574742727
2025-05-16 04:45:00+00:00,1454.800048828125,1456.699951171875,1449.5999755859375,1455.0999755859375,1470293,65.31586752966633
2025-05-16 05:45:00+00:00,1455.0,1455.5,1451.5,1452.0999755859375,460037,62.32999090284925
2025-05-16 06:45:00+00:00,1451.9000244140625,1456.5,1451.699951171875,1455.0,533667,64.04127655064028
2025-05-16 07:45:00+00:00,1455.0,1458.699951171875,1454.800048828125,1456.5999755859375,1116466,64.98633938819478
2025-05-16 08:45:00+00:00,1456.5999755859375,1457.5,1453.199951171875,1454.9000244140625,1055263,63.08911529055969
2025-05-16 09:45:00+00:00,1454.9000244140625,1455.4000244140625,1450.800048828125,1454.0,735388,62.056154249000734
2025-05-19 03:45:00+00:00,1449.699951171875,1458.0,1447.5,1454.9000244140625,0,62.71360702110307
2025-05-19 04:45:00+00:00,1454.800048828125,1458.4000244140625,1452.5999755859375,1456.199951171875,584935,63.69213490198818
2025-05-19 05:45:00+00:00,1456.0,1459.699951171875,1453.300048828125,1455.5,655326,62.73739979636201
2025-05-19 06:45:00+00:00,1455.0,1457.800048828125,1449.5999755859375,1450.300048828125,638353,56.01923761762487
2025-05-19 07:45:00+00:00,1450.300048828125,1452.0999755859375,1446.0,1446.9000244140625,636983,52.0913669785924
2025-05-19 08:45:00+00:00,1447.0,1449.4000244140625,1443.800048828125,1449.199951171875,1550165,54.419540445506144
2025-05-19 09:45:00+00:00,1449.300048828125,1451.0,1446.5999755859375,1449.0,1108873,54.173061646996175
2025-05-20 03:45:00+00:00,1450.9000244140625,1457.300048828125,1441.800048828125,1442.9000244140625,0,47.15606762490674
2025-05-20 04:45:00+00:00,1443.300048828125,1447.699951171875,1441.5,1443.800048828125,604448,48.22174564175392
2025-05-20 05:45:00+00:00,1443.699951171875,1443.699951171875,1438.699951171875,1439.5,735915,43.68857054399356
2025-05-20 06:45:00+00:00,1439.4000244140625,1442.9000244140625,1438.300048828125,1438.4000244140625,1401984,42.58571692737949
2025-05-20 07:45:00+00:00,1438.5,1440.300048828125,1436.5999755859375,1439.0,1708843,43.4246218025286
2025-05-20 08:45:00+00:00,1438.9000244140625,1440.5999755859375,1436.199951171875,1439.5999755859375,3507506,44.30106613660211
2025-05-20 09:45:00+00:00,1439.699951171875,1439.800048828125,1437.0,1438.4000244140625,1611306,42.87062061745685
2025-05-21 03:45:00+00:00,1446.0999755859375,1449.9000244140625,1443.199951171875,1448.300048828125,0,55.60661319745485
2025-05-21 04:45:00+00:00,1448.4000244140625,1451.300048828125,1445.300048828125,1446.800048828125,675886,53.65487242567625
2025-05-21 05:45:00+00:00,1446.699951171875,1449.9000244140625,1441.0,1441.5,697982,47.33316323052994
2025-05-21 06:45:00+00:00,1441.9000244140625,1445.5,1438.5,1444.0999755859375,795206,50.41927936292515
2025-05-21 07:45:00+00:00,1444.300048828125,1445.9000244140625,1439.0,1441.699951171875,343605,47.64395403038609
2025-05-21 08:45:00+00:00,1442.0,1445.4000244140625,1440.0,1445.0999755859375,963269,51.700108452562475
2025-05-21 09:45:00+00:00,1445.0999755859375,1446.0,1443.0,1444.699951171875,470302,51.19755070711425
2025-05-22 03:45:00+00:00,1441.800048828125,1445.300048828125,1433.5999755859375,1434.300048828125,0,40.24463081696074
2025-05-22 04:45:00+00:00,1434.300048828125,1435.800048828125,1431.300048828125,1435.5,633188,41.79195993776101
2025-05-22 05:45:00+00:00,1435.0999755859375,1435.199951171875,1428.0,1428.0999755859375,708289,35.65949329432726
2025-05-22 06:45:00+00:00,1428.4000244140625,1432.300048828125,1427.800048828125,1431.199951171875,968317,39.654324322161855
2025-05-22 07:45:00+00:00,1431.5999755859375,1434.0999755859375,1430.199951171875,1433.800048828125,598968,42.85895639661055
2025-05-22 08:45:00+00:00,1433.9000244140625,1444.0,1431.5,1442.5999755859375,2384980,52.12536734519053
2025-05-22 09:45:00+00:00,1442.9000244140625,1443.5999755859375,1439.699951171875,1439.699951171875,601288,49.28864056623764
2025-05-23 03:45:00+00:00,1444.699951171875,1445.5999755859375,1434.5999755859375,1445.5999755859375,0,54.69106912429823
2025-05-23 04:45:00+00:00,1445.199951171875,1451.0,1440.300048828125,1449.199951171875,556930,57.65530793145476
2025-05-23 05:45:00+00:00,1449.199951171875,1451.699951171875,1443.199951171875,1443.800048828125,862274,52.14457298373709
2025-05-23 06:45:00+00:00,1443.800048828125,1451.0,1443.699951171875,1448.300048828125,906472,55.92526442306468
2025-05-23 07:45:00+00:00,1448.300048828125,1451.0,1446.5,1449.0999755859375,568805,56.58191316256797
2025-05-23 08:45:00+00:00,1449.0,1450.0,1445.5,1449.5999755859375,1125797,57.01301988923249
2025-05-23 09:45:00+00:00,1449.5999755859375,1451.300048828125,1449.5999755859375,1450.0,311224,57.37765012890504
2025-05-26 03:45:00+00:00,1461.0,1471.5,1460.699951171875,1466.300048828125,0,68.93918870473762
2025-05-26 04:45:00+00:00,1466.300048828125,1467.0,1455.0,1459.0,662002,60.963475908292466
2025-05-26 05:45:00+00:00,1459.0999755859375,1462.800048828125,1457.5999755859375,1459.699951171875,630153,61.42430906142409
2025-05-26 06:45:00+00:00,1459.699951171875,1462.199951171875,1455.5,1457.699951171875,682353,59.27121339140298
2025-05-26 07:45:00+00:00,1457.800048828125,1460.5,1455.699951171875,1458.5999755859375,742330,59.951540599209686
2025-05-26 08:45:00+00:00,1458.5999755859375,1462.0,1456.5,1460.5999755859375,1078878,61.490900331441885
2025-05-26 09:45:00+00:00,1460.5999755859375,1462.300048828125,1459.199951171875,1460.5999755859375,506601,61.490900331441885
2025-05-27 03:45:00+00:00,1456.4000244140625,1459.0,1442.4000244140625,1442.5,0,43.814624735223006
2025-05-27 04:45:00+00:00,1442.5,1455.0,1437.9000244140625,1449.199951171875,1577409,49.59113039149668
2025-05-27 05:45:00+00:00,1449.5999755859375,1462.800048828125,1449.0,1450.0,1562822,50.24890050842763
2025-05-27 06:45:00+00:00,1450.0999755859375,1451.800048828125,1442.800048828125,1443.5,1813216,45.09988540785099
2025-05-27 07:45:00+00:00,1443.5,1449.0,1439.199951171875,1441.0,1946012,43.26363484529127
2025-05-27 08:45:00+00:00,1441.0999755859375,1448.5999755859375,1435.800048828125,1447.9000244140625,4397541,49.3885563957831
2025-05-27 09:45:00+00:00,1448.0,1448.5,1444.9000244140625,1446.4000244140625,1587853,48.17110687748941
2025-05-28 03:45:00+00:00,1451.300048828125,1452.699951171875,1443.0,1449.0999755859375,0,50.5347098388667
2025-05-28 04:45:00+00:00,1449.0999755859375,1453.199951171875,1446.4000244140625,1450.5,944593,51.763127676847574
2025-05-28 05:45:00+00:00,1450.699951171875,1452.9000244140625,1448.0,1449.9000244140625,870862,51.176585145046396
2025-05-28 06:45:00+00:00,1450.0,1457.4000244140625,1449.9000244140625,1454.800048828125,1287238,55.60142335624584
2025-05-28 07:45:00+00:00,1454.5999755859375,1457.199951171875,1452.199951171875,1456.800048828125,1695759,57.30236532158162
2025-05-28 08:45:00+00:00,1456.5999755859375,1457.800048828125,1452.9000244140625,1454.0999755859375,1804838,54.27905346635995
2025-05-28 09:45:00+00:00,1454.0,1454.199951171875,1450.199951171875,1453.800048828125,848050,53.93861818246434
2025-05-29 03:45:00+00:00,1457.300048828125,1462.9000244140625,1449.699951171875,1451.0999755859375,0,50.846820169153645
2025-05-29 04:45:00+00:00,1451.0999755859375,1451.800048828125,1445.800048828125,1447.5999755859375,928696,47.07959805733435
2025-05-29 05:45:00+00:00,1447.199951171875,1448.699951171875,1445.0,1448.4000244140625,916357,48.02750161865482
2025-05-29 06:45:00+00:00,1448.4000244140625,1451.300048828125,1445.4000244140625,1450.4000244140625,1443854,50.41839278283499
2025-05-29 07:45:00+00:00,1450.5,1451.4000244140625,1447.199951171875,1448.699951171875,2916619,48.38096124190797
2025-05-29 08:45:00+00:00,1448.800048828125,1459.300048828125,1447.4000244140625,1457.9000244140625,4914711,58.22033242130465
2025-05-29 09:45:00+00:00,1457.800048828125,1462.199951171875,1456.199951171875,1461.5,2630954,61.32675808270746
2025-05-30 03:45:00+00:00,1459.4000244140625,1460.300048828125,1452.800048828125,1459.199951171875,0,58.342063127699035
2025-05-30 04:45:00+00:00,1459.300048828125,1460.4000244140625,1454.800048828125,1457.0999755859375,567175,55.677701818444135
2025-05-30 05:45:00+00:00,1457.0,1459.300048828125,1453.5999755859375,1454.0999755859375,613705,52.02263458258807
2025-05-30 06:45:00+00:00,1453.699951171875,1455.300048828125,1451.800048828125,1453.199951171875,1059710,50.942173181974944
2025-05-30 07:45:00+00:00,1453.300048828125,1453.800048828125,1446.199951171875,1446.199951171875,873695,43.393508816589154
2025-05-30 08:45:00+00:00,1446.0999755859375,1449.699951171875,1444.4000244140625,1446.5,4220989,43.77808014104696
2025-05-30 09:45:00+00:00,1446.5999755859375,1446.9000244140625,1444.5,1446.0999755859375,3415340,43.35518668069601
2025-06-02 03:45:00+00:00,1451.699951171875,1451.699951171875,1433.300048828125,1433.5999755859375,0,32.71906420015296
2025-06-02 04:45:00+00:00,1433.800048828125,1442.0,1432.800048828125,1438.300048828125,1047473,38.7987591987597
2025-06-02 05:45:00+00:00,1438.199951171875,1441.4000244140625,1436.4000244140625,1439.199951171875,919406,39.918217746316415
2025-06-02 06:45:00+00:00,1439.199951171875,1443.699951171875,1438.4000244140625,1440.699951171875,904396,41.82824905071953
2025-06-02 07:45:00+00:00,1440.699951171875,1443.800048828125,1440.0999755859375,1442.800048828125,724684,44.48903167543989
2025-06-02 08:45:00+00:00,1442.800048828125,1452.699951171875,1440.5,1451.5,1982436,53.89686701150351
2025-06-02 09:45:00+00:00,1451.5999755859375,1451.5999755859375,1444.0,1450.5,1129043,52.78941323812378
2025-06-03 03:45:00+00:00,1452.0999755859375,1453.5,1434.4000244140625,1439.5,0,42.45533534511338
2025-06-03 04:45:00+00:00,1439.699951171875,1444.5999755859375,1434.5999755859375,1434.9000244140625,1213777,39.01570421404692
2025-06-03 05:45:00+00:00,1434.800048828125,1441.4000244140625,1434.0,1439.0,807134,43.41601689523416
2025-06-03 06:45:00+00:00,1439.0999755859375,1441.199951171875,1432.0999755859375,1435.5,1710740,40.7152092571946
2025-06-03 07:45:00+00:00,1435.4000244140625,1439.0999755859375,1434.0999755859375,1438.699951171875,2026671,44.13681049344347
2025-06-03 08:45:00+00:00,1438.699951171875,1439.800048828125,1435.5999755859375,1437.9000244140625,2809963,43.46153234952179
2025-06-03 09:45:00+00:00,1437.9000244140625,1439.0999755859375,1436.5999755859375,1437.0,1026300,42.67049287522489
2025-06-04 03:45:00+00:00,1437.0,1439.9000244140625,1428.0,1432.800048828125,1249151,39.09459977240667
2025-06-04 04:45:00+00:00,1432.5999755859375,1434.0,1428.5999755859375,1429.0,1334707,36.14329393402812
2025-06-04 05:45:00+00:00,1429.0999755859375,1432.0999755859375,1428.5999755859375,1431.4000244140625,493546,39.2619634826971
2025-06-04 06:45:00+00:00,1431.5,1431.5,1428.9000244140625,1429.5999755859375,530736,37.77196529885553
2025-06-04 07:45:00+00:00,1429.5999755859375,1429.9000244140625,1426.4000244140625,1429.4000244140625,1119938,37.601262554528056
2025-06-04 08:45:00+00:00,1429.4000244140625,1433.0,1428.699951171875,1431.0,2217159,39.94025329633744
2025-06-04 09:45:00+00:00,1430.800048828125,1431.800048828125,1430.0,1431.0,1079899,39.940253296337445
2025-06-05 03:45:00+00:00,1430.699951171875,1441.0,1428.300048828125,1437.0,0,48.35911937845881
2025-06-05 04:45:00+00:00,1437.0,1443.699951171875,1436.0999755859375,1443.699951171875,1088615,55.808408318193784
2025-06-05 05:45:00+00:00,1443.800048828125,1456.300048828125,1442.5,1456.0999755859375,1967069,65.67676750177212
2025-06-05 06:45:00+00:00,1456.5999755859375,1459.0,1450.300048828125,1451.199951171875,716079,59.977080428519564
2025-06-05 07:45:00+00:00,1450.0,1452.0,1449.0,1450.199951171875,797182,58.854530714103696
2025-06-05 08:45:00+00:00,1450.0,1456.0999755859375,1450.0,1455.0,4124950,62.48418290355467
2025-06-05 09:45:00+00:00,1454.9000244140625,1456.300048828125,1454.0999755859375,1456.0,1287679,63.21227275363023
2025-06-06 03:45:00+00:00,1449.9000244140625,1454.300048828125,1444.5999755859375,1447.5999755859375,1522558,53.77186231214956
2025-06-06 04:45:00+00:00,1447.5999755859375,1460.5,1442.300048828125,1456.699951171875,3656058,60.63125147345276
2025-06-06 05:45:00+00:00,1456.699951171875,1461.4000244140625,1454.4000244140625,1460.5999755859375,1589368,63.15458293951798
2025-06-06 06:45:00+00:00,1460.800048828125,1461.300048828125,1452.800048828125,1452.9000244140625,1360310,55.58018664712927
2025-06-06 07:45:00+00:00,1452.699951171875,1458.800048828125,1452.300048828125,1458.800048828125,1136963,59.580421198649546
2025-06-06 08:45:00+00:00,1458.699951171875,1460.5,1457.0,1459.5999755859375,1521204,60.10499709014887
2025-06-06 09:45:00+00:00,1459.5,1460.800048828125,1457.5,1457.5,794478,57.97770904709163
2025-06-09 03:45:00+00:00,1465.199951171875,1465.199951171875,1443.9000244140625,1448.4000244140625,0,49.75909061027771
2025-06-09 04:45:00+00:00,1448.9000244140625,1449.5,1442.9000244140625,1442.9000244140625,1562690,45.55580732535235
2025-06-09 05:45:00+00:00,1442.699951171875,1443.4000244140625,1438.800048828125,1441.4000244140625,1592045,44.45292340169996
2025-06-09 06:45:00+00:00,1441.4000244140625,1442.5,1438.300048828125,1441.0,1232424,44.14598081338924
2025-06-09 07:45:00+00:00,1441.0,1441.199951171875,1437.0,1437.0999755859375,1595626,41.16185407632499
2025-06-09 08:45:00+00:00,1437.0,1437.5,1434.199951171875,1434.9000244140625,1902170,39.53827225290668
2025-06-09 09:45:00+00:00,1435.0,1435.4000244140625,1433.5,1434.0999755859375,1214474,38.93678357048108
2025-06-10 03:45:00+00:00,1439.9000244140625,1439.9000244140625,1416.5,1420.699951171875,3972413,30.553040083678454
2025-06-10 04:45:00+00:00,1420.300048828125,1423.699951171875,1419.4000244140625,1420.5,1897524,30.447689898301064
2025-06-10 05:45:00+00:00,1420.5,1421.0,1418.300048828125,1420.0,1030936,30.16756490189738
2025-06-10 06:45:00+00:00,1420.0999755859375,1426.0,1419.5,1424.9000244140625,1939624,36.348044661204305
2025-06-10 07:45:00+00:00,1424.9000244140625,1425.0,1422.5999755859375,1423.5,742403,35.38443895172756
2025-06-10 08:45:00+00:00,1423.5999755859375,1424.5999755859375,1421.699951171875,1422.699951171875,2317726,34.81641335179509
2025-06-10 09:45:00+00:00,1422.699951171875,1424.300048828125,1420.199951171875,1421.9000244140625,1003053,34.22483084981725
2025-06-11 03:45:00+00:00,1421.800048828125,1430.0,1419.199951171875,1427.800048828125,1231957,42.04649659809766
2025-06-11 04:45:00+00:00,1427.800048828125,1432.9000244140625,1426.5,1432.300048828125,693897,47.203374329579354
2025-06-11 05:45:00+00:00,1432.300048828125,1433.699951171875,1429.5999755859375,1432.0,827363,46.90368024937783
2025-06-11 06:45:00+00:00,1431.9000244140625,1434.5,1431.0,1431.199951171875,683774,46.06388213075281
2025-06-11 07:45:00+00:00,1430.9000244140625,1431.800048828125,1426.300048828125,1426.800048828125,985349,41.647486235930074
2025-06-11 08:45:00+00:00,1427.0,1431.5999755859375,1426.800048828125,1429.800048828125,1505338,45.485300762336735
2025-06-11 09:45:00+00:00,1429.699951171875,1433.199951171875,1428.5,1432.0,1208954,48.17698174652985
2025-06-12 03:45:00+00:00,1431.699951171875,1436.5,1428.0,1428.0,0,43.92980018562119
2025-06-12 04:45:00+00:00,1427.800048828125,1429.4000244140625,1423.5999755859375,1423.699951171875,1066581,39.86150030133186
2025-06-12 05:45:00+00:00,1423.699951171875,1426.0,1423.5,1425.4000244140625,720327,42.14283905306545
2025-06-12 06:45:00+00:00,1425.5,1426.5,1423.4000244140625,1423.699951171875,825125,40.488759684763345
2025-06-12 07:45:00+00:00,1423.800048828125,1426.300048828125,1420.300048828125,1423.5,1550357,40.288471949338785
2025-06-12 08:45:00+00:00,1423.0,1427.699951171875,1422.0999755859375,1424.4000244140625,2094917,41.68677707067619
2025-06-12 09:45:00+00:00,1424.300048828125,1425.199951171875,1422.0999755859375,1425.199951171875,656533,42.96517049525548
2025-06-13 03:45:00+00:00,1404.699951171875,1414.699951171875,1404.699951171875,1414.0,0,32.29108440695349
2025-06-13 04:45:00+00:00,1414.0,1416.9000244140625,1412.0,1412.5999755859375,758814,31.24608991114758
2025-06-13 05:45:00+00:00,1412.5999755859375,1414.5,1408.4000244140625,1408.800048828125,1198908,28.54587101415629
2025-06-13 06:45:00+00:00,1408.9000244140625,1415.0,1408.800048828125,1415.0,603638,37.96550959616272
2025-06-13 07:45:00+00:00,1415.0,1421.4000244140625,1414.4000244140625,1415.0,1011937,37.96550959616272
2025-06-13 08:45:00+00:00,1415.0,1418.4000244140625,1411.0999755859375,1418.300048828125,1884369,42.633865522564946
2025-06-13 09:45:00+00:00,1418.199951171875,1418.4000244140625,1415.199951171875,1417.699951171875,954271,42.01468385510122
2025-06-16 03:45:00+00:00,1418.0,1420.9000244140625,1414.199951171875,1416.5,0,40.74054562584479
2025-06-16 04:45:00+00:00,1416.5,1424.5,1415.699951171875,1422.9000244140625,999133,49.531544086559535
2025-06-16 05:45:00+00:00,1422.5,1426.699951171875,1419.5999755859375,1423.4000244140625,488525,50.15368203972815
2025-06-16 06:45:00+00:00,1423.5,1425.5,1420.699951171875,1423.199951171875,363023,49.888665940025476
2025-06-16 07:45:00+00:00,1423.0999755859375,1427.699951171875,1421.5,1426.9000244140625,460180,54.66017019732043
2025-06-16 08:45:00+00:00,1427.0,1427.800048828125,1424.4000244140625,1426.699951171875,1274757,54.35876391793631
2025-06-16 09:45:00+00:00,1426.5999755859375,1429.0,1425.5999755859375,1426.9000244140625,975322,54.62819768976514
2025-06-17 03:45:00+00:00,1426.9000244140625,1429.800048828125,1422.199951171875,1425.4000244140625,0,52.142909116882876
2025-06-17 04:45:00+00:00,1425.4000244140625,1427.9000244140625,1423.5,1424.5,617943,50.653822736672836
2025-06-17 05:45:00+00:00,1424.5,1425.199951171875,1422.5999755859375,1422.9000244140625,416567,48.02801444402603
2025-06-17 06:45:00+00:00,1422.9000244140625,1424.5,1419.0999755859375,1419.9000244140625,941763,43.477050019957105
2025-06-17 07:45:00+00:00,1419.9000244140625,1421.5,1417.800048828125,1420.699951171875,640706,44.97427892655657
2025-06-17 08:45:00+00:00,1420.800048828125,1423.9000244140625,1419.5,1423.5999755859375,2024688,50.131608192074104
2025-06-17 09:45:00+00:00,1423.5999755859375,1425.699951171875,1422.0,1423.199951171875,1033501,49.44321690713166
2025-06-18 03:45:00+00:00,1418.199951171875,1432.0,1418.199951171875,1422.9000244140625,0,48.90102246054498
2025-06-18 04:45:00+00:00,1423.0,1423.699951171875,1416.0,1416.0999755859375,771906,38.573073328428904
2025-06-18 05:45:00+00:00,1416.300048828125,1416.300048828125,1413.4000244140625,1415.0999755859375,801984,37.32464256995213
2025-06-18 06:45:00+00:00,1415.0999755859375,1415.4000244140625,1412.5,1413.9000244140625,587174,35.82623603747271
2025-06-18 07:45:00+00:00,1414.0,1414.0,1410.199951171875,1412.5,1091924,34.10587380695907
2025-06-18 08:45:00+00:00,1412.5,1415.0,1411.4000244140625,1412.5999755859375,1646825,34.34831567488651
2025-06-18 09:45:00+00:00,1412.5,1413.699951171875,1411.699951171875,1412.5999755859375,880288,34.34831567488651
2025-06-19 03:45:00+00:00,1408.800048828125,1414.0,1405.4000244140625,1413.4000244140625,0,36.51610167680465
2025-06-19 04:45:00+00:00,1413.4000244140625,1414.699951171875,1407.300048828125,1407.800048828125,1102996,29.23861182979553
2025-06-19 05:45:00+00:00,1407.800048828125,1408.0,1404.800048828125,1406.199951171875,1222760,27.549142453377456
2025-06-19 06:45:00+00:00,1406.0999755859375,1412.5999755859375,1405.699951171875,1411.9000244140625,1025066,40.69536158494976
2025-06-19 07:45:00+00:00,1411.800048828125,1412.4000244140625,1409.0999755859375,1410.4000244140625,898517,38.70505259274979
2025-06-19 08:45:00+00:00,1410.300048828125,1414.0,1408.0999755859375,1411.199951171875,1974480,40.37966256042245
2025-06-19 09:45:00+00:00,1411.4000244140625,1412.800048828125,1408.4000244140625,1411.300048828125,0,40.598361053556715
2025-06-20 03:45:00+00:00,1411.800048828125,1416.5999755859375,1410.5999755859375,1415.4000244140625,570881,48.871272740191856
2025-06-20 04:45:00+00:00,1415.300048828125,1426.0,1415.300048828125,1425.9000244140625,658231,63.06014452447228
2025-06-20 05:45:00+00:00,1426.0,1430.699951171875,1424.5999755859375,1430.300048828125,960150,67.17149464808298
2025-06-20 06:45:00+00:00,1430.199951171875,1432.0,1427.199951171875,1431.5999755859375,561672,68.29422665127692
2025-06-20 07:45:00+00:00,1431.5999755859375,1433.199951171875,1428.0,1428.5999755859375,495053,62.944065801924566
2025-06-20 08:45:00+00:00,1428.9000244140625,1429.699951171875,1424.300048828125,1425.0,4892736,57.15752225520845
2025-06-20 09:45:00+00:00,1425.199951171875,1429.5999755859375,1424.5999755859375,1427.0999755859375,4267227,59.49665413325806
2025-06-23 03:45:00+00:00,1417.699951171875,1420.199951171875,1412.4000244140625,1414.0,0,43.530112942696746
2025-06-23 04:45:00+00:00,1414.199951171875,1417.0,1412.5999755859375,1416.199951171875,476468,46.14395877005018
2025-06-23 05:45:00+00:00,1416.0999755859375,1416.800048828125,1412.5,1413.0999755859375,494576,43.11546921075122
2025-06-23 06:45:00+00:00,1413.199951171875,1416.0999755859375,1412.800048828125,1415.199951171875,591993,45.71463880268325
2025-06-23 07:45:00+00:00,1415.199951171875,1423.0,1415.0,1420.199951171875,923171,51.40772913434091
2025-06-23 08:45:00+00:00,1420.199951171875,1421.800048828125,1417.5,1419.5,1498616,50.60759378872407
2025-06-23 09:45:00+00:00,1419.300048828125,1420.800048828125,1418.0999755859375,1420.0999755859375,0,51.3071946714483
2025-06-24 03:45:00+00:00,1427.800048828125,1435.5999755859375,1423.9000244140625,1431.5,1840501,62.24873684860804
2025-06-24 04:45:00+00:00,1431.4000244140625,1432.9000244140625,1425.4000244140625,1431.0999755859375,829581,61.72460869595351
2025-06-24 05:45:00+00:00,1431.0999755859375,1435.0,1429.800048828125,1434.199951171875,1027729,64.23759499569252
2025-06-24 06:45:00+00:00,1434.199951171875,1434.4000244140625,1421.5999755859375,1424.0,1687793,52.11359295814541
2025-06-24 07:45:00+00:00,1424.0,1425.199951171875,1416.5999755859375,1419.699951171875,2100569,48.0005528467018
2025-06-24 08:45:00+00:00,1419.800048828125,1424.800048828125,1418.699951171875,1423.5,2566709,51.63348430159618
2025-06-24 09:45:00+00:00,1423.5999755859375,1425.5,1423.0,1424.0,1135502,52.1076067603151
2025-06-25 03:45:00+00:00,1420.0999755859375,1427.4000244140625,1416.5,1422.9000244140625,1939630,50.924909164759995
2025-06-25 04:45:00+00:00,1423.0,1424.9000244140625,1420.4000244140625,1420.699951171875,846471,48.55128428408373
2025-06-25 05:45:00+00:00,1420.800048828125,1423.300048828125,1420.5999755859375,1422.300048828125,817518,50.363367613463794
2025-06-25 06:45:00+00:00,1422.199951171875,1422.5999755859375,1420.199951171875,1422.0,840713,50.00767860014502
2025-06-25 07:45:00+00:00,1421.9000244140625,1424.9000244140625,1421.0,1424.699951171875,804223,53.209948066673846
2025-06-25 08:45:00+00:00,1424.5999755859375,1428.9000244140625,1424.0,1425.0,1364966,53.5659170447274
2025-06-25 09:45:00+00:00,1425.0999755859375,1426.300048828125,1422.699951171875,1424.5,912459,52.84444301613871
2025-06-26 03:45:00+00:00,1424.5999755859375,1436.0,1421.699951171875,1428.5999755859375,1948081,57.856940510957934
2025-06-26 04:45:00+00:00,1428.5999755859375,1429.800048828125,1425.0,1427.4000244140625,975227,55.981376672373635
2025-06-26 05:45:00+00:00,1427.4000244140625,1441.9000244140625,1426.300048828125,1439.800048828125,1474631,67.6514750696151
2025-06-26 06:45:00+00:00,1440.300048828125,1441.0,1432.300048828125,1433.699951171875,1005996,59.319726885507
2025-06-26 07:45:00+00:00,1433.699951171875,1446.5,1432.4000244140625,1446.5,1951921,68.1763533901059
2025-06-26 08:45:00+00:00,1446.9000244140625,1447.5,1436.5999755859375,1438.0999755859375,4149251,59.08523990912927
2025-06-26 09:45:00+00:00,1438.0,1440.199951171875,1436.199951171875,1439.0999755859375,2093024,59.77295036497909
2025-06-27 03:45:00+00:00,1438.9000244140625,1446.800048828125,1438.9000244140625,1446.800048828125,0,64.69395951707972
2025-06-27 04:45:00+00:00,1446.800048828125,1451.300048828125,1443.699951171875,1448.4000244140625,1431681,65.63467782074441
2025-06-27 05:45:00+00:00,1448.4000244140625,1449.4000244140625,1442.800048828125,1447.300048828125,1254123,64.36493923745417
2025-06-27 06:45:00+00:00,1447.300048828125,1454.699951171875,1446.800048828125,1453.4000244140625,1423313,68.05560990860738
2025-06-27 07:45:00+00:00,1453.4000244140625,1454.699951171875,1451.4000244140625,1454.199951171875,1190649,68.51610296313433
2025-06-27 08:45:00+00:00,1454.300048828125,1463.5999755859375,1452.300048828125,1462.699951171875,8579930,72.97429613204113
2025-06-27 09:45:00+00:00,1462.5999755859375,1465.699951171875,1457.0999755859375,1462.199951171875,7265471,72.3255157636298
2025-06-30 03:45:00+00:00,1458.699951171875,1461.9000244140625,1453.699951171875,1453.699951171875,0,62.20131083847536
2025-06-30 04:45:00+00:00,1453.800048828125,1454.699951171875,1448.800048828125,1450.0999755859375,460709,58.468332991045614
2025-06-30 05:45:00+00:00,1450.0999755859375,1455.0999755859375,1447.800048828125,1454.300048828125,654365,61.38042665095075
2025-06-30 06:45:00+00:00,1454.5,1455.0,1449.0999755859375,1449.699951171875,908212,56.69184545827337
2025-06-30 07:45:00+00:00,1449.699951171875,1450.0999755859375,1445.0999755859375,1446.0999755859375,522703,53.262952242056485
2025-06-30 08:45:00+00:00,1446.0999755859375,1447.699951171875,1442.300048828125,1445.9000244140625,1782315,53.07095307948501
2025-06-30 09:45:00+00:00,1445.9000244140625,1448.9000244140625,1444.199951171875,1445.0,888103,52.15952429235079
2025-07-01 03:45:00+00:00,1443.0999755859375,1444.800048828125,1438.5999755859375,1442.0,1028611,49.1307238174743
2025-07-01 04:45:00+00:00,1442.0,1442.199951171875,1434.4000244140625,1435.0,1219646,42.87468476064029
2025-07-01 05:45:00+00:00,1434.9000244140625,1436.800048828125,1433.5,1435.699951171875,761206,43.647391501918264
2025-07-01 06:45:00+00:00,1435.5999755859375,1436.9000244140625,1434.0,1434.699951171875,610010,42.75754360741983
2025-07-01 07:45:00+00:00,1434.699951171875,1438.0999755859375,1434.0999755859375,1437.699951171875,1051621,46.294901017108735
2025-07-01 08:45:00+00:00,1437.699951171875,1437.800048828125,1430.0,1430.9000244140625,2146852,40.22690892172735
2025-07-01 09:45:00+00:00,1430.9000244140625,1434.5,1429.699951171875,1431.699951171875,942298,41.20323734703948
2025-07-02 03:45:00+00:00,1439.699951171875,1450.9000244140625,1433.0,1435.800048828125,0,46.06598394267725
2025-07-02 04:45:00+00:00,1435.699951171875,1436.5999755859375,1430.0,1432.0,1376644,42.553284659216885
2025-07-02 05:45:00+00:00,1432.0,1433.5,1430.300048828125,1432.0,1747315,42.553284659216885
2025-07-02 06:45:00+00:00,1431.9000244140625,1432.699951171875,1426.4000244140625,1426.5,1516313,37.724606913444994
2025-07-02 07:45:00+00:00,1426.5,1428.0999755859375,1424.300048828125,1425.4000244140625,2075054,36.82461544163628
2025-07-02 08:45:00+00:00,1425.699951171875,1429.699951171875,1422.5999755859375,1427.9000244140625,3120127,40.31004696022224
2025-07-02 09:45:00+00:00,1428.0,1428.0999755859375,1426.5999755859375,1427.800048828125,1079362,40.21449712661353
2025-07-03 03:45:00+00:00,1435.4000244140625,1446.0999755859375,1432.199951171875,1442.800048828125,0,56.77114322347261
2025-07-03 04:45:00+00:00,1442.9000244140625,1442.9000244140625,1432.0999755859375,1432.800048828125,932414,47.35567476829692
2025-07-03 05:45:00+00:00,1432.800048828125,1433.199951171875,1428.0,1429.5,1008722,44.71983197169051
2025-07-03 06:45:00+00:00,1429.4000244140625,1431.699951171875,1428.0999755859375,1430.0,533306,45.21736817778485
2025-07-03 07:45:00+00:00,1430.0,1434.4000244140625,1427.5999755859375,1428.0,1258339,43.52970515135461
2025-07-03 08:45:00+00:00,1428.0,1428.5999755859375,1424.0,1426.300048828125,4122542,42.09167562094928
2025-07-03 09:45:00+00:00,1426.300048828125,1427.699951171875,1425.699951171875,1425.9000244140625,0,41.74221974050475
2025-07-04 03:45:00+00:00,1430.9000244140625,1431.699951171875,1421.300048828125,1424.5999755859375,571799,40.56355577641038
2025-07-04 04:45:00+00:00,1424.300048828125,1431.0,1424.300048828125,1428.5999755859375,415659,45.64876571938003
2025-07-04 05:45:00+00:00,1428.5999755859375,1430.300048828125,1424.300048828125,1424.5,633358,41.70965135480135
2025-07-04 06:45:00+00:00,1424.5,1430.0,1422.699951171875,1429.300048828125,690777,47.4292171805712
2025-07-04 07:45:00+00:00,1429.300048828125,1436.4000244140625,1428.300048828125,1436.199951171875,502694,54.36154810487328
2025-07-04 08:45:00+00:00,1436.300048828125,1443.5,1434.699951171875,1443.199951171875,1288604,60.108701566970105
2025-07-04 09:45:00+00:00,1443.0999755859375,1444.4000244140625,1441.0999755859375,1443.0,962441,59.8767535136681
2025-07-07 03:45:00+00:00,1438.0999755859375,1440.9000244140625,1429.699951171875,1431.4000244140625,0,48.24546806332104
2025-07-07 04:45:00+00:00,1431.4000244140625,1436.9000244140625,1430.300048828125,1433.4000244140625,609458,50.0471869178649
2025-07-07 05:45:00+00:00,1433.5,1434.0999755859375,1430.4000244140625,1431.9000244140625,910492,48.678445877757866
2025-07-07 06:45:00+00:00,1432.0,1433.699951171875,1429.5999755859375,1432.699951171875,821254,49.47207344247647
2025-07-07 07:45:00+00:00,1432.699951171875,1436.199951171875,1432.0,1435.199951171875,502663,51.97177383889106
2025-07-07 08:45:00+00:00,1435.199951171875,1436.0,1432.199951171875,1435.699951171875,1049323,52.478139903275924
2025-07-07 09:45:00+00:00,1435.5999755859375,1436.800048828125,1434.800048828125,1435.9000244140625,524633,52.69306963816592
2025-07-08 03:45:00+00:00,1434.0999755859375,1442.9000244140625,1430.300048828125,1439.9000244140625,0,56.89092473370479
2025-07-08 04:45:00+00:00,1439.5999755859375,1444.5999755859375,1439.5,1442.4000244140625,431747,59.320566642796905
2025-07-08 05:45:00+00:00,1442.4000244140625,1443.5999755859375,1439.800048828125,1441.9000244140625,461975,58.60910202034065
2025-07-08 06:45:00+00:00,1441.9000244140625,1445.0,1440.4000244140625,1440.800048828125,681025,56.98974554653976
2025-07-08 07:45:00+00:00,1440.9000244140625,1442.699951171875,1438.199951171875,1439.0,472606,54.34361165195106
2025-07-08 08:45:00+00:00,1438.800048828125,1442.800048828125,1438.699951171875,1442.0999755859375,1531527,57.96353946538319
2025-07-08 09:45:00+00:00,1442.0999755859375,1444.699951171875,1441.300048828125,1442.0,846673,57.80436282181838
2025-07-09 03:45:00+00:00,1437.0,1438.699951171875,1426.699951171875,1432.199951171875,0,44.81316889281341
2025-07-09 04:45:00+00:00,1432.0999755859375,1433.199951171875,1430.199951171875,1431.800048828125,755652,44.37490441527036
2025-07-09 05:45:00+00:00,1431.5,1433.9000244140625,1430.0,1433.5999755859375,820999,46.8924229186945
2025-07-09 06:45:00+00:00,1433.5999755859375,1435.9000244140625,1432.699951171875,1435.800048828125,734652,49.87844767043198
2025-07-09 07:45:00+00:00,1435.5999755859375,1436.0,1430.4000244140625,1431.4000244140625,1804433,44.49068299426914
2025-07-09 08:45:00+00:00,1431.4000244140625,1434.0,1431.0,1431.800048828125,1756796,45.071592909754685
2025-07-09 09:45:00+00:00,1431.9000244140625,1432.5,1430.9000244140625,1431.9000244140625,1103764,45.2258732230534
2025-07-10 03:45:00+00:00,1436.0,1437.699951171875,1429.199951171875,1429.9000244140625,818027,42.64536042366388
2025-07-10 04:45:00+00:00,1430.0,1433.0999755859375,1427.9000244140625,1428.5999755859375,704103,41.00742814738995
2025-07-10 05:45:00+00:00,1428.800048828125,1428.9000244140625,1424.300048828125,1425.0,550729,36.79321528702353
2025-07-10 06:45:00+00:00,1425.0999755859375,1428.0999755859375,1424.5999755859375,1425.9000244140625,955369,38.49499679081073
2025-07-10 07:45:00+00:00,1425.800048828125,1428.0,1424.5,1426.0,1047254,38.69245644272098
2025-07-10 08:45:00+00:00,1425.9000244140625,1428.199951171875,1422.5999755859375,1423.9000244140625,2499124,36.07275272007338
2025-07-10 09:45:00+00:00,1424.0,1425.5999755859375,1422.0999755859375,1424.0999755859375,0,36.513512105333746
2025-07-11 03:45:00+00:00,1423.5,1427.699951171875,1420.0999755859375,1420.300048828125,984459,31.998297545124245
2025-07-11 04:45:00+00:00,1420.0999755859375,1420.5999755859375,1415.0999755859375,1415.199951171875,826143,27.14627340730148
2025-07-11 05:45:00+00:00,1415.0999755859375,1417.5999755859375,1414.5999755859375,1417.300048828125,1262599,31.736462256220022
2025-07-11 06:45:00+00:00,1417.0999755859375,1422.4000244140625,1417.0999755859375,1420.0999755859375,917245,37.39948794531311
2025-07-11 07:45:00+00:00,1420.0999755859375,1421.5,1419.4000244140625,1419.800048828125,394099,37.04496677455244
2025-07-11 08:45:00+00:00,1419.9000244140625,1423.5,1419.5999755859375,1422.0,1737531,41.43057649040156
2025-07-11 09:45:00+00:00,1421.9000244140625,1423.699951171875,1420.5,1420.699951171875,1035824,39.671791923509176
2025-07-14 03:45:00+00:00,1424.5999755859375,1424.5999755859375,1418.0999755859375,1421.5999755859375,0,41.52259028479997
2025-07-14 04:45:00+00:00,1421.9000244140625,1423.300048828125,1416.5999755859375,1417.9000244140625,366456,36.55735500452005
2025-07-14 05:45:00+00:00,1417.9000244140625,1420.0,1416.199951171875,1418.300048828125,914518,37.428533045083384
2025-07-14 06:45:00+00:00,1418.300048828125,1421.4000244140625,1417.699951171875,1419.5999755859375,443856,40.297561009853226
2025-07-14 07:45:00+00:00,1419.5999755859375,1423.5,1419.4000244140625,1423.0,534802,47.12637616088855
2025-07-14 08:45:00+00:00,1423.0,1424.0,1420.0999755859375,1423.300048828125,1903185,47.69495597636683
2025-07-14 09:45:00+00:00,1423.300048828125,1423.5999755859375,1421.9000244140625,1421.9000244140625,865697,45.24984906249363
2025-07-15 03:45:00+00:00,1421.9000244140625,1425.300048828125,1419.300048828125,1422.5999755859375,0,46.72047613234247
2025-07-15 04:45:00+00:00,1422.5999755859375,1426.699951171875,1421.699951171875,1423.199951171875,608431,48.00958917124252
2025-07-15 05:45:00+00:00,1423.300048828125,1426.199951171875,1422.300048828125,1426.0,680696,53.646369730897064
2025-07-15 06:45:00+00:00,1426.0,1428.5999755859375,1424.4000244140625,1426.300048828125,821686,54.21916914167107
2025-07-15 07:45:00+00:00,1426.300048828125,1427.9000244140625,1425.0,1427.4000244140625,707004,56.34873669785633
2025-07-15 08:45:00+00:00,1427.5,1432.0,1425.0,1431.5999755859375,1603327,63.357463874446616
2025-07-15 09:45:00+00:00,1431.5999755859375,1433.800048828125,1431.199951171875,1433.0,871064,65.35441000892567
2025-07-16 03:45:00+00:00,1425.0999755859375,1426.0,1419.4000244140625,1421.699951171875,760133,44.34693585948365
2025-07-16 04:45:00+00:00,1421.5,1423.800048828125,1420.4000244140625,1422.5,666289,45.6782889093976
2025-07-16 05:45:00+00:00,1422.0999755859375,1425.9000244140625,1421.699951171875,1424.5999755859375,694973,49.11895564950749
2025-07-16 06:45:00+00:00,1423.800048828125,1428.4000244140625,1423.4000244140625,1426.9000244140625,672626,52.656008364563235
2025-07-16 07:45:00+00:00,1426.800048828125,1429.199951171875,1425.4000244140625,1427.5,884806,53.562851695961555
2025-07-16 08:45:00+00:00,1427.5,1428.300048828125,1425.300048828125,1426.300048828125,1207127,51.440641261511786
2025-07-16 09:45:00+00:00,1426.300048828125,1427.4000244140625,1424.0999755859375,1425.699951171875,762666,50.365898859664846
2025-07-17 03:45:00+00:00,1422.300048828125,1422.300048828125,1410.0,1412.5999755859375,2638002,33.77610948158167
2025-07-17 04:45:00+00:00,1412.699951171875,1416.5,1409.5999755859375,1415.4000244140625,2465483,38.44333881125082
2025-07-17 05:45:00+00:00,1415.300048828125,1418.699951171875,1415.0,1418.0999755859375,840834,42.641122739546354
2025-07-17 06:45:00+00:00,1418.0999755859375,1420.699951171875,1415.9000244140625,1420.300048828125,1050706,45.87981870136376
2025-07-17 07:45:00+00:00,1420.4000244140625,1421.0999755859375,1416.800048828125,1418.0999755859375,1654480,43.249917093711964
2025-07-17 08:45:00+00:00,1417.800048828125,1420.4000244140625,1417.5,1418.9000244140625,3026966,44.49588548160513
2025-07-17 09:45:00+00:00,1418.9000244140625,1420.0,1417.699951171875,1418.0,1250550,43.343010856823696
2025-07-18 03:45:00+00:00,1420.300048828125,1422.800048828125,1411.0,1417.699951171875,0,42.94354246464193
2025-07-18 04:45:00+00:00,1417.5999755859375,1418.4000244140625,1410.199951171875,1413.5,1142031,37.70511849724327
2025-07-18 05:45:00+00:00,1413.199951171875,1415.300048828125,1408.5,1409.699951171875,1215852,33.69961317970946
2025-07-18 06:45:00+00:00,1409.5999755859375,1416.5999755859375,1408.5,1414.9000244140625,1241958,42.674157662354354
2025-07-18 07:45:00+00:00,1414.5999755859375,1423.4000244140625,1413.0999755859375,1420.5999755859375,1233138,50.57211428516601
2025-07-18 08:45:00+00:00,1420.5999755859375,1428.800048828125,1419.0999755859375,1426.0,3160960,56.66363900451933
2025-07-18 09:45:00+00:00,1426.199951171875,1428.9000244140625,1425.4000244140625,1425.800048828125,0,56.38653531962478
2025-07-21 03:45:00+00:00,1438.199951171875,1461.9000244140625,1437.0,1459.800048828125,0,76.99134776319902
2025-07-21 04:45:00+00:00,1459.4000244140625,1465.9000244140625,1458.5999755859375,1460.300048828125,2036110,77.16222243225447
2025-07-21 05:45:00+00:00,1460.4000244140625,1461.5,1456.4000244140625,1459.5999755859375,1445337,76.30772031465384
2025-07-21 06:45:00+00:00,1459.5999755859375,1462.0,1456.800048828125,1460.5,1100836,76.66548923505088
2025-07-21 07:45:00+00:00,1460.4000244140625,1462.0,1459.300048828125,1461.0999755859375,1009426,76.91574015662455
2025-07-21 08:45:00+00:00,1461.0999755859375,1467.699951171875,1460.5,1465.5,1807291,78.71829924127488
2025-07-21 09:45:00+00:00,1465.4000244140625,1466.800048828125,1463.0999755859375,1465.800048828125,0,78.83964317610315
2025-07-22 03:45:00+00:00,1472.300048828125,1479.199951171875,1471.300048828125,1477.199951171875,2566327,82.8424220691903
2025-07-22 04:45:00+00:00,1477.0999755859375,1481.9000244140625,1471.800048828125,1475.300048828125,1398919,80.12218818110834
2025-07-22 05:45:00+00:00,1475.300048828125,1478.0,1473.300048828125,1475.5999755859375,722164,80.23253834474444
2025-07-22 06:45:00+00:00,1475.4000244140625,1478.4000244140625,1474.9000244140625,1475.5,616397,80.07296742120096
2025-07-22 07:45:00+00:00,1475.5,1476.800048828125,1471.699951171875,1472.4000244140625,874585,75.0862728150955
2025-07-22 08:45:00+00:00,1472.5999755859375,1475.699951171875,1470.0999755859375,1473.699951171875,1779009,75.7677722256991
2025-07-22 09:45:00+00:00,1473.9000244140625,1475.0,1470.800048828125,1473.5999755859375,972078,75.59649949415605
2025-07-23 03:45:00+00:00,1479.5,1479.699951171875,1472.5999755859375,1473.9000244140625,0,75.77350102564463
2025-07-23 04:45:00+00:00,1474.300048828125,1477.300048828125,1473.5999755859375,1475.699951171875,1776549,76.85786695727447
2025-07-23 05:45:00+00:00,1475.5,1480.4000244140625,1474.4000244140625,1479.9000244140625,1069531,79.19769228151142
2025-07-23 06:45:00+00:00,1479.9000244140625,1483.5,1479.800048828125,1482.199951171875,1040050,80.36821962547249
2025-07-23 07:45:00+00:00,1482.199951171875,1486.699951171875,1481.5,1486.699951171875,1618084,82.44912362701524
2025-07-23 08:45:00+00:00,1486.5,1490.0,1486.5,1488.5,4104565,83.21552550876676
2025-07-23 09:45:00+00:00,1488.5999755859375,1488.800048828125,1486.0,1486.9000244140625,1042778,79.87671549733486
2025-07-24 03:45:00+00:00,1486.9000244140625,1488.300048828125,1482.0,1483.699951171875,0,73.52281082250208
2025-07-24 04:45:00+00:00,1483.699951171875,1486.800048828125,1482.0999755859375,1484.199951171875,600507,73.87252457689968
2025-07-24 05:45:00+00:00,1484.0999755859375,1486.0,1481.199951171875,1482.5,1471104,70.46480225592634
2025-07-24 06:45:00+00:00,1482.4000244140625,1487.300048828125,1482.0999755859375,1486.5999755859375,729753,73.62492835429974
2025-07-24 07:45:00+00:00,1486.5,1486.5999755859375,1482.199951171875,1485.4000244140625,900721,71.22304424357704
2025-07-24 08:45:00+00:00,1485.199951171875,1488.5,1483.300048828125,1483.4000244140625,1525425,67.28314982837585
2025-07-24 09:45:00+00:00,1483.5,1483.5999755859375,1478.0999755859375,1480.0,713104,61.09570350945767
2025-07-25 03:45:00+00:00,1493.800048828125,1493.800048828125,1482.0999755859375,1486.5999755859375,2907719,67.36881434178724
2025-07-25 04:45:00+00:00,1486.5999755859375,1486.5999755859375,1478.699951171875,1479.5,803325,56.76493558642048
2025-07-25 05:45:00+00:00,1479.5,1482.699951171875,1475.4000244140625,1475.800048828125,933255,52.15762511811076
2025-07-25 06:45:00+00:00,1475.699951171875,1478.199951171875,1473.9000244140625,1476.9000244140625,920078,53.36936770173034
2025-07-25 07:45:00+00:00,1476.9000244140625,1479.4000244140625,1474.5,1474.5,648418,50.371582362431184
2025-07-25 08:45:00+00:00,1474.5999755859375,1478.5,1473.800048828125,1478.0999755859375,1639960,54.50004205169074
2025-07-25 09:45:00+00:00,1478.0999755859375,1478.9000244140625,1474.199951171875,1477.0999755859375,0,53.1767237327358
2025-07-28 03:45:00+00:00,1480.0,1488.0,1478.800048828125,1487.199951171875,0,62.959272158440335
2025-07-28 04:45:00+00:00,1487.4000244140625,1491.9000244140625,1484.5999755859375,1491.199951171875,1249485,65.98983502373832
2025-07-28 05:45:00+00:00,1491.199951171875,1493.800048828125,1488.0,1488.699951171875,974695,62.54550626107995
2025-07-28 06:45:00+00:00,1488.800048828125,1490.800048828125,1483.4000244140625,1483.9000244140625,762147,56.45302680866241
2025-07-28 07:45:00+00:00,1484.0,1484.9000244140625,1481.300048828125,1484.5999755859375,836910,57.1091426243413
2025-07-28 08:45:00+00:00,1484.800048828125,1489.0,1484.300048828125,1488.0999755859375,1393638,60.32793060029721
2025-07-28 09:45:00+00:00,1488.0,1490.0,1487.4000244140625,1488.9000244140625,844485,61.047538109064234
2025-07-29 03:45:00+00:00,1478.9000244140625,1484.699951171875,1475.699951171875,1480.5999755859375,2129103,50.7605943168508
2025-07-29 04:45:00+00:00,1480.5999755859375,1483.9000244140625,1479.5999755859375,1482.300048828125,1477558,52.52522096092392
2025-07-29 05:45:00+00:00,1482.4000244140625,1484.5,1479.699951171875,1482.800048828125,720233,53.058050396035476
2025-07-29 06:45:00+00:00,1482.9000244140625,1486.4000244140625,1481.199951171875,1485.5999755859375,919081,56.03385874145056
2025-07-29 07:45:00+00:00,1485.5,1489.800048828125,1483.0,1486.699951171875,1160440,57.18224705679979
2025-07-29 08:45:00+00:00,1487.300048828125,1487.9000244140625,1482.0999755859375,1485.9000244140625,2123055,56.03597111246717
2025-07-29 09:45:00+00:00,1485.9000244140625,1488.0999755859375,1483.0,1486.199951171875,0,56.38897051597566
2025-07-30 03:45:00+00:00,1484.0,1484.0,1477.5,1481.5999755859375,1579942,49.78641127466441
2025-07-30 04:45:00+00:00,1481.5,1485.300048828125,1480.199951171875,1484.0,841031,52.88605934580431
2025-07-30 05:45:00+00:00,1484.0999755859375,1488.5,1482.199951171875,1486.0,958098,55.359055929432955
2025-07-30 06:45:00+00:00,1485.800048828125,1487.800048828125,1482.0999755859375,1483.5999755859375,666222,51.84240263261671
2025-07-30 07:45:00+00:00,1483.9000244140625,1486.9000244140625,1482.4000244140625,1484.0999755859375,932606,52.51910670149573
2025-07-30 08:45:00+00:00,1484.0,1486.0,1481.199951171875,1482.199951171875,1378068,49.66320919838342
2025-07-30 09:45:00+00:00,1482.4000244140625,1483.699951171875,1480.0999755859375,1482.4000244140625,0,49.971709406912446
2025-07-31 03:45:00+00:00,1476.5,1477.800048828125,1464.5999755859375,1466.0999755859375,2319820,32.49731857926558
2025-07-31 04:45:00+00:00,1466.199951171875,1473.800048828125,1464.300048828125,1472.0,1290102,40.59483163343866
2025-07-31 05:45:00+00:00,1472.0,1481.9000244140625,1470.5999755859375,1481.699951171875,1231792,51.00154199900677
2025-07-31 06:45:00+00:00,1481.699951171875,1492.9000244140625,1481.5999755859375,1491.0,1776671,58.5068132265081
2025-07-31 07:45:00+00:00,1491.0,1494.5,1490.5999755859375,1492.5999755859375,1514499,59.65185251585676
2025-07-31 08:45:00+00:00,1492.0999755859375,1493.0,1479.699951171875,1481.0,3162687,49.07748702020736
2025-07-31 09:45:00+00:00,1480.9000244140625,1484.5,1478.199951171875,1484.5,1097118,51.85089797418485
2025-08-01 03:45:00+00:00,1478.0999755859375,1485.0,1474.300048828125,1483.5999755859375,639700,51.08047319936888
2025-08-01 04:45:00+00:00,1484.0,1484.9000244140625,1477.0,1477.0999755859375,314952,45.788975252126804
2025-08-01 05:45:00+00:00,1477.199951171875,1477.199951171875,1472.0,1473.9000244140625,535718,43.405122715563216
2025-08-01 06:45:00+00:00,1473.9000244140625,1476.0,1471.300048828125,1473.4000244140625,429584,43.02817361526129
2025-08-01 07:45:00+00:00,1473.5,1477.0,1472.0,1475.0,924242,44.68365104892964
2025-08-01 08:45:00+00:00,1475.0,1475.4000244140625,1470.0,1471.0,836242,41.44152309679707
2025-08-01 09:45:00+00:00,1470.9000244140625,1473.0,1470.0999755859375,1470.0999755859375,736008,40.725500203163115
2025-08-04 03:45:00+00:00,1475.0,1478.800048828125,1467.0,1470.5999755859375,0,41.33194778271453
2025-08-04 04:45:00+00:00,1470.5999755859375,1472.199951171875,1465.0999755859375,1468.300048828125,1329632,39.33820733677413
2025-08-04 05:45:00+00:00,1468.300048828125,1471.9000244140625,1467.300048828125,1469.300048828125,406275,40.678095377859314
2025-08-04 06:45:00+00:00,1469.300048828125,1471.300048828125,1467.0,1468.5,396890,39.91842044613115
2025-08-04 07:45:00+00:00,1468.4000244140625,1469.199951171875,1462.300048828125,1466.699951171875,842461,38.190304863263925
2025-08-04 08:45:00+00:00,1466.800048828125,1468.0,1461.4000244140625,1463.5,1399113,35.26738787514502
2025-08-04 09:45:00+00:00,1463.5,1464.0,1461.699951171875,1463.800048828125,1032375,35.76383866182732
2025-08-05 03:45:00+00:00,1457.699951171875,1461.0999755859375,1450.199951171875,1452.9000244140625,1363562,27.509884435506592
2025-08-05 04:45:00+00:00,1452.5,1453.699951171875,1445.4000244140625,1448.199951171875,7909525,24.846992201334345
2025-08-05 05:45:00+00:00,1448.300048828125,1448.9000244140625,1445.199951171875,1447.699951171875,821437,24.574471763224267
2025-08-05 06:45:00+00:00,1447.699951171875,1448.0999755859375,1443.0,1443.5999755859375,884678,22.404489167121113
2025-08-05 07:45:00+00:00,1443.5999755859375,1444.5,1441.0,1442.0999755859375,1144359,21.651221822118814
2025-08-05 08:45:00+00:00,1441.800048828125,1445.0,1441.0999755859375,1445.0,1757304,26.77696562128189
2025-08-05 09:45:00+00:00,1445.0,1446.300048828125,1443.800048828125,1445.0,917733,26.77696562128189
2025-08-06 03:45:00+00:00,1444.300048828125,1452.5,1444.300048828125,1449.0,1705316,33.71400486601833
2025-08-06 04:45:00+00:00,1449.0,1450.5,1443.4000244140625,1447.800048828125,869163,32.712778833651825
2025-08-06 05:45:00+00:00,1448.199951171875,1453.9000244140625,1447.5999755859375,1447.5999755859375,1135954,32.53926279815403
2025-08-06 06:45:00+00:00,1447.9000244140625,1450.0999755859375,1444.5999755859375,1445.699951171875,638148,30.864928005416033
2025-08-06 07:45:00+00:00,1445.800048828125,1447.4000244140625,1444.5999755859375,1445.4000244140625,762695,30.597283594163727
2025-08-06 08:45:00+00:00,1445.9000244140625,1447.699951171875,1441.5999755859375,1442.0,2081818,27.668239294713345
2025-08-06 09:45:00+00:00,1441.9000244140625,1447.300048828125,1441.9000244140625,1443.5999755859375,611740,31.014919737642117
2025-08-07 03:45:00+00:00,1444.800048828125,1446.0999755859375,1435.300048828125,1435.300048828125,0,24.644700943944116
2025-08-07 04:45:00+00:00,1435.4000244140625,1437.4000244140625,1431.9000244140625,1433.9000244140625,921634,23.75827073739454
2025-08-07 05:45:00+00:00,1433.9000244140625,1436.800048828125,1432.5999755859375,1434.0,984571,23.968579385652077
2025-08-07 06:45:00+00:00,1433.699951171875,1436.0999755859375,1433.199951171875,1434.199951171875,917919,24.417634403206847
2025-08-07 07:45:00+00:00,1434.199951171875,1434.5999755859375,1429.199951171875,1430.5999755859375,1114607,21.9087309184668
2025-08-07 08:45:00+00:00,1430.5,1441.5,1430.5,1440.4000244140625,1650722,39.98643142380176
2025-08-07 09:45:00+00:00,1440.4000244140625,1442.9000244140625,1440.0,1441.0,948644,40.88862921493291
2025-08-08 03:45:00+00:00,1444.0,1444.0,1434.699951171875,1437.5999755859375,534386,37.45252338197752
2025-08-08 04:45:00+00:00,1437.4000244140625,1439.800048828125,1435.199951171875,1437.9000244140625,495536,37.94810321475493
2025-08-08 05:45:00+00:00,1438.0,1438.199951171875,1434.5999755859375,1435.699951171875,757352,35.71366602114885
2025-08-08 06:45:00+00:00,1435.699951171875,1440.199951171875,1435.5,1437.5,1003929,38.884415144949465
2025-08-08 07:45:00+00:00,1437.5,1438.9000244140625,1435.699951171875,1437.0,485386,38.31905086495864
2025-08-08 08:45:00+00:00,1436.800048828125,1439.9000244140625,1433.0,1435.4000244140625,1489224,36.490686037718916
2025-08-08 09:45:00+00:00,1435.5,1436.800048828125,1432.0,1435.9000244140625,0,37.49439638217734
2025-08-11 03:45:00+00:00,1426.4000244140625,1430.800048828125,1420.4000244140625,1427.0,0,28.77645187515681
2025-08-11 04:45:00+00:00,1427.0,1428.0,1424.199951171875,1425.0999755859375,1098055,27.316222623163696
2025-08-11 05:45:00+00:00,1425.199951171875,1426.9000244140625,1422.199951171875,1423.300048828125,1013044,25.97171060125642
2025-08-11 06:45:00+00:00,1423.300048828125,1426.5999755859375,1420.9000244140625,1424.5999755859375,1073893,28.701161190214748
2025-08-11 07:45:00+00:00,1424.5999755859375,1432.5,1424.0999755859375,1432.0,1397310,41.846019808473244
2025-08-11 08:45:00+00:00,1432.0999755859375,1438.4000244140625,1430.199951171875,1436.699951171875,2163497,48.35811080903136
2025-08-11 09:45:00+00:00,1436.5999755859375,1437.800048828125,1434.9000244140625,1436.5999755859375,516852,48.23437853367992
2025-08-12 03:45:00+00:00,1424.0,1433.800048828125,1421.5999755859375,1430.0999755859375,0,40.90604471588639
2025-08-12 04:45:00+00:00,1430.0999755859375,1431.0,1423.0,1423.699951171875,404578,35.23035625579013
2025-08-12 05:45:00+00:00,1423.9000244140625,1425.699951171875,1423.199951171875,1424.0999755859375,399794,35.829670882777435
2025-08-12 06:45:00+00:00,1423.9000244140625,1430.800048828125,1423.300048828125,1429.0999755859375,881040,42.936996108469266
2025-08-12 07:45:00+00:00,1429.0999755859375,1429.0999755859375,1423.300048828125,1424.0,855089,38.27980160175165
2025-08-12 08:45:00+00:00,1424.4000244140625,1426.0,1420.5999755859375,1421.4000244140625,1632154,36.12837280795975
2025-08-12 09:45:00+00:00,1421.5,1423.0999755859375,1420.4000244140625,1422.0,0,37.00818587216558
2025-08-13 03:45:00+00:00,1425.0,1425.9000244140625,1417.199951171875,1417.5999755859375,2377748,33.37709474184727
2025-08-13 04:45:00+00:00,1418.0999755859375,1420.5,1415.4000244140625,1418.800048828125,1146103,35.24330836121611
2025-08-13 05:45:00+00:00,1418.800048828125,1423.4000244140625,1417.699951171875,1422.9000244140625,723842,41.29366477721596
2025-08-13 06:45:00+00:00,1423.0,1426.199951171875,1421.699951171875,1423.4000244140625,717122,42.005300961046814
2025-08-13 07:45:00+00:00,1423.9000244140625,1426.0,1420.300048828125,1425.0999755859375,1113867,44.46993455347006
2025-08-13 08:45:00+00:00,1425.4000244140625,1425.699951171875,1419.800048828125,1420.4000244140625,1883512,39.4750205906434
2025-08-13 09:45:00+00:00,1420.5,1422.199951171875,1419.9000244140625,1419.9000244140625,1047383,38.9734960047907
2025-08-14 03:45:00+00:00,1418.5999755859375,1429.4000244140625,1418.5,1427.4000244140625,0,49.36536153970337
2025-08-14 04:45:00+00:00,1427.5,1429.4000244140625,1423.0999755859375,1424.0999755859375,911181,45.67949106505886
2025-08-14 05:45:00+00:00,1424.0999755859375,1428.0,1423.4000244140625,1426.699951171875,1219393,48.915715620943615
2025-08-14 06:45:00+00:00,1426.5999755859375,1430.699951171875,1426.5,1429.9000244140625,913527,52.65448754020916
2025-08-14 07:45:00+00:00,1429.9000244140625,1431.0999755859375,1426.300048828125,1426.800048828125,837363,48.919359780062
2025-08-14 08:45:00+00:00,1426.5999755859375,1431.0,1425.300048828125,1427.0999755859375,1976513,49.29413416215003
2025-08-14 09:45:00+00:00,1427.0,1427.800048828125,1425.800048828125,1426.300048828125,646734,48.276781401558
2025-08-18 03:45:00+00:00,1446.0,1452.0,1444.0,1447.0,0,67.1629604109183
2025-08-18 04:45:00+00:00,1447.0,1447.4000244140625,1439.5,1439.9000244140625,576136,59.18094319983461
2025-08-18 05:45:00+00:00,1439.800048828125,1441.4000244140625,1433.0,1433.0,1248656,52.634146303222515
2025-08-18 06:45:00+00:00,1433.0,1437.800048828125,1431.0,1437.199951171875,480989,55.83663385842975
2025-08-18 07:45:00+00:00,1437.199951171875,1437.699951171875,1431.5,1434.5999755859375,608155,53.42837185596856
2025-08-18 08:45:00+00:00,1434.5999755859375,1436.9000244140625,1432.5999755859375,1434.0999755859375,1187972,52.9553515572137
2025-08-18 09:45:00+00:00,1434.0,1437.0,1433.9000244140625,1434.5999755859375,0,53.399657001367
2025-08-19 03:45:00+00:00,1435.699951171875,1438.5,1428.800048828125,1430.5999755859375,1114090,49.38164156836015
2025-08-19 04:45:00+00:00,1430.5999755859375,1433.5999755859375,1426.300048828125,1433.0999755859375,697233,51.82164159910685
2025-08-19 05:45:00+00:00,1433.0999755859375,1435.800048828125,1431.4000244140625,1435.5999755859375,527609,54.199243346578804
2025-08-19 06:45:00+00:00,1435.5999755859375,1437.9000244140625,1433.4000244140625,1436.699951171875,1448254,55.24576677371886
2025-08-19 07:45:00+00:00,1436.699951171875,1437.4000244140625,1431.699951171875,1433.0,685166,51.022615398911725
2025-08-19 08:45:00+00:00,1433.699951171875,1438.199951171875,1432.0,1436.0999755859375,1714864,54.1828047610988
2025-08-19 09:45:00+00:00,1436.199951171875,1436.800048828125,1435.199951171875,1436.0,522147,54.06165370312213
2025-08-20 03:45:00+00:00,1434.199951171875,1434.5999755859375,1423.800048828125,1428.4000244140625,0,45.6968636549002
2025-08-20 04:45:00+00:00,1428.300048828125,1429.5999755859375,1425.699951171875,1428.5999755859375,479928,45.933884926098045
2025-08-20 05:45:00+00:00,1428.5999755859375,1430.0,1427.699951171875,1429.800048828125,636296,47.41733682802122
2025-08-20 06:45:00+00:00,1430.0,1433.300048828125,1428.0999755859375,1431.5,775272,49.52983530883314
2025-08-20 07:45:00+00:00,1431.5,1433.800048828125,1429.199951171875,1433.199951171875,1274322,51.62288008846806
2025-08-20 08:45:00+00:00,1433.199951171875,1433.5,1428.800048828125,1430.800048828125,1210994,48.561099168079025
2025-08-20 09:45:00+00:00,1430.800048828125,1431.199951171875,1430.0,1430.5999755859375,0,48.30388548312101
2025-08-21 03:45:00+00:00,1439.5999755859375,1445.800048828125,1436.4000244140625,1443.800048828125,1235485,62.4393639977926
2025-08-21 04:45:00+00:00,1443.300048828125,1445.5,1442.800048828125,1444.300048828125,625018,62.853694196779436
2025-08-21 05:45:00+00:00,1444.300048828125,1444.9000244140625,1438.300048828125,1439.0,589170,55.824104657037005
2025-08-21 06:45:00+00:00,1439.0,1442.4000244140625,1437.800048828125,1442.0,717516,58.64357916503294
2025-08-21 07:45:00+00:00,1442.0,1444.5,1440.800048828125,1443.5999755859375,792840,60.10598315421843
2025-08-21 08:45:00+00:00,1443.5999755859375,1447.800048828125,1442.5999755859375,1445.5999755859375,1734899,61.91873002300788
2025-08-21 09:45:00+00:00,1445.5999755859375,1446.300048828125,1443.4000244140625,1444.699951171875,543367,60.58459259918723
2025-08-22 03:45:00+00:00,1444.699951171875,1444.699951171875,1430.199951171875,1432.5999755859375,0,46.17882783990761
2025-08-22 04:45:00+00:00,1432.699951171875,1435.5,1429.5,1435.5,1011362,49.29098246568569
2025-08-22 05:45:00+00:00,1435.300048828125,1438.5,1433.9000244140625,1437.4000244140625,1346420,51.27876343160644
2025-08-22 06:45:00+00:00,1437.800048828125,1441.0,1436.800048828125,1439.5,522353,53.45064790012696
2025-08-22 07:45:00+00:00,1439.5,1441.5,1438.5,1438.9000244140625,730498,52.72744663981679
2025-08-22 08:45:00+00:00,1438.9000244140625,1439.699951171875,1436.199951171875,1437.4000244140625,1135389,50.87414673840297
2025-08-22 09:45:00+00:00,1437.300048828125,1437.4000244140625,1433.699951171875,1435.9000244140625,592053,49.018671421703615
2025-08-25 03:45:00+00:00,1432.9000244140625,1433.300048828125,1424.5,1425.0,0,38.13446838767357
2025-08-25 04:45:00+00:00,1425.0,1428.300048828125,1424.0,1426.5,584312,40.1053986099972
2025-08-25 05:45:00+00:00,1426.5,1430.699951171875,1426.0,1427.300048828125,1379990,41.1817267339073
2025-08-25 06:45:00+00:00,1427.5,1432.300048828125,1427.0,1432.0,733711,47.18608884631899
2025-08-25 07:45:00+00:00,1432.0999755859375,1433.4000244140625,1430.0999755859375,1433.0,950332,48.39321523693463
2025-08-25 08:45:00+00:00,1433.0,1435.199951171875,1430.699951171875,1432.4000244140625,1287072,47.68894331272168
2025-08-25 09:45:00+00:00,1432.5999755859375,1433.9000244140625,1430.5,1433.199951171875,0,48.759647101239004
2025-08-26 03:45:00+00:00,1427.4000244140625,1427.4000244140625,1414.0,1417.0999755859375,1018958,33.77537376387906
2025-08-26 04:45:00+00:00,1417.199951171875,1419.5999755859375,1416.300048828125,1417.800048828125,462188,34.714864255157025
2025-08-26 05:45:00+00:00,1417.9000244140625,1421.800048828125,1417.5999755859375,1419.0999755859375,549268,36.51580159024369
2025-08-26 06:45:00+00:00,1419.0,1420.199951171875,1416.699951171875,1419.9000244140625,583401,37.65569275361742
2025-08-26 07:45:00+00:00,1420.199951171875,1420.199951171875,1415.4000244140625,1415.800048828125,967601,34.2606673703804
2025-08-26 08:45:00+00:00,1415.5,1419.699951171875,1415.5,1416.300048828125,3226039,35.02997289095809
2025-08-26 09:45:00+00:00,1416.199951171875,1416.5999755859375,1413.300048828125,1416.5999755859375,0,35.517440449020484
2025-08-28 03:45:00+00:00,1406.0999755859375,1411.800048828125,1400.0,1408.4000244140625,0,29.090980977221918
2025-08-28 04:45:00+00:00,1408.0,1410.199951171875,1405.199951171875,1406.300048828125,789696,27.70828281197069
2025-08-28 05:45:00+00:00,1406.199951171875,1410.0,1403.800048828125,1406.300048828125,741011,27.70828281197069
2025-08-28 06:45:00+00:00,1406.300048828125,1406.9000244140625,1401.0999755859375,1402.0,650186,24.89793043446133
2025-08-28 07:45:00+00:00,1402.199951171875,1403.0,1400.0,1401.9000244140625,962649,24.834861113409687
2025-08-28 08:45:00+00:00,1401.5999755859375,1403.0,1398.199951171875,1399.300048828125,4252404,23.18969435282405
2025-08-28 09:45:00+00:00,1399.5999755859375,1400.699951171875,1396.5999755859375,1399.0999755859375,1494353,23.063083775043893
2025-08-29 03:45:00+00:00,1393.0,1403.699951171875,1393.0,1401.0999755859375,0,27.334100657887646
2025-08-29 04:45:00+00:00,1401.0,1404.800048828125,1400.0999755859375,1401.5,775004,28.192730759666063
2025-08-29 05:45:00+00:00,1401.199951171875,1403.800048828125,1398.4000244140625,1400.5,639400,27.323548714742273
2025-08-29 06:45:00+00:00,1400.5,1403.4000244140625,1398.800048828125,1401.300048828125,826115,29.2040903181052
2025-08-29 07:45:00+00:00,1401.0999755859375,1403.4000244140625,1399.0999755859375,1402.0999755859375,906638,31.12311751137932
2025-08-29 08:45:00+00:00,1402.0,1404.5,1396.5,1396.9000244140625,2069651,26.159136697050016
2025-08-29 09:45:00+00:00,1397.300048828125,1400.0999755859375,1395.0,1397.800048828125,0,28.291004872763338
2025-09-01 03:45:00+00:00,1406.5,1409.300048828125,1401.699951171875,1404.5999755859375,0,41.93172081635689
2025-09-01 04:45:00+00:00,1404.5,1406.800048828125,1401.4000244140625,1404.800048828125,797797,42.27962697443959
2025-09-01 05:45:00+00:00,1404.800048828125,1407.199951171875,1402.0999755859375,1405.199951171875,529963,43.01454149724651
2025-09-01 06:45:00+00:00,1405.199951171875,1410.0,1403.800048828125,1410.0,699270,51.06791451754516
2025-09-01 07:45:00+00:00,1410.0,1410.699951171875,1407.0,1408.0,577181,48.02262433804354
2025-09-01 08:45:00+00:00,1408.0999755859375,1412.4000244140625,1406.199951171875,1412.0,773719,53.938672351193524
2025-09-01 09:45:00+00:00,1411.800048828125,1411.9000244140625,1409.800048828125,1411.0,382624,52.33493328430808
2025-09-02 03:45:00+00:00,1413.0,1413.0,1406.9000244140625,1409.0,0,49.185140038039066
2025-09-02 04:45:00+00:00,1408.9000244140625,1412.4000244140625,1408.0,1411.4000244140625,682442,52.852232442737524
2025-09-02 05:45:00+00:00,1411.0999755859375,1411.300048828125,1404.199951171875,1404.5,864165,43.199877439161206
2025-09-02 06:45:00+00:00,1404.5,1407.0999755859375,1402.5999755859375,1403.800048828125,1331218,42.35484220175331
2025-09-02 07:45:00+00:00,1403.9000244140625,1405.0,1391.5999755859375,1394.0999755859375,1232047,32.784067523945694
2025-09-02 08:45:00+00:00,1394.0,1396.699951171875,1393.0999755859375,1395.300048828125,1635525,34.748565167006944
2025-09-02 09:45:00+00:00,1395.5,1396.4000244140625,1390.0999755859375,1390.9000244140625,587758,31.15341554568458
2025-09-03 03:45:00+00:00,1390.199951171875,1393.300048828125,1384.5,1393.0999755859375,2358095,34.786379141215676
2025-09-03 04:45:00+00:00,1392.800048828125,1393.0999755859375,1389.4000244140625,1391.199951171875,932318,33.15892088375179
2025-09-03 05:45:00+00:00,1391.0999755859375,1392.5999755859375,1389.300048828125,1391.9000244140625,1214832,34.37713822814426
2025-09-03 06:45:00+00:00,1391.5,1394.300048828125,1390.0,1391.199951171875,1772786,33.715387893369254
2025-09-03 07:45:00+00:00,1391.0,1395.0999755859375,1390.5,1393.5999755859375,1238589,38.113603441398844
2025-09-03 08:45:00+00:00,1393.5,1399.9000244140625,1393.0,1398.0,1577525,45.2819429783695
2025-09-03 09:45:00+00:00,1398.199951171875,1398.199951171875,1395.0999755859375,1396.800048828125,718877,43.792193498390596
2025-09-04 03:45:00+00:00,1407.0,1413.9000244140625,1402.300048828125,1406.9000244140625,0,56.703779878834865
2025-09-04 04:45:00+00:00,1406.9000244140625,1410.699951171875,1405.699951171875,1409.0999755859375,634904,58.9174734963493
2025-09-04 05:45:00+00:00,1409.0999755859375,1411.0,1406.699951171875,1408.9000244140625,1528684,58.62408760708858
2025-09-04 06:45:00+00:00,1408.300048828125,1413.0999755859375,1406.4000244140625,1412.4000244140625,1053466,62.17472240353453
2025-09-04 07:45:00+00:00,1412.4000244140625,1415.0,1404.699951171875,1405.199951171875,2106881,52.24270196001037
2025-09-04 08:45:00+00:00,1405.699951171875,1412.9000244140625,1404.0,1404.800048828125,2874466,51.74825334570801
2025-09-04 09:45:00+00:00,1404.800048828125,1408.0,1404.0,1408.0,650548,55.38683909237483
2025-09-05 03:45:00+00:00,1410.5999755859375,1410.5999755859375,1397.300048828125,1397.699951171875,801894,43.90913399065537
2025-09-05 04:45:00+00:00,1397.300048828125,1397.4000244140625,1391.5,1393.800048828125,661133,40.487972007638085
2025-09-05 05:45:00+00:00,1393.800048828125,1395.5999755859375,1391.0,1391.0,698785,38.18740209433657
2025-09-05 06:45:00+00:00,1391.0,1392.5,1387.9000244140625,1392.0999755859375,1276553,39.63841792464766
2025-09-05 07:45:00+00:00,1392.0999755859375,1399.5999755859375,1390.5,1397.199951171875,721499,45.97114344151106
2025-09-05 08:45:00+00:00,1397.199951171875,1405.5999755859375,1396.5,1401.5999755859375,1899133,50.76993747598904
2025-09-05 09:45:00+00:00,1401.5,1403.5,1400.5,1402.800048828125,0,52.02160616564629
2025-09-08 03:45:00+00:00,1402.199951171875,1407.0999755859375,1400.0,1402.0999755859375,0,51.20374212761431
2025-09-08 04:45:00+00:00,1402.0999755859375,1402.0999755859375,1397.699951171875,1402.0,374896,51.08023687707966
2025-09-08 05:45:00+00:00,1401.800048828125,1403.199951171875,1400.300048828125,1403.0,303891,52.319087664484314
2025-09-08 06:45:00+00:00,1402.5999755859375,1408.199951171875,1400.5,1407.800048828125,750774,57.838367486457614
2025-09-08 07:45:00+00:00,1407.800048828125,1408.300048828125,1406.0,1407.0,830466,56.66109142405897
2025-09-08 08:45:00+00:00,1406.9000244140625,1410.5999755859375,1400.699951171875,1402.199951171875,2038936,50.075410965190486
2025-09-08 09:45:00+00:00,1402.199951171875,1405.5,1400.300048828125,1402.699951171875,0,50.71797044644764
2025-09-09 03:45:00+00:00,1401.300048828125,1402.4000244140625,1397.5999755859375,1399.0,650042,45.99988053196223
2025-09-09 04:45:00+00:00,1399.199951171875,1402.0999755859375,1397.4000244140625,1400.0999755859375,399539,47.56167854184551
2025-09-09 05:45:00+00:00,1400.199951171875,1400.4000244140625,1395.9000244140625,1397.199951171875,559192,43.95243355533487
2025-09-09 06:45:00+00:00,1397.0,1400.800048828125,1395.4000244140625,1399.4000244140625,1022925,47.22442621496895
2025-09-09 07:45:00+00:00,1399.4000244140625,1405.5,1398.5999755859375,1405.5,862276,55.05836340158668
2025-09-09 08:45:00+00:00,1405.0999755859375,1407.5,1402.199951171875,1404.199951171875,2218079,53.244364499689844
2025-09-09 09:45:00+00:00,1403.9000244140625,1404.4000244140625,1402.0,1403.0,758516,51.555942335462944
2025-09-10 03:45:00+00:00,1409.9000244140625,1412.4000244140625,1405.5999755859375,1410.0,0,59.603595610432926
2025-09-10 04:45:00+00:00,1409.699951171875,1413.5999755859375,1407.9000244140625,1409.800048828125,1197127,59.30055689693896
2025-09-10 05:45:00+00:00,1409.9000244140625,1410.0,1406.0,1406.9000244140625,815463,54.93781593333866
2025-09-10 06:45:00+00:00,1406.9000244140625,1408.699951171875,1404.5999755859375,1404.800048828125,729892,51.95695560819221
2025-09-10 07:45:00+00:00,1405.0,1409.800048828125,1404.0,1408.4000244140625,844975,56.33127730632339
2025-09-10 08:45:00+00:00,1408.5,1408.5,1402.4000244140625,1403.800048828125,2026693,50.05928527155948
2025-09-10 09:45:00+00:00,1403.800048828125,1404.199951171875,1402.5,1403.199951171875,508204,49.2882917078065
2025-09-11 03:45:00+00:00,1399.0,1405.5999755859375,1398.699951171875,1403.5999755859375,1103828,49.84285127079866
2025-09-11 04:45:00+00:00,1403.4000244140625,1406.5999755859375,1403.300048828125,1405.800048828125,570606,52.89392169843984
2025-09-11 05:45:00+00:00,1405.800048828125,1406.0999755859375,1403.0999755859375,1404.9000244140625,693869,51.51340555702187
2025-09-11 06:45:00+00:00,1404.9000244140625,1406.800048828125,1403.0999755859375,1405.0,723673,51.66431899534664
2025-09-11 07:45:00+00:00,1404.800048828125,1407.800048828125,1404.5,1406.300048828125,1643283,53.68313071826491
2025-09-11 08:45:00+00:00,1405.800048828125,1406.9000244140625,1399.0999755859375,1400.800048828125,4647614,45.100888250430806
2025-09-11 09:45:00+00:00,1400.9000244140625,1402.5999755859375,1400.300048828125,1401.5999755859375,809091,46.44198357122709
2025-09-12 03:45:00+00:00,1407.5999755859375,1407.9000244140625,1400.0999755859375,1403.0,0,48.79941630542373
2025-09-12 04:45:00+00:00,1403.199951171875,1408.800048828125,1402.0,1408.5,943195,56.83719819777078
2025-09-12 05:45:00+00:00,1408.0,1412.800048828125,1407.699951171875,1412.0999755859375,1368608,61.13763064262239
2025-09-12 06:45:00+00:00,1411.800048828125,1415.4000244140625,1411.199951171875,1415.0,846347,64.22945517378665
2025-09-12 07:45:00+00:00,1415.0,1417.800048828125,1414.5,1415.5999755859375,780678,64.85246802629814
2025-09-12 08:45:00+00:00,1415.5999755859375,1419.699951171875,1415.0,1417.199951171875,2022835,66.52676906063594
2025-09-12 09:45:00+00:00,1417.300048828125,1418.199951171875,1416.5999755859375,1417.699951171875,0,67.05493502481501
2025-09-15 03:45:00+00:00,1419.699951171875,1424.5,1418.5,1424.4000244140625,0,73.16526102892665
2025-09-15 04:45:00+00:00,1424.5,1425.9000244140625,1421.0,1424.9000244140625,490353,73.55937413890427
2025-09-15 05:45:00+00:00,1424.9000244140625,1426.5,1421.9000244140625,1426.199951171875,1014601,74.60368033303061
2025-09-15 06:45:00+00:00,1426.199951171875,1426.800048828125,1422.0,1423.199951171875,555060,67.9350439369021
2025-09-15 07:45:00+00:00,1423.0999755859375,1424.0999755859375,1419.300048828125,1420.4000244140625,1127359,62.33467562841689
2025-09-15 08:45:00+00:00,1420.5,1422.4000244140625,1418.5999755859375,1419.800048828125,1418022,61.17097906630494
2025-09-15 09:45:00+00:00,1419.699951171875,1420.5,1417.0,1419.4000244140625,0,60.36186399193493
2025-09-16 03:45:00+00:00,1415.5999755859375,1424.9000244140625,1415.5999755859375,1421.199951171875,1296109,62.74940631277012
2025-09-16 04:45:00+00:00,1421.300048828125,1422.5999755859375,1419.0,1419.9000244140625,579602,59.94130493923439
2025-09-16 05:45:00+00:00,1420.0,1421.5999755859375,1418.800048828125,1420.300048828125,679048,60.526713069807265
2025-09-16 06:45:00+00:00,1420.0,1421.9000244140625,1418.800048828125,1419.800048828125,731526,59.359051215320314
2025-09-16 07:45:00+00:00,1420.0,1420.0,1418.699951171875,1419.800048828125,66039,59.359051215320314
2025-09-16 09:45:00+00:00,1421.699951171875,1423.699951171875,1420.4000244140625,1421.5999755859375,4858841,62.38837888050655
2025-09-17 03:45:00+00:00,1422.0999755859375,1425.800048828125,1420.5,1423.5999755859375,0,65.46843428664117
2025-09-17 04:45:00+00:00,1423.5999755859375,1423.9000244140625,1420.0999755859375,1421.0,775608,58.73471093747095
2025-09-17 05:45:00+00:00,1420.300048828125,1421.5,1419.199951171875,1419.800048828125,730783,55.878144813712055
2025-09-17 06:45:00+00:00,1419.800048828125,1424.0,1419.5999755859375,1422.300048828125,1461781,60.21909878870536
2025-09-17 07:45:00+00:00,1421.699951171875,1422.4000244140625,1419.0,1420.699951171875,1198075,56.39471897666407
2025-09-17 08:45:00+00:00,1420.699951171875,1422.0,1418.5,1419.5,1729957,53.64337658032922
2025-09-17 09:45:00+00:00,1419.4000244140625,1419.5,1416.4000244140625,1417.199951171875,704638,48.73533406683979
2025-09-18 03:45:00+00:00,1430.5999755859375,1430.5999755859375,1421.0,1424.300048828125,0,60.69147248970365
2025-09-18 04:45:00+00:00,1424.4000244140625,1426.300048828125,1423.0,1423.0,358395,58.02305710866828
2025-09-18 05:45:00+00:00,1423.5999755859375,1425.5999755859375,1422.199951171875,1424.699951171875,493804,60.470478675179905
2025-09-18 06:45:00+00:00,1424.800048828125,1426.0999755859375,1419.699951171875,1421.9000244140625,1340083,54.80291340714289
2025-09-18 07:45:00+00:00,1421.800048828125,1423.9000244140625,1417.800048828125,1420.300048828125,961430,51.81440158135511
2025-09-18 08:45:00+00:00,1420.0,1423.199951171875,1415.300048828125,1422.300048828125,2667904,55.10977360764792
2025-09-18 09:45:00+00:00,1422.199951171875,1423.0,1421.699951171875,1422.9000244140625,754185,56.08014144372416
2025-09-19 03:45:00+00:00,1417.300048828125,1417.300048828125,1403.4000244140625,1405.199951171875,0,33.247075990832414
2025-09-19 04:45:00+00:00,1405.0999755859375,1407.300048828125,1403.0,1403.800048828125,825246,32.13275467017405
2025-09-19 05:45:00+00:00,1403.9000244140625,1406.0,1402.5999755859375,1404.4000244140625,1008790,33.166636314277085
2025-09-19 06:45:00+00:00,1404.5,1405.0,1401.300048828125,1403.300048828125,933592,32.1981885671171
2025-09-19 07:45:00+00:00,1403.199951171875,1404.300048828125,1402.0,1403.4000244140625,1238103,32.39141751557547
2025-09-19 08:45:00+00:00,1403.5999755859375,1404.199951171875,1400.5999755859375,1401.4000244140625,4261266,30.517702856265146
2025-09-19 09:45:00+00:00,1401.300048828125,1404.5999755859375,1401.300048828125,1402.199951171875,2856426,32.20683764101835
2025-09-22 03:45:00+00:00,1404.0,1404.699951171875,1397.199951171875,1403.5,0,34.973612913112376
2025-09-22 04:45:00+00:00,1403.4000244140625,1405.699951171875,1402.699951171875,1403.199951171875,867935,34.62240669199758
2025-09-22 05:45:00+00:00,1403.199951171875,1405.800048828125,1402.699951171875,1405.300048828125,1281840,39.22279670316454
2025-09-22 06:45:00+00:00,1405.300048828125,1409.9000244140625,1404.199951171875,1409.5999755859375,973557,47.386206361617816
2025-09-22 07:45:00+00:00,1409.5999755859375,1409.5999755859375,1404.4000244140625,1407.199951171875,1115607,43.84621446677416
2025-09-22 08:45:00+00:00,1407.199951171875,1407.300048828125,1399.800048828125,1401.5,2241063,36.812485540672824
2025-09-22 09:45:00+00:00,1401.699951171875,1402.5,1401.0,1402.199951171875,576032,38.12513593685533
2025-09-23 03:45:00+00:00,1398.5,1402.800048828125,1396.5,1399.699951171875,0,35.30415248252311
2025-09-23 04:45:00+00:00,1399.699951171875,1399.699951171875,1396.800048828125,1397.199951171875,883053,32.698582470324894
2025-09-23 05:45:00+00:00,1397.199951171875,1397.300048828125,1394.0999755859375,1396.9000244140625,1076777,32.38973486554974
2025-09-23 06:45:00+00:00,1397.0,1402.4000244140625,1396.199951171875,1399.300048828125,1573365,37.47868879706889
2025-09-23 07:45:00+00:00,1399.199951171875,1400.300048828125,1396.800048828125,1397.0,1569575,34.77712264195101
2025-09-23 08:45:00+00:00,1397.0,1398.300048828125,1393.199951171875,1394.0,4899888,31.579646151305354
2025-09-23 09:45:00+00:00,1394.5999755859375,1396.0999755859375,1394.0999755859375,1394.300048828125,1275882,32.250572283538105
2025-09-24 03:45:00+00:00,1389.9000244140625,1390.4000244140625,1379.300048828125,1381.199951171875,0,22.07341956185215
2025-09-24 04:45:00+00:00,1381.199951171875,1381.699951171875,1376.5,1379.199951171875,924696,20.984662462145124
2025-09-24 05:45:00+00:00,1379.199951171875,1382.199951171875,1378.0,1382.0,699563,26.45407039247239
2025-09-24 06:45:00+00:00,1382.0,1384.699951171875,1380.0,1384.699951171875,1327134,31.38599760408394
2025-09-24 07:45:00+00:00,1385.0,1388.0,1382.800048828125,1383.4000244140625,1199294,30.331373365935576
2025-09-24 08:45:00+00:00,1383.5,1384.699951171875,1379.9000244140625,1382.5,3114414,29.59001684197574
2025-09-24 09:45:00+00:00,1382.4000244140625,1385.800048828125,1382.0,1384.0,759713,32.54901690683725
2025-09-25 03:45:00+00:00,1376.4000244140625,1391.4000244140625,1371.800048828125,1380.0,0,29.043780629820617
2025-09-25 04:45:00+00:00,1380.0,1380.9000244140625,1378.0,1380.5999755859375,2139737,30.256997203258194
2025-09-25 05:45:00+00:00,1380.5,1381.300048828125,1374.199951171875,1377.0999755859375,1834071,27.322172018691532
2025-09-25 06:45:00+00:00,1377.0999755859375,1380.699951171875,1375.5,1379.9000244140625,3014968,32.927287038507146
2025-09-25 07:45:00+00:00,1379.5999755859375,1381.0,1377.4000244140625,1378.800048828125,3975912,31.88689517286963
2025-09-25 08:45:00+00:00,1378.800048828125,1380.5,1374.0999755859375,1374.9000244140625,5796826,28.454051161702907
2025-09-25 09:45:00+00:00,1375.0999755859375,1376.9000244140625,1373.4000244140625,1373.699951171875,2397877,27.47391263949173
2025-09-26 03:45:00+00:00,1367.0,1369.5999755859375,1361.199951171875,1362.300048828125,0,20.31510754923596
2025-09-26 04:45:00+00:00,1362.300048828125,1366.9000244140625,1359.300048828125,1359.4000244140625,4709879,18.961543187458687
2025-09-26 05:45:00+00:00,1359.5,1364.0999755859375,1359.4000244140625,1363.0999755859375,1450638,25.758084712904292
2025-09-26 06:45:00+00:00,1363.0999755859375,1365.9000244140625,1361.5999755859375,1365.4000244140625,1338686,29.70490697201673
2025-09-26 07:45:00+00:00,1365.300048828125,1366.0999755859375,1360.800048828125,1362.0,1499091,27.38711551266877
2025-09-26 08:45:00+00:00,1361.800048828125,1361.9000244140625,1357.0999755859375,1358.5999755859375,3861473,25.26418338262033
2025-09-26 09:45:00+00:00,1358.800048828125,1362.699951171875,1358.800048828125,1359.5999755859375,964101,27.055148426069408
2025-09-29 03:45:00+00:00,1359.5999755859375,1366.199951171875,1356.800048828125,1361.5999755859375,0,30.63537919368548
2025-09-29 04:45:00+00:00,1361.699951171875,1362.800048828125,1357.9000244140625,1358.800048828125,1215967,28.524624922904607
2025-09-29 05:45:00+00:00,1358.9000244140625,1359.199951171875,1352.0,1352.199951171875,1763687,24.278234745214775
2025-09-29 06:45:00+00:00,1352.0999755859375,1354.699951171875,1348.0,1352.5999755859375,2600517,25.006923295019902
2025-09-29 07:45:00+00:00,1352.5999755859375,1358.5,1349.800048828125,1355.0999755859375,3005013,29.568612115956356
2025-09-29 08:45:00+00:00,1355.199951171875,1355.9000244140625,1346.800048828125,1348.0,6635367,24.93053817072206
2025-09-29 09:45:00+00:00,1348.0,1350.699951171875,1346.199951171875,1350.699951171875,3398226,29.46175766422077
2025-09-30 03:45:00+00:00,1353.0999755859375,1353.5999755859375,1346.5,1346.800048828125,0,26.932937071640865
2025-09-30 04:45:00+00:00,1346.800048828125,1348.800048828125,1342.5999755859375,1348.300048828125,1635864,29.441533000868688
2025-09-30 05:45:00+00:00,1348.300048828125,1348.4000244140625,1343.5,1345.300048828125,1457530,27.414312015802423
2025-09-30 06:45:00+00:00,1345.300048828125,1352.800048828125,1345.0999755859375,1352.0999755859375,2979797,37.85881684440821
2025-09-30 07:45:00+00:00,1352.199951171875,1354.5,1348.0999755859375,1349.9000244140625,2709625,36.05142315689725
2025-09-30 08:45:00+00:00,1349.5999755859375,1355.5999755859375,1347.199951171875,1348.5,6988101,34.90924606880181
2025-09-30 09:45:00+00:00,1349.0999755859375,1349.0999755859375,1346.5999755859375,1348.0,2205453,34.48899325829339
2025-10-01 03:45:00+00:00,1351.0999755859375,1367.0999755859375,1348.0,1365.0,0,54.53125484601864
2025-10-01 04:45:00+00:00,1365.0,1372.300048828125,1362.0999755859375,1371.300048828125,1839170,59.478847328366086
2025-10-01 05:45:00+00:00,1371.199951171875,1379.300048828125,1370.699951171875,1375.0999755859375,2584389,62.15381796985353
2025-10-01 06:45:00+00:00,1374.699951171875,1375.199951171875,1369.0999755859375,1371.0999755859375,2743743,57.82636301329066
2025-10-01 07:45:00+00:00,1371.0999755859375,1375.199951171875,1369.4000244140625,1372.800048828125,3058922,59.12885155025954
2025-10-01 08:45:00+00:00,1373.0,1374.300048828125,1370.9000244140625,1371.199951171875,4999576,57.33407973479749
2025-10-01 09:45:00+00:00,1371.0,1373.0,1370.300048828125,1372.4000244140625,927556,58.35506146153797
2025-10-03 03:45:00+00:00,1369.5999755859375,1371.0,1361.300048828125,1368.4000244140625,0,53.739080535646934
2025-10-03 04:45:00+00:00,1368.300048828125,1370.4000244140625,1365.9000244140625,1368.699951171875,1216792,54.032692968270595
2025-10-03 05:45:00+00:00,1368.699951171875,1371.4000244140625,1366.4000244140625,1368.5999755859375,1532835,53.90986652780355
2025-10-03 06:45:00+00:00,1368.5,1370.199951171875,1365.0,1369.5,1807201,54.903716926753006
2025-10-03 07:45:00+00:00,1369.300048828125,1369.300048828125,1363.300048828125,1363.4000244140625,1388161,47.43760798909744
2025-10-03 08:45:00+00:00,1363.4000244140625,1367.699951171875,1363.4000244140625,1365.0999755859375,2648343,49.49865799301101
2025-10-03 09:45:00+00:00,1365.199951171875,1365.4000244140625,1364.0999755859375,1365.0,960107,49.376035027646154
2025-10-06 03:45:00+00:00,1368.0,1372.4000244140625,1365.300048828125,1370.4000244140625,0,55.752161191035555
2025-10-06 04:45:00+00:00,1370.300048828125,1370.699951171875,1362.0,1366.0,802401,50.203608377333474
2025-10-06 05:45:00+00:00,1366.0,1366.0999755859375,1359.699951171875,1365.0999755859375,1715543,49.126601137669134
2025-10-06 06:45:00+00:00,1365.199951171875,1369.699951171875,1363.699951171875,1366.5999755859375,3172685,51.012802007246556
2025-10-06 07:45:00+00:00,1366.5999755859375,1367.4000244140625,1361.199951171875,1363.5999755859375,2850037,47.24033995267166
2025-10-06 08:45:00+00:00,1363.5,1364.4000244140625,1359.0999755859375,1363.699951171875,3821866,47.3799941458267
2025-10-06 09:45:00+00:00,1363.5,1364.699951171875,1362.300048828125,1363.9000244140625,648402,47.67847202155176
2025-10-07 03:45:00+00:00,1368.4000244140625,1382.0,1366.699951171875,1380.9000244140625,0,65.55632416395389
2025-10-07 04:45:00+00:00,1380.800048828125,1383.0999755859375,1374.0,1374.199951171875,1993721,57.25305860988782
2025-10-07 05:45:00+00:00,1374.0999755859375,1380.0,1371.9000244140625,1377.699951171875,1710930,60.0963424446308
2025-10-07 06:45:00+00:00,1378.0999755859375,1380.699951171875,1376.300048828125,1379.5,1971364,61.51414965879502
2025-10-07 07:45:00+00:00,1379.4000244140625,1381.9000244140625,1377.699951171875,1380.5999755859375,1946715,62.39347803880354
2025-10-07 08:45:00+00:00,1380.4000244140625,1382.0999755859375,1374.4000244140625,1376.5,4121572,57.15188310553703
2025-10-07 09:45:00+00:00,1376.5,1376.699951171875,1373.199951171875,1375.0,2058386,55.32080274051278
2025-10-08 03:45:00+00:00,1375.300048828125,1381.5999755859375,1371.300048828125,1375.0999755859375,0,55.42331410651638
2025-10-08 04:45:00+00:00,1375.0999755859375,1375.300048828125,1371.800048828125,1372.300048828125,765548,51.836261643669
2025-10-08 05:45:00+00:00,1372.199951171875,1372.699951171875,1365.0,1367.0999755859375,875095,45.89524943624063
2025-10-08 06:45:00+00:00,1366.699951171875,1372.800048828125,1364.4000244140625,1371.0,571962,50.47936468480995
2025-10-08 07:45:00+00:00,1371.0,1373.300048828125,1367.0999755859375,1369.5,1053029,48.76791957703054
2025-10-08 08:45:00+00:00,1369.5999755859375,1370.5999755859375,1366.5999755859375,1370.199951171875,1348193,49.62617234971654
2025-10-08 09:45:00+00:00,1370.4000244140625,1371.5999755859375,1367.0,1367.0,1047537,45.8450079089995
2025-10-09 03:45:00+00:00,1367.0999755859375,1372.800048828125,1366.199951171875,1368.5999755859375,0,47.979261337833144
2025-10-09 04:45:00+00:00,1368.5999755859375,1377.699951171875,1366.699951171875,1376.9000244140625,532397,57.36601452578599
2025-10-09 05:45:00+00:00,1377.300048828125,1378.5,1374.0,1374.9000244140625,906856,54.80003181077447
2025-10-09 06:45:00+00:00,1375.0,1376.4000244140625,1372.5999755859375,1373.9000244140625,1020290,53.511193684989436
2025-10-09 07:45:00+00:00,1373.9000244140625,1378.5999755859375,1373.800048828125,1375.699951171875,1003272,55.53815098660712
2025-10-09 08:45:00+00:00,1375.800048828125,1377.699951171875,1370.5999755859375,1375.300048828125,2797177,54.96474238737338
2025-10-09 09:45:00+00:00,1375.300048828125,1376.9000244140625,1373.699951171875,1374.800048828125,779321,54.21110611686865
2025-10-10 03:45:00+00:00,1372.300048828125,1381.4000244140625,1371.0999755859375,1378.300048828125,0,58.500564937720945
2025-10-10 04:45:00+00:00,1378.0,1385.0,1377.699951171875,1384.0,1013482,64.35666463409228
2025-10-10 05:45:00+00:00,1384.0999755859375,1384.800048828125,1379.5,1379.699951171875,998162,57.73739055105417
2025-10-10 06:45:00+00:00,1379.800048828125,1383.0,1379.300048828125,1381.199951171875,824022,59.30960330578134
2025-10-10 07:45:00+00:00,1381.5,1384.800048828125,1380.699951171875,1382.800048828125,1066178,60.97728220336935
2025-10-10 08:45:00+00:00,1382.5,1384.0,1378.9000244140625,1380.9000244140625,1087803,57.94058984059904
2025-10-10 09:45:00+00:00,1380.800048828125,1381.5,1379.0,1380.4000244140625,797652,57.13423782093508
2025-10-13 03:45:00+00:00,1376.699951171875,1386.199951171875,1375.0999755859375,1379.0,0,54.83313954585848
2025-10-13 04:45:00+00:00,1379.0,1383.0999755859375,1378.0,1380.199951171875,539465,56.45203657693695
2025-10-13 05:45:00+00:00,1379.9000244140625,1381.4000244140625,1377.0999755859375,1379.5,1332667,55.20896039213653
2025-10-13 06:45:00+00:00,1379.300048828125,1380.800048828125,1376.699951171875,1379.5,1729637,55.20896039213653
2025-10-13 07:45:00+00:00,1379.699951171875,1379.9000244140625,1375.300048828125,1377.800048828125,1683191,51.98468857278123
2025-10-13 08:45:00+00:00,1378.199951171875,1382.199951171875,1376.800048828125,1379.699951171875,2446983,55.138090629565994
2025-10-13 09:45:00+00:00,1379.4000244140625,1381.0999755859375,1379.0999755859375,1381.0999755859375,460627,57.3603864547205
2025-10-14 03:45:00+00:00,1384.0,1387.5,1378.300048828125,1379.199951171875,0,53.4879165270051
2025-10-14 04:45:00+00:00,1379.0999755859375,1383.300048828125,1376.5,1377.0999755859375,1243073,49.509550680929046
2025-10-14 05:45:00+00:00,1377.199951171875,1378.9000244140625,1375.0999755859375,1376.5,1275083,48.40186847348594
2025-10-14 06:45:00+00:00,1376.5,1380.0,1375.5,1378.0,1524835,51.33343180614295
2025-10-14 07:45:00+00:00,1377.5,1384.0999755859375,1377.199951171875,1384.0999755859375,1643541,61.02998527887716
2025-10-14 08:45:00+00:00,1384.300048828125,1386.0,1381.699951171875,1384.9000244140625,3071572,62.09667250024738
2025-10-14 09:45:00+00:00,1384.699951171875,1385.800048828125,1382.199951171875,1384.0999755859375,822454,60.318627863421455
2025-10-15 03:45:00+00:00,1386.5999755859375,1391.699951171875,1385.5,1389.800048828125,0,67.46618923438137
2025-10-15 04:45:00+00:00,1389.800048828125,1394.5,1389.0999755859375,1391.0999755859375,965835,68.84444505082355
2025-10-15 05:45:00+00:00,1391.199951171875,1392.9000244140625,1388.800048828125,1389.300048828125,719218,64.75389750987854
2025-10-15 06:45:00+00:00,1389.699951171875,1397.4000244140625,1388.5999755859375,1396.0999755859375,1361470,71.61552951613874
2025-10-15 07:45:00+00:00,1396.0999755859375,1400.0,1396.0999755859375,1398.5999755859375,1226396,73.64681033646869
2025-10-15 08:45:00+00:00,1398.5999755859375,1399.699951171875,1394.800048828125,1398.699951171875,2382906,73.7277804166172
2025-10-15 09:45:00+00:00,1398.800048828125,1400.300048828125,1397.199951171875,1398.4000244140625,1045775,73.00311305809609
2025-10-16 03:45:00+00:00,1406.699951171875,1410.0,1399.5,1402.5999755859375,0,76.48815467037929
2025-10-16 04:45:00+00:00,1402.5,1407.800048828125,1402.5,1405.199951171875,752345,78.35125687397762
2025-10-16 05:45:00+00:00,1405.0,1408.9000244140625,1404.699951171875,1408.5,618033,80.46696375530632
2025-10-16 06:45:00+00:00,1408.800048828125,1415.699951171875,1408.800048828125,1415.5999755859375,1714911,84.07332415229038
2025-10-16 07:45:00+00:00,1415.5999755859375,1417.800048828125,1413.5,1415.800048828125,2158151,84.1620632099619
2025-10-16 08:45:00+00:00,1415.800048828125,1418.9000244140625,1415.4000244140625,1417.300048828125,3779120,84.84387541407276
2025-10-16 09:45:00+00:00,1416.800048828125,1418.4000244140625,1416.800048828125,1417.300048828125,1070764,84.84387541407276
2025-10-17 03:45:00+00:00,1413.0,1424.9000244140625,1412.5,1424.0999755859375,0,87.64110519624019
2025-10-17 04:45:00+00:00,1424.300048828125,1430.0,1423.9000244140625,1427.4000244140625,1547662,88.72835215847084
2025-10-17 05:45:00+00:00,1427.4000244140625,1431.0,1426.0999755859375,1430.4000244140625,2453886,89.62215422021214
2025-10-17 06:45:00+00:00,1430.199951171875,1430.800048828125,1422.199951171875,1424.300048828125,3002154,76.36267155945485
2025-10-17 07:45:00+00:00,1424.5999755859375,1427.4000244140625,1420.0999755859375,1424.5,2774650,76.48547989948906
2025-10-17 08:45:00+00:00,1424.5,1439.5999755859375,1422.199951171875,1436.4000244140625,4166968,82.35963714031956
2025-10-17 09:45:00+00:00,1436.4000244140625,1438.800048828125,1435.0,1437.0999755859375,801298,82.63442851948568
2025-10-20 03:45:00+00:00,1434.800048828125,1434.800048828125,1400.0,1407.4000244140625,0,48.2729379640409
2025-10-20 04:45:00+00:00,1407.199951171875,1409.800048828125,1401.199951171875,1401.800048828125,2383273,44.514339099442175
2025-10-20 05:45:00+00:00,1401.800048828125,1404.4000244140625,1401.300048828125,1404.0,1485106,46.28379270228236
2025-10-20 06:45:00+00:00,1404.0,1405.0,1398.699951171875,1400.0,2961843,43.56351664098572
2025-10-20 07:45:00+00:00,1400.0999755859375,1402.4000244140625,1399.0999755859375,1400.9000244140625,1534970,44.355984190665765
2025-10-20 08:45:00+00:00,1400.9000244140625,1401.5,1389.300048828125,1390.0,6345103,37.49010625276761
2025-10-20 09:45:00+00:00,1390.0,1393.0,1389.199951171875,1393.0,1838756,40.232244053756766
2025-10-21 07:45:00+00:00,1384.5,1387.5999755859375,1376.9000244140625,1386.0,2127822,36.23773816031005
2025-10-21 08:45:00+00:00,1385.9000244140625,1385.9000244140625,1379.800048828125,1382.0,1089950,34.151131717786754
2025-10-23 03:45:00+00:00,1386.300048828125,1389.800048828125,1383.5,1387.0999755859375,1101933,38.975870895587676
2025-10-23 04:45:00+00:00,1387.199951171875,1387.4000244140625,1381.5,1384.5,1559067,37.468641589800285
2025-10-23 05:45:00+00:00,1384.5,1386.800048828125,1379.0999755859375,1380.0,2508424,34.94950098523549
2025-10-23 06:45:00+00:00,1379.5,1380.5999755859375,1371.300048828125,1374.0,4192339,31.87252342619601
2025-10-23 07:45:00+00:00,1373.9000244140625,1375.199951171875,1365.0999755859375,1366.0,2095340,28.29548275910551
2025-10-23 08:45:00+00:00,1366.0,1367.0999755859375,1360.699951171875,1363.0999755859375,4585664,27.1078062885813
2025-10-23 09:45:00+00:00,1363.0,1365.199951171875,1362.5999755859375,1364.300048828125,1663712,28.446262446467685
2025-10-24 03:45:00+00:00,1370.5999755859375,1381.300048828125,1370.5999755859375,1381.300048828125,0,44.104019788629365
2025-10-24 04:45:00+00:00,1381.0999755859375,1381.5,1374.699951171875,1375.699951171875,1464351,40.926873811323624
2025-10-24 05:45:00+00:00,1375.699951171875,1379.199951171875,1374.300048828125,1378.5999755859375,1422664,43.20844231432604
2025-10-24 06:45:00+00:00,1378.800048828125,1380.0,1375.5999755859375,1377.5999755859375,1230834,42.597485447072735
2025-10-24 07:45:00+00:00,1377.5999755859375,1377.800048828125,1369.199951171875,1372.5,1197090,39.52777711407227
2025-10-24 08:45:00+00:00,1372.9000244140625,1378.9000244140625,1370.699951171875,1378.5,2008651,44.5870943306412
2025-10-24 09:45:00+00:00,1378.5,1379.5,1377.0,1377.699951171875,781170,44.05778618848515
2025-10-27 03:45:00+00:00,1382.300048828125,1386.800048828125,1376.5999755859375,1380.800048828125,0,46.698274426852635
2025-10-27 04:45:00+00:00,1381.0,1382.9000244140625,1379.4000244140625,1381.0,1071874,46.87245415391157
2025-10-27 05:45:00+00:00,1381.0,1381.9000244140625,1377.300048828125,1379.800048828125,1448199,45.90301216653721
2025-10-27 06:45:00+00:00,1380.0,1380.699951171875,1376.4000244140625,1377.0999755859375,1811854,43.712208131287774
2025-10-27 07:45:00+00:00,1377.0,1379.300048828125,1374.0,1378.0,1794336,44.66032608735882
2025-10-27 08:45:00+00:00,1378.300048828125,1380.800048828125,1376.0999755859375,1377.5999755859375,2681489,44.30313590091791
2025-10-27 09:45:00+00:00,1377.5999755859375,1379.4000244140625,1375.5,1379.4000244140625,1039610,46.38128407246917
2025-10-28 03:45:00+00:00,1372.0,1373.9000244140625,1359.0,1360.0,0,32.36519908147646
2025-10-28 04:45:00+00:00,1360.0,1360.800048828125,1357.0,1357.800048828125,1460358,31.21328808628698
2025-10-28 05:45:00+00:00,1357.800048828125,1361.300048828125,1356.300048828125,1358.9000244140625,2721009,32.50675591633967
2025-10-28 06:45:00+00:00,1358.9000244140625,1363.0,1357.5,1362.5,3641839,36.70186437179858
2025-10-28 07:45:00+00:00,1362.4000244140625,1365.800048828125,1359.9000244140625,1361.199951171875,3562179,35.83561575691451
2025-10-28 08:45:00+00:00,1361.199951171875,1365.0,1357.5,1365.0,7580530,40.27311686996302
2025-10-28 09:45:00+00:00,1365.0,1366.5,1363.199951171875,1366.199951171875,2439073,41.64550773707094
2025-10-29 03:45:00+00:00,1364.5999755859375,1367.699951171875,1361.4000244140625,1361.699951171875,0,38.10904075288434
2025-10-29 04:45:00+00:00,1361.9000244140625,1365.5,1361.4000244140625,1361.800048828125,2381266,38.23468487796102
2025-10-29 05:45:00+00:00,1361.9000244140625,1364.9000244140625,1358.4000244140625,1364.5,3245286,41.67416364177129
2025-10-29 06:45:00+00:00,1364.4000244140625,1367.300048828125,1363.0999755859375,1367.0,2266148,44.74253359381066
2025-10-29 07:45:00+00:00,1367.0,1370.800048828125,1366.0,1369.4000244140625,1675255,47.59287832410675
2025-10-29 08:45:00+00:00,1369.4000244140625,1371.5999755859375,1368.5,1370.0,2271929,48.310688759081906
2025-10-29 09:45:00+00:00,1370.0,1371.699951171875,1369.5999755859375,1370.4000244140625,685401,48.81408220527136
2025-10-30 03:45:00+00:00,1364.0,1370.0,1362.0,1365.800048828125,0,43.56052323115661
2025-10-30 04:45:00+00:00,1365.699951171875,1366.699951171875,1363.0,1363.9000244140625,841722,41.570395383137644
2025-10-30 05:45:00+00:00,1364.0,1366.699951171875,1363.0999755859375,1366.0,1383725,44.583845602304166
2025-10-30 06:45:00+00:00,1365.9000244140625,1367.699951171875,1364.699951171875,1365.800048828125,812811,44.3493080901509
2025-10-30 07:45:00+00:00,1365.800048828125,1367.199951171875,1364.4000244140625,1365.199951171875,942255,43.60785752878583
2025-10-30 08:45:00+00:00,1365.4000244140625,1366.4000244140625,1361.800048828125,1362.300048828125,2717519,40.11745991700747
2025-10-30 09:45:00+00:00,1362.4000244140625,1362.5999755859375,1361.300048828125,1362.4000244140625,867130,40.29488579157966
2025-10-31 03:45:00+00:00,1357.9000244140625,1361.9000244140625,1356.0999755859375,1356.300048828125,0,33.728421594970044
2025-10-31 04:45:00+00:00,1356.0999755859375,1356.0999755859375,1346.0999755859375,1347.199951171875,1595721,26.73021520884302
2025-10-31 05:45:00+00:00,1347.0999755859375,1352.0,1345.0999755859375,1348.800048828125,1436688,29.50011622143799
2025-10-31 06:45:00+00:00,1348.5999755859375,1350.5,1348.0,1348.5999755859375,1453669,29.350704363808674
2025-10-31 07:45:00+00:00,1348.5999755859375,1349.199951171875,1345.5999755859375,1347.0999755859375,1777825,28.197620914693346
2025-10-31 08:45:00+00:00,1347.0,1350.0,1345.0,1345.199951171875,4277862,26.763337153531722
2025-10-31 09:45:00+00:00,1345.300048828125,1345.9000244140625,1343.5,1345.300048828125,2368787,26.97407817094954
2025-11-03 03:45:00+00:00,1341.699951171875,1348.5999755859375,1338.199951171875,1343.300048828125,0,25.401300795021427
2025-11-03 04:45:00+00:00,1343.199951171875,1347.5,1342.0999755859375,1345.199951171875,2265565,29.600588555251022
2025-11-03 05:45:00+00:00,1345.0999755859375,1346.699951171875,1341.0,1344.0,1167846,28.509037834185875
2025-11-03 06:45:00+00:00,1344.0,1346.800048828125,1341.9000244140625,1346.300048828125,1075237,33.56602637243698
2025-11-03 07:45:00+00:00,1346.300048828125,1351.5,1345.0999755859375,1349.0,1492831,39.01906349847721
2025-11-03 08:45:00+00:00,1349.0,1350.0999755859375,1344.300048828125,1346.0999755859375,1632832,35.63559123440646
2025-11-03 09:45:00+00:00,1346.0999755859375,1349.800048828125,1345.9000244140625,1348.0,683530,39.34652882207189
2025-11-04 03:45:00+00:00,1345.5999755859375,1349.800048828125,1340.199951171875,1341.4000244140625,0,32.365915352291935
2025-11-04 04:45:00+00:00,1341.199951171875,1343.0,1339.0,1339.300048828125,1727546,30.51109617612707
2025-11-04 05:45:00+00:00,1339.199951171875,1340.0,1333.5,1336.800048828125,2914595,28.422804947609336
2025-11-04 06:45:00+00:00,1336.800048828125,1338.199951171875,1334.199951171875,1334.800048828125,2363704,26.840127209440084
2025-11-04 07:45:00+00:00,1334.800048828125,1339.4000244140625,1334.5,1337.5,1935345,32.31913662665197
2025-11-04 08:45:00+00:00,1337.5999755859375,1338.9000244140625,1336.0999755859375,1338.0999755859375,3721652,33.51077027711746
2025-11-04 09:45:00+00:00,1337.800048828125,1338.0999755859375,1333.4000244140625,1335.4000244140625,1533552,30.87621150832568
2025-11-06 03:45:00+00:00,1334.5999755859375,1341.5999755859375,1328.5,1330.199951171875,0,26.54727117275354
2025-11-06 04:45:00+00:00,1330.0,1330.199951171875,1324.5,1325.0999755859375,3128073,23.123158350500617
2025-11-06 05:45:00+00:00,1325.0,1325.4000244140625,1318.800048828125,1320.0,3526119,20.30300237482045
2025-11-06 06:45:00+00:00,1320.0,1324.0,1317.5,1321.4000244140625,4162766,23.076557995859105
2025-11-06 07:45:00+00:00,1321.300048828125,1326.699951171875,1321.300048828125,1325.800048828125,2724773,31.182407807515304
2025-11-06 08:45:00+00:00,1325.800048828125,1326.0999755859375,1319.300048828125,1320.199951171875,3884546,27.247047584746227
2025-11-06 09:45:00+00:00,1320.199951171875,1322.0,1319.0999755859375,1320.300048828125,1460490,27.4233607289148
2025-11-07 03:45:00+00:00,1320.4000244140625,1331.9000244140625,1318.5999755859375,1330.4000244140625,0,42.5517301284913
2025-11-07 04:45:00+00:00,1330.5,1335.300048828125,1330.0,1334.5999755859375,941779,47.456543696562164
2025-11-07 05:45:00+00:00,1335.0,1341.5999755859375,1334.699951171875,1340.0999755859375,1730750,53.10320623817432
2025-11-07 06:45:00+00:00,1340.0999755859375,1344.0,1339.199951171875,1340.300048828125,763327,53.299814969987125
2025-11-07 07:45:00+00:00,1340.4000244140625,1344.0,1339.5,1341.300048828125,917320,54.33039698664095
2025-11-07 08:45:00+00:00,1341.300048828125,1344.0,1340.699951171875,1343.199951171875,1381735,56.303399209237334
2025-11-07 09:45:00+00:00,1343.199951171875,1344.300048828125,1341.5,1342.5999755859375,743165,55.488155215754745
2025-11-10 03:45:00+00:00,1342.5999755859375,1347.9000244140625,1342.199951171875,1343.9000244140625,0,56.94297040556251
2025-11-10 04:45:00+00:00,1343.9000244140625,1347.300048828125,1342.199951171875,1343.800048828125,1324043,56.78925500478128
2025-11-10 05:45:00+00:00,1343.5999755859375,1345.9000244140625,1341.9000244140625,1342.0,1220075,53.964625802761944
2025-11-10 06:45:00+00:00,1341.9000244140625,1346.4000244140625,1341.5,1345.199951171875,959535,57.96709861944088
2025-11-10 07:45:00+00:00,1345.0999755859375,1348.4000244140625,1344.5,1348.300048828125,1472204,61.46279447196717
2025-11-10 08:45:00+00:00,1348.4000244140625,1349.5999755859375,1347.0999755859375,1347.5999755859375,1933015,60.24432899379165
2025-11-10 09:45:00+00:00,1347.5999755859375,1348.5999755859375,1346.5,1347.5999755859375,647790,60.24432899379165
2025-11-11 03:45:00+00:00,1348.5,1354.699951171875,1348.0999755859375,1349.4000244140625,0,62.463375079987244
2025-11-11 04:45:00+00:00,1349.4000244140625,1352.9000244140625,1348.0,1351.800048828125,987537,65.24857223735098
2025-11-11 05:45:00+00:00,1351.699951171875,1352.0,1348.5999755859375,1351.4000244140625,663256,64.39097914706332
2025-11-11 06:45:00+00:00,1351.300048828125,1355.0,1350.0,1355.0,864757,68.41441372402201
2025-11-11 07:45:00+00:00,1355.0,1360.4000244140625,1354.9000244140625,1355.800048828125,1507743,69.24606120965859
2025-11-11 08:45:00+00:00,1356.0999755859375,1359.0,1354.0999755859375,1358.5999755859375,2250432,72.02241856938693
2025-11-11 09:45:00+00:00,1358.5999755859375,1359.300048828125,1357.300048828125,1359.0,929332,72.40570063797715
2025-11-12 03:45:00+00:00,1369.9000244140625,1369.9000244140625,1358.199951171875,1359.5,0,72.90534404828912
2025-11-12 04:45:00+00:00,1359.800048828125,1361.5999755859375,1357.5999755859375,1360.0999755859375,898379,73.52482490606388
2025-11-12 05:45:00+00:00,1360.0,1362.699951171875,1358.0,1360.0,1318322,73.22439366111026
2025-11-12 06:45:00+00:00,1360.0999755859375,1365.9000244140625,1359.5999755859375,1365.4000244140625,2041320,78.36634006666142
2025-11-12 07:45:00+00:00,1365.5999755859375,1367.199951171875,1360.199951171875,1361.800048828125,1814115,68.87094979785834
2025-11-12 08:45:00+00:00,1361.800048828125,1363.0,1358.300048828125,1358.699951171875,1556005,61.91380197321412
2025-11-12 09:45:00+00:00,1358.5999755859375,1358.9000244140625,1355.9000244140625,1358.9000244140625,832543,62.17933748461917
2025-11-13 03:45:00+00:00,1360.0,1383.5,1360.0,1382.0,0,79.74131538469916
2025-11-13 04:45:00+00:00,1382.0,1386.800048828125,1381.699951171875,1385.300048828125,2688940,81.0920855247022
2025-11-13 05:45:00+00:00,1385.300048828125,1389.300048828125,1385.0999755859375,1388.699951171875,2099347,82.39450032892242
2025-11-13 06:45:00+00:00,1388.699951171875,1390.300048828125,1386.0999755859375,1389.699951171875,3207397,82.77042302778959
2025-11-13 07:45:00+00:00,1389.800048828125,1390.4000244140625,1386.0,1386.9000244140625,1458811,77.76364694863025
2025-11-13 08:45:00+00:00,1387.0,1388.0,1384.9000244140625,1385.5999755859375,2973290,75.48059402132324
2025-11-13 09:45:00+00:00,1385.5999755859375,1387.5,1385.300048828125,1385.9000244140625,928798,75.65822087832285
2025-11-14 03:45:00+00:00,1375.0999755859375,1381.199951171875,1371.9000244140625,1372.199951171875,0,55.78623141415005
2025-11-14 04:45:00+00:00,1372.0999755859375,1374.4000244140625,1369.0999755859375,1373.5,882467,56.94197317543599
2025-11-14 05:45:00+00:00,1373.5999755859375,1374.199951171875,1367.0999755859375,1368.5,1307231,51.37926608464979
2025-11-14 06:45:00+00:00,1368.5,1369.5999755859375,1366.0999755859375,1366.9000244140625,887947,49.70590486823157
2025-11-14 07:45:00+00:00,1366.800048828125,1368.699951171875,1363.5,1363.9000244140625,739784,46.6387130106997
2025-11-14 08:45:00+00:00,1363.9000244140625,1374.800048828125,1363.300048828125,1373.9000244140625,3159416,56.315364561758884
2025-11-14 09:45:00+00:00,1374.199951171875,1374.800048828125,1372.0,1373.0,1620026,55.3426228950547
2025-11-17 03:45:00+00:00,1377.699951171875,1380.0,1374.0,1377.0,0,58.75264437455598
2025-11-17 04:45:00+00:00,1377.0,1381.800048828125,1376.5,1378.5999755859375,1277122,60.066182783568266
2025-11-17 05:45:00+00:00,1378.5999755859375,1379.800048828125,1376.5,1379.199951171875,669160,60.57322350802561
2025-11-17 06:45:00+00:00,1379.199951171875,1381.300048828125,1378.5999755859375,1379.800048828125,858671,61.10516876805479
2025-11-17 07:45:00+00:00,1380.0,1380.5,1377.5999755859375,1378.5,1237229,59.24043711098318
2025-11-17 08:45:00+00:00,1378.5,1379.5999755859375,1377.5,1378.5999755859375,1762270,59.34318920514997
2025-11-17 09:45:00+00:00,1378.699951171875,1380.0,1378.0999755859375,1379.0,996500,59.78008666272363
2025-11-18 03:45:00+00:00,1380.199951171875,1380.199951171875,1373.5,1376.0,0,55.00614752077969
2025-11-18 04:45:00+00:00,1376.0,1378.699951171875,1374.5,1376.5,512148,55.64195577335602
2025-11-18 05:45:00+00:00,1376.699951171875,1378.0,1375.0999755859375,1376.0,612003,54.80788915459494
2025-11-18 06:45:00+00:00,1375.800048828125,1376.300048828125,1372.800048828125,1373.5,1467433,50.71448120878175
2025-11-18 07:45:00+00:00,1373.9000244140625,1375.699951171875,1373.5,1374.9000244140625,1210488,52.83874098841873
2025-11-18 08:45:00+00:00,1374.800048828125,1377.199951171875,1371.4000244140625,1371.9000244140625,3387395,48.058709799548915
2025-11-18 09:45:00+00:00,1371.5,1374.4000244140625,1369.0999755859375,1370.5999755859375,1272896,46.11193932972467
2025-11-19 03:45:00+00:00,1374.800048828125,1378.300048828125,1372.0,1376.199951171875,0,54.63630740859613
2025-11-19 04:45:00+00:00,1376.0999755859375,1378.300048828125,1375.0999755859375,1376.4000244140625,1050977,54.910736621287946
2025-11-19 05:45:00+00:00,1376.5,1379.9000244140625,1376.0,1378.699951171875,743478,58.052259271592575
2025-11-19 06:45:00+00:00,1379.0,1381.9000244140625,1378.5999755859375,1380.9000244140625,1153843,60.861440205221484
2025-11-19 07:45:00+00:00,1380.9000244140625,1381.0,1377.199951171875,1380.300048828125,1791540,59.68752737821865
2025-11-19 08:45:00+00:00,1380.0,1384.0,1379.9000244140625,1383.300048828125,3234807,63.48058780234384
2025-11-19 09:45:00+00:00,1383.4000244140625,1383.5,1382.699951171875,1383.4000244140625,710840,63.60349220107802
2025-11-20 03:45:00+00:00,1380.0,1382.0,1375.4000244140625,1381.300048828125,0,59.10398084937233
2025-11-20 04:45:00+00:00,1381.199951171875,1382.5,1377.5,1380.4000244140625,1456106,57.23514187841854
2025-11-20 05:45:00+00:00,1380.199951171875,1382.4000244140625,1379.5,1380.9000244140625,801328,58.02911118302961
2025-11-20 06:45:00+00:00,1380.800048828125,1381.4000244140625,1378.5,1380.699951171875,1244873,57.56853072059472
2025-11-20 07:45:00+00:00,1380.699951171875,1387.0,1379.800048828125,1385.199951171875,1031623,64.41061293726209
2025-11-20 08:45:00+00:00,1385.0,1388.300048828125,1381.4000244140625,1383.0999755859375,2389884,59.58221271684287
2025-11-20 09:45:00+00:00,1383.300048828125,1383.5999755859375,1382.0,1382.0,707315,57.16492176577946
2025-11-21 03:45:00+00:00,1375.9000244140625,1375.9000244140625,1364.800048828125,1368.699951171875,0,37.40465436207178
2025-11-21 04:45:00+00:00,1368.699951171875,1370.5,1366.199951171875,1370.4000244140625,3092756,40.24790672158055
2025-11-21 05:45:00+00:00,1370.4000244140625,1370.5,1367.9000244140625,1369.800048828125,1778979,39.56488594517947
2025-11-21 06:45:00+00:00,1369.800048828125,1372.5,1368.5999755859375,1371.0999755859375,1541157,41.86677822989154
2025-11-21 07:45:00+00:00,1371.199951171875,1371.699951171875,1365.5,1368.699951171875,1096514,38.91935346745849
2025-11-21 08:45:00+00:00,1368.699951171875,1370.4000244140625,1367.0,1370.300048828125,1235409,41.85820170055295
2025-11-21 09:45:00+00:00,1370.4000244140625,1370.4000244140625,1367.5,1369.0,414164,40.16720408604339
2025-11-24 03:45:00+00:00,1373.5,1376.0,1366.0,1368.0,0,38.866545275749175
2025-11-24 04:45:00+00:00,1368.0,1372.199951171875,1367.4000244140625,1370.9000244140625,611697,44.48114291502177
2025-11-24 05:45:00+00:00,1370.5999755859375,1374.800048828125,1370.0,1370.9000244140625,903505,44.48114291502177
2025-11-24 06:45:00+00:00,1370.9000244140625,1373.4000244140625,1370.0,1373.0,1545744,48.45666502499941
2025-11-24 07:45:00+00:00,1373.0999755859375,1374.199951171875,1370.5,1372.5999755859375,1575227,47.75515982551931
2025-11-24 08:45:00+00:00,1372.0999755859375,1374.199951171875,1367.9000244140625,1370.0,5739551,43.36129150057999
2025-11-24 09:45:00+00:00,1369.9000244140625,1369.9000244140625,1361.9000244140625,1366.0,4327821,37.62560241130634
2025-11-25 03:45:00+00:00,1365.0,1374.5,1358.5,1374.199951171875,0,51.72351950512269
2025-11-25 04:45:00+00:00,1374.199951171875,1376.800048828125,1362.199951171875,1362.300048828125,874020,38.222088160717824
2025-11-25 05:45:00+00:00,1362.5999755859375,1366.800048828125,1362.199951171875,1366.699951171875,1266179,44.03862452512072
2025-11-25 06:45:00+00:00,1366.5999755859375,1366.800048828125,1361.800048828125,1363.4000244140625,1318651,40.92633477658642
2025-11-25 07:45:00+00:00,1363.4000244140625,1365.199951171875,1360.300048828125,1364.300048828125,1605135,42.12763668481106
2025-11-25 08:45:00+00:00,1364.4000244140625,1364.9000244140625,1354.4000244140625,1357.800048828125,4347152,36.37456474776107
2025-11-25 09:45:00+00:00,1357.800048828125,1359.5,1356.0999755859375,1357.800048828125,1069227,36.37456474776107
2025-11-26 03:45:00+00:00,1360.0,1368.5,1360.0,1366.300048828125,0,47.29124108613461
2025-11-26 04:45:00+00:00,1366.5,1368.5,1362.0,1368.0,1151799,49.169628446450425
2025-11-26 05:45:00+00:00,1367.9000244140625,1369.800048828125,1366.800048828125,1368.699951171875,896510,49.960366193149774
2025-11-26 06:45:00+00:00,1368.9000244140625,1372.5,1367.5999755859375,1371.800048828125,828301,53.41681907240887
2025-11-26 07:45:00+00:00,1371.699951171875,1372.5,1367.800048828125,1370.0,1573098,51.2051323761655
2025-11-26 08:45:00+00:00,1370.0999755859375,1377.0,1368.699951171875,1375.5,2884826,57.055892007481056
2025-11-26 09:45:00+00:00,1375.5,1375.800048828125,1374.699951171875,1375.0,629733,56.3938856959321
2025-11-27 03:45:00+00:00,1379.0,1389.4000244140625,1375.800048828125,1389.0,0,67.69601834612445
2025-11-27 04:45:00+00:00,1389.699951171875,1392.5999755859375,1383.300048828125,1392.0,1723986,69.51914982555923
2025-11-27 05:45:00+00:00,1392.300048828125,1393.199951171875,1385.9000244140625,1388.300048828125,2586161,64.67146833029099
2025-11-27 06:45:00+00:00,1388.300048828125,1390.9000244140625,1386.0,1386.300048828125,1240510,62.1486833083087
2025-11-27 07:45:00+00:00,1386.0999755859375,1390.0,1383.5999755859375,1389.5999755859375,1758180,64.60227272535826
2025-11-27 08:45:00+00:00,1389.699951171875,1393.0,1388.800048828125,1391.9000244140625,3596327,66.24467894061299
2025-11-27 09:45:00+00:00,1391.9000244140625,1394.0,1391.199951171875,1393.699951171875,957729,67.51493535635272
2025-11-28 03:45:00+00:00,1391.800048828125,1398.0999755859375,1389.0,1392.9000244140625,0,66.32046117743391
2025-11-28 04:45:00+00:00,1392.5,1395.9000244140625,1390.199951171875,1392.800048828125,1782402,66.16291062534766
2025-11-28 05:45:00+00:00,1392.800048828125,1393.5999755859375,1386.800048828125,1387.9000244140625,706956,58.79111844782461
2025-11-28 06:45:00+00:00,1387.9000244140625,1389.5,1386.5,1388.0,909760,58.89175778905183
2025-11-28 07:45:00+00:00,1388.0,1389.4000244140625,1386.0,1388.199951171875,800134,59.10685863118098
2025-11-28 08:45:00+00:00,1388.0999755859375,1390.0,1386.5,1388.300048828125,1654932,59.22189228406483
2025-11-28 09:45:00+00:00,1388.300048828125,1390.0,1387.9000244140625,1388.4000244140625,866602,59.34490334601206
2025-12-01 03:45:00+00:00,1393.9000244140625,1398.199951171875,1389.0,1398.199951171875,0,69.16429420800982
2025-12-01 04:45:00+00:00,1398.0,1399.699951171875,1393.5,1395.800048828125,2046323,65.02249892550427
2025-12-01 05:45:00+00:00,1395.5999755859375,1396.9000244140625,1390.0999755859375,1391.0,522002,57.59370265606173
2025-12-01 06:45:00+00:00,1391.5,1393.5999755859375,1390.199951171875,1393.300048828125,1247728,59.95463289837629
2025-12-01 07:45:00+00:00,1393.4000244140625,1393.4000244140625,1389.199951171875,1391.300048828125,987670,56.9837765496951
2025-12-01 08:45:00+00:00,1391.300048828125,1391.300048828125,1385.4000244140625,1390.699951171875,1615385,56.08575228339207
2025-12-01 09:45:00+00:00,1390.5,1391.0,1388.4000244140625,1390.199951171875,637778,55.30372130609813
2025-12-02 03:45:00+00:00,1381.0,1381.0,1370.699951171875,1373.0,0,36.466770493583574
2025-12-02 04:45:00+00:00,1373.0,1379.4000244140625,1372.5999755859375,1375.0999755859375,1371065,39.19011237106412
2025-12-02 05:45:00+00:00,1375.199951171875,1377.5,1372.0,1373.4000244140625,1104398,37.7783828989008
2025-12-02 06:45:00+00:00,1373.5,1378.4000244140625,1372.5999755859375,1375.5,910220,40.62382449053408
2025-12-02 07:45:00+00:00,1375.5,1377.199951171875,1374.5,1374.5999755859375,963482,39.784088965062935
2025-12-02 08:45:00+00:00,1374.5,1375.800048828125,1372.5999755859375,1372.9000244140625,3099978,38.17880846584466
2025-12-02 09:45:00+00:00,1373.0,1373.800048828125,1371.5,1373.0,1764760,38.33639265245992
2025-12-03 03:45:00+00:00,1368.0,1378.199951171875,1368.0,1372.9000244140625,0,38.23144308870313
2025-12-03 04:45:00+00:00,1372.800048828125,1378.9000244140625,1372.0,1377.5,1027914,45.609450565465075
2025-12-03 05:45:00+00:00,1377.4000244140625,1386.4000244140625,1377.0,1385.9000244140625,854129,55.95547059765732
2025-12-03 06:45:00+00:00,1385.9000244140625,1386.9000244140625,1381.0,1382.199951171875,654139,51.324333445914334
2025-12-03 07:45:00+00:00,1382.199951171875,1387.0,1381.5,1387.0,1597669,56.369289559407086
2025-12-03 08:45:00+00:00,1387.0,1392.9000244140625,1385.800048828125,1392.199951171875,1803406,61.075843003284156
2025-12-03 09:45:00+00:00,1392.199951171875,1393.699951171875,1390.0,1390.0,705464,58.21468575683781
2025-12-04 03:45:00+00:00,1389.5,1391.5999755859375,1382.5,1386.699951171875,0,54.11911046808028
2025-12-04 04:45:00+00:00,1386.5,1388.9000244140625,1385.5999755859375,1386.5,522941,53.87180588661961
2025-12-04 05:45:00+00:00,1386.5,1386.5,1383.0,1383.5999755859375,1236783,50.28288346858353
2025-12-04 06:45:00+00:00,1383.5,1385.9000244140625,1381.199951171875,1382.0999755859375,890138,48.48371147330993
2025-12-04 07:45:00+00:00,1382.0999755859375,1384.4000244140625,1379.9000244140625,1382.5,1123629,49.00771821720654
2025-12-04 08:45:00+00:00,1382.5999755859375,1387.9000244140625,1382.4000244140625,1386.5,1381234,54.041729278152
2025-12-04 09:45:00+00:00,1386.5,1387.0999755859375,1385.300048828125,1385.699951171875,555936,52.91649748228135
2025-12-05 03:45:00+00:00,1383.199951171875,1395.300048828125,1382.5999755859375,1392.0,0,59.98251423255254
2025-12-05 04:45:00+00:00,1392.0999755859375,1392.800048828125,1386.0999755859375,1390.9000244140625,637075,58.33636546187626
2025-12-05 05:45:00+00:00,1390.9000244140625,1392.0,1388.0,1388.0,874620,54.119394264489934
2025-12-05 06:45:00+00:00,1388.199951171875,1391.199951171875,1388.0,1390.5,280173,57.00478373597541
2025-12-05 07:45:00+00:00,1390.9000244140625,1391.800048828125,1388.199951171875,1390.5,634856,57.00478373597541
2025-12-05 08:45:00+00:00,1390.5,1393.699951171875,1388.800048828125,1392.9000244140625,1081479,59.81829512147844
2025-12-05 09:45:00+00:00,1392.800048828125,1393.199951171875,1391.4000244140625,1392.0999755859375,572533,58.44531651141702
2025-12-08 03:45:00+00:00,1387.0,1392.0,1383.800048828125,1391.9000244140625,0,58.08647973928187
2025-12-08 04:45:00+00:00,1392.0,1394.800048828125,1390.300048828125,1391.300048828125,712759,56.95646384326207
2025-12-08 05:45:00+00:00,1391.300048828125,1392.9000244140625,1389.0,1391.4000244140625,681180,57.106207696028484
2025-12-08 06:45:00+00:00,1392.0,1393.800048828125,1387.0999755859375,1389.9000244140625,1130828,54.067033546089704
2025-12-08 07:45:00+00:00,1390.0,1390.199951171875,1383.5999755859375,1386.300048828125,1417769,47.52930730874092
2025-12-08 08:45:00+00:00,1386.4000244140625,1390.5,1385.5,1390.300048828125,2064381,54.16166769400151
2025-12-08 09:45:00+00:00,1390.199951171875,1390.300048828125,1385.9000244140625,1387.5,669390,49.44967055153114
2025-12-09 03:45:00+00:00,1379.9000244140625,1384.0,1377.800048828125,1380.9000244140625,2376551,40.504684773150935
2025-12-09 04:45:00+00:00,1381.199951171875,1382.9000244140625,1378.800048828125,1380.5,768644,40.032020674844155
2025-12-09 05:45:00+00:00,1380.4000244140625,1380.9000244140625,1374.5,1375.699951171875,1060412,34.78636006761961
2025-12-09 06:45:00+00:00,1375.5999755859375,1378.4000244140625,1375.0999755859375,1375.300048828125,1064220,34.38213936733868
2025-12-09 07:45:00+00:00,1375.5,1377.699951171875,1374.199951171875,1374.699951171875,1034114,33.748393226982145
2025-12-09 08:45:00+00:00,1375.0,1389.5999755859375,1373.800048828125,1375.0999755859375,3038265,34.61359842302974
2025-12-09 09:45:00+00:00,1375.0999755859375,1375.5,1373.5,1375.0,1148760,34.492360701398226
2025-12-10 03:45:00+00:00,1374.0,1379.0999755859375,1370.5999755859375,1377.0999755859375,0,39.301567601052255
2025-12-10 04:45:00+00:00,1377.4000244140625,1379.4000244140625,1371.199951171875,1373.699951171875,638806,34.84159661009434
2025-12-10 05:45:00+00:00,1373.800048828125,1374.0,1369.199951171875,1371.0,647633,31.759447423151542
2025-12-10 06:45:00+00:00,1371.0,1371.0999755859375,1365.9000244140625,1366.0999755859375,674344,27.07782483678271
2025-12-10 07:45:00+00:00,1366.0999755859375,1367.199951171875,1357.9000244140625,1359.0999755859375,1883904,22.072244463085894
2025-12-10 08:45:00+00:00,1359.0999755859375,1364.9000244140625,1358.5,1362.4000244140625,2297534,28.758468448775986
2025-12-10 09:45:00+00:00,1362.5,1365.4000244140625,1362.5,1363.5999755859375,1291778,31.0742528667798
2025-12-11 03:45:00+00:00,1364.0,1366.0,1352.9000244140625,1359.699951171875,0,27.89989501553883
2025-12-11 04:45:00+00:00,1360.4000244140625,1363.800048828125,1357.0,1358.5,926553,26.986451082219546
2025-12-11 05:45:00+00:00,1358.300048828125,1365.5999755859375,1357.699951171875,1363.800048828125,1024124,36.82489234574091
2025-12-11 06:45:00+00:00,1363.800048828125,1364.800048828125,1358.300048828125,1358.5999755859375,883428,32.235348881990944
2025-12-11 07:45:00+00:00,1359.0,1362.0,1358.0,1359.5,756455,33.773812631983404
2025-12-11 08:45:00+00:00,1359.9000244140625,1363.4000244140625,1359.199951171875,1359.4000244140625,1570199,33.68233590551651
2025-12-11 09:45:00+00:00,1359.4000244140625,1361.5,1358.800048828125,1361.0,480592,36.64000602255773
2025-12-12 03:45:00+00:00,1368.0,1368.9000244140625,1364.5999755859375,1367.5999755859375,0,47.117273022356486
2025-12-12 04:45:00+00:00,1367.5999755859375,1368.0,1363.5,1366.0999755859375,410262,45.28447002252082
2025-12-12 05:45:00+00:00,1366.0,1370.300048828125,1365.0999755859375,1366.4000244140625,613642,45.739151829441255
2025-12-12 06:45:00+00:00,1366.4000244140625,1367.5999755859375,1365.199951171875,1366.0,346170,45.19987293084359
2025-12-12 07:45:00+00:00,1366.300048828125,1366.699951171875,1364.0999755859375,1366.4000244140625,415522,45.88696025153347
2025-12-12 08:45:00+00:00,1366.0999755859375,1366.5,1363.800048828125,1366.0999755859375,1003641,45.42688020243154
2025-12-12 09:45:00+00:00,1366.199951171875,1366.4000244140625,1365.800048828125,1366.0999755859375,512498,45.42688020243154
2025-12-15 03:45:00+00:00,1358.699951171875,1368.699951171875,1358.699951171875,1365.800048828125,0,44.904927968641346
2025-12-15 04:45:00+00:00,1365.800048828125,1365.800048828125,1361.0,1363.5,395081,41.0131545303598
2025-12-15 05:45:00+00:00,1363.5,1367.9000244140625,1363.4000244140625,1366.0,608125,46.44606523483643
2025-12-15 06:45:00+00:00,1366.0,1369.699951171875,1365.0,1367.5,682405,49.454207290360536
2025-12-15 07:45:00+00:00,1367.5,1367.699951171875,1364.5,1365.5,766122,45.76318538688113
2025-12-15 08:45:00+00:00,1365.5,1367.0,1365.0,1365.0999755859375,1031277,45.03912546003638
2025-12-15 09:45:00+00:00,1365.0999755859375,1365.4000244140625,1365.0,1365.199951171875,491004,45.27218052956816
2025-12-16 03:45:00+00:00,1364.4000244140625,1364.5999755859375,1355.5,1364.4000244140625,0,43.676330723450576
2025-12-16 04:45:00+00:00,1364.300048828125,1367.5,1363.4000244140625,1364.9000244140625,728523,44.98181405934693
2025-12-16 05:45:00+00:00,1365.0,1365.9000244140625,1361.800048828125,1363.5,1504943,42.04330186735336
2025-12-16 06:45:00+00:00,1363.5,1364.9000244140625,1361.0999755859375,1363.300048828125,1238477,41.62506865099893
2025-12-16 07:45:00+00:00,1363.300048828125,1365.5,1361.300048828125,1362.199951171875,2137705,39.30822308012297
2025-12-16 08:45:00+00:00,1362.199951171875,1368.4000244140625,1360.0999755859375,1364.5,4526904,46.06726400999842
2025-12-16 09:45:00+00:00,1364.699951171875,1366.9000244140625,1363.5999755859375,1366.0,607488,49.97964282529022
2025-12-17 03:45:00+00:00,1363.300048828125,1363.300048828125,1345.4000244140625,1347.0,0,25.121144407152954
2025-12-17 04:45:00+00:00,1347.0999755859375,1349.5,1343.0999755859375,1347.800048828125,1397922,26.772734004633776
2025-12-17 05:45:00+00:00,1347.9000244140625,1353.0999755859375,1347.4000244140625,1350.199951171875,1658971,31.6433665464302
2025-12-17 06:45:00+00:00,1350.199951171875,1351.9000244140625,1348.4000244140625,1350.800048828125,949393,32.846174655330245
2025-12-17 07:45:00+00:00,1350.800048828125,1353.0,1348.199951171875,1350.0,973538,32.036810075599334
2025-12-17 08:45:00+00:00,1350.0,1354.5,1349.699951171875,1351.800048828125,1902603,35.86594419140624
2025-12-17 09:45:00+00:00,1351.9000244140625,1354.800048828125,1351.199951171875,1352.4000244140625,0,37.13726188898206
2025-12-18 03:45:00+00:00,1348.9000244140625,1359.199951171875,1348.5999755859375,1359.0999755859375,999060,49.238337332068
2025-12-18 04:45:00+00:00,1359.0999755859375,1366.5,1358.0999755859375,1365.5999755859375,937756,57.73808852667726
2025-12-18 05:45:00+00:00,1365.5999755859375,1366.800048828125,1362.199951171875,1364.5999755859375,1211310,56.179541567334425
2025-12-18 06:45:00+00:00,1364.699951171875,1369.5,1362.0999755859375,1362.300048828125,1064086,52.658853268681405
2025-12-18 07:45:00+00:00,1362.0999755859375,1363.4000244140625,1360.0,1360.5,823307,50.01692317683375
2025-12-18 08:45:00+00:00,1360.5,1361.9000244140625,1355.5999755859375,1357.0999755859375,1836231,45.385161139578166
2025-12-18 09:45:00+00:00,1357.4000244140625,1357.9000244140625,1356.0,1356.800048828125,442698,44.989378156416194
2025-12-19 03:45:00+00:00,1352.5,1359.699951171875,1352.5,1355.4000244140625,0,43.09997209417871
2025-12-19 04:45:00+00:00,1355.699951171875,1356.800048828125,1354.199951171875,1355.9000244140625,412375,44.00442939187698
2025-12-19 05:45:00+00:00,1356.0,1356.9000244140625,1350.800048828125,1356.5999755859375,1216520,45.31489922699833
2025-12-19 06:45:00+00:00,1356.699951171875,1357.0999755859375,1353.0999755859375,1353.300048828125,688629,40.50235365820863
2025-12-19 07:45:00+00:00,1353.300048828125,1356.0999755859375,1351.699951171875,1354.4000244140625,3515703,42.68733565647603
2025-12-19 08:45:00+00:00,1354.5,1356.5,1353.300048828125,1354.0999755859375,4951025,42.2317389103904
2025-12-19 09:45:00+00:00,1354.0999755859375,1355.0,1353.9000244140625,1354.300048828125,1661006,42.671115400423965
2025-12-22 03:45:00+00:00,1359.9000244140625,1365.199951171875,1355.0,1364.0,0,58.966142519706
2025-12-22 04:45:00+00:00,1364.0999755859375,1365.0999755859375,1359.800048828125,1363.699951171875,1499389,58.4130490361787
2025-12-22 05:45:00+00:00,1363.699951171875,1368.5999755859375,1362.699951171875,1368.300048828125,965791,63.989798958039785
2025-12-22 06:45:00+00:00,1368.199951171875,1370.0999755859375,1364.5999755859375,1369.5,1344753,65.29708682158798
2025-12-22 07:45:00+00:00,1369.5,1371.300048828125,1368.0999755859375,1368.800048828125,1024816,63.84117389637019
2025-12-22 08:45:00+00:00,1368.699951171875,1370.199951171875,1366.5999755859375,1369.0,2004884,64.0875099651185
2025-12-22 09:45:00+00:00,1369.0,1369.0,1367.0,1367.5,454612,60.744244901494646
2025-12-23 03:45:00+00:00,1363.0,1365.0,1360.0,1360.5,0,48.12669767369861
2025-12-23 04:45:00+00:00,1360.5,1361.0999755859375,1358.5999755859375,1360.300048828125,526501,47.82113501649555
2025-12-23 05:45:00+00:00,1360.300048828125,1362.0999755859375,1359.5,1361.300048828125,753305,49.5464433946799
2025-12-23 06:45:00+00:00,1361.0999755859375,1362.300048828125,1357.300048828125,1361.0,1604771,49.022667316969866
2025-12-23 07:45:00+00:00,1361.4000244140625,1363.300048828125,1359.699951171875,1361.4000244140625,935646,49.78482944113046
2025-12-23 08:45:00+00:00,1361.4000244140625,1364.699951171875,1360.800048828125,1364.0,3653073,54.541993178689225
2025-12-23 09:45:00+00:00,1363.5,1364.199951171875,1361.9000244140625,1363.0,711720,52.48257881400446
2025-12-24 03:45:00+00:00,1364.4000244140625,1368.199951171875,1359.5999755859375,1366.800048828125,0,58.84229510782012
2025-12-24 04:45:00+00:00,1366.300048828125,1368.0,1363.5,1365.0,526433,55.08157492521053
2025-12-24 05:45:00+00:00,1364.9000244140625,1365.0999755859375,1361.5,1362.0999755859375,396918,49.58338610471279
2025-12-24 06:45:00+00:00,1362.0999755859375,1362.5,1360.0,1360.5,846941,46.807358265495075
2025-12-24 07:45:00+00:00,1360.800048828125,1363.0,1359.0,1362.0999755859375,1508708,49.8321653066621
2025-12-24 08:45:00+00:00,1362.5999755859375,1363.699951171875,1358.4000244140625,1360.699951171875,3134707,47.297662754651
2025-12-24 09:45:00+00:00,1360.9000244140625,1361.199951171875,1357.9000244140625,1359.800048828125,544494,45.68909275080831
2025-12-26 03:45:00+00:00,1359.300048828125,1361.800048828125,1353.5999755859375,1356.300048828125,0,39.992258759527104
2025-12-26 04:45:00+00:00,1356.4000244140625,1358.300048828125,1355.199951171875,1355.4000244140625,256408,38.65743183606156
2025-12-26 05:45:00+00:00,1355.300048828125,1356.300048828125,1354.5999755859375,1354.800048828125,276538,37.75281974107362
2025-12-26 06:45:00+00:00,1354.800048828125,1355.5999755859375,1353.0,1353.5999755859375,312430,35.94114528618009
2025-12-26 07:45:00+00:00,1353.5999755859375,1354.0,1350.0,1350.300048828125,521813,31.46918900841723
2025-12-26 08:45:00+00:00,1350.199951171875,1351.5,1348.5,1350.0,614017,31.090394058073628
2025-12-26 09:45:00+00:00,1350.0999755859375,1351.199951171875,1349.5999755859375,1350.0,311883,31.090394058073628
2025-12-29 03:45:00+00:00,1354.9000244140625,1354.9000244140625,1348.0999755859375,1351.300048828125,0,35.02073751898128
2025-12-29 04:45:00+00:00,1351.300048828125,1351.699951171875,1346.0,1346.800048828125,878378,28.880408972725604
2025-12-29 05:45:00+00:00,1346.800048828125,1347.0,1343.5999755859375,1344.5999755859375,412822,26.439616879264648
2025-12-29 06:45:00+00:00,1344.4000244140625,1346.800048828125,1343.4000244140625,1345.199951171875,729944,28.22119469941066
2025-12-29 07:45:00+00:00,1345.0,1346.9000244140625,1343.800048828125,1344.199951171875,998355,27.045467896345713
2025-12-29 08:45:00+00:00,1344.300048828125,1346.5999755859375,1342.4000244140625,1342.9000244140625,1869179,25.555039399625315
2025-12-29 09:45:00+00:00,1342.699951171875,1343.5999755859375,1342.0999755859375,1342.699951171875,353046,25.32372691279113
2025-12-30 03:45:00+00:00,1343.5999755859375,1345.9000244140625,1340.800048828125,1343.5,0,28.12535450113431
2025-12-30 04:45:00+00:00,1343.5,1345.5999755859375,1339.199951171875,1341.0,879180,24.972538279990502
2025-12-30 05:45:00+00:00,1341.0,1342.800048828125,1338.5,1339.4000244140625,904235,23.18151780957629
2025-12-30 06:45:00+00:00,1339.199951171875,1340.5999755859375,1338.300048828125,1339.0,1073529,22.74234947719313
2025-12-30 07:45:00+00:00,1338.699951171875,1342.0,1338.0999755859375,1340.9000244140625,1715612,29.567605814588376
2025-12-30 08:45:00+00:00,1340.699951171875,1345.5999755859375,1339.199951171875,1342.9000244140625,8252312,35.979039482904085
2025-12-30 09:45:00+00:00,1342.9000244140625,1347.0999755859375,1341.9000244140625,1347.0999755859375,5012728,46.908664898283
2025-12-31 03:45:00+00:00,1345.4000244140625,1347.9000244140625,1341.5,1342.5999755859375,0,39.18897355136001
2025-12-31 04:45:00+00:00,1342.699951171875,1343.199951171875,1340.199951171875,1341.800048828125,599197,37.99206182636152
2025-12-31 05:45:00+00:00,1341.699951171875,1342.5999755859375,1339.800048828125,1342.0,669403,38.49770941054971
2025-12-31 06:45:00+00:00,1341.800048828125,1347.300048828125,1340.300048828125,1346.4000244140625,736499,48.458109923844766
2025-12-31 07:45:00+00:00,1346.4000244140625,1348.4000244140625,1345.199951171875,1347.699951171875,967664,50.98376445574291
2025-12-31 08:45:00+00:00,1347.9000244140625,1350.0,1341.5,1343.9000244140625,1986365,44.17006912848777
2025-12-31 09:45:00+00:00,1344.0999755859375,1344.0999755859375,1342.300048828125,1342.9000244140625,614248,42.55815085581893
2026-01-01 03:45:00+00:00,1343.0999755859375,1348.4000244140625,1342.5999755859375,1344.300048828125,0,45.55387753841408
2026-01-01 04:45:00+00:00,1344.300048828125,1345.9000244140625,1343.0,1345.5,175377,48.05442434027885
2026-01-01 05:45:00+00:00,1345.5,1345.5999755859375,1338.800048828125,1338.800048828125,359744,37.655485385419475
2026-01-01 06:45:00+00:00,1338.699951171875,1341.0,1337.4000244140625,1339.699951171875,564266,39.547727523582246
2026-01-01 07:45:00+00:00,1339.9000244140625,1341.800048828125,1338.4000244140625,1340.9000244140625,846626,42.07271199120674
2026-01-01 08:45:00+00:00,1340.5999755859375,1341.0,1336.300048828125,1337.4000244140625,1228741,37.19341641484782
2026-01-01 09:45:00+00:00,1337.300048828125,1337.699951171875,1336.0999755859375,1337.5999755859375,515586,37.63836996002126
2026-01-02 03:45:00+00:00,1338.0,1347.699951171875,1336.9000244140625,1344.0,0,49.87827097403814
2026-01-02 04:45:00+00:00,1344.0999755859375,1345.0,1340.5,1342.5999755859375,1131130,47.673923741439324
2026-01-02 05:45:00+00:00,1342.699951171875,1350.4000244140625,1341.300048828125,1350.0,2093636,58.19149534824867
2026-01-02 06:45:00+00:00,1350.0,1352.9000244140625,1349.0,1350.800048828125,631649,59.14755154906145
2026-01-02 07:45:00+00:00,1350.699951171875,1353.4000244140625,1350.4000244140625,1352.199951171875,592481,60.83519495802029
2026-01-02 08:45:00+00:00,1352.199951171875,1355.4000244140625,1350.0,1355.0999755859375,1367821,64.14010893417401
2026-01-02 09:45:00+00:00,1355.0,1356.800048828125,1355.0,1355.800048828125,1440325,64.90990422877913
2026-01-05 03:45:00+00:00,1355.4000244140625,1370.9000244140625,1353.0,1369.5999755859375,0,75.89478385823847
2026-01-05 04:45:00+00:00,1369.5,1375.4000244140625,1369.5,1374.9000244140625,738215,78.65810579191586
2026-01-05 05:45:00+00:00,1374.5999755859375,1375.0,1369.5999755859375,1372.699951171875,584776,74.82367048630582
2026-01-05 06:45:00+00:00,1372.699951171875,1375.199951171875,1371.800048828125,1371.800048828125,532997,73.25072814062288
2026-01-05 07:45:00+00:00,1371.5999755859375,1372.0999755859375,1365.4000244140625,1365.5,1028883,63.229384280600485
2026-01-05 08:45:00+00:00,1365.5,1373.4000244140625,1364.199951171875,1370.800048828125,1713492,67.28437511327667
2026-01-05 09:45:00+00:00,1371.0,1372.800048828125,1369.4000244140625,1371.5,604620,67.78956897906687
2026-01-06 03:45:00+00:00,1367.800048828125,1410.5,1367.800048828125,1409.699951171875,0,83.11446284687915
2026-01-06 04:45:00+00:00,1409.9000244140625,1413.300048828125,1405.4000244140625,1409.5999755859375,2702364,83.00315868784087
2026-01-06 05:45:00+00:00,1409.5,1410.300048828125,1403.300048828125,1408.0999755859375,2057569,81.24517693353798
2026-01-06 06:45:00+00:00,1408.199951171875,1412.800048828125,1407.0,1410.300048828125,1079924,81.85229345957826
2026-01-06 07:45:00+00:00,1410.300048828125,1410.5999755859375,1405.800048828125,1408.199951171875,1323541,79.21620399554887
2026-01-06 08:45:00+00:00,1408.300048828125,1412.0999755859375,1407.0,1410.9000244140625,2245931,80.10341823173474
2026-01-06 09:45:00+00:00,1410.9000244140625,1412.0,1409.0,1411.199951171875,1007697,80.2045050082532
2026-01-07 03:45:00+00:00,1408.5999755859375,1417.300048828125,1404.5999755859375,1415.9000244140625,0,81.76776058992209
2026-01-07 04:45:00+00:00,1416.0,1428.300048828125,1412.5999755859375,1425.0999755859375,3197461,84.36969659343627
2026-01-07 05:45:00+00:00,1425.0,1426.0,1423.0999755859375,1424.300048828125,1996785,83.25712645699099
2026-01-07 06:45:00+00:00,1424.300048828125,1427.9000244140625,1423.4000244140625,1426.5999755859375,2696796,83.91393558472197
2026-01-07 07:45:00+00:00,1426.5999755859375,1429.300048828125,1418.5,1423.199951171875,1812737,78.98122365470725
2026-01-07 08:45:00+00:00,1423.300048828125,1429.9000244140625,1422.5999755859375,1428.5,1976868,80.86908432647925
2026-01-07 09:45:00+00:00,1428.699951171875,1429.0,1425.199951171875,1425.5999755859375,828491,76.80414883850136
2026-01-08 03:45:00+00:00,1425.300048828125,1440.4000244140625,1425.300048828125,1434.0999755859375,0,79.98048613571018
2026-01-08 04:45:00+00:00,1434.4000244140625,1436.0,1431.5,1435.5999755859375,1431314,80.48825883116295
2026-01-08 05:45:00+00:00,1435.5,1437.5,1429.5,1434.699951171875,2035823,79.19037468083039
2026-01-08 06:45:00+00:00,1434.699951171875,1436.699951171875,1432.0999755859375,1434.5999755859375,1594260,79.03791212113373
2026-01-08 07:45:00+00:00,1434.5999755859375,1438.9000244140625,1433.0,1438.4000244140625,1302765,80.56921486516546
2026-01-08 08:45:00+00:00,1438.4000244140625,1442.199951171875,1431.800048828125,1435.699951171875,2523663,76.3039631146017
2026-01-08 09:45:00+00:00,1435.800048828125,1436.4000244140625,1433.0,1434.0,739299,73.66001500767338
2026-01-09 03:45:00+00:00,1427.300048828125,1429.4000244140625,1412.199951171875,1412.9000244140625,0,50.34292071746128
2026-01-09 04:45:00+00:00,1412.9000244140625,1415.300048828125,1402.0999755859375,1403.0,2041265,43.400976450683594
2026-01-09 05:45:00+00:00,1403.5,1408.300048828125,1402.5,1403.0,1596207,43.400976450683594
2026-01-09 06:45:00+00:00,1402.9000244140625,1407.800048828125,1402.800048828125,1403.9000244140625,2198334,44.21206890605509
2026-01-09 07:45:00+00:00,1403.800048828125,1406.0,1403.199951171875,1403.800048828125,1813139,44.136406048269876
2026-01-09 08:45:00+00:00,1404.0,1407.300048828125,1402.699951171875,1403.699951171875,1814396,44.055113103294666
2026-01-09 09:45:00+00:00,1403.9000244140625,1405.0,1401.9000244140625,1404.300048828125,772083,44.712566578111215
2026-01-12 03:45:00+00:00,1399.9000244140625,1405.0,1391.9000244140625,1403.800048828125,0,44.24600236903073
2026-01-12 04:45:00+00:00,1403.9000244140625,1409.300048828125,1403.5999755859375,1408.5,1942205,49.57267244736683
2026-01-12 05:45:00+00:00,1408.5999755859375,1408.5999755859375,1404.4000244140625,1407.300048828125,1293895,48.303805613908004
2026-01-12 06:45:00+00:00,1407.5,1424.300048828125,1406.199951171875,1420.0999755859375,1953371,60.050457892552096
2026-01-12 07:45:00+00:00,1420.0999755859375,1420.800048828125,1415.800048828125,1416.9000244140625,847486,56.588631527069886
2026-01-12 08:45:00+00:00,1416.699951171875,1416.9000244140625,1410.0,1410.5999755859375,1482656,50.42520936887484
2026-01-12 09:45:00+00:00,1410.699951171875,1420.0,1410.4000244140625,1413.0999755859375,998331,52.63004623150485
2026-01-13 03:45:00+00:00,1420.0,1424.800048828125,1411.0999755859375,1422.699951171875,0,59.98890993536755
2026-01-13 04:45:00+00:00,1422.699951171875,1435.300048828125,1421.199951171875,1434.199951171875,1819501,66.66882342299664
2026-01-13 05:45:00+00:00,1434.0999755859375,1437.800048828125,1431.300048828125,1434.800048828125,1328362,66.97863260226826
2026-01-13 06:45:00+00:00,1434.699951171875,1439.0,1432.300048828125,1437.0,1666491,68.1474940558703
2026-01-13 07:45:00+00:00,1437.0,1438.4000244140625,1434.4000244140625,1435.800048828125,1572665,66.75941023931986
2026-01-13 08:45:00+00:00,1435.800048828125,1441.800048828125,1433.199951171875,1435.800048828125,4726094,66.75941023931986
2026-01-13 09:45:00+00:00,1435.9000244140625,1437.699951171875,1435.199951171875,1437.0,1069037,67.52653119986488
2026-01-14 03:45:00+00:00,1426.0999755859375,1443.300048828125,1420.699951171875,1421.4000244140625,0,51.03651254266544
2026-01-14 04:45:00+00:00,1421.199951171875,1423.800048828125,1415.0,1417.199951171875,1555587,47.66181459325638
2026-01-14 05:45:00+00:00,1417.0,1431.800048828125,1416.0999755859375,1429.0,1452955,56.387114484231475
2026-01-14 06:45:00+00:00,1429.0999755859375,1431.800048828125,1422.699951171875,1423.0,796756,51.67024010297608
2026-01-14 07:45:00+00:00,1423.0,1424.699951171875,1417.4000244140625,1421.199951171875,1181667,50.310515591672385
2026-01-14 08:45:00+00:00,1421.0,1424.199951171875,1416.5999755859375,1417.5999755859375,3310942,47.61198886846005
2026-01-14 09:45:00+00:00,1417.699951171875,1418.4000244140625,1415.0,1418.4000244140625,0,48.2759793486595
2026-01-16 03:45:00+00:00,1415.5999755859375,1419.5,1407.199951171875,1413.4000244140625,0,44.48153730119111
2026-01-16 04:45:00+00:00,1413.4000244140625,1420.4000244140625,1413.0,1416.0,1739229,46.82216031458908
2026-01-16 05:45:00+00:00,1416.0,1419.5999755859375,1413.0,1416.9000244140625,1207061,47.64501245482063
2026-01-16 06:45:00+00:00,1416.9000244140625,1417.300048828125,1400.199951171875,1401.300048828125,1917671,36.96758738159516
2026-01-16 07:45:00+00:00,1401.5999755859375,1416.0,1400.699951171875,1415.5999755859375,1366936,48.38611733914219
2026-01-16 08:45:00+00:00,1415.5,1420.5,1407.9000244140625,1408.300048828125,1959485,44.00378167212623
2026-01-16 09:45:00+00:00,1408.300048828125,1417.800048828125,1408.0,1413.9000244140625,835439,47.901933791407906
2026-01-19 03:45:00+00:00,1395.800048828125,1398.4000244140625,1361.0999755859375,1362.300048828125,0,28.331040328671946
2026-01-19 04:45:00+00:00,1362.0999755859375,1371.9000244140625,1360.0999755859375,1370.5,2971596,33.01468222443525
2026-01-19 05:45:00+00:00,1410.800048828125,1410.800048828125,1369.5,1371.199951171875,1732111,33.414693420854306
2026-01-19 06:45:00+00:00,1371.199951171875,1373.0,1366.5,1369.5999755859375,3163104,32.93060737860921
2026-01-19 07:45:00+00:00,1369.4000244140625,1384.300048828125,1368.5,1381.0,3310384,39.64039227255318
2026-01-19 08:45:00+00:00,1381.0,1385.9000244140625,1379.5,1380.5,3759237,39.45395887338712
2026-01-19 09:45:00+00:00,1380.5,1381.0,1377.0999755859375,1377.199951171875,729577,38.17772330150552
2026-01-20 03:45:00+00:00,1375.0,1387.0999755859375,1372.0,1382.4000244140625,0,41.394721165728036
2026-01-20 04:45:00+00:00,1382.4000244140625,1385.800048828125,1380.0,1384.300048828125,1106121,42.57063154183904
2026-01-20 05:45:00+00:00,1384.300048828125,1387.800048828125,1383.4000244140625,1383.9000244140625,1175517,42.37783985591939
2026-01-20 06:45:00+00:00,1383.9000244140625,1387.5999755859375,1382.0,1384.9000244140625,1835695,43.07190943697688
2026-01-20 07:45:00+00:00,1384.800048828125,1386.800048828125,1378.4000244140625,1380.0,2195288,40.49779538758163
2026-01-20 08:45:00+00:00,1379.9000244140625,1382.800048828125,1371.5999755859375,1375.5999755859375,4135688,38.2851802381118
2026-01-20 09:45:00+00:00,1375.5999755859375,1379.0999755859375,1371.5,1375.0,1657502,37.98046236877597
2026-01-21 03:45:00+00:00,1366.5999755859375,1370.9000244140625,1347.800048828125,1348.5999755859375,0,27.578882210203204
2026-01-21 04:45:00+00:00,1348.300048828125,1353.300048828125,1339.5999755859375,1348.199951171875,2947363,27.456181785197543
2026-01-21 05:45:00+00:00,1348.0999755859375,1350.5,1341.9000244140625,1350.4000244140625,1567576,29.31873648572042
2026-01-21 06:45:00+00:00,1350.4000244140625,1360.0999755859375,1346.0,1352.199951171875,3555956,30.882246325372435
2026-01-21 07:45:00+00:00,1352.9000244140625,1355.9000244140625,1349.4000244140625,1354.9000244140625,2729991,33.26699380690191
2026-01-21 08:45:00+00:00,1354.9000244140625,1357.300048828125,1348.5999755859375,1348.800048828125,3117778,30.69069221020702
2026-01-21 09:45:00+00:00,1348.699951171875,1349.0999755859375,1343.800048828125,1347.0,1102948,29.953515147827645
2026-01-22 03:45:00+00:00,1354.0,1354.699951171875,1347.0999755859375,1349.199951171875,0,32.100098290320034
2026-01-22 04:45:00+00:00,1349.199951171875,1349.4000244140625,1340.5,1341.300048828125,1357567,28.69898379780767
2026-01-22 05:45:00+00:00,1341.5999755859375,1345.800048828125,1338.0999755859375,1342.9000244140625,1635744,30.309498870250636
2026-01-22 06:45:00+00:00,1342.9000244140625,1345.699951171875,1339.0999755859375,1342.5,2707175,30.126279074678436
2026-01-22 07:45:00+00:00,1342.199951171875,1345.5,1340.800048828125,1341.800048828125,2140222,29.786977398720282
2026-01-22 08:45:00+00:00,1341.699951171875,1346.9000244140625,1340.4000244140625,1345.4000244140625,4220037,33.909794833369105
2026-01-22 09:45:00+00:00,1345.199951171875,1348.5,1345.0999755859375,1346.0999755859375,1691185,34.71250600322554
2026-01-23 03:45:00+00:00,1344.9000244140625,1345.300048828125,1335.800048828125,1338.9000244140625,0,30.59596161110595
2026-01-23 04:45:00+00:00,1339.199951171875,1347.0,1337.300048828125,1346.0999755859375,1496178,38.45588077301643
2026-01-23 05:45:00+00:00,1345.9000244140625,1348.699951171875,1343.9000244140625,1347.0,1234686,39.38006431824374
2026-01-23 06:45:00+00:00,1347.199951171875,1355.0,1347.199951171875,1354.5,2144387,46.57910294823227
2026-01-23 07:45:00+00:00,1354.5,1354.5,1346.4000244140625,1347.5999755859375,1877700,41.6755141271663
2026-01-23 08:45:00+00:00,1347.5999755859375,1349.5999755859375,1343.0,1344.199951171875,3286745,39.47049870583874
2026-01-23 09:45:00+00:00,1344.300048828125,1347.0,1339.5999755859375,1343.4000244140625,1079406,38.94837563096413
2026-01-27 03:45:00+00:00,1344.800048828125,1351.0999755859375,1329.0,1339.4000244140625,0,36.35837879443584
2026-01-27 04:45:00+00:00,1339.699951171875,1341.0,1332.800048828125,1339.5999755859375,2158083,36.58539029191417
2026-01-27 05:45:00+00:00,1339.5,1349.800048828125,1338.5,1348.4000244140625,1852542,45.75610706110033
2026-01-27 06:45:00+00:00,1348.4000244140625,1356.800048828125,1346.0999755859375,1356.5999755859375,2472569,52.63035171839346
2026-01-27 07:45:00+00:00,1356.5999755859375,1359.5,1351.199951171875,1356.5999755859375,5096380,52.63035171839346
2026-01-27 08:45:00+00:00,1356.5999755859375,1363.4000244140625,1354.0999755859375,1360.300048828125,6699732,55.57650462519472
2026-01-27 09:45:00+00:00,1360.199951171875,1369.0,1360.0999755859375,1367.0999755859375,2685550,60.44540274681493
2026-01-28 03:45:00+00:00,1365.0,1380.199951171875,1365.0,1370.199951171875,3019643,62.465125024285534
2026-01-28 04:45:00+00:00,1370.300048828125,1371.699951171875,1365.9000244140625,1370.0999755859375,2781613,62.354543350325216
2026-01-28 05:45:00+00:00,1370.300048828125,1373.5999755859375,1367.800048828125,1370.4000244140625,1131308,62.56871547129071
2026-01-28 06:45:00+00:00,1370.300048828125,1370.5,1368.0,1369.4000244140625,1387244,61.31666554809946
2026-01-28 07:45:00+00:00,1369.300048828125,1370.199951171875,1363.5,1364.5999755859375,1571513,55.56857014807209
2026-01-28 08:45:00+00:00,1364.699951171875,1369.4000244140625,1364.0,1367.4000244140625,2292031,58.039662859805475
2026-01-28 09:45:00+00:00,1367.4000244140625,1369.5,1367.0999755859375,1367.699951171875,1058971,58.30714493119596
2026-01-29 03:45:00+00:00,1360.5,1364.300048828125,1355.0,1363.699951171875,0,53.41655709630524
2026-01-29 04:45:00+00:00,1363.800048828125,1367.5,1362.199951171875,1365.4000244140625,1033587,55.13883090903759
2026-01-29 05:45:00+00:00,1365.4000244140625,1369.0,1364.699951171875,1367.5,1844906,57.2417466329247
2026-01-29 06:45:00+00:00,1367.5,1374.699951171875,1367.4000244140625,1373.0,1801461,62.234901436713976
2026-01-29 07:45:00+00:00,1373.0,1378.5,1370.5,1378.0,2214633,66.10948667531663
2026-01-29 08:45:00+00:00,1377.9000244140625,1387.699951171875,1376.699951171875,1382.800048828125,7764521,69.35953814390002
2026-01-29 09:45:00+00:00,1383.199951171875,1386.0,1382.5,1383.5999755859375,4835126,69.87796284273767
2026-01-30 03:45:00+00:00,1373.9000244140625,1381.800048828125,1371.5999755859375,1377.199951171875,0,60.98709037610689
2026-01-30 04:45:00+00:00,1377.0999755859375,1377.199951171875,1364.199951171875,1364.9000244140625,6199565,48.27465166935832
2026-01-30 05:45:00+00:00,1365.0,1365.300048828125,1358.0,1360.300048828125,1370339,44.5358026631521
2026-01-30 06:45:00+00:00,1360.4000244140625,1363.0,1358.0,1358.0999755859375,1206351,42.82733741780046
2026-01-30 07:45:00+00:00,1358.0,1383.5999755859375,1356.4000244140625,1361.0,963224,45.779946844311525
2026-01-30 08:45:00+00:00,1361.0999755859375,1362.0,1353.300048828125,1355.699951171875,4614751,41.55603728194554
2026-01-30 09:45:00+00:00,1355.5999755859375,1358.5,1353.699951171875,1356.0999755859375,2864165,41.9910735509014
2026-02-02 09:45:00+00:00,1352.800048828125,1352.800048828125,1352.800048828125,1352.800048828125,0,39.38650528361717
2026-02-03 03:45:00+00:00,1416.199951171875,1416.199951171875,1375.0,1390.0999755859375,10589125,65.46308646963469
2026-02-03 04:45:00+00:00,1390.5,1399.5999755859375,1390.0999755859375,1393.5,2647343,66.8625424793317
2026-02-03 05:45:00+00:00,1393.4000244140625,1398.699951171875,1388.5,1395.699951171875,2155750,67.7724937159484
2026-02-03 06:45:00+00:00,1395.699951171875,1397.699951171875,1389.5,1397.5,1975241,68.53386803281182
2026-02-03 07:45:00+00:00,1397.5,1398.9000244140625,1391.4000244140625,1391.5,1946402,63.17619012845029
2026-02-03 08:45:00+00:00,1391.9000244140625,1395.0,1387.5,1389.0999755859375,3791156,61.11798123572368
2026-02-03 09:45:00+00:00,1388.800048828125,1391.9000244140625,1387.0,1389.0,1791080,61.028787625534704
2026-02-04 03:45:00+00:00,1388.0,1412.9000244140625,1388.0,1402.9000244140625,0,68.01731870106603
2026-02-04 04:45:00+00:00,1402.9000244140625,1408.9000244140625,1400.5999755859375,1406.199951171875,1616375,69.41936360773171
2026-02-04 05:45:00+00:00,1406.5,1408.0,1405.199951171875,1408.0,1013441,70.18710657989632
2026-02-04 06:45:00+00:00,1408.0,1410.0,1404.0,1407.199951171875,1079035,69.35370202500063
2026-02-04 07:45:00+00:00,1407.5,1410.0,1406.699951171875,1409.699951171875,720572,70.53122349414035
2026-02-04 08:45:00+00:00,1409.800048828125,1413.800048828125,1407.5,1409.800048828125,2184378,70.57996540787308
2026-02-04 09:45:00+00:00,1409.699951171875,1410.199951171875,1404.199951171875,1406.0999755859375,1452138,66.21983327972644
2026-02-05 03:45:00+00:00,1412.0,1412.0,1402.300048828125,1406.5,0,66.46106164871742
2026-02-05 04:45:00+00:00,1406.0999755859375,1408.199951171875,1403.0999755859375,1406.5,609838,66.46106164871742
2026-02-05 05:45:00+00:00,1406.4000244140625,1408.9000244140625,1405.5,1408.4000244140625,665866,67.73046980605301
2026-02-05 06:45:00+00:00,1408.4000244140625,1409.0,1403.0,1405.0999755859375,1333650,63.252554156534146
2026-02-05 07:45:00+00:00,1405.300048828125,1406.0,1399.0,1399.9000244140625,1490133,56.87205936965103
2026-02-05 08:45:00+00:00,1399.800048828125,1400.4000244140625,1394.199951171875,1398.300048828125,2862152,55.03257993129569
2026-02-05 09:45:00+00:00,1398.300048828125,1398.300048828125,1393.300048828125,1393.300048828125,759482,49.6302200032395
2026-02-06 03:45:00+00:00,1400.0,1406.800048828125,1397.5,1403.5999755859375,0,58.63793557724442
2026-02-06 04:45:00+00:00,1403.5,1405.199951171875,1397.0,1398.5,1090646,53.53305826193618
2026-02-06 05:45:00+00:00,1398.5999755859375,1400.9000244140625,1394.800048828125,1395.5999755859375,1095252,50.82355358378887
2026-02-06 06:45:00+00:00,1395.5999755859375,1403.0,1395.0,1401.9000244140625,2018864,56.03010566743934
2026-02-06 07:45:00+00:00,1401.9000244140625,1405.4000244140625,1401.300048828125,1403.800048828125,1993259,57.49182985746519
2026-02-06 08:45:00+00:00,1403.800048828125,1406.800048828125,1403.199951171875,1405.0,1736881,58.431686241764524
2026-02-06 09:45:00+00:00,1405.0,1409.0,1404.4000244140625,1406.0999755859375,1522427,59.31961534650761
2026-02-09 03:45:00+00:00,1413.0,1413.0,1400.0,1400.300048828125,0,52.90281123455799
2026-02-09 04:45:00+00:00,1400.300048828125,1400.5999755859375,1397.0,1399.0,620030,51.55655966353729
2026-02-09 05:45:00+00:00,1399.0,1399.4000244140625,1395.199951171875,1396.0,705448,48.4900364492806
2026-02-09 06:45:00+00:00,1396.0,1396.0999755859375,1391.5,1392.0999755859375,721285,44.762614751163184
2026-02-09 07:45:00+00:00,1392.0999755859375,1392.4000244140625,1388.800048828125,1391.9000244140625,879600,44.573435527547616
2026-02-09 08:45:00+00:00,1391.9000244140625,1399.800048828125,1391.800048828125,1395.699951171875,3033289,48.98592762723727
2026-02-09 09:45:00+00:00,1395.699951171875,1396.300048828125,1393.0,1396.300048828125,850835,49.66739764616772
2026-02-10 03:45:00+00:00,1398.699951171875,1402.5999755859375,1395.9000244140625,1398.5999755859375,0,52.29751153063055
2026-02-10 04:45:00+00:00,1398.5999755859375,1400.699951171875,1396.0,1399.9000244140625,817985,53.76812000511892
2026-02-10 05:45:00+00:00,1399.9000244140625,1401.300048828125,1396.0,1398.4000244140625,999441,51.78444010699071
2026-02-10 06:45:00+00:00,1398.4000244140625,1406.9000244140625,1396.0999755859375,1404.9000244140625,3264202,58.866355193706895
2026-02-10 07:45:00+00:00,1404.9000244140625,1405.699951171875,1399.5,1401.9000244140625,2107826,54.86118249913832
2026-02-10 08:45:00+00:00,1403.0,1409.300048828125,1402.800048828125,1407.0999755859375,6579163,59.94794642530383
2026-02-10 09:45:00+00:00,1407.0999755859375,1408.5999755859375,1402.5999755859375,1406.5,1418067,59.12010792633975
2026-02-11 03:45:00+00:00,1407.5,1413.0,1402.0,1405.4000244140625,0,57.5509805924815
2026-02-11 04:45:00+00:00,1405.4000244140625,1405.699951171875,1400.5999755859375,1402.5,793121,53.51799996495907
2026-02-11 05:45:00+00:00,1402.5,1406.800048828125,1401.699951171875,1403.800048828125,738197,55.039077373601266
2026-02-11 06:45:00+00:00,1403.800048828125,1407.699951171875,1401.4000244140625,1404.699951171875,1402029,56.10974582910519
2026-02-11 07:45:00+00:00,1404.699951171875,1408.0,1403.5,1407.0,1007934,58.809610802663514
2026-02-11 08:45:00+00:00,1407.0,1407.0,1403.0,1406.9000244140625,1539266,58.640755349670776
2026-02-11 09:45:00+00:00,1406.9000244140625,1409.0,1406.5,1408.0,586089,60.001523106983704
2026-02-12 03:45:00+00:00,1406.5999755859375,1428.0,1406.5999755859375,1423.5,0,73.32155489609825
2026-02-12 04:45:00+00:00,1423.300048828125,1426.5999755859375,1421.699951171875,1423.4000244140625,1289573,73.15234062902748
2026-02-12 05:45:00+00:00,1423.4000244140625,1426.800048828125,1422.0,1423.0999755859375,1810769,72.61072802513429
2026-02-12 06:45:00+00:00,1423.0,1427.5,1422.5999755859375,1427.0999755859375,1726285,75.24234556439018
2026-02-12 07:45:00+00:00,1427.0999755859375,1430.0,1424.199951171875,1429.199951171875,2596677,76.51795336847843
2026-02-12 08:45:00+00:00,1429.199951171875,1433.0,1425.5,1430.699951171875,7053514,77.41316307755503
2026-02-12 09:45:00+00:00,1430.699951171875,1432.0,1428.0,1432.0,2112151,78.18925372811296
2026-02-13 03:45:00+00:00,1426.0999755859375,1433.199951171875,1424.199951171875,1428.4000244140625,0,70.92211746452563
2026-02-13 04:45:00+00:00,1428.4000244140625,1429.0,1417.5999755859375,1418.0,1223639,55.01427969662406
2026-02-13 05:45:00+00:00,1418.0,1418.800048828125,1411.5,1411.800048828125,2481865,48.08932781306613
2026-02-13 06:45:00+00:00,1411.800048828125,1419.800048828125,1410.9000244140625,1418.0,1354651,54.28621002202085
2026-02-13 07:45:00+00:00,1417.5,1418.199951171875,1412.0999755859375,1412.9000244140625,1510955,49.0944620119628
2026-02-13 08:45:00+00:00,1412.9000244140625,1418.0,1411.300048828125,1414.300048828125,2437653,50.49415490203799
2026-02-13 09:45:00+00:00,1414.300048828125,1416.300048828125,1412.0999755859375,1415.0,1036535,51.216357044843754
2026-02-16 03:45:00+00:00,1402.800048828125,1412.199951171875,1400.800048828125,1411.5,0,47.4859803817437
2026-02-16 04:45:00+00:00,1411.5,1412.199951171875,1405.5,1405.800048828125,698641,42.10715248584104
2026-02-16 05:45:00+00:00,1405.9000244140625,1407.4000244140625,1402.5,1405.199951171875,408458,41.573238162696775
2026-02-16 06:45:00+00:00,1405.199951171875,1411.9000244140625,1404.699951171875,1409.0,395473,46.223330043049444
2026-02-16 07:45:00+00:00,1409.0,1410.800048828125,1405.5999755859375,1409.5,1096881,46.82303655105785
2026-02-16 08:45:00+00:00,1409.5,1413.0,1408.5999755859375,1410.5,746228,48.07034810862248
2026-02-16 09:45:00+00:00,1410.9000244140625,1414.0,1409.4000244140625,1411.5999755859375,569046,49.47423475020375
2026-02-17 03:45:00+00:00,1408.0,1408.0,1393.699951171875,1399.9000244140625,0,37.776042071040855
2026-02-17 04:45:00+00:00,1400.0,1403.0999755859375,1397.4000244140625,1397.5999755859375,393267,35.97518039839882
2026-02-17 05:45:00+00:00,1397.800048828125,1405.0999755859375,1397.5999755859375,1402.0999755859375,1262005,41.81910300445178
2026-02-17 06:45:00+00:00,1401.9000244140625,1403.5999755859375,1399.699951171875,1402.5999755859375,1412349,42.44768374912341
2026-02-17 07:45:00+00:00,1402.4000244140625,1406.5999755859375,1401.199951171875,1402.699951171875,2331254,42.581264205819366
2026-02-17 08:45:00+00:00,1402.800048828125,1410.4000244140625,1400.5999755859375,1405.4000244140625,4862075,46.21229084458269
2026-02-17 09:45:00+00:00,1405.4000244140625,1408.4000244140625,1404.800048828125,1407.5,828982,48.91791701591917
2026-02-18 03:45:00+00:00,1410.9000244140625,1411.0,1401.300048828125,1401.800048828125,0,42.64720457271836
2026-02-18 04:45:00+00:00,1401.800048828125,1402.800048828125,1400.0999755859375,1401.199951171875,367076,42.03625075577157
2026-02-18 05:45:00+00:00,1401.5,1402.0999755859375,1398.9000244140625,1400.0,462499,40.778272979591776
2026-02-18 06:45:00+00:00,1400.0999755859375,1402.5999755859375,1399.0999755859375,1400.0,475537,40.77827297959178
2026-02-18 07:45:00+00:00,1400.300048828125,1404.0999755859375,1399.4000244140625,1404.0,1310383,46.919431960355745
2026-02-18 08:45:00+00:00,1404.0999755859375,1410.0,1403.5,1407.9000244140625,1287191,52.131511172618644
2026-02-18 09:45:00+00:00,1408.0,1409.0,1406.0,1408.199951171875,406727,52.51764713164881
2026-02-19 03:45:00+00:00,1409.5,1410.0999755859375,1403.0,1403.4000244140625,0,46.10752348083857
2026-02-19 04:45:00+00:00,1403.4000244140625,1403.699951171875,1399.0,1399.4000244140625,4741537,41.5555450696822
2026-02-19 05:45:00+00:00,1399.5,1399.800048828125,1392.0,1392.0999755859375,443817,34.80263480148366
2026-02-19 06:45:00+00:00,1391.800048828125,1395.5,1390.199951171875,1393.0,1174444,36.17963650581983
2026-02-19 07:45:00+00:00,1393.0,1396.0,1390.800048828125,1392.800048828125,1111006,35.997735974791695
2026-02-19 08:45:00+00:00,1392.800048828125,1395.5999755859375,1385.699951171875,1387.300048828125,5138642,31.33142821184063
2026-02-19 09:45:00+00:00,1387.199951171875,1388.9000244140625,1385.5,1388.800048828125,861092,33.849927146221916
2026-02-20 03:45:00+00:00,1388.0,1399.0,1384.199951171875,1398.199951171875,0,46.97450283649652
2026-02-20 04:45:00+00:00,1398.0999755859375,1403.699951171875,1397.5,1398.699951171875,1450897,47.57038849162409
2026-02-20 05:45:00+00:00,1399.199951171875,1400.0,1396.5,1397.0,859344,45.690403836702345
2026-02-20 06:45:00+00:00,1397.0,1399.0999755859375,1393.300048828125,1394.9000244140625,1682000,43.40821280882094
2026-02-20 07:45:00+00:00,1395.0,1398.9000244140625,1392.199951171875,1397.5,1814070,46.9418259754259
2026-02-20 08:45:00+00:00,1397.0999755859375,1399.0,1393.5,1394.199951171875,1839603,43.250420840082555
2026-02-20 09:45:00+00:00,1394.199951171875,1397.0,1392.300048828125,1394.5,716453,43.68405091251203
2026-02-23 03:45:00+00:00,1400.0,1408.300048828125,1398.4000244140625,1406.699951171875,0,57.802678272883384
2026-02-23 04:45:00+00:00,1406.9000244140625,1407.800048828125,1400.0,1401.699951171875,1222446,52.04393414914102
2026-02-23 05:45:00+00:00,1401.699951171875,1403.5999755859375,1399.0999755859375,1402.5999755859375,1278719,52.95255938037095
2026-02-23 06:45:00+00:00,1402.5,1402.699951171875,1397.199951171875,1398.0999755859375,1650955,48.0504642039526
2026-02-23 07:45:00+00:00,1398.0,1398.9000244140625,1395.699951171875,1398.0,1978559,47.944270778892864
2026-02-23 08:45:00+00:00,1398.0999755859375,1402.5,1397.9000244140625,1399.4000244140625,1917046,49.62329190198193
2026-02-23 09:45:00+00:00,1399.300048828125,1400.5,1398.0999755859375,1399.0,622143,49.13562900173144
2026-02-24 03:45:00+00:00,1395.699951171875,1399.5,1393.4000244140625,1394.5999755859375,0,44.01220239365507
2026-02-24 04:45:00+00:00,1394.4000244140625,1394.9000244140625,1388.5999755859375,1392.300048828125,578172,41.572091960550715
2026-02-24 05:45:00+00:00,1392.5,1395.199951171875,1390.800048828125,1393.0999755859375,2150295,42.76073467569964
2026-02-24 06:45:00+00:00,1393.199951171875,1393.199951171875,1385.5,1390.0,2620270,39.41433412916042
2026-02-24 07:45:00+00:00,1390.0,1391.699951171875,1384.0,1391.5999755859375,2530687,41.93985323974248
2026-02-24 08:45:00+00:00,1391.4000244140625,1392.0,1382.300048828125,1384.800048828125,6360211,35.220183215764166
2026-02-24 09:45:00+00:00,1384.800048828125,1386.9000244140625,1383.9000244140625,1384.800048828125,2126663,35.220183215764166
2026-02-25 03:45:00+00:00,1388.300048828125,1402.800048828125,1388.300048828125,1399.300048828125,0,53.60397063442238
2026-02-25 04:45:00+00:00,1399.199951171875,1400.199951171875,1394.5,1394.9000244140625,973288,49.05464351986663
2026-02-25 05:45:00+00:00,1395.0,1401.0,1394.699951171875,1399.5999755859375,1670442,53.58594217310254
2026-02-25 06:45:00+00:00,1399.9000244140625,1403.0,1398.0,1400.0,2629190,53.96127727562279
2026-02-25 07:45:00+00:00,1400.5,1404.0,1399.5,1401.9000244140625,2007867,55.78999864211683
2026-02-25 08:45:00+00:00,1401.9000244140625,1407.4000244140625,1398.5,1399.4000244140625,3482978,52.81720217866967
2026-02-25 09:45:00+00:00,1399.4000244140625,1402.800048828125,1398.0999755859375,1399.9000244140625,949452,53.352568734294714
2026-02-26 03:45:00+00:00,1405.0999755859375,1405.800048828125,1392.0999755859375,1401.300048828125,0,54.89581307812959
2026-02-26 04:45:00+00:00,1401.5999755859375,1407.0,1399.0,1405.5,2245644,59.25109451469095
2026-02-26 05:45:00+00:00,1405.4000244140625,1409.0,1400.0,1406.0999755859375,2645561,59.84756001360723
2026-02-26 06:45:00+00:00,1406.4000244140625,1407.300048828125,1397.699951171875,1399.0999755859375,4262404,50.55052990718536
2026-02-26 07:45:00+00:00,1399.0999755859375,1404.5,1398.0,1403.5,2838641,55.25571870747327
2026-02-26 08:45:00+00:00,1403.800048828125,1409.800048828125,1402.300048828125,1403.5999755859375,9309510,55.35965483024438
2026-02-26 09:45:00+00:00,1403.5999755859375,1405.0999755859375,1400.5999755859375,1404.9000244140625,3860099,56.76604032286028
2026-02-27 03:45:00+00:00,1401.0,1401.4000244140625,1394.0999755859375,1394.4000244140625,0,44.556435841695794
2026-02-27 04:45:00+00:00,1394.4000244140625,1394.4000244140625,1385.699951171875,1389.5999755859375,1855564,40.290123634067356
2026-02-27 05:45:00+00:00,1389.699951171875,1392.199951171875,1388.300048828125,1388.800048828125,1180440,39.60946336450607
2026-02-27 06:45:00+00:00,1388.699951171875,1389.800048828125,1383.5999755859375,1383.800048828125,991475,35.56501528631506
2026-02-27 07:45:00+00:00,1383.800048828125,1390.199951171875,1381.800048828125,1386.4000244140625,1757809,39.05012970273273
2026-02-27 08:45:00+00:00,1386.4000244140625,1386.699951171875,1377.300048828125,1378.0999755859375,4578719,32.927355733855876
2026-02-27 09:45:00+00:00,1378.199951171875,1380.0999755859375,1377.199951171875,1379.4000244140625,2468673,34.65557168550352
2026-03-02 03:45:00+00:00,1366.5999755859375,1377.5,1358.9000244140625,1367.0999755859375,0,27.449233260466983
2026-03-02 04:45:00+00:00,1367.0999755859375,1368.5999755859375,1363.5999755859375,1365.4000244140625,1082676,26.625192604028896
2026-03-02 05:45:00+00:00,1365.4000244140625,1369.0,1363.199951171875,1365.4000244140625,1336424,26.625192604028896
2026-03-02 06:45:00+00:00,1365.300048828125,1369.800048828125,1363.0999755859375,1367.199951171875,1774882,29.233935146071616
2026-03-02 07:45:00+00:00,1367.199951171875,1369.800048828125,1361.5999755859375,1369.0999755859375,2119254,31.983035074634444
2026-03-02 08:45:00+00:00,1369.0999755859375,1376.9000244140625,1367.300048828125,1376.9000244140625,5557884,41.95249949510548
2026-03-02 09:45:00+00:00,1376.9000244140625,1378.800048828125,1373.199951171875,1374.800048828125,1988031,40.242329436182125
2026-03-04 03:45:00+00:00,1329.699951171875,1356.800048828125,1329.699951171875,1350.5,0,26.68599152868947
2026-03-04 04:45:00+00:00,1350.4000244140625,1354.4000244140625,1349.9000244140625,1352.300048828125,1108768,28.60462138201558
2026-03-04 05:45:00+00:00,1352.300048828125,1352.300048828125,1348.199951171875,1349.699951171875,1518952,27.485696240886384
2026-03-04 06:45:00+00:00,1349.9000244140625,1357.0,1347.5,1356.4000244140625,1797463,34.586489362445505
2026-03-04 07:45:00+00:00,1356.4000244140625,1370.699951171875,1354.0,1370.0,4573009,46.119836090954315
2026-03-04 08:45:00+00:00,1370.0,1375.9000244140625,1362.5,1363.0999755859375,4125066,42.06727599593407
2026-03-04 09:45:00+00:00,1363.199951171875,1367.0999755859375,1361.699951171875,1366.5,1009635,44.648281376669566
2026-03-05 03:45:00+00:00,1366.5,1366.5,1355.199951171875,1358.0999755859375,0,39.916734355786424
2026-03-05 04:45:00+00:00,1357.699951171875,1370.5999755859375,1355.0,1368.9000244140625,1758028,47.6048414878651
2026-03-05 05:45:00+00:00,1369.0999755859375,1369.0999755859375,1356.199951171875,1356.9000244140625,2561916,41.28383619809877
2026-03-05 06:45:00+00:00,1356.9000244140625,1358.9000244140625,1354.5,1355.4000244140625,1324373,40.55887358233218
2026-03-05 07:45:00+00:00,1355.4000244140625,1355.699951171875,1347.9000244140625,1349.0,2313405,37.530593417488674
2026-03-05 08:45:00+00:00,1348.5999755859375,1363.199951171875,1347.699951171875,1354.0999755859375,6894178,41.29223053216802
2026-03-05 09:45:00+00:00,1354.5,1357.5999755859375,1350.5,1357.5999755859375,1483470,43.793611427153124
2026-03-06 03:45:00+00:00,1343.9000244140625,1343.9000244140625,1320.300048828125,1329.0,0,31.851193602867667
2026-03-06 04:45:00+00:00,1329.0,1329.0999755859375,1324.5,1326.9000244140625,1106262,31.178874878351337
2026-03-06 05:45:00+00:00,1327.199951171875,1328.199951171875,1324.300048828125,1325.0,1661710,30.550530307057073
2026-03-06 06:45:00+00:00,1325.0,1325.5,1321.300048828125,1322.800048828125,2112379,29.801643487913296
2026-03-06 07:45:00+00:00,1322.699951171875,1323.9000244140625,1316.0999755859375,1318.199951171875,3635336,28.242659288625163
2026-03-06 08:45:00+00:00,1318.300048828125,1319.5999755859375,1310.5999755859375,1312.0,3839405,26.24955789491851
2026-03-06 09:45:00+00:00,1312.0,1315.9000244140625,1311.0,1315.0999755859375,2410510,28.949447178430432
2026-03-09 03:45:00+00:00,1272.699951171875,1281.9000244140625,1251.5999755859375,1271.9000244140625,0,18.6842596644655
2026-03-09 04:45:00+00:00,1271.4000244140625,1277.0,1265.0,1271.4000244140625,1177891,18.602043219675153
2026-03-09 05:45:00+00:00,1271.300048828125,1276.699951171875,1269.199951171875,1270.800048828125,1346018,18.49686418897089
2026-03-09 06:45:00+00:00,1270.5,1281.199951171875,1270.300048828125,1277.4000244140625,2504571,23.61343434712218
2026-03-09 07:45:00+00:00,1277.300048828125,1278.800048828125,1273.199951171875,1277.199951171875,1639371,23.56513892306181
2026-03-09 08:45:00+00:00,1277.4000244140625,1281.699951171875,1275.0,1278.5,1983340,24.64364365975935
2026-03-09 09:45:00+00:00,1278.5,1279.0999755859375,1274.5,1278.4000244140625,822231,24.614879792701643
2026-03-10 03:45:00+00:00,1290.4000244140625,1299.5,1286.300048828125,1297.699951171875,0,39.335425071951356
2026-03-10 04:45:00+00:00,1297.5999755859375,1308.199951171875,1297.0,1306.699951171875,1789295,44.753154176995785
2026-03-10 05:45:00+00:00,1306.9000244140625,1309.9000244140625,1303.699951171875,1305.800048828125,1164603,44.32688211618064
2026-03-10 06:45:00+00:00,1305.9000244140625,1306.699951171875,1300.800048828125,1303.300048828125,3465938,43.09871669155295
2026-03-10 07:45:00+00:00,1303.300048828125,1310.0999755859375,1301.800048828125,1309.9000244140625,2483674,47.25369470528909
2026-03-10 08:45:00+00:00,1309.9000244140625,1314.800048828125,1305.300048828125,1311.800048828125,4559765,48.421359260873764
2026-03-10 09:45:00+00:00,1311.800048828125,1315.0,1310.4000244140625,1311.0,1477948,47.94011329198791
2026-03-11 03:45:00+00:00,1303.300048828125,1306.5,1296.5999755859375,1297.199951171875,0,40.46876630984615
2026-03-11 04:45:00+00:00,1297.5,1300.699951171875,1293.300048828125,1297.699951171875,1625374,40.82858677182709
2026-03-11 05:45:00+00:00,1297.5999755859375,1297.5999755859375,1290.9000244140625,1295.0,886879,39.442236117062336
2026-03-11 06:45:00+00:00,1295.0999755859375,1300.0999755859375,1294.0,1298.0999755859375,2658612,41.88231624727171
2026-03-11 07:45:00+00:00,1298.0999755859375,1303.9000244140625,1296.9000244140625,1298.300048828125,1723937,42.044625543297784
2026-03-11 08:45:00+00:00,1298.800048828125,1301.699951171875,1294.5,1295.300048828125,2100289,40.230339649039735
2026-03-11 09:45:00+00:00,1295.5,1295.5,1291.0,1294.5999755859375,1714709,39.79874945535514
2026-03-12 03:45:00+00:00,1276.4000244140625,1278.5,1258.4000244140625,1272.0,0,28.987465235337993
2026-03-12 04:45:00+00:00,1272.0,1279.800048828125,1270.0999755859375,1278.199951171875,1430325,34.26318253729991
2026-03-12 05:45:00+00:00,1278.699951171875,1279.0,1270.0999755859375,1274.0,1194935,32.50164270370476
2026-03-12 06:45:00+00:00,1274.199951171875,1277.800048828125,1271.9000244140625,1275.300048828125,1236771,33.638950767733505
2026-03-12 07:45:00+00:00,1275.300048828125,1280.4000244140625,1271.0999755859375,1272.0,2126830,32.15774339399215
2026-03-12 08:45:00+00:00,1272.0,1273.699951171875,1263.5999755859375,1263.800048828125,5366634,28.76805687158091
2026-03-12 09:45:00+00:00,1263.800048828125,1270.0,1263.800048828125,1266.5,1897304,31.33455833480312
2026-03-13 03:45:00+00:00,1251.5,1256.5,1249.5999755859375,1252.4000244140625,0,26.054925771486978
2026-03-13 04:45:00+00:00,1252.5,1253.699951171875,1248.800048828125,1251.699951171875,1594967,25.82228565661113
2026-03-13 05:45:00+00:00,1251.699951171875,1262.300048828125,1251.300048828125,1256.199951171875,1586693,30.14021682778298
2026-03-13 06:45:00+00:00,1256.0,1258.0999755859375,1249.4000244140625,1252.0999755859375,1420455,28.511747636272702
2026-03-13 07:45:00+00:00,1252.0,1258.0,1251.0,1257.699951171875,4134560,33.774893273820155
2026-03-13 08:45:00+00:00,1257.699951171875,1261.699951171875,1254.0,1254.800048828125,3874943,32.44286975453768
2026-03-13 09:45:00+00:00,1254.800048828125,1255.699951171875,1252.0,1254.0,1304201,32.06712259711699
2026-03-16 03:45:00+00:00,1250.0,1257.199951171875,1247.4000244140625,1247.5,0,29.116601835496795
2026-03-16 04:45:00+00:00,1247.5999755859375,1248.699951171875,1240.0999755859375,1247.5999755859375,1765262,29.224468464679987
2026-03-16 05:45:00+00:00,1247.5999755859375,1251.300048828125,1246.0999755859375,1249.199951171875,1620846,31.033251232065055
2026-03-16 06:45:00+00:00,1249.199951171875,1255.199951171875,1249.0999755859375,1253.0999755859375,1795870,35.36917487800754
2026-03-16 07:45:00+00:00,1253.300048828125,1259.699951171875,1252.5999755859375,1258.300048828125,3372989,40.7206343278025
2026-03-16 08:45:00+00:00,1258.5,1276.5,1256.4000244140625,1275.0999755859375,9588394,53.978554624117095
2026-03-16 09:45:00+00:00,1275.4000244140625,1275.699951171875,1266.5999755859375,1272.9000244140625,1798429,52.32812368842716
2026-03-17 03:45:00+00:00,1276.0999755859375,1287.5999755859375,1273.4000244140625,1286.199951171875,0,60.24249037250952
2026-03-17 04:45:00+00:00,1286.300048828125,1289.199951171875,1280.0,1280.0999755859375,1264761,55.67694317872503
2026-03-17 05:45:00+00:00,1280.300048828125,1280.5999755859375,1275.0,1280.300048828125,1416591,55.795275722893784
2026-03-17 06:45:00+00:00,1280.300048828125,1286.0,1279.0,1283.0999755859375,3246441,57.50510822860909
2026-03-17 07:45:00+00:00,1283.800048828125,1292.5,1280.800048828125,1292.0,3297860,62.473866943124854
2026-03-17 08:45:00+00:00,1292.0,1293.800048828125,1286.5,1292.300048828125,7136037,62.63249889083193
2026-03-17 09:45:00+00:00,1292.199951171875,1292.199951171875,1283.699951171875,1287.0,3207982,57.970854272520235
2026-03-18 03:45:00+00:00,1286.0,1290.0,1271.0,1272.5999755859375,0,47.60392323004523
2026-03-18 04:45:00+00:00,1272.5999755859375,1290.5999755859375,1272.0,1289.300048828125,2092719,57.16990192268469
2026-03-18 05:45:00+00:00,1289.0,1296.699951171875,1287.5,1290.800048828125,1595913,57.91315140193675
2026-03-18 06:45:00+00:00,1290.9000244140625,1292.9000244140625,1288.4000244140625,1291.9000244140625,1280281,58.482131484878394
2026-03-18 07:45:00+00:00,1291.9000244140625,1296.9000244140625,1290.5999755859375,1294.199951171875,1709816,59.708660991472755
2026-03-18 08:45:00+00:00,1294.0999755859375,1297.0,1288.0999755859375,1289.0,2546610,55.70199065776585
2026-03-18 09:45:00+00:00,1289.0,1293.9000244140625,1286.0,1293.0,1325043,58.034808849054095
2026-03-19 03:45:00+00:00,1273.0,1283.800048828125,1256.5999755859375,1260.5999755859375,0,39.766911136646435
2026-03-19 04:45:00+00:00,1261.0,1267.0,1257.0999755859375,1263.4000244140625,1050569,41.481262785181805
2026-03-19 05:45:00+00:00,1263.4000244140625,1268.9000244140625,1261.5,1268.0999755859375,786255,44.34467530592647
2026-03-19 06:45:00+00:00,1268.0999755859375,1272.9000244140625,1266.0,1266.800048828125,1023661,43.70765004894685
2026-03-19 07:45:00+00:00,1266.9000244140625,1270.5999755859375,1260.199951171875,1261.4000244140625,1136885,41.068377497738595
2026-03-19 08:45:00+00:00,1261.4000244140625,1263.0,1243.699951171875,1250.199951171875,6005567,36.187526935619466
2026-03-19 09:45:00+00:00,1250.300048828125,1260.0999755859375,1249.199951171875,1259.0999755859375,1132363,42.078447643188326
2026-03-20 03:45:00+00:00,1258.4000244140625,1273.9000244140625,1258.4000244140625,1267.5999755859375,0,47.101137325750734
2026-03-20 04:45:00+00:00,1267.5999755859375,1273.5,1265.800048828125,1273.300048828125,1572329,50.21865533608109
2026-03-20 05:45:00+00:00,1273.300048828125,1274.0,1261.0,1261.9000244140625,2016910,44.5622586394747
2026-03-20 06:45:00+00:00,1262.0,1266.0,1254.0,1263.0999755859375,1763036,45.26115516987201
2026-03-20 07:45:00+00:00,1263.0,1266.5,1260.0999755859375,1262.699951171875,1081483,45.05722597082587
2026-03-20 08:45:00+00:00,1262.699951171875,1262.800048828125,1243.199951171875,1244.800048828125,6274165,37.01950030851184
2026-03-20 09:45:00+00:00,1244.699951171875,1250.0,1241.9000244140625,1248.0,2616612,39.11066079064388
2026-03-23 03:45:00+00:00,1230.0,1234.5999755859375,1221.800048828125,1225.199951171875,0,31.16943855875745
2026-03-23 04:45:00+00:00,1225.5,1227.800048828125,1224.0,1225.800048828125,1132503,31.563307779187184
2026-03-23 05:45:00+00:00,1225.800048828125,1228.800048828125,1222.5999755859375,1224.800048828125,900788,31.242474867032755
2026-03-23 06:45:00+00:00,1224.5999755859375,1226.800048828125,1221.800048828125,1224.0999755859375,1300749,31.004870462882252
2026-03-23 07:45:00+00:00,1224.199951171875,1231.0,1222.5999755859375,1226.9000244140625,2860345,33.19331619267497
2026-03-23 08:45:00+00:00,1227.199951171875,1230.800048828125,1220.5999755859375,1221.199951171875,4154980,31.035215858742944
2026-03-23 09:45:00+00:00,1221.199951171875,1226.5,1218.0999755859375,1225.0,2099587,34.11080700267789
2026-03-24 03:45:00+00:00,1239.0,1246.0,1232.0,1239.300048828125,0,44.19630216944313
2026-03-24 04:45:00+00:00,1239.300048828125,1240.5999755859375,1226.199951171875,1226.9000244140625,1678900,38.66897244991826
2026-03-24 05:45:00+00:00,1228.0999755859375,1231.4000244140625,1224.699951171875,1224.9000244140625,1645216,37.84682256398452
2026-03-24 06:45:00+00:00,1224.9000244140625,1240.9000244140625,1223.9000244140625,1240.800048828125,3500227,47.41823457759988
2026-03-24 07:45:00+00:00,1241.0,1251.0999755859375,1239.699951171875,1249.199951171875,3731305,51.65402198596603
2026-03-24 08:45:00+00:00,1249.5999755859375,1253.9000244140625,1245.0,1250.199951171875,5856237,52.148227365529465
2026-03-24 09:45:00+00:00,1250.199951171875,1253.0,1248.5,1251.199951171875,2026424,52.66927206892454
2026-03-25 03:45:00+00:00,1259.0999755859375,1266.5,1257.0,1265.0,0,59.26169702975201
2026-03-25 04:45:00+00:00,1265.0999755859375,1269.0,1263.0999755859375,1268.4000244140625,1439866,60.713576618430665
2026-03-25 05:45:00+00:00,1268.300048828125,1272.0,1266.4000244140625,1270.0999755859375,1513786,61.45327429496148
2026-03-25 06:45:00+00:00,1269.9000244140625,1272.9000244140625,1264.199951171875,1264.199951171875,1516515,57.41288529754092
2026-03-25 07:45:00+00:00,1264.800048828125,1267.4000244140625,1259.0,1259.699951171875,1323115,54.471249652329035
2026-03-25 08:45:00+00:00,1259.4000244140625,1263.5999755859375,1254.800048828125,1259.4000244140625,6699964,54.27165909670268
2026-03-25 09:45:00+00:00,1259.800048828125,1261.0,1257.300048828125,1258.800048828125,1500917,53.846614887549485
2026-03-27 03:45:00+00:00,1250.300048828125,1260.0,1250.300048828125,1253.5999755859375,0,50.17852899576751
2026-03-27 04:45:00+00:00,1253.5999755859375,1257.0,1248.5,1249.4000244140625,1774262,47.371678215454075
2026-03-27 05:45:00+00:00,1249.4000244140625,1250.199951171875,1244.9000244140625,1246.0999755859375,1404437,45.23077875651296
2026-03-27 06:45:00+00:00,1246.0999755859375,1254.4000244140625,1246.0999755859375,1251.800048828125,2135518,49.47798110468082
2026-03-27 07:45:00+00:00,1251.9000244140625,1254.699951171875,1240.0,1242.4000244140625,1998259,43.48868370828908
2026-03-27 08:45:00+00:00,1242.300048828125,1246.0999755859375,1232.199951171875,1234.300048828125,8302269,39.09685727298036
2026-03-27 09:45:00+00:00,1234.300048828125,1238.199951171875,1231.0,1233.800048828125,5333959,38.836136340625075
2026-03-30 03:45:00+00:00,1216.5,1222.5,1206.199951171875,1218.5,0,31.839255846418524
2026-03-30 04:45:00+00:00,1219.0,1221.4000244140625,1213.800048828125,1216.199951171875,1478064,30.93690743221866
2026-03-30 05:45:00+00:00,1216.199951171875,1220.0,1211.0,1218.0999755859375,1953740,32.63534752568113
2026-03-30 06:45:00+00:00,1218.0999755859375,1220.800048828125,1214.0999755859375,1215.9000244140625,1451875,31.664360392108264
2026-03-30 07:45:00+00:00,1215.9000244140625,1220.5,1213.5,1217.300048828125,2782617,33.02992813412419
2026-03-30 08:45:00+00:00,1217.5999755859375,1217.9000244140625,1200.5999755859375,1206.5,8061938,28.327250568211227
2026-03-30 09:45:00+00:00,1206.5,1212.0,1205.0,1205.9000244140625,4343637,28.08800111675356
2026-04-01 03:45:00+00:00,1228.300048828125,1233.9000244140625,1218.4000244140625,1222.300048828125,0,42.40697814034104
2026-04-01 04:45:00+00:00,1222.4000244140625,1223.199951171875,1215.0999755859375,1216.5,1843719,39.41765250415462
2026-04-01 05:45:00+00:00,1216.5,1223.0999755859375,1213.300048828125,1219.5,2161263,41.70656827523861
2026-04-01 06:45:00+00:00,1219.5,1224.5,1217.4000244140625,1224.4000244140625,2450808,45.33919998834502
2026-04-01 07:45:00+00:00,1224.199951171875,1225.0,1210.0,1217.300048828125,3003130,41.321132240019374
2026-04-01 08:45:00+00:00,1217.9000244140625,1217.9000244140625,1210.4000244140625,1212.5,4699651,38.8165580082318
2026-04-01 09:45:00+00:00,1212.5,1213.199951171875,1211.9000244140625,1213.0,1547920,39.22975931263651
2026-04-02 03:45:00+00:00,1197.699951171875,1200.9000244140625,1188.4000244140625,1200.5,0,33.19423345903685
2026-04-02 04:45:00+00:00,1200.5,1200.5,1191.4000244140625,1192.0999755859375,1002344,29.868633241899957
2026-04-02 05:45:00+00:00,1192.5999755859375,1194.800048828125,1188.199951171875,1194.199951171875,1802853,31.71058878837401
2026-04-02 06:45:00+00:00,1194.199951171875,1202.0999755859375,1192.4000244140625,1196.5,2425240,33.762590298222435
2026-04-02 07:45:00+00:00,1196.5999755859375,1207.4000244140625,1195.4000244140625,1205.0999755859375,2938044,40.91197442718299
2026-04-02 08:45:00+00:00,1205.699951171875,1219.0999755859375,1204.4000244140625,1218.9000244140625,6552498,50.20070875047712
2026-04-02 09:45:00+00:00,1219.0999755859375,1222.0,1214.5,1216.5,3268345,48.764940062651824
2026-04-06 03:45:00+00:00,1213.199951171875,1213.199951171875,1200.699951171875,1208.4000244140625,0,44.17311447817358
2026-04-06 04:45:00+00:00,1208.0,1211.300048828125,1206.0999755859375,1207.0,1014526,43.412216841907004
2026-04-06 05:45:00+00:00,1207.5,1217.0,1207.300048828125,1212.0999755859375,1089780,46.99408596645008
2026-04-06 06:45:00+00:00,1212.0,1223.5999755859375,1208.5,1222.5,1848903,53.46306514135228
2026-04-06 07:45:00+00:00,1222.4000244140625,1231.5999755859375,1221.199951171875,1231.5,1296219,58.215532385950496
2026-04-06 08:45:00+00:00,1231.5,1234.0,1226.300048828125,1233.5999755859375,2224994,59.26094732665264
2026-04-06 09:45:00+00:00,1233.5999755859375,1234.4000244140625,1228.5999755859375,1231.4000244140625,631616,57.63413633384725
2026-04-07 03:45:00+00:00,1223.5999755859375,1223.9000244140625,1216.9000244140625,1223.0999755859375,0,51.85082624465295
2026-04-07 04:45:00+00:00,1223.0999755859375,1227.9000244140625,1219.0,1222.300048828125,1581845,51.31637642847242
2026-04-07 05:45:00+00:00,1222.0999755859375,1229.0,1221.5,1224.9000244140625,1387497,53.01167028134374
2026-04-07 06:45:00+00:00,1224.9000244140625,1229.800048828125,1222.5,1225.300048828125,4516063,53.28123025214158
2026-04-07 07:45:00+00:00,1225.300048828125,1241.5999755859375,1225.300048828125,1236.0999755859375,3467488,59.95976258510133
2026-04-07 08:45:00+00:00,1236.4000244140625,1246.699951171875,1232.0,1244.5999755859375,8650757,64.28689374857512
2026-04-07 09:45:00+00:00,1245.300048828125,1250.199951171875,1244.199951171875,1248.0,4056340,65.87550432851174
2026-04-08 03:45:00+00:00,1303.4000244140625,1312.699951171875,1292.800048828125,1302.4000244140625,0,80.68202788660157
2026-04-08 04:45:00+00:00,1302.4000244140625,1312.300048828125,1301.5,1310.699951171875,2564810,81.96761049555134
2026-04-08 05:45:00+00:00,1310.5999755859375,1312.5,1302.0,1307.4000244140625,2675918,79.69673304863588
2026-04-08 06:45:00+00:00,1307.300048828125,1314.300048828125,1302.5999755859375,1310.699951171875,2769033,80.28494533458287
2026-04-08 07:45:00+00:00,1310.800048828125,1312.9000244140625,1305.699951171875,1306.300048828125,2113958,77.07849290698626
2026-04-08 08:45:00+00:00,1306.300048828125,1311.5999755859375,1305.5,1309.300048828125,3681799,77.73153893211853
2026-04-08 09:45:00+00:00,1309.5,1309.5999755859375,1307.300048828125,1309.0,1090443,77.49373306393187
2026-04-09 03:45:00+00:00,1300.0,1306.199951171875,1289.800048828125,1293.699951171875,0,66.34733937440711
2026-04-09 04:45:00+00:00,1293.800048828125,1298.800048828125,1290.699951171875,1294.800048828125,2006712,66.7180201432947
2026-04-09 05:45:00+00:00,1295.0999755859375,1295.699951171875,1289.5,1290.300048828125,1751190,63.6304854677968
2026-04-09 06:45:00+00:00,1290.300048828125,1290.300048828125,1284.300048828125,1286.300048828125,1192564,60.93124898580826
2026-04-09 07:45:00+00:00,1286.4000244140625,1286.699951171875,1281.5,1282.0,1408881,58.078965736492776
2026-04-09 08:45:00+00:00,1282.5,1286.199951171875,1276.0999755859375,1283.300048828125,9833839,58.7083070190506
2026-04-09 09:45:00+00:00,1283.0999755859375,1285.199951171875,1280.0999755859375,1283.5,2258676,58.81072762126194
2026-04-10 03:45:00+00:00,1288.5,1321.0999755859375,1288.5,1321.0,0,72.5583343799295
2026-04-10 04:45:00+00:00,1321.4000244140625,1323.5999755859375,1317.699951171875,1320.5999755859375,1612097,72.28118865736506
2026-04-10 05:45:00+00:00,1320.5,1321.9000244140625,1315.300048828125,1318.5,2236729,70.75334028927672
2026-04-10 06:45:00+00:00,1318.0,1320.5,1314.5,1318.0999755859375,1856313,70.44786244000308
2026-04-10 07:45:00+00:00,1318.0999755859375,1321.9000244140625,1317.0999755859375,1319.0999755859375,1822977,70.78741031801133
2026-04-10 08:45:00+00:00,1318.9000244140625,1324.0,1311.800048828125,1322.5999755859375,5462229,72.00002411709772
2026-04-10 09:45:00+00:00,1323.199951171875,1323.699951171875,1321.0999755859375,1322.0,1620572,71.45247893052908
2026-04-13 03:45:00+00:00,1299.199951171875,1311.5999755859375,1297.199951171875,1310.0,0,61.39572534432246
2026-04-13 04:45:00+00:00,1309.699951171875,1319.300048828125,1309.199951171875,1317.300048828125,1942904,64.65484016193929
2026-04-13 05:45:00+00:00,1317.199951171875,1330.0,1315.4000244140625,1329.9000244140625,2519676,69.44905540654283
2026-04-13 06:45:00+00:00,1330.0,1337.4000244140625,1327.0,1333.300048828125,3790799,70.60761767886348
2026-04-13 07:45:00+00:00,1333.199951171875,1351.5999755859375,1333.0999755859375,1350.300048828125,6356717,75.5916869840201
2026-04-13 08:45:00+00:00,1350.300048828125,1356.5,1347.4000244140625,1351.5,9258482,75.90230322249698
2026-04-13 09:45:00+00:00,1351.5999755859375,1351.5999755859375,1345.0999755859375,1349.699951171875,2208342,74.37329848800809
2026-04-15 03:45:00+00:00,1358.9000244140625,1363.800048828125,1346.0999755859375,1349.0999755859375,0,73.8393788605062
2026-04-15 04:45:00+00:00,1349.0999755859375,1352.0,1338.0,1338.300048828125,2634658,64.81884854873368
2026-04-15 05:45:00+00:00,1338.300048828125,1346.5,1338.0,1346.300048828125,2482798,67.94292588919048
2026-04-15 06:45:00+00:00,1346.300048828125,1350.0,1344.199951171875,1347.0999755859375,2513295,68.24655783243512
2026-04-15 07:45:00+00:00,1347.0,1349.5999755859375,1343.199951171875,1347.4000244140625,2642132,68.36758484787929
2026-04-15 08:45:00+00:00,1347.300048828125,1350.9000244140625,1345.4000244140625,1347.800048828125,5509739,68.53974514175603
2026-04-15 09:45:00+00:00,1347.9000244140625,1349.0,1345.4000244140625,1347.0,1751200,67.74560626682066
2026-04-16 03:45:00+00:00,1353.199951171875,1366.5999755859375,1353.0999755859375,1362.0999755859375,0,73.89373724374562
2026-04-16 04:45:00+00:00,1362.0999755859375,1365.0,1359.199951171875,1362.699951171875,2638492,74.1049465530471
2026-04-16 05:45:00+00:00,1362.5999755859375,1363.300048828125,1349.800048828125,1350.699951171875,3561428,63.10771956134237
2026-04-16 06:45:00+00:00,1350.699951171875,1351.4000244140625,1341.699951171875,1343.0,3274398,57.23806745317332
2026-04-16 07:45:00+00:00,1343.0,1347.800048828125,1340.300048828125,1343.5,2805904,57.514403987332265
2026-04-16 08:45:00+00:00,1343.4000244140625,1352.300048828125,1340.300048828125,1343.0,6148069,57.11691017622328
2026-04-16 09:45:00+00:00,1342.9000244140625,1346.199951171875,1341.699951171875,1345.5,1456049,58.65551135262682
2026-04-17 03:45:00+00:00,1345.9000244140625,1347.9000244140625,1334.4000244140625,1336.199951171875,0,51.2840705407628
2026-04-17 04:45:00+00:00,1336.5,1340.699951171875,1336.5,1337.9000244140625,2057611,52.46023400285965
2026-04-17 05:45:00+00:00,1337.800048828125,1343.300048828125,1336.300048828125,1339.0,3611061,53.24675184123375
2026-04-17 06:45:00+00:00,1339.0,1343.199951171875,1338.300048828125,1341.699951171875,1551644,55.2057384452216
2026-04-17 07:45:00+00:00,1342.0,1345.5999755859375,1337.5999755859375,1341.5999755859375,2574868,55.113650753128454
2026-04-17 08:45:00+00:00,1341.9000244140625,1346.5,1339.199951171875,1346.0999755859375,3862153,58.471540451195565
2026-04-17 09:45:00+00:00,1346.0999755859375,1352.9000244140625,1345.199951171875,1352.0,1155660,62.43902279498696
2026-04-20 03:45:00+00:00,1364.699951171875,1376.0,1358.5999755859375,1373.0,0,72.50698742338312
2026-04-20 08:45:00+00:00,1346.800048828125,1358.0999755859375,1346.800048828125,1357.4000244140625,12685211,59.70433460682985
2026-04-20 09:45:00+00:00,1357.4000244140625,1357.800048828125,1353.0,1354.300048828125,1207938,57.5304479295035
2026-04-21 03:45:00+00:00,1362.800048828125,1379.800048828125,1362.199951171875,1372.0,0,65.29945932094608
2026-04-21 04:45:00+00:00,1371.9000244140625,1382.9000244140625,1371.5999755859375,1381.9000244140625,2868152,68.74356451380135
2026-04-21 05:45:00+00:00,1382.0,1383.199951171875,1356.199951171875,1382.0,1393800,68.77726634244807
2026-04-21 06:45:00+00:00,1382.0,1386.9000244140625,1380.5,1386.5,2352037,70.32809115913172
2026-04-21 07:45:00+00:00,1386.5,1390.699951171875,1382.699951171875,1385.300048828125,3556125,69.33907002029375
2026-04-21 08:45:00+00:00,1385.300048828125,1392.300048828125,1384.0,1389.199951171875,7404079,70.77743758239671
2026-04-21 09:45:00+00:00,1389.699951171875,1390.9000244140625,1384.0999755859375,1388.4000244140625,1436676,70.05152665010306
2026-04-22 03:45:00+00:00,1379.0,1379.0,1365.0,1368.199951171875,0,54.77407393035268
2026-04-22 04:45:00+00:00,1368.199951171875,1372.5,1367.0,1370.699951171875,2214136,56.05153822662261
2026-04-22 05:45:00+00:00,1370.699951171875,1372.699951171875,1368.199951171875,1370.300048828125,1796542,55.780119774706606
2026-04-22 06:45:00+00:00,1370.5999755859375,1372.5999755859375,1368.800048828125,1371.5999755859375,1072199,56.517206997699724
2026-04-22 07:45:00+00:00,1371.800048828125,1373.0,1370.4000244140625,1371.9000244140625,2145201,56.6966310830095
2026-04-22 08:45:00+00:00,1372.0,1372.9000244140625,1366.199951171875,1367.5999755859375,2348401,53.302144277346
2026-04-22 09:45:00+00:00,1367.5999755859375,1368.300048828125,1366.199951171875,1367.5999755859375,933394,53.302144277346
2026-04-23 03:45:00+00:00,1349.699951171875,1353.300048828125,1343.5999755859375,1352.4000244140625,0,42.79765354547847
2026-04-23 04:45:00+00:00,1352.5,1353.300048828125,1345.699951171875,1346.5999755859375,2621024,39.591349061139645
2026-04-23 05:45:00+00:00,1346.5999755859375,1349.300048828125,1345.0,1349.300048828125,1707470,41.778102109512446
2026-04-23 06:45:00+00:00,1349.199951171875,1350.800048828125,1346.5999755859375,1348.5,2470217,41.301026644096986
2026-04-23 07:45:00+00:00,1348.5999755859375,1351.800048828125,1347.800048828125,1350.0,2275148,42.62393150126904
2026-04-23 08:45:00+00:00,1350.300048828125,1351.300048828125,1344.5999755859375,1344.5999755859375,5059087,39.19892492795845
2026-04-23 09:45:00+00:00,1344.5,1348.800048828125,1344.0,1348.0,1268291,42.340515980522916
2026-04-24 03:45:00+00:00,1341.300048828125,1348.5,1332.5999755859375,1334.0999755859375,0,34.493657051085265
2026-04-24 04:45:00+00:00,1334.0999755859375,1336.199951171875,1329.4000244140625,1334.0,1796270,34.44421243191762
2026-04-24 05:45:00+00:00,1333.800048828125,1334.5,1332.5,1334.199951171875,2835337,34.64598714263677
2026-04-24 06:45:00+00:00,1334.199951171875,1334.199951171875,1330.300048828125,1331.0,1679448,32.90070754083766
2026-04-24 07:45:00+00:00,1331.0,1331.4000244140625,1325.0999755859375,1326.800048828125,1247658,30.713796351841268
2026-04-24 08:45:00+00:00,1326.800048828125,1331.199951171875,1324.0999755859375,1325.4000244140625,2722244,29.997992304983995
2026-04-24 09:45:00+00:00,1325.4000244140625,1327.699951171875,1325.0,1325.800048828125,900693,30.49642140172672
2026-04-27 03:45:00+00:00,1331.199951171875,1335.5,1326.199951171875,1327.5,0,32.68977458335107
2026-04-27 04:45:00+00:00,1327.800048828125,1329.199951171875,1312.300048828125,1315.0,2378632,26.153991495644476
2026-04-27 05:45:00+00:00,1315.0,1318.800048828125,1311.0,1317.0,1940585,28.61327079567505
2026-04-27 06:45:00+00:00,1316.800048828125,1323.9000244140625,1316.5,1323.4000244140625,1978120,35.962647604188064
2026-04-27 07:45:00+00:00,1323.4000244140625,1323.5,1318.9000244140625,1321.0,2329305,34.52711825772691
2026-04-27 08:45:00+00:00,1320.9000244140625,1321.199951171875,1312.5,1313.800048828125,3154717,30.58308728379805
2026-04-27 09:45:00+00:00,1313.800048828125,1317.0,1312.699951171875,1314.0999755859375,1422615,30.93699967734517
2026-04-28 03:45:00+00:00,1314.300048828125,1317.5999755859375,1310.0,1313.699951171875,0,30.712096336748942
2026-04-28 04:45:00+00:00,1313.300048828125,1314.5999755859375,1309.5,1310.800048828125,810531,29.062663322645975
2026-04-28 05:45:00+00:00,1310.699951171875,1311.0999755859375,1300.0999755859375,1302.699951171875,1769858,25.020508703052883
2026-04-28 06:45:00+00:00,1302.4000244140625,1306.699951171875,1300.5999755859375,1304.5999755859375,1141101,27.565445009308775
2026-04-28 07:45:00+00:00,1304.800048828125,1306.699951171875,1296.199951171875,1297.5,4709519,24.252774684719256
2026-04-28 08:45:00+00:00,1297.5,1299.300048828125,1288.699951171875,1289.9000244140625,4784682,21.301775808934806
2026-04-28 09:45:00+00:00,1290.0,1290.4000244140625,1287.0,1289.4000244140625,1618533,21.119705985736672
2026-04-29 03:45:00+00:00,1294.699951171875,1294.699951171875,1282.0,1290.0999755859375,0,22.123195201146004
2026-04-29 04:45:00+00:00,1290.0,1294.5,1289.5,1290.4000244140625,1732841,22.57788800016776
2026-04-29 05:45:00+00:00,1290.5,1292.0999755859375,1287.300048828125,1290.5999755859375,1460606,22.900942446900075
2026-04-29 06:45:00+00:00,1290.800048828125,1294.199951171875,1290.0999755859375,1290.5,1413884,22.84960384095885
2026-04-29 07:45:00+00:00,1290.5,1292.0,1282.4000244140625,1284.0999755859375,1938204,19.790953753270486
2026-04-29 08:45:00+00:00,1284.300048828125,1284.5999755859375,1279.5,1280.0999755859375,2313522,18.155209406986344
2026-04-29 09:45:00+00:00,1279.9000244140625,1280.4000244140625,1278.0,1279.0,1117762,17.721443381038057
2026-04-30 03:45:00+00:00,1261.199951171875,1269.9000244140625,1259.199951171875,1262.800048828125,0,12.851503883870194
2026-04-30 04:45:00+00:00,1262.800048828125,1264.699951171875,1260.9000244140625,1261.0,973483,12.442354128548345
2026-04-30 05:45:00+00:00,1260.9000244140625,1264.0,1260.5999755859375,1263.199951171875,1770162,15.963700169301788
2026-04-30 06:45:00+00:00,1263.0,1268.0999755859375,1262.0999755859375,1267.0999755859375,2055249,21.95599462735288
2026-04-30 07:45:00+00:00,1267.300048828125,1271.0999755859375,1265.0999755859375,1269.199951171875,2634431,25.05485036436815
2026-04-30 08:45:00+00:00,1269.0,1269.9000244140625,1260.9000244140625,1262.0,4972522,21.851251615757576
2026-04-30 09:45:00+00:00,1262.0999755859375,1265.699951171875,1260.699951171875,1263.4000244140625,1662332,23.889154983525984
2026-05-04 03:45:00+00:00,1273.800048828125,1282.0,1267.199951171875,1274.4000244140625,0,37.64726628443037
2026-05-04 04:45:00+00:00,1274.5,1277.5,1273.0999755859375,1275.300048828125,1330056,38.62484373247697
2026-05-04 05:45:00+00:00,1275.300048828125,1279.5,1271.5999755859375,1271.5999755859375,1681345,36.11782284256504
2026-05-04 06:45:00+00:00,1271.5999755859375,1273.4000244140625,1269.199951171875,1272.5,1889899,37.185838058139936
2026-05-04 07:45:00+00:00,1272.5,1273.4000244140625,1265.300048828125,1271.5,1402633,36.4565424440075
2026-05-04 08:45:00+00:00,1272.0,1274.199951171875,1268.0999755859375,1272.0,3151718,37.12057485650478
2026-05-04 09:45:00+00:00,1272.0,1272.5,1269.5,1269.5,1228061,35.143090420766285
2026-05-05 03:45:00+00:00,1265.800048828125,1265.800048828125,1249.800048828125,1250.800048828125,0,24.590639327094763
2026-05-05 04:45:00+00:00,1250.5999755859375,1253.4000244140625,1249.5,1249.9000244140625,2623802,24.21378408159555
2026-05-05 05:45:00+00:00,1250.4000244140625,1252.199951171875,1245.5,1250.4000244140625,2457901,24.90232795223612
2026-05-05 06:45:00+00:00,1250.300048828125,1255.9000244140625,1248.199951171875,1255.4000244140625,4215327,31.595201855644163
2026-05-05 07:45:00+00:00,1255.199951171875,1256.300048828125,1251.0,1252.0,4475481,29.659465515382934
2026-05-05 08:45:00+00:00,1251.699951171875,1254.0999755859375,1249.800048828125,1252.300048828125,5225893,30.066661897297436
2026-05-05 09:45:00+00:00,1252.199951171875,1253.199951171875,1249.5999755859375,1250.9000244140625,2496404,29.216779285642204
2026-05-06 03:45:00+00:00,1265.699951171875,1268.5,1255.699951171875,1258.4000244140625,0,39.141244910596164
2026-05-06 04:45:00+00:00,1258.199951171875,1262.0999755859375,1257.300048828125,1260.800048828125,1730607,41.94632711625982
2026-05-06 05:45:00+00:00,1260.699951171875,1261.199951171875,1256.0,1256.9000244140625,803409,38.815466800734235
2026-05-06 06:45:00+00:00,1257.0,1257.4000244140625,1252.199951171875,1255.300048828125,992392,37.576342230582576
2026-05-06 07:45:00+00:00,1255.0999755859375,1261.0,1255.0,1260.5999755859375,2755306,43.95841511312049
2026-05-06 08:45:00+00:00,1260.5999755859375,1282.0999755859375,1260.0,1278.9000244140625,11549172,59.395203449403525
2026-05-06 09:45:00+00:00,1279.0,1280.0,1277.0,1279.5999755859375,2188193,59.850741074961064
2026-05-07 03:45:00+00:00,1278.4000244140625,1291.800048828125,1276.300048828125,1288.0999755859375,0,64.98767242775656
2026-05-07 04:45:00+00:00,1288.4000244140625,1293.9000244140625,1287.5,1287.9000244140625,1453870,64.77771002642129
2026-05-07 05:45:00+00:00,1287.9000244140625,1289.5,1279.5,1287.4000244140625,1439415,64.21897658890911
2026-05-07 06:45:00+00:00,1287.699951171875,1291.800048828125,1282.699951171875,1284.300048828125,2682672,60.72195913999887
2026-05-07 07:45:00+00:00,1284.199951171875,1284.5999755859375,1279.300048828125,1282.0,1645390,58.19005838851135
2026-05-07 08:45:00+00:00,1282.0,1284.5999755859375,1273.5999755859375,1274.4000244140625,11051245,50.67165209265911
2026-05-07 09:45:00+00:00,1274.0,1279.800048828125,1273.800048828125,1279.0,1426967,54.503294416901
2026-05-08 03:45:00+00:00,1277.0,1277.0,1267.0,1270.699951171875,0,47.3555490651947
2026-05-08 04:45:00+00:00,1270.800048828125,1272.199951171875,1264.199951171875,1267.0999755859375,1259044,44.62216565752109
2026-05-08 05:45:00+00:00,1267.5,1269.0,1263.0999755859375,1263.9000244140625,639977,42.2857393624595
2026-05-08 06:45:00+00:00,1263.9000244140625,1265.699951171875,1261.5,1263.9000244140625,916664,42.2857393624595
2026-05-08 07:45:00+00:00,1263.9000244140625,1265.4000244140625,1262.300048828125,1263.5999755859375,2075833,42.04632651613843
2026-05-08 08:45:00+00:00,1264.199951171875,1265.9000244140625,1262.0999755859375,1265.5,2792154,44.20076307944843
2026-05-08 09:45:00+00:00,1265.5,1266.300048828125,1263.199951171875,1266.300048828125,1956118,45.125808109909116
2026-05-11 03:45:00+00:00,1258.699951171875,1262.300048828125,1253.9000244140625,1258.199951171875,0,38.21772046552094
2026-05-11 04:45:00+00:00,1258.199951171875,1268.0999755859375,1257.5999755859375,1267.699951171875,2149115,48.22799261641062
2026-05-11 05:45:00+00:00,1267.699951171875,1273.5,1266.4000244140625,1271.0999755859375,3005945,51.27106306991032
2026-05-11 06:45:00+00:00,1271.0999755859375,1275.300048828125,1267.0999755859375,1275.300048828125,2933824,54.80506121356544
2026-05-11 07:45:00+00:00,1275.0,1275.699951171875,1271.0,1271.699951171875,2564465,51.36631673066419
2026-05-11 08:45:00+00:00,1271.5,1273.5999755859375,1264.199951171875,1265.5999755859375,4433699,46.089415793107186
2026-05-11 09:45:00+00:00,1266.199951171875,1267.699951171875,1265.199951171875,1267.5999755859375,1294982,47.976480649690565
2026-05-12 03:45:00+00:00,1256.0,1259.800048828125,1245.199951171875,1249.199951171875,0,35.6224291610519
2026-05-12 04:45:00+00:00,1249.4000244140625,1250.800048828125,1242.0,1244.199951171875,1525676,33.12617607592277
2026-05-12 05:45:00+00:00,1244.199951171875,1245.5999755859375,1241.5999755859375,1244.5999755859375,1383387,33.52751214558471
2026-05-12 06:45:00+00:00,1244.300048828125,1246.199951171875,1241.199951171875,1245.5999755859375,1874665,34.58440633102175
2026-05-12 07:45:00+00:00,1245.5999755859375,1247.699951171875,1241.699951171875,1242.800048828125,2872739,33.00219755425657
2026-05-12 08:45:00+00:00,1243.0999755859375,1248.0999755859375,1238.0999755859375,1239.0,8350486,30.933755753361055
2026-05-12 09:45:00+00:00,1239.0,1244.800048828125,1238.5999755859375,1244.4000244140625,1752622,36.97853150903921
2026-05-13 03:45:00+00:00,1240.9000244140625,1247.5,1227.199951171875,1234.199951171875,0,31.389997636847013
2026-05-13 04:45:00+00:00,1234.300048828125,1242.4000244140625,1234.199951171875,1239.300048828125,2537091,36.553185579149336
2026-05-13 05:45:00+00:00,1239.300048828125,1241.9000244140625,1236.9000244140625,1241.9000244140625,2125892,39.070478354302864
2026-05-13 06:45:00+00:00,1242.0,1249.0,1240.199951171875,1243.0,3562529,40.15233465928462
2026-05-13 07:45:00+00:00,1243.199951171875,1244.300048828125,1240.800048828125,1242.5,1740326,39.80634291710507
2026-05-13 08:45:00+00:00,1242.199951171875,1242.699951171875,1234.0999755859375,1237.699951171875,3489512,36.55018922856548
2026-05-13 09:45:00+00:00,1237.0999755859375,1237.800048828125,1233.5999755859375,1235.699951171875,2595942,35.25612389638799
2026-05-14 03:45:00+00:00,1240.0999755859375,1248.699951171875,1238.300048828125,1241.0999755859375,0,41.29923709624373
2026-05-14 04:45:00+00:00,1241.0999755859375,1243.0,1236.4000244140625,1239.199951171875,1125483,39.88846299979141
2026-05-14 05:45:00+00:00,1239.0,1256.0,1239.0,1254.9000244140625,4407578,53.90142956510349
2026-05-14 06:45:00+00:00,1254.9000244140625,1256.699951171875,1249.4000244140625,1251.800048828125,1556174,51.355756303638564
2026-05-14 07:45:00+00:00,1251.699951171875,1256.4000244140625,1249.9000244140625,1252.0,2650716,51.51481659867922
2026-05-14 08:45:00+00:00,1252.0,1254.0,1242.4000244140625,1243.0999755859375,3812772,44.534448372312625
2026-05-14 09:45:00+00:00,1243.4000244140625,1249.4000244140625,1242.0999755859375,1246.0,1060257,47.052069113107486
2026-05-15 03:45:00+00:00,1254.199951171875,1254.199951171875,1243.5,1250.5,0,50.785080329539305
2026-05-15 04:45:00+00:00,1250.4000244140625,1251.800048828125,1245.0,1245.800048828125,881782,47.05369937399718
2026-05-15 05:45:00+00:00,1245.4000244140625,1248.9000244140625,1242.5,1248.0999755859375,1322743,49.027375052084636
2026-05-15 06:45:00+00:00,1248.0999755859375,1251.0,1246.5,1251.0,1491749,51.483238974721864
2026-05-15 07:45:00+00:00,1251.0,1252.300048828125,1248.9000244140625,1251.0,1378943,51.483238974721864
2026-05-15 08:45:00+00:00,1251.0,1252.0999755859375,1242.0999755859375,1243.800048828125,3524954,45.21117653925007
2026-05-15 09:45:00+00:00,1243.9000244140625,1247.9000244140625,1242.199951171875,1244.5,875874,45.90118613642748
2026-05-18 03:45:00+00:00,1235.5,1240.4000244140625,1233.300048828125,1234.800048828125,0,38.63888534428782
2026-05-18 04:45:00+00:00,1234.699951171875,1238.0,1234.4000244140625,1236.9000244140625,1168159,40.821822783309926
2026-05-18 05:45:00+00:00,1236.9000244140625,1243.199951171875,1234.9000244140625,1238.800048828125,1835723,42.80444490454889
2026-05-18 06:45:00+00:00,1238.4000244140625,1246.699951171875,1237.0999755859375,1246.5,2460451,50.100498911258924
2026-05-18 07:45:00+00:00,1246.4000244140625,1251.0999755859375,1245.0,1249.5999755859375,1781934,52.71565790189683
2026-05-18 08:45:00+00:00,1249.5999755859375,1253.699951171875,1246.9000244140625,1248.9000244140625,3702117,52.05231799880888
2026-05-18 09:45:00+00:00,1248.9000244140625,1253.5,1248.5999755859375,1251.0999755859375,821401,54.01107140223141
2026-05-19 03:45:00+00:00,1251.699951171875,1256.199951171875,1233.699951171875,1242.5,9250243,46.085270653767395
2026-05-19 04:45:00+00:00,1242.4000244140625,1243.699951171875,1238.0999755859375,1239.800048828125,1709000,43.90687739385104
2026-05-19 05:45:00+00:00,1240.0999755859375,1243.4000244140625,1237.0,1241.9000244140625,2267612,46.04318348751231
2026-05-19 06:45:00+00:00,1241.9000244140625,1248.699951171875,1241.199951171875,1245.4000244140625,2988281,49.49558790918336
2026-05-19 07:45:00+00:00,1245.4000244140625,1248.4000244140625,1244.0,1246.5,2925593,50.566120095747756
2026-05-19 08:45:00+00:00,1246.300048828125,1248.0,1237.199951171875,1240.9000244140625,4878569,45.30145954068925
2026-05-19 09:45:00+00:00,1240.699951171875,1243.5,1240.0999755859375,1242.9000244140625,990758,47.40748318589258
2026-05-20 03:45:00+00:00,1228.5999755859375,1233.800048828125,1223.9000244140625,1230.0,0,37.404008603567085
2026-05-20 04:45:00+00:00,1230.0999755859375,1235.300048828125,1228.0,1233.199951171875,1390993,40.744207198176674
2026-05-20 05:45:00+00:00,1233.0,1235.800048828125,1230.0,1231.199951171875,1788069,39.33154570053452
2026-05-20 06:45:00+00:00,1231.5,1233.4000244140625,1229.199951171875,1229.5,1456851,38.1216847562436
2026-05-20 07:45:00+00:00,1229.300048828125,1232.9000244140625,1226.699951171875,1232.4000244140625,3639112,41.43153378134475
2026-05-20 08:45:00+00:00,1232.4000244140625,1238.9000244140625,1231.4000244140625,1237.300048828125,3547498,46.62643385355373
2026-05-20 09:45:00+00:00,1237.5999755859375,1238.300048828125,1236.0,1236.0,1153667,45.47398291750053
2026-05-21 03:45:00+00:00,1246.300048828125,1246.5999755859375,1240.300048828125,1244.699951171875,0,53.71808562138357
2026-05-21 04:45:00+00:00,1244.800048828125,1246.4000244140625,1242.0999755859375,1242.800048828125,1172131,51.87355948027435
2026-05-21 05:45:00+00:00,1242.800048828125,1248.300048828125,1239.4000244140625,1245.0,1037347,53.8496451934794
2026-05-21 06:45:00+00:00,1244.5,1246.9000244140625,1234.4000244140625,1237.9000244140625,2846737,47.12455930656789
2026-05-21 07:45:00+00:00,1238.0,1242.0,1235.5999755859375,1239.800048828125,1580770,48.961519456341605
2026-05-21 08:45:00+00:00,1240.0,1245.800048828125,1239.0,1242.0,5107321,51.08068388602591
2026-05-21 09:45:00+00:00,1241.4000244140625,1244.5,1240.0,1242.800048828125,1125172,51.86344644952527
2026-05-22 03:45:00+00:00,1244.699951171875,1267.0,1244.699951171875,1266.4000244140625,0,68.08578795538652
2026-05-22 04:45:00+00:00,1266.4000244140625,1267.800048828125,1261.699951171875,1262.9000244140625,1238541,64.60828176065687
2026-05-22 05:45:00+00:00,1263.199951171875,1267.5,1259.5999755859375,1267.0999755859375,1211882,66.79964822013041
2026-05-22 06:45:00+00:00,1267.199951171875,1270.5,1265.0999755859375,1266.5,2010745,66.16935262994664
2026-05-22 07:45:00+00:00,1267.0999755859375,1270.699951171875,1266.0,1268.0999755859375,1506741,67.06190364760292
2026-05-22 08:45:00+00:00,1268.0999755859375,1268.800048828125,1261.5999755859375,1263.5999755859375,1677076,62.099472505314424
2026-05-22 09:45:00+00:00,1263.699951171875,1268.800048828125,1263.4000244140625,1267.199951171875,893047,64.37088188233957
2026-05-25 03:45:00+00:00,1275.9000244140625,1284.300048828125,1273.699951171875,1276.699951171875,0,69.5560199154766
2026-05-25 04:45:00+00:00,1276.5,1282.5999755859375,1276.4000244140625,1280.699951171875,1641808,71.44064396688529
2026-05-25 05:45:00+00:00,1280.5,1280.699951171875,1277.5999755859375,1278.199951171875,911287,68.58302299309572
2026-05-25 06:45:00+00:00,1278.300048828125,1282.0,1276.800048828125,1281.300048828125,855599,70.17612430114151
2026-05-25 07:45:00+00:00,1281.300048828125,1284.5999755859375,1280.5,1283.699951171875,1750767,71.38578538371301
2026-05-25 08:45:00+00:00,1283.699951171875,1293.0,1283.4000244140625,1292.4000244140625,2368616,75.29740199170493
2026-05-25 09:45:00+00:00,1292.4000244140625,1293.5,1290.699951171875,1291.800048828125,939630,74.54063377265265
2026-05-26 03:45:00+00:00,1289.800048828125,1301.800048828125,1283.0999755859375,1293.5999755859375,0,75.34131338952423
2026-05-26 04:45:00+00:00,1293.5999755859375,1297.5999755859375,1291.0999755859375,1297.199951171875,1939484,76.90570439541021
2026-05-26 05:45:00+00:00,1297.0999755859375,1298.5,1288.4000244140625,1289.4000244140625,1686458,66.98925560219752
2026-05-26 06:45:00+00:00,1289.5,1292.800048828125,1286.4000244140625,1286.699951171875,1905272,63.91682206639833
2026-05-26 07:45:00+00:00,1286.9000244140625,1289.199951171875,1281.0,1282.0,3033905,58.85654180896128
2026-05-26 08:45:00+00:00,1282.300048828125,1283.0999755859375,1276.5999755859375,1278.800048828125,5519943,55.627430011128304
2026-05-26 09:45:00+00:00,1279.300048828125,1280.9000244140625,1278.0,1280.9000244140625,727864,57.283723545560534
2026-05-27 03:45:00+00:00,1285.0999755859375,1288.4000244140625,1274.300048828125,1288.4000244140625,0,62.64645715112871
2026-05-27 04:45:00+00:00,1288.300048828125,1293.4000244140625,1285.5999755859375,1286.5,2139801,60.571801944385314
2026-05-27 05:45:00+00:00,1286.0999755859375,1290.4000244140625,1283.4000244140625,1283.5999755859375,1124465,57.444805862473146
2026-05-27 06:45:00+00:00,1283.5999755859375,1286.5999755859375,1279.0,1279.199951171875,2512444,52.97616478608402
2026-05-27 07:45:00+00:00,1279.199951171875,1279.5999755859375,1270.5999755859375,1270.5999755859375,4801028,45.522385407862906
2026-05-27 08:45:00+00:00,1270.5999755859375,1275.0999755859375,1266.800048828125,1274.0,4632662,48.60143386649724
2026-05-27 09:45:00+00:00,1274.0999755859375,1274.699951171875,1270.199951171875,1272.699951171875,1067751,47.49603725333274
2026-05-29 03:45:00+00:00,1281.4000244140625,1287.699951171875,1274.4000244140625,1280.0,0,53.84417510050834
2026-05-29 04:45:00+00:00,1280.0,1284.4000244140625,1277.5,1280.300048828125,1720416,54.08987984815644
2026-05-29 05:45:00+00:00,1280.0,1285.9000244140625,1279.699951171875,1281.0999755859375,1312438,54.7809959269031
2026-05-29 06:45:00+00:00,1281.0999755859375,1281.300048828125,1273.199951171875,1273.5999755859375,901516,47.5530243937399
2026-05-29 07:45:00+00:00,1273.4000244140625,1277.199951171875,1266.800048828125,1267.0999755859375,1471178,42.33909808333051
2026-05-29 08:45:00+00:00,1267.199951171875,1275.199951171875,1251.199951171875,1255.4000244140625,13564049,34.917671489072305
2026-05-29 09:45:00+00:00,1255.5,1261.0,1250.5,1259.0,8660991,38.49031347003837
2026-06-01 03:45:00+00:00,1257.5999755859375,1261.800048828125,1251.300048828125,1254.5999755859375,0,35.896611436089515
2026-06-01 04:45:00+00:00,1254.5999755859375,1256.4000244140625,1251.0,1253.9000244140625,708994,35.48694107744585
2026-06-01 05:45:00+00:00,1253.9000244140625,1256.300048828125,1247.4000244140625,1249.5999755859375,1315001,32.99563064308671
2026-06-01 06:45:00+00:00,1248.9000244140625,1248.9000244140625,1241.5,1241.9000244140625,961341,29.0612782075452
2026-06-01 07:45:00+00:00,1242.0,1244.4000244140625,1237.800048828125,1238.699951171875,1022827,27.588937133593248
2026-06-01 08:45:00+00:00,1238.699951171875,1242.4000244140625,1237.5,1238.9000244140625,3088236,27.83510619371772
2026-06-01 09:45:00+00:00,1239.0,1239.699951171875,1236.199951171875,1239.699951171875,1364901,28.876198895146672
2026-06-02 03:45:00+00:00,1235.0999755859375,1235.0999755859375,1224.4000244140625,1224.9000244140625,0,22.42904274668325
2026-06-02 04:45:00+00:00,1224.9000244140625,1230.5,1224.0999755859375,1227.9000244140625,2026656,26.03405184417005
2026-06-02 05:45:00+00:00,1227.9000244140625,1230.0,1221.0,1223.9000244140625,1787741,24.405441099835144
2026-06-02 06:45:00+00:00,1224.0,1237.5,1221.5,1235.300048828125,3657006,36.581858202041836
2026-06-02 07:45:00+00:00,1235.5999755859375,1237.300048828125,1233.300048828125,1233.5,1256280,35.606593308596814
2026-06-02 08:45:00+00:00,1233.5,1236.699951171875,1223.699951171875,1227.0999755859375,5855808,32.30855020374494
2026-06-02 09:45:00+00:00,1227.199951171875,1230.9000244140625,1227.0999755859375,1230.0999755859375,1028711,35.332245282795526
