Datetime,Open,High,Low,Close,Volume,RSI_14
2024-06-11 04:00:00+00:00,1126.699951171875,1129.050048828125,1117.800048828125,1118.300048828125,5391124,59.94802574278379
2024-06-11 08:00:00+00:00,1118.4000244140625,1123.0,1113.6500244140625,1116.3499755859375,4806227,58.30678192044951
2024-06-12 04:00:00+00:00,1131.800048828125,1132.4000244140625,1121.0,1122.1500244140625,6030844,58.79441823651431
2024-06-12 08:00:00+00:00,1121.949951171875,1123.5,1116.050048828125,1119.550048828125,6399597,56.91589317156113
2024-06-13 04:00:00+00:00,1118.5,1120.0,1111.0999755859375,1111.75,5200226,51.27572342224432
2024-06-13 08:00:00+00:00,1111.699951171875,1111.8499755859375,1105.050048828125,1110.300048828125,4741872,50.26789183242988
2024-06-14 04:00:00+00:00,1111.4000244140625,1112.5,1103.550048828125,1106.050048828125,4339730,47.150729299573904
2024-06-14 08:00:00+00:00,1106.0,1107.699951171875,1103.9000244140625,1105.050048828125,3883477,46.436111264916725
2024-06-18 04:00:00+00:00,1109.0,1119.0,1105.8499755859375,1117.75,6189467,56.032934189574
2024-06-18 08:00:00+00:00,1117.800048828125,1135.0,1117.1500244140625,1122.8499755859375,9327624,59.26121401447897
2024-06-19 04:00:00+00:00,1145.550048828125,1152.5,1134.3499755859375,1151.0999755859375,10198236,71.80787591610155
2024-06-19 08:00:00+00:00,1151.4000244140625,1165.3499755859375,1138.5,1144.449951171875,14866707,66.31985025327702
2024-06-20 04:00:00+00:00,1136.75,1154.0,1135.5,1149.8499755859375,5460589,65.93099576013512
2024-06-20 08:00:00+00:00,1149.449951171875,1160.0,1149.300048828125,1156.800048828125,5308480,68.40549386295478
2024-06-21 04:00:00+00:00,1158.0,1163.699951171875,1151.0,1161.199951171875,7420128,69.97543654005078
2024-06-21 08:00:00+00:00,1161.199951171875,1169.199951171875,1150.949951171875,1157.4000244140625,58438674,66.8256861616664
2024-06-24 04:00:00+00:00,1164.800048828125,1169.9000244140625,1162.550048828125,1164.8499755859375,4685907,69.57524190373833
2024-06-24 08:00:00+00:00,1164.9000244140625,1172.4000244140625,1164.0,1170.0999755859375,4115544,71.57906377935652
2024-06-25 04:00:00+00:00,1176.8499755859375,1199.3499755859375,1172.25,1196.0999755859375,12348857,79.27238705088182
2024-06-25 08:00:00+00:00,1196.199951171875,1205.949951171875,1192.3499755859375,1204.9000244140625,11432193,81.16629347553754
2024-06-26 04:00:00+00:00,1196.449951171875,1218.5,1196.0,1215.449951171875,7851858,78.41733786865039
2024-06-26 08:00:00+00:00,1215.050048828125,1222.699951171875,1211.0,1211.0,13499640,75.16510666276899
2024-06-27 04:00:00+00:00,1226.300048828125,1235.0,1219.5,1225.300048828125,9180724,77.63716022812642
2024-06-27 08:00:00+00:00,1224.9000244140625,1225.199951171875,1215.199951171875,1219.9000244140625,6393094,73.67406762656984
2024-06-28 04:00:00+00:00,1216.0,1218.8499755859375,1198.5999755859375,1205.5,4131934,63.79503612188522
2024-06-28 08:00:00+00:00,1205.300048828125,1206.6500244140625,1196.3499755859375,1197.25,6521028,58.832892880159
2024-07-01 04:00:00+00:00,1200.9000244140625,1213.25,1197.6500244140625,1211.1500244140625,3310620,64.17324836142622
2024-07-01 08:00:00+00:00,1210.9000244140625,1215.1500244140625,1206.75,1208.050048828125,3434874,62.19732729846729
2024-07-02 04:00:00+00:00,1194.0,1198.949951171875,1185.699951171875,1192.5999755859375,6398742,53.3066341223961
2024-07-02 08:00:00+00:00,1192.800048828125,1193.8499755859375,1186.75,1191.800048828125,4771767,52.85708791363156
2024-07-03 04:00:00+00:00,1205.1500244140625,1210.5999755859375,1200.0,1201.8499755859375,4737582,57.06261110539302
2024-07-03 08:00:00+00:00,1202.25,1205.300048828125,1198.199951171875,1201.5999755859375,6716773,56.90545013348904
2024-07-04 00:00:00+00:00,1217.25,1226.75,1214.550048828125,1226.25,5168638,66.65675887210949
2024-07-04 04:00:00+00:00,1226.0,1229.0,1220.199951171875,1227.8499755859375,5623991,67.17593369669875
2024-07-04 08:00:00+00:00,1227.8499755859375,1234.300048828125,1227.0,1231.949951171875,4480395,68.52825304168934
2024-07-05 04:00:00+00:00,1223.300048828125,1234.0,1221.300048828125,1229.050048828125,2935888,64.83097365712705
2024-07-05 08:00:00+00:00,1229.050048828125,1235.800048828125,1227.300048828125,1232.0,3295136,65.91919166667623
2024-07-08 04:00:00+00:00,1235.5999755859375,1238.8499755859375,1226.050048828125,1233.699951171875,2301089,65.8678630798361
2024-07-08 08:00:00+00:00,1233.800048828125,1236.949951171875,1231.0,1236.0,2678621,66.8120969887166
2024-07-09 00:00:00+00:00,1231.050048828125,1238.0,1229.300048828125,1234.5,2708068,65.53873162613641
2024-07-09 04:00:00+00:00,1234.5,1245.3499755859375,1234.5,1245.1500244140625,4552574,69.92193701570427
2024-07-09 08:00:00+00:00,1245.1500244140625,1250.0999755859375,1243.25,1246.300048828125,6106075,70.36034141188797
2024-07-10 04:00:00+00:00,1243.75,1245.300048828125,1236.4000244140625,1243.8499755859375,4351781,68.0391544721767
2024-07-10 08:00:00+00:00,1243.449951171875,1246.9000244140625,1240.449951171875,1243.199951171875,5682807,67.37020332195625
2024-07-11 00:00:00+00:00,1246.9000244140625,1257.699951171875,1241.5999755859375,1242.0,2959297,66.07864152101595
2024-07-11 04:00:00+00:00,1242.0,1242.4000244140625,1225.0999755859375,1235.050048828125,4213052,59.02104115768675
2024-07-11 08:00:00+00:00,1235.050048828125,1241.300048828125,1233.550048828125,1238.449951171875,4134589,61.20403203948121
2024-07-12 04:00:00+00:00,1233.550048828125,1252.800048828125,1233.449951171875,1238.9000244140625,5482714,60.136463996584105
2024-07-12 08:00:00+00:00,1238.949951171875,1240.199951171875,1230.1500244140625,1234.5,5478972,56.0349859847557
2024-07-15 00:00:00+00:00,1234.8499755859375,1237.5999755859375,1227.0,1232.199951171875,1756878,53.96309912574605
2024-07-15 04:00:00+00:00,1232.25,1238.4000244140625,1224.3499755859375,1231.6500244140625,7127005,53.454189115765516
2024-07-15 08:00:00+00:00,1231.6500244140625,1233.699951171875,1228.1500244140625,1229.949951171875,6728551,51.82696507726257
2024-07-16 04:00:00+00:00,1236.5,1245.0,1235.949951171875,1239.0999755859375,3733042,59.16780549701891
2024-07-16 08:00:00+00:00,1239.449951171875,1243.3499755859375,1237.1500244140625,1239.9000244140625,3710482,59.777809865604155
2024-07-18 00:00:00+00:00,1234.4000244140625,1248.300048828125,1234.4000244140625,1247.3499755859375,2634691,65.01851874479826
2024-07-18 04:00:00+00:00,1247.25,1255.0,1235.550048828125,1253.1500244140625,4405626,68.463599094485
2024-07-18 08:00:00+00:00,1253.6500244140625,1256.050048828125,1247.5,1248.699951171875,3958024,63.31172216534345
2024-07-19 00:00:00+00:00,1247.8499755859375,1248.9000244140625,1242.449951171875,1246.199951171875,1781221,60.554876769243066
2024-07-19 04:00:00+00:00,1245.949951171875,1248.9000244140625,1240.300048828125,1243.8499755859375,2951014,57.99834095960633
2024-07-19 08:00:00+00:00,1243.949951171875,1250.5,1241.949951171875,1249.449951171875,3226337,62.10417668407311
2024-07-22 04:00:00+00:00,1235.5999755859375,1245.199951171875,1234.6500244140625,1242.300048828125,3571970,54.22671847115266
2024-07-22 08:00:00+00:00,1242.1500244140625,1243.0,1239.9000244140625,1241.1500244140625,4489609,53.260666178784255
2024-07-23 04:00:00+00:00,1243.199951171875,1248.550048828125,1212.6500244140625,1229.699951171875,10414296,44.39985110766411
2024-07-23 08:00:00+00:00,1229.6500244140625,1237.6500244140625,1222.3499755859375,1226.75,6193886,42.50239725657878
2024-07-24 04:00:00+00:00,1222.8499755859375,1227.199951171875,1202.050048828125,1211.550048828125,9601556,33.98290548978851
2024-07-24 08:00:00+00:00,1211.550048828125,1228.449951171875,1210.6500244140625,1226.5999755859375,7329053,45.786579525319546
2024-07-25 04:00:00+00:00,1194.8499755859375,1206.550048828125,1190.699951171875,1198.0,6062994,34.68945324686369
2024-07-25 08:00:00+00:00,1198.1500244140625,1200.0,1195.0999755859375,1196.8499755859375,4251354,34.28839769409986
2024-07-26 00:00:00+00:00,1197.3499755859375,1200.25,1186.0,1194.449951171875,3655446,33.42002310293212
2024-07-26 04:00:00+00:00,1194.75,1208.699951171875,1192.75,1203.9000244140625,9410156,39.87667141063401
2024-07-26 08:00:00+00:00,1203.9000244140625,1218.199951171875,1201.8499755859375,1217.0,6243952,47.48006796335954
2024-07-29 04:00:00+00:00,1228.699951171875,1242.550048828125,1204.449951171875,1213.1500244140625,13726388,46.029069485578816
2024-07-29 08:00:00+00:00,1212.6500244140625,1220.9000244140625,1206.75,1210.9000244140625,8523553,45.084351151490495
2024-07-30 04:00:00+00:00,1215.300048828125,1230.5,1214.300048828125,1220.1500244140625,10143867,49.83254824234939
2024-07-30 08:00:00+00:00,1220.4000244140625,1223.5999755859375,1204.550048828125,1209.449951171875,6172203,44.83898942952233
2024-07-31 00:00:00+00:00,1218.550048828125,1223.699951171875,1214.75,1221.300048828125,4932023,50.72769469141307
2024-07-31 04:00:00+00:00,1221.0999755859375,1224.0,1211.050048828125,1215.0,5726735,47.805734667462694
2024-07-31 08:00:00+00:00,1214.949951171875,1219.0,1212.9000244140625,1214.9000244140625,7619938,47.7587218190737
2024-08-01 00:00:00+00:00,1217.3499755859375,1221.949951171875,1212.5,1213.050048828125,1784556,46.84077532921534
2024-08-01 04:00:00+00:00,1213.050048828125,1216.5,1209.6500244140625,1210.199951171875,3377374,45.39322350166459
2024-08-01 08:00:00+00:00,1210.1500244140625,1213.75,1207.0,1208.0,3561636,44.256320700564046
2024-08-02 04:00:00+00:00,1192.25,1201.6500244140625,1191.699951171875,1200.4000244140625,3329612,42.29782650423716
2024-08-02 08:00:00+00:00,1200.199951171875,1200.9000244140625,1195.0,1197.5,4055375,40.99808161185084
2024-08-05 04:00:00+00:00,1175.550048828125,1177.75,1167.449951171875,1171.75,6952559,31.60262257395155
2024-08-05 08:00:00+00:00,1172.199951171875,1178.0,1169.050048828125,1172.0,4779559,31.77661299457847
2024-08-06 00:00:00+00:00,1175.550048828125,1187.449951171875,1171.5999755859375,1173.800048828125,1987169,33.09628225444581
2024-08-06 04:00:00+00:00,1174.0,1174.5999755859375,1161.5999755859375,1165.050048828125,5332751,30.053089895370377
2024-08-06 08:00:00+00:00,1165.0,1169.9000244140625,1163.0999755859375,1166.8499755859375,6255576,31.44943477495154
2024-08-07 04:00:00+00:00,1165.8499755859375,1173.800048828125,1161.5999755859375,1170.199951171875,7045800,34.609302422940075
2024-08-07 08:00:00+00:00,1170.199951171875,1176.699951171875,1168.699951171875,1172.449951171875,6649476,36.47209317806952
2024-08-08 04:00:00+00:00,1164.5,1173.300048828125,1159.0,1167.0,5365696,35.076930703392705
2024-08-08 08:00:00+00:00,1166.800048828125,1168.800048828125,1163.050048828125,1164.5999755859375,2679382,33.95302207636392
2024-08-09 00:00:00+00:00,1176.3499755859375,1180.949951171875,1173.699951171875,1176.9000244140625,1462738,43.877783856651654
2024-08-09 04:00:00+00:00,1176.9000244140625,1178.550048828125,1169.0,1172.199951171875,4734615,41.32251633837082
2024-08-09 08:00:00+00:00,1172.25,1175.0,1170.199951171875,1171.0,2486651,40.67130282182016
2024-08-12 04:00:00+00:00,1159.0,1175.449951171875,1158.699951171875,1173.9000244140625,4314052,45.33520322267832
2024-08-12 08:00:00+00:00,1173.8499755859375,1178.1500244140625,1170.449951171875,1172.5999755859375,5263328,44.649869448525656
2024-08-13 00:00:00+00:00,1182.199951171875,1188.949951171875,1175.8499755859375,1177.300048828125,2741386,47.72651635237824
2024-08-13 04:00:00+00:00,1177.300048828125,1177.949951171875,1164.0,1166.699951171875,6218880,42.04961952197148
2024-08-13 08:00:00+00:00,1166.3499755859375,1170.800048828125,1163.699951171875,1168.3499755859375,2533844,43.18253703617919
2024-08-14 00:00:00+00:00,1164.3499755859375,1164.3499755859375,1153.1500244140625,1156.8499755859375,3364314,37.65694034440224
2024-08-14 04:00:00+00:00,1156.9000244140625,1163.0,1155.3499755859375,1161.4000244140625,4136274,40.88028159337715
2024-08-14 08:00:00+00:00,1161.8499755859375,1163.6500244140625,1158.5999755859375,1161.199951171875,5929737,40.78043628170924
2024-08-16 00:00:00+00:00,1170.949951171875,1180.25,1167.0,1169.9000244140625,2828513,46.858511815004924
2024-08-16 04:00:00+00:00,1169.9000244140625,1193.0,1165.699951171875,1191.9000244140625,4598651,58.46706231887446
2024-08-16 08:00:00+00:00,1191.75,1193.0,1185.75,1189.0,3532848,56.70850653473687
2024-08-19 04:00:00+00:00,1180.300048828125,1183.6500244140625,1174.699951171875,1175.5999755859375,2268287,49.14594897384887
2024-08-19 08:00:00+00:00,1175.699951171875,1178.199951171875,1173.4000244140625,1175.9000244140625,1597945,49.31667268422025
2024-08-20 00:00:00+00:00,1174.75,1184.300048828125,1170.0,1183.75,1401889,53.69637260576161
2024-08-20 04:00:00+00:00,1183.4000244140625,1189.800048828125,1178.0999755859375,1186.1500244140625,3269349,54.97735247264065
2024-08-20 08:00:00+00:00,1185.800048828125,1187.25,1176.0,1177.199951171875,5753911,49.48001127840333
2024-08-21 04:00:00+00:00,1169.25,1174.949951171875,1165.0999755859375,1169.199951171875,5309760,45.12221537476563
2024-08-21 08:00:00+00:00,1169.199951171875,1177.0,1166.199951171875,1175.0,9485020,48.8941100785441
2024-08-22 04:00:00+00:00,1181.699951171875,1192.5999755859375,1180.3499755859375,1189.949951171875,4192398,57.372292035577516
2024-08-22 08:00:00+00:00,1189.8499755859375,1192.0,1187.25,1191.0999755859375,2069833,57.969028944780895
2024-08-23 00:00:00+00:00,1195.300048828125,1199.949951171875,1188.6500244140625,1195.800048828125,1735463,60.408391293162445
2024-08-23 04:00:00+00:00,1195.949951171875,1203.550048828125,1195.050048828125,1203.0,3007805,63.86786566387064
2024-08-23 08:00:00+00:00,1203.0,1205.0,1201.449951171875,1204.5,2772725,64.56259442589655
2024-08-26 04:00:00+00:00,1211.5999755859375,1213.0,1207.300048828125,1209.800048828125,4488573,66.11461422895576
2024-08-26 08:00:00+00:00,1210.0,1214.9000244140625,1209.300048828125,1214.0,4405058,68.02605900175358
2024-08-27 04:00:00+00:00,1217.1500244140625,1232.449951171875,1211.1500244140625,1227.300048828125,7283532,73.44723973681738
2024-08-27 08:00:00+00:00,1227.199951171875,1228.800048828125,1220.4000244140625,1221.0,5483471,67.52129856790421
2024-08-28 04:00:00+00:00,1218.6500244140625,1226.0999755859375,1217.800048828125,1224.4000244140625,3974794,68.06573552745382
2024-08-28 08:00:00+00:00,1224.3499755859375,1226.1500244140625,1220.5,1223.8499755859375,5333521,67.5335059424387
2024-08-29 00:00:00+00:00,1219.199951171875,1231.449951171875,1219.199951171875,1230.4000244140625,1440640,70.49241807596279
2024-08-29 04:00:00+00:00,1230.550048828125,1235.0,1218.9000244140625,1222.5999755859375,4174089,63.11557285790582
2024-08-29 08:00:00+00:00,1222.5999755859375,1230.0,1219.800048828125,1221.0999755859375,5191183,61.77672337980691
2024-08-30 00:00:00+00:00,1228.4000244140625,1228.4000244140625,1218.949951171875,1220.6500244140625,1546975,61.35627467418199
2024-08-30 04:00:00+00:00,1220.6500244140625,1230.800048828125,1220.050048828125,1225.300048828125,3506966,64.07729456436914
2024-08-30 08:00:00+00:00,1225.300048828125,1235.4000244140625,1224.300048828125,1233.4000244140625,16153795,68.26864955654781
2024-09-02 04:00:00+00:00,1224.6500244140625,1234.050048828125,1224.5999755859375,1232.4000244140625,5752498,64.30264487839585
2024-09-02 08:00:00+00:00,1232.300048828125,1233.0,1228.0,1230.0,5286865,62.16210451133081
2024-09-03 04:00:00+00:00,1227.300048828125,1230.0,1220.75,1229.75,6291939,61.22136021290481
2024-09-03 08:00:00+00:00,1229.3499755859375,1250.8499755859375,1228.4000244140625,1246.5999755859375,11319253,69.47385674922734
2024-09-04 00:00:00+00:00,1239.75,1241.800048828125,1234.75,1239.75,2728800,63.552766624259846
2024-09-04 04:00:00+00:00,1239.699951171875,1242.6500244140625,1235.0999755859375,1235.3499755859375,4715359,60.014525811517615
2024-09-04 08:00:00+00:00,1235.699951171875,1240.949951171875,1232.800048828125,1235.300048828125,6060193,59.97372423853898
2024-09-05 04:00:00+00:00,1236.0,1238.6500244140625,1232.949951171875,1234.3499755859375,3472338,58.84639916389774
2024-09-05 08:00:00+00:00,1234.449951171875,1237.4000244140625,1231.300048828125,1235.3499755859375,3874518,59.50992277348001
2024-09-06 00:00:00+00:00,1228.3499755859375,1233.75,1224.25,1227.4000244140625,2608407,52.29169760660462
2024-09-06 04:00:00+00:00,1227.25,1228.550048828125,1214.0999755859375,1214.9000244140625,3353887,43.38169569038771
2024-09-06 08:00:00+00:00,1214.8499755859375,1215.0,1205.25,1209.449951171875,4207114,40.168016968678316
2024-09-09 04:00:00+00:00,1215.199951171875,1232.300048828125,1213.050048828125,1232.0,5893479,55.63239994777957
2024-09-09 08:00:00+00:00,1232.300048828125,1238.050048828125,1229.5999755859375,1236.949951171875,5761105,58.23492188145138
2024-09-10 04:00:00+00:00,1230.699951171875,1241.0,1228.6500244140625,1239.8499755859375,5519450,58.746194113278335
2024-09-10 08:00:00+00:00,1239.75,1240.800048828125,1235.0999755859375,1237.300048828125,4485585,56.96097140822354
2024-09-11 00:00:00+00:00,1230.5,1235.5,1229.4000244140625,1234.0,1682516,54.646497238967434
2024-09-11 04:00:00+00:00,1234.050048828125,1239.300048828125,1227.0999755859375,1233.449951171875,3813368,54.250814798485635
2024-09-11 08:00:00+00:00,1233.4000244140625,1239.0,1233.4000244140625,1234.949951171875,6491755,55.20340079308465
2024-09-12 00:00:00+00:00,1237.1500244140625,1239.300048828125,1230.0,1232.0,1183827,52.871805235134204
2024-09-12 04:00:00+00:00,1231.550048828125,1244.050048828125,1226.699951171875,1243.800048828125,5433402,60.1265884797203
2024-09-12 08:00:00+00:00,1243.6500244140625,1256.8499755859375,1242.699951171875,1246.0,8757640,61.32201102635753
2024-09-13 00:00:00+00:00,1248.4000244140625,1249.5,1242.050048828125,1242.3499755859375,1486229,58.204131896622286
2024-09-13 04:00:00+00:00,1242.9000244140625,1252.75,1242.199951171875,1251.75,3046790,63.36952451685567
2024-09-13 08:00:00+00:00,1251.6500244140625,1255.9000244140625,1247.8499755859375,1248.25,5344257,60.37747562972539
2024-09-16 04:00:00+00:00,1255.949951171875,1259.3499755859375,1252.949951171875,1257.8499755859375,4069297,65.2901530111352
2024-09-16 08:00:00+00:00,1257.800048828125,1265.4000244140625,1256.300048828125,1263.8499755859375,3189454,68.11396972810225
2024-09-17 04:00:00+00:00,1266.449951171875,1271.050048828125,1264.1500244140625,1267.199951171875,2765334,69.63026107014072
2024-09-17 08:00:00+00:00,1267.199951171875,1272.0,1264.0,1268.0999755859375,6460113,70.06483449414458
2024-09-18 04:00:00+00:00,1270.8499755859375,1295.3499755859375,1270.3499755859375,1292.949951171875,5866863,79.41922266977508
2024-09-18 08:00:00+00:00,1292.949951171875,1294.0,1285.199951171875,1288.3499755859375,5525169,74.72642624305259
2024-09-19 04:00:00+00:00,1296.6500244140625,1299.9000244140625,1290.0999755859375,1291.3499755859375,5602887,72.5078780894398
2024-09-19 08:00:00+00:00,1291.3499755859375,1294.5999755859375,1289.5999755859375,1293.6500244140625,5475340,73.3419514802277
2024-09-20 04:00:00+00:00,1308.0,1317.5,1298.25,1308.699951171875,11766972,78.04615632353705
2024-09-20 08:00:00+00:00,1308.8499755859375,1360.800048828125,1301.1500244140625,1349.800048828125,58934559,85.90551696734715
2024-09-23 04:00:00+00:00,1322.6500244140625,1323.199951171875,1308.8499755859375,1316.800048828125,5103523,65.3884376160905
2024-09-23 08:00:00+00:00,1317.25,1325.0,1316.9000244140625,1322.0,3695922,66.81726320452006
2024-09-24 00:00:00+00:00,1321.9000244140625,1325.0,1316.300048828125,1318.300048828125,1572187,64.76844741537424
2024-09-24 04:00:00+00:00,1318.199951171875,1325.3499755859375,1316.0999755859375,1322.300048828125,5015459,65.98284501410282
2024-09-24 08:00:00+00:00,1322.300048828125,1331.1500244140625,1316.0,1318.5999755859375,7295933,63.79239650641197
2024-09-25 04:00:00+00:00,1317.300048828125,1327.75,1317.0,1326.050048828125,3358874,66.05350497692174
2024-09-25 08:00:00+00:00,1326.0999755859375,1327.1500244140625,1321.949951171875,1323.8499755859375,3729070,64.61016405019245
2024-09-26 04:00:00+00:00,1331.5,1331.9000244140625,1322.550048828125,1325.0,4200030,62.988469084884834
2024-09-26 08:00:00+00:00,1325.25,1333.0,1322.3499755859375,1324.9000244140625,4390769,62.9207471464269
2024-09-27 00:00:00+00:00,1327.75,1329.0,1320.800048828125,1323.5999755859375,1824758,61.98744460114079
2024-09-27 04:00:00+00:00,1324.050048828125,1326.25,1311.0999755859375,1315.800048828125,4303079,56.56617579161909
2024-09-27 08:00:00+00:00,1315.800048828125,1316.25,1303.9000244140625,1306.5999755859375,6746021,50.91043543241434
2024-09-30 04:00:00+00:00,1284.550048828125,1287.8499755859375,1273.0999755859375,1273.550048828125,3642570,36.45019811629344
2024-09-30 08:00:00+00:00,1273.1500244140625,1275.5999755859375,1270.9000244140625,1273.949951171875,5982653,36.69621906633496
2024-10-01 04:00:00+00:00,1270.699951171875,1278.9000244140625,1267.5999755859375,1277.1500244140625,4100461,39.71610210588345
2024-10-01 08:00:00+00:00,1277.0999755859375,1279.5,1272.449951171875,1278.199951171875,5206915,40.39999929439665
2024-10-03 00:00:00+00:00,1253.550048828125,1265.6500244140625,1251.800048828125,1253.949951171875,4194549,31.50882501024722
2024-10-03 04:00:00+00:00,1254.0999755859375,1255.0,1248.25,1251.4000244140625,8480999,30.74266423418115
2024-10-03 08:00:00+00:00,1251.199951171875,1262.300048828125,1250.199951171875,1257.8499755859375,4971401,35.045087302540125
2024-10-04 04:00:00+00:00,1250.699951171875,1264.300048828125,1237.550048828125,1238.1500244140625,7417388,28.859197401757243
2024-10-04 08:00:00+00:00,1238.199951171875,1243.949951171875,1236.199951171875,1239.75,3682474,29.96915095535776
2024-10-07 04:00:00+00:00,1257.3499755859375,1259.8499755859375,1225.25,1235.3499755859375,8239198,33.74178368238009
2024-10-07 08:00:00+00:00,1235.300048828125,1262.5999755859375,1225.949951171875,1233.9000244140625,9391503,33.329660734774166
2024-10-08 00:00:00+00:00,1241.0,1247.699951171875,1230.0999755859375,1235.8499755859375,2698442,34.48852135442014
2024-10-08 04:00:00+00:00,1235.6500244140625,1243.75,1233.3499755859375,1241.199951171875,4554504,37.68872716614422
2024-10-08 08:00:00+00:00,1241.199951171875,1242.449951171875,1235.0,1236.699951171875,4964356,36.09169669091994
2024-10-09 04:00:00+00:00,1257.3499755859375,1265.0999755859375,1241.4000244140625,1243.9000244140625,5918408,42.073864404906715
2024-10-09 08:00:00+00:00,1244.25,1248.0,1242.0999755859375,1245.0,6143767,42.61906617564081
2024-10-10 04:00:00+00:00,1243.8499755859375,1254.699951171875,1239.0,1249.199951171875,4031927,45.08889288038445
2024-10-10 08:00:00+00:00,1249.050048828125,1250.300048828125,1241.25,1243.8499755859375,3545351,42.79869721018874
2024-10-11 04:00:00+00:00,1235.5999755859375,1236.550048828125,1222.5,1227.550048828125,3944342,36.49425861862097
2024-10-11 08:00:00+00:00,1227.5,1227.5,1222.0,1223.300048828125,2586729,34.99063208303069
2024-10-14 04:00:00+00:00,1230.9000244140625,1236.9000244140625,1230.800048828125,1235.25,5562010,42.380556854950925
2024-10-14 08:00:00+00:00,1235.550048828125,1237.5999755859375,1230.5,1233.0,3680699,41.38133778454757
2024-10-15 04:00:00+00:00,1239.800048828125,1258.0,1239.550048828125,1257.199951171875,4673414,54.49865797686979
2024-10-15 08:00:00+00:00,1256.8499755859375,1258.25,1251.1500244140625,1256.0,5214048,53.84229955131227
2024-10-16 04:00:00+00:00,1251.449951171875,1253.300048828125,1244.5999755859375,1251.0,2826772,51.065536493128754
2024-10-16 08:00:00+00:00,1250.75,1250.8499755859375,1241.6500244140625,1245.5,3690012,47.931298873701394
2024-10-17 04:00:00+00:00,1234.8499755859375,1236.0,1224.5,1233.0999755859375,3157885,41.65623831264122
2024-10-17 08:00:00+00:00,1233.0999755859375,1234.0,1228.0999755859375,1231.25,2830852,40.74322392804423
2024-10-18 04:00:00+00:00,1241.300048828125,1263.6500244140625,1240.1500244140625,1261.699951171875,3967936,57.93012588401671
2024-10-18 08:00:00+00:00,1261.699951171875,1267.300048828125,1260.300048828125,1267.25,5498215,60.24792313859282
2024-10-21 04:00:00+00:00,1258.9000244140625,1263.75,1250.5999755859375,1260.550048828125,2258423,56.05979542167255
2024-10-21 08:00:00+00:00,1260.449951171875,1264.3499755859375,1256.4000244140625,1259.050048828125,3907724,55.138229452093846
2024-10-22 04:00:00+00:00,1280.050048828125,1284.9000244140625,1268.050048828125,1276.8499755859375,8338526,61.92217042315069
2024-10-22 08:00:00+00:00,1277.0,1277.0999755859375,1262.9000244140625,1267.5,7263451,56.365927222416964
2024-10-23 04:00:00+00:00,1255.8499755859375,1257.0,1243.300048828125,1249.25,5605691,47.202171883966116
2024-10-23 08:00:00+00:00,1249.300048828125,1253.800048828125,1248.3499755859375,1251.5999755859375,6158436,48.418857254253695
2024-10-24 04:00:00+00:00,1257.25,1259.550048828125,1247.800048828125,1255.6500244140625,4908647,50.45682346109099
2024-10-24 08:00:00+00:00,1255.6500244140625,1257.0,1250.050048828125,1254.949951171875,4901472,50.0586139900939
2024-10-25 04:00:00+00:00,1249.199951171875,1251.25,1234.449951171875,1242.949951171875,5856120,43.46466240640897
2024-10-25 08:00:00+00:00,1242.9000244140625,1261.5999755859375,1240.5,1260.0,4610912,53.21634423981421
2024-10-28 04:00:00+00:00,1298.449951171875,1307.800048828125,1292.9000244140625,1299.0999755859375,12530080,67.20362381991052
2024-10-28 08:00:00+00:00,1299.3499755859375,1299.800048828125,1290.300048828125,1292.8499755859375,4866067,63.67836058744068
2024-10-29 04:00:00+00:00,1311.0,1332.75,1307.0,1331.8499755859375,9447987,73.4243399797218
2024-10-29 08:00:00+00:00,1331.800048828125,1335.199951171875,1328.25,1331.5999755859375,7818463,73.28381950322566
2024-10-30 04:00:00+00:00,1310.300048828125,1318.9000244140625,1305.5999755859375,1311.199951171875,4746837,62.583886241754726
2024-10-30 08:00:00+00:00,1310.550048828125,1315.1500244140625,1306.699951171875,1313.0,7537421,63.1197770208396
2024-10-31 04:00:00+00:00,1309.4000244140625,1309.8499755859375,1296.0,1296.300048828125,4694861,54.793222436210684
2024-10-31 08:00:00+00:00,1296.0999755859375,1296.0999755859375,1288.6500244140625,1295.0,15812974,54.1855190453831
2024-11-04 00:00:00+00:00,1286.9000244140625,1291.800048828125,1274.550048828125,1275.0,1965666,45.774584668970874
2024-11-04 04:00:00+00:00,1275.0,1279.300048828125,1270.300048828125,1272.800048828125,5176472,44.948090147127765
2024-11-04 08:00:00+00:00,1272.800048828125,1278.949951171875,1270.0999755859375,1277.199951171875,6159650,47.008878343526206
2024-11-05 04:00:00+00:00,1273.949951171875,1294.5999755859375,1263.25,1293.199951171875,8866942,54.10976163713994
2024-11-05 08:00:00+00:00,1293.25,1300.75,1290.3499755859375,1296.699951171875,6103557,55.465573936356996
2024-11-06 04:00:00+00:00,1312.5999755859375,1315.0,1305.550048828125,1307.0,4978526,58.26543365220123
2024-11-06 08:00:00+00:00,1307.0,1309.75,1299.550048828125,1302.3499755859375,3893667,55.9842050602315
2024-11-07 04:00:00+00:00,1283.0,1287.25,1276.0999755859375,1278.9000244140625,4157438,46.05888323229459
2024-11-07 08:00:00+00:00,1278.75,1280.5,1275.25,1278.8499755859375,3101951,46.03894788383971
2024-11-08 04:00:00+00:00,1266.0,1266.0,1252.8499755859375,1261.0,5064104,39.35908861068979
2024-11-08 08:00:00+00:00,1261.0,1261.25,1257.0,1258.8499755859375,4014887,38.59289079449258
2024-11-11 04:00:00+00:00,1258.699951171875,1275.9000244140625,1258.4000244140625,1265.050048828125,3571256,42.36449630424445
2024-11-11 08:00:00+00:00,1264.949951171875,1272.6500244140625,1263.1500244140625,1269.300048828125,3122338,44.84840751832366
2024-11-12 04:00:00+00:00,1289.949951171875,1291.949951171875,1268.449951171875,1270.300048828125,5029370,46.26418802616195
2024-11-12 08:00:00+00:00,1270.3499755859375,1274.3499755859375,1264.75,1269.0,6313079,45.745066922855735
2024-11-13 04:00:00+00:00,1267.25,1272.199951171875,1261.800048828125,1263.199951171875,3031733,43.2861063402623
2024-11-13 08:00:00+00:00,1263.199951171875,1263.800048828125,1250.0,1257.5,6702820,40.90763517867625
2024-11-14 04:00:00+00:00,1261.3499755859375,1264.5,1243.050048828125,1253.0999755859375,4233439,39.6691965731317
2024-11-14 08:00:00+00:00,1253.199951171875,1260.25,1250.050048828125,1256.949951171875,3702201,42.03991752791196
2024-11-18 04:00:00+00:00,1256.449951171875,1258.449951171875,1249.75,1250.6500244140625,2194737,39.12239852154217
2024-11-18 08:00:00+00:00,1250.5999755859375,1255.4000244140625,1250.0,1253.0,2341551,40.77352468642677
2024-11-19 04:00:00+00:00,1251.1500244140625,1254.25,1247.949951171875,1252.3499755859375,4200965,40.78675099693824
2024-11-19 08:00:00+00:00,1252.5,1255.199951171875,1240.8499755859375,1244.0,6142575,36.55249671153481
2024-11-21 04:00:00+00:00,1237.949951171875,1255.9000244140625,1237.1500244140625,1251.9000244140625,3999042,44.19701236513547
2024-11-21 08:00:00+00:00,1251.75,1256.9000244140625,1246.300048828125,1250.550048828125,2858741,43.48602523979745
2024-11-22 04:00:00+00:00,1277.9000244140625,1281.3499755859375,1268.050048828125,1276.800048828125,4408080,57.53012821795303
2024-11-22 08:00:00+00:00,1276.9000244140625,1281.1500244140625,1273.4000244140625,1278.050048828125,4921811,58.1012428862099
2024-11-25 04:00:00+00:00,1304.6500244140625,1309.0,1298.3499755859375,1303.9000244140625,5516711,67.57756448500115
2024-11-25 08:00:00+00:00,1303.9000244140625,1307.8499755859375,1297.3499755859375,1304.6500244140625,14650673,67.82479092674126
2024-11-26 04:00:00+00:00,1309.5,1309.699951171875,1302.449951171875,1303.6500244140625,3431983,65.16079574475444
2024-11-26 08:00:00+00:00,1303.6500244140625,1308.4000244140625,1303.0,1304.949951171875,2601926,65.66537460320839
2024-11-27 04:00:00+00:00,1302.4000244140625,1310.8499755859375,1299.949951171875,1303.75,5230645,64.29031301115398
2024-11-27 08:00:00+00:00,1303.800048828125,1306.1500244140625,1300.050048828125,1300.699951171875,14822332,61.7937709014348
2024-11-28 04:00:00+00:00,1308.5,1308.699951171875,1282.449951171875,1289.800048828125,13735477,52.42905409335275
2024-11-28 08:00:00+00:00,1289.9000244140625,1290.5999755859375,1284.9000244140625,1286.3499755859375,6227286,50.42076120912803
2024-11-29 04:00:00+00:00,1288.0999755859375,1302.0999755859375,1287.5999755859375,1299.75,4598436,57.65842515604603
2024-11-29 08:00:00+00:00,1299.800048828125,1303.25,1298.199951171875,1300.0999755859375,5118199,57.83319093679048
2024-12-02 04:00:00+00:00,1301.0999755859375,1306.8499755859375,1299.8499755859375,1306.699951171875,4133147,61.28468334233387
2024-12-02 08:00:00+00:00,1306.699951171875,1310.4000244140625,1302.0999755859375,1304.0,3717662,59.125696702112776
2024-12-03 04:00:00+00:00,1299.550048828125,1310.0,1299.550048828125,1308.449951171875,4447507,60.72217791444048
2024-12-03 08:00:00+00:00,1308.449951171875,1312.800048828125,1306.050048828125,1308.4000244140625,4759290,60.680532800977396
2024-12-04 04:00:00+00:00,1315.800048828125,1319.949951171875,1307.699951171875,1319.3499755859375,5825214,66.27745823454397
2024-12-04 08:00:00+00:00,1319.75,1320.0,1312.6500244140625,1316.050048828125,3253800,63.208237969565424
2024-12-05 04:00:00+00:00,1314.199951171875,1333.0,1308.6500244140625,1332.449951171875,6316573,70.01449597205965
2024-12-05 08:00:00+00:00,1332.5999755859375,1342.800048828125,1324.1500244140625,1336.1500244140625,10786053,71.40581044276186
2024-12-06 04:00:00+00:00,1335.0999755859375,1346.050048828125,1329.6500244140625,1330.8499755859375,4899470,66.34680887686714
2024-12-06 08:00:00+00:00,1330.75,1332.5,1326.8499755859375,1329.0,2672955,64.60743610116425
2024-12-09 04:00:00+00:00,1322.8499755859375,1329.0,1320.800048828125,1323.6500244140625,3788069,59.430762319482646
2024-12-09 08:00:00+00:00,1323.800048828125,1325.6500244140625,1321.0,1323.5,2775308,59.29074737717426
2024-12-10 04:00:00+00:00,1327.300048828125,1332.0,1324.3499755859375,1327.8499755859375,3251494,62.09409425796631
2024-12-10 08:00:00+00:00,1327.9000244140625,1332.0,1326.050048828125,1330.449951171875,3614528,63.812390762709164
2024-12-11 04:00:00+00:00,1319.050048828125,1330.4000244140625,1316.0,1330.050048828125,3497659,60.006759971120196
2024-12-11 08:00:00+00:00,1330.0,1330.949951171875,1322.550048828125,1327.5,3143153,57.746838789640094
2024-12-12 04:00:00+00:00,1336.0999755859375,1338.75,1325.550048828125,1327.9000244140625,3803328,55.92166624504607
2024-12-12 08:00:00+00:00,1327.8499755859375,1332.0,1327.75,1329.25,3448478,56.76460133726917
2024-12-13 04:00:00+00:00,1320.699951171875,1343.0,1313.550048828125,1339.300048828125,7282671,60.809000103161466
2024-12-13 08:00:00+00:00,1339.300048828125,1347.050048828125,1338.5,1346.5,4070331,64.00231314050953
2024-12-16 04:00:00+00:00,1346.550048828125,1349.0,1340.050048828125,1347.699951171875,4526978,64.5555497921871
2024-12-16 08:00:00+00:00,1347.75,1349.9000244140625,1343.75,1343.75,2577034,61.19169302842298
2024-12-17 04:00:00+00:00,1336.699951171875,1339.1500244140625,1326.050048828125,1328.050048828125,4667490,49.64846199825469
2024-12-17 08:00:00+00:00,1328.0,1335.550048828125,1327.3499755859375,1334.0,3581592,53.35839805210461
2024-12-18 04:00:00+00:00,1320.0,1324.699951171875,1309.0999755859375,1309.75,4031935,40.00604031805753
2024-12-18 08:00:00+00:00,1309.8499755859375,1317.8499755859375,1307.5,1314.1500244140625,2742811,42.91854886771563
2024-12-19 04:00:00+00:00,1295.8499755859375,1298.050048828125,1284.6500244140625,1288.199951171875,5026093,32.62833930975445
2024-12-19 08:00:00+00:00,1288.25,1289.5,1284.5999755859375,1286.9000244140625,3627231,32.18996213277424
2024-12-20 04:00:00+00:00,1285.5999755859375,1290.449951171875,1280.1500244140625,1283.6500244140625,4864895,31.016185164536083
2024-12-20 08:00:00+00:00,1283.5999755859375,1297.5999755859375,1272.5999755859375,1288.4000244140625,51841466,34.86447333644111
2024-12-23 04:00:00+00:00,1304.9000244140625,1306.1500244140625,1287.050048828125,1292.25,3741972,40.35746736176687
2024-12-23 08:00:00+00:00,1292.199951171875,1299.5,1291.699951171875,1297.3499755859375,2063691,43.42228375318535
2024-12-24 04:00:00+00:00,1292.4000244140625,1300.0,1290.8499755859375,1295.25,3378816,42.98253277089226
2024-12-24 08:00:00+00:00,1295.300048828125,1299.6500244140625,1293.050048828125,1298.699951171875,3134568,45.17893647552769
2024-12-26 04:00:00+00:00,1295.75,1299.4000244140625,1289.4000244140625,1296.699951171875,3311264,44.35557387699526
2024-12-26 08:00:00+00:00,1296.25,1300.75,1294.300048828125,1298.5,3095535,45.64702361529544
2024-12-27 04:00:00+00:00,1313.949951171875,1315.949951171875,1302.0999755859375,1305.300048828125,2409474,49.93397432247041
2024-12-27 08:00:00+00:00,1305.300048828125,1309.949951171875,1304.6500244140625,1307.4000244140625,1332599,51.16549309513523
2024-12-30 04:00:00+00:00,1313.75,1326.199951171875,1294.6500244140625,1294.949951171875,5947935,44.32111402729308
2024-12-30 08:00:00+00:00,1295.25,1298.699951171875,1289.800048828125,1295.800048828125,6701979,44.83334311393988
2024-12-31 04:00:00+00:00,1283.949951171875,1287.550048828125,1281.0,1283.550048828125,2958385,39.21537625263295
2024-12-31 08:00:00+00:00,1283.550048828125,1284.5999755859375,1280.5,1281.6500244140625,4794479,38.35382318128837
2025-01-01 04:00:00+00:00,1278.1500244140625,1293.0,1277.0,1289.5,2381554,44.79492799571124
2025-01-01 08:00:00+00:00,1289.449951171875,1289.8499755859375,1280.8499755859375,1283.3499755859375,1313421,41.69470472899787
2025-01-02 04:00:00+00:00,1280.3499755859375,1292.0999755859375,1280.25,1288.800048828125,4351971,45.92193253184232
2025-01-02 08:00:00+00:00,1288.800048828125,1293.300048828125,1287.9000244140625,1291.0,2348769,47.355735387871924
2025-01-03 04:00:00+00:00,1273.5,1277.4000244140625,1262.5999755859375,1264.699951171875,5850308,35.076162317413036
2025-01-03 08:00:00+00:00,1265.050048828125,1269.25,1262.949951171875,1265.1500244140625,3979796,35.400324466451366
2025-01-06 04:00:00+00:00,1275.800048828125,1277.699951171875,1258.5,1259.5999755859375,4066468,36.00732204051365
2025-01-06 08:00:00+00:00,1259.6500244140625,1267.300048828125,1257.1500244140625,1264.0999755859375,2320862,38.86643616468251
2025-01-07 04:00:00+00:00,1280.0,1288.75,1277.0,1279.4000244140625,3770850,47.4646718351659
2025-01-07 08:00:00+00:00,1279.4000244140625,1282.300048828125,1275.25,1279.25,2436983,47.389264058329275
2025-01-08 04:00:00+00:00,1277.5999755859375,1278.550048828125,1252.5999755859375,1265.25,4133895,40.492612380466845
2025-01-08 08:00:00+00:00,1265.0,1267.300048828125,1262.050048828125,1265.6500244140625,2402871,40.76042560883793
2025-01-09 04:00:00+00:00,1256.550048828125,1262.5,1248.1500244140625,1261.4000244140625,4273024,40.04949617999389
2025-01-09 08:00:00+00:00,1261.550048828125,1264.75,1257.050048828125,1262.4000244140625,3356662,40.76337420009494
2025-01-10 04:00:00+00:00,1251.4000244140625,1260.800048828125,1245.449951171875,1246.0999755859375,2714046,33.573376317277805
2025-01-10 08:00:00+00:00,1246.449951171875,1253.3499755859375,1243.1500244140625,1249.8499755859375,4297047,36.49066205805177
2025-01-13 04:00:00+00:00,1242.949951171875,1243.699951171875,1225.699951171875,1226.949951171875,3939818,28.01902190461756
2025-01-13 08:00:00+00:00,1227.1500244140625,1233.0,1225.0,1231.0,3694913,31.150792936677846
2025-01-14 04:00:00+00:00,1230.800048828125,1242.25,1227.449951171875,1241.449951171875,5999881,39.13608620258877
2025-01-14 08:00:00+00:00,1241.5,1244.5999755859375,1236.300048828125,1240.300048828125,2463361,38.61122461025208
2025-01-15 00:00:00+00:00,1235.1500244140625,1240.949951171875,1232.199951171875,1237.5,1806951,37.299450181202786
2025-01-15 04:00:00+00:00,1237.3499755859375,1244.4000244140625,1230.050048828125,1234.699951171875,2200142,35.98293213156607
2025-01-15 08:00:00+00:00,1234.5999755859375,1240.0,1234.3499755859375,1238.25,1347525,38.92621904755636
2025-01-16 04:00:00+00:00,1246.0,1253.75,1239.9000244140625,1250.8499755859375,6656987,48.288356364861365
2025-01-16 08:00:00+00:00,1250.449951171875,1253.3499755859375,1243.9000244140625,1249.0999755859375,3762953,47.15808102416923
2025-01-17 04:00:00+00:00,1226.0,1230.449951171875,1218.9000244140625,1222.5999755859375,4124778,34.03740933304489
2025-01-17 08:00:00+00:00,1222.6500244140625,1227.6500244140625,1222.0,1225.199951171875,4047097,36.04243257554228
2025-01-20 04:00:00+00:00,1219.3499755859375,1241.550048828125,1218.0,1236.6500244140625,3965838,45.46827280815376
2025-01-20 08:00:00+00:00,1236.75,1237.3499755859375,1230.5,1232.0,2193849,43.2205658820304
2025-01-21 04:00:00+00:00,1222.949951171875,1227.6500244140625,1201.0999755859375,1201.199951171875,10961661,31.50694691776583
2025-01-21 08:00:00+00:00,1201.0999755859375,1201.9000244140625,1192.949951171875,1197.25,8021944,30.3467033674642
2025-01-22 04:00:00+00:00,1204.800048828125,1207.449951171875,1191.8499755859375,1201.5999755859375,4880987,34.15605150775049
2025-01-22 08:00:00+00:00,1201.5999755859375,1203.0999755859375,1195.9000244140625,1200.449951171875,3863986,33.74905272633646
2025-01-23 04:00:00+00:00,1200.300048828125,1207.9000244140625,1199.300048828125,1205.3499755859375,3721805,37.41792222759302
2025-01-23 08:00:00+00:00,1204.800048828125,1205.5999755859375,1199.949951171875,1201.75,3048163,35.840653126721094
2025-01-24 04:00:00+00:00,1206.199951171875,1217.949951171875,1205.550048828125,1206.449951171875,5112064,39.441452970623374
2025-01-24 08:00:00+00:00,1206.4000244140625,1214.800048828125,1202.0999755859375,1214.75,2665926,45.6665234932115
2025-01-27 04:00:00+00:00,1228.9000244140625,1234.449951171875,1220.300048828125,1226.5,6945125,52.65040955599279
2025-01-27 08:00:00+00:00,1226.25,1230.199951171875,1225.0999755859375,1227.949951171875,3396164,53.482610826215016
2025-01-28 04:00:00+00:00,1256.699951171875,1264.0,1250.300048828125,1252.75,8419525,63.741313428016944
2025-01-28 08:00:00+00:00,1252.75,1257.300048828125,1245.0,1246.75,3884467,59.90547118378745
2025-01-29 04:00:00+00:00,1250.0,1253.550048828125,1243.0999755859375,1251.199951171875,3907268,61.78058947004191
2025-01-29 08:00:00+00:00,1251.550048828125,1253.5,1249.8499755859375,1251.0999755859375,2030281,61.7069231035029
2025-01-30 04:00:00+00:00,1249.800048828125,1255.9000244140625,1244.300048828125,1253.4000244140625,5531220,62.48889627555366
2025-01-30 08:00:00+00:00,1253.5999755859375,1259.8499755859375,1248.25,1259.8499755859375,4133168,65.57834547139649
2025-01-31 04:00:00+00:00,1243.1500244140625,1251.300048828125,1239.0999755859375,1243.5,5035189,53.52682557795613
2025-01-31 08:00:00+00:00,1243.800048828125,1255.0,1242.5,1252.800048828125,3971156,58.510343746257796
2025-02-03 04:00:00+00:00,1239.75,1260.0,1238.800048828125,1256.75,2567514,58.4380637610105
2025-02-03 08:00:00+00:00,1256.0,1257.4000244140625,1251.8499755859375,1253.0,2233362,56.263239575337046
2025-02-04 04:00:00+00:00,1277.300048828125,1280.0,1260.0,1261.6500244140625,6876783,57.1412752012932
2025-02-04 08:00:00+00:00,1261.5,1270.300048828125,1260.199951171875,1266.699951171875,4204348,58.93215343126807
2025-02-05 00:00:00+00:00,1271.300048828125,1274.0999755859375,1265.449951171875,1273.300048828125,1427702,61.21333183933417
2025-02-05 04:00:00+00:00,1272.9000244140625,1277.699951171875,1269.699951171875,1271.25,2986348,60.09670891970006
2025-02-05 08:00:00+00:00,1271.3499755859375,1272.0,1266.0,1268.199951171875,2426100,58.390126736942115
2025-02-06 04:00:00+00:00,1271.5999755859375,1273.8499755859375,1263.300048828125,1269.6500244140625,3006882,58.621003637454606
2025-02-06 08:00:00+00:00,1269.6500244140625,1274.949951171875,1269.0,1272.4000244140625,3588153,59.84404721377719
2025-02-07 04:00:00+00:00,1265.550048828125,1266.75,1249.75,1250.800048828125,3960811,47.3668709155222
2025-02-07 08:00:00+00:00,1250.800048828125,1259.5,1249.550048828125,1257.0,2278730,50.619825240149915
2025-02-10 04:00:00+00:00,1252.3499755859375,1258.449951171875,1249.550048828125,1255.25,2408714,49.80296070886353
2025-02-10 08:00:00+00:00,1255.25,1265.0,1255.0999755859375,1259.5,2224485,52.1542142486862
2025-02-11 04:00:00+00:00,1258.800048828125,1261.5,1248.4000244140625,1252.3499755859375,2292750,47.81086235215262
2025-02-11 08:00:00+00:00,1252.300048828125,1259.449951171875,1248.449951171875,1252.75,2656661,48.07298437531568
2025-02-12 04:00:00+00:00,1249.550048828125,1260.949951171875,1244.6500244140625,1250.699951171875,4153614,46.91136674025573
2025-02-12 08:00:00+00:00,1250.949951171875,1253.949951171875,1246.25,1251.949951171875,2650080,47.8790443007902
2025-02-13 04:00:00+00:00,1262.9000244140625,1265.3499755859375,1246.0,1249.1500244140625,3383810,46.33536252007675
2025-02-13 08:00:00+00:00,1249.199951171875,1250.9000244140625,1247.3499755859375,1247.3499755859375,1981579,45.27966961072225
2025-02-14 04:00:00+00:00,1259.8499755859375,1263.5,1245.0,1252.300048828125,5430483,48.639464447759444
2025-02-14 08:00:00+00:00,1252.300048828125,1261.5,1251.8499755859375,1260.0999755859375,3851840,53.143984158502356
2025-02-17 04:00:00+00:00,1236.0,1250.0,1234.800048828125,1246.699951171875,4118468,46.87653416428541
2025-02-17 08:00:00+00:00,1246.800048828125,1253.0,1246.1500244140625,1251.1500244140625,1364775,49.09895515436941
2025-02-18 04:00:00+00:00,1244.449951171875,1245.9000244140625,1237.050048828125,1242.949951171875,4526745,45.275052530574854
2025-02-18 08:00:00+00:00,1242.9000244140625,1245.800048828125,1242.0,1243.050048828125,2740418,45.334297622018546
2025-02-19 04:00:00+00:00,1251.699951171875,1257.6500244140625,1249.050048828125,1256.050048828125,4733607,52.6905567704182
2025-02-19 08:00:00+00:00,1256.0999755859375,1262.5,1253.5,1261.6500244140625,4144835,55.59741878947473
2025-02-20 04:00:00+00:00,1255.5,1256.5,1246.75,1249.300048828125,4778790,48.27800480495777
2025-02-20 08:00:00+00:00,1249.25,1252.0,1247.300048828125,1249.949951171875,1945678,48.674937408041856
2025-02-21 04:00:00+00:00,1227.050048828125,1237.300048828125,1224.9000244140625,1232.75,3443833,41.25909872444658
2025-02-21 08:00:00+00:00,1232.699951171875,1236.449951171875,1230.550048828125,1232.949951171875,2535273,41.385214371099494
2025-02-24 04:00:00+00:00,1213.3499755859375,1220.4000244140625,1210.699951171875,1217.199951171875,6414323,36.1718814242986
2025-02-24 08:00:00+00:00,1217.199951171875,1220.800048828125,1215.8499755859375,1218.3499755859375,3362021,36.93783933016845
2025-02-25 04:00:00+00:00,1227.050048828125,1229.199951171875,1221.5,1226.0,4925486,42.015636406856494
2025-02-25 08:00:00+00:00,1226.0999755859375,1226.699951171875,1223.050048828125,1226.0,3636997,42.015636406856494
2025-02-27 04:00:00+00:00,1232.0,1234.8499755859375,1225.75,1227.6500244140625,4627248,43.7053384723978
2025-02-27 08:00:00+00:00,1227.699951171875,1228.5,1219.0999755859375,1222.449951171875,5345055,40.932730467389
2025-02-28 04:00:00+00:00,1222.5,1223.449951171875,1203.5,1209.5999755859375,5707663,34.65124302031397
2025-02-28 08:00:00+00:00,1209.800048828125,1212.949951171875,1200.0999755859375,1204.0999755859375,11745218,32.35926264571617
2025-03-03 04:00:00+00:00,1206.949951171875,1215.5,1205.5,1210.699951171875,4260178,37.89667457416019
2025-03-03 08:00:00+00:00,1210.1500244140625,1211.6500244140625,1204.800048828125,1206.199951171875,2036028,35.682279705197885
2025-03-04 04:00:00+00:00,1210.5,1216.550048828125,1206.5999755859375,1211.800048828125,4163414,40.430518338056075
2025-03-04 08:00:00+00:00,1211.8499755859375,1213.9000244140625,1208.0,1210.4000244140625,3246322,39.597805226218206
2025-03-05 04:00:00+00:00,1216.75,1217.8499755859375,1211.5,1216.550048828125,3353434,44.96530294903604
2025-03-05 08:00:00+00:00,1216.550048828125,1219.1500244140625,1213.4000244140625,1215.699951171875,3810153,44.335225269016604
2025-03-06 04:00:00+00:00,1215.550048828125,1219.5,1211.1500244140625,1217.300048828125,5868312,46.070124020419755
2025-03-06 08:00:00+00:00,1217.199951171875,1220.9000244140625,1216.5,1219.0,3093982,47.817197447745194
2025-03-07 04:00:00+00:00,1213.25,1217.75,1211.0,1213.0,2914600,42.644624989391104
2025-03-07 08:00:00+00:00,1213.0,1216.8499755859375,1212.449951171875,1214.0,2188613,43.82608493704038
2025-03-10 04:00:00+00:00,1222.8499755859375,1225.75,1218.0,1219.5,3148077,49.71567624416214
2025-03-10 08:00:00+00:00,1219.550048828125,1219.6500244140625,1210.0,1212.9000244140625,2518998,43.88756573721936
2025-03-11 04:00:00+00:00,1234.699951171875,1247.949951171875,1233.5,1247.1500244140625,4498264,66.47813203392168
2025-03-11 08:00:00+00:00,1247.050048828125,1247.5,1243.0,1244.1500244140625,3169194,63.93609084430117
2025-03-12 04:00:00+00:00,1247.25,1248.949951171875,1235.3499755859375,1244.8499755859375,3938396,63.39657469903998
2025-03-12 08:00:00+00:00,1244.8499755859375,1247.6500244140625,1239.449951171875,1243.949951171875,5904393,62.55735403916374
2025-03-13 04:00:00+00:00,1253.6500244140625,1255.550048828125,1247.3499755859375,1253.300048828125,3399588,67.19629665315011
2025-03-13 08:00:00+00:00,1253.449951171875,1254.3499755859375,1248.449951171875,1250.050048828125,3051109,63.90609613437936
2025-03-17 04:00:00+00:00,1266.5,1273.949951171875,1265.0,1271.949951171875,4831843,73.49807811813264
2025-03-17 08:00:00+00:00,1271.9000244140625,1272.5,1267.8499755859375,1268.6500244140625,3200769,70.29321886920212
2025-03-18 04:00:00+00:00,1302.6500244140625,1304.9000244140625,1289.75,1300.449951171875,7459975,78.23203498452679
2025-03-18 08:00:00+00:00,1300.449951171875,1313.4000244140625,1300.449951171875,1311.5,4367459,80.56934448261399
2025-03-19 04:00:00+00:00,1307.0999755859375,1316.199951171875,1307.0999755859375,1312.800048828125,4999397,78.27466907049896
2025-03-19 08:00:00+00:00,1312.9000244140625,1316.550048828125,1310.9000244140625,1316.0,3543707,79.00682453874848
2025-03-20 04:00:00+00:00,1316.3499755859375,1324.1500244140625,1313.800048828125,1320.300048828125,4527041,80.04860782850258
2025-03-20 08:00:00+00:00,1320.5,1323.3499755859375,1318.3499755859375,1318.550048828125,3704686,78.33490293641495
2025-03-21 04:00:00+00:00,1328.449951171875,1346.0,1327.5,1337.25,8537030,82.74497006179035
2025-03-21 08:00:00+00:00,1337.050048828125,1347.699951171875,1335.300048828125,1343.0999755859375,49565740,83.89169000375051
2025-03-24 04:00:00+00:00,1358.1500244140625,1372.8499755859375,1357.0,1361.3499755859375,4172778,86.86362312731458
2025-03-24 08:00:00+00:00,1361.0,1363.0,1356.0,1362.9000244140625,2522407,87.0950788900951
2025-03-25 04:00:00+00:00,1357.800048828125,1363.800048828125,1330.1500244140625,1345.800048828125,8192839,71.3554520082308
2025-03-25 08:00:00+00:00,1346.0,1346.9000244140625,1340.0999755859375,1343.699951171875,5515843,69.65399823100711
2025-03-26 04:00:00+00:00,1355.0999755859375,1357.9000244140625,1334.050048828125,1336.199951171875,5598268,60.202985265802276
2025-03-26 08:00:00+00:00,1336.25,1337.449951171875,1331.5,1335.449951171875,3323110,59.745682753240196
2025-03-27 04:00:00+00:00,1345.8499755859375,1348.550048828125,1342.5999755859375,1344.0999755859375,3755617,62.7330677019383
2025-03-27 08:00:00+00:00,1344.0999755859375,1345.550048828125,1334.300048828125,1339.0,9523041,59.34667552391537
2025-03-28 04:00:00+00:00,1340.75,1349.0,1339.1500244140625,1348.800048828125,2517327,63.67092269499854
2025-03-28 08:00:00+00:00,1348.800048828125,1357.9000244140625,1346.300048828125,1347.050048828125,4518707,62.38125698895931
2025-04-01 04:00:00+00:00,1342.550048828125,1345.8499755859375,1318.050048828125,1321.4000244140625,5448960,46.573188099797065
2025-04-01 08:00:00+00:00,1321.25,1323.050048828125,1315.5,1318.1500244140625,5920257,44.994920273351646
2025-04-02 04:00:00+00:00,1332.5,1337.1500244140625,1326.1500244140625,1330.699951171875,3839376,51.62554413684453
2025-04-02 08:00:00+00:00,1330.699951171875,1333.550048828125,1328.949951171875,1331.25,3012190,51.91389807427288
2025-04-03 04:00:00+00:00,1330.5,1333.0,1325.050048828125,1326.5,1955846,49.02248431452013
2025-04-03 08:00:00+00:00,1326.699951171875,1331.449951171875,1325.300048828125,1328.0,1709982,49.98143605867404
2025-04-04 04:00:00+00:00,1329.6500244140625,1336.949951171875,1325.3499755859375,1333.949951171875,4282129,53.89027246646944
2025-04-04 08:00:00+00:00,1333.5999755859375,1338.550048828125,1331.300048828125,1335.050048828125,1909489,54.611249909765434
2025-04-07 00:00:00+00:00,1288.449951171875,1325.0,1287.3499755859375,1287.8499755859375,377790,31.70503059192899
2025-04-07 04:00:00+00:00,1287.8499755859375,1290.949951171875,1265.0,1279.699951171875,6140619,29.4110842558957
2025-04-07 08:00:00+00:00,1280.0,1293.75,1275.050048828125,1290.550048828125,4015747,36.04526364924955
2025-04-08 04:00:00+00:00,1295.8499755859375,1306.5,1287.3499755859375,1300.5,6576777,41.65717075156871
2025-04-08 08:00:00+00:00,1300.550048828125,1302.5999755859375,1294.5,1301.550048828125,4321472,42.25558967857436
2025-04-09 04:00:00+00:00,1288.699951171875,1304.25,1284.5,1303.949951171875,5124630,45.51574851577722
2025-04-09 08:00:00+00:00,1303.800048828125,1305.050048828125,1299.6500244140625,1304.0,3802483,45.541172144576
2025-04-11 04:00:00+00:00,1316.1500244140625,1323.949951171875,1308.0,1316.0999755859375,6159881,51.43760211327537
2025-04-11 08:00:00+00:00,1316.199951171875,1317.449951171875,1308.800048828125,1311.6500244140625,3951467,49.16792394212437
2025-04-15 04:00:00+00:00,1347.199951171875,1349.300048828125,1341.0,1348.9000244140625,3937312,63.66778193563881
2025-04-15 08:00:00+00:00,1349.0999755859375,1354.300048828125,1345.300048828125,1350.0999755859375,6070168,64.04964111930884
2025-04-16 04:00:00+00:00,1350.5,1355.0,1342.9000244140625,1354.4000244140625,8093313,65.54707153936675
2025-04-16 08:00:00+00:00,1354.4000244140625,1359.699951171875,1353.199951171875,1356.4000244140625,3535324,66.25464049588896
2025-04-17 04:00:00+00:00,1379.5999755859375,1408.800048828125,1371.5999755859375,1404.300048828125,10085726,78.235256457391
2025-04-17 08:00:00+00:00,1403.800048828125,1408.800048828125,1399.9000244140625,1406.800048828125,4095514,78.67622765456466
2025-04-21 04:00:00+00:00,1418.5999755859375,1419.9000244140625,1404.800048828125,1407.5999755859375,7131296,73.60083271444807
2025-04-21 08:00:00+00:00,1407.5,1412.0,1406.0,1408.5,2784135,73.7975225158095
2025-04-22 04:00:00+00:00,1407.300048828125,1417.0,1403.4000244140625,1412.9000244140625,8972545,74.3011903750015
2025-04-22 08:00:00+00:00,1412.9000244140625,1418.5999755859375,1411.300048828125,1414.0,4056352,74.57192823739311
2025-04-23 04:00:00+00:00,1418.0999755859375,1424.0,1411.4000244140625,1422.0,6906276,76.57712084206297
2025-04-23 08:00:00+00:00,1422.0999755859375,1426.4000244140625,1422.0,1423.0,5165331,76.83239972648768
2025-04-24 00:00:00+00:00,1416.5,1421.199951171875,1408.800048828125,1413.800048828125,4263675,69.34454944798097
2025-04-24 04:00:00+00:00,1414.0,1414.4000244140625,1402.199951171875,1405.0,4661290,63.01807008218087
2025-04-24 08:00:00+00:00,1405.0,1407.800048828125,1398.800048828125,1402.699951171875,6749604,61.44031404971894
2025-04-25 04:00:00+00:00,1400.800048828125,1404.0,1388.5999755859375,1402.0,5578213,60.56167954193032
2025-04-25 08:00:00+00:00,1401.5999755859375,1407.5,1400.300048828125,1402.0,3602370,60.56167954193032
2025-04-28 04:00:00+00:00,1431.300048828125,1435.0,1423.9000244140625,1429.5,5569548,70.76842682138209
2025-04-28 08:00:00+00:00,1429.5,1430.800048828125,1425.300048828125,1425.9000244140625,2592724,67.99785587480076
2025-04-29 04:00:00+00:00,1428.9000244140625,1430.5,1422.5999755859375,1427.800048828125,4807355,68.17042330009417
2025-04-29 08:00:00+00:00,1427.800048828125,1432.199951171875,1425.0,1426.4000244140625,4102962,66.95665784564784
2025-04-30 04:00:00+00:00,1429.800048828125,1433.5999755859375,1424.300048828125,1428.5,4132069,67.29801583935458
2025-04-30 08:00:00+00:00,1428.5,1432.0,1423.0,1427.0,8522337,65.81866473240262
2025-05-02 04:00:00+00:00,1445.5,1445.9000244140625,1430.800048828125,1434.9000244140625,5297627,64.57961257629609
2025-05-02 08:00:00+00:00,1434.9000244140625,1435.800048828125,1428.699951171875,1432.4000244140625,2449756,62.628566467554144
2025-05-05 04:00:00+00:00,1435.199951171875,1442.0999755859375,1426.5,1431.800048828125,2603156,61.131902609033006
2025-05-05 08:00:00+00:00,1431.5,1432.4000244140625,1427.199951171875,1429.4000244140625,1155842,59.15525137975705
2025-05-06 04:00:00+00:00,1424.4000244140625,1431.9000244140625,1421.5,1430.300048828125,2941866,58.793439903037715
2025-05-06 08:00:00+00:00,1430.300048828125,1433.5999755859375,1429.0999755859375,1430.0,2062727,58.53637233592701
2025-05-07 04:00:00+00:00,1429.9000244140625,1430.699951171875,1421.0999755859375,1426.699951171875,3129009,55.45048034904826
2025-05-07 08:00:00+00:00,1426.699951171875,1439.9000244140625,1424.699951171875,1435.4000244140625,5723921,61.26119057346467
2025-05-08 04:00:00+00:00,1441.800048828125,1448.9000244140625,1439.0999755859375,1440.0,4775172,63.09928610782283
2025-05-08 08:00:00+00:00,1439.800048828125,1443.300048828125,1426.0999755859375,1428.0,8480714,52.668927109425
2025-05-09 04:00:00+00:00,1404.699951171875,1408.0,1388.0,1390.199951171875,5433508,33.394281814547014
2025-05-09 08:00:00+00:00,1390.199951171875,1391.0,1387.5999755859375,1389.0,6016578,32.96280939078993
2025-05-12 04:00:00+00:00,1433.5,1442.5,1431.699951171875,1442.4000244140625,4671508,58.803278989500555
2025-05-12 08:00:00+00:00,1442.5999755859375,1452.800048828125,1442.0999755859375,1451.699951171875,2571185,61.74364487696618
2025-05-13 04:00:00+00:00,1434.4000244140625,1439.9000244140625,1427.9000244140625,1433.5,6149852,53.62889366960237
2025-05-13 08:00:00+00:00,1433.199951171875,1433.800048828125,1428.0999755859375,1430.800048828125,4162213,52.44987630885612
2025-05-14 04:00:00+00:00,1438.5,1439.5,1417.300048828125,1420.4000244140625,3869649,47.80433410982051
2025-05-14 08:00:00+00:00,1420.4000244140625,1428.0,1418.5,1427.4000244140625,2610945,50.63373587249079
2025-05-15 04:00:00+00:00,1418.5,1454.300048828125,1418.0,1453.0999755859375,8941463,59.03247267011489
2025-05-15 08:00:00+00:00,1453.0,1456.5,1449.0,1451.0,6106498,58.17503062260372
2025-05-16 04:00:00+00:00,1454.800048828125,1458.699951171875,1449.5999755859375,1456.5999755859375,3580463,59.88511439503553
2025-05-16 08:00:00+00:00,1456.5999755859375,1457.5,1450.800048828125,1454.0,1790651,58.62225407910492
2025-05-19 04:00:00+00:00,1454.800048828125,1459.699951171875,1446.0,1446.9000244140625,2515597,54.84958332497586
2025-05-19 08:00:00+00:00,1447.0,1451.0,1443.800048828125,1449.0,2659038,55.719295240882325
2025-05-20 04:00:00+00:00,1443.300048828125,1447.699951171875,1436.5999755859375,1439.0,4451190,50.57358701407853
2025-05-20 08:00:00+00:00,1438.9000244140625,1440.5999755859375,1436.199951171875,1438.4000244140625,5118812,50.26002181505929
2025-05-21 04:00:00+00:00,1448.4000244140625,1451.300048828125,1438.5,1441.699951171875,2512679,51.52508550069277
2025-05-21 08:00:00+00:00,1442.0,1446.0,1440.0,1444.699951171875,1433571,53.053581501588184
2025-05-22 04:00:00+00:00,1434.300048828125,1435.800048828125,1427.800048828125,1433.800048828125,2908762,47.20858765519225
2025-05-22 08:00:00+00:00,1433.9000244140625,1444.0,1431.5,1439.699951171875,2986268,50.61227892623568
2025-05-23 04:00:00+00:00,1445.199951171875,1451.699951171875,1440.300048828125,1449.0999755859375,2894481,55.658123095113616
2025-05-23 08:00:00+00:00,1449.0,1451.300048828125,1445.5,1450.0,1437021,56.14184509477005
2025-05-26 04:00:00+00:00,1466.300048828125,1467.0,1455.0,1458.5999755859375,2716838,58.6056114083753
2025-05-26 08:00:00+00:00,1458.5999755859375,1462.300048828125,1456.5,1460.5999755859375,1585479,59.53309573897955
2025-05-27 04:00:00+00:00,1442.5,1462.800048828125,1437.9000244140625,1441.0,6899459,48.09349533358725
2025-05-27 08:00:00+00:00,1441.0999755859375,1448.5999755859375,1435.800048828125,1446.4000244140625,5985394,51.07958532293209
2025-05-28 04:00:00+00:00,1449.0999755859375,1457.4000244140625,1446.4000244140625,1456.800048828125,4798452,56.55816847230644
2025-05-28 08:00:00+00:00,1456.5999755859375,1457.800048828125,1450.199951171875,1453.800048828125,2652888,54.62198648293695
2025-05-29 04:00:00+00:00,1451.0999755859375,1451.800048828125,1445.0,1448.699951171875,6205526,51.29097026987446
2025-05-29 08:00:00+00:00,1448.800048828125,1462.199951171875,1447.4000244140625,1461.5,7545665,58.414715255009384
2025-05-30 04:00:00+00:00,1459.300048828125,1460.4000244140625,1446.199951171875,1446.199951171875,3114285,48.65591381622345
2025-05-30 08:00:00+00:00,1446.0999755859375,1449.699951171875,1444.4000244140625,1446.0999755859375,7636329,48.598161623505625
2025-06-02 04:00:00+00:00,1433.800048828125,1443.800048828125,1432.800048828125,1442.800048828125,3595959,47.62222188515783
2025-06-02 08:00:00+00:00,1442.800048828125,1452.699951171875,1440.5,1450.5,3111479,51.89185232452336
2025-06-03 04:00:00+00:00,1439.699951171875,1444.5999755859375,1432.0999755859375,1438.699951171875,5758322,45.710307582425436
2025-06-03 08:00:00+00:00,1438.699951171875,1439.800048828125,1435.5999755859375,1437.0,3836263,44.82282480517048
2025-06-04 00:00:00+00:00,1437.0,1439.9000244140625,1428.0,1432.800048828125,1249151,42.621100547194665
2025-06-04 04:00:00+00:00,1432.5999755859375,1434.0,1426.4000244140625,1429.4000244140625,3478927,40.87085143089072
2025-06-04 08:00:00+00:00,1429.4000244140625,1433.0,1428.699951171875,1431.0,3297058,42.07629679354538
2025-06-05 04:00:00+00:00,1437.0,1459.0,1436.0999755859375,1450.199951171875,4568945,54.6548106238215
2025-06-05 08:00:00+00:00,1450.0,1456.300048828125,1450.0,1456.0,5412629,57.710608244124344
2025-06-06 00:00:00+00:00,1449.9000244140625,1454.300048828125,1444.5999755859375,1447.5999755859375,1522558,52.22179166437235
2025-06-06 04:00:00+00:00,1447.5999755859375,1461.4000244140625,1442.300048828125,1458.800048828125,7742699,57.96272635314673
2025-06-06 08:00:00+00:00,1458.699951171875,1460.800048828125,1457.0,1457.5,2315682,57.1049968609481
2025-06-09 04:00:00+00:00,1448.9000244140625,1449.5,1437.0,1437.0999755859375,5982785,45.295444374211876
2025-06-09 08:00:00+00:00,1437.0,1437.5,1433.5,1434.0999755859375,3116644,43.81325692998121
2025-06-10 00:00:00+00:00,1439.9000244140625,1439.9000244140625,1416.5,1420.699951171875,3972413,37.854743395394266
2025-06-10 04:00:00+00:00,1420.300048828125,1426.0,1418.300048828125,1423.5,5610487,39.70015516009761
2025-06-10 08:00:00+00:00,1423.5999755859375,1424.5999755859375,1420.199951171875,1421.9000244140625,3320779,38.98771963343221
2025-06-11 00:00:00+00:00,1421.800048828125,1430.0,1419.199951171875,1427.800048828125,1231957,43.046529378751494
2025-06-11 04:00:00+00:00,1427.800048828125,1434.5,1426.300048828125,1426.800048828125,3190383,42.53010261390007
2025-06-11 08:00:00+00:00,1427.0,1433.199951171875,1426.800048828125,1432.0,2714292,46.14800110302325
2025-06-12 04:00:00+00:00,1427.800048828125,1429.4000244140625,1420.300048828125,1423.5,4162390,41.375962275300864
2025-06-12 08:00:00+00:00,1423.0,1427.699951171875,1422.0999755859375,1425.199951171875,2751450,42.6965973014254
2025-06-13 04:00:00+00:00,1414.0,1421.4000244140625,1408.4000244140625,1415.0,3573297,37.63898945323826
2025-06-13 08:00:00+00:00,1415.0,1418.4000244140625,1411.0999755859375,1417.699951171875,2838640,39.923393201976864
2025-06-16 04:00:00+00:00,1416.5,1427.699951171875,1415.699951171875,1426.9000244140625,2310861,47.65411800199814
2025-06-16 08:00:00+00:00,1427.0,1429.0,1424.4000244140625,1426.9000244140625,2250079,47.65411800199814
2025-06-17 04:00:00+00:00,1425.4000244140625,1427.9000244140625,1417.800048828125,1420.699951171875,2616979,43.267779914908616
2025-06-17 08:00:00+00:00,1420.800048828125,1425.699951171875,1419.5,1423.199951171875,3058189,45.48503608382528
2025-06-18 04:00:00+00:00,1423.0,1423.699951171875,1410.199951171875,1412.5,3252988,38.10713065780057
2025-06-18 08:00:00+00:00,1412.5,1415.0,1411.4000244140625,1412.5999755859375,2527113,38.2081868051133
2025-06-19 04:00:00+00:00,1413.4000244140625,1414.699951171875,1404.800048828125,1410.4000244140625,4249339,36.99275722439791
2025-06-19 08:00:00+00:00,1410.300048828125,1414.0,1408.0999755859375,1411.300048828125,1974480,38.05469396738107
2025-06-20 00:00:00+00:00,1411.800048828125,1416.5999755859375,1410.5999755859375,1415.4000244140625,570881,42.78540745109662
2025-06-20 04:00:00+00:00,1415.300048828125,1433.199951171875,1415.300048828125,1428.5999755859375,2675106,54.76339776419119
2025-06-20 08:00:00+00:00,1428.9000244140625,1429.699951171875,1424.300048828125,1427.0999755859375,9159963,53.395402388010496
2025-06-23 04:00:00+00:00,1414.199951171875,1423.0,1412.5,1420.199951171875,2486208,48.25469939070915
2025-06-23 08:00:00+00:00,1420.199951171875,1421.800048828125,1417.5,1420.0999755859375,1498616,48.180741305871145
2025-06-24 00:00:00+00:00,1427.800048828125,1435.5999755859375,1423.9000244140625,1431.5,1840501,56.388802102166025
2025-06-24 04:00:00+00:00,1431.4000244140625,1435.0,1416.5999755859375,1419.699951171875,5645672,47.92651219113536
2025-06-24 08:00:00+00:00,1419.800048828125,1425.5,1418.699951171875,1424.0,3702211,50.82274570305042
2025-06-25 00:00:00+00:00,1420.0999755859375,1427.4000244140625,1416.5,1422.9000244140625,1939630,50.055798195005934
2025-06-25 04:00:00+00:00,1423.0,1424.9000244140625,1420.199951171875,1424.699951171875,3308925,51.349549652050314
2025-06-25 08:00:00+00:00,1424.5999755859375,1428.9000244140625,1422.699951171875,1424.5,2277425,51.190909752256594
2025-06-26 00:00:00+00:00,1424.5999755859375,1436.0,1421.699951171875,1428.5999755859375,1948081,54.3080576477191
2025-06-26 04:00:00+00:00,1428.5999755859375,1446.5,1425.0,1446.5,5407775,64.85968381439963
2025-06-26 08:00:00+00:00,1446.9000244140625,1447.5,1436.199951171875,1439.0999755859375,6242275,58.81299921790911
2025-06-27 04:00:00+00:00,1446.800048828125,1454.699951171875,1442.800048828125,1454.199951171875,5299766,66.03383305199499
2025-06-27 08:00:00+00:00,1454.300048828125,1465.699951171875,1452.300048828125,1462.199951171875,15845401,69.22825225984647
2025-06-30 04:00:00+00:00,1453.800048828125,1455.0999755859375,1445.0999755859375,1446.0999755859375,2545989,57.15533199947764
2025-06-30 08:00:00+00:00,1446.0999755859375,1448.9000244140625,1442.300048828125,1445.0,2670418,56.40324180223384
2025-07-01 00:00:00+00:00,1443.0999755859375,1444.800048828125,1438.5999755859375,1442.0,1028611,54.304440095796146
2025-07-01 04:00:00+00:00,1442.0,1442.199951171875,1433.5,1437.699951171875,3642483,51.35469612444856
2025-07-01 08:00:00+00:00,1437.699951171875,1437.800048828125,1429.699951171875,1431.699951171875,3089150,47.4793021834401
2025-07-02 04:00:00+00:00,1435.699951171875,1436.5999755859375,1424.300048828125,1425.4000244140625,6715326,43.92909231121667
2025-07-02 08:00:00+00:00,1425.699951171875,1429.699951171875,1422.5999755859375,1427.800048828125,4199489,45.62711900121418
2025-07-03 04:00:00+00:00,1442.9000244140625,1442.9000244140625,1427.5999755859375,1428.0,3732781,46.47247668628515
2025-07-03 08:00:00+00:00,1428.0,1428.5999755859375,1424.0,1425.9000244140625,4122542,45.4143486280302
2025-07-04 00:00:00+00:00,1430.9000244140625,1431.699951171875,1421.300048828125,1424.5999755859375,571799,44.73526612690105
2025-07-04 04:00:00+00:00,1424.300048828125,1436.4000244140625,1422.699951171875,1436.199951171875,2242488,51.678362415286934
2025-07-04 08:00:00+00:00,1436.300048828125,1444.4000244140625,1434.699951171875,1443.0,2251045,55.229266596447594
2025-07-07 04:00:00+00:00,1431.4000244140625,1436.9000244140625,1429.5999755859375,1435.199951171875,2843867,50.72769905225475
2025-07-07 08:00:00+00:00,1435.199951171875,1436.800048828125,1432.199951171875,1435.9000244140625,1573956,51.11825515272148
2025-07-08 04:00:00+00:00,1439.5999755859375,1445.0,1438.199951171875,1439.0,2047353,52.79654767026355
2025-07-08 08:00:00+00:00,1438.800048828125,1444.699951171875,1438.699951171875,1442.0,2378200,54.61208189577241
2025-07-09 04:00:00+00:00,1432.0999755859375,1436.0,1430.0,1431.4000244140625,4115736,47.60460427479437
2025-07-09 08:00:00+00:00,1431.4000244140625,1434.0,1430.9000244140625,1431.9000244140625,2860560,47.96773785492759
2025-07-10 00:00:00+00:00,1436.0,1437.699951171875,1429.199951171875,1429.9000244140625,818027,46.57717350382204
2025-07-10 04:00:00+00:00,1430.0,1433.0999755859375,1424.300048828125,1426.0,3257455,43.904343401987425
2025-07-10 08:00:00+00:00,1425.9000244140625,1428.199951171875,1422.0999755859375,1424.0999755859375,2499124,42.62112760303389
2025-07-11 00:00:00+00:00,1423.5,1427.699951171875,1420.0999755859375,1420.300048828125,984459,40.09703546602795
2025-07-11 04:00:00+00:00,1420.0999755859375,1422.4000244140625,1414.5999755859375,1419.800048828125,3400086,39.76334588142788
2025-07-11 08:00:00+00:00,1419.9000244140625,1423.699951171875,1419.5999755859375,1420.699951171875,2773355,40.71955288256831
2025-07-14 04:00:00+00:00,1421.9000244140625,1423.5,1416.199951171875,1423.0,2259632,43.312409538394554
2025-07-14 08:00:00+00:00,1423.0,1424.0,1420.0999755859375,1421.9000244140625,2768882,42.33140282504558
2025-07-15 04:00:00+00:00,1422.5999755859375,1428.5999755859375,1421.699951171875,1427.4000244140625,2817817,48.97259730995108
2025-07-15 08:00:00+00:00,1427.5,1433.800048828125,1425.0,1433.0,2474391,54.74017812715083
2025-07-16 00:00:00+00:00,1425.0999755859375,1426.0,1419.4000244140625,1421.699951171875,760133,43.94602262380732
2025-07-16 04:00:00+00:00,1421.5,1429.199951171875,1420.4000244140625,1427.5,2918694,49.455293844082355
2025-07-16 08:00:00+00:00,1427.5,1428.300048828125,1424.0999755859375,1425.699951171875,1969793,47.88239461243195
2025-07-17 00:00:00+00:00,1422.300048828125,1422.300048828125,1410.0,1412.5999755859375,2638002,38.328493407890015
2025-07-17 04:00:00+00:00,1412.699951171875,1421.0999755859375,1409.5999755859375,1418.0999755859375,6011503,43.43182662856693
2025-07-17 08:00:00+00:00,1417.800048828125,1420.4000244140625,1417.5,1418.0,4277516,43.361585662575244
2025-07-18 04:00:00+00:00,1417.5999755859375,1423.4000244140625,1408.5,1420.5999755859375,4832979,46.05581760110183
2025-07-18 08:00:00+00:00,1420.5999755859375,1428.9000244140625,1419.0999755859375,1425.800048828125,3160960,50.9219410762622
2025-07-21 04:00:00+00:00,1459.4000244140625,1465.9000244140625,1456.4000244140625,1461.0999755859375,5591709,70.45851349512245
2025-07-21 08:00:00+00:00,1461.0999755859375,1467.699951171875,1460.5,1465.800048828125,1807291,72.16470775779354
2025-07-22 00:00:00+00:00,1472.300048828125,1479.199951171875,1471.300048828125,1477.199951171875,2566327,75.81350884683948
2025-07-22 04:00:00+00:00,1477.0999755859375,1481.9000244140625,1471.699951171875,1472.4000244140625,3612065,71.56004106523389
2025-07-22 08:00:00+00:00,1472.5999755859375,1475.699951171875,1470.0999755859375,1473.5999755859375,2751087,71.98322420062684
2025-07-23 04:00:00+00:00,1474.300048828125,1486.699951171875,1473.5999755859375,1486.699951171875,5504214,76.41863201333067
2025-07-23 08:00:00+00:00,1486.5,1490.0,1486.0,1486.9000244140625,5147343,76.47997536283839
2025-07-24 04:00:00+00:00,1483.699951171875,1487.300048828125,1481.199951171875,1485.4000244140625,3702085,73.84186447497622
2025-07-24 08:00:00+00:00,1485.199951171875,1488.5,1478.0999755859375,1480.0,2238529,68.25069647688747
2025-07-25 00:00:00+00:00,1493.800048828125,1493.800048828125,1482.0999755859375,1486.5999755859375,2907719,71.12813476890034
2025-07-25 04:00:00+00:00,1486.5999755859375,1486.5999755859375,1473.9000244140625,1474.5,3305076,60.332461991629685
2025-07-25 08:00:00+00:00,1474.5999755859375,1478.9000244140625,1473.800048828125,1477.0999755859375,1639960,61.67838900448102
2025-07-28 04:00:00+00:00,1487.4000244140625,1493.800048828125,1481.300048828125,1484.5999755859375,3823237,64.22853549736152
2025-07-28 08:00:00+00:00,1484.800048828125,1490.0,1484.300048828125,1488.9000244140625,2238123,66.23203989179184
2025-07-29 00:00:00+00:00,1478.9000244140625,1484.699951171875,1475.699951171875,1480.5999755859375,2129103,59.32512386776675
2025-07-29 04:00:00+00:00,1480.5999755859375,1489.800048828125,1479.5999755859375,1486.699951171875,4277312,62.42633765328617
2025-07-29 08:00:00+00:00,1487.300048828125,1488.0999755859375,1482.0999755859375,1486.199951171875,2123055,62.0090007486618
2025-07-30 00:00:00+00:00,1484.0,1484.0,1477.5,1481.5999755859375,1579942,58.15696030393188
2025-07-30 04:00:00+00:00,1481.5,1488.5,1480.199951171875,1484.0999755859375,3397957,59.62493479042501
2025-07-30 08:00:00+00:00,1484.0,1486.0,1480.0999755859375,1482.4000244140625,1378068,58.13149440692112
2025-07-31 00:00:00+00:00,1476.5,1477.800048828125,1464.5999755859375,1466.0999755859375,2319820,46.185927072377474
2025-07-31 04:00:00+00:00,1466.199951171875,1494.5,1464.300048828125,1492.5999755859375,5813064,60.42442505018324
2025-07-31 08:00:00+00:00,1492.0999755859375,1493.0,1478.199951171875,1484.5,4259805,55.58341422102407
2025-08-01 00:00:00+00:00,1478.0999755859375,1485.0,1474.300048828125,1483.5999755859375,639700,55.05560095842118
2025-08-01 04:00:00+00:00,1484.0,1484.9000244140625,1471.300048828125,1475.0,2204496,50.15471643469132
2025-08-01 08:00:00+00:00,1475.0,1475.4000244140625,1470.0,1470.0999755859375,1572250,47.55710560654166
2025-08-04 04:00:00+00:00,1470.5999755859375,1472.199951171875,1462.300048828125,1466.699951171875,2975258,45.68227039208001
2025-08-04 08:00:00+00:00,1466.800048828125,1468.0,1461.4000244140625,1463.800048828125,2431488,44.08045217710247
2025-08-05 00:00:00+00:00,1457.699951171875,1461.0999755859375,1450.199951171875,1452.9000244140625,1363562,38.60148894912849
2025-08-05 04:00:00+00:00,1452.5,1453.699951171875,1441.0,1442.0999755859375,10759999,34.08134742168849
2025-08-05 08:00:00+00:00,1441.800048828125,1446.300048828125,1441.0999755859375,1445.0,2675037,36.24035653028101
2025-08-06 00:00:00+00:00,1444.300048828125,1452.5,1444.300048828125,1449.0,1705316,39.19839759538978
2025-08-06 04:00:00+00:00,1449.0,1453.9000244140625,1443.4000244140625,1445.4000244140625,3405960,37.511655075804526
2025-08-06 08:00:00+00:00,1445.9000244140625,1447.699951171875,1441.5999755859375,1443.5999755859375,2693558,36.66214647331829
2025-08-07 04:00:00+00:00,1435.4000244140625,1437.4000244140625,1429.199951171875,1430.5999755859375,3938731,31.04243102058811
2025-08-07 08:00:00+00:00,1430.5,1442.9000244140625,1430.5,1441.0,2599366,39.424318442879866
2025-08-08 00:00:00+00:00,1444.0,1444.0,1434.699951171875,1437.5999755859375,534386,37.80639664042034
2025-08-08 04:00:00+00:00,1437.4000244140625,1440.199951171875,1434.5999755859375,1437.0,2742203,37.513832566132486
2025-08-08 08:00:00+00:00,1436.800048828125,1439.9000244140625,1432.0,1435.9000244140625,1489224,36.949290941623815
2025-08-11 04:00:00+00:00,1427.0,1432.5,1420.9000244140625,1432.0,4582302,37.07897202476267
2025-08-11 08:00:00+00:00,1432.0999755859375,1438.4000244140625,1430.199951171875,1436.5999755859375,2680349,40.915622696971084
2025-08-12 04:00:00+00:00,1430.0999755859375,1431.0,1423.0,1424.0,2540501,34.4823543268196
2025-08-12 08:00:00+00:00,1424.4000244140625,1426.0,1420.4000244140625,1422.0,1632154,33.546223914084834
2025-08-13 00:00:00+00:00,1425.0,1425.9000244140625,1417.199951171875,1417.5999755859375,2377748,31.51891259865367
2025-08-13 04:00:00+00:00,1418.0999755859375,1426.199951171875,1415.4000244140625,1425.0999755859375,3700934,38.357237863174916
2025-08-13 08:00:00+00:00,1425.4000244140625,1425.699951171875,1419.800048828125,1419.9000244140625,2930895,35.695785283988414
2025-08-14 04:00:00+00:00,1427.5,1431.0999755859375,1423.0999755859375,1426.800048828125,3881464,41.603219315911176
2025-08-14 08:00:00+00:00,1426.5999755859375,1431.0,1425.300048828125,1426.300048828125,2623247,41.29517087601411
2025-08-18 04:00:00+00:00,1447.0,1447.4000244140625,1431.0,1434.5999755859375,2913936,48.15496379525681
2025-08-18 08:00:00+00:00,1434.5999755859375,1437.0,1432.5999755859375,1434.5999755859375,1187972,48.15496379525681
2025-08-19 00:00:00+00:00,1435.699951171875,1438.5,1428.800048828125,1430.5999755859375,1114090,45.79064513956772
2025-08-19 04:00:00+00:00,1430.5999755859375,1437.9000244140625,1426.300048828125,1433.0,3358262,47.45756788172306
2025-08-19 08:00:00+00:00,1433.699951171875,1438.199951171875,1432.0,1436.0,2237011,49.54603117264442
2025-08-20 04:00:00+00:00,1428.300048828125,1433.800048828125,1425.699951171875,1433.199951171875,3165818,48.149051079614864
2025-08-20 08:00:00+00:00,1433.199951171875,1433.5,1428.800048828125,1430.5999755859375,1210994,46.458253002182005
2025-08-21 00:00:00+00:00,1439.5999755859375,1445.800048828125,1436.4000244140625,1443.800048828125,1235485,55.08233603168494
2025-08-21 04:00:00+00:00,1443.300048828125,1445.5,1437.800048828125,1443.5999755859375,2724544,54.937895272960226
2025-08-21 08:00:00+00:00,1443.5999755859375,1447.800048828125,1442.5999755859375,1444.699951171875,2278266,55.626827671125206
2025-08-22 04:00:00+00:00,1432.699951171875,1441.5,1429.5,1438.9000244140625,3610633,51.285465050792
2025-08-22 08:00:00+00:00,1438.9000244140625,1439.699951171875,1433.699951171875,1435.9000244140625,1727442,49.28443701781108
2025-08-25 04:00:00+00:00,1425.0,1433.4000244140625,1424.0,1433.0,3648345,48.18153040913931
2025-08-25 08:00:00+00:00,1433.0,1435.199951171875,1430.5,1433.199951171875,1287072,48.3133713036412
2025-08-26 00:00:00+00:00,1427.4000244140625,1427.4000244140625,1414.0,1417.0999755859375,1018958,39.58089994183593
2025-08-26 04:00:00+00:00,1417.199951171875,1421.800048828125,1415.4000244140625,1415.800048828125,2562458,38.96846289839228
2025-08-26 08:00:00+00:00,1415.5,1419.699951171875,1413.300048828125,1416.5999755859375,3226039,39.58792616113996
2025-08-28 04:00:00+00:00,1408.0,1410.199951171875,1400.0,1401.9000244140625,3143542,32.77958447145075
2025-08-28 08:00:00+00:00,1401.5999755859375,1403.0,1396.5999755859375,1399.0999755859375,5746757,31.617858180932288
2025-08-29 04:00:00+00:00,1401.0,1404.800048828125,1398.4000244140625,1402.0999755859375,3147157,34.37041169671062
2025-08-29 08:00:00+00:00,1402.0,1404.5,1395.0,1397.800048828125,2069651,32.265448239711375
2025-09-01 04:00:00+00:00,1404.5,1410.699951171875,1401.4000244140625,1408.0,2604211,41.631482117847945
2025-09-01 08:00:00+00:00,1408.0999755859375,1412.4000244140625,1406.199951171875,1411.0,1156343,44.19770593330503
2025-09-02 04:00:00+00:00,1408.9000244140625,1412.4000244140625,1391.5999755859375,1394.0999755859375,4109872,34.40002415476786
2025-09-02 08:00:00+00:00,1394.0,1396.699951171875,1390.0999755859375,1390.9000244140625,2223283,32.90016952673027
2025-09-03 00:00:00+00:00,1390.199951171875,1393.300048828125,1384.5,1393.0999755859375,2358095,34.99847324912396
2025-09-03 04:00:00+00:00,1392.800048828125,1395.0999755859375,1389.300048828125,1393.5999755859375,5158525,35.49221596031029
2025-09-03 08:00:00+00:00,1393.5,1399.9000244140625,1393.0,1396.800048828125,2296402,38.70145385487804
2025-09-04 04:00:00+00:00,1406.9000244140625,1415.0,1404.699951171875,1405.199951171875,5323935,46.352283764447854
2025-09-04 08:00:00+00:00,1405.699951171875,1412.9000244140625,1404.0,1408.0,3525014,48.678030301258524
2025-09-05 00:00:00+00:00,1410.5999755859375,1410.5999755859375,1397.300048828125,1397.699951171875,801894,41.543399027304126
2025-09-05 04:00:00+00:00,1397.300048828125,1399.5999755859375,1387.9000244140625,1397.199951171875,3357970,41.2275053038606
2025-09-05 08:00:00+00:00,1397.199951171875,1405.5999755859375,1396.5,1402.800048828125,1899133,46.165076277922246
2025-09-08 04:00:00+00:00,1402.0999755859375,1408.300048828125,1397.699951171875,1407.0,2260027,49.87436176155792
2025-09-08 08:00:00+00:00,1406.9000244140625,1410.5999755859375,1400.300048828125,1402.699951171875,2038936,46.460681549449674
2025-09-09 00:00:00+00:00,1401.300048828125,1402.4000244140625,1397.5999755859375,1399.0,650042,43.68971079303211
2025-09-09 04:00:00+00:00,1399.199951171875,1405.5,1395.4000244140625,1405.5,2843932,49.39930089111613
2025-09-09 08:00:00+00:00,1405.0999755859375,1407.5,1402.0,1403.0,2976595,47.40824968440678
2025-09-10 04:00:00+00:00,1409.699951171875,1413.5999755859375,1404.0,1408.4000244140625,3587457,51.72759151818506
2025-09-10 08:00:00+00:00,1408.5,1408.5,1402.4000244140625,1403.199951171875,2534897,47.415757583670064
2025-09-11 00:00:00+00:00,1399.0,1405.5999755859375,1398.699951171875,1403.5999755859375,1103828,47.77639298257706
2025-09-11 04:00:00+00:00,1403.4000244140625,1407.800048828125,1403.0999755859375,1406.300048828125,3631431,50.256240991110985
2025-09-11 08:00:00+00:00,1405.800048828125,1406.9000244140625,1399.0999755859375,1401.5999755859375,5456705,46.1482698296186
2025-09-12 04:00:00+00:00,1403.199951171875,1417.800048828125,1402.0,1415.5999755859375,3938828,57.940182522947694
2025-09-12 08:00:00+00:00,1415.5999755859375,1419.699951171875,1415.0,1417.699951171875,2022835,59.38706466653352
2025-09-15 04:00:00+00:00,1424.5,1426.800048828125,1419.300048828125,1420.4000244140625,3187373,59.627689739736425
2025-09-15 08:00:00+00:00,1420.5,1422.4000244140625,1417.0,1419.4000244140625,1418022,58.62330282772817
2025-09-16 00:00:00+00:00,1415.5999755859375,1424.9000244140625,1415.5999755859375,1421.199951171875,1296109,59.93156550843253
2025-09-16 04:00:00+00:00,1421.300048828125,1422.5999755859375,1418.699951171875,1419.800048828125,2056215,58.38534796767133
2025-09-16 08:00:00+00:00,1421.699951171875,1423.699951171875,1420.4000244140625,1421.5999755859375,4858841,59.820702192505195
2025-09-17 04:00:00+00:00,1423.5999755859375,1424.0,1419.0,1420.699951171875,4166247,57.83363148020489
2025-09-17 08:00:00+00:00,1420.699951171875,1422.0,1416.4000244140625,1417.199951171875,2434595,53.7607788901743
2025-09-18 04:00:00+00:00,1424.4000244140625,1426.300048828125,1417.800048828125,1420.300048828125,3153712,55.44116421226978
2025-09-18 08:00:00+00:00,1420.0,1423.199951171875,1415.300048828125,1422.9000244140625,3422089,57.6593470844756
2025-09-19 04:00:00+00:00,1405.0999755859375,1407.300048828125,1401.300048828125,1403.4000244140625,4005731,41.04055406380046
2025-09-19 08:00:00+00:00,1403.5999755859375,1404.5999755859375,1400.5999755859375,1402.199951171875,7117692,40.21900989958474
2025-09-22 04:00:00+00:00,1403.4000244140625,1409.9000244140625,1402.699951171875,1407.199951171875,4238939,45.40204426948752
2025-09-22 08:00:00+00:00,1407.199951171875,1407.300048828125,1399.800048828125,1402.199951171875,2817095,41.45788517616377
2025-09-23 04:00:00+00:00,1399.699951171875,1402.4000244140625,1394.0999755859375,1397.0,5102770,37.64854591630294
2025-09-23 08:00:00+00:00,1397.0,1398.300048828125,1393.199951171875,1394.300048828125,6175770,35.746614083798406
2025-09-24 04:00:00+00:00,1381.199951171875,1388.0,1376.5,1383.4000244140625,4150687,30.891593735420514
2025-09-24 08:00:00+00:00,1383.5,1385.800048828125,1379.9000244140625,1384.0,3874127,31.62248756254131
2025-09-25 04:00:00+00:00,1380.0,1381.300048828125,1374.199951171875,1378.800048828125,10964688,28.735565616726333
2025-09-25 08:00:00+00:00,1378.800048828125,1380.5,1373.4000244140625,1373.699951171875,8194703,26.07501977694278
2025-09-26 04:00:00+00:00,1362.300048828125,1366.9000244140625,1359.300048828125,1362.0,8998294,21.213159354014905
2025-09-26 08:00:00+00:00,1361.800048828125,1362.699951171875,1357.0999755859375,1359.5999755859375,4825574,20.31383799883632
2025-09-29 04:00:00+00:00,1361.699951171875,1362.800048828125,1348.0,1355.0999755859375,8585184,20.592805303564163
2025-09-29 08:00:00+00:00,1355.199951171875,1355.9000244140625,1346.199951171875,1350.699951171875,10033593,19.016635125681688
2025-09-30 04:00:00+00:00,1346.800048828125,1354.5,1342.5999755859375,1349.9000244140625,8782816,22.253164211922353
2025-09-30 08:00:00+00:00,1349.5999755859375,1355.5999755859375,1346.5999755859375,1348.0,9193554,21.47260556646839
2025-10-01 04:00:00+00:00,1365.0,1379.300048828125,1362.0999755859375,1372.800048828125,10226224,47.821624000125794
2025-10-01 08:00:00+00:00,1373.0,1374.300048828125,1370.300048828125,1372.4000244140625,5927132,47.530327471677715
2025-10-03 04:00:00+00:00,1368.300048828125,1371.4000244140625,1363.300048828125,1363.4000244140625,5944989,41.19119226256751
2025-10-03 08:00:00+00:00,1363.4000244140625,1367.699951171875,1363.4000244140625,1365.0,3608450,42.70218885315329
2025-10-06 04:00:00+00:00,1370.300048828125,1370.699951171875,1359.699951171875,1363.5999755859375,8540666,42.65535374349504
2025-10-06 08:00:00+00:00,1363.5,1364.699951171875,1359.0999755859375,1363.9000244140625,4470268,42.936827676386606
2025-10-07 04:00:00+00:00,1380.800048828125,1383.0999755859375,1371.9000244140625,1380.5999755859375,7622730,55.84350133070044
2025-10-07 08:00:00+00:00,1380.4000244140625,1382.0999755859375,1373.199951171875,1375.0,6179958,51.3426042098256
2025-10-08 04:00:00+00:00,1375.0999755859375,1375.300048828125,1364.4000244140625,1369.5,3265634,47.028679224911976
2025-10-08 08:00:00+00:00,1369.5999755859375,1371.5999755859375,1366.5999755859375,1367.0,2395730,45.17469638691196
2025-10-09 04:00:00+00:00,1368.5999755859375,1378.5999755859375,1366.699951171875,1375.699951171875,3462815,52.6149491087977
2025-10-09 08:00:00+00:00,1375.800048828125,1377.699951171875,1370.5999755859375,1374.800048828125,3576498,51.82113362238866
2025-10-10 04:00:00+00:00,1378.0,1385.0,1377.699951171875,1382.800048828125,3901844,58.130476345399714
2025-10-10 08:00:00+00:00,1382.5,1384.0,1378.9000244140625,1380.4000244140625,1885455,55.697907921180004
2025-10-13 04:00:00+00:00,1379.0,1383.0999755859375,1375.300048828125,1377.800048828125,5284960,53.01768383317816
2025-10-13 08:00:00+00:00,1378.199951171875,1382.199951171875,1376.800048828125,1381.0999755859375,2907610,56.02572924765107
2025-10-14 04:00:00+00:00,1379.0999755859375,1384.0999755859375,1375.0999755859375,1384.0999755859375,5686532,58.30784077116303
2025-10-14 08:00:00+00:00,1384.300048828125,1386.0,1381.699951171875,1384.0999755859375,3894026,58.30784077116303
2025-10-15 04:00:00+00:00,1389.800048828125,1400.0,1388.5999755859375,1398.5999755859375,4272919,68.9886909015442
2025-10-15 08:00:00+00:00,1398.5999755859375,1400.300048828125,1394.800048828125,1398.4000244140625,3428681,68.71969700975586
2025-10-16 04:00:00+00:00,1402.5,1417.800048828125,1402.5,1415.800048828125,5243440,77.44310325418459
2025-10-16 08:00:00+00:00,1415.800048828125,1418.9000244140625,1415.4000244140625,1417.300048828125,4849884,78.02210563790537
2025-10-17 04:00:00+00:00,1424.300048828125,1431.0,1420.0999755859375,1424.5,9778352,80.60636093165101
2025-10-17 08:00:00+00:00,1424.5,1439.5999755859375,1422.199951171875,1437.0999755859375,4968266,84.33005639359655
2025-10-20 04:00:00+00:00,1407.199951171875,1409.800048828125,1398.699951171875,1400.9000244140625,8365192,52.63142819138056
2025-10-20 08:00:00+00:00,1400.9000244140625,1401.5,1389.199951171875,1393.0,8183859,48.11618090752296
2025-10-21 04:00:00+00:00,1384.5,1387.5999755859375,1376.9000244140625,1386.0,2127822,44.47527607328501
2025-10-21 08:00:00+00:00,1385.9000244140625,1385.9000244140625,1379.800048828125,1382.0,1089950,42.49640715385603
2025-10-23 00:00:00+00:00,1386.300048828125,1389.800048828125,1383.5,1387.0999755859375,1101933,45.80720536190569
2025-10-23 04:00:00+00:00,1387.199951171875,1387.4000244140625,1365.0999755859375,1366.0,10355170,36.45535409624518
2025-10-23 08:00:00+00:00,1366.0,1367.0999755859375,1360.699951171875,1364.300048828125,6249376,35.82084364190091
2025-10-24 04:00:00+00:00,1381.0999755859375,1381.5,1369.199951171875,1372.5,5314939,42.23521450930023
2025-10-24 08:00:00+00:00,1372.9000244140625,1379.5,1370.699951171875,1377.699951171875,2789821,45.06281644022257
2025-10-27 04:00:00+00:00,1381.0,1382.9000244140625,1374.0,1378.0,6126263,45.39144883450228
2025-10-27 08:00:00+00:00,1378.300048828125,1380.800048828125,1375.5,1379.4000244140625,3721099,46.224943515966864
2025-10-28 04:00:00+00:00,1360.0,1365.800048828125,1356.300048828125,1361.199951171875,11385385,38.4106391502539
2025-10-28 08:00:00+00:00,1361.199951171875,1366.5,1357.5,1366.199951171875,10019603,41.60899163390336
2025-10-29 04:00:00+00:00,1361.9000244140625,1370.800048828125,1358.4000244140625,1369.4000244140625,9567955,44.51472762984597
2025-10-29 08:00:00+00:00,1369.4000244140625,1371.699951171875,1368.5,1370.4000244140625,2957330,45.13732039223263
2025-10-30 04:00:00+00:00,1365.699951171875,1367.699951171875,1363.0,1365.199951171875,3980513,42.44640729055248
2025-10-30 08:00:00+00:00,1365.4000244140625,1366.4000244140625,1361.300048828125,1362.4000244140625,3584649,40.93585388618255
2025-10-31 04:00:00+00:00,1356.0999755859375,1356.0999755859375,1345.0999755859375,1347.0999755859375,6263903,33.578458163656535
2025-10-31 08:00:00+00:00,1347.0,1350.0,1343.5,1345.300048828125,6646649,32.80948069902301
2025-11-03 04:00:00+00:00,1343.199951171875,1351.5,1341.0,1349.0,6001479,37.08488846865033
2025-11-03 08:00:00+00:00,1349.0,1350.0999755859375,1344.300048828125,1348.0,2316362,36.56216765022137
2025-11-04 04:00:00+00:00,1341.199951171875,1343.0,1333.5,1337.5,8941190,31.41245278650237
2025-11-04 08:00:00+00:00,1337.5999755859375,1338.9000244140625,1333.4000244140625,1335.4000244140625,5255204,30.445437697147014
2025-11-06 04:00:00+00:00,1330.0,1330.199951171875,1317.5,1325.800048828125,13541731,26.316422706944152
2025-11-06 08:00:00+00:00,1325.800048828125,1326.0999755859375,1319.0999755859375,1320.300048828125,5345036,24.20916193318513
2025-11-07 04:00:00+00:00,1330.5,1344.0,1330.0,1341.300048828125,4353176,43.540851904246786
2025-11-07 08:00:00+00:00,1341.300048828125,1344.300048828125,1340.699951171875,1342.5999755859375,2124900,44.517803244352805
2025-11-10 04:00:00+00:00,1343.9000244140625,1348.4000244140625,1341.5,1348.300048828125,4975857,48.93792824011974
2025-11-10 08:00:00+00:00,1348.4000244140625,1349.5999755859375,1346.5,1347.5999755859375,2580805,48.41927118601841
2025-11-11 04:00:00+00:00,1349.4000244140625,1360.4000244140625,1348.0,1355.800048828125,4023293,54.821698513720015
2025-11-11 08:00:00+00:00,1356.0999755859375,1359.300048828125,1354.0999755859375,1359.0,3179764,57.095407303179954
2025-11-12 04:00:00+00:00,1359.800048828125,1367.199951171875,1357.5999755859375,1361.800048828125,6072136,59.15490570959367
2025-11-12 08:00:00+00:00,1361.800048828125,1363.0,1355.9000244140625,1358.9000244140625,2388548,56.11186264123933
2025-11-13 04:00:00+00:00,1382.0,1390.4000244140625,1381.699951171875,1386.9000244140625,9454495,71.53970265695423
2025-11-13 08:00:00+00:00,1387.0,1388.0,1384.9000244140625,1385.9000244140625,3902088,70.52645854494314
2025-11-14 04:00:00+00:00,1372.0999755859375,1374.4000244140625,1363.5,1363.9000244140625,3817429,52.424277722795026
2025-11-14 08:00:00+00:00,1363.9000244140625,1374.800048828125,1363.300048828125,1373.0,4779442,57.50870020771003
2025-11-17 04:00:00+00:00,1377.0,1381.800048828125,1376.5,1378.5,4042182,60.326321823916786
2025-11-17 08:00:00+00:00,1378.5,1380.0,1377.5,1379.0,2758770,60.596146221630896
2025-11-18 04:00:00+00:00,1376.0,1378.699951171875,1372.800048828125,1374.9000244140625,3802072,57.0962601265629
2025-11-18 08:00:00+00:00,1374.800048828125,1377.199951171875,1369.0999755859375,1370.5999755859375,4660291,53.419235733859374
2025-11-19 04:00:00+00:00,1376.0999755859375,1381.9000244140625,1375.0999755859375,1380.300048828125,4739838,59.897295372784875
2025-11-19 08:00:00+00:00,1380.0,1384.0,1379.9000244140625,1383.4000244140625,3945647,61.80412253678918
2025-11-20 04:00:00+00:00,1381.199951171875,1387.0,1377.5,1385.199951171875,4533930,62.262410898595206
2025-11-20 08:00:00+00:00,1385.0,1388.300048828125,1381.4000244140625,1382.0,3097199,58.98718920339516
2025-11-21 04:00:00+00:00,1368.699951171875,1372.5,1365.5,1368.699951171875,7509406,47.745286130356554
2025-11-21 08:00:00+00:00,1368.699951171875,1370.4000244140625,1367.0,1369.0,1649573,48.00455804491941
2025-11-24 04:00:00+00:00,1368.0,1374.800048828125,1367.4000244140625,1372.5999755859375,4636173,51.37889962261478
2025-11-24 08:00:00+00:00,1372.0999755859375,1374.199951171875,1361.9000244140625,1366.0,10067372,45.741498755565715
2025-11-25 04:00:00+00:00,1374.199951171875,1376.800048828125,1360.300048828125,1364.300048828125,5063985,45.16929804010978
2025-11-25 08:00:00+00:00,1364.4000244140625,1364.9000244140625,1354.4000244140625,1357.800048828125,5416379,41.02964852751898
2025-11-26 04:00:00+00:00,1366.5,1372.5,1362.0,1370.0,4449708,50.42708418114109
2025-11-26 08:00:00+00:00,1370.0999755859375,1377.0,1368.699951171875,1375.0,3514559,53.843527997141905
2025-11-27 04:00:00+00:00,1389.699951171875,1393.199951171875,1383.300048828125,1389.5999755859375,7308837,62.08614709043919
2025-11-27 08:00:00+00:00,1389.699951171875,1394.0,1388.800048828125,1393.699951171875,4554056,64.16384252963157
2025-11-28 04:00:00+00:00,1392.5,1395.9000244140625,1386.0,1388.199951171875,4199252,59.17141923644066
2025-11-28 08:00:00+00:00,1388.0999755859375,1390.0,1386.5,1388.4000244140625,2521534,59.29678993277222
2025-12-01 04:00:00+00:00,1398.0,1399.699951171875,1389.199951171875,1391.300048828125,4803723,58.76000303792605
2025-12-01 08:00:00+00:00,1391.300048828125,1391.300048828125,1385.4000244140625,1390.199951171875,2253163,57.811133001022874
2025-12-02 04:00:00+00:00,1373.0,1379.4000244140625,1372.0,1374.5999755859375,4349165,46.59631446352992
2025-12-02 08:00:00+00:00,1374.5,1375.800048828125,1371.5,1373.0,4864738,45.56744282696394
2025-12-03 04:00:00+00:00,1372.800048828125,1387.0,1372.0,1387.0,4133851,55.52243253326561
2025-12-03 08:00:00+00:00,1387.0,1393.699951171875,1385.800048828125,1390.0,2508870,57.32083106097952
2025-12-04 04:00:00+00:00,1386.5,1388.9000244140625,1379.9000244140625,1382.5,3773491,51.47577566496559
2025-12-04 08:00:00+00:00,1382.5999755859375,1387.9000244140625,1382.4000244140625,1385.699951171875,1937170,53.714774478273995
2025-12-05 04:00:00+00:00,1392.0999755859375,1392.800048828125,1386.0999755859375,1390.5,2426724,56.54734540748536
2025-12-05 08:00:00+00:00,1390.5,1393.699951171875,1388.800048828125,1392.0999755859375,1654012,57.634482336540955
2025-12-08 04:00:00+00:00,1392.0,1394.800048828125,1383.5999755859375,1386.300048828125,3942536,52.16148039773199
2025-12-08 08:00:00+00:00,1386.4000244140625,1390.5,1385.5,1387.5,2733771,53.15505940769835
2025-12-09 00:00:00+00:00,1379.9000244140625,1384.0,1377.800048828125,1380.9000244140625,2376551,47.332098501437066
2025-12-09 04:00:00+00:00,1381.199951171875,1382.9000244140625,1374.199951171875,1374.699951171875,3927390,42.60985383082177
2025-12-09 08:00:00+00:00,1375.0,1389.5999755859375,1373.5,1375.0,4187025,42.906717830379684
2025-12-10 04:00:00+00:00,1377.4000244140625,1379.4000244140625,1357.9000244140625,1359.0999755859375,3844687,33.459304788084665
2025-12-10 08:00:00+00:00,1359.0999755859375,1365.4000244140625,1358.5,1363.5999755859375,3589312,37.76969821037402
2025-12-11 04:00:00+00:00,1360.4000244140625,1365.5999755859375,1357.0,1359.5,3590560,35.50456670466791
2025-12-11 08:00:00+00:00,1359.9000244140625,1363.4000244140625,1358.800048828125,1361.0,2050791,37.09919432822474
2025-12-12 04:00:00+00:00,1367.5999755859375,1370.300048828125,1363.5,1366.4000244140625,1785596,42.816452697281335
2025-12-12 08:00:00+00:00,1366.0999755859375,1366.5,1363.800048828125,1366.0999755859375,1516139,42.58572066236143
2025-12-15 04:00:00+00:00,1365.800048828125,1369.699951171875,1361.0,1365.5,2451733,42.07863783752476
2025-12-15 08:00:00+00:00,1365.5,1367.0,1365.0,1365.199951171875,1522281,41.80064607401348
2025-12-16 04:00:00+00:00,1364.300048828125,1367.5,1361.0999755859375,1362.199951171875,5609648,38.87896795286279
2025-12-16 08:00:00+00:00,1362.199951171875,1368.4000244140625,1360.0999755859375,1366.0,5134392,44.29347984715067
2025-12-17 04:00:00+00:00,1347.0999755859375,1353.0999755859375,1343.0999755859375,1350.0,4979824,33.63334414283837
2025-12-17 08:00:00+00:00,1350.0,1354.800048828125,1349.699951171875,1352.4000244140625,1902603,36.48205210996026
2025-12-18 00:00:00+00:00,1348.9000244140625,1359.199951171875,1348.5999755859375,1359.0999755859375,999060,43.74184368490199
2025-12-18 04:00:00+00:00,1359.0999755859375,1369.5,1358.0999755859375,1360.5,4036459,45.15253789993525
2025-12-18 08:00:00+00:00,1360.5,1361.9000244140625,1355.5999755859375,1356.800048828125,2278929,42.144822845346475
2025-12-19 04:00:00+00:00,1355.699951171875,1357.0999755859375,1350.800048828125,1354.4000244140625,5833227,40.21359754785691
2025-12-19 08:00:00+00:00,1354.5,1356.5,1353.300048828125,1354.300048828125,6612031,40.12752243908878
2025-12-22 04:00:00+00:00,1364.0999755859375,1371.300048828125,1359.800048828125,1368.800048828125,4834749,55.41334676587841
2025-12-22 08:00:00+00:00,1368.699951171875,1370.199951171875,1366.5999755859375,1367.5,2459496,54.014995129550094
2025-12-23 04:00:00+00:00,1360.5,1363.300048828125,1357.300048828125,1361.4000244140625,3820223,48.03846583367674
2025-12-23 08:00:00+00:00,1361.4000244140625,1364.699951171875,1360.800048828125,1363.0,4364793,49.71059038431541
2025-12-24 04:00:00+00:00,1366.300048828125,1368.0,1359.0,1362.0999755859375,3279000,48.61093510921531
2025-12-24 08:00:00+00:00,1362.5999755859375,1363.699951171875,1357.9000244140625,1359.800048828125,3679201,46.363624634244665
2025-12-26 04:00:00+00:00,1356.4000244140625,1358.300048828125,1350.0,1350.300048828125,1367189,38.13932076051851
2025-12-26 08:00:00+00:00,1350.199951171875,1351.5,1348.5,1350.0,925900,37.9044403799184
2025-12-29 04:00:00+00:00,1351.300048828125,1351.699951171875,1343.4000244140625,1344.199951171875,3019499,34.04561424355704
2025-12-29 08:00:00+00:00,1344.300048828125,1346.5999755859375,1342.0999755859375,1342.699951171875,2222225,32.98660532686611
2025-12-30 04:00:00+00:00,1343.5,1345.5999755859375,1338.0999755859375,1340.9000244140625,4572556,32.18567644281832
2025-12-30 08:00:00+00:00,1340.699951171875,1347.0999755859375,1339.199951171875,1347.0999755859375,13265040,40.96068675766961
2025-12-31 04:00:00+00:00,1342.699951171875,1348.4000244140625,1339.800048828125,1347.699951171875,2972763,43.52910876340231
2025-12-31 08:00:00+00:00,1347.9000244140625,1350.0,1341.5,1342.9000244140625,2600613,39.49389599602726
2026-01-01 04:00:00+00:00,1344.300048828125,1345.9000244140625,1337.4000244140625,1340.9000244140625,1946013,38.366726393374435
2026-01-01 08:00:00+00:00,1340.5999755859375,1341.0,1336.0999755859375,1337.5999755859375,1744327,35.789171508831785
2026-01-02 04:00:00+00:00,1344.0999755859375,1353.4000244140625,1340.5,1352.199951171875,4448896,51.862950595503264
2026-01-02 08:00:00+00:00,1352.199951171875,1356.800048828125,1350.0,1355.800048828125,2808146,54.95415067002448
2026-01-05 04:00:00+00:00,1369.5,1375.4000244140625,1365.4000244140625,1365.5,2884871,60.34724890353602
2026-01-05 08:00:00+00:00,1365.5,1373.4000244140625,1364.199951171875,1371.5,2318112,63.9199867142474
2026-01-06 04:00:00+00:00,1409.9000244140625,1413.300048828125,1403.300048828125,1408.199951171875,7163398,76.46290210475887
2026-01-06 08:00:00+00:00,1408.300048828125,1412.0999755859375,1407.0,1411.199951171875,3253628,77.24186333129674
2026-01-07 04:00:00+00:00,1416.0,1429.300048828125,1412.5999755859375,1423.199951171875,9703779,80.19713269028753
2026-01-07 08:00:00+00:00,1423.300048828125,1429.9000244140625,1422.5999755859375,1425.5999755859375,2805359,80.75100644367859
2026-01-08 04:00:00+00:00,1434.4000244140625,1438.9000244140625,1429.5,1438.4000244140625,6364162,83.47434869901147
2026-01-08 08:00:00+00:00,1438.4000244140625,1442.199951171875,1431.800048828125,1434.0,3262962,79.12389642897288
2026-01-09 04:00:00+00:00,1412.9000244140625,1415.300048828125,1402.0999755859375,1403.800048828125,7648945,56.75395435434142
2026-01-09 08:00:00+00:00,1404.0,1407.300048828125,1401.9000244140625,1404.300048828125,2586479,56.982191893417586
2026-01-12 04:00:00+00:00,1403.9000244140625,1424.300048828125,1403.5999755859375,1416.9000244140625,6036957,62.620634563110194
2026-01-12 08:00:00+00:00,1416.699951171875,1420.0,1410.0,1413.0999755859375,2480987,60.04107496462732
2026-01-13 04:00:00+00:00,1422.699951171875,1439.0,1421.199951171875,1435.800048828125,6387019,68.70304153568696
2026-01-13 08:00:00+00:00,1435.800048828125,1441.800048828125,1433.199951171875,1437.0,5795131,69.09627969182358
2026-01-14 04:00:00+00:00,1421.199951171875,1431.800048828125,1415.0,1421.199951171875,4986965,58.63851544813969
2026-01-14 08:00:00+00:00,1421.0,1424.199951171875,1415.0,1418.4000244140625,3310942,56.87121071520585
2026-01-16 04:00:00+00:00,1413.4000244140625,1420.4000244140625,1400.199951171875,1415.5999755859375,6230897,54.92558892983771
2026-01-16 08:00:00+00:00,1415.5,1420.5,1407.9000244140625,1413.9000244140625,2794924,53.79293387489749
2026-01-19 04:00:00+00:00,1362.0999755859375,1410.800048828125,1360.0999755859375,1381.0,11177195,41.349523663092356
2026-01-19 08:00:00+00:00,1381.0,1385.9000244140625,1377.0999755859375,1377.199951171875,4488814,40.1560553100144
2026-01-20 04:00:00+00:00,1382.4000244140625,1387.800048828125,1378.4000244140625,1380.0,6312621,41.75099127746503
2026-01-20 08:00:00+00:00,1379.9000244140625,1382.800048828125,1371.5,1375.0,5793190,39.96867216624055
2026-01-21 04:00:00+00:00,1348.300048828125,1360.0999755859375,1339.5999755859375,1354.9000244140625,10800886,35.40432954429613
2026-01-21 08:00:00+00:00,1354.9000244140625,1357.300048828125,1343.800048828125,1347.0,4220726,33.25762707564216
2026-01-22 04:00:00+00:00,1349.199951171875,1349.4000244140625,1338.0999755859375,1341.800048828125,7840708,32.35635837531058
2026-01-22 08:00:00+00:00,1341.699951171875,1348.5,1340.4000244140625,1346.0999755859375,5911222,34.83418804154236
2026-01-23 04:00:00+00:00,1339.199951171875,1355.0,1337.300048828125,1347.5999755859375,6752951,37.69907819174015
2026-01-23 08:00:00+00:00,1347.5999755859375,1349.5999755859375,1339.5999755859375,1343.4000244140625,4366151,36.29131771639396
2026-01-27 04:00:00+00:00,1339.699951171875,1359.5,1332.800048828125,1356.5999755859375,11579574,44.44268838668839
2026-01-27 08:00:00+00:00,1356.5999755859375,1369.0,1354.0999755859375,1367.0999755859375,9385282,49.305083159686035
2026-01-28 00:00:00+00:00,1365.0,1380.199951171875,1365.0,1370.199951171875,3019643,50.67756670231515
2026-01-28 04:00:00+00:00,1370.300048828125,1373.5999755859375,1363.5,1364.5999755859375,6871678,48.14197580322836
2026-01-28 08:00:00+00:00,1364.699951171875,1369.5,1364.0,1367.699951171875,3351002,49.643981695496095
2026-01-29 04:00:00+00:00,1363.800048828125,1378.5,1362.199951171875,1378.0,6894587,54.500759870602465
2026-01-29 08:00:00+00:00,1377.9000244140625,1387.699951171875,1376.699951171875,1383.5999755859375,12599647,56.85950633188237
2026-01-30 04:00:00+00:00,1377.0999755859375,1383.5999755859375,1356.4000244140625,1361.0,9739479,45.93834462521129
2026-01-30 08:00:00+00:00,1361.0999755859375,1362.0,1353.300048828125,1356.0999755859375,7478916,43.92761728996835
2026-02-03 00:00:00+00:00,1416.199951171875,1416.199951171875,1375.0,1390.0999755859375,10589125,58.222807202984164
2026-02-03 04:00:00+00:00,1390.5,1399.5999755859375,1388.5,1391.5,8724736,58.677926731307295
2026-02-03 08:00:00+00:00,1391.9000244140625,1395.0,1387.0,1389.0,5582236,57.47387328425119
2026-02-04 04:00:00+00:00,1402.9000244140625,1410.0,1400.5999755859375,1409.699951171875,4429423,64.19141110703394
2026-02-04 08:00:00+00:00,1409.800048828125,1413.800048828125,1404.199951171875,1406.0999755859375,3636516,62.25676069575509
2026-02-05 04:00:00+00:00,1406.0999755859375,1409.0,1399.0,1399.9000244140625,4099487,58.647630091200526
2026-02-05 08:00:00+00:00,1399.800048828125,1400.4000244140625,1393.300048828125,1393.300048828125,3621634,55.08700029226206
2026-02-06 04:00:00+00:00,1403.5,1405.4000244140625,1394.800048828125,1403.800048828125,6198021,59.32421125500205
2026-02-06 08:00:00+00:00,1403.800048828125,1409.0,1403.199951171875,1406.0999755859375,3259308,60.27488428549293
2026-02-09 04:00:00+00:00,1400.300048828125,1400.5999755859375,1388.800048828125,1391.9000244140625,2926363,51.85061295839767
2026-02-09 08:00:00+00:00,1391.9000244140625,1399.800048828125,1391.800048828125,1396.300048828125,3884124,54.057705348302726
2026-02-10 04:00:00+00:00,1398.5999755859375,1406.9000244140625,1396.0,1401.9000244140625,7189454,56.88901313922132
2026-02-10 08:00:00+00:00,1403.0,1409.300048828125,1402.5999755859375,1406.5,7997230,59.181548524202114
2026-02-11 04:00:00+00:00,1405.4000244140625,1408.0,1400.5999755859375,1407.0,3941281,59.244497617949015
2026-02-11 08:00:00+00:00,1407.0,1409.0,1403.0,1408.0,2125355,59.8051523762749
2026-02-12 04:00:00+00:00,1423.300048828125,1430.0,1421.699951171875,1429.199951171875,7423304,69.56243994425085
2026-02-12 08:00:00+00:00,1429.199951171875,1433.0,1425.5,1432.0,9165665,70.63232692352607
2026-02-13 04:00:00+00:00,1428.4000244140625,1429.0,1410.9000244140625,1412.9000244140625,6571110,55.4268991022823
2026-02-13 08:00:00+00:00,1412.9000244140625,1418.0,1411.300048828125,1415.0,3474188,56.54954338972314
2026-02-16 04:00:00+00:00,1411.5,1412.199951171875,1402.5,1409.5,2599453,52.70094866915735
2026-02-16 08:00:00+00:00,1409.5,1414.0,1408.5999755859375,1411.5999755859375,1315274,54.048099371726785
2026-02-17 04:00:00+00:00,1400.0,1406.5999755859375,1397.4000244140625,1402.699951171875,5398875,48.11154982983565
2026-02-17 08:00:00+00:00,1402.800048828125,1410.4000244140625,1400.5999755859375,1407.5,5691057,51.3664174744978
2026-02-18 04:00:00+00:00,1401.800048828125,1404.0999755859375,1398.9000244140625,1404.0,2615495,49.122309465572535
2026-02-18 08:00:00+00:00,1404.0999755859375,1410.0,1403.5,1408.199951171875,1693918,52.07273074373852
2026-02-19 04:00:00+00:00,1403.4000244140625,1403.699951171875,1390.199951171875,1392.800048828125,7470804,41.95645874558003
2026-02-19 08:00:00+00:00,1392.800048828125,1395.5999755859375,1385.5,1388.800048828125,5999734,39.74732109431368
2026-02-20 04:00:00+00:00,1398.0999755859375,1403.699951171875,1392.199951171875,1397.5,5806311,46.39456719022542
2026-02-20 08:00:00+00:00,1397.0999755859375,1399.0,1392.300048828125,1394.5,2556056,44.47690683093023
2026-02-23 04:00:00+00:00,1406.9000244140625,1407.800048828125,1395.699951171875,1398.0,6130679,47.406907868963664
2026-02-23 08:00:00+00:00,1398.0999755859375,1402.5,1397.9000244140625,1399.0,2539189,48.083699363259846
2026-02-24 04:00:00+00:00,1394.4000244140625,1395.199951171875,1384.0,1391.5999755859375,7879424,43.4851433050343
2026-02-24 08:00:00+00:00,1391.4000244140625,1392.0,1382.300048828125,1384.800048828125,8486874,39.57372359089062
2026-02-25 04:00:00+00:00,1399.199951171875,1404.0,1394.5,1401.9000244140625,7280787,51.52109153902415
2026-02-25 08:00:00+00:00,1401.9000244140625,1407.4000244140625,1398.0999755859375,1399.9000244140625,4432430,50.1905683770532
2026-02-26 04:00:00+00:00,1401.5999755859375,1409.0,1397.699951171875,1403.5,11992250,52.67122589341812
2026-02-26 08:00:00+00:00,1403.800048828125,1409.800048828125,1400.5999755859375,1404.9000244140625,13169609,53.66529621484256
2026-02-27 04:00:00+00:00,1394.4000244140625,1394.4000244140625,1381.800048828125,1386.4000244140625,5785288,41.002395591194656
2026-02-27 08:00:00+00:00,1386.4000244140625,1386.699951171875,1377.199951171875,1379.4000244140625,7047392,37.26768893550713
2026-03-02 04:00:00+00:00,1367.0999755859375,1369.800048828125,1361.5999755859375,1369.0999755859375,6313236,33.50056378109531
2026-03-02 08:00:00+00:00,1369.0999755859375,1378.800048828125,1367.300048828125,1374.800048828125,7545915,38.25688694767164
2026-03-04 04:00:00+00:00,1350.4000244140625,1370.699951171875,1347.5,1370.0,8998192,41.332791605949815
2026-03-04 08:00:00+00:00,1370.0,1375.9000244140625,1361.699951171875,1366.5,5134701,39.97274387645049
2026-03-05 04:00:00+00:00,1357.699951171875,1370.5999755859375,1347.9000244140625,1349.0,7957722,33.75315392200115
2026-03-05 08:00:00+00:00,1348.5999755859375,1363.199951171875,1347.699951171875,1357.5999755859375,8377648,38.95815348128264
2026-03-06 04:00:00+00:00,1329.0,1329.0999755859375,1316.0999755859375,1318.199951171875,8515687,27.91051514949247
2026-03-06 08:00:00+00:00,1318.300048828125,1319.5999755859375,1310.5999755859375,1315.0999755859375,6249915,27.220689706347358
2026-03-09 04:00:00+00:00,1271.4000244140625,1281.199951171875,1265.0,1277.199951171875,6667851,22.621813774238078
2026-03-09 08:00:00+00:00,1277.4000244140625,1281.699951171875,1274.5,1278.4000244140625,2805571,23.267598335510073
2026-03-10 04:00:00+00:00,1297.5999755859375,1310.0999755859375,1297.0,1309.9000244140625,8903510,38.26560560758332
2026-03-10 08:00:00+00:00,1309.9000244140625,1315.0,1305.300048828125,1311.0,6037713,38.7365270545346
2026-03-11 04:00:00+00:00,1297.5,1303.9000244140625,1290.9000244140625,1298.300048828125,6894802,35.633528595186604
2026-03-11 08:00:00+00:00,1298.800048828125,1301.699951171875,1291.0,1294.5999755859375,3814998,34.63525195900007
2026-03-12 04:00:00+00:00,1272.0,1280.4000244140625,1270.0999755859375,1272.0,5988861,29.245870104354566
2026-03-12 08:00:00+00:00,1272.0,1273.699951171875,1263.5999755859375,1266.5,7263938,28.015480192780018
2026-03-13 04:00:00+00:00,1252.5,1262.300048828125,1248.800048828125,1257.699951171875,8736675,28.127675422982676
2026-03-13 08:00:00+00:00,1257.699951171875,1261.699951171875,1252.0,1254.0,5179144,27.298099796821887
2026-03-16 04:00:00+00:00,1247.5999755859375,1259.699951171875,1240.0999755859375,1258.300048828125,8554967,32.26125849401221
2026-03-16 08:00:00+00:00,1258.5,1276.5,1256.4000244140625,1272.9000244140625,11386823,39.829460449192304
2026-03-17 04:00:00+00:00,1286.300048828125,1292.5,1275.0,1292.0,9225653,48.17721622433255
2026-03-17 08:00:00+00:00,1292.0,1293.800048828125,1283.699951171875,1287.0,10344019,46.27268100104888
2026-03-18 04:00:00+00:00,1272.5999755859375,1296.9000244140625,1272.0,1294.199951171875,6678729,50.03427235508852
2026-03-18 08:00:00+00:00,1294.0999755859375,1297.0,1286.0,1293.0,3871653,49.58934553991549
2026-03-19 04:00:00+00:00,1261.0,1272.9000244140625,1257.0999755859375,1261.4000244140625,3997370,39.730444862248575
2026-03-19 08:00:00+00:00,1261.4000244140625,1263.0,1243.699951171875,1259.0999755859375,7137930,39.07311851483805
2026-03-20 04:00:00+00:00,1267.5999755859375,1274.0,1254.0,1262.699951171875,6433758,41.254800322202925
2026-03-20 08:00:00+00:00,1262.699951171875,1262.800048828125,1241.9000244140625,1248.0,8890777,36.85667419079202
2026-03-23 04:00:00+00:00,1225.5,1231.0,1221.800048828125,1226.9000244140625,6194385,32.10960811657634
2026-03-23 08:00:00+00:00,1227.199951171875,1230.800048828125,1218.0999755859375,1225.0,6254567,31.65274086693124
2026-03-24 04:00:00+00:00,1239.300048828125,1251.0999755859375,1223.9000244140625,1249.199951171875,10555648,43.10574258043745
2026-03-24 08:00:00+00:00,1249.5999755859375,1253.9000244140625,1245.0,1251.199951171875,7882661,43.978081390653834
2026-03-25 04:00:00+00:00,1265.0999755859375,1272.9000244140625,1259.0,1259.699951171875,5793282,47.69055096100296
2026-03-25 08:00:00+00:00,1259.4000244140625,1263.5999755859375,1254.800048828125,1258.800048828125,8200881,47.339230172498645
2026-03-27 04:00:00+00:00,1253.5999755859375,1257.0,1240.0,1242.4000244140625,7312476,41.086871256070474
2026-03-27 08:00:00+00:00,1242.300048828125,1246.0999755859375,1231.0,1233.800048828125,13636228,38.1736531671463
2026-03-30 04:00:00+00:00,1219.0,1221.4000244140625,1211.0,1217.300048828125,7666296,33.27199591227472
2026-03-30 08:00:00+00:00,1217.5999755859375,1217.9000244140625,1200.5999755859375,1205.9000244140625,12405575,30.183692002873926
2026-04-01 04:00:00+00:00,1222.4000244140625,1225.0,1210.0,1217.300048828125,9458920,37.416683355786745
2026-04-01 08:00:00+00:00,1217.9000244140625,1217.9000244140625,1210.4000244140625,1213.0,6247571,36.0915762817666
2026-04-02 04:00:00+00:00,1200.5,1207.4000244140625,1188.199951171875,1205.0999755859375,8168481,35.05813874456605
2026-04-02 08:00:00+00:00,1205.699951171875,1222.0,1204.4000244140625,1216.5,9820843,41.04480714952883
2026-04-06 04:00:00+00:00,1208.0,1231.5999755859375,1206.0999755859375,1231.5,5249428,48.71799324486762
2026-04-06 08:00:00+00:00,1231.5,1234.4000244140625,1226.300048828125,1231.4000244140625,2856610,48.6798064284854
2026-04-07 04:00:00+00:00,1223.0999755859375,1241.5999755859375,1219.0,1236.0999755859375,10952893,50.91403880699803
2026-04-07 08:00:00+00:00,1236.4000244140625,1250.199951171875,1232.0,1248.0,12707097,55.29773223317058
2026-04-08 04:00:00+00:00,1302.4000244140625,1314.300048828125,1301.5,1306.300048828125,10123719,69.66471962216342
2026-04-08 08:00:00+00:00,1306.300048828125,1311.5999755859375,1305.5,1309.0,4772242,70.1768922185652
2026-04-09 04:00:00+00:00,1293.800048828125,1298.800048828125,1281.5,1282.0,6359347,59.076980329776944
2026-04-09 08:00:00+00:00,1282.5,1286.199951171875,1276.0999755859375,1283.5,12092515,59.476637268819786
2026-04-10 04:00:00+00:00,1321.4000244140625,1323.5999755859375,1314.5,1319.0999755859375,7528116,67.15045417900834
2026-04-10 08:00:00+00:00,1318.9000244140625,1324.0,1311.800048828125,1322.0,7082801,67.74595504837765
2026-04-13 04:00:00+00:00,1309.699951171875,1351.5999755859375,1309.199951171875,1350.300048828125,14610096,70.62354374099263
2026-04-13 08:00:00+00:00,1350.300048828125,1356.5,1345.0999755859375,1349.699951171875,11466824,70.38335988164793
2026-04-15 04:00:00+00:00,1349.0999755859375,1352.0,1338.0,1347.4000244140625,10272883,69.35448727477683
2026-04-15 08:00:00+00:00,1347.300048828125,1350.9000244140625,1345.4000244140625,1347.0,7260939,69.1615207235761
2026-04-16 04:00:00+00:00,1362.0999755859375,1365.0,1340.300048828125,1343.5,12280222,63.70774314546013
2026-04-16 08:00:00+00:00,1343.4000244140625,1352.300048828125,1340.300048828125,1345.5,7604118,64.20016055198766
2026-04-17 04:00:00+00:00,1336.5,1345.5999755859375,1336.300048828125,1341.5999755859375,9795184,61.64162870106373
2026-04-17 08:00:00+00:00,1341.9000244140625,1352.9000244140625,1339.199951171875,1352.0,5017813,64.4618346000394
2026-04-20 08:00:00+00:00,1346.800048828125,1358.0999755859375,1346.800048828125,1354.300048828125,13893149,61.262440841177884
2026-04-21 04:00:00+00:00,1371.9000244140625,1390.699951171875,1356.199951171875,1385.300048828125,10170114,68.12548706712286
2026-04-21 08:00:00+00:00,1385.300048828125,1392.300048828125,1384.0,1388.4000244140625,8840755,68.74712734331092
2026-04-22 04:00:00+00:00,1368.199951171875,1373.0,1367.0,1371.9000244140625,7228078,61.38800709237645
2026-04-22 08:00:00+00:00,1372.0,1372.9000244140625,1366.199951171875,1367.5999755859375,3281795,59.65611725127302
2026-04-23 04:00:00+00:00,1352.5,1353.300048828125,1345.0,1350.0,9073859,52.996637958411625
2026-04-23 08:00:00+00:00,1350.300048828125,1351.300048828125,1344.0,1348.0,6327378,52.236116268856684
2026-04-24 04:00:00+00:00,1334.0999755859375,1336.199951171875,1325.0999755859375,1326.800048828125,7558713,44.71681710157932
2026-04-24 08:00:00+00:00,1326.800048828125,1331.199951171875,1324.0999755859375,1325.800048828125,3622937,44.37637818718831
2026-04-27 04:00:00+00:00,1327.800048828125,1329.199951171875,1311.0,1321.0,8626642,42.722746266243185
2026-04-27 08:00:00+00:00,1320.9000244140625,1321.199951171875,1312.5,1314.0999755859375,4577332,40.257305415461325
2026-04-28 04:00:00+00:00,1313.300048828125,1314.5999755859375,1296.199951171875,1297.5,8431009,34.682565130216304
2026-04-28 08:00:00+00:00,1297.5,1299.300048828125,1287.0,1289.4000244140625,6403215,32.32619426172106
2026-04-29 04:00:00+00:00,1290.0,1294.5,1282.4000244140625,1284.0999755859375,6545535,30.955925125602562
2026-04-29 08:00:00+00:00,1284.300048828125,1284.5999755859375,1278.0,1279.0,3431284,29.476724953562268
2026-04-30 04:00:00+00:00,1262.800048828125,1271.0999755859375,1260.5999755859375,1269.199951171875,7433325,29.54660476932446
2026-04-30 08:00:00+00:00,1269.0,1269.9000244140625,1260.699951171875,1263.4000244140625,6634854,28.005035270762562
2026-05-04 04:00:00+00:00,1274.5,1279.5,1265.300048828125,1271.5,6303933,34.00841900658979
2026-05-04 08:00:00+00:00,1272.0,1274.199951171875,1268.0999755859375,1269.5,4379779,33.34922788209178
2026-05-05 04:00:00+00:00,1250.5999755859375,1256.300048828125,1245.5,1252.0,13772511,28.707784884233007
2026-05-05 08:00:00+00:00,1251.699951171875,1254.0999755859375,1249.5999755859375,1250.9000244140625,7722297,28.394983057661975
2026-05-06 04:00:00+00:00,1258.199951171875,1262.0999755859375,1252.199951171875,1260.5999755859375,6281714,35.215585875744466
2026-05-06 08:00:00+00:00,1260.5999755859375,1282.0999755859375,1260.0,1279.5999755859375,13737365,46.57737036904342
2026-05-07 04:00:00+00:00,1288.4000244140625,1293.9000244140625,1279.300048828125,1282.0,7221347,47.857897782684795
2026-05-07 08:00:00+00:00,1282.0,1284.5999755859375,1273.5999755859375,1279.0,12478212,46.460371560933694
2026-05-08 04:00:00+00:00,1270.800048828125,1272.199951171875,1261.5,1263.5999755859375,4891518,39.80642228808499
2026-05-08 08:00:00+00:00,1264.199951171875,1266.300048828125,1262.0999755859375,1266.300048828125,4748272,41.45302791214314
2026-05-11 04:00:00+00:00,1258.199951171875,1275.699951171875,1257.5999755859375,1271.699951171875,10653349,45.962589430026654
2026-05-11 08:00:00+00:00,1271.5,1273.5999755859375,1264.199951171875,1267.5999755859375,5728681,44.12675029199264
2026-05-12 04:00:00+00:00,1249.4000244140625,1250.800048828125,1241.199951171875,1242.800048828125,7656467,34.87313214041795
2026-05-12 08:00:00+00:00,1243.0999755859375,1248.0999755859375,1238.0999755859375,1244.4000244140625,10103108,35.85994457410243
2026-05-13 04:00:00+00:00,1234.300048828125,1249.0,1234.199951171875,1242.5,9965838,37.63093673634474
2026-05-13 08:00:00+00:00,1242.199951171875,1242.699951171875,1233.5999755859375,1235.699951171875,6085454,35.2581943983045
2026-05-14 04:00:00+00:00,1241.0999755859375,1256.699951171875,1236.4000244140625,1252.0,9739951,44.71898313801918
2026-05-14 08:00:00+00:00,1252.0,1254.0,1242.0999755859375,1246.0,4873029,42.214317228060864
2026-05-15 04:00:00+00:00,1250.4000244140625,1252.300048828125,1242.5,1251.0,5075217,45.00012391736733
2026-05-15 08:00:00+00:00,1251.0,1252.0999755859375,1242.0999755859375,1244.5,4400828,41.972640356876944
2026-05-18 04:00:00+00:00,1234.699951171875,1251.0999755859375,1234.4000244140625,1249.5999755859375,7246267,46.46088382558139
2026-05-18 08:00:00+00:00,1249.5999755859375,1253.699951171875,1246.9000244140625,1251.0999755859375,4523518,47.256318274003924
2026-05-19 00:00:00+00:00,1251.699951171875,1256.199951171875,1233.699951171875,1242.5,9250243,43.2856150098864
2026-05-19 04:00:00+00:00,1242.4000244140625,1248.699951171875,1237.0,1246.5,9890486,45.576187133502074
2026-05-19 08:00:00+00:00,1246.300048828125,1248.0,1237.199951171875,1242.9000244140625,5869327,43.8593192437713
2026-05-20 04:00:00+00:00,1230.0999755859375,1235.800048828125,1226.699951171875,1232.4000244140625,8275025,39.82298505021577
2026-05-20 08:00:00+00:00,1232.4000244140625,1238.9000244140625,1231.4000244140625,1236.0,4701165,42.14077436460804
2026-05-21 04:00:00+00:00,1244.800048828125,1248.300048828125,1234.4000244140625,1239.800048828125,6636985,44.92941397598344
2026-05-21 08:00:00+00:00,1240.0,1245.800048828125,1239.0,1242.800048828125,6232493,46.767429259159954
2026-05-22 04:00:00+00:00,1266.4000244140625,1270.699951171875,1259.5999755859375,1268.0999755859375,5967909,59.19890857018854
2026-05-22 08:00:00+00:00,1268.0999755859375,1268.800048828125,1261.5999755859375,1267.199951171875,2570123,58.636850122869276
2026-05-25 04:00:00+00:00,1276.5,1284.5999755859375,1276.4000244140625,1283.699951171875,5159461,65.34489254710863
2026-05-25 08:00:00+00:00,1283.699951171875,1293.5,1283.4000244140625,1291.800048828125,3308246,68.18925706503896
2026-05-26 04:00:00+00:00,1293.5999755859375,1298.5,1281.0,1282.0,8565119,60.68843691086138
2026-05-26 08:00:00+00:00,1282.300048828125,1283.0999755859375,1276.5999755859375,1280.9000244140625,6247807,59.966283661486294
2026-05-27 04:00:00+00:00,1288.300048828125,1293.4000244140625,1270.5999755859375,1270.5999755859375,10577738,52.41775243972426
2026-05-27 08:00:00+00:00,1270.5999755859375,1275.0999755859375,1266.800048828125,1272.699951171875,5700413,53.42596109170541
2026-05-29 04:00:00+00:00,1280.0,1285.9000244140625,1266.800048828125,1267.0999755859375,5405548,49.87346080592848
2026-05-29 08:00:00+00:00,1267.199951171875,1275.199951171875,1250.5,1259.0,22225040,46.05245332909724
2026-06-01 04:00:00+00:00,1254.5999755859375,1256.4000244140625,1237.800048828125,1238.699951171875,4008163,37.7715214038492
2026-06-01 08:00:00+00:00,1238.699951171875,1242.4000244140625,1236.199951171875,1239.699951171875,4453137,38.36868300979239
2026-06-02 04:00:00+00:00,1224.9000244140625,1237.5,1221.0,1233.5,8727683,38.39306115795409
2026-06-02 08:00:00+00:00,1233.5,1236.699951171875,1223.699951171875,1230.0999755859375,6884519,37.17967357449117
