,ICICI_Close,Nifty_Close,BankNifty_Close,Gold_Close,USD_INR,Bond_10Y,Bond_5Y,US_10Y,US_5Y,FII_Net,DII_Net,CPI_Index,WPI_Index,Trade_Balance_Billion_USD,Repo_Rate_%,CRR_%,Real_GDP_YoY_Growth_%,Net Profit (₹ Cr),NII (₹ Cr)
2010-01-04,129.26022338867188,5094.14990234375,8919.1962890625,1089.199951171875,46.27,7.676,7.253,3.8410000801086426,2.6519999504089355,325.91,-1300.31,65.03028,78.4632109468159,-12.47613,6.0,5.0,10.149064571049893,878.0,2100.0
2010-01-05,129.26022338867188,5094.14990234375,8919.1962890625,1089.199951171875,46.13,7.701,7.211,3.755000114440918,2.558000087738037,325.91,-1300.31,65.03028,78.4632109468159,-12.47613,6.0,5.0,10.149064571049893,878.0,2100.0
2010-01-06,129.26022338867188,5094.14990234375,8919.1962890625,1089.199951171875,45.72,7.734,7.241,3.808000087738037,2.572999954223633,325.91,-1300.31,65.03028,78.4632109468159,-12.47613,6.0,5.0,10.149064571049893,878.0,2100.0
2010-01-07,129.26022338867188,5094.14990234375,8919.1962890625,1089.199951171875,45.67,7.778,7.266,3.822000026702881,2.5999999046325684,325.91,-1300.31,65.03028,78.4632109468159,-12.47613,6.0,5.0,10.149064571049893,878.0,2100.0
2010-01-08,129.26022338867188,5094.14990234375,8919.1962890625,1089.199951171875,45.5,7.773,7.266,3.808000087738037,2.565999984741211,325.91,-1300.31,65.03028,78.4632109468159,-12.47613,6.0,5.0,10.149064571049893,878.0,2100.0
2010-01-11,129.26022338867188,5094.14990234375,8919.1962890625,1089.199951171875,45.35,7.751,7.278,3.818000078201294,2.555999994277954,325.91,-1300.31,65.03028,78.4632109468159,-12.47613,6.0,5.0,10.149064571049893,878.0,2100.0
2010-01-12,129.26022338867188,5094.14990234375,8919.1962890625,1089.199951171875,45.6,7.798,7.278,3.7190001010894775,2.4820001125335693,325.91,-1300.31,65.03028,78.4632109468159,-12.47613,6.0,5.0,10.149064571049893,878.0,2100.0
2010-01-13,129.26022338867188,5094.14990234375,8919.1962890625,1089.199951171875,45.47,7.767,7.278,3.7829999923706055,2.5320000648498535,325.91,-1300.31,65.03028,78.4632109468159,-12.47613,6.0,5.0,10.149064571049893,878.0,2100.0
2010-01-14,129.26022338867188,5094.14990234375,8919.1962890625,1089.199951171875,45.55,7.7,7.24,3.7339999675750737,2.484999895095825,325.91,-1300.31,65.03028,78.4632109468159,-12.47613,6.0,5.0,10.149064571049893,878.0,2100.0
2010-01-15,129.26022338867188,5094.14990234375,8919.1962890625,1089.199951171875,45.8,7.736,7.228,3.6760001182556152,2.4189999103546143,325.91,-1300.31,65.03028,78.4632109468159,-12.47613,6.0,5.0,10.149064571049893,878.0,2100.0
2010-01-18,129.26022338867188,5094.14990234375,8919.1962890625,1089.199951171875,45.8,7.613,7.202,3.6760001182556152,2.4189999103546143,325.91,-1300.31,65.03028,78.4632109468159,-12.47613,6.0,5.0,10.149064571049893,878.0,2100.0
2010-01-19,129.26022338867188,5094.14990234375,8919.1962890625,1089.199951171875,45.84,7.635,7.207,3.7070000171661377,2.4560000896453857,325.91,-1300.31,65.03028,78.4632109468159,-12.47613,6.0,5.0,10.149064571049893,878.0,2100.0
2010-01-20,129.26022338867188,5094.14990234375,8919.1962890625,1089.199951171875,46.1,7.628,7.202,3.6589999198913574,2.4210000038146973,325.91,-1300.31,65.03028,78.4632109468159,-12.47613,6.0,5.0,10.149064571049893,878.0,2100.0
2010-01-21,129.26022338867188,5094.14990234375,8919.1962890625,1089.199951171875,46.1,7.566,7.114,3.611000061035156,2.361999988555908,325.91,-1300.31,65.03028,78.4632109468159,-12.47613,6.0,5.0,10.149064571049893,878.0,2100.0
2010-01-22,127.441162109375,5036.0,8772.548828125,1089.199951171875,46.21,7.567,7.152,3.5980000495910645,2.3399999141693115,325.91,-1300.31,65.03028,78.4632109468159,-12.47613,6.0,5.0,10.149064571049893,878.0,2100.0
2010-01-25,125.9404525756836,5007.89990234375,8696.498046875,1095.199951171875,46.06,7.583,7.164,3.630000114440918,2.361000061035156,325.91,-1300.31,65.03028,78.4632109468159,-12.47613,6.0,5.0,10.149064571049893,878.0,2100.0
2010-01-26,125.9404525756836,5007.89990234375,8696.498046875,1097.9000244140625,46.06,7.583,7.164,3.630000114440918,2.3529999256134033,325.91,-1300.31,65.03028,78.4632109468159,-12.47613,6.0,5.0,10.149064571049893,878.0,2100.0
2010-01-27,119.3462905883789,4853.10009765625,8329.703125,1084.4000244140625,46.3,7.544,7.139,3.6440000534057617,2.382999897003174,325.91,-1300.31,65.03028,78.4632109468159,-12.47613,6.0,5.0,10.149064571049893,878.0,2100.0
2010-01-28,119.4599838256836,4867.25,8423.751953125,1083.5999755859375,46.35,7.549,7.139,3.6579999923706055,2.4089999198913574,325.91,-1300.31,65.03028,78.4632109468159,-12.47613,6.0,5.0,10.149064571049893,878.0,2100.0
2010-01-29,125.87220001220705,4882.0498046875,8651.44921875,1083.0,46.08,7.591,7.154,3.6089999675750737,2.3480000495910645,325.91,-1300.31,65.03028,78.4632109468159,-12.47613,6.0,5.0,10.149064571049893,878.0,2100.0
2010-02-01,126.6983642578125,4899.7001953125,8649.1494140625,1104.300048828125,46.27,7.638,7.176,3.6540000438690186,2.375,325.91,-1300.31,65.03028,78.4632109468159,-12.47613,6.0,5.0,10.149064571049893,878.0,2100.0
2010-02-02,124.1516571044922,4830.10009765625,8468.0517578125,1117.4000244140625,46.11,7.676,7.227,3.634999990463257,2.3570001125335693,325.91,-1300.31,65.03028,78.4632109468159,-12.47613,6.0,5.0,10.149064571049893,878.0,2100.0
2010-02-03,127.25170135498048,4931.85009765625,8631.7490234375,1111.4000244140625,45.97,7.669,7.227,3.703000068664551,2.4019999504089355,325.91,-1300.31,65.03028,78.4632109468159,-12.47613,6.0,5.0,10.149064571049893,878.0,2100.0
2010-02-04,125.6372528076172,4845.35009765625,8471.0009765625,1062.4000244140625,46.21,7.693,7.227,3.609999895095825,2.305000066757202,325.91,-1300.31,65.03028,78.4632109468159,-12.47613,6.0,5.0,10.149064571049893,878.0,2100.0
2010-02-05,120.99102020263672,4718.64990234375,8223.154296875,1052.199951171875,46.72,7.678,7.189,3.5460000038146973,2.2149999141693115,325.91,-1300.31,65.03028,78.4632109468159,-12.47613,6.0,5.0,10.149064571049893,878.0,2100.0
2010-02-08,122.08245849609376,4760.39990234375,8342.103515625,1065.699951171875,46.79,7.678,7.176,3.5920000076293945,2.263000011444092,325.91,-1300.31,65.03028,78.4632109468159,-12.47613,6.0,5.0,10.149064571049893,878.0,2100.0
2010-02-09,123.15117645263672,4792.64990234375,8392.3525390625,1076.699951171875,46.49,7.701,7.189,3.632999897003174,2.306999921798706,325.91,-1300.31,65.03028,78.4632109468159,-12.47613,6.0,5.0,10.149064571049893,878.0,2100.0
2010-02-10,121.24114227294922,4757.2001953125,8289.9033203125,1075.800048828125,46.36,7.788,7.24,3.694000005722046,2.36899995803833,325.91,-1300.31,65.03028,78.4632109468159,-12.47613,6.0,5.0,10.149064571049893,878.0,2100.0
2010-02-11,125.22036743164062,4826.85009765625,8381.302734375,1094.199951171875,46.39,7.859,7.291,3.7330000400543217,2.374000072479248,325.91,-1300.31,65.03028,78.4632109468159,-12.47613,6.0,5.0,10.149064571049893,878.0,2100.0
2010-02-12,125.22036743164062,4826.85009765625,8381.302734375,1089.5,46.44,7.859,7.291,3.693000078201294,2.3340001106262207,325.91,-1300.31,65.03028,78.4632109468159,-12.47613,6.0,5.0,10.149064571049893,878.0,2100.0
2010-02-15,123.90155029296876,4801.9501953125,8312.603515625,1089.5,46.44,7.891,7.329,3.693000078201294,2.3340001106262207,325.91,-1300.31,65.03028,78.4632109468159,-12.47613,6.0,5.0,10.149064571049893,878.0,2100.0
2010-02-16,126.19051361083984,4855.75,8397.7021484375,1119.300048828125,45.99,7.868,7.342,3.6640000343322754,2.299999952316284,325.91,-1300.31,65.03028,78.4632109468159,-12.47613,6.0,5.0,10.149064571049893,878.0,2100.0
2010-02-17,127.47906494140624,4914.0,8551.400390625,1119.5,46.0,7.892,7.342,3.742000102996826,2.388000011444092,325.91,-1300.31,65.03028,78.4632109468159,-12.47613,6.0,5.0,10.149064571049893,878.0,2100.0
2010-02-18,127.34259796142578,4887.75,8573.80078125,1118.0,46.2,7.869,7.329,3.802999973297119,2.444000005722046,325.91,-1300.31,65.03028,78.4632109468159,-12.47613,6.0,5.0,10.149064571049893,878.0,2100.0
2010-02-19,126.35731506347656,4844.89990234375,8487.0009765625,1121.300048828125,46.24,7.885,7.329,3.7820000648498535,2.4630000591278076,325.91,-1300.31,65.03028,78.4632109468159,-12.47613,6.0,5.0,10.149064571049893,878.0,2100.0
2010-02-22,126.06169891357422,4856.39990234375,8493.2509765625,1112.5999755859375,46.15,7.846,7.304,3.799000024795532,2.447999954223633,325.91,-1300.31,65.03028,78.4632109468159,-12.47613,6.0,5.0,10.149064571049893,878.0,2100.0
2010-02-23,128.50985717773438,4870.0498046875,8512.8515625,1102.699951171875,46.25,7.799,7.304,3.690999984741211,2.3529999256134033,325.91,-1300.31,65.03028,78.4632109468159,-12.47613,6.0,5.0,10.149064571049893,878.0,2100.0
2010-02-24,127.5093765258789,4858.60009765625,8504.451171875,1096.5,46.27,7.799,7.304,3.694999933242798,2.359999895095825,325.91,-1300.31,65.03028,78.4632109468159,-12.47613,6.0,5.0,10.149064571049893,878.0,2100.0
2010-02-25,129.09349060058594,4859.75,8537.7001953125,1107.800048828125,46.29,7.823,7.316,3.6419999599456783,2.3380000591278076,325.91,-1300.31,65.03028,78.4632109468159,-12.47613,6.0,5.0,10.149064571049893,878.0,2100.0
2010-02-26,132.2086639404297,4922.2998046875,8722.6484375,1118.300048828125,46.05,7.864,7.343,3.5950000286102295,2.2839999198913574,325.91,-1300.31,65.03028,78.4632109468159,-12.47613,6.0,5.0,10.149064571049893,878.0,2100.0
2010-03-01,132.2086639404297,4922.2998046875,8722.6484375,1117.800048828125,46.01,7.864,7.343,3.6059999465942383,2.2829999923706055,325.91,-1300.31,65.03028,79.1015950595489,-11.05778,6.0,5.75,10.149064571049893,878.0,2100.0
2010-03-02,135.9983673095703,5017.0,8921.99609375,1136.9000244140625,46.01,7.944,7.368,3.614000082015991,2.2730000019073486,325.91,-1300.31,65.03028,79.1015950595489,-11.05778,6.0,5.75,10.149064571049893,878.0,2100.0
2010-03-03,137.69615173339844,5088.10009765625,9039.3447265625,1142.699951171875,45.55,7.952,7.369,3.625,2.2699999809265137,325.91,-1300.31,65.03028,79.1015950595489,-11.05778,6.0,5.75,10.149064571049893,878.0,2100.0
2010-03-04,136.18785095214844,5080.25,9013.6953125,1132.5999755859375,45.82,7.945,7.343,3.6059999465942383,2.2750000953674316,325.91,-1300.31,65.03028,79.1015950595489,-11.05778,6.0,5.75,10.149064571049893,878.0,2100.0
2010-03-05,136.69566345214844,5088.7001953125,9038.3447265625,1134.800048828125,45.49,7.973,7.356,3.681999921798706,2.3429999351501465,325.91,-1300.31,65.03028,79.1015950595489,-11.05778,6.0,5.75,10.149064571049893,878.0,2100.0
2010-03-08,140.03065490722656,5124.0,9145.84375,1123.5999755859375,45.5,8.01,7.33,3.7079999446868896,2.3550000190734863,325.91,-1300.31,65.03028,79.1015950595489,-11.05778,6.0,5.75,10.149064571049893,878.0,2100.0
2010-03-09,140.2428741455078,5101.5,9138.09375,1122.0,45.6,7.97,7.291,3.700999975204468,2.3380000591278076,325.91,-1300.31,65.03028,79.1015950595489,-11.05778,6.0,5.75,10.149064571049893,878.0,2100.0
2010-03-10,139.12869262695312,5116.25,9119.1435546875,1107.800048828125,45.35,7.978,7.304,3.7200000286102295,2.378000020980835,325.91,-1300.31,65.03028,79.1015950595489,-11.05778,6.0,5.75,10.149064571049893,878.0,2100.0
2010-03-11,141.10694885253906,5133.39990234375,9186.7431640625,1108.0,45.49,8.0,7.278,3.7200000286102295,2.4100000858306885,325.91,-1300.31,65.03028,79.1015950595489,-11.05778,6.0,5.75,10.149064571049893,878.0,2100.0
2010-03-12,141.98614501953125,5137.0,9172.7939453125,1101.5,45.48,8.015,7.278,3.7100000381469727,2.4170000553131104,325.91,-1300.31,65.03028,79.1015950595489,-11.05778,6.0,5.75,10.149064571049893,878.0,2100.0
2010-03-15,140.03065490722656,5128.89990234375,9085.39453125,1105.0999755859375,45.55,8.005,7.304,3.7039999961853023,2.4049999713897705,325.91,-1300.31,65.03028,79.1015950595489,-11.05778,6.0,5.75,10.149064571049893,878.0,2100.0
2010-03-16,141.05389404296875,5198.10009765625,9102.8447265625,1122.199951171875,45.45,8.005,7.304,3.6530001163482666,2.3480000495910645,325.91,-1300.31,65.03028,79.1015950595489,-11.05778,6.0,5.75,10.149064571049893,878.0,2100.0
2010-03-17,143.7900848388672,5231.89990234375,9188.2939453125,1124.0,45.28,7.965,7.266,3.6419999599456783,2.365999937057495,325.91,-1300.31,65.03028,79.1015950595489,-11.05778,6.0,5.75,10.149064571049893,878.0,2100.0
2010-03-18,146.07908630371094,5245.89990234375,9252.1923828125,1127.4000244140625,45.45,7.912,7.227,3.671999931335449,2.4140000343322754,325.91,-1300.31,65.03028,79.1015950595489,-11.05778,6.0,5.75,10.149064571049893,878.0,2100.0
2010-03-19,145.0028076171875,5262.7998046875,9270.6923828125,1107.4000244140625,45.31,7.831,7.188,3.687000036239624,2.450999975204468,325.91,-1300.31,65.03028,79.1015950595489,-11.05778,6.0,5.75,10.149064571049893,878.0,2100.0
2010-03-22,141.77392578125,5205.2001953125,9186.84375,1099.300048828125,45.52,7.855,7.214,3.663000106811523,2.4140000343322754,325.91,-1300.31,65.03028,79.1015950595489,-11.05778,6.0,5.75,10.149064571049893,878.0,2100.0
2010-03-23,140.2959442138672,5225.2998046875,9222.79296875,1103.5,45.5,7.863,7.227,3.680000066757202,2.4119999408721924,325.91,-1300.31,65.03028,79.1015950595489,-11.05778,6.0,5.75,10.149064571049893,878.0,2100.0
2010-03-24,140.2959442138672,5225.2998046875,9222.79296875,1088.5999755859375,45.4,7.863,7.227,3.8289999961853023,2.569999933242798,325.91,-1300.31,65.03028,79.1015950595489,-11.05778,6.0,5.75,10.149064571049893,878.0,2100.0
2010-03-25,141.5617218017578,5260.39990234375,9318.1416015625,1092.699951171875,45.5,7.875,7.24,3.901000022888184,2.6610000133514404,325.91,-1300.31,65.03028,79.1015950595489,-11.05778,6.0,5.75,10.149064571049893,878.0,2100.0
2010-03-26,143.6309051513672,5282.0,9456.08984375,1104.199951171875,45.16,7.856,7.266,3.8550000190734863,2.6040000915527344,325.91,-1300.31,65.03028,79.1015950595489,-11.05778,6.0,5.75,10.149064571049893,878.0,2100.0
2010-03-29,144.40399169921875,5302.85009765625,9517.4892578125,1110.300048828125,44.94,7.762,7.175,3.864000082015991,2.5989999771118164,325.91,-1300.31,65.03028,79.1015950595489,-11.05778,6.0,5.75,10.149064571049893,878.0,2100.0
2010-03-30,145.4954376220703,5262.4501953125,9470.189453125,1104.5,45.06,7.769,7.253,3.868000030517578,2.6040000915527344,325.91,-1300.31,65.03028,79.1015950595489,-11.05778,6.0,5.75,10.149064571049893,878.0,2100.0
2010-03-31,144.3888397216797,5249.10009765625,9459.4892578125,1113.300048828125,44.95,7.85,7.306,3.8329999446868896,2.559999942779541,325.91,-1300.31,65.03028,79.1015950595489,-11.05778,6.0,5.75,10.149064571049893,878.0,2100.0
2010-04-01,144.41160583496094,5290.5,9507.6396484375,1125.0999755859375,44.79,7.85,7.306,3.8589999675750737,2.5810000896453857,325.91,-1300.31,65.03028,80.4363982043541,-13.54447,6.0,5.75,10.149064571049893,878.0,2100.0
2010-04-02,144.41160583496094,5290.5,9507.6396484375,1125.0999755859375,44.74,7.85,7.306,3.8589999675750737,2.5810000896453857,325.91,-1300.31,65.03028,80.4363982043541,-13.54447,6.0,5.75,10.149064571049893,878.0,2100.0
2010-04-05,149.36856079101562,5368.39990234375,9698.4873046875,1132.9000244140625,44.39,7.811,7.227,3.99399995803833,2.740999937057495,325.91,-1300.31,65.03028,80.4363982043541,-13.54447,6.0,5.75,10.149064571049893,878.0,2100.0
2010-04-06,151.25584411621094,5366.0,9728.0869140625,1135.0999755859375,44.41,7.795,7.227,3.9679999351501465,2.7130000591278076,325.91,-1300.31,65.03028,80.4363982043541,-13.54447,6.0,5.75,10.149064571049893,878.0,2100.0
2010-04-07,149.6717529296875,5374.64990234375,9680.9375,1152.300048828125,44.44,7.796,7.214,3.86299991607666,2.611000061035156,325.91,-1300.31,65.03028,80.4363982043541,-13.54447,6.0,5.75,10.149064571049893,878.0,2100.0
2010-04-08,145.6925048828125,5304.4501953125,9519.8896484375,1152.199951171875,44.41,7.863,7.201,3.8959999084472656,2.635999917984009,325.91,-1300.31,65.03028,80.4363982043541,-13.54447,6.0,5.75,10.149064571049893,878.0,2100.0
2010-04-09,148.2998504638672,5361.75,9656.3876953125,1161.0999755859375,44.1,8.013,7.201,3.888000011444092,2.638000011444092,325.91,-1300.31,65.03028,80.4363982043541,-13.54447,6.0,5.75,10.149064571049893,878.0,2100.0
2010-04-12,146.23068237304688,5339.7001953125,9575.3388671875,1161.5999755859375,44.41,8.029,7.188,3.8459999561309814,2.5929999351501465,325.91,-1300.31,65.03028,80.4363982043541,-13.54447,6.0,5.75,10.149064571049893,878.0,2100.0
2010-04-13,142.82748413085938,5322.9501953125,9482.8896484375,1152.800048828125,44.4675,8.057,7.227,3.811000108718872,2.563999891281128,325.91,-1300.31,65.03028,80.4363982043541,-13.54447,6.0,5.75,10.149064571049893,878.0,2100.0
2010-04-14,142.82748413085938,5322.9501953125,9482.8896484375,1159.0,44.2,8.057,7.227,3.8550000190734863,2.5959999561309814,325.91,-1300.31,65.03028,80.4363982043541,-13.54447,6.0,5.75,10.149064571049893,878.0,2100.0
2010-04-15,139.15902709960938,5273.60009765625,9344.4912109375,1159.699951171875,44.32,8.079,7.267,3.848000049591065,2.562000036239624,325.91,-1300.31,65.03028,80.4363982043541,-13.54447,6.0,5.75,10.149064571049893,878.0,2100.0
2010-04-16,139.8335723876953,5262.60009765625,9353.6416015625,1136.300048828125,44.3,8.088,7.28,3.7699999809265137,2.4709999561309814,325.91,-1300.31,65.03028,80.4363982043541,-13.54447,6.0,5.75,10.149064571049893,878.0,2100.0
2010-04-19,139.43185424804688,5203.64990234375,9302.7919921875,1135.199951171875,44.72,8.077,7.697,3.806999921798706,2.5230000019073486,325.91,-1300.31,65.03028,80.4363982043541,-13.54447,6.0,5.75,10.149064571049893,878.0,2100.0
2010-04-20,141.432861328125,5230.10009765625,9445.990234375,1138.5999755859375,44.5,7.984,7.599,3.805000066757202,2.5439999103546143,325.91,-1300.31,65.03028,80.4363982043541,-13.54447,6.0,5.75,10.149064571049893,878.0,2100.0
2010-04-21,144.29788208007812,5244.89990234375,9555.1884765625,1148.199951171875,44.54,8.008,7.624,3.73799991607666,2.494999885559082,325.91,-1300.31,65.03028,80.4363982043541,-13.54447,6.0,5.75,10.149064571049893,878.0,2100.0
2010-04-22,143.07760620117188,5269.35009765625,9623.1376953125,1142.300048828125,44.52,7.992,7.563,3.7720000743865967,2.5399999618530273,325.91,-1300.31,65.03028,80.4363982043541,-13.54447,6.0,5.75,10.149064571049893,878.0,2100.0
2010-04-23,148.20889282226562,5304.10009765625,9813.185546875,1153.0999755859375,44.42,8.058,7.601,3.816999912261963,2.5929999351501465,325.91,-1300.31,65.03028,80.4363982043541,-13.54447,6.0,5.75,10.149064571049893,878.0,2100.0
2010-04-26,145.5485382080078,5322.4501953125,9839.0361328125,1153.5,44.33,8.07,7.589,3.815000057220459,2.575000047683716,325.91,-1300.31,65.03028,80.4363982043541,-13.54447,6.0,5.75,10.149064571049893,878.0,2100.0
2010-04-27,143.54751586914062,5308.35009765625,9756.3369140625,1161.699951171875,44.41,8.108,7.521,3.690000057220459,2.434000015258789,325.91,-1300.31,65.03028,80.4363982043541,-13.54447,6.0,5.75,10.149064571049893,878.0,2100.0
2010-04-28,139.37881469726562,5215.4501953125,9634.7880859375,1171.300048828125,44.54,8.108,7.541,3.7730000019073486,2.5169999599456787,325.91,-1300.31,65.03028,80.4363982043541,-13.54447,6.0,5.75,10.149064571049893,878.0,2100.0
2010-04-29,143.56268310546875,5254.14990234375,9803.685546875,1168.4000244140625,44.61,8.092,7.505,3.7279999256134033,2.486999988555908,325.91,-1300.31,65.03028,80.4363982043541,-13.54447,6.0,5.75,10.149064571049893,878.0,2100.0
2010-04-30,144.3054962158203,5278.0,9870.2353515625,1180.0999755859375,44.2,8.061,7.433,3.663000106811523,2.4200000762939453,325.91,-1300.31,65.03028,80.4363982043541,-13.54447,6.0,5.75,10.149064571049893,878.0,2100.0
2010-05-03,142.0240478515625,5222.75,9775.38671875,1182.699951171875,44.46,8.045,7.441,3.7049999237060542,2.4779999256134033,325.91,-1300.31,65.03028,80.4363982043541,-13.54447,6.0,5.75,10.149064571049893,878.0,2100.0
2010-05-04,138.73452758789062,5148.5,9623.587890625,1168.5999755859375,44.62,7.968,7.308,3.61299991607666,2.390000104904175,325.91,-1300.31,65.03028,80.4363982043541,-13.54447,6.0,5.75,10.149064571049893,878.0,2100.0
2010-05-05,136.9837188720703,5124.89990234375,9581.73828125,1174.5999755859375,44.82,7.973,7.331,3.549999952316284,2.302999973297119,325.91,-1300.31,65.03028,80.4363982043541,-13.54447,6.0,5.75,10.149064571049893,878.0,2100.0
2010-05-06,136.8624267578125,5090.85009765625,9581.888671875,1196.9000244140625,45.29,7.978,7.349,3.3980000019073486,2.1440000534057617,325.91,-1300.31,65.03028,80.4363982043541,-13.54447,6.0,5.75,10.149064571049893,878.0,2100.0
2010-05-07,132.88319396972656,5018.0498046875,9275.9921875,1210.0,45.4,7.966,7.376,3.428999900817871,2.171999931335449,325.91,-1300.31,65.03028,80.4363982043541,-13.54447,6.0,5.75,10.149064571049893,878.0,2100.0
2010-05-10,139.78050231933594,5193.60009765625,9656.1376953125,1200.4000244140625,44.84,8.023,7.399,3.5390000343322754,2.257999897003174,325.91,-1300.31,65.03028,80.4363982043541,-13.54447,6.0,5.75,10.149064571049893,878.0,2100.0
2010-05-11,138.94680786132812,5136.14990234375,9625.9873046875,1219.9000244140625,45.1,7.975,7.353,3.5350000858306885,2.247999906539917,325.91,-1300.31,65.03028,80.4363982043541,-13.54447,6.0,5.75,10.149064571049893,878.0,2100.0
2010-05-12,138.6663360595703,5156.64990234375,9722.0869140625,1242.699951171875,45.08,7.93,7.302,3.566999912261963,2.2760000228881836,325.91,-1300.31,65.03028,80.4363982043541,-13.54447,6.0,5.75,10.149064571049893,878.0,2100.0
2010-05-13,140.52333068847656,5178.89990234375,9773.236328125,1228.800048828125,45.0,7.499,7.261,3.563999891281128,2.2720000743865967,325.91,-1300.31,65.03028,80.4363982043541,-13.54447,6.0,5.75,10.149064571049893,878.0,2100.0
2010-05-14,138.10548400878906,5093.5,9588.9384765625,1227.4000244140625,45.2,7.502,7.245,3.441999912261963,2.1489999294281006,325.91,-1300.31,65.03028,80.4363982043541,-13.54447,6.0,5.75,10.149064571049893,878.0,2100.0
2010-05-17,136.59716796875,5059.89990234375,9526.3896484375,1227.699951171875,45.51,7.466,7.238,3.4719998836517334,2.178999900817871,325.91,-1300.31,65.03028,80.4363982043541,-13.54447,6.0,5.75,10.149064571049893,878.0,2100.0
2010-05-18,134.79322814941406,5066.2001953125,9492.1396484375,1214.300048828125,45.51,7.5,7.254,3.375999927520752,2.0910000801086426,325.91,-1300.31,65.03028,80.4363982043541,-13.54447,6.0,5.75,10.149064571049893,878.0,2100.0
2010-05-19,124.9778289794922,4919.64990234375,9108.244140625,1192.5999755859375,46.27,7.438,7.215,3.3589999675750732,2.109999895095825,325.91,-1300.31,65.03028,80.4363982043541,-13.54447,6.0,5.75,10.149064571049893,878.0,2100.0
2010-05-20,126.06926727294922,4947.60009765625,9174.4931640625,1187.800048828125,46.8,7.416,7.226,3.263999938964844,2.0260000228881836,325.91,-1300.31,65.03028,80.4363982043541,-13.54447,6.0,5.75,10.149064571049893,878.0,2100.0
2010-05-21,126.54676055908205,4931.14990234375,9135.59375,1175.699951171875,46.9,7.382,7.237,3.200000047683716,1.99399995803833,325.91,-1300.31,65.03028,80.4363982043541,-13.54447,6.0,5.75,10.149064571049893,878.0,2100.0
2010-05-24,126.13748168945312,4943.9501953125,9087.14453125,1193.800048828125,46.97,7.395,7.249,3.2269999980926514,2.0179998874664307,325.91,-1300.31,65.03028,80.4363982043541,-13.54447,6.0,5.75,10.149064571049893,878.0,2100.0
2010-05-25,122.68882751464844,4806.75,8851.6474609375,1197.800048828125,47.49,7.383,7.251,3.1579999923706055,1.9730000495910645,325.91,-1300.31,65.03028,80.4363982043541,-13.54447,6.0,5.75,10.149064571049893,878.0,2100.0
2010-05-26,128.50985717773438,4917.39990234375,9027.4951171875,1213.300048828125,47.1,7.524,7.337,3.2179999351501465,2.055999994277954,325.91,-1300.31,65.03028,80.4363982043541,-13.54447,6.0,5.75,10.149064571049893,878.0,2100.0
2010-05-27,129.88174438476562,5003.10009765625,9258.3427734375,1211.9000244140625,46.71,7.524,7.337,3.3380000591278076,2.184999942779541,325.91,-1300.31,65.03028,80.4363982043541,-13.54447,6.0,5.75,10.149064571049893,878.0,2100.0
2010-05-28,131.0868682861328,5066.5498046875,9312.4912109375,1212.199951171875,46.31,7.539,7.374,3.3010001182556152,2.0969998836517334,325.91,-1300.31,65.03028,80.4363982043541,-13.54447,6.0,5.75,10.149064571049893,878.0,2100.0
2010-05-31,131.62501525878906,5086.2998046875,9363.591796875,1212.199951171875,46.31,7.564,7.413,3.3010001182556152,2.0969998836517334,325.91,-1300.31,65.03028,80.4363982043541,-13.54447,6.0,5.75,10.149064571049893,878.0,2100.0
2010-06-01,127.0242919921875,4970.2001953125,9118.943359375,1224.800048828125,47.08,7.564,7.392,3.2960000038146973,2.0950000286102295,325.91,-1300.31,66.56041,81.1328172364265,-8.131923,6.0,6.0,10.149064571049893,878.0,2100.0
2010-06-02,127.68366241455078,5019.85009765625,9192.34375,1220.5999755859375,46.89,7.503,7.367,3.3340001106262207,2.131999969482422,325.91,-1300.31,66.56041,81.1328172364265,-8.131923,6.0,6.0,10.149064571049893,878.0,2100.0
2010-06-03,129.47247314453125,5110.5,9387.5908203125,1208.300048828125,46.55,7.56,7.385,3.378999948501587,2.1579999923706055,325.91,-1300.31,66.56041,81.1328172364265,-8.131923,6.0,6.0,10.149064571049893,878.0,2100.0
2010-06-04,131.25363159179688,5135.5,9455.83984375,1216.199951171875,46.85,7.537,7.381,3.194999933242798,1.9789999723434448,325.91,-1300.31,66.56041,81.1328172364265,-8.131923,6.0,6.0,10.149064571049893,878.0,2100.0
2010-06-07,127.63064575195312,5034.0,9292.4912109375,1239.300048828125,47.08,7.49,7.381,3.184000015258789,1.968000054359436,325.91,-1300.31,66.56041,81.1328172364265,-8.131923,6.0,6.0,10.149064571049893,878.0,2100.0
2010-06-08,123.92428588867188,4987.10009765625,9185.193359375,1244.0,46.82,7.463,7.397,3.1679999828338623,1.9609999656677248,325.91,-1300.31,66.56041,81.1328172364265,-8.131923,6.0,6.0,10.149064571049893,878.0,2100.0
2010-06-09,124.99298095703124,5000.2998046875,9238.0927734375,1228.5,46.95,7.485,7.411,3.187000036239624,1.98199999332428,325.91,-1300.31,66.56041,81.1328172364265,-8.131923,6.0,6.0,10.149064571049893,878.0,2100.0
2010-06-10,127.53113555908205,5078.60009765625,9346.341796875,1220.800048828125,46.89,7.53,7.397,3.319000005722046,2.1080000400543213,325.91,-1300.31,66.56041,81.1328172364265,-8.131923,6.0,6.0,10.149064571049893,878.0,2100.0
2010-06-11,130.13851928710938,5119.35009765625,9451.640625,1228.9000244140625,46.76,7.638,7.442,3.2160000801086426,2.009999990463257,325.91,-1300.31,66.56041,81.1328172364265,-8.131923,6.0,6.0,10.149064571049893,878.0,2100.0
2010-06-14,131.31529235839844,5197.7001953125,9533.9892578125,1223.300048828125,46.4,7.686,7.461,3.2750000953674316,2.052000045776367,325.91,-1300.31,66.56041,81.1328172364265,-8.131923,6.0,6.0,10.149064571049893,878.0,2100.0
2010-06-15,132.30752563476562,5222.35009765625,9554.2890625,1233.199951171875,46.41,7.659,7.48,3.309999942779541,2.0829999446868896,325.91,-1300.31,66.56041,81.1328172364265,-8.131923,6.0,6.0,10.149064571049893,878.0,2100.0
2010-06-16,134.86874389648438,5233.35009765625,9588.7890625,1229.300048828125,46.43,7.593,7.421,3.2820000648498535,2.065000057220459,325.91,-1300.31,66.56041,81.1328172364265,-8.131923,6.0,6.0,10.149064571049893,878.0,2100.0
2010-06-17,135.96090698242188,5274.85009765625,9613.2890625,1247.5,46.22,7.62,7.414,3.190000057220459,1.9880000352859497,325.91,-1300.31,66.56041,81.1328172364265,-8.131923,6.0,6.0,10.149064571049893,878.0,2100.0
2010-06-18,133.72271728515625,5262.60009765625,9576.138671875,1257.199951171875,45.96,7.572,7.411,3.2230000495910645,2.0160000324249268,325.91,-1300.31,66.56041,81.1328172364265,-8.131923,6.0,6.0,10.149064571049893,878.0,2100.0
2010-06-21,138.4145050048828,5353.2998046875,9757.9365234375,1239.699951171875,45.64,7.568,7.386,3.243000030517578,2.0280001163482666,325.91,-1300.31,66.56041,81.1328172364265,-8.131923,6.0,6.0,10.149064571049893,878.0,2100.0
2010-06-22,137.153076171875,5316.5498046875,9675.3876953125,1239.9000244140625,46.0,7.572,7.383,3.1659998893737793,1.965999960899353,325.91,-1300.31,66.56041,81.1328172364265,-8.131923,6.0,6.0,10.149064571049893,878.0,2100.0
2010-06-23,138.50680541992188,5323.14990234375,9718.8369140625,1234.0999755859375,46.185,7.585,7.386,3.115000009536743,1.9149999618530271,325.91,-1300.31,66.56041,81.1328172364265,-8.131923,6.0,6.0,10.149064571049893,878.0,2100.0
2010-06-24,136.24551391601562,5320.60009765625,9673.4873046875,1245.5,46.4775,7.581,7.4,3.122999906539917,1.940999984741211,325.91,-1300.31,66.56041,81.1328172364265,-8.131923,6.0,6.0,10.149064571049893,878.0,2100.0
2010-06-25,131.7614288330078,5269.0498046875,9450.990234375,1255.800048828125,46.36,7.659,7.438,3.11299991607666,1.9110000133514404,325.91,-1300.31,66.56041,81.1328172364265,-8.131923,6.0,6.0,10.149064571049893,878.0,2100.0
2010-06-28,133.85348510742188,5333.5,9542.0888671875,1238.199951171875,46.2,7.598,7.428,3.0320000648498535,1.8339999914169312,325.91,-1300.31,66.56041,81.1328172364265,-8.131923,6.0,6.0,10.149064571049893,878.0,2100.0
2010-06-29,130.49232482910156,5256.14990234375,9381.291015625,1242.0,46.4,7.57,7.405,2.9670000076293945,1.7860000133514404,325.91,-1300.31,66.56041,81.1328172364265,-8.131923,6.0,6.0,10.149064571049893,878.0,2100.0
2010-06-30,132.5536346435547,5312.5,9464.4892578125,1245.5,46.41,7.561,7.393,2.950999975204468,1.7949999570846558,325.91,-1300.31,66.56041,81.1328172364265,-8.131923,6.0,6.0,10.149064571049893,878.0,2100.0
2010-07-01,129.43862915039062,5251.39990234375,9349.2919921875,1206.300048828125,46.59,7.528,7.377,2.927000045776367,1.7949999570846558,325.91,-1300.31,68.09053,81.8292362684988,-11.92608,6.0,6.0,10.149064571049893,1038.0,2079.0
2010-07-02,129.22323608398438,5237.10009765625,9357.0419921875,1207.4000244140625,46.55,7.551,7.391,2.9790000915527344,1.812000036239624,325.91,-1300.31,68.09053,81.8292362684988,-11.92608,6.0,6.0,10.149064571049893,1038.0,2079.0
2010-07-05,129.30787658691406,5235.89990234375,9385.240234375,1207.4000244140625,46.55,7.613,7.438,2.9790000915527344,1.812000036239624,325.91,-1300.31,68.09053,81.8292362684988,-11.92608,6.0,6.0,10.149064571049893,1038.0,2079.0
2010-07-06,132.10752868652344,5289.0498046875,9550.7890625,1194.800048828125,46.76,7.616,7.438,2.931999921798706,1.7599999904632568,325.91,-1300.31,68.09053,81.8292362684988,-11.92608,6.0,6.0,10.149064571049893,1038.0,2079.0
2010-07-07,130.16932678222656,5241.10009765625,9449.140625,1198.5999755859375,46.96,7.587,7.481,2.9800000190734863,1.7760000228881836,325.91,-1300.31,68.09053,81.8292362684988,-11.92608,6.0,6.0,10.149064571049893,1038.0,2079.0
2010-07-08,132.64593505859375,5296.85009765625,9566.48828125,1195.800048828125,46.865,7.601,7.436,3.0199999809265137,1.8009999990463257,325.91,-1300.31,68.09053,81.8292362684988,-11.92608,6.0,6.0,10.149064571049893,1038.0,2079.0
2010-07-09,134.73800659179688,5352.4501953125,9713.5869140625,1209.5999755859375,46.66,7.654,7.448,3.055999994277954,1.8389999866485596,325.91,-1300.31,68.09053,81.8292362684988,-11.92608,6.0,6.0,10.149064571049893,1038.0,2079.0
2010-07-12,137.43768310546875,5383.0,9850.4853515625,1198.5,46.66,7.614,7.384,3.0460000038146973,1.8289999961853027,325.91,-1300.31,68.09053,81.8292362684988,-11.92608,6.0,6.0,10.149064571049893,1038.0,2079.0
2010-07-13,138.36065673828125,5400.64990234375,9931.484375,1213.300048828125,46.74,7.623,7.389,3.114000082015991,1.8869999647140503,325.91,-1300.31,68.09053,81.8292362684988,-11.92608,6.0,6.0,10.149064571049893,1038.0,2079.0
2010-07-14,137.09922790527344,5386.14990234375,9956.5341796875,1206.800048828125,46.71,7.626,7.367,3.049999952316284,1.8140000104904177,325.91,-1300.31,68.09053,81.8292362684988,-11.92608,6.0,6.0,10.149064571049893,1038.0,2079.0
2010-07-15,135.6532745361328,5378.75,9931.984375,1208.0999755859375,46.5,7.636,7.37,2.9779999256134033,1.741000056266785,325.91,-1300.31,68.09053,81.8292362684988,-11.92608,6.0,6.0,10.149064571049893,1038.0,2079.0
2010-07-16,138.81442260742188,5393.89990234375,10013.333984375,1188.0,46.7,7.637,7.38,2.938999891281128,1.690000057220459,325.91,-1300.31,68.09053,81.8292362684988,-11.92608,6.0,6.0,10.149064571049893,1038.0,2079.0
2010-07-19,138.4529266357422,5386.4501953125,10032.3837890625,1181.699951171875,47.1,7.62,7.367,2.9639999866485596,1.7059999704360962,325.91,-1300.31,68.09053,81.8292362684988,-11.92608,6.0,6.0,10.149064571049893,1038.0,2079.0
2010-07-20,136.42239379882812,5368.0,9975.8837890625,1191.5,47.23,7.65,7.402,2.931999921798706,1.6749999523162842,325.91,-1300.31,68.09053,81.8292362684988,-11.92608,6.0,6.0,10.149064571049893,1038.0,2079.0
2010-07-21,138.84518432617188,5399.35009765625,9992.0341796875,1191.5999755859375,47.08,7.682,7.422,2.8919999599456787,1.6469999551773071,325.91,-1300.31,68.09053,81.8292362684988,-11.92608,6.0,6.0,10.149064571049893,1038.0,2079.0
2010-07-22,139.7835693359375,5441.9501953125,10060.1328125,1195.5,47.12,7.678,7.42,2.931999921798706,1.6710000038146973,325.91,-1300.31,68.09053,81.8292362684988,-11.92608,6.0,6.0,10.149064571049893,1038.0,2079.0
2010-07-23,140.4219512939453,5449.10009765625,10093.783203125,1187.699951171875,46.9,7.681,7.412,2.99399995803833,1.7289999723434448,325.91,-1300.31,68.09053,81.8292362684988,-11.92608,6.0,6.0,10.149064571049893,1038.0,2079.0
2010-07-26,141.01416015625,5418.60009765625,10023.8837890625,1183.0,47.04,7.681,7.412,2.99399995803833,1.7319999933242798,325.91,-1300.31,68.09053,81.8292362684988,-11.92608,6.0,6.0,10.149064571049893,1038.0,2079.0
2010-07-27,142.16787719726562,5430.60009765625,10090.533203125,1158.0,46.25,7.713,7.457,3.046999931335449,1.7869999408721924,325.91,-1300.31,68.09053,81.8292362684988,-11.92608,6.0,6.0,10.149064571049893,1038.0,2079.0
2010-07-28,139.80657958984375,5397.5498046875,10068.033203125,1160.4000244140625,46.7,7.753,7.515,3.000999927520752,1.7070000171661377,325.91,-1300.31,68.09053,81.8292362684988,-11.92608,6.0,6.0,10.149064571049893,1038.0,2079.0
2010-07-29,142.86013793945312,5408.89990234375,10179.58203125,1168.4000244140625,46.53,7.787,7.563,2.999000072479248,1.7009999752044678,325.91,-1300.31,68.09053,81.8292362684988,-11.92608,6.0,6.0,10.149064571049893,1038.0,2079.0
2010-07-30,139.19898986816406,5367.60009765625,10160.8818359375,1181.699951171875,46.35,7.803,7.626,2.9070000648498535,1.5980000495910645,325.91,-1300.31,68.09053,81.8292362684988,-11.92608,6.0,6.0,10.149064571049893,1038.0,2079.0
2010-08-02,144.52915954589844,5431.64990234375,10411.37890625,1183.4000244140625,46.09,7.864,7.7,2.9630000591278076,1.6399999856948853,325.91,-1300.31,68.09053,81.8292362684988,-11.92608,6.0,6.0,10.149064571049893,1038.0,2079.0
2010-08-03,147.98255920410156,5439.5498046875,10502.5283203125,1185.199951171875,46.11,7.823,7.629,2.9140000343322754,1.5540000200271606,325.91,-1300.31,68.09053,81.8292362684988,-11.92608,6.0,6.0,10.149064571049893,1038.0,2079.0
2010-08-04,149.0978240966797,5467.85009765625,10489.177734375,1193.699951171875,46.02,7.837,7.665,2.9519999027252197,1.616000056266785,325.91,-1300.31,68.09053,81.8292362684988,-11.92608,6.0,6.0,10.149064571049893,1038.0,2079.0
2010-08-05,146.9673309326172,5447.10009765625,10454.779296875,1197.199951171875,46.06,7.899,7.734,2.9149999618530273,1.5770000219345093,325.91,-1300.31,68.09053,81.8292362684988,-11.92608,6.0,6.0,10.149064571049893,1038.0,2079.0
2010-08-06,146.10589599609375,5439.25,10383.529296875,1203.4000244140625,45.94,7.833,7.694,2.8239998817443848,1.50600004196167,325.91,-1300.31,68.09053,81.8292362684988,-11.92608,6.0,6.0,10.149064571049893,1038.0,2079.0
2010-08-09,150.7668914794922,5486.14990234375,10523.9775390625,1200.699951171875,46.07,7.817,7.691,2.822000026702881,1.5260000228881836,325.91,-1300.31,68.09053,81.8292362684988,-11.92608,6.0,6.0,10.149064571049893,1038.0,2079.0
2010-08-10,152.1205596923828,5460.7001953125,10519.828125,1196.199951171875,46.3,7.84,7.697,2.7809998989105225,1.4819999933242798,325.91,-1300.31,68.09053,81.8292362684988,-11.92608,6.0,6.0,10.149064571049893,1038.0,2079.0
2010-08-11,149.4977569580078,5420.60009765625,10428.529296875,1197.5,46.66,7.824,7.598,2.684999942779541,1.4259999990463257,325.91,-1300.31,68.09053,81.8292362684988,-11.92608,6.0,6.0,10.149064571049893,1038.0,2079.0
2010-08-12,148.18258666992188,5416.4501953125,10583.52734375,1214.800048828125,46.7,7.833,7.628,2.734999895095825,1.4630000591278076,325.91,-1300.31,68.09053,81.8292362684988,-11.92608,6.0,6.0,10.149064571049893,1038.0,2079.0
2010-08-13,150.1976776123047,5452.10009765625,10737.224609375,1214.9000244140625,46.61,7.827,7.647,2.687999963760376,1.4600000381469729,325.91,-1300.31,68.09053,81.8292362684988,-11.92608,6.0,6.0,10.149064571049893,1038.0,2079.0
2010-08-16,147.22882080078125,5418.2998046875,10680.42578125,1224.5,46.68,7.824,7.616,2.575000047683716,1.3830000162124634,325.91,-1300.31,68.09053,81.8292362684988,-11.92608,6.0,6.0,10.149064571049893,1038.0,2079.0
2010-08-17,147.50570678710938,5414.14990234375,10770.125,1226.5999755859375,46.6,7.876,7.675,2.6449999809265137,1.4299999475479126,325.91,-1300.31,68.09053,81.8292362684988,-11.92608,6.0,6.0,10.149064571049893,1038.0,2079.0
2010-08-18,148.8901824951172,5479.14990234375,10893.9228515625,1229.699951171875,46.54,7.951,7.721,2.6410000324249268,1.4429999589920044,325.91,-1300.31,68.09053,81.8292362684988,-11.92608,6.0,6.0,10.149064571049893,1038.0,2079.0
2010-08-19,155.82781982421875,5540.2001953125,11110.37109375,1233.800048828125,46.35,7.951,7.721,2.5789999961853027,1.3919999599456787,325.91,-1300.31,68.09053,81.8292362684988,-11.92608,6.0,6.0,10.149064571049893,1038.0,2079.0
2010-08-20,152.90505981445312,5530.64990234375,11033.6220703125,1227.199951171875,45.7,7.977,7.725,2.611999988555908,1.4490000009536743,325.91,-1300.31,68.09053,81.8292362684988,-11.92608,6.0,6.0,10.149064571049893,1038.0,2079.0
2010-08-23,155.5970916748047,5543.5,11095.37109375,1226.9000244140625,46.5,8.015,7.756,2.6070001125335693,1.4229999780654907,325.91,-1300.31,68.09053,81.8292362684988,-11.92608,6.0,6.0,10.149064571049893,1038.0,2079.0
2010-08-24,154.0895538330078,5505.10009765625,11042.8720703125,1231.800048828125,46.86,8.012,7.736,2.499000072479248,1.3309999704360962,325.91,-1300.31,68.09053,81.8292362684988,-11.92608,6.0,6.0,10.149064571049893,1038.0,2079.0
2010-08-25,151.41294860839844,5462.35009765625,10937.72265625,1239.5,46.87,8.067,7.741,2.538000106811523,1.3830000162124634,325.91,-1300.31,68.09053,81.8292362684988,-11.92608,6.0,6.0,10.149064571049893,1038.0,2079.0
2010-08-26,151.29757690429688,5477.89990234375,10981.572265625,1235.4000244140625,46.78,8.031,7.721,2.499000072479248,1.3860000371932983,325.91,-1300.31,68.09053,81.8292362684988,-11.92608,6.0,6.0,10.149064571049893,1038.0,2079.0
2010-08-27,147.2826690673828,5408.7001953125,10727.3251953125,1236.0,46.8,7.976,7.716,2.6519999504089355,1.496000051498413,325.91,-1300.31,68.09053,81.8292362684988,-11.92608,6.0,6.0,10.149064571049893,1038.0,2079.0
2010-08-30,148.8901824951172,5415.4501953125,10747.125,1237.0999755859375,46.87,7.993,7.716,2.5450000762939453,1.3930000066757202,325.91,-1300.31,68.09053,81.8292362684988,-11.92608,6.0,6.0,10.149064571049893,1038.0,2079.0
2010-08-31,150.39767456054688,5402.39990234375,10746.224609375,1248.300048828125,47.02,7.936,7.668,2.4769999980926514,1.3420000076293943,325.91,-1300.31,68.09053,81.8292362684988,-11.92608,6.0,6.0,10.149064571049893,1038.0,2079.0
2010-09-01,153.0588836669922,5471.85009765625,10879.6240234375,1246.300048828125,46.74,7.961,7.689,2.5820000171661377,1.409000039100647,325.91,-1300.31,68.47306,82.4095854618924,-10.29048,6.0,6.0,10.149064571049893,1038.0,2079.0
2010-09-02,154.42799377441406,5486.14990234375,10980.4716796875,1251.5,46.65,7.981,7.72,2.628000020980835,1.4240000247955322,325.91,-1300.31,68.47306,82.4095854618924,-10.29048,6.0,6.0,10.149064571049893,1038.0,2079.0
2010-09-03,153.9818572998047,5479.39990234375,10991.072265625,1249.199951171875,46.58,7.97,7.702,2.7060000896453857,1.4850000143051147,325.91,-1300.31,68.47306,82.4095854618924,-10.29048,6.0,6.0,10.149064571049893,1038.0,2079.0
2010-09-06,159.89657592773438,5576.9501953125,11218.6689453125,1249.199951171875,46.58,7.99,7.728,2.7060000896453857,1.4850000143051147,325.91,-1300.31,68.47306,82.4095854618924,-10.29048,6.0,6.0,10.149064571049893,1038.0,2079.0
2010-09-07,159.7658233642578,5604.0,11192.8203125,1257.300048828125,46.82,7.949,7.698,2.6089999675750732,1.406999945640564,325.91,-1300.31,68.47306,82.4095854618924,-10.29048,6.0,6.0,10.149064571049893,1038.0,2079.0
2010-09-08,158.07373046875,5607.85009765625,11189.919921875,1255.5999755859375,46.5,7.936,7.701,2.6540000438690186,1.4539999961853027,325.91,-1300.31,68.47306,82.4095854618924,-10.29048,6.0,6.0,10.149064571049893,1038.0,2079.0
2010-09-09,161.55023193359375,5640.0498046875,11446.5673828125,1248.9000244140625,46.3,7.913,7.709,2.760999917984009,1.565999984741211,325.91,-1300.31,68.47306,82.4095854618924,-10.29048,6.0,6.0,10.149064571049893,1038.0,2079.0
2010-09-10,161.55023193359375,5640.0498046875,11446.5673828125,1244.5,46.28,7.913,7.709,2.7950000762939453,1.5829999446868896,325.91,-1300.31,68.47306,82.4095854618924,-10.29048,6.0,6.0,10.149064571049893,1038.0,2079.0
2010-09-13,168.90321350097656,5760.0,11872.7119140625,1245.0999755859375,46.26,7.977,7.754,2.740999937057495,1.506999969482422,325.91,-1300.31,68.47306,82.4095854618924,-10.29048,6.0,6.0,10.149064571049893,1038.0,2079.0
2010-09-14,169.23391723632812,5795.5498046875,11928.2109375,1269.699951171875,46.15,7.944,7.738,2.6659998893737793,1.4279999732971191,325.91,-1300.31,68.47306,82.4095854618924,-10.29048,6.0,6.0,10.149064571049893,1038.0,2079.0
2010-09-15,169.81077575683594,5860.9501953125,11987.4599609375,1266.699951171875,46.23,7.948,7.744,2.7230000495910645,1.4429999589920044,325.91,-1300.31,68.47306,82.4095854618924,-10.29048,6.0,6.0,10.149064571049893,1038.0,2079.0
2010-09-16,169.75694274902344,5828.7001953125,12031.91015625,1271.9000244140625,46.14,7.973,7.775,2.759000062942505,1.462000012397766,325.91,-1300.31,68.47306,82.4095854618924,-10.29048,6.0,6.0,10.149064571049893,1038.0,2079.0
2010-09-17,171.39524841308594,5884.9501953125,12103.958984375,1275.5999755859375,45.88,7.985,7.771,2.746000051498413,1.440000057220459,325.91,-1300.31,68.47306,82.4095854618924,-10.29048,6.0,6.0,10.149064571049893,1038.0,2079.0
2010-09-20,173.47959899902344,5980.4501953125,12251.0576171875,1279.0,45.65,7.981,7.753,2.7060000896453857,1.4170000553131104,325.91,-1300.31,68.47306,82.4095854618924,-10.29048,6.0,6.0,10.149064571049893,1038.0,2079.0
2010-09-21,173.38729858398438,6009.0498046875,12244.8076171875,1272.4000244140625,45.59,7.968,7.709,2.5940001010894775,1.3109999895095823,325.91,-1300.31,68.47306,82.4095854618924,-10.29048,6.0,6.0,10.149064571049893,1038.0,2079.0
2010-09-22,173.2257843017578,5991.0,12305.5576171875,1290.199951171875,45.56,7.953,7.697,2.5480000972747803,1.3109999895095823,325.91,-1300.31,68.47306,82.4095854618924,-10.29048,6.0,6.0,10.149064571049893,1038.0,2079.0
2010-09-23,169.2493133544922,5959.5498046875,12146.158203125,1294.300048828125,45.56,7.925,7.699,2.555000066757202,1.3209999799728394,325.91,-1300.31,68.47306,82.4095854618924,-10.29048,6.0,6.0,10.149064571049893,1038.0,2079.0
2010-09-24,171.3798370361328,6018.2998046875,12263.4072265625,1296.0,45.1,7.867,7.687,2.611999988555908,1.3519999980926514,325.91,-1300.31,68.47306,82.4095854618924,-10.29048,6.0,6.0,10.149064571049893,1038.0,2079.0
2010-09-27,171.53369140625,6035.64990234375,12253.0576171875,1296.699951171875,44.94,7.864,7.703,2.5169999599456787,1.281000018119812,325.91,-1300.31,68.47306,82.4095854618924,-10.29048,6.0,6.0,10.149064571049893,1038.0,2079.0
2010-09-28,170.8567657470703,6029.5,12272.2578125,1306.5999755859375,45.04,7.849,7.701,2.4560000896453857,1.225000023841858,325.91,-1300.31,68.47306,82.4095854618924,-10.29048,6.0,6.0,10.149064571049893,1038.0,2079.0
2010-09-29,169.5108184814453,5991.2998046875,12237.4072265625,1308.5,44.8,7.852,7.701,2.50600004196167,1.2869999408721924,325.91,-1300.31,68.47306,82.4095854618924,-10.29048,6.0,6.0,10.149064571049893,1038.0,2079.0
2010-09-30,171.20291137695312,6029.9501953125,12366.2060546875,1307.800048828125,44.56,7.852,7.701,2.5169999599456787,1.281000018119812,325.91,-1300.31,68.47306,82.4095854618924,-10.29048,6.0,6.0,10.149064571049893,1038.0,2079.0
2010-10-01,174.6256103515625,6143.39990234375,12556.6044921875,1316.0999755859375,44.41,7.912,7.752,2.5260000228881836,1.2710000276565552,325.91,-1300.31,69.23813,82.9318997359467,-12.43442,6.0,6.0,10.149064571049893,1101.0,2058.0
2010-10-04,177.84828186035156,6159.4501953125,12651.15234375,1315.4000244140625,44.55,7.936,7.778,2.4790000915527344,1.2269999980926514,325.91,-1300.31,69.23813,82.9318997359467,-12.43442,6.0,6.0,10.149064571049893,1101.0,2058.0
2010-10-05,176.5484619140625,6145.7998046875,12596.353515625,1338.9000244140625,44.46,7.956,7.789,2.4739999771118164,1.2059999704360962,325.91,-1300.31,69.23813,82.9318997359467,-12.43442,6.0,6.0,10.149064571049893,1101.0,2058.0
2010-10-06,176.7715301513672,6186.4501953125,12629.0537109375,1346.4000244140625,44.25,7.93,7.745,2.3989999294281006,1.1640000343322754,325.91,-1300.31,69.23813,82.9318997359467,-12.43442,6.0,6.0,10.149064571049893,1101.0,2058.0
2010-10-07,174.9947967529297,6120.2998046875,12536.4541015625,1333.9000244140625,44.21,7.947,7.743,2.3959999084472656,1.1399999856948853,325.91,-1300.31,69.23813,82.9318997359467,-12.43442,6.0,6.0,10.149064571049893,1101.0,2058.0
2010-10-08,173.2411651611328,6103.4501953125,12473.255859375,1344.199951171875,44.39,7.991,7.78,2.38100004196167,1.10099995136261,325.91,-1300.31,69.23813,82.9318997359467,-12.43442,6.0,6.0,10.149064571049893,1101.0,2058.0
2010-10-11,174.22564697265625,6135.85009765625,12512.8544921875,1353.300048828125,44.39,8.0,7.773,2.38100004196167,1.10099995136261,325.91,-1300.31,69.23813,82.9318997359467,-12.43442,6.0,6.0,10.149064571049893,1101.0,2058.0
2010-10-12,175.16400146484375,6090.89990234375,12461.6552734375,1345.699951171875,44.55,8.021,7.752,2.421999931335449,1.1360000371932983,325.91,-1300.31,69.23813,82.9318997359467,-12.43442,6.0,6.0,10.149064571049893,1101.0,2058.0
2010-10-13,178.2405548095703,6233.89990234375,12744.8515625,1369.5,44.35,8.022,7.773,2.430999994277954,1.1200000047683716,325.91,-1300.31,69.23813,82.9318997359467,-12.43442,6.0,6.0,10.149064571049893,1101.0,2058.0
2010-10-14,175.3178253173828,6177.35009765625,12598.703125,1376.699951171875,44.05,8.025,7.774,2.494999885559082,1.1749999523162842,325.91,-1300.31,69.23813,82.9318997359467,-12.43442,6.0,6.0,10.149064571049893,1101.0,2058.0
2010-10-15,173.00270080566406,6062.64990234375,12346.306640625,1371.0999755859375,44.15,8.07,7.809,2.575999975204468,1.1859999895095823,325.91,-1300.31,69.23813,82.9318997359467,-12.43442,6.0,6.0,10.149064571049893,1101.0,2058.0
2010-10-18,171.6951904296875,6075.9501953125,12331.15625,1371.199951171875,44.26,8.095,7.844,2.490999937057495,1.118000030517578,325.91,-1300.31,69.23813,82.9318997359467,-12.43442,6.0,6.0,10.149064571049893,1101.0,2058.0
2010-10-19,172.2181854248047,6027.2998046875,12245.5078125,1335.0999755859375,44.3,8.086,7.826,2.4749999046325684,1.097000002861023,325.91,-1300.31,69.23813,82.9318997359467,-12.43442,6.0,6.0,10.149064571049893,1101.0,2058.0
2010-10-20,171.34909057617188,5982.10009765625,12176.3583984375,1343.300048828125,44.25,8.157,7.831,2.4700000286102295,1.090000033378601,325.91,-1300.31,69.23813,82.9318997359467,-12.43442,6.0,6.0,10.149064571049893,1101.0,2058.0
2010-10-21,173.76419067382812,6101.5,12435.6552734375,1324.699951171875,44.25,8.14,7.79,2.5309998989105225,1.1260000467300415,325.91,-1300.31,69.23813,82.9318997359467,-12.43442,6.0,6.0,10.149064571049893,1101.0,2058.0
2010-10-22,174.1103057861328,6066.0498046875,12384.65625,1324.4000244140625,44.52,8.147,7.804,2.562999963760376,1.1449999809265137,325.91,-1300.31,69.23813,82.9318997359467,-12.43442,6.0,6.0,10.149064571049893,1101.0,2058.0
2010-10-25,175.68702697753906,6105.7998046875,12424.5556640625,1338.300048828125,44.39,8.147,7.809,2.553999900817871,1.1729999780654907,325.91,-1300.31,69.23813,82.9318997359467,-12.43442,6.0,6.0,10.149064571049893,1101.0,2058.0
2010-10-26,174.0026092529297,6082.0,12332.5068359375,1338.0,44.54,8.177,7.85,2.635999917984009,1.246999979019165,325.91,-1300.31,69.23813,82.9318997359467,-12.43442,6.0,6.0,10.149064571049893,1101.0,2058.0
2010-10-27,170.2491912841797,6012.64990234375,12182.5087890625,1322.199951171875,44.4,8.13,7.839,2.711999893188477,1.3040000200271606,325.91,-1300.31,69.23813,82.9318997359467,-12.43442,6.0,6.0,10.149064571049893,1101.0,2058.0
2010-10-28,167.52645874023438,5987.7001953125,12105.1591796875,1342.0999755859375,44.36,8.135,7.834,2.6610000133514404,1.2369999885559082,325.91,-1300.31,69.23813,82.9318997359467,-12.43442,6.0,6.0,10.149064571049893,1101.0,2058.0
2010-10-29,178.9020538330078,6017.7001953125,12330.6064453125,1357.0999755859375,44.44,8.121,7.83,2.611999988555908,1.1790000200271606,325.91,-1300.31,69.23813,82.9318997359467,-12.43442,6.0,6.0,10.149064571049893,1101.0,2058.0
2010-11-01,189.5161895751953,6117.5498046875,12734.751953125,1350.199951171875,44.36,8.11,7.812,2.628000020980835,1.162999987602234,325.91,-1300.31,69.62066,83.4542140100009,-4.749498,6.0,6.0,10.149064571049893,1101.0,2058.0
2010-11-02,189.4161834716797,6119.0,12770.751953125,1356.4000244140625,44.0,7.973,7.743,2.5940001010894775,1.152999997138977,325.91,-1300.31,69.62066,83.4542140100009,-4.749498,6.0,6.0,10.149064571049893,1101.0,2058.0
2010-11-03,190.53907775878903,6160.5,12891.650390625,1337.0999755859375,44.38,7.955,7.733,2.61899995803833,1.121000051498413,325.91,-1300.31,69.62066,83.4542140100009,-4.749498,6.0,6.0,10.149064571049893,1101.0,2058.0
2010-11-04,194.75401306152344,6281.7998046875,13182.7470703125,1382.699951171875,44.08,7.985,7.793,2.4839999675750732,1.031000018119812,325.91,-1300.31,69.62066,83.4542140100009,-4.749498,6.0,6.0,10.149064571049893,1101.0,2058.0
2010-11-05,194.75401306152344,6281.7998046875,13182.7470703125,1397.300048828125,43.9,7.985,7.793,2.5360000133514404,1.0950000286102295,325.91,-1300.31,69.62066,83.4542140100009,-4.749498,6.0,6.0,10.149064571049893,1101.0,2058.0
2010-11-08,193.10037231445312,6273.2001953125,13104.947265625,1402.800048828125,44.29,8.012,7.79,2.562999963760376,1.1299999952316284,325.91,-1300.31,69.62066,83.4542140100009,-4.749498,6.0,6.0,10.149064571049893,1101.0,2058.0
2010-11-09,195.2308654785156,6301.5498046875,13121.197265625,1409.800048828125,44.25,8.032,7.791,2.6589999198913574,1.2549999952316284,325.91,-1300.31,69.62066,83.4542140100009,-4.749498,6.0,6.0,10.149064571049893,1101.0,2058.0
2010-11-10,193.08497619628903,6275.7001953125,13006.9482421875,1399.0999755859375,44.28,8.078,7.82,2.6480000019073486,1.2079999446868896,325.91,-1300.31,69.62066,83.4542140100009,-4.749498,6.0,6.0,10.149064571049893,1101.0,2058.0
2010-11-11,190.30067443847656,6194.25,12823.4501953125,1403.0999755859375,44.28,8.09,7.837,2.6480000019073486,1.2079999446868896,325.91,-1300.31,69.62066,83.4542140100009,-4.749498,6.0,6.0,10.149064571049893,1101.0,2058.0
2010-11-12,184.6628875732422,6071.64990234375,12457.1552734375,1365.4000244140625,44.78,8.089,7.827,2.75600004196167,1.3480000495910645,325.91,-1300.31,69.62066,83.4542140100009,-4.749498,6.0,6.0,10.149064571049893,1101.0,2058.0
2010-11-15,188.16246032714844,6121.60009765625,12762.001953125,1368.4000244140625,45.11,8.066,7.833,2.9110000133514404,1.493000030517578,325.91,-1300.31,69.62066,83.4542140100009,-4.749498,6.0,6.0,10.149064571049893,1101.0,2058.0
2010-11-16,184.947509765625,5988.7001953125,12524.3046875,1338.300048828125,45.51,8.069,7.856,2.8469998836517334,1.4670000076293943,325.91,-1300.31,69.62066,83.4542140100009,-4.749498,6.0,6.0,10.149064571049893,1101.0,2058.0
2010-11-17,184.947509765625,5988.7001953125,12524.3046875,1336.800048828125,45.09,8.069,7.856,2.864000082015991,1.4570000171661377,325.91,-1300.31,69.62066,83.4542140100009,-4.749498,6.0,6.0,10.149064571049893,1101.0,2058.0
2010-11-18,179.117431640625,5998.7998046875,12315.0068359375,1352.9000244140625,45.14,8.025,7.851,2.9019999504089355,1.4880000352859497,325.91,-1300.31,69.62066,83.4542140100009,-4.749498,6.0,6.0,10.149064571049893,1101.0,2058.0
2010-11-19,176.7022705078125,5890.2998046875,12062.8095703125,1352.199951171875,45.25,8.03,7.852,2.875,1.5119999647140503,325.91,-1300.31,69.62066,83.4542140100009,-4.749498,6.0,6.0,10.149064571049893,1101.0,2058.0
2010-11-22,181.5247802734375,6010.0,12389.9560546875,1357.699951171875,45.48,8.021,7.852,2.812999963760376,1.4329999685287476,325.91,-1300.31,69.62066,83.4542140100009,-4.749498,6.0,6.0,10.149064571049893,1101.0,2058.0
2010-11-23,177.9713592529297,5934.75,12206.30859375,1377.5,45.56,7.996,7.85,2.76200008392334,1.3860000371932983,325.91,-1300.31,69.62066,83.4542140100009,-4.749498,6.0,6.0,10.149064571049893,1101.0,2058.0
2010-11-24,173.07192993164062,5865.75,11842.412109375,1372.9000244140625,45.72,8.033,7.861,2.9140000343322754,1.5579999685287476,325.91,-1300.31,69.62066,83.4542140100009,-4.749498,6.0,6.0,10.149064571049893,1101.0,2058.0
2010-11-25,171.71055603027344,5799.75,11652.2646484375,1372.9000244140625,45.72,8.019,7.859,2.9140000343322754,1.5579999685287476,325.91,-1300.31,69.62066,83.4542140100009,-4.749498,6.0,6.0,10.149064571049893,1101.0,2058.0
2010-11-26,172.92579650878906,5751.9501953125,11668.7138671875,1362.300048828125,45.82,7.968,7.863,2.864000082015991,1.527999997138977,325.91,-1300.31,69.62066,83.4542140100009,-4.749498,6.0,6.0,10.149064571049893,1101.0,2058.0
2010-11-29,177.56370544433594,5830.0,11828.2119140625,1366.0,45.8,8.016,7.901,2.822000026702881,1.496999979019165,325.91,-1300.31,69.62066,83.4542140100009,-4.749498,6.0,6.0,10.149064571049893,1101.0,2058.0
2010-11-30,175.68702697753906,5862.7001953125,11952.4609375,1385.0,45.83,8.066,7.916,2.796999931335449,1.4639999866485596,325.91,-1300.31,69.62066,83.4542140100009,-4.749498,6.0,6.0,10.149064571049893,1101.0,2058.0
2010-12-01,179.5865478515625,5960.89990234375,12310.6064453125,1387.300048828125,45.29,8.114,7.943,2.9639999866485596,1.621999979019165,325.91,-1300.31,70.76825,84.7309822354669,-7.835471,6.0,6.0,10.149064571049893,1101.0,2058.0
2010-12-02,183.2322540283203,6011.7001953125,12472.455078125,1388.5,45.09,8.087,7.927,3.0,1.6749999523162842,325.91,-1300.31,70.76825,84.7309822354669,-7.835471,6.0,6.0,10.149064571049893,1101.0,2058.0
2010-12-03,181.7401580810547,5992.7998046875,12349.056640625,1405.4000244140625,44.9,8.178,7.978,3.0169999599456787,1.61899995803833,325.91,-1300.31,70.76825,84.7309822354669,-7.835471,6.0,6.0,10.149064571049893,1101.0,2058.0
2010-12-06,177.08685302734375,5992.25,12051.060546875,1415.300048828125,44.89,8.219,8.071,2.940999984741211,1.5219999551773071,325.91,-1300.31,70.76825,84.7309822354669,-7.835471,6.0,6.0,10.149064571049893,1101.0,2058.0
2010-12-07,170.82603454589844,5976.5498046875,11695.1640625,1408.300048828125,44.7,8.097,8.045,3.1649999618530273,1.7519999742507937,325.91,-1300.31,70.76825,84.7309822354669,-7.835471,6.0,6.0,10.149064571049893,1101.0,2058.0
2010-12-08,169.88772583007812,5903.7001953125,11460.0673828125,1382.5,45.0,8.114,8.05,3.236000061035156,1.8519999980926511,325.91,-1300.31,70.76825,84.7309822354669,-7.835471,6.0,6.0,10.149064571049893,1101.0,2058.0
2010-12-09,162.79623413085938,5766.5,11115.9208984375,1392.0999755859375,45.13,8.125,8.04,3.2230000495910645,1.89900004863739,325.91,-1300.31,70.76825,84.7309822354669,-7.835471,6.0,6.0,10.149064571049893,1101.0,2058.0
2010-12-10,171.84132385253906,5857.35009765625,11446.8671875,1384.300048828125,45.1,8.097,8.039,3.2960000038146973,1.9539999961853027,325.91,-1300.31,70.76825,84.7309822354669,-7.835471,6.0,6.0,10.149064571049893,1101.0,2058.0
2010-12-13,172.3489532470703,5907.64990234375,11517.9658203125,1397.300048828125,45.18,8.114,8.031,3.2829999923706055,1.8919999599456787,325.91,-1300.31,70.76825,84.7309822354669,-7.835471,6.0,6.0,10.149064571049893,1101.0,2058.0
2010-12-14,172.21054077148438,5944.10009765625,11560.365234375,1403.5999755859375,45.01,8.099,7.996,3.4549999237060547,2.0439999103546143,325.91,-1300.31,70.76825,84.7309822354669,-7.835471,6.0,6.0,10.149064571049893,1101.0,2058.0
2010-12-15,165.934326171875,5892.2998046875,11196.169921875,1385.5,45.38,8.078,7.983,3.5199999809265137,2.0989999771118164,325.91,-1300.31,70.76825,84.7309822354669,-7.835471,6.0,6.0,10.149064571049893,1101.0,2058.0
2010-12-16,170.0953826904297,5948.75,11424.017578125,1370.4000244140625,45.54,7.959,7.833,3.4769999980926514,2.066999912261963,325.91,-1300.31,70.76825,84.7309822354669,-7.835471,6.0,6.0,10.149064571049893,1101.0,2058.0
2010-12-17,170.0953826904297,5948.75,11424.017578125,1378.5999755859375,45.16,7.959,7.833,3.3299999237060547,1.9529999494552612,325.91,-1300.31,70.76825,84.7309822354669,-7.835471,6.0,6.0,10.149064571049893,1101.0,2058.0
2010-12-20,169.21856689453125,5947.0498046875,11266.96875,1385.5,45.4,7.967,7.855,3.3489999771118164,1.9529999494552612,325.91,-1300.31,70.76825,84.7309822354669,-7.835471,6.0,6.0,10.149064571049893,1101.0,2058.0
2010-12-21,175.1101531982422,6000.64990234375,11537.1162109375,1388.199951171875,45.19,7.934,7.872,3.325999975204468,1.962000012397766,325.91,-1300.31,70.76825,84.7309822354669,-7.835471,6.0,6.0,10.149064571049893,1101.0,2058.0
2010-12-22,174.09487915039062,5984.39990234375,11467.5673828125,1386.800048828125,45.05,7.957,7.889,3.3459999561309814,2.000999927520752,325.91,-1300.31,70.76825,84.7309822354669,-7.835471,6.0,6.0,10.149064571049893,1101.0,2058.0
2010-12-23,173.7718505859375,5980.0,11468.916015625,1380.0,45.06,7.933,7.873,3.3929998874664307,2.052000045776367,325.91,-1300.31,70.76825,84.7309822354669,-7.835471,6.0,6.0,10.149064571049893,1101.0,2058.0
2010-12-24,172.00286865234375,6011.60009765625,11476.916015625,1380.0,45.06,7.916,7.868,3.3929998874664307,2.052000045776367,325.91,-1300.31,70.76825,84.7309822354669,-7.835471,6.0,6.0,10.149064571049893,1101.0,2058.0
2010-12-27,173.14117431640625,5998.10009765625,11470.81640625,1382.4000244140625,45.26,7.919,7.844,3.3510000705718994,2.049000024795532,325.91,-1300.31,70.76825,84.7309822354669,-7.835471,6.0,6.0,10.149064571049893,1101.0,2058.0
2010-12-28,171.03372192382812,5996.0,11427.1669921875,1405.199951171875,45.0,7.903,7.847,3.4809999465942383,2.1500000953674316,325.91,-1300.31,70.76825,84.7309822354669,-7.835471,6.0,6.0,10.149064571049893,1101.0,2058.0
2010-12-29,173.74110412597656,6060.35009765625,11612.765625,1413.0999755859375,44.97,7.893,7.847,3.3410000801086426,2.0290000438690186,325.91,-1300.31,70.76825,84.7309822354669,-7.835471,6.0,6.0,10.149064571049893,1101.0,2058.0
2010-12-30,174.87942504882812,6101.85009765625,11629.1650390625,1405.5999755859375,44.8,7.92,7.872,3.36899995803833,2.069999933242798,325.91,-1300.31,70.76825,84.7309822354669,-7.835471,6.0,6.0,10.149064571049893,1101.0,2058.0
2010-12-31,176.14849853515625,6134.5,11791.3134765625,1421.0999755859375,44.8,7.913,7.853,3.305000066757202,2.0160000324249268,325.91,-1300.31,70.76825,84.7309822354669,-7.835471,6.0,6.0,10.149064571049893,1101.0,2058.0
2011-01-03,176.1100616455078,6157.60009765625,11855.6123046875,1422.5999755859375,44.59,7.96,7.873,3.3420000076293945,2.0209999084472656,325.91,-1300.31,70.76825,84.7309822354669,-7.835471,6.0,6.0,10.149064571049893,1101.0,2058.0
2011-01-04,169.83389282226562,6146.35009765625,11563.9150390625,1378.5,44.9,8.068,7.854,3.3459999561309814,2.0169999599456787,325.91,-1300.31,70.76825,84.7309822354669,-7.835471,6.0,6.0,10.149064571049893,1101.0,2058.0
2011-01-05,164.49603271484375,6079.7998046875,11305.318359375,1373.4000244140625,45.35,8.068,7.846,3.4830000400543213,2.1579999923706055,325.91,-1300.31,70.76825,84.7309822354669,-7.835471,6.0,6.0,10.149064571049893,1101.0,2058.0
2011-01-06,162.05018615722656,6048.25,11186.669921875,1371.4000244140625,45.15,8.126,7.959,3.4189999103546143,2.0829999446868896,325.91,-1300.31,70.76825,84.7309822354669,-7.835471,6.0,6.0,10.149064571049893,1101.0,2058.0
2011-01-07,161.39639282226562,5904.60009765625,11053.220703125,1368.5,45.35,8.199,7.985,3.328000068664551,1.955999970436096,325.91,-1300.31,70.76825,84.7309822354669,-7.835471,6.0,6.0,10.149064571049893,1101.0,2058.0
2011-01-10,155.98162841796875,5762.85009765625,10700.5263671875,1373.699951171875,45.36,8.226,8.01,3.303999900817871,1.9279999732971191,325.91,-1300.31,70.76825,84.7309822354669,-7.835471,6.0,6.0,10.149064571049893,1101.0,2058.0
2011-01-11,157.3583984375,5754.10009765625,10833.423828125,1384.0,45.08,8.208,8.018,3.3410000801086426,1.962000012397766,325.91,-1300.31,70.76825,84.7309822354669,-7.835471,6.0,6.0,10.149064571049893,1101.0,2058.0
2011-01-12,164.51144409179688,5863.25,11128.021484375,1385.699951171875,45.02,8.178,8.048,3.3550000190734863,1.968999981880188,325.91,-1300.31,70.76825,84.7309822354669,-7.835471,6.0,6.0,10.149064571049893,1101.0,2058.0
2011-01-13,157.8275909423828,5751.89990234375,10716.525390625,1386.9000244140625,45.02,8.142,8.028,3.3010001182556152,1.906000018119812,325.91,-1300.31,70.76825,84.7309822354669,-7.835471,6.0,6.0,10.149064571049893,1101.0,2058.0
2011-01-14,155.2432403564453,5654.5498046875,10432.779296875,1360.4000244140625,45.41,8.191,8.052,3.3329999446868896,1.9290000200271609,325.91,-1300.31,70.76825,84.7309822354669,-7.835471,6.0,6.0,10.149064571049893,1101.0,2058.0
2011-01-17,154.0049285888672,5654.75,10470.9775390625,1360.4000244140625,45.41,8.234,8.069,3.3329999446868896,1.9290000200271609,325.91,-1300.31,70.76825,84.7309822354669,-7.835471,6.0,6.0,10.149064571049893,1101.0,2058.0
2011-01-18,155.58937072753906,5724.0498046875,10618.376953125,1368.0999755859375,45.32,8.194,8.072,3.364000082015991,1.9520000219345093,325.91,-1300.31,70.76825,84.7309822354669,-7.835471,6.0,6.0,10.149064571049893,1101.0,2058.0
2011-01-19,157.40457153320312,5691.0498046875,10615.02734375,1370.199951171875,45.5,8.184,8.084,3.336999893188477,1.9320000410079956,325.91,-1300.31,70.76825,84.7309822354669,-7.835471,6.0,6.0,10.149064571049893,1101.0,2058.0
2011-01-20,161.6040496826172,5711.60009765625,10798.2236328125,1346.5,45.77,8.13,8.08,3.4590001106262207,2.0510001182556152,325.91,-1300.31,70.76825,84.7309822354669,-7.835471,6.0,6.0,10.149064571049893,1101.0,2058.0
2011-01-21,163.91148376464844,5696.5,10889.2734375,1341.0,45.58,8.171,8.114,3.4159998893737793,2.0199999809265137,325.91,-1300.31,70.76825,84.7309822354669,-7.835471,6.0,6.0,10.149064571049893,1101.0,2058.0
2011-01-24,166.73422241210938,5743.25,11151.0205078125,1344.5,45.51,8.185,8.117,3.4079999923706055,2.010999917984009,325.91,-1300.31,70.76825,84.7309822354669,-7.835471,6.0,6.0,10.149064571049893,1101.0,2058.0
2011-01-25,159.65814208984375,5687.39990234375,10872.82421875,1332.300048828125,45.7,8.154,8.092,3.319000005722046,1.9329999685287476,325.91,-1300.31,70.76825,84.7309822354669,-7.835471,6.0,6.0,10.149064571049893,1101.0,2058.0
2011-01-26,159.65814208984375,5687.39990234375,10872.82421875,1333.0,45.46,8.154,8.092,3.427999973297119,2.000999927520752,325.91,-1300.31,70.76825,84.7309822354669,-7.835471,6.0,6.0,10.149064571049893,1101.0,2058.0
2011-01-27,156.03549194335938,5604.2998046875,10676.0263671875,1318.4000244140625,45.68,8.148,8.088,3.384999990463257,1.98199999332428,325.91,-1300.31,70.76825,84.7309822354669,-7.835471,6.0,6.0,10.149064571049893,1101.0,2058.0
2011-01-28,156.66619873046875,5512.14990234375,10578.126953125,1340.699951171875,45.83,8.132,8.101,3.3289999961853027,1.9259999990463257,325.91,-1300.31,70.76825,84.7309822354669,-7.835471,6.0,6.0,10.149064571049893,1101.0,2058.0
2011-01-31,157.15072631835938,5505.89990234375,10641.7255859375,1333.800048828125,45.92,8.148,8.12,3.378000020980835,1.9520000219345093,325.91,-1300.31,70.76825,84.7309822354669,-7.835471,6.0,6.0,10.149064571049893,1101.0,2058.0
2011-02-01,153.02813720703125,5417.2001953125,10481.078125,1339.5999755859375,45.65,8.154,8.135,3.443000078201294,2.0209999084472656,325.91,-1300.31,70.76825,85.9497155415934,-12.24547,6.0,6.0,10.149064571049893,1101.0,2058.0
2011-02-02,155.5817108154297,5432.0,10470.0283203125,1331.5,45.55,8.15,8.124,3.489000082015991,2.0989999771118164,325.91,-1300.31,70.76825,85.9497155415934,-12.24547,6.0,6.0,10.149064571049893,1101.0,2058.0
2011-02-03,157.98141479492188,5526.75,10670.4755859375,1352.300048828125,45.66,8.162,8.145,3.5409998893737793,2.1589999198913574,325.91,-1300.31,70.76825,85.9497155415934,-12.24547,6.0,6.0,10.149064571049893,1101.0,2058.0
2011-02-04,153.21273803710938,5395.75,10433.728515625,1348.300048828125,45.6,8.196,8.177,3.651999950408935,2.2769999504089355,325.91,-1300.31,70.76825,85.9497155415934,-12.24547,6.0,6.0,10.149064571049893,1101.0,2058.0
2011-02-07,150.55918884277344,5396.0,10383.9287109375,1347.5999755859375,45.35,8.207,8.178,3.6440000534057617,2.2750000953674316,325.91,-1300.31,70.76825,85.9497155415934,-12.24547,6.0,6.0,10.149064571049893,1101.0,2058.0
2011-02-08,146.37509155273438,5312.5498046875,10147.6318359375,1363.4000244140625,45.15,8.179,8.162,3.724999904632568,2.384999990463257,325.91,-1300.31,70.76825,85.9497155415934,-12.24547,6.0,6.0,10.149064571049893,1101.0,2058.0
2011-02-09,147.22116088867188,5253.5498046875,10116.533203125,1364.800048828125,45.36,8.166,8.156,3.6419999599456783,2.315999984741211,325.91,-1300.31,70.76825,85.9497155415934,-12.24547,6.0,6.0,10.149064571049893,1101.0,2058.0
2011-02-10,147.65188598632812,5225.7998046875,10073.982421875,1361.9000244140625,45.64,8.131,8.156,3.7079999446868896,2.3970000743865967,325.91,-1300.31,70.76825,85.9497155415934,-12.24547,6.0,6.0,10.149064571049893,1101.0,2058.0
2011-02-11,153.9126434326172,5310.0,10447.62890625,1359.9000244140625,45.6,8.127,8.17,3.6459999084472656,2.364000082015991,325.91,-1300.31,70.76825,85.9497155415934,-12.24547,6.0,6.0,10.149064571049893,1101.0,2058.0
2011-02-14,159.09666442871094,5456.0,10802.423828125,1364.5999755859375,45.44,8.09,8.163,3.614000082015991,2.3510000705718994,325.91,-1300.31,70.76825,85.9497155415934,-12.24547,6.0,6.0,10.149064571049893,1101.0,2058.0
2011-02-15,162.16552734375,5481.0,10959.5732421875,1373.5999755859375,45.41,8.105,8.149,3.615999937057495,2.336999893188477,325.91,-1300.31,70.76825,85.9497155415934,-12.24547,6.0,6.0,10.149064571049893,1101.0,2058.0
2011-02-16,161.6117401123047,5481.7001953125,10960.5732421875,1374.699951171875,45.4,8.105,8.149,3.621000051498413,2.3489999771118164,325.91,-1300.31,70.76825,85.9497155415934,-12.24547,6.0,6.0,10.149064571049893,1101.0,2058.0
2011-02-17,162.5962677001953,5546.4501953125,11134.5703125,1384.699951171875,45.25,8.083,8.136,3.5739998817443848,2.2820000648498535,325.91,-1300.31,70.76825,85.9497155415934,-12.24547,6.0,6.0,10.149064571049893,1101.0,2058.0
2011-02-18,157.85833740234375,5458.9501953125,10949.5732421875,1388.199951171875,45.1,8.099,8.14,3.5889999866485596,2.2739999294281006,325.91,-1300.31,70.76825,85.9497155415934,-12.24547,6.0,6.0,10.149064571049893,1101.0,2058.0
2011-02-21,159.61968994140625,5518.60009765625,11049.970703125,1388.199951171875,45.1,8.078,8.135,3.5889999866485596,2.2739999294281006,325.91,-1300.31,70.76825,85.9497155415934,-12.24547,6.0,6.0,10.149064571049893,1101.0,2058.0
2011-02-22,157.9967803955078,5469.2001953125,10836.673828125,1400.5,45.15,8.063,8.129,3.4609999656677246,2.135999917984009,325.91,-1300.31,70.76825,85.9497155415934,-12.24547,6.0,6.0,10.149064571049893,1101.0,2058.0
2011-02-23,154.76641845703125,5437.35009765625,10646.326171875,1413.4000244140625,45.06,8.039,8.124,3.486999988555908,2.1730000972747803,325.91,-1300.31,70.76825,85.9497155415934,-12.24547,6.0,6.0,10.149064571049893,1101.0,2058.0
2011-02-24,146.3443145751953,5262.7001953125,10210.630859375,1415.300048828125,45.4,8.075,8.132,3.437999963760376,2.186000108718872,325.91,-1300.31,70.76825,85.9497155415934,-12.24547,6.0,6.0,10.149064571049893,1101.0,2058.0
2011-02-25,151.71292114257812,5303.5498046875,10435.728515625,1408.699951171875,45.26,8.079,8.116,3.424999952316284,2.1710000038146973,325.91,-1300.31,70.76825,85.9497155415934,-12.24547,6.0,6.0,10.149064571049893,1101.0,2058.0
2011-02-28,149.34397888183594,5333.25,10435.228515625,1409.300048828125,45.18,7.992,8.108,3.4140000343322754,2.13700008392334,325.91,-1300.31,70.76825,85.9497155415934,-12.24547,6.0,6.0,10.149064571049893,1101.0,2058.0
2011-03-01,157.85833740234375,5522.2998046875,10885.2734375,1430.699951171875,44.82,7.994,8.097,3.4140000343322754,2.118000030517578,325.91,-1300.31,70.76825,86.7622044123445,-6.803866,6.0,6.0,10.149064571049893,1101.0,2058.0
2011-03-02,157.85833740234375,5522.2998046875,10885.2734375,1437.199951171875,44.81,7.994,8.097,3.4639999866485596,2.1600000858306885,325.91,-1300.31,70.76825,86.7622044123445,-6.803866,6.0,6.0,10.149064571049893,1101.0,2058.0
2011-03-03,156.83538818359375,5536.2001953125,10914.373046875,1416.0,45.04,7.936,8.052,3.572000026702881,2.299999952316284,325.91,-1300.31,70.76825,86.7622044123445,-6.803866,6.0,6.0,10.149064571049893,1101.0,2058.0
2011-03-04,156.3431396484375,5538.75,10963.2734375,1428.199951171875,44.89,7.942,8.044,3.492000102996826,2.174999952316284,325.91,-1300.31,70.76825,86.7622044123445,-6.803866,6.0,6.0,10.149064571049893,1101.0,2058.0
2011-03-07,155.38941955566406,5463.14990234375,10782.125,1434.0999755859375,44.95,7.98,8.056,3.496999979019165,2.180000066757202,325.91,-1300.31,70.76825,86.7622044123445,-6.803866,6.0,6.0,10.149064571049893,1101.0,2058.0
2011-03-08,156.9969024658203,5520.7998046875,10931.4228515625,1426.9000244140625,45.03,7.964,8.033,3.5439999103546143,2.211999893188477,325.91,-1300.31,70.76825,86.7622044123445,-6.803866,6.0,6.0,10.149064571049893,1101.0,2058.0
2011-03-09,159.25048828125,5531.0,10974.671875,1429.300048828125,44.88,7.961,8.026,3.4690001010894775,2.1470000743865967,325.91,-1300.31,70.76825,86.7622044123445,-6.803866,6.0,6.0,10.149064571049893,1101.0,2058.0
2011-03-10,156.06625366210938,5494.39990234375,10850.1240234375,1412.199951171875,45.17,7.961,8.007,3.3929998874664307,2.058000087738037,325.91,-1300.31,70.76825,86.7622044123445,-6.803866,6.0,6.0,10.149064571049893,1101.0,2058.0
2011-03-11,154.8894500732422,5445.4501953125,10740.8251953125,1421.5,45.24,7.965,8.018,3.3929998874664307,2.0429999828338623,325.91,-1300.31,70.76825,86.7622044123445,-6.803866,6.0,6.0,10.149064571049893,1101.0,2058.0
2011-03-14,156.7661590576172,5531.5,10893.123046875,1424.5999755859375,44.99,7.962,8.023,3.3469998836517334,1.972000002861023,325.91,-1300.31,70.76825,86.7622044123445,-6.803866,6.0,6.0,10.149064571049893,1101.0,2058.0
2011-03-15,153.30503845214844,5449.64990234375,10725.6748046875,1392.5999755859375,45.22,7.963,8.007,3.322999954223633,1.9700000286102295,325.91,-1300.31,70.76825,86.7622044123445,-6.803866,6.0,6.0,10.149064571049893,1101.0,2058.0
2011-03-16,158.0506591796875,5511.14990234375,10957.47265625,1396.0,45.0,7.965,8.014,3.211999893188477,1.8630000352859497,325.91,-1300.31,70.76825,86.7622044123445,-6.803866,6.0,6.0,10.149064571049893,1101.0,2058.0
2011-03-17,155.6509246826172,5446.64990234375,10851.82421875,1404.0,45.12,7.989,8.026,3.247999906539917,1.9019999504089355,325.91,-1300.31,70.76825,86.7622044123445,-6.803866,6.0,6.0,10.149064571049893,1101.0,2058.0
2011-03-18,154.22032165527344,5373.7001953125,10715.775390625,1415.9000244140625,45.06,8.005,8.056,3.2769999504089355,1.9429999589920044,325.91,-1300.31,70.76825,86.7622044123445,-6.803866,6.0,6.0,10.149064571049893,1101.0,2058.0
2011-03-21,154.38182067871094,5364.75,10723.474609375,1426.199951171875,44.98,8.017,8.061,3.322999954223633,2.0209999084472656,325.91,-1300.31,70.76825,86.7622044123445,-6.803866,6.0,6.0,10.149064571049893,1101.0,2058.0
2011-03-22,154.46644592285156,5413.85009765625,10771.1748046875,1427.5,44.95,8.016,8.052,3.3320000171661377,2.038000106811523,325.91,-1300.31,70.76825,86.7622044123445,-6.803866,6.0,6.0,10.149064571049893,1101.0,2058.0
2011-03-23,160.11961364746094,5480.25,10957.97265625,1437.9000244140625,44.8,8.013,8.05,3.3480000495910645,2.0460000038146973,325.91,-1300.31,70.76825,86.7622044123445,-6.803866,6.0,6.0,10.149064571049893,1101.0,2058.0
2011-03-24,161.99632263183594,5522.39990234375,11070.220703125,1434.800048828125,44.69,8.013,8.046,3.4040000438690186,2.11299991607666,325.91,-1300.31,70.76825,86.7622044123445,-6.803866,6.0,6.0,10.149064571049893,1101.0,2058.0
2011-03-25,167.84178161621094,5654.25,11387.1669921875,1426.0999755859375,44.6,7.992,8.04,3.444000005722046,2.1689999103546143,325.91,-1300.31,70.76825,86.7622044123445,-6.803866,6.0,6.0,10.149064571049893,1101.0,2058.0
2011-03-28,169.3339385986328,5687.25,11523.2666015625,1419.800048828125,44.8,7.982,8.028,3.447999954223633,2.196000099182129,325.91,-1300.31,70.76825,86.7622044123445,-6.803866,6.0,6.0,10.149064571049893,1101.0,2058.0
2011-03-29,169.13397216796875,5736.35009765625,11582.365234375,1416.0,44.7,8.002,8.005,3.490999937057495,2.2290000915527344,325.91,-1300.31,70.76825,86.7622044123445,-6.803866,6.0,6.0,10.149064571049893,1101.0,2058.0
2011-03-30,170.61070251464844,5787.64990234375,11765.0634765625,1423.800048828125,44.75,8.016,7.99,3.4549999237060547,2.2170000076293945,325.91,-1300.31,70.76825,86.7622044123445,-6.803866,6.0,6.0,10.149064571049893,1101.0,2058.0
2011-03-31,171.70286560058594,5833.75,11705.314453125,1438.9000244140625,44.54,7.985,7.995,3.4539999961853027,2.2249999046325684,325.91,-1300.31,70.76825,86.7622044123445,-6.803866,6.0,6.0,10.149064571049893,1101.0,2058.0
2011-04-01,169.65696716308594,5826.0498046875,11590.8154296875,1428.0999755859375,44.44,7.985,7.995,3.450999975204468,2.247999906539917,325.91,-1300.31,71.15078000000001,88.2711123151679,-13.43655,6.0,6.0,10.149064571049893,1026.0,2261.0
2011-04-04,172.16433715820312,5908.4501953125,11804.1630859375,1432.199951171875,44.3,7.985,7.995,3.430999994277954,2.197000026702881,325.91,-1300.31,71.15078000000001,88.2711123151679,-13.43655,6.0,6.0,10.149064571049893,1026.0,2261.0
2011-04-05,170.94142150878906,5910.0498046875,11798.763671875,1451.800048828125,44.3,7.977,7.981,3.486999988555908,2.2720000743865967,325.91,-1300.31,71.15078000000001,88.2711123151679,-13.43655,6.0,6.0,10.149064571049893,1026.0,2261.0
2011-04-06,169.28781127929688,5891.75,11729.9130859375,1457.699951171875,44.06,7.99,7.974,3.5450000762939453,2.312999963760376,325.91,-1300.31,71.15078000000001,88.2711123151679,-13.43655,6.0,6.0,10.149064571049893,1026.0,2261.0
2011-04-07,169.826171875,5885.7001953125,11754.263671875,1458.5,44.18,7.974,7.962,3.555000066757202,2.2820000648498535,325.91,-1300.31,71.15078000000001,88.2711123151679,-13.43655,6.0,6.0,10.149064571049893,1026.0,2261.0
2011-04-08,168.9493408203125,5842.0,11673.1142578125,1473.4000244140625,44.05,7.965,7.978,3.569999933242798,2.299999952316284,325.91,-1300.31,71.15078000000001,88.2711123151679,-13.43655,6.0,6.0,10.149064571049893,1026.0,2261.0
2011-04-11,169.3031463623047,5785.7001953125,11597.6650390625,1467.4000244140625,44.33,8.019,8.005,3.569999933242798,2.2980000972747803,325.91,-1300.31,71.15078000000001,88.2711123151679,-13.43655,6.0,6.0,10.149064571049893,1026.0,2261.0
2011-04-12,169.3031463623047,5785.7001953125,11597.6650390625,1452.9000244140625,44.17,8.019,8.005,3.5,2.2100000381469727,325.91,-1300.31,71.15078000000001,88.2711123151679,-13.43655,6.0,6.0,10.149064571049893,1026.0,2261.0
2011-04-13,173.34117126464844,5911.5,11839.3623046875,1454.9000244140625,44.46,8.024,8.013,3.4660000801086426,2.1710000038146973,325.91,-1300.31,71.15078000000001,88.2711123151679,-13.43655,6.0,6.0,10.149064571049893,1026.0,2261.0
2011-04-14,173.34117126464844,5911.5,11839.3623046875,1471.699951171875,44.39,8.024,8.013,3.484999895095825,2.2109999656677246,325.91,-1300.31,71.15078000000001,88.2711123151679,-13.43655,6.0,6.0,10.149064571049893,1026.0,2261.0
2011-04-15,169.47239685058594,5824.5498046875,11735.513671875,1485.300048828125,44.26,8.064,8.077,3.4100000858306885,2.122999906539917,325.91,-1300.31,71.15078000000001,88.2711123151679,-13.43655,6.0,6.0,10.149064571049893,1026.0,2261.0
2011-04-18,166.7650146484375,5729.10009765625,11539.6162109375,1492.300048828125,44.36,8.082,8.099,3.371000051498413,2.055000066757202,325.91,-1300.31,71.15078000000001,88.2711123151679,-13.43655,6.0,6.0,10.149064571049893,1026.0,2261.0
2011-04-19,167.68028259277344,5740.75,11586.615234375,1494.5,44.49,8.08,8.111,3.3559999465942383,2.058000087738037,325.91,-1300.31,71.15078000000001,88.2711123151679,-13.43655,6.0,6.0,10.149064571049893,1026.0,2261.0
2011-04-20,171.1106414794922,5851.64990234375,11794.4130859375,1498.300048828125,44.33,8.092,8.124,3.4000000953674316,2.111000061035156,325.91,-1300.31,71.15078000000001,88.2711123151679,-13.43655,6.0,6.0,10.149064571049893,1026.0,2261.0
2011-04-21,172.05667114257812,5884.7001953125,11894.611328125,1503.199951171875,44.26,8.11,8.135,3.4000000953674316,2.114000082015991,325.91,-1300.31,71.15078000000001,88.2711123151679,-13.43655,6.0,6.0,10.149064571049893,1026.0,2261.0
2011-04-22,172.05667114257812,5884.7001953125,11894.611328125,1503.199951171875,44.36,8.11,8.135,3.4000000953674316,2.114000082015991,325.91,-1300.31,71.15078000000001,88.2711123151679,-13.43655,6.0,6.0,10.149064571049893,1026.0,2261.0
2011-04-25,171.1567840576172,5874.5,11878.8623046875,1508.5999755859375,44.41,8.134,8.155,3.36299991607666,2.065999984741211,325.91,-1300.31,71.15078000000001,88.2711123151679,-13.43655,6.0,6.0,10.149064571049893,1026.0,2261.0
2011-04-26,172.51046752929688,5868.39990234375,11867.5625,1503.0,44.51,8.091,8.202,3.319999933242798,2.0239999294281006,325.91,-1300.31,71.15078000000001,88.2711123151679,-13.43655,6.0,6.0,10.149064571049893,1026.0,2261.0
2011-04-27,170.2646026611328,5833.89990234375,11779.712890625,1516.699951171875,44.0,8.091,8.203,3.368000030517578,2.0390000343322754,325.91,-1300.31,71.15078000000001,88.2711123151679,-13.43655,6.0,6.0,10.149064571049893,1026.0,2261.0
2011-04-28,171.90286254882812,5785.4501953125,11684.6640625,1530.800048828125,44.42,8.111,8.228,3.312000036239624,2.0,325.91,-1300.31,71.15078000000001,88.2711123151679,-13.43655,6.0,6.0,10.149064571049893,1026.0,2261.0
2011-04-29,171.4336700439453,5749.5,11483.6162109375,1556.0,44.24,8.135,8.239,3.2960000038146973,1.975000023841858,325.91,-1300.31,71.15078000000001,88.2711123151679,-13.43655,6.0,6.0,10.149064571049893,1026.0,2261.0
2011-05-02,168.9493408203125,5701.2998046875,11243.6689453125,1556.699951171875,44.27,8.139,8.252,3.2860000133514404,1.9670000076293943,325.91,-1300.31,71.15078000000001,88.2711123151679,-13.43655,6.0,6.0,10.149064571049893,1026.0,2261.0
2011-05-03,164.25758361816406,5565.25,10898.1728515625,1540.0999755859375,44.47,8.23,8.336,3.255000114440918,1.9490000009536743,325.91,-1300.31,71.15078000000001,88.2711123151679,-13.43655,6.0,6.0,10.149064571049893,1026.0,2261.0
2011-05-04,162.69622802734375,5537.14990234375,10913.22265625,1514.9000244140625,44.35,8.294,8.432,3.2230000495910645,1.937000036239624,325.91,-1300.31,71.15078000000001,88.2711123151679,-13.43655,6.0,6.0,10.149064571049893,1026.0,2261.0
2011-05-05,158.4429168701172,5459.85009765625,10729.974609375,1480.9000244140625,44.76,8.268,8.437,3.1679999828338623,1.8910000324249268,325.91,-1300.31,71.15078000000001,88.2711123151679,-13.43655,6.0,6.0,10.149064571049893,1026.0,2261.0
2011-05-06,166.7188720703125,5551.4501953125,11144.9697265625,1491.199951171875,44.72,8.183,8.397,3.1570000648498535,1.8630000352859497,325.91,-1300.31,71.15078000000001,88.2711123151679,-13.43655,6.0,6.0,10.149064571049893,1026.0,2261.0
2011-05-09,166.5957794189453,5551.10009765625,11076.37109375,1502.9000244140625,44.68,8.262,8.407,3.1419999599456787,1.8359999656677248,325.91,-1300.31,71.15078000000001,88.2711123151679,-13.43655,6.0,6.0,10.149064571049893,1026.0,2261.0
2011-05-10,165.54977416992188,5541.25,11009.2724609375,1516.5999755859375,44.75,8.284,8.405,3.194999933242798,1.8940000534057615,325.91,-1300.31,71.15078000000001,88.2711123151679,-13.43655,6.0,6.0,10.149064571049893,1026.0,2261.0
2011-05-11,165.62664794921875,5565.0498046875,11058.9208984375,1501.0999755859375,44.59,8.292,8.408,3.1570000648498535,1.8489999771118164,325.91,-1300.31,71.15078000000001,88.2711123151679,-13.43655,6.0,6.0,10.149064571049893,1026.0,2261.0
2011-05-12,161.85018920898438,5486.14990234375,10887.3232421875,1506.5999755859375,44.98,8.212,8.367,3.2300000190734863,1.881999969482422,325.91,-1300.31,71.15078000000001,88.2711123151679,-13.43655,6.0,6.0,10.149064571049893,1026.0,2261.0
2011-05-13,165.06521606445312,5544.75,11020.822265625,1493.4000244140625,44.86,8.276,8.383,3.187000036239624,1.8480000495910645,325.91,-1300.31,71.15078000000001,88.2711123151679,-13.43655,6.0,6.0,10.149064571049893,1026.0,2261.0
2011-05-16,162.71163940429688,5499.0,10912.22265625,1490.4000244140625,45.15,8.283,8.41,3.1489999294281006,1.8049999475479128,325.91,-1300.31,71.15078000000001,88.2711123151679,-13.43655,6.0,6.0,10.149064571049893,1026.0,2261.0
2011-05-17,159.94273376464844,5438.9501953125,10668.7255859375,1479.800048828125,45.13,8.283,8.41,3.121000051498413,1.7860000133514404,325.91,-1300.31,71.15078000000001,88.2711123151679,-13.43655,6.0,6.0,10.149064571049893,1026.0,2261.0
2011-05-18,158.7890167236328,5420.60009765625,10598.9267578125,1495.5999755859375,45.06,8.292,8.433,3.1710000038146973,1.8420000076293943,325.91,-1300.31,71.15078000000001,88.2711123151679,-13.43655,6.0,6.0,10.149064571049893,1026.0,2261.0
2011-05-19,158.45828247070312,5428.10009765625,10558.2265625,1492.199951171875,44.9,8.321,8.457,3.1710000038146973,1.8220000267028809,325.91,-1300.31,71.15078000000001,88.2711123151679,-13.43655,6.0,6.0,10.149064571049893,1026.0,2261.0
2011-05-20,160.4734344482422,5486.35009765625,10663.9755859375,1508.800048828125,44.99,8.354,8.489,3.1519999504089355,1.7990000247955322,325.91,-1300.31,71.15078000000001,88.2711123151679,-13.43655,6.0,6.0,10.149064571049893,1026.0,2261.0
2011-05-23,154.8894500732422,5386.5498046875,10368.1298828125,1515.300048828125,45.22,8.344,8.484,3.134000062942505,1.7860000133514404,325.91,-1300.31,71.15078000000001,88.2711123151679,-13.43655,6.0,6.0,10.149064571049893,1026.0,2261.0
2011-05-24,156.72000122070312,5394.85009765625,10425.4287109375,1523.199951171875,45.21,8.374,8.487,3.122999906539917,1.784000039100647,325.91,-1300.31,71.15078000000001,88.2711123151679,-13.43655,6.0,6.0,10.149064571049893,1026.0,2261.0
2011-05-25,155.17405700683594,5348.9501953125,10355.6796875,1526.5999755859375,45.32,8.374,8.485,3.128999948501587,1.7660000324249268,325.91,-1300.31,71.15078000000001,88.2711123151679,-13.43655,6.0,6.0,10.149064571049893,1026.0,2261.0
2011-05-26,157.8660430908203,5412.35009765625,10468.177734375,1522.800048828125,45.33,8.397,8.491,3.061000108718872,1.7269999980926514,325.91,-1300.31,71.15078000000001,88.2711123151679,-13.43655,6.0,6.0,10.149064571049893,1026.0,2261.0
2011-05-27,164.31141662597656,5476.10009765625,10722.525390625,1536.300048828125,45.17,8.457,8.515,3.063999891281128,1.7089999914169312,325.91,-1300.31,71.15078000000001,88.2711123151679,-13.43655,6.0,6.0,10.149064571049893,1026.0,2261.0
2011-05-30,165.78048706054688,5473.10009765625,10781.3251953125,1536.300048828125,45.17,8.432,8.528,3.063999891281128,1.7089999914169312,325.91,-1300.31,71.15078000000001,88.2711123151679,-13.43655,6.0,6.0,10.149064571049893,1026.0,2261.0
2011-05-31,167.07266235351562,5473.10009765625,11020.7216796875,1535.9000244140625,45.04,8.411,8.49,3.049999952316284,1.687999963760376,325.91,-1300.31,71.15078000000001,88.2711123151679,-13.43655,6.0,6.0,10.149064571049893,1026.0,2261.0
2011-06-01,166.8572998046875,5592.0,11033.2724609375,1542.4000244140625,44.84,8.328,8.453,2.9660000801086426,1.6089999675750732,325.91,-1300.31,72.29838000000002,88.8514615085615,-14.56441,6.0,6.0,10.149064571049893,1026.0,2261.0
2011-06-02,163.45994567871094,5550.35009765625,10839.1240234375,1532.0,44.86,8.279,8.402,3.0299999713897705,1.649999976158142,325.91,-1300.31,72.29838000000002,88.8514615085615,-14.56441,6.0,6.0,10.149064571049893,1026.0,2261.0
2011-06-03,163.2261962890625,5516.75,10781.875,1541.699951171875,44.82,8.268,8.377,2.996999979019165,1.6080000400543213,325.91,-1300.31,72.29838000000002,88.8514615085615,-14.56441,6.0,6.0,10.149064571049893,1026.0,2261.0
2011-06-06,164.8859100341797,5532.0498046875,10854.5244140625,1546.5,44.78,8.261,8.367,3.002000093460083,1.5980000495910645,325.91,-1300.31,72.29838000000002,88.8514615085615,-14.56441,6.0,6.0,10.149064571049893,1026.0,2261.0
2011-06-07,164.58982849121094,5556.14990234375,10873.32421875,1543.300048828125,44.67,8.284,8.351,3.010999917984009,1.590999960899353,325.91,-1300.31,72.29838000000002,88.8514615085615,-14.56441,6.0,6.0,10.149064571049893,1026.0,2261.0
2011-06-08,163.4833526611328,5526.85009765625,10791.3251953125,1538.0999755859375,44.72,8.248,8.336,2.961999893188477,1.5190000534057615,325.91,-1300.31,72.29838000000002,88.8514615085615,-14.56441,6.0,6.0,10.149064571049893,1026.0,2261.0
2011-06-09,163.31973266601562,5521.0498046875,10785.275390625,1542.0999755859375,44.64,8.269,8.349,2.997999906539917,1.5859999656677246,325.91,-1300.31,72.29838000000002,88.8514615085615,-14.56441,6.0,6.0,10.149064571049893,1026.0,2261.0
2011-06-10,161.43406677246094,5485.7998046875,10714.125,1528.5999755859375,44.72,8.235,8.301,2.9709999561309814,1.565999984741211,325.91,-1300.31,72.29838000000002,88.8514615085615,-14.56441,6.0,6.0,10.149064571049893,1026.0,2261.0
2011-06-13,162.01071166992188,5482.7998046875,10717.375,1515.0,44.85,8.246,8.325,2.990999937057495,1.5889999866485596,325.91,-1300.31,72.29838000000002,88.8514615085615,-14.56441,6.0,6.0,10.149064571049893,1026.0,2261.0
2011-06-14,164.49635314941406,5500.5,10803.82421875,1523.800048828125,44.74,8.335,8.382,3.0989999771118164,1.687000036239624,325.91,-1300.31,72.29838000000002,88.8514615085615,-14.56441,6.0,6.0,10.149064571049893,1026.0,2261.0
2011-06-15,160.69384765625,5447.5,10626.52734375,1525.5999755859375,44.79,8.397,8.427,2.9730000495910645,1.5479999780654907,325.91,-1300.31,72.29838000000002,88.8514615085615,-14.56441,6.0,6.0,10.149064571049893,1026.0,2261.0
2011-06-16,160.2808837890625,5396.75,10572.02734375,1529.300048828125,44.88,8.3,8.326,2.9089999198913574,1.4989999532699585,325.91,-1300.31,72.29838000000002,88.8514615085615,-14.56441,6.0,6.0,10.149064571049893,1026.0,2261.0
2011-06-17,160.8574981689453,5366.39990234375,10598.126953125,1538.5999755859375,44.76,8.275,8.342,2.944000005722046,1.52400004863739,325.91,-1300.31,72.29838000000002,88.8514615085615,-14.56441,6.0,6.0,10.149064571049893,1026.0,2261.0
2011-06-20,159.7120361328125,5257.89990234375,10484.177734375,1541.5,44.92,8.196,8.257,2.9630000591278076,1.5420000553131104,325.91,-1300.31,72.29838000000002,88.8514615085615,-14.56441,6.0,6.0,10.149064571049893,1026.0,2261.0
2011-06-21,158.02117919921875,5275.85009765625,10459.029296875,1546.0,44.84,8.225,8.299,2.984999895095825,1.5499999523162842,325.91,-1300.31,72.29838000000002,88.8514615085615,-14.56441,6.0,6.0,10.149064571049893,1026.0,2261.0
2011-06-22,158.78482055664062,5278.2998046875,10475.078125,1552.9000244140625,44.82,8.251,8.312,2.993000030517578,1.5449999570846558,325.91,-1300.31,72.29838000000002,88.8514615085615,-14.56441,6.0,6.0,10.149064571049893,1026.0,2261.0
2011-06-23,160.54580688476562,5320.0,10526.328125,1520.0999755859375,44.89,8.268,8.331,2.9089999198913574,1.4520000219345093,325.91,-1300.31,72.29838000000002,88.8514615085615,-14.56441,6.0,6.0,10.149064571049893,1026.0,2261.0
2011-06-24,165.82875061035156,5471.25,10854.3740234375,1500.5,44.99,8.247,8.332,2.871000051498413,1.3910000324249268,325.91,-1300.31,72.29838000000002,88.8514615085615,-14.56441,6.0,6.0,10.149064571049893,1026.0,2261.0
2011-06-27,168.21310424804688,5526.60009765625,11032.3720703125,1496.0,44.94,8.262,8.34,2.927000045776367,1.4450000524520874,325.91,-1300.31,72.29838000000002,88.8514615085615,-14.56441,6.0,6.0,10.149064571049893,1026.0,2261.0
2011-06-28,168.82086181640625,5545.2998046875,11053.9208984375,1499.699951171875,45.0,8.288,8.356,3.0450000762939453,1.5989999771118164,325.91,-1300.31,72.29838000000002,88.8514615085615,-14.56441,6.0,6.0,10.149064571049893,1026.0,2261.0
2011-06-29,169.4364471435547,5600.4501953125,11153.2197265625,1509.9000244140625,44.78,8.319,8.364,3.1080000400543213,1.6929999589920044,325.91,-1300.31,72.29838000000002,88.8514615085615,-14.56441,6.0,6.0,10.149064571049893,1026.0,2261.0
2011-06-30,170.5896453857422,5647.39990234375,11244.51953125,1502.300048828125,44.59,8.326,8.358,3.1579999923706055,1.753999948501587,325.91,-1300.31,72.29838000000002,88.8514615085615,-14.56441,6.0,6.0,10.149064571049893,1026.0,2261.0
2011-07-01,170.62078857421875,5627.2001953125,11254.869140625,1482.300048828125,44.62,8.354,8.389,3.197000026702881,1.7990000247955322,325.91,-1300.31,73.8285,89.4898456212944,-13.8687,6.0,6.0,5.440010218533042,1236.0,2341.0
2011-07-04,171.3844451904297,5650.5,11379.66796875,1482.300048828125,44.62,8.357,8.376,3.197000026702881,1.7990000247955322,325.91,-1300.31,73.8285,89.4898456212944,-13.8687,6.0,6.0,5.440010218533042,1236.0,2341.0
2011-07-05,171.00262451171875,5632.10009765625,11405.966796875,1512.300048828125,44.35,8.343,8.358,3.135999917984009,1.6950000524520874,325.91,-1300.31,73.8285,89.4898456212944,-13.8687,6.0,6.0,5.440010218533042,1236.0,2341.0
2011-07-06,167.5975341796875,5625.4501953125,11282.9189453125,1528.699951171875,44.48,8.333,8.367,3.0950000286102295,1.6480000019073486,325.91,-1300.31,73.8285,89.4898456212944,-13.8687,6.0,6.0,5.440010218533042,1236.0,2341.0
2011-07-07,169.84161376953125,5728.9501953125,11425.966796875,1530.199951171875,44.32,8.359,8.385,3.1489999294281006,1.7380000352859497,325.91,-1300.31,73.8285,89.4898456212944,-13.8687,6.0,6.0,5.440010218533042,1236.0,2341.0
2011-07-08,165.220947265625,5660.64990234375,11285.01953125,1541.199951171875,44.41,8.355,8.368,3.0160000324249268,1.5700000524520874,325.91,-1300.31,73.8285,89.4898456212944,-13.8687,6.0,6.0,5.440010218533042,1236.0,2341.0
2011-07-11,164.25477600097656,5616.10009765625,11135.3701171875,1548.800048828125,44.48,8.321,8.353,2.9170000553131104,1.4739999771118164,325.91,-1300.31,73.8285,89.4898456212944,-13.8687,6.0,6.0,5.440010218533042,1236.0,2341.0
2011-07-12,163.10935974121094,5526.14990234375,11022.421875,1561.9000244140625,44.6,8.28,8.324,2.9079999923706055,1.4639999866485596,325.91,-1300.31,73.8285,89.4898456212944,-13.8687,6.0,6.0,5.440010218533042,1236.0,2341.0
2011-07-13,164.25477600097656,5585.4501953125,11142.1201171875,1585.199951171875,44.52,8.305,8.335,2.8910000324249268,1.4479999542236328,325.91,-1300.31,73.8285,89.4898456212944,-13.8687,6.0,6.0,5.440010218533042,1236.0,2341.0
2011-07-14,166.6001739501953,5585.4501953125,11263.6689453125,1589.0,44.5,8.247,8.301,2.944000005722046,1.4880000352859497,325.91,-1300.31,73.8285,89.4898456212944,-13.8687,6.0,6.0,5.440010218533042,1236.0,2341.0
2011-07-15,165.2910919189453,5581.10009765625,11234.4189453125,1589.800048828125,44.51,8.278,8.299,2.9079999923706055,1.4390000104904177,325.91,-1300.31,73.8285,89.4898456212944,-13.8687,6.0,6.0,5.440010218533042,1236.0,2341.0
2011-07-18,163.25735473632812,5567.0498046875,11228.71875,1602.0999755859375,44.6,8.25,8.273,2.9089999198913574,1.4259999990463257,325.91,-1300.31,73.8285,89.4898456212944,-13.8687,6.0,6.0,5.440010218533042,1236.0,2341.0
2011-07-19,165.47035217285156,5613.5498046875,11313.7177734375,1600.9000244140625,44.48,8.259,8.274,2.8910000324249268,1.4420000314712524,325.91,-1300.31,73.8285,89.4898456212944,-13.8687,6.0,6.0,5.440010218533042,1236.0,2341.0
2011-07-20,162.90673828125,5567.0498046875,11164.5703125,1596.699951171875,44.44,8.28,8.287,2.933000087738037,1.4700000286102295,325.91,-1300.31,73.8285,89.4898456212944,-13.8687,6.0,6.0,5.440010218533042,1236.0,2341.0
2011-07-21,162.22885131835938,5541.60009765625,11049.6708984375,1586.800048828125,44.4,8.274,8.285,3.009999990463257,1.5410000085830688,325.91,-1300.31,73.8285,89.4898456212944,-13.8687,6.0,6.0,5.440010218533042,1236.0,2341.0
2011-07-22,166.44430541992188,5633.9501953125,11291.8193359375,1601.300048828125,44.34,8.314,8.315,2.9639999866485596,1.5080000162124634,325.91,-1300.31,73.8285,89.4898456212944,-13.8687,6.0,6.0,5.440010218533042,1236.0,2341.0
2011-07-25,167.50404357910156,5680.2998046875,11391.6669921875,1612.0,44.39,8.294,8.308,3.003999948501587,1.5260000228881836,325.91,-1300.31,73.8285,89.4898456212944,-13.8687,6.0,6.0,5.440010218533042,1236.0,2341.0
2011-07-26,162.00289916992188,5574.85009765625,11114.4208984375,1616.5999755859375,44.1,8.441,8.409,2.950999975204468,1.4780000448226929,325.91,-1300.31,73.8285,89.4898456212944,-13.8687,6.0,6.0,5.440010218533042,1236.0,2341.0
2011-07-27,159.71986389160156,5546.7998046875,11000.0224609375,1615.0,44.15,8.451,8.444,2.9800000190734863,1.5210000276565552,325.91,-1300.31,73.8285,89.4898456212944,-13.8687,6.0,6.0,5.440010218533042,1236.0,2341.0
2011-07-28,158.55885314941406,5487.75,10828.3740234375,1613.4000244140625,44.03,8.465,8.453,2.950999975204468,1.527999997138977,325.91,-1300.31,73.8285,89.4898456212944,-13.8687,6.0,6.0,5.440010218533042,1236.0,2341.0
2011-07-29,161.56651306152344,5482.0,10893.5234375,1628.300048828125,44.2,8.454,8.443,2.805000066757202,1.3730000257492063,325.91,-1300.31,73.8285,89.4898456212944,-13.8687,6.0,6.0,5.440010218533042,1236.0,2341.0
2011-08-01,162.90673828125,5516.7998046875,10938.873046875,1619.0,44.06,8.461,8.422,2.740000009536743,1.3140000104904177,325.91,-1300.31,74.21103000000002,89.89609005667,-14.33957,6.0,6.0,5.440010218533042,1236.0,2341.0
2011-08-02,159.22116088867188,5456.5498046875,10743.1748046875,1641.9000244140625,44.26,8.436,8.42,2.624000072479248,1.2280000448226929,325.91,-1300.31,74.21103000000002,89.89609005667,-14.33957,6.0,6.0,5.440010218533042,1236.0,2341.0
2011-08-03,156.14332580566406,5404.7998046875,10639.42578125,1663.4000244140625,44.31,8.423,8.399,2.5989999771118164,1.2389999628067017,325.91,-1300.31,74.21103000000002,89.89609005667,-14.33957,6.0,6.0,5.440010218533042,1236.0,2341.0
2011-08-04,154.77195739746094,5331.7998046875,10536.927734375,1656.199951171875,44.56,8.403,8.386,2.4579999446868896,1.131999969482422,325.91,-1300.31,74.21103000000002,89.89609005667,-14.33957,6.0,6.0,5.440010218533042,1236.0,2341.0
2011-08-05,150.61880493164062,5211.25,10354.3798828125,1648.800048828125,44.73,8.316,8.318,2.558000087738037,1.253000020980835,325.91,-1300.31,74.21103000000002,89.89609005667,-14.33957,6.0,6.0,5.440010218533042,1236.0,2341.0
2011-08-08,148.187744140625,5118.5,10232.1806640625,1710.199951171875,45.0,8.261,8.288,2.3389999866485596,1.0920000076293943,325.91,-1300.31,74.21103000000002,89.89609005667,-14.33957,6.0,6.0,5.440010218533042,1236.0,2341.0
2011-08-09,146.512451171875,5072.85009765625,10196.431640625,1740.0,45.2,8.227,8.246,2.181999921798706,0.9340000152587892,325.91,-1300.31,74.21103000000002,89.89609005667,-14.33957,6.0,6.0,5.440010218533042,1236.0,2341.0
2011-08-10,150.18247985839844,5161.0,10463.078125,1781.300048828125,45.25,8.192,8.223,2.13700008392334,0.9290000200271606,325.91,-1300.31,74.21103000000002,89.89609005667,-14.33957,6.0,6.0,5.440010218533042,1236.0,2341.0
2011-08-11,146.88645935058594,5138.2998046875,10338.6796875,1748.800048828125,45.29,8.209,8.218,2.3359999656677246,0.9879999756813048,325.91,-1300.31,74.21103000000002,89.89609005667,-14.33957,6.0,6.0,5.440010218533042,1236.0,2341.0
2011-08-12,146.48129272460938,5072.9501953125,10182.58203125,1740.199951171875,45.39,8.3,8.275,2.236999988555908,0.944000005722046,325.91,-1300.31,74.21103000000002,89.89609005667,-14.33957,6.0,6.0,5.440010218533042,1236.0,2341.0
2011-08-15,146.48129272460938,5072.9501953125,10182.58203125,1755.5,45.23,8.3,8.275,2.2850000858306885,0.9769999980926514,325.91,-1300.31,74.21103000000002,89.89609005667,-14.33957,6.0,6.0,5.440010218533042,1236.0,2341.0
2011-08-16,145.80337524414062,5035.7998046875,10056.283203125,1782.4000244140625,45.25,8.29,8.308,2.2139999866485596,0.9269999861717224,325.91,-1300.31,74.21103000000002,89.89609005667,-14.33957,6.0,6.0,5.440010218533042,1236.0,2341.0
2011-08-17,141.78273010253906,5056.60009765625,9953.0849609375,1791.199951171875,45.3,8.322,8.332,2.1649999618530273,0.9100000262260436,325.91,-1300.31,74.21103000000002,89.89609005667,-14.33957,6.0,6.0,5.440010218533042,1236.0,2341.0
2011-08-18,134.61410522460938,4944.14990234375,9601.388671875,1818.9000244140625,45.71,8.257,8.275,2.0829999446868896,0.8930000066757202,325.91,-1300.31,74.21103000000002,89.89609005667,-14.33957,6.0,6.0,5.440010218533042,1236.0,2341.0
2011-08-19,129.68179321289062,4845.64990234375,9404.740234375,1848.9000244140625,45.66,8.257,8.275,2.071000099182129,0.8999999761581421,325.91,-1300.31,74.21103000000002,89.89609005667,-14.33957,6.0,6.0,5.440010218533042,1236.0,2341.0
2011-08-22,132.61936950683594,4898.7998046875,9407.240234375,1888.699951171875,45.56,8.269,8.286,2.0880000591278076,0.9259999990463256,325.91,-1300.31,74.21103000000002,89.89609005667,-14.33957,6.0,6.0,5.440010218533042,1236.0,2341.0
2011-08-23,132.79856872558594,4948.89990234375,9488.58984375,1858.300048828125,45.62,8.265,8.27,2.13700008392334,0.9380000233650208,325.91,-1300.31,74.21103000000002,89.89609005667,-14.33957,6.0,6.0,5.440010218533042,1236.0,2341.0
2011-08-24,131.2479705810547,4888.89990234375,9331.7412109375,1754.0999755859375,45.89,8.218,8.247,2.259999990463257,1.0049999952316284,325.91,-1300.31,74.21103000000002,89.89609005667,-14.33957,6.0,6.0,5.440010218533042,1236.0,2341.0
2011-08-25,129.94674682617188,4839.60009765625,9177.1435546875,1759.800048828125,46.04,8.245,8.247,2.2219998836517334,0.9810000061988832,325.91,-1300.31,74.21103000000002,89.89609005667,-14.33957,6.0,6.0,5.440010218533042,1236.0,2341.0
2011-08-26,127.82728576660156,4747.7998046875,8974.4453125,1794.0999755859375,46.15,8.303,8.247,2.187999963760376,0.9409999847412108,325.91,-1300.31,74.21103000000002,89.89609005667,-14.33957,6.0,6.0,5.440010218533042,1236.0,2341.0
2011-08-29,133.71803283691406,4919.60009765625,9342.341796875,1788.4000244140625,45.95,8.326,8.329,2.2709999084472656,0.9919999837875366,325.91,-1300.31,74.21103000000002,89.89609005667,-14.33957,6.0,6.0,5.440010218533042,1236.0,2341.0
2011-08-30,136.08677673339844,5001.0,9533.2900390625,1826.699951171875,46.01,8.319,8.344,2.1760001182556152,0.9279999732971193,325.91,-1300.31,74.21103000000002,89.89609005667,-14.33957,6.0,6.0,5.440010218533042,1236.0,2341.0
2011-08-31,136.08677673339844,5001.0,9533.2900390625,1828.5,45.79,8.319,8.344,2.2179999351501465,0.9520000219345092,325.91,-1300.31,74.21103000000002,89.89609005667,-14.33957,6.0,6.0,5.440010218533042,1236.0,2341.0
2011-09-01,136.08677673339844,5001.0,9533.2900390625,1826.0,45.66,8.319,8.344,2.1459999084472656,0.9070000052452089,325.91,-1300.31,75.35862,90.6505440080816,-12.92016,6.0,6.0,5.440010218533042,1236.0,2341.0
2011-09-02,138.2529754638672,5040.0,9581.23828125,1873.699951171875,45.74,8.349,8.358,1.996000051498413,0.8700000047683716,325.91,-1300.31,75.35862,90.6505440080816,-12.92016,6.0,6.0,5.440010218533042,1236.0,2341.0
2011-09-05,137.6374053955078,5017.2001953125,9613.9384765625,1873.699951171875,45.74,8.288,8.305,1.996000051498413,0.8700000047683716,325.91,-1300.31,75.35862,90.6505440080816,-12.92016,6.0,6.0,5.440010218533042,1236.0,2341.0
2011-09-06,138.58023071289062,5064.2998046875,9657.4873046875,1869.9000244140625,46.0,8.304,8.313,1.9789999723434448,0.8830000162124634,325.91,-1300.31,75.35862,90.6505440080816,-12.92016,6.0,6.0,5.440010218533042,1236.0,2341.0
2011-09-07,139.84251403808594,5124.64990234375,9858.7861328125,1814.199951171875,46.07,8.31,8.327,2.0360000133514404,0.9079999923706056,325.91,-1300.31,75.35862,90.6505440080816,-12.92016,6.0,6.0,5.440010218533042,1236.0,2341.0
2011-09-08,143.2086639404297,5153.25,9919.9345703125,1854.4000244140625,46.2,8.296,8.298,1.9859999418258667,0.8669999837875366,325.91,-1300.31,75.35862,90.6505440080816,-12.92016,6.0,6.0,5.440010218533042,1236.0,2341.0
2011-09-09,139.75682067871094,5059.4501953125,9678.587890625,1856.4000244140625,46.64,8.314,8.324,1.9149999618530271,0.8050000071525574,325.91,-1300.31,75.35862,90.6505440080816,-12.92016,6.0,6.0,5.440010218533042,1236.0,2341.0
2011-09-12,134.3881378173828,4946.7998046875,9395.140625,1809.9000244140625,47.22,8.292,8.313,1.9299999475479128,0.8529999852180481,325.91,-1300.31,75.35862,90.6505440080816,-12.92016,6.0,6.0,5.440010218533042,1236.0,2341.0
2011-09-13,132.83753967285156,4940.9501953125,9339.591796875,1826.800048828125,47.49,8.325,8.333,1.99399995803833,0.8870000243186951,325.91,-1300.31,75.35862,90.6505440080816,-12.92016,6.0,6.0,5.440010218533042,1236.0,2341.0
2011-09-14,134.65309143066406,5012.5498046875,9472.33984375,1823.5,47.58,8.347,8.352,2.010999917984009,0.9049999713897704,325.91,-1300.31,75.35862,90.6505440080816,-12.92016,6.0,6.0,5.440010218533042,1236.0,2341.0
2011-09-15,136.54649353027344,5075.7001953125,9660.2373046875,1778.5,47.54,8.329,8.35,2.0850000381469727,0.9470000267028807,325.91,-1300.31,75.35862,90.6505440080816,-12.92016,6.0,6.0,5.440010218533042,1236.0,2341.0
2011-09-16,137.74647521972656,5084.25,9720.13671875,1812.0999755859375,47.27,8.362,8.362,2.075999975204468,0.9300000071525574,325.91,-1300.31,75.35862,90.6505440080816,-12.92016,6.0,6.0,5.440010218533042,1236.0,2341.0
2011-09-19,133.94400024414062,5031.9501953125,9583.4384765625,1776.4000244140625,47.72,8.329,8.36,1.940000057220459,0.8299999833106995,325.91,-1300.31,75.35862,90.6505440080816,-12.92016,6.0,6.0,5.440010218533042,1236.0,2341.0
2011-09-20,137.50494384765625,5140.2001953125,9812.5859375,1806.5999755859375,47.93,8.337,8.352,1.9470000267028809,0.8450000286102295,325.91,-1300.31,75.35862,90.6505440080816,-12.92016,6.0,6.0,5.440010218533042,1236.0,2341.0
2011-09-21,140.44248962402344,5133.25,9928.884765625,1805.5,48.32,8.328,8.35,1.875,0.8560000061988831,325.91,-1300.31,75.35862,90.6505440080816,-12.92016,6.0,6.0,5.440010218533042,1236.0,2341.0
2011-09-22,134.3881378173828,4923.64990234375,9520.4892578125,1739.199951171875,49.47,8.3,8.337,1.715000033378601,0.7720000147819519,325.91,-1300.31,75.35862,90.6505440080816,-12.92016,6.0,6.0,5.440010218533042,1236.0,2341.0
2011-09-23,131.48948669433594,4867.75,9375.5908203125,1637.5,49.34,8.302,8.317,1.8079999685287476,0.8489999771118164,325.91,-1300.31,75.35862,90.6505440080816,-12.92016,6.0,6.0,5.440010218533042,1236.0,2341.0
2011-09-26,133.71803283691406,4835.39990234375,9384.390625,1592.5,49.47,8.311,8.306,1.9040000438690183,0.906000018119812,325.91,-1300.31,75.35862,90.6505440080816,-12.92016,6.0,6.0,5.440010218533042,1236.0,2341.0
2011-09-27,138.08152770996094,4971.25,9619.8388671875,1650.5999755859375,48.92,8.326,8.328,2.0160000324249268,0.9710000157356262,325.91,-1300.31,75.35862,90.6505440080816,-12.92016,6.0,6.0,5.440010218533042,1236.0,2341.0
2011-09-28,135.3855438232422,4945.89990234375,9512.0400390625,1616.300048828125,48.94,8.347,8.334,2.002000093460083,0.9580000042915344,325.91,-1300.31,75.35862,90.6505440080816,-12.92016,6.0,6.0,5.440010218533042,1236.0,2341.0
2011-09-29,138.8061981201172,5015.4501953125,9653.2880859375,1615.5,48.93,8.442,8.413,1.9570000171661377,0.9710000157356262,325.91,-1300.31,75.35862,90.6505440080816,-12.92016,6.0,6.0,5.440010218533042,1236.0,2341.0
2011-09-30,136.42189025878906,4943.25,9468.189453125,1620.4000244140625,49.05,8.442,8.413,1.924000024795532,0.9649999737739564,325.91,-1300.31,75.35862,90.6505440080816,-12.92016,6.0,6.0,5.440010218533042,1236.0,2341.0
2011-10-03,130.76487731933594,4849.5,9185.7939453125,1656.0,49.09,8.537,8.522,1.784999966621399,0.875,325.91,-1300.31,75.35862,90.6505440080816,-12.92016,6.0,6.0,5.440010218533042,1236.0,2341.0
2011-10-04,124.8196029663086,4772.14990234375,8913.24609375,1614.699951171875,49.3,8.545,8.481,1.781000018119812,0.8889999985694885,325.91,-1300.31,75.35862,90.6505440080816,-12.92016,6.0,6.0,5.440010218533042,1236.0,2341.0
2011-10-05,121.43789672851562,4751.2998046875,8701.1982421875,1640.300048828125,49.24,8.578,8.518,1.9049999713897705,0.959999978542328,325.91,-1300.31,75.35862,90.6505440080816,-12.92016,6.0,6.0,5.440010218533042,1236.0,2341.0
2011-10-06,121.43789672851562,4751.2998046875,8701.1982421875,1651.9000244140625,49.18,8.578,8.518,1.9859999418258667,1.00600004196167,325.91,-1300.31,75.35862,90.6505440080816,-12.92016,6.0,6.0,5.440010218533042,1236.0,2341.0
2011-10-07,128.48182678222656,4888.0498046875,9038.14453125,1634.5,48.89,8.666,8.606,2.068000078201294,1.0729999542236328,325.91,-1300.31,75.35862,90.6505440080816,-12.92016,6.0,6.0,5.440010218533042,1236.0,2341.0
2011-10-10,131.318115234375,4979.60009765625,9168.7939453125,1669.5999755859375,48.89,8.751,8.632,2.075999975204468,1.0809999704360962,325.91,-1300.31,75.35862,90.6505440080816,-12.92016,6.0,6.0,5.440010218533042,1236.0,2341.0
2011-10-11,129.73634338378906,4974.35009765625,9178.5439453125,1659.699951171875,49.24,8.71,8.677,2.1600000858306885,1.1349999904632568,325.91,-1300.31,75.35862,90.6505440080816,-12.92016,6.0,6.0,5.440010218533042,1236.0,2341.0
2011-10-12,133.9751739501953,5099.39990234375,9482.189453125,1681.300048828125,48.95,8.738,8.697,2.2260000705718994,1.1610000133514404,325.91,-1300.31,75.35862,90.6505440080816,-12.92016,6.0,6.0,5.440010218533042,1236.0,2341.0
2011-10-13,137.1153564453125,5077.85009765625,9591.138671875,1667.300048828125,49.22,8.725,8.681,2.1689999103546143,1.090999960899353,325.91,-1300.31,75.35862,90.6505440080816,-12.92016,6.0,6.0,5.440010218533042,1236.0,2341.0
2011-10-14,138.7594451904297,5132.2998046875,9660.2880859375,1681.800048828125,48.89,8.784,8.722,2.2320001125335693,1.1039999723434448,325.91,-1300.31,75.35862,90.6505440080816,-12.92016,6.0,6.0,5.440010218533042,1236.0,2341.0
2011-10-17,140.0762939453125,5118.25,9721.1865234375,1675.5,49.03,8.757,8.719,2.1549999713897705,1.0570000410079956,325.91,-1300.31,75.35862,90.6505440080816,-12.92016,6.0,6.0,5.440010218533042,1236.0,2341.0
2011-10-18,136.59327697753906,5037.5,9583.7890625,1651.699951171875,49.33,8.748,8.734,2.1510000228881836,1.0369999408721924,325.91,-1300.31,75.35862,90.6505440080816,-12.92016,6.0,6.0,5.440010218533042,1236.0,2341.0
2011-10-19,140.90220642089844,5139.14990234375,9841.2353515625,1646.0,49.17,8.775,8.745,2.1589999198913574,1.0410000085830688,325.91,-1300.31,75.35862,90.6505440080816,-12.92016,6.0,6.0,5.440010218533042,1236.0,2341.0
2011-10-20,136.8347930908203,5091.89990234375,9746.287109375,1611.9000244140625,49.86,8.79,8.771,2.180000066757202,1.0570000410079956,325.91,-1300.31,75.35862,90.6505440080816,-12.92016,6.0,6.0,5.440010218533042,1236.0,2341.0
2011-10-21,135.66598510742188,5049.9501953125,9695.2373046875,1635.0999755859375,49.82,8.82,8.759,2.203000068664551,1.0549999475479126,325.91,-1300.31,75.35862,90.6505440080816,-12.92016,6.0,6.0,5.440010218533042,1236.0,2341.0
2011-10-24,135.3387451171875,5098.35009765625,9647.7373046875,1651.5,49.72,8.817,8.779,2.2339999675750732,1.0859999656677246,325.91,-1300.31,75.35862,90.6505440080816,-12.92016,6.0,6.0,5.440010218533042,1236.0,2341.0
2011-10-25,136.8893585205078,5191.60009765625,9511.4892578125,1699.5999755859375,49.41,8.763,8.755,2.128000020980835,1.0,325.91,-1300.31,75.35862,90.6505440080816,-12.92016,6.0,6.0,5.440010218533042,1236.0,2341.0
2011-10-26,136.8893585205078,5191.60009765625,9511.4892578125,1722.699951171875,49.4,8.763,8.755,2.203000068664551,1.062000036239624,325.91,-1300.31,75.35862,90.6505440080816,-12.92016,6.0,6.0,5.440010218533042,1236.0,2341.0
2011-10-27,136.8893585205078,5191.60009765625,9511.4892578125,1746.699951171875,49.0,8.763,8.755,2.3949999809265137,1.2020000219345093,325.91,-1300.31,75.35862,90.6505440080816,-12.92016,6.0,6.0,5.440010218533042,1236.0,2341.0
2011-10-28,145.45274353027344,5360.7001953125,9916.9345703125,1746.199951171875,48.63,8.852,8.836,2.305999994277954,1.11899995803833,325.91,-1300.31,75.35862,90.6505440080816,-12.92016,6.0,6.0,5.440010218533042,1236.0,2341.0
2011-10-31,145.10987854003906,5326.60009765625,9989.5341796875,1724.199951171875,48.67,8.879,8.842,2.174999952316284,1.0110000371932983,325.91,-1300.31,75.35862,90.6505440080816,-12.92016,6.0,6.0,5.440010218533042,1236.0,2341.0
2011-11-01,139.4762725830078,5257.9501953125,9822.1357421875,1711.0,49.26,8.947,8.845,2.000999927520752,0.9089999794960022,325.91,-1300.31,76.12368999999998,91.346963040154,-14.22349,6.0,6.0,5.440010218533042,1236.0,2341.0
2011-11-02,137.91793823242188,5258.4501953125,9780.9365234375,1728.699951171875,49.1,8.904,8.823,2.00600004196167,0.8939999938011169,325.91,-1300.31,76.12368999999998,91.346963040154,-14.22349,6.0,6.0,5.440010218533042,1236.0,2341.0
2011-11-03,136.8347930908203,5265.75,9782.38671875,1764.199951171875,49.04,8.901,8.792,2.065999984741211,0.912999987602234,325.91,-1300.31,76.12368999999998,91.346963040154,-14.22349,6.0,6.0,5.440010218533042,1236.0,2341.0
2011-11-04,137.80880737304688,5284.2001953125,9836.2353515625,1755.300048828125,48.99,8.968,8.829,2.049999952316284,0.8880000114440918,325.91,-1300.31,76.12368999999998,91.346963040154,-14.22349,6.0,6.0,5.440010218533042,1236.0,2341.0
2011-11-07,137.80880737304688,5284.2001953125,9836.2353515625,1790.300048828125,48.94,8.968,8.829,1.99399995803833,0.8709999918937683,325.91,-1300.31,76.12368999999998,91.346963040154,-14.22349,6.0,6.0,5.440010218533042,1236.0,2341.0
2011-11-08,137.3412628173828,5289.35009765625,9852.435546875,1798.4000244140625,49.39,9.034,8.866,2.065000057220459,0.9160000085830688,325.91,-1300.31,76.12368999999998,91.346963040154,-14.22349,6.0,6.0,5.440010218533042,1236.0,2341.0
2011-11-09,134.3570098876953,5221.0498046875,9592.5390625,1790.9000244140625,50.05,9.061,8.885,1.955000042915344,0.8619999885559082,325.91,-1300.31,76.12368999999998,91.346963040154,-14.22349,6.0,6.0,5.440010218533042,1236.0,2341.0
2011-11-10,134.3570098876953,5221.0498046875,9592.5390625,1758.9000244140625,49.98,9.061,8.885,2.055999994277954,0.906000018119812,325.91,-1300.31,76.12368999999998,91.346963040154,-14.22349,6.0,6.0,5.440010218533042,1236.0,2341.0
2011-11-11,127.94416809082033,5168.85009765625,9292.44140625,1787.5,49.98,9.054,8.941,2.055999994277954,0.9049999713897704,325.91,-1300.31,76.12368999999998,91.346963040154,-14.22349,6.0,6.0,5.440010218533042,1236.0,2341.0
2011-11-14,127.94416809082033,5148.35009765625,9274.892578125,1777.800048828125,50.37,9.037,8.905,2.0429999828338623,0.8980000019073486,325.91,-1300.31,76.12368999999998,91.346963040154,-14.22349,6.0,6.0,5.440010218533042,1236.0,2341.0
2011-11-15,123.08979034423828,5068.5,9085.5947265625,1781.699951171875,50.62,8.97,8.842,2.056999921798706,0.9079999923706056,325.91,-1300.31,76.12368999999998,91.346963040154,-14.22349,6.0,6.0,5.440010218533042,1236.0,2341.0
2011-11-16,122.93392944335938,5030.4501953125,9061.4443359375,1773.800048828125,50.66,8.977,8.834,2.0239999294281006,0.8970000147819519,325.91,-1300.31,76.12368999999998,91.346963040154,-14.22349,6.0,6.0,5.440010218533042,1236.0,2341.0
2011-11-17,121.27426147460938,4934.75,8930.796875,1719.800048828125,50.95,8.838,8.779,1.9579999446868896,0.8690000176429749,325.91,-1300.31,76.12368999999998,91.346963040154,-14.22349,6.0,6.0,5.440010218533042,1236.0,2341.0
2011-11-18,120.011962890625,4905.7998046875,8850.1474609375,1724.699951171875,51.23,8.856,8.8,2.01200008392334,0.921999990940094,325.91,-1300.31,76.12368999999998,91.346963040154,-14.22349,6.0,6.0,5.440010218533042,1236.0,2341.0
2011-11-21,114.01213836669922,4778.35009765625,8554.05078125,1678.300048828125,52.06,8.837,8.808,1.962000012397766,0.906000018119812,325.91,-1300.31,76.12368999999998,91.346963040154,-14.22349,6.0,6.0,5.440010218533042,1236.0,2341.0
2011-11-22,116.1705093383789,4812.35009765625,8611.6005859375,1702.199951171875,52.48,8.844,8.818,1.9390000104904177,0.8849999904632568,325.91,-1300.31,76.12368999999998,91.346963040154,-14.22349,6.0,6.0,5.440010218533042,1236.0,2341.0
2011-11-23,113.24852752685548,4706.4501953125,8399.2021484375,1695.699951171875,52.26,8.812,8.786,1.878999948501587,0.878000020980835,325.91,-1300.31,76.12368999999998,91.346963040154,-14.22349,6.0,6.0,5.440010218533042,1236.0,2341.0
2011-11-24,113.7783660888672,4706.4501953125,8472.4013671875,1695.699951171875,52.26,8.793,8.774,1.878999948501587,0.878000020980835,325.91,-1300.31,76.12368999999998,91.346963040154,-14.22349,6.0,6.0,5.440010218533042,1236.0,2341.0
2011-11-25,111.92388153076172,4710.0498046875,8488.5009765625,1685.5,52.23,8.811,8.805,1.9670000076293943,0.9380000233650208,325.91,-1300.31,76.12368999999998,91.346963040154,-14.22349,6.0,6.0,5.440010218533042,1236.0,2341.0
2011-11-28,116.85621643066406,4851.2998046875,8793.0478515625,1710.800048828125,51.94,8.827,8.77,1.9579999446868896,0.915000021457672,325.91,-1300.31,76.12368999999998,91.346963040154,-14.22349,6.0,6.0,5.440010218533042,1236.0,2341.0
2011-11-29,114.37834930419922,4805.10009765625,8623.7998046875,1713.4000244140625,51.9,8.825,8.768,1.996000051498413,0.9279999732971193,325.91,-1300.31,76.12368999999998,91.346963040154,-14.22349,6.0,6.0,5.440010218533042,1236.0,2341.0
2011-11-30,111.02779388427734,4832.0498046875,8564.0,1745.5,52.12,8.738,8.729,2.068000078201294,0.9520000219345092,325.91,-1300.31,76.12368999999998,91.346963040154,-14.22349,6.0,6.0,5.440010218533042,1236.0,2341.0
2011-12-01,118.77301788330078,4936.85009765625,8895.1962890625,1735.300048828125,51.36,8.697,8.684,2.117000102996826,0.9710000157356262,325.91,-1300.31,75.35862,91.2889281208146,-14.49688,6.0,6.0,5.440010218533042,1236.0,2341.0
2011-12-02,122.75472259521484,5050.14990234375,9172.6435546875,1747.0,50.5,8.647,8.612,2.0420000553131104,0.9229999780654908,325.91,-1300.31,75.35862,91.2889281208146,-14.49688,6.0,6.0,5.440010218533042,1236.0,2341.0
2011-12-05,121.48464965820312,5039.14990234375,9173.6435546875,1730.699951171875,51.31,8.577,8.548,2.053999900817871,0.9359999895095824,325.91,-1300.31,75.35862,91.2889281208146,-14.49688,6.0,6.0,5.440010218533042,1236.0,2341.0
2011-12-06,121.48464965820312,5039.14990234375,9173.6435546875,1727.9000244140625,51.23,8.577,8.548,2.0929999351501465,0.944000005722046,325.91,-1300.31,75.35862,91.2889281208146,-14.49688,6.0,6.0,5.440010218533042,1236.0,2341.0
2011-12-07,119.66130065917967,5062.60009765625,9176.1435546875,1740.9000244140625,51.62,8.594,8.472,2.0169999599456787,0.878000020980835,325.91,-1300.31,75.35862,91.2889281208146,-14.49688,6.0,6.0,5.440010218533042,1236.0,2341.0
2011-12-08,115.99128723144533,4943.64990234375,8915.5966796875,1709.800048828125,51.7,8.519,8.422,1.972000002861023,0.8399999737739563,325.91,-1300.31,75.35862,91.2889281208146,-14.49688,6.0,6.0,5.440010218533042,1236.0,2341.0
2011-12-09,113.94200897216795,4866.7001953125,8810.9970703125,1712.800048828125,51.87,8.533,8.465,2.052000045776367,0.8809999823570251,325.91,-1300.31,75.35862,91.2889281208146,-14.49688,6.0,6.0,5.440010218533042,1236.0,2341.0
2011-12-12,110.19406127929688,4764.60009765625,8543.30078125,1664.199951171875,52.6,8.446,8.423,2.009000062942505,0.859000027179718,325.91,-1300.31,75.35862,91.2889281208146,-14.49688,6.0,6.0,5.440010218533042,1236.0,2341.0
2011-12-13,110.0927734375,4800.60009765625,8571.8505859375,1659.9000244140625,53.09,8.403,8.396,1.962000012397766,0.8489999771118164,325.91,-1300.31,75.35862,91.2889281208146,-14.49688,6.0,6.0,5.440010218533042,1236.0,2341.0
2011-12-14,109.77330780029295,4763.25,8532.900390625,1584.300048828125,53.71,8.491,8.446,1.9010000228881836,0.8479999899864197,325.91,-1300.31,75.35862,91.2889281208146,-14.49688,6.0,6.0,5.440010218533042,1236.0,2341.0
2011-12-15,108.86944580078124,4746.35009765625,8445.0009765625,1574.5999755859375,53.55,8.486,8.456,1.912999987602234,0.8539999723434448,325.91,-1300.31,75.35862,91.2889281208146,-14.49688,6.0,6.0,5.440010218533042,1236.0,2341.0
2011-12-16,105.3474578857422,4651.60009765625,8171.8046875,1595.5999755859375,52.49,8.379,8.368,1.8539999723434448,0.8149999976158142,325.91,-1300.31,75.35862,91.2889281208146,-14.49688,6.0,6.0,5.440010218533042,1236.0,2341.0
2011-12-19,102.4176788330078,4613.10009765625,7920.65771484375,1594.4000244140625,52.69,8.329,8.333,1.812999963760376,0.8059999942779541,325.91,-1300.31,75.35862,91.2889281208146,-14.49688,6.0,6.0,5.440010218533042,1236.0,2341.0
2011-12-20,101.82549285888672,4544.2001953125,7798.458984375,1615.5999755859375,52.76,8.276,8.316,1.924999952316284,0.859000027179718,325.91,-1300.31,75.35862,91.2889281208146,-14.49688,6.0,6.0,5.440010218533042,1236.0,2341.0
2011-12-21,109.45384216308594,4693.14990234375,8189.0546875,1611.9000244140625,52.39,8.34,8.277,1.9670000076293943,0.9169999957084656,325.91,-1300.31,75.35862,91.2889281208146,-14.49688,6.0,6.0,5.440010218533042,1236.0,2341.0
2011-12-22,113.47449493408205,4733.85009765625,8384.552734375,1608.9000244140625,52.56,8.333,8.289,1.950999975204468,0.9169999957084656,325.91,-1300.31,75.35862,91.2889281208146,-14.49688,6.0,6.0,5.440010218533042,1236.0,2341.0
2011-12-23,112.4770965576172,4714.0,8296.353515625,1604.699951171875,52.78,8.365,8.329,2.0299999713897705,0.984000027179718,325.91,-1300.31,75.35862,91.2889281208146,-14.49688,6.0,6.0,5.440010218533042,1236.0,2341.0
2011-12-26,113.70044708251952,4714.0,8374.4521484375,1604.699951171875,52.78,8.49,8.404,2.0299999713897705,0.984000027179718,325.91,-1300.31,75.35862,91.2889281208146,-14.49688,6.0,6.0,5.440010218533042,1236.0,2341.0
2011-12-27,113.15502166748048,4750.5,8275.404296875,1594.199951171875,52.93,8.476,8.414,2.009000062942505,0.9679999947547911,325.91,-1300.31,75.35862,91.2889281208146,-14.49688,6.0,6.0,5.440010218533042,1236.0,2341.0
2011-12-28,108.67462921142578,4705.7998046875,8111.3056640625,1562.9000244140625,52.88,8.478,8.387,1.9079999923706057,0.9020000100135804,325.91,-1300.31,75.35862,91.2889281208146,-14.49688,6.0,6.0,5.440010218533042,1236.0,2341.0
2011-12-29,106.89804077148438,4646.25,8027.306640625,1539.9000244140625,53.0,8.536,8.417,1.8969999551773071,0.875,325.91,-1300.31,75.35862,91.2889281208146,-14.49688,6.0,6.0,5.440010218533042,1236.0,2341.0
2011-12-30,106.69548034667967,4624.2998046875,7968.55712890625,1565.800048828125,53.01,8.56,8.468,1.871000051498413,0.8299999833106995,325.91,-1300.31,75.35862,91.2889281208146,-14.49688,6.0,6.0,5.440010218533042,1236.0,2341.0
2012-01-02,108.5499496459961,4624.2998046875,7994.95703125,1565.800048828125,53.01,8.409,8.403,1.871000051498413,0.8299999833106995,325.91,-1300.31,75.35862,91.2889281208146,-14.49688,6.0,6.0,5.440010218533042,1236.0,2341.0
2012-01-03,113.10826873779295,4765.2998046875,8340.203125,1599.699951171875,53.11,8.357,8.351,1.9600000381469729,0.8859999775886536,325.91,-1300.31,75.35862,91.2889281208146,-14.49688,6.0,6.0,5.440010218533042,1236.0,2341.0
2012-01-04,115.80428314208984,4749.64990234375,8408.302734375,1611.9000244140625,52.85,8.364,8.339,1.9950000047683716,0.8889999985694885,325.91,-1300.31,75.35862,91.2889281208146,-14.49688,6.0,6.0,5.440010218533042,1236.0,2341.0
2012-01-05,116.58349609375,4749.9501953125,8454.8017578125,1619.4000244140625,52.89,8.328,8.317,1.993000030517578,0.878000020980835,325.91,-1300.31,75.35862,91.2889281208146,-14.49688,6.0,6.0,5.440010218533042,1236.0,2341.0
2012-01-06,117.14452362060548,4754.10009765625,8488.1513671875,1616.0999755859375,52.67,8.219,8.285,1.9609999656677248,0.8560000061988831,325.91,-1300.31,75.35862,91.2889281208146,-14.49688,6.0,6.0,5.440010218533042,1236.0,2341.0
2012-01-09,116.5367202758789,4742.7998046875,8481.2509765625,1607.5,52.39,8.201,8.255,1.9600000381469729,0.8410000205039978,325.91,-1300.31,75.35862,91.2889281208146,-14.49688,6.0,6.0,5.440010218533042,1236.0,2341.0
2012-01-10,120.6976547241211,4849.5498046875,8734.9482421875,1631.0,51.59,8.228,8.275,1.972000002861023,0.8539999723434448,325.91,-1300.31,75.35862,91.2889281208146,-14.49688,6.0,6.0,5.440010218533042,1236.0,2341.0
2012-01-11,121.57813262939452,4860.9501953125,8839.59765625,1639.199951171875,51.78,8.232,8.26,1.9040000438690183,0.8190000057220459,325.91,-1300.31,75.35862,91.2889281208146,-14.49688,6.0,6.0,5.440010218533042,1236.0,2341.0
2012-01-12,121.77293395996094,4831.25,8930.146484375,1647.300048828125,51.51,8.251,8.273,1.9329999685287476,0.8349999785423279,325.91,-1300.31,75.35862,91.2889281208146,-14.49688,6.0,6.0,5.440010218533042,1236.0,2341.0
2012-01-13,123.02743530273438,4866.0,8974.9453125,1630.4000244140625,51.43,8.192,8.251,1.8530000448226929,0.7820000052452087,325.91,-1300.31,75.35862,91.2889281208146,-14.49688,6.0,6.0,5.440010218533042,1236.0,2341.0
2012-01-16,123.36253356933594,4873.89990234375,8940.146484375,1630.4000244140625,51.43,8.222,8.246,1.8530000448226929,0.7820000052452087,325.91,-1300.31,75.35862,91.2889281208146,-14.49688,6.0,6.0,5.440010218533042,1236.0,2341.0
2012-01-17,122.41967010498048,4967.2998046875,9056.5947265625,1655.199951171875,50.69,8.218,8.259,1.850000023841858,0.777999997138977,325.91,-1300.31,75.35862,91.2889281208146,-14.49688,6.0,6.0,5.440010218533042,1236.0,2341.0
2012-01-18,119.94181060791016,4955.7998046875,9023.2958984375,1659.5,50.4,8.19,8.216,1.8969999551773071,0.8040000200271606,325.91,-1300.31,75.35862,91.2889281208146,-14.49688,6.0,6.0,5.440010218533042,1236.0,2341.0
2012-01-19,124.23522186279295,5018.39990234375,9199.2939453125,1654.0999755859375,50.3,8.169,8.194,1.972000002861023,0.8510000109672546,325.91,-1300.31,75.35862,91.2889281208146,-14.49688,6.0,6.0,5.440010218533042,1236.0,2341.0
2012-01-20,131.2869415283203,5048.60009765625,9516.7392578125,1663.699951171875,50.22,8.181,8.201,2.0280001163482666,0.890999972820282,325.91,-1300.31,75.35862,91.2889281208146,-14.49688,6.0,6.0,5.440010218533042,1236.0,2341.0
2012-01-23,133.5154266357422,5046.25,9520.189453125,1678.0,49.99,8.17,8.198,2.066999912261963,0.9110000133514404,325.91,-1300.31,75.35862,91.2889281208146,-14.49688,6.0,6.0,5.440010218533042,1236.0,2341.0
2012-01-24,138.39320373535156,5127.35009765625,9833.8857421875,1664.199951171875,50.02,8.355,8.288,2.063999891281128,0.9010000228881836,325.91,-1300.31,75.35862,91.2889281208146,-14.49688,6.0,6.0,5.440010218533042,1236.0,2341.0
2012-01-25,137.14649963378906,5158.2998046875,9856.4853515625,1699.800048828125,50.18,8.31,8.288,2.006999969482422,0.8040000200271606,325.91,-1300.31,75.35862,91.2889281208146,-14.49688,6.0,6.0,5.440010218533042,1236.0,2341.0
2012-01-26,137.14649963378906,5158.2998046875,9856.4853515625,1726.300048828125,49.42,8.31,8.288,1.930999994277954,0.7699999809265137,325.91,-1300.31,75.35862,91.2889281208146,-14.49688,6.0,6.0,5.440010218533042,1236.0,2341.0
2012-01-27,138.37765502929688,5204.7001953125,9813.5361328125,1731.800048828125,49.39,8.354,8.311,1.8980000019073489,0.7519999742507935,325.91,-1300.31,75.35862,91.2889281208146,-14.49688,6.0,6.0,5.440010218533042,1236.0,2341.0
2012-01-30,132.8063507080078,5087.2998046875,9536.98828125,1731.0,49.66,8.284,8.311,1.837000012397766,0.7319999933242798,325.91,-1300.31,75.35862,91.2889281208146,-14.49688,6.0,6.0,5.440010218533042,1236.0,2341.0
2012-01-31,140.59056091308594,5199.25,9919.3349609375,1737.800048828125,49.54,8.267,8.276,1.7990000247955322,0.7110000252723694,325.91,-1300.31,75.35862,91.2889281208146,-14.49688,6.0,6.0,5.440010218533042,1236.0,2341.0
2012-02-01,138.6815185546875,5235.7001953125,9948.984375,1747.0999755859375,49.2738,8.143,8.218,1.8459999561309817,0.7250000238418579,325.91,-1300.31,76.12368999999998,92.4496265076018,-16.62529,7.75,5.5,5.440010218533042,1236.0,2341.0
2012-02-02,140.6217041015625,5269.89990234375,9991.93359375,1756.800048828125,49.03,8.131,8.206,1.825000047683716,0.7110000252723694,325.91,-1300.31,76.12368999999998,92.4496265076018,-16.62529,7.75,5.5,5.440010218533042,1236.0,2341.0
2012-02-03,142.79568481445312,5325.85009765625,10133.5322265625,1737.9000244140625,48.65,8.164,8.213,1.9490000009536743,0.7850000262260437,325.91,-1300.31,76.12368999999998,92.4496265076018,-16.62529,7.75,5.5,5.440010218533042,1236.0,2341.0
2012-02-06,144.6267852783203,5361.64990234375,10269.130859375,1722.800048828125,49.05,8.183,8.21,1.9010000228881836,0.753000020980835,325.91,-1300.31,76.12368999999998,92.4496265076018,-16.62529,7.75,5.5,5.440010218533042,1236.0,2341.0
2012-02-07,146.13844299316406,5335.14990234375,10324.4794921875,1746.4000244140625,49.2,8.188,8.233,1.965999960899353,0.8059999942779541,325.91,-1300.31,76.12368999999998,92.4496265076018,-16.62529,7.75,5.5,5.440010218533042,1236.0,2341.0
2012-02-08,143.4424285888672,5368.14990234375,10319.9794921875,1729.300048828125,49.22,8.232,8.258,1.975000023841858,0.8199999928474426,325.91,-1300.31,76.12368999999998,92.4496265076018,-16.62529,7.75,5.5,5.440010218533042,1236.0,2341.0
2012-02-09,146.45791625976562,5412.35009765625,10507.4775390625,1739.0,49.35,8.272,8.296,2.046999931335449,0.859000027179718,325.91,-1300.31,76.12368999999998,92.4496265076018,-16.62529,7.75,5.5,5.440010218533042,1236.0,2341.0
2012-02-10,145.0008087158203,5381.60009765625,10442.529296875,1723.300048828125,49.48,8.194,8.266,1.968999981880188,0.8040000200271606,325.91,-1300.31,76.12368999999998,92.4496265076018,-16.62529,7.75,5.5,5.440010218533042,1236.0,2341.0
2012-02-13,145.65533447265625,5390.2001953125,10473.4775390625,1723.0,49.14,8.209,8.269,1.9900000095367432,0.8399999737739563,325.91,-1300.31,76.12368999999998,92.4496265076018,-16.62529,7.75,5.5,5.440010218533042,1236.0,2341.0
2012-02-14,147.065673828125,5416.0498046875,10556.52734375,1715.9000244140625,49.4,8.18,8.261,1.924000024795532,0.8059999942779541,325.91,-1300.31,76.12368999999998,92.4496265076018,-16.62529,7.75,5.5,5.440010218533042,1236.0,2341.0
2012-02-15,152.90188598632812,5531.9501953125,10930.5732421875,1726.300048828125,49.35,8.197,8.258,1.930999994277954,0.7900000214576721,325.91,-1300.31,76.12368999999998,92.4496265076018,-16.62529,7.75,5.5,5.440010218533042,1236.0,2341.0
2012-02-16,150.97723388671875,5521.9501953125,10921.7734375,1726.800048828125,49.43,8.197,8.258,1.993000030517578,0.8640000224113464,325.91,-1300.31,76.12368999999998,92.4496265076018,-16.62529,7.75,5.5,5.440010218533042,1236.0,2341.0
2012-02-17,152.9720001220703,5564.2998046875,11074.771484375,1724.5,49.31,8.185,8.266,2.009999990463257,0.8650000095367432,325.91,-1300.31,76.12368999999998,92.4496265076018,-16.62529,7.75,5.5,5.440010218533042,1236.0,2341.0
2012-02-20,152.9720001220703,5564.2998046875,11074.771484375,1724.5,49.31,8.185,8.266,2.009999990463257,0.8650000095367432,325.91,-1300.31,76.12368999999998,92.4496265076018,-16.62529,7.75,5.5,5.440010218533042,1236.0,2341.0
2012-02-21,154.48362731933594,5607.14990234375,11170.2705078125,1757.0999755859375,49.21,8.173,8.281,2.0450000762939453,0.9010000228881836,325.91,-1300.31,76.12368999999998,92.4496265076018,-16.62529,7.75,5.5,5.440010218533042,1236.0,2341.0
2012-02-22,149.2474365234375,5505.35009765625,10747.025390625,1770.0,49.24,8.222,8.297,2.005000114440918,0.8600000143051147,325.91,-1300.31,76.12368999999998,92.4496265076018,-16.62529,7.75,5.5,5.440010218533042,1236.0,2341.0
2012-02-23,147.10464477539062,5483.2998046875,10713.224609375,1784.9000244140625,49.19,8.196,8.297,1.9839999675750732,0.8799999952316284,325.91,-1300.31,76.12368999999998,92.4496265076018,-16.62529,7.75,5.5,5.440010218533042,1236.0,2341.0
2012-02-24,145.1877899169922,5429.2998046875,10506.677734375,1775.0999755859375,48.98,8.226,8.315,1.9769999980926511,0.8939999938011169,325.91,-1300.31,76.12368999999998,92.4496265076018,-16.62529,7.75,5.5,5.440010218533042,1236.0,2341.0
2012-02-27,138.2997283935547,5281.2001953125,10103.8330078125,1773.5999755859375,49.12,8.229,8.335,1.9220000505447388,0.8450000286102295,325.91,-1300.31,76.12368999999998,92.4496265076018,-16.62529,7.75,5.5,5.440010218533042,1236.0,2341.0
2012-02-28,141.93858337402344,5375.5,10483.8779296875,1787.0,49.01,8.212,8.333,1.9290000200271609,0.8349999785423279,325.91,-1300.31,76.12368999999998,92.4496265076018,-16.62529,7.75,5.5,5.440010218533042,1236.0,2341.0
2012-02-29,141.23728942871094,5385.2001953125,10414.0791015625,1709.9000244140625,48.99,8.199,8.33,1.9769999980926511,0.875,325.91,-1300.31,76.12368999999998,92.4496265076018,-16.62529,7.75,5.5,5.440010218533042,1236.0,2341.0
2012-03-01,137.6841583251953,5339.75,10288.78125,1721.0999755859375,49.14,8.237,8.345,2.0369999408721924,0.8989999890327454,325.91,-1300.31,76.88875,93.436220136371,-16.29071,9.5,5.5,5.440010218533042,1236.0,2341.0
2012-03-02,140.67628479003906,5359.35009765625,10434.1787109375,1708.800048828125,49.55,8.224,8.335,1.9859999418258667,0.8460000157356262,325.91,-1300.31,76.88875,93.436220136371,-16.29071,9.5,5.5,5.440010218533042,1236.0,2341.0
2012-03-05,135.6348419189453,5280.35009765625,10178.7314453125,1703.0,49.82,8.228,8.33,2.005000114440918,0.8730000257492065,325.91,-1300.31,76.88875,93.436220136371,-16.29071,9.5,5.5,5.440010218533042,1236.0,2341.0
2012-03-06,132.97000122070312,5222.39990234375,10058.033203125,1671.4000244140625,50.3763,8.232,8.346,1.944000005722046,0.8220000267028809,325.91,-1300.31,76.88875,93.436220136371,-16.29071,9.5,5.5,5.440010218533042,1236.0,2341.0
2012-03-07,134.04530334472656,5220.4501953125,10132.7314453125,1683.300048828125,50.27,8.241,8.344,1.972000002861023,0.8489999771118164,325.91,-1300.31,76.88875,93.436220136371,-16.29071,9.5,5.5,5.440010218533042,1236.0,2341.0
2012-03-08,134.04530334472656,5220.4501953125,10132.7314453125,1698.0999755859375,50.17,8.242,8.344,2.013999938964844,0.878000020980835,325.91,-1300.31,76.88875,93.436220136371,-16.29071,9.5,5.5,5.440010218533042,1236.0,2341.0
2012-03-09,142.46839904785156,5333.5498046875,10505.5283203125,1710.9000244140625,49.75,8.281,8.367,2.038000106811523,0.9039999842643738,325.91,-1300.31,76.88875,93.436220136371,-16.29071,9.5,5.5,5.440010218533042,1236.0,2341.0
2012-03-12,144.76705932617188,5359.5498046875,10625.52734375,1699.199951171875,49.98,8.294,8.385,2.0309998989105225,0.906000018119812,325.91,-1300.31,76.88875,93.436220136371,-16.29071,9.5,5.5,5.440010218533042,1236.0,2341.0
2012-03-13,144.90731811523438,5429.5,10686.076171875,1693.699951171875,49.92,8.321,8.406,2.1070001125335693,0.9700000286102296,325.91,-1300.31,76.88875,93.436220136371,-16.29071,9.5,5.5,5.440010218533042,1236.0,2341.0
2012-03-14,148.6552276611328,5463.89990234375,10889.5732421875,1642.5,50.0,8.281,8.398,2.2739999294281006,1.1100000143051147,325.91,-1300.31,76.88875,93.436220136371,-16.29071,9.5,5.5,5.440010218533042,1236.0,2341.0
2012-03-15,144.9618377685547,5380.5,10594.876953125,1659.0999755859375,50.28,8.36,8.442,2.2809998989105225,1.093000054359436,325.91,-1300.31,76.88875,93.436220136371,-16.29071,9.5,5.5,5.440010218533042,1236.0,2341.0
2012-03-16,143.01385498046875,5317.89990234375,10391.228515625,1655.5,50.11,8.422,8.489,2.2980000972747803,1.116000056266785,325.91,-1300.31,76.88875,93.436220136371,-16.29071,9.5,5.5,5.440010218533042,1236.0,2341.0
2012-03-19,141.48660278320312,5257.0498046875,10188.7314453125,1666.9000244140625,50.16,8.416,8.497,2.378999948501587,1.190999984741211,325.91,-1300.31,76.88875,93.436220136371,-16.29071,9.5,5.5,5.440010218533042,1236.0,2341.0
2012-03-20,141.59571838378906,5274.85009765625,10281.48046875,1646.699951171875,50.48,8.411,8.492,2.371999979019165,1.2000000476837158,325.91,-1300.31,76.88875,93.436220136371,-16.29071,9.5,5.5,5.440010218533042,1236.0,2341.0
2012-03-21,145.56182861328125,5364.9501953125,10524.328125,1650.0,50.6,8.391,8.487,2.2939999103546143,1.1380000114440918,325.91,-1300.31,76.88875,93.436220136371,-16.29071,9.5,5.5,5.440010218533042,1236.0,2341.0
2012-03-22,140.20095825195312,5228.4501953125,10173.431640625,1642.300048828125,51.28,8.376,8.483,2.2750000953674316,1.1130000352859497,325.91,-1300.31,76.88875,93.436220136371,-16.29071,9.5,5.5,5.440010218533042,1236.0,2341.0
2012-03-23,141.8996124267578,5278.2001953125,10294.4296875,1662.300048828125,51.18,8.384,8.483,2.236999988555908,1.0839999914169312,325.91,-1300.31,76.88875,93.436220136371,-16.29071,9.5,5.5,5.440010218533042,1236.0,2341.0
2012-03-26,135.96990966796875,5184.25,10043.3828125,1685.5,51.03,8.472,8.506,2.24399995803833,1.0809999704360962,325.91,-1300.31,76.88875,93.436220136371,-16.29071,9.5,5.5,5.440010218533042,1236.0,2341.0
2012-03-27,136.81146240234375,5243.14990234375,10148.7314453125,1684.800048828125,50.66,8.502,8.519,2.187000036239624,1.0199999809265137,325.91,-1300.31,76.88875,93.436220136371,-16.29071,9.5,5.5,5.440010218533042,1236.0,2341.0
2012-03-28,133.92062377929688,5194.75,9960.2841796875,1657.9000244140625,50.97,8.62,8.561,2.196000099182129,1.027999997138977,325.91,-1300.31,76.88875,93.436220136371,-16.29071,9.5,5.5,5.440010218533042,1236.0,2341.0
2012-03-29,133.359619140625,5178.85009765625,9927.53515625,1652.199951171875,51.38,8.606,8.577,2.1589999198913574,1.0140000581741333,325.91,-1300.31,76.88875,93.436220136371,-16.29071,9.5,5.5,5.440010218533042,1236.0,2341.0
2012-03-30,138.72825622558594,5295.5498046875,10212.630859375,1669.300048828125,50.89,8.572,8.578,2.2160000801086426,1.0429999828338623,325.91,-1300.31,76.88875,93.436220136371,-16.29071,9.5,5.5,5.440010218533042,1236.0,2341.0
2012-04-02,138.76718139648438,5317.89990234375,10305.2294921875,1677.5,50.79,8.572,8.578,2.193000078201294,1.0210000276565552,325.91,-1300.31,76.88875,93.436220136371,-16.29071,9.5,5.5,5.440010218533042,1236.0,2341.0
2012-04-03,141.53338623046875,5358.5,10432.478515625,1670.0,50.64,8.736,8.654,2.2839999198913574,1.1050000190734863,325.91,-1300.31,76.88875,93.436220136371,-16.29071,9.5,5.5,5.440010218533042,1236.0,2341.0
2012-04-04,138.73606872558594,5322.89990234375,10339.9794921875,1612.300048828125,51.18,8.688,8.64,2.243000030517578,1.0499999523162842,325.91,-1300.31,76.88875,93.436220136371,-16.29071,9.5,5.5,5.440010218533042,1236.0,2341.0
2012-04-05,138.73606872558594,5322.89990234375,10339.9794921875,1628.5,51.11,8.693,8.64,2.174999952316284,1.00600004196167,325.91,-1300.31,76.88875,93.436220136371,-16.29071,9.5,5.5,5.440010218533042,1236.0,2341.0
2012-04-06,138.73606872558594,5322.89990234375,10339.9794921875,1628.5,51.14,8.693,8.64,2.174999952316284,1.00600004196167,325.91,-1300.31,76.88875,93.436220136371,-16.29071,9.5,5.5,5.440010218533042,1236.0,2341.0
2012-04-09,135.12057495117188,5234.39990234375,10131.4814453125,1642.5,51.1,8.626,8.632,2.0369999408721924,0.9020000100135804,325.91,-1300.31,76.88875,93.436220136371,-16.29071,9.5,5.5,5.440010218533042,1236.0,2341.0
2012-04-10,134.61410522460938,5243.60009765625,10195.931640625,1659.5,51.47,8.591,8.627,1.9880000352859497,0.8539999723434448,325.91,-1300.31,76.88875,93.436220136371,-16.29071,9.5,5.5,5.440010218533042,1236.0,2341.0
2012-04-11,134.7543487548828,5226.85009765625,10214.130859375,1659.0,51.5,8.545,8.612,2.0280001163482666,0.878000020980835,325.91,-1300.31,76.88875,93.436220136371,-16.29071,9.5,5.5,5.440010218533042,1236.0,2341.0
2012-04-12,137.0374298095703,5276.85009765625,10400.5791015625,1679.5,51.22,8.439,8.538,2.049000024795532,0.8899999856948853,325.91,-1300.31,76.88875,93.436220136371,-16.29071,9.5,5.5,5.440010218533042,1236.0,2341.0
2012-04-13,134.80111694335938,5207.4501953125,10306.1298828125,1659.0999755859375,51.45,8.468,8.531,1.9980000257492063,0.8550000190734863,325.91,-1300.31,76.88875,93.436220136371,-16.29071,9.5,5.5,5.440010218533042,1236.0,2341.0
2012-04-16,136.14134216308594,5226.2001953125,10432.5791015625,1648.699951171875,51.6,8.455,8.507,1.9739999771118164,0.8389999866485596,325.91,-1300.31,76.88875,93.436220136371,-16.29071,9.5,5.5,5.440010218533042,1236.0,2341.0
2012-04-17,137.988037109375,5289.7001953125,10519.427734375,1650.300048828125,51.41,8.341,8.418,2.009000062942505,0.8629999756813049,325.91,-1300.31,76.88875,93.436220136371,-16.29071,9.5,5.5,5.440010218533042,1236.0,2341.0
2012-04-18,137.33352661132812,5300.0,10512.328125,1638.800048828125,51.79,8.359,8.392,1.98199999332428,0.8479999899864197,325.91,-1300.31,76.88875,93.436220136371,-16.29071,9.5,5.5,5.440010218533042,1236.0,2341.0
2012-04-19,136.8036346435547,5332.39990234375,10567.77734375,1640.5999755859375,52.07,8.409,8.392,1.9520000219345093,0.8339999914169312,325.91,-1300.31,76.88875,93.436220136371,-16.29071,9.5,5.5,5.440010218533042,1236.0,2341.0
2012-04-20,134.18556213378906,5290.85009765625,10456.37890625,1642.0999755859375,52.02,8.543,8.432,1.9700000286102295,0.8460000157356262,325.91,-1300.31,76.88875,93.436220136371,-16.29071,9.5,5.5,5.440010218533042,1236.0,2341.0
2012-04-23,131.51287841796875,5200.60009765625,10243.03125,1631.9000244140625,52.38,8.568,8.451,1.9329999685287476,0.8149999976158142,325.91,-1300.31,76.88875,93.436220136371,-16.29071,9.5,5.5,5.440010218533042,1236.0,2341.0
2012-04-24,132.12066650390625,5222.64990234375,10215.03125,1643.0,52.63,8.567,8.454,1.9609999656677248,0.8379999995231628,325.91,-1300.31,76.88875,93.436220136371,-16.29071,9.5,5.5,5.440010218533042,1236.0,2341.0
2012-04-25,130.65577697753906,5202.0,10159.7314453125,1641.4000244140625,52.45,8.628,8.394,1.9839999675750732,0.8410000205039978,325.91,-1300.31,76.88875,93.436220136371,-16.29071,9.5,5.5,5.440010218533042,1236.0,2341.0
2012-04-26,131.131103515625,5189.0,10127.8818359375,1659.5999755859375,52.44,8.655,8.446,1.9589999914169312,0.8379999995231628,325.91,-1300.31,76.88875,93.436220136371,-16.29071,9.5,5.5,5.440010218533042,1236.0,2341.0
2012-04-27,134.1543731689453,5190.60009765625,10148.58203125,1664.0,52.45,8.647,8.447,1.9329999685287476,0.8220000267028809,325.91,-1300.31,76.88875,93.436220136371,-16.29071,9.5,5.5,5.440010218533042,1236.0,2341.0
2012-04-30,137.50494384765625,5248.14990234375,10276.6806640625,1663.4000244140625,52.65,8.671,8.421,1.9149999618530271,0.8109999895095825,325.91,-1300.31,76.88875,93.436220136371,-16.29071,9.5,5.5,5.440010218533042,1236.0,2341.0
2012-05-01,137.50494384765625,5248.14990234375,10276.6806640625,1661.699951171875,52.5,8.675,8.421,1.955999970436096,0.8349999785423279,325.91,-1300.31,78.8014,95.43085869647308,-15.58097,9.0,4.75,5.440010218533042,1236.0,2341.0
2012-05-02,137.4581756591797,5239.14990234375,10306.4794921875,1653.4000244140625,52.97,8.635,8.347,1.9220000505447388,0.8190000057220459,325.91,-1300.31,78.8014,95.43085869647308,-15.58097,9.0,4.75,5.440010218533042,1236.0,2341.0
2012-05-03,133.64010620117188,5188.39990234375,10126.431640625,1634.199951171875,53.33,8.619,8.345,1.924000024795532,0.8169999718666077,325.91,-1300.31,78.8014,95.43085869647308,-15.58097,9.0,4.75,5.440010218533042,1236.0,2341.0
2012-05-04,129.8688201904297,5086.85009765625,9802.2353515625,1644.699951171875,53.41,8.63,8.356,1.8799999952316284,0.7839999794960022,325.91,-1300.31,78.8014,95.43085869647308,-15.58097,9.0,4.75,5.440010218533042,1236.0,2341.0
2012-05-07,132.19078063964844,5114.14990234375,9876.234375,1638.5999755859375,52.91,8.69,8.361,1.8769999742507937,0.7820000052452087,325.91,-1300.31,78.8014,95.43085869647308,-15.58097,9.0,4.75,5.440010218533042,1236.0,2341.0
2012-05-08,129.37013244628906,4999.9501953125,9588.638671875,1604.0,53.14,8.541,8.34,1.837000012397766,0.7630000114440918,325.91,-1300.31,78.8014,95.43085869647308,-15.58097,9.0,4.75,5.440010218533042,1236.0,2341.0
2012-05-09,128.09222412109375,4974.7998046875,9404.6904296875,1593.699951171875,53.75,8.561,8.367,1.8350000381469729,0.7599999904632568,325.91,-1300.31,78.8014,95.43085869647308,-15.58097,9.0,4.75,5.440010218533042,1236.0,2341.0
2012-05-10,126.8766860961914,4965.7001953125,9410.791015625,1595.0999755859375,53.25,8.562,8.362,1.883999943733215,0.7739999890327454,325.91,-1300.31,78.8014,95.43085869647308,-15.58097,9.0,4.75,5.440010218533042,1236.0,2341.0
2012-05-11,126.7286376953125,4928.89990234375,9397.990234375,1583.5999755859375,53.63,8.565,8.376,1.840999960899353,0.7480000257492065,325.91,-1300.31,78.8014,95.43085869647308,-15.58097,9.0,4.75,5.440010218533042,1236.0,2341.0
2012-05-14,124.78063201904295,4907.7998046875,9257.54296875,1560.5999755859375,53.92,8.518,8.352,1.787999987602234,0.7210000157356262,325.91,-1300.31,78.8014,95.43085869647308,-15.58097,9.0,4.75,5.440010218533042,1236.0,2341.0
2012-05-15,127.29747009277344,4942.7998046875,9319.591796875,1556.800048828125,53.91,8.495,8.352,1.7769999504089355,0.7329999804496765,325.91,-1300.31,78.8014,95.43085869647308,-15.58097,9.0,4.75,5.440010218533042,1236.0,2341.0
2012-05-16,123.79885864257812,4858.25,9164.1435546875,1536.199951171875,54.34,8.517,8.35,1.7649999856948853,0.7400000095367432,325.91,-1300.31,78.8014,95.43085869647308,-15.58097,9.0,4.75,5.440010218533042,1236.0,2341.0
2012-05-17,122.71578216552734,4870.2001953125,9154.09375,1574.5,54.37,8.495,8.352,1.7020000219345093,0.7300000190734863,325.91,-1300.31,78.8014,95.43085869647308,-15.58097,9.0,4.75,5.440010218533042,1236.0,2341.0
2012-05-18,125.4819107055664,4891.4501953125,9310.1416015625,1591.5999755859375,54.48,8.525,8.337,1.7020000219345093,0.7300000190734863,325.91,-1300.31,78.8014,95.43085869647308,-15.58097,9.0,4.75,5.440010218533042,1236.0,2341.0
2012-05-21,126.40135955810548,4891.4501953125,9411.890625,1588.4000244140625,54.97,8.542,8.345,1.7350000143051147,0.7409999966621399,325.91,-1300.31,78.8014,95.43085869647308,-15.58097,9.0,4.75,5.440010218533042,1236.0,2341.0
2012-05-22,124.79622650146484,4860.5,9268.6923828125,1576.300048828125,55.34,8.52,8.343,1.7929999828338623,0.7699999809265137,325.91,-1300.31,78.8014,95.43085869647308,-15.58097,9.0,4.75,5.440010218533042,1236.0,2341.0
2012-05-23,123.62740325927734,4835.64990234375,9209.79296875,1548.0999755859375,55.95,8.513,8.34,1.7209999561309814,0.7279999852180481,325.91,-1300.31,78.8014,95.43085869647308,-15.58097,9.0,4.75,5.440010218533042,1236.0,2341.0
2012-05-24,127.88182830810548,4921.39990234375,9437.490234375,1557.300048828125,55.55,8.497,8.343,1.758999943733215,0.7730000019073486,325.91,-1300.31,78.8014,95.43085869647308,-15.58097,9.0,4.75,5.440010218533042,1236.0,2341.0
2012-05-25,126.9468002319336,4920.39990234375,9456.189453125,1568.800048828125,55.35,8.509,8.36,1.7450000047683716,0.7620000243186951,325.91,-1300.31,78.8014,95.43085869647308,-15.58097,9.0,4.75,5.440010218533042,1236.0,2341.0
2012-05-28,130.03240966796875,4985.64990234375,9698.1875,1568.800048828125,55.35,8.512,8.341,1.7450000047683716,0.7620000243186951,325.91,-1300.31,78.8014,95.43085869647308,-15.58097,9.0,4.75,5.440010218533042,1236.0,2341.0
2012-05-29,130.7025604248047,4990.10009765625,9707.986328125,1548.5999755859375,55.71,8.518,8.342,1.7309999465942385,0.7639999985694885,325.91,-1300.31,78.8014,95.43085869647308,-15.58097,9.0,4.75,5.440010218533042,1236.0,2341.0
2012-05-30,127.35975646972656,4950.75,9533.939453125,1563.4000244140625,56.13,8.523,8.342,1.625,0.6899999976158142,325.91,-1300.31,78.8014,95.43085869647308,-15.58097,9.0,4.75,5.440010218533042,1236.0,2341.0
2012-05-31,124.57640075683594,4924.25,9440.890625,1562.5999755859375,56.38,8.377,8.288,1.5809999704360962,0.6710000038146973,325.91,-1300.31,78.8014,95.43085869647308,-15.58097,9.0,4.75,5.440010218533042,1236.0,2341.0
2012-06-01,124.32984924316406,4841.60009765625,9267.4921875,1620.5,55.44,8.369,8.273,1.4670000076293943,0.6200000047683716,325.91,-1300.31,79.56646999999998,95.43085869647308,-11.76106,9.0,4.75,5.440010218533042,1236.0,2341.0
2012-06-04,125.46705627441406,4848.14990234375,9362.19140625,1612.199951171875,55.65,8.342,8.223,1.5269999504089355,0.6809999942779541,325.91,-1300.31,79.56646999999998,95.43085869647308,-11.76106,9.0,4.75,5.440010218533042,1236.0,2341.0
2012-06-05,125.9760513305664,4863.2998046875,9460.0400390625,1615.199951171875,55.54,8.332,8.212,1.555999994277954,0.6700000166893005,325.91,-1300.31,79.56646999999998,95.43085869647308,-11.76106,9.0,4.75,5.440010218533042,1236.0,2341.0
2012-06-06,128.57652282714844,4997.10009765625,9742.6865234375,1632.800048828125,55.26,8.371,8.232,1.6510000228881836,0.7260000109672546,325.91,-1300.31,79.56646999999998,95.43085869647308,-11.76106,9.0,4.75,5.440010218533042,1236.0,2341.0
2012-06-07,132.01995849609375,5049.64990234375,9950.78515625,1586.5999755859375,54.91,8.347,8.202,1.6540000438690186,0.7149999737739563,325.91,-1300.31,79.56646999999998,95.43085869647308,-11.76106,9.0,4.75,5.440010218533042,1236.0,2341.0
2012-06-08,131.8768310546875,5068.35009765625,9998.7333984375,1590.0999755859375,55.39,8.354,8.205,1.6369999647140503,0.7120000123977661,325.91,-1300.31,79.56646999999998,95.43085869647308,-11.76106,9.0,4.75,5.440010218533042,1236.0,2341.0
2012-06-11,131.49505615234375,5054.10009765625,9969.083984375,1595.5,55.69,8.329,8.205,1.600000023841858,0.6909999847412109,325.91,-1300.31,79.56646999999998,95.43085869647308,-11.76106,9.0,4.75,5.440010218533042,1236.0,2341.0
2012-06-12,133.45140075683594,5115.89990234375,10139.08203125,1612.699951171875,55.6,8.294,8.149,1.6610000133514404,0.746999979019165,325.91,-1300.31,79.56646999999998,95.43085869647308,-11.76106,9.0,4.75,5.440010218533042,1236.0,2341.0
2012-06-13,135.0896453857422,5121.4501953125,10128.0322265625,1618.0999755859375,55.56,8.292,8.134,1.5989999771118164,0.7080000042915344,325.91,-1300.31,79.56646999999998,95.43085869647308,-11.76106,9.0,4.75,5.440010218533042,1236.0,2341.0
2012-06-14,130.23861694335938,5054.75,9836.8359375,1618.4000244140625,55.7,8.326,8.167,1.6109999418258667,0.7200000286102295,325.91,-1300.31,79.56646999999998,95.43085869647308,-11.76106,9.0,4.75,5.440010218533042,1236.0,2341.0
2012-06-15,134.50909423828125,5139.0498046875,10064.6826171875,1627.0,55.34,8.336,8.172,1.587000012397766,0.6779999732971191,325.91,-1300.31,79.56646999999998,95.43085869647308,-11.76106,9.0,4.75,5.440010218533042,1236.0,2341.0
2012-06-18,129.872802734375,5064.25,9749.787109375,1625.699951171875,55.85,8.428,8.254,1.5839999914169312,0.6850000023841858,325.91,-1300.31,79.56646999999998,95.43085869647308,-11.76106,9.0,4.75,5.440010218533042,1236.0,2341.0
2012-06-19,131.5030517578125,5103.85009765625,9786.3369140625,1622.199951171875,55.87,8.388,8.251,1.6200000047683716,0.7009999752044678,325.91,-1300.31,79.56646999999998,95.43085869647308,-11.76106,9.0,4.75,5.440010218533042,1236.0,2341.0
2012-06-20,132.48915100097656,5120.5498046875,9831.685546875,1614.800048828125,56.24,8.388,8.249,1.6419999599456787,0.7440000176429749,325.91,-1300.31,79.56646999999998,95.43085869647308,-11.76106,9.0,4.75,5.440010218533042,1236.0,2341.0
2012-06-21,135.13735961914062,5165.0,10033.5341796875,1564.5,56.25,8.343,8.222,1.618000030517578,0.7250000238418579,325.91,-1300.31,79.56646999999998,95.43085869647308,-11.76106,9.0,4.75,5.440010218533042,1236.0,2341.0
2012-06-22,135.46340942382812,5146.0498046875,10038.2333984375,1566.0,57.11,8.346,8.215,1.6720000505447388,0.7509999871253967,325.91,-1300.31,79.56646999999998,95.43085869647308,-11.76106,9.0,4.75,5.440010218533042,1236.0,2341.0
2012-06-25,134.699951171875,5114.64990234375,9925.634765625,1587.5,57.13,8.329,8.186,1.6080000400543213,0.7089999914169312,325.91,-1300.31,79.56646999999998,95.43085869647308,-11.76106,9.0,4.75,5.440010218533042,1236.0,2341.0
2012-06-26,134.254638671875,5120.7998046875,9969.9833984375,1574.0,56.95,8.343,8.156,1.628000020980835,0.7239999771118164,325.91,-1300.31,79.56646999999998,95.43085869647308,-11.76106,9.0,4.75,5.440010218533042,1236.0,2341.0
2012-06-27,135.5906219482422,5141.89990234375,10017.68359375,1577.5,56.93,8.355,8.161,1.621000051498413,0.718999981880188,325.91,-1300.31,79.56646999999998,95.43085869647308,-11.76106,9.0,4.75,5.440010218533042,1236.0,2341.0
2012-06-28,136.2984619140625,5149.14990234375,10003.7333984375,1549.699951171875,56.81,8.364,8.159,1.5770000219345093,0.6930000185966492,325.91,-1300.31,79.56646999999998,95.43085869647308,-11.76106,9.0,4.75,5.440010218533042,1236.0,2341.0
2012-06-29,143.06602478027344,5278.89990234375,10340.5302734375,1603.5,55.57,8.38,8.162,1.659000039100647,0.7289999723434448,325.91,-1300.31,79.56646999999998,95.43085869647308,-11.76106,9.0,4.75,5.440010218533042,1236.0,2341.0
2012-07-02,142.2548828125,5278.60009765625,10412.0791015625,1597.199951171875,55.45,8.383,8.187,1.5800000429153442,0.6690000295639038,325.91,-1300.31,79.56646999999998,95.43085869647308,-11.76106,9.0,4.75,5.440010218533042,1236.0,2341.0
2012-07-03,143.40000915527344,5287.9501953125,10481.177734375,1621.300048828125,54.31,8.178,8.18,1.63100004196167,0.6970000267028809,325.91,-1300.31,79.56646999999998,95.43085869647308,-11.76106,9.0,4.75,5.440010218533042,1236.0,2341.0
2012-07-04,143.59088134765625,5302.5498046875,10529.328125,1621.300048828125,54.31,8.159,8.148,1.63100004196167,0.6970000267028809,325.91,-1300.31,79.56646999999998,95.43085869647308,-11.76106,9.0,4.75,5.440010218533042,1236.0,2341.0
2012-07-05,146.46176147460938,5327.2998046875,10641.7763671875,1608.9000244140625,54.95,8.175,8.145,1.597000002861023,0.6729999780654907,325.91,-1300.31,79.56646999999998,95.43085869647308,-11.76106,9.0,4.75,5.440010218533042,1236.0,2341.0
2012-07-06,148.72824096679688,5316.9501953125,10655.2255859375,1578.4000244140625,55.47,8.154,8.153,1.5440000295639038,0.6399999856948853,325.91,-1300.31,79.56646999999998,95.43085869647308,-11.76106,9.0,4.75,5.440010218533042,1236.0,2341.0
2012-07-09,147.9171142578125,5275.14990234375,10587.9267578125,1588.5999755859375,55.87,8.148,8.161,1.5130000114440918,0.6240000128746033,325.91,-1300.31,79.56646999999998,95.43085869647308,-11.76106,9.0,4.75,5.440010218533042,1236.0,2341.0
2012-07-10,149.9688262939453,5345.35009765625,10751.4248046875,1579.300048828125,55.39,8.151,8.171,1.4980000257492063,0.6190000176429749,325.91,-1300.31,79.56646999999998,95.43085869647308,-11.76106,9.0,4.75,5.440010218533042,1236.0,2341.0
2012-07-11,148.95887756347656,5306.2998046875,10713.1748046875,1575.199951171875,55.52,8.142,8.133,1.4980000257492063,0.628000020980835,325.91,-1300.31,79.56646999999998,95.43085869647308,-11.76106,9.0,4.75,5.440010218533042,1236.0,2341.0
2012-07-12,147.57508850097656,5235.25,10616.1767578125,1564.9000244140625,55.83,8.104,8.108,1.4789999723434448,0.6269999742507935,325.91,-1300.31,79.56646999999998,95.43085869647308,-11.76106,9.0,4.75,5.440010218533042,1236.0,2341.0
2012-07-13,147.288818359375,5227.25,10594.3271484375,1591.5999755859375,55.1,8.096,8.098,1.4989999532699585,0.6299999952316284,325.91,-1300.31,79.56646999999998,95.43085869647308,-11.76106,9.0,4.75,5.440010218533042,1236.0,2341.0
2012-07-16,146.3424530029297,5197.25,10568.0771484375,1591.199951171875,55.05,8.049,8.066,1.4639999866485596,0.5950000286102295,325.91,-1300.31,79.56646999999998,95.43085869647308,-11.76106,9.0,4.75,5.440010218533042,1236.0,2341.0
2012-07-17,146.78782653808594,5192.85009765625,10557.9267578125,1589.0999755859375,55.03,8.09,8.039,1.5010000467300415,0.6179999709129333,325.91,-1300.31,79.56646999999998,95.43085869647308,-11.76106,9.0,4.75,5.440010218533042,1236.0,2341.0
2012-07-18,149.38031005859375,5216.2998046875,10606.9765625,1570.4000244140625,55.33,8.066,8.058,1.4789999723434448,0.593999981880188,325.91,-1300.31,79.56646999999998,95.43085869647308,-11.76106,9.0,4.75,5.440010218533042,1236.0,2341.0
2012-07-19,151.23329162597656,5242.7001953125,10621.9267578125,1580.0999755859375,55.16,8.085,8.061,1.5149999856948853,0.6150000095367432,325.91,-1300.31,79.56646999999998,95.43085869647308,-11.76106,9.0,4.75,5.440010218533042,1236.0,2341.0
2012-07-20,148.73619079589844,5205.10009765625,10481.4775390625,1582.5,55.27,8.075,8.051,1.4600000381469729,0.5799999833106995,325.91,-1300.31,79.56646999999998,95.43085869647308,-11.76106,9.0,4.75,5.440010218533042,1236.0,2341.0
2012-07-23,145.2132110595703,5117.9501953125,10274.48046875,1577.0999755859375,55.92,8.066,8.018,1.434999942779541,0.5619999766349792,325.91,-1300.31,79.56646999999998,95.43085869647308,-11.76106,9.0,4.75,5.440010218533042,1236.0,2341.0
2012-07-24,145.7460174560547,5128.2001953125,10298.8798828125,1576.0,56.22,8.07,8.038,1.4040000438690186,0.5509999990463257,325.91,-1300.31,79.56646999999998,95.43085869647308,-11.76106,9.0,4.75,5.440010218533042,1236.0,2341.0
2012-07-25,146.00051879882812,5109.60009765625,10267.73046875,1608.0,56.1,8.101,8.043,1.406000018119812,0.5550000071525574,325.91,-1300.31,79.56646999999998,95.43085869647308,-11.76106,9.0,4.75,5.440010218533042,1236.0,2341.0
2012-07-26,144.2191619873047,5043.0,10083.6826171875,1615.0,55.59,8.113,8.05,1.4279999732971191,0.5830000042915344,325.91,-1300.31,79.56646999999998,95.43085869647308,-11.76106,9.0,4.75,5.440010218533042,1236.0,2341.0
2012-07-27,147.63876342773438,5099.85009765625,10140.431640625,1617.9000244140625,55.39,8.119,8.063,1.5549999475479126,0.6610000133514404,325.91,-1300.31,79.56646999999998,95.43085869647308,-11.76106,9.0,4.75,5.440010218533042,1236.0,2341.0
2012-07-30,153.40431213378906,5199.7998046875,10412.029296875,1619.699951171875,55.42,8.148,8.07,1.503999948501587,0.6179999709129333,325.91,-1300.31,79.56646999999998,95.43085869647308,-11.76106,9.0,4.75,5.440010218533042,1236.0,2341.0
2012-07-31,152.91128540039062,5229.0,10383.978515625,1610.5,55.55,8.245,8.185,1.4919999837875366,0.5989999771118164,325.91,-1300.31,79.56646999999998,95.43085869647308,-11.76106,9.0,4.75,5.440010218533042,1236.0,2341.0
2012-08-01,152.62498474121094,5240.5,10419.779296875,1603.699951171875,55.47,8.23,8.168,1.5390000343322754,0.6430000066757202,325.91,-1300.31,81.86164999999998,96.8809002341213,-13.34218,9.0,4.75,5.440010218533042,1236.0,2341.0
2012-08-02,152.51364135742188,5227.75,10379.478515625,1587.4000244140625,55.84,8.219,8.163,1.4780000448226929,0.6110000014305115,325.91,-1300.31,81.86164999999998,96.8809002341213,-13.34218,9.0,4.75,5.440010218533042,1236.0,2341.0
2012-08-03,149.49961853027344,5215.7001953125,10315.4794921875,1606.0,55.75,8.256,8.18,1.5770000219345093,0.6740000247955322,325.91,-1300.31,81.86164999999998,96.8809002341213,-13.34218,9.0,4.75,5.440010218533042,1236.0,2341.0
2012-08-06,151.7342987060547,5282.5498046875,10462.2783203125,1612.9000244140625,55.52,8.222,8.175,1.5579999685287476,0.6470000147819519,325.91,-1300.31,81.86164999999998,96.8809002341213,-13.34218,9.0,4.75,5.440010218533042,1236.0,2341.0
2012-08-07,154.96299743652344,5336.7001953125,10591.8271484375,1609.699951171875,55.06,8.149,8.125,1.628000020980835,0.703000009059906,325.91,-1300.31,81.86164999999998,96.8809002341213,-13.34218,9.0,4.75,5.440010218533042,1236.0,2341.0
2012-08-08,152.4102325439453,5338.0,10529.1279296875,1612.9000244140625,55.28,8.138,8.127,1.6399999856948853,0.718999981880188,325.91,-1300.31,81.86164999999998,96.8809002341213,-13.34218,9.0,4.75,5.440010218533042,1236.0,2341.0
2012-08-09,151.51956176757812,5322.9501953125,10445.779296875,1617.0999755859375,55.17,8.141,8.127,1.687999963760376,0.7279999852180481,325.91,-1300.31,81.86164999999998,96.8809002341213,-13.34218,9.0,4.75,5.440010218533042,1236.0,2341.0
2012-08-10,151.8535919189453,5320.39990234375,10358.830078125,1619.699951171875,55.18,8.164,8.132,1.64900004863739,0.6959999799728394,325.91,-1300.31,81.86164999999998,96.8809002341213,-13.34218,9.0,4.75,5.440010218533042,1236.0,2341.0
2012-08-13,150.9310760498047,5347.89990234375,10401.1787109375,1609.5999755859375,55.34,8.204,8.162,1.6540000438690186,0.7020000219345093,325.91,-1300.31,81.86164999999998,96.8809002341213,-13.34218,9.0,4.75,5.440010218533042,1236.0,2341.0
2012-08-14,154.24728393554688,5380.35009765625,10519.0283203125,1599.4000244140625,55.66,8.219,8.177,1.72599995136261,0.7459999918937683,325.91,-1300.31,81.86164999999998,96.8809002341213,-13.34218,9.0,4.75,5.440010218533042,1236.0,2341.0
2012-08-15,154.24728393554688,5380.35009765625,10519.0283203125,1603.699951171875,55.66,8.221,8.177,1.8049999475479128,0.7950000166893005,325.91,-1300.31,81.86164999999998,96.8809002341213,-13.34218,9.0,4.75,5.440010218533042,1236.0,2341.0
2012-08-16,152.11599731445312,5362.9501953125,10426.62890625,1616.0999755859375,55.62,8.265,8.208,1.8359999656677248,0.8159999847412109,325.91,-1300.31,81.86164999999998,96.8809002341213,-13.34218,9.0,4.75,5.440010218533042,1236.0,2341.0
2012-08-17,153.03053283691406,5366.2998046875,10417.779296875,1616.300048828125,55.62,8.237,8.198,1.815999984741211,0.7990000247955322,325.91,-1300.31,81.86164999999998,96.8809002341213,-13.34218,9.0,4.75,5.440010218533042,1236.0,2341.0
2012-08-20,153.03053283691406,5366.2998046875,10417.779296875,1620.0999755859375,55.5,8.237,8.198,1.8140000104904177,0.7919999957084656,325.91,-1300.31,81.86164999999998,96.8809002341213,-13.34218,9.0,4.75,5.440010218533042,1236.0,2341.0
2012-08-21,155.1061553955078,5421.0,10469.3779296875,1639.9000244140625,55.46,8.245,8.21,1.8049999475479128,0.7919999957084656,325.91,-1300.31,81.86164999999998,96.8809002341213,-13.34218,9.0,4.75,5.440010218533042,1236.0,2341.0
2012-08-22,154.8914337158203,5412.85009765625,10472.078125,1637.4000244140625,55.5,8.221,8.19,1.718999981880188,0.7129999995231628,325.91,-1300.31,81.86164999999998,96.8809002341213,-13.34218,9.0,4.75,5.440010218533042,1236.0,2341.0
2012-08-23,154.8914337158203,5415.35009765625,10457.5791015625,1669.5999755859375,55.14,8.228,8.213,1.6660000085830688,0.6869999766349792,325.91,-1300.31,81.86164999999998,96.8809002341213,-13.34218,9.0,4.75,5.440010218533042,1236.0,2341.0
2012-08-24,151.78994750976562,5386.7001953125,10332.7294921875,1669.800048828125,55.41,8.207,8.198,1.6779999732971191,0.7039999961853027,325.91,-1300.31,81.86164999999998,96.8809002341213,-13.34218,9.0,4.75,5.440010218533042,1236.0,2341.0
2012-08-27,148.7520751953125,5350.25,10150.2822265625,1672.4000244140625,55.68,8.186,8.182,1.64900004863739,0.6830000281333923,325.91,-1300.31,81.86164999999998,96.8809002341213,-13.34218,9.0,4.75,5.440010218533042,1236.0,2341.0
2012-08-28,146.70034790039062,5350.25,10059.283203125,1666.5,55.65,8.174,8.18,1.6299999952316284,0.675000011920929,325.91,-1300.31,81.86164999999998,96.8809002341213,-13.34218,9.0,4.75,5.440010218533042,1236.0,2341.0
2012-08-29,145.7539825439453,5287.7998046875,10011.7841796875,1659.800048828125,55.69,8.177,8.182,1.6540000438690186,0.6830000281333923,325.91,-1300.31,81.86164999999998,96.8809002341213,-13.34218,9.0,4.75,5.440010218533042,1236.0,2341.0
2012-08-30,146.31861877441406,5315.0498046875,10085.0830078125,1653.5,55.63,8.194,8.193,1.6200000047683716,0.6579999923706055,325.91,-1300.31,81.86164999999998,96.8809002341213,-13.34218,9.0,4.75,5.440010218533042,1236.0,2341.0
2012-08-31,143.48751831054688,5258.5,9990.3837890625,1684.5999755859375,55.52,8.241,8.231,1.562000036239624,0.5960000157356262,325.91,-1300.31,81.86164999999998,96.8809002341213,-13.34218,9.0,4.75,5.440010218533042,1236.0,2341.0
2012-09-03,143.59088134765625,5253.75,9962.8837890625,1684.5999755859375,55.52,8.215,8.213,1.562000036239624,0.5960000157356262,325.91,-1300.31,81.86164999999998,96.8809002341213,-13.34218,9.0,4.75,5.440010218533042,1236.0,2341.0
2012-09-04,145.15753173828125,5274.0,10020.5341796875,1692.9000244140625,55.61,8.212,8.203,1.5809999704360962,0.621999979019165,325.91,-1300.31,81.86164999999998,96.8809002341213,-13.34218,9.0,4.75,5.440010218533042,1236.0,2341.0
2012-09-05,139.90892028808594,5225.7001953125,9827.7861328125,1690.800048828125,55.88,8.179,8.167,1.593999981880188,0.6200000047683716,325.91,-1300.31,81.86164999999998,96.8809002341213,-13.34218,9.0,4.75,5.440010218533042,1236.0,2341.0
2012-09-06,142.58094787597656,5238.39990234375,9893.03515625,1702.5999755859375,55.64,8.159,8.162,1.6729999780654907,0.6759999990463257,325.91,-1300.31,81.86164999999998,96.8809002341213,-13.34218,9.0,4.75,5.440010218533042,1236.0,2341.0
2012-09-07,149.16561889648438,5342.10009765625,10121.8828125,1737.5,55.27,8.2,8.211,1.6610000133514404,0.6380000114440918,325.91,-1300.31,81.86164999999998,96.8809002341213,-13.34218,9.0,4.75,5.440010218533042,1236.0,2341.0
2012-09-10,148.60101318359375,5363.4501953125,10069.732421875,1728.699951171875,55.44,8.177,8.19,1.6829999685287476,0.6570000052452087,325.91,-1300.31,81.86164999999998,96.8809002341213,-13.34218,9.0,4.75,5.440010218533042,1236.0,2341.0
2012-09-11,150.43006896972656,5390.0,10135.7822265625,1731.800048828125,55.25,8.183,8.198,1.6950000524520874,0.6629999876022339,325.91,-1300.31,81.86164999999998,96.8809002341213,-13.34218,9.0,4.75,5.440010218533042,1236.0,2341.0
2012-09-12,150.95492553710938,5431.0,10183.33203125,1730.5999755859375,55.21,8.198,8.208,1.7649999856948853,0.6959999799728394,325.91,-1300.31,81.86164999999998,96.8809002341213,-13.34218,9.0,4.75,5.440010218533042,1236.0,2341.0
2012-09-13,152.60110473632812,5435.35009765625,10207.681640625,1769.0999755859375,55.34,8.174,8.18,1.75600004196167,0.6539999842643738,325.91,-1300.31,81.86164999999998,96.8809002341213,-13.34218,9.0,4.75,5.440010218533042,1236.0,2341.0
2012-09-14,160.32302856445312,5577.64990234375,10642.7763671875,1769.800048828125,53.3,8.177,8.198,1.8700000047683716,0.7149999737739563,325.91,-1300.31,81.86164999999998,96.8809002341213,-13.34218,9.0,4.75,5.440010218533042,1236.0,2341.0
2012-09-17,168.697021484375,5610.0,10981.5224609375,1767.699951171875,53.88,8.18,8.191,1.8380000591278076,0.7170000076293945,325.91,-1300.31,81.86164999999998,96.8809002341213,-13.34218,9.0,4.75,5.440010218533042,1236.0,2341.0
2012-09-18,166.85205078125,5600.0498046875,11043.3720703125,1768.4000244140625,53.9,8.165,8.18,1.812000036239624,0.6990000009536743,325.91,-1300.31,81.86164999999998,96.8809002341213,-13.34218,9.0,4.75,5.440010218533042,1236.0,2341.0
2012-09-19,166.85205078125,5600.0498046875,11043.3720703125,1769.0,53.99,8.168,8.18,1.781999945640564,0.6890000104904175,325.91,-1300.31,81.86164999999998,96.8809002341213,-13.34218,9.0,4.75,5.440010218533042,1236.0,2341.0
2012-09-20,162.63720703125,5554.25,10920.6728515625,1767.699951171875,54.26,8.16,8.168,1.7769999504089355,0.6930000185966492,325.91,-1300.31,81.86164999999998,96.8809002341213,-13.34218,9.0,4.75,5.440010218533042,1236.0,2341.0
2012-09-21,169.46844482421875,5691.14990234375,11358.3681640625,1775.5,53.46,8.165,8.168,1.7599999904632568,0.671999990940094,325.91,-1300.31,81.86164999999998,96.8809002341213,-13.34218,9.0,4.75,5.440010218533042,1236.0,2341.0
2012-09-24,170.3352508544922,5669.60009765625,11423.3671875,1762.0999755859375,53.43,8.155,8.17,1.718000054359436,0.6589999794960022,325.91,-1300.31,81.86164999999998,96.8809002341213,-13.34218,9.0,4.75,5.440010218533042,1236.0,2341.0
2012-09-25,169.69110107421875,5673.89990234375,11420.6171875,1763.800048828125,53.36,8.168,8.194,1.6820000410079956,0.6489999890327454,325.91,-1300.31,81.86164999999998,96.8809002341213,-13.34218,9.0,4.75,5.440010218533042,1236.0,2341.0
2012-09-26,169.46844482421875,5663.4501953125,11427.1171875,1750.5999755859375,53.52,8.168,8.191,1.618000030517578,0.6119999885559082,325.91,-1300.31,81.86164999999998,96.8809002341213,-13.34218,9.0,4.75,5.440010218533042,1236.0,2341.0
2012-09-27,167.8540496826172,5649.5,11419.3173828125,1777.5999755859375,52.99,8.162,8.181,1.6399999856948853,0.6380000114440918,325.91,-1300.31,81.86164999999998,96.8809002341213,-13.34218,9.0,4.75,5.440010218533042,1236.0,2341.0
2012-09-28,168.40281677246094,5703.2998046875,11456.6669921875,1771.0999755859375,52.92,8.149,8.181,1.6369999647140503,0.6299999952316284,325.91,-1300.31,81.86164999999998,96.8809002341213,-13.34218,9.0,4.75,5.440010218533042,1236.0,2341.0
2012-10-01,167.10653686523438,5718.7998046875,11420.3173828125,1780.5,52.46,8.161,8.173,1.625,0.6200000047683716,325.91,-1300.31,83.00924999999998,97.3340382146364,-18.04135,9.0,4.5,5.376391717074491,1728.0,2891.0
2012-10-02,167.10653686523438,5718.7998046875,11420.3173828125,1772.699951171875,52.42,8.161,8.173,1.6150000095367432,0.6140000224113464,325.91,-1300.31,83.00924999999998,97.3340382146364,-18.04135,9.0,4.5,5.376391717074491,1728.0,2891.0
2012-10-03,167.4803009033203,5731.25,11414.8173828125,1777.300048828125,52.25,8.147,8.145,1.6230000257492063,0.6039999723434448,325.91,-1300.31,83.00924999999998,97.3340382146364,-18.04135,9.0,4.5,5.376391717074491,1728.0,2891.0
2012-10-04,172.31546020507812,5787.60009765625,11635.9150390625,1794.0999755859375,51.74,8.149,8.142,1.6649999618530271,0.6230000257492065,325.91,-1300.31,83.00924999999998,97.3340382146364,-18.04135,9.0,4.5,5.376391717074491,1728.0,2891.0
2012-10-05,169.6593017578125,5746.9501953125,11511.2666015625,1778.5999755859375,51.77,8.159,8.163,1.7319999933242798,0.6669999957084656,325.91,-1300.31,83.00924999999998,97.3340382146364,-18.04135,9.0,4.5,5.376391717074491,1728.0,2891.0
2012-10-08,167.3530731201172,5676.0,11362.068359375,1773.5,51.77,8.149,8.145,1.746000051498413,0.6759999990463257,325.91,-1300.31,83.00924999999998,97.3340382146364,-18.04135,9.0,4.5,5.376391717074491,1728.0,2891.0
2012-10-09,169.2537078857422,5704.60009765625,11445.966796875,1763.0,52.73,8.143,8.122,1.7200000286102295,0.6629999876022339,325.91,-1300.31,83.00924999999998,97.3340382146364,-18.04135,9.0,4.5,5.376391717074491,1728.0,2891.0
2012-10-10,167.67115783691406,5652.14990234375,11291.369140625,1763.199951171875,53.05,8.155,8.132,1.690999984741211,0.6600000262260437,325.91,-1300.31,83.00924999999998,97.3340382146364,-18.04135,9.0,4.5,5.376391717074491,1728.0,2891.0
2012-10-11,168.26760864257812,5708.0498046875,11431.1669921875,1768.800048828125,52.66,8.162,8.148,1.6749999523162842,0.6629999876022339,325.91,-1300.31,83.00924999999998,97.3340382146364,-18.04135,9.0,4.5,5.376391717074491,1728.0,2891.0
2012-10-12,166.16810607910156,5676.0498046875,11388.3173828125,1758.0,52.81,8.169,8.135,1.662999987602234,0.6629999876022339,325.91,-1300.31,83.00924999999998,97.3340382146364,-18.04135,9.0,4.5,5.376391717074491,1728.0,2891.0
2012-10-15,167.5438995361328,5687.25,11441.6669921875,1736.0,53.09,8.169,8.143,1.662999987602234,0.6600000262260437,325.91,-1300.31,83.00924999999998,97.3340382146364,-18.04135,9.0,4.5,5.376391717074491,1728.0,2891.0
2012-10-16,165.92955017089844,5648.0,11347.8681640625,1744.699951171875,52.89,8.152,8.127,1.7200000286102295,0.6919999718666077,325.91,-1300.31,83.00924999999998,97.3340382146364,-18.04135,9.0,4.5,5.376391717074491,1728.0,2891.0
2012-10-17,166.9315643310547,5660.25,11358.1181640625,1751.5,52.86,8.152,8.127,1.8109999895095823,0.7720000147819519,325.91,-1300.31,83.00924999999998,97.3340382146364,-18.04135,9.0,4.5,5.376391717074491,1728.0,2891.0
2012-10-18,169.3809814453125,5718.7001953125,11586.21484375,1743.300048828125,53.46,8.135,8.117,1.825999975204468,0.7799999713897705,325.91,-1300.31,83.00924999999998,97.3340382146364,-18.04135,9.0,4.5,5.376391717074491,1728.0,2891.0
2012-10-19,168.16421508789062,5684.25,11491.06640625,1722.800048828125,54.08,8.128,8.109,1.7680000066757202,0.7509999871253967,325.91,-1300.31,83.00924999999998,97.3340382146364,-18.04135,9.0,4.5,5.376391717074491,1728.0,2891.0
2012-10-22,171.07484436035156,5717.14990234375,11607.265625,1725.0999755859375,53.51,8.132,8.115,1.7979999780654907,0.7789999842643738,325.91,-1300.31,83.00924999999998,97.3340382146364,-18.04135,9.0,4.5,5.376391717074491,1728.0,2891.0
2012-10-23,171.68719482421875,5691.39990234375,11578.015625,1708.300048828125,53.72,8.135,8.104,1.7640000581741333,0.7580000162124634,325.91,-1300.31,83.00924999999998,97.3340382146364,-18.04135,9.0,4.5,5.376391717074491,1728.0,2891.0
2012-10-24,171.68719482421875,5691.39990234375,11578.015625,1700.5,53.73,8.137,8.104,1.774999976158142,0.7480000257492065,325.91,-1300.31,83.00924999999998,97.3340382146364,-18.04135,9.0,4.5,5.376391717074491,1728.0,2891.0
2012-10-25,172.91183471679688,5705.2998046875,11614.365234375,1712.0,53.55,8.128,8.086,1.8279999494552612,0.8190000057220459,325.91,-1300.31,83.00924999999998,97.3340382146364,-18.04135,9.0,4.5,5.376391717074491,1728.0,2891.0
2012-10-26,172.91183471679688,5705.2998046875,11614.365234375,1710.9000244140625,53.55,8.13,8.086,1.75,0.7609999775886536,325.91,-1300.31,83.00924999999998,97.3340382146364,-18.04135,9.0,4.5,5.376391717074491,1728.0,2891.0
2012-10-29,169.93763732910156,5665.60009765625,11472.0166015625,1710.9000244140625,54.1,8.133,8.081,1.75,0.7609999775886536,325.91,-1300.31,83.00924999999998,97.3340382146364,-18.04135,9.0,4.5,5.376391717074491,1728.0,2891.0
2012-10-30,166.23175048828125,5597.89990234375,11202.8701171875,1710.9000244140625,53.96,8.181,8.141,1.75,0.7609999775886536,325.91,-1300.31,83.00924999999998,97.3340382146364,-18.04135,9.0,4.5,5.376391717074491,1728.0,2891.0
2012-10-31,167.0349578857422,5619.7001953125,11268.6689453125,1717.5,53.8,8.215,8.186,1.6859999895095823,0.7149999737739563,325.91,-1300.31,83.00924999999998,97.3340382146364,-18.04135,9.0,4.5,5.376391717074491,1728.0,2891.0
2012-11-01,168.17214965820312,5645.0498046875,11314.91796875,1714.0999755859375,53.76,8.191,8.157,1.715000033378601,0.7279999852180481,325.91,-1300.31,83.39178000000001,97.2434106185333,-15.58246,9.0,4.5,5.376391717074491,1728.0,2891.0
2012-11-02,171.718994140625,5697.7001953125,11460.3173828125,1674.0999755859375,53.75,8.197,8.17,1.72599995136261,0.7279999852180481,325.91,-1300.31,83.39178000000001,97.2434106185333,-15.58246,9.0,4.5,5.376391717074491,1728.0,2891.0
2012-11-05,171.40086364746094,5704.2001953125,11475.0166015625,1682.199951171875,54.6,8.195,8.163,1.684000015258789,0.6990000009536743,325.91,-1300.31,83.39178000000001,97.2434106185333,-15.58246,9.0,4.5,5.376391717074491,1728.0,2891.0
2012-11-06,171.8860321044922,5724.39990234375,11538.916015625,1714.0999755859375,54.42,8.183,8.147,1.7419999837875366,0.7440000176429749,325.91,-1300.31,83.39178000000001,97.2434106185333,-15.58246,9.0,4.5,5.376391717074491,1728.0,2891.0
2012-11-07,173.83438110351562,5760.10009765625,11665.3642578125,1713.199951171875,54.37,8.191,8.155,1.631999969482422,0.6620000004768372,325.91,-1300.31,83.39178000000001,97.2434106185333,-15.58246,9.0,4.5,5.376391717074491,1728.0,2891.0
2012-11-08,171.13848876953125,5738.75,11613.4150390625,1725.4000244140625,54.3,8.191,8.152,1.631999969482422,0.6430000066757202,325.91,-1300.31,83.39178000000001,97.2434106185333,-15.58246,9.0,4.5,5.376391717074491,1728.0,2891.0
2012-11-09,168.46640014648438,5686.25,11475.4658203125,1730.300048828125,54.61,8.215,8.171,1.6130000352859497,0.6389999985694885,325.91,-1300.31,83.39178000000001,97.2434106185333,-15.58246,9.0,4.5,5.376391717074491,1728.0,2891.0
2012-11-12,168.3391876220703,5683.7001953125,11583.71484375,1730.300048828125,54.61,8.211,8.184,1.6109999418258667,0.6430000066757202,325.91,-1300.31,83.39178000000001,97.2434106185333,-15.58246,9.0,4.5,5.376391717074491,1728.0,2891.0
2012-11-13,168.3391876220703,5683.7001953125,11583.71484375,1724.199951171875,54.82,8.213,8.184,1.5889999866485596,0.6200000047683716,325.91,-1300.31,83.39178000000001,97.2434106185333,-15.58246,9.0,4.5,5.376391717074491,1728.0,2891.0
2012-11-14,168.3391876220703,5683.7001953125,11583.71484375,1729.5,54.87,8.213,8.184,1.5889999866485596,0.621999979019165,325.91,-1300.31,83.39178000000001,97.2434106185333,-15.58246,9.0,4.5,5.376391717074491,1728.0,2891.0
2012-11-15,167.74273681640625,5631.0,11521.2666015625,1713.300048828125,54.65,8.19,8.15,1.5889999866485596,0.6200000047683716,325.91,-1300.31,83.39178000000001,97.2434106185333,-15.58246,9.0,4.5,5.376391717074491,1728.0,2891.0
2012-11-16,163.39268493652344,5574.0498046875,11335.3681640625,1714.300048828125,55.16,8.193,8.169,1.5740000009536743,0.6069999933242798,325.91,-1300.31,83.39178000000001,97.2434106185333,-15.58246,9.0,4.5,5.376391717074491,1728.0,2891.0
2012-11-19,162.41455078125,5571.39990234375,11306.818359375,1734.0,55.05,8.191,8.172,1.6109999418258667,0.6309999823570251,325.91,-1300.31,83.39178000000001,97.2434106185333,-15.58246,9.0,4.5,5.376391717074491,1728.0,2891.0
2012-11-20,162.8837432861328,5571.5498046875,11318.16796875,1723.199951171875,55.1,8.201,8.18,1.656000018119812,0.6570000052452087,325.91,-1300.31,83.39178000000001,97.2434106185333,-15.58246,9.0,4.5,5.376391717074491,1728.0,2891.0
2012-11-21,166.1204071044922,5614.7998046875,11465.216796875,1727.9000244140625,55.14,8.208,8.183,1.687000036239624,0.6819999814033508,325.91,-1300.31,83.39178000000001,97.2434106185333,-15.58246,9.0,4.5,5.376391717074491,1728.0,2891.0
2012-11-22,164.23565673828125,5627.75,11508.2158203125,1727.9000244140625,55.14,8.226,8.204,1.687000036239624,0.6819999814033508,325.91,-1300.31,83.39178000000001,97.2434106185333,-15.58246,9.0,4.5,5.376391717074491,1728.0,2891.0
2012-11-23,163.0428009033203,5626.60009765625,11475.666015625,1751.300048828125,55.44,8.23,8.207,1.6929999589920044,0.6899999976158142,325.91,-1300.31,83.39178000000001,97.2434106185333,-15.58246,9.0,4.5,5.376391717074491,1728.0,2891.0
2012-11-26,161.9612274169922,5635.89990234375,11432.3173828125,1749.5,55.63,8.204,8.186,1.6640000343322754,0.6660000085830688,325.91,-1300.31,83.39178000000001,97.2434106185333,-15.58246,9.0,4.5,5.376391717074491,1728.0,2891.0
2012-11-27,164.47427368164062,5727.4501953125,11657.2646484375,1742.199951171875,55.35,8.191,8.175,1.6449999809265137,0.6499999761581421,325.91,-1300.31,83.39178000000001,97.2434106185333,-15.58246,9.0,4.5,5.376391717074491,1728.0,2891.0
2012-11-28,164.47427368164062,5727.4501953125,11657.2646484375,1716.5,55.7,8.191,8.175,1.6169999837875366,0.6240000128746033,325.91,-1300.31,83.39178000000001,97.2434106185333,-15.58246,9.0,4.5,5.376391717074491,1728.0,2891.0
2012-11-29,172.0530242919922,5825.0,11992.66015625,1727.199951171875,54.71,8.206,8.178,1.6200000047683716,0.6309999823570251,325.91,-1300.31,83.39178000000001,97.2434106185333,-15.58246,9.0,4.5,5.376391717074491,1728.0,2891.0
2012-11-30,174.9318084716797,5879.85009765625,12158.7587890625,1710.9000244140625,54.26,8.175,8.163,1.6059999465942385,0.6140000224113464,325.91,-1300.31,83.39178000000001,97.2434106185333,-15.58246,9.0,4.5,5.376391717074491,1728.0,2891.0
2012-12-03,175.32150268554688,5870.9501953125,12103.759765625,1719.5999755859375,54.66,8.174,8.16,1.628000020980835,0.628000020980835,325.91,-1300.31,83.39178000000001,97.2434106185333,-15.58246,9.0,4.5,5.376391717074491,1728.0,2891.0
2012-12-04,178.0333251953125,5889.25,12197.0087890625,1694.4000244140625,54.73,8.171,8.142,1.6080000400543213,0.6230000257492065,325.91,-1300.31,83.39178000000001,97.2434106185333,-15.58246,9.0,4.5,5.376391717074491,1728.0,2891.0
2012-12-05,178.10491943359375,5900.5,12281.45703125,1692.4000244140625,54.46,8.171,8.137,1.590999960899353,0.6060000061988831,325.91,-1300.31,83.39178000000001,97.2434106185333,-15.58246,9.0,4.5,5.376391717074491,1728.0,2891.0
2012-12-06,180.63377380371097,5930.89990234375,12427.4052734375,1700.300048828125,54.31,8.17,8.129,1.5809999704360962,0.6010000109672546,325.91,-1300.31,83.39178000000001,97.2434106185333,-15.58246,9.0,4.5,5.376391717074491,1728.0,2891.0
2012-12-07,179.9976043701172,5907.39990234375,12363.556640625,1704.0,54.35,8.159,8.11,1.6269999742507937,0.621999979019165,325.91,-1300.31,83.39178000000001,97.2434106185333,-15.58246,9.0,4.5,5.376391717074491,1728.0,2891.0
2012-12-10,178.36727905273438,5908.89990234375,12381.5068359375,1713.0,54.42,8.172,8.124,1.616000056266785,0.6140000224113464,325.91,-1300.31,83.39178000000001,97.2434106185333,-15.58246,9.0,4.5,5.376391717074491,1728.0,2891.0
2012-12-11,178.5581512451172,5898.7998046875,12344.4560546875,1708.199951171875,54.31,8.178,8.134,1.64900004863739,0.6330000162124634,325.91,-1300.31,83.39178000000001,97.2434106185333,-15.58246,9.0,4.5,5.376391717074491,1728.0,2891.0
2012-12-12,177.0551300048828,5888.0,12301.5576171875,1716.5999755859375,54.23,8.177,8.14,1.6970000267028809,0.6489999890327454,325.91,-1300.31,83.39178000000001,97.2434106185333,-15.58246,9.0,4.5,5.376391717074491,1728.0,2891.0
2012-12-13,178.33547973632812,5851.5,12269.0078125,1695.5999755859375,54.36,8.158,8.121,1.7280000448226929,0.6890000104904175,325.91,-1300.31,83.39178000000001,97.2434106185333,-15.58246,9.0,4.5,5.376391717074491,1728.0,2891.0
2012-12-14,180.689453125,5879.60009765625,12424.5556640625,1695.800048828125,54.49,8.142,8.074,1.7079999446868896,0.6880000233650208,325.91,-1300.31,83.39178000000001,97.2434106185333,-15.58246,9.0,4.5,5.376391717074491,1728.0,2891.0
2012-12-17,181.9698181152344,5857.89990234375,12427.3056640625,1697.0,54.68,8.14,8.074,1.7630000114440918,0.7260000109672546,325.91,-1300.31,83.39178000000001,97.2434106185333,-15.58246,9.0,4.5,5.376391717074491,1728.0,2891.0
2012-12-18,182.7412109375,5896.7998046875,12477.0048828125,1669.5,54.91,8.148,8.098,1.8270000219345093,0.7649999856948853,325.91,-1300.31,83.39178000000001,97.2434106185333,-15.58246,9.0,4.5,5.376391717074491,1728.0,2891.0
2012-12-19,181.118896484375,5929.60009765625,12510.1044921875,1666.5,54.67,8.154,8.114,1.7999999523162842,0.7689999938011169,325.91,-1300.31,83.39178000000001,97.2434106185333,-15.58246,9.0,4.5,5.376391717074491,1728.0,2891.0
2012-12-20,181.2620391845703,5916.39990234375,12486.3544921875,1644.9000244140625,54.92,8.154,8.109,1.7999999523162842,0.7720000147819519,325.91,-1300.31,83.39178000000001,97.2434106185333,-15.58246,9.0,4.5,5.376391717074491,1728.0,2891.0
2012-12-21,178.75697326660156,5847.7001953125,12314.90625,1659.0999755859375,55.06,8.143,8.101,1.753999948501587,0.753000020980835,325.91,-1300.31,83.39178000000001,97.2434106185333,-15.58246,9.0,4.5,5.376391717074491,1728.0,2891.0
2012-12-24,178.37525939941406,5855.75,12317.556640625,1658.5999755859375,54.95,8.129,8.093,1.77400004863739,0.7739999890327454,325.91,-1300.31,83.39178000000001,97.2434106185333,-15.58246,9.0,4.5,5.376391717074491,1728.0,2891.0
2012-12-25,178.37525939941406,5855.75,12317.556640625,1658.5999755859375,54.95,8.131,8.093,1.77400004863739,0.7739999890327454,325.91,-1300.31,83.39178000000001,97.2434106185333,-15.58246,9.0,4.5,5.376391717074491,1728.0,2891.0
2012-12-26,182.69349670410156,5905.60009765625,12479.3046875,1659.800048828125,54.86,8.112,8.091,1.7580000162124634,0.7630000114440918,325.91,-1300.31,83.39178000000001,97.2434106185333,-15.58246,9.0,4.5,5.376391717074491,1728.0,2891.0
2012-12-27,180.7530975341797,5870.10009765625,12459.5556640625,1662.5999755859375,54.94,8.111,8.078,1.715000033378601,0.7200000286102295,325.91,-1300.31,83.39178000000001,97.2434106185333,-15.58246,9.0,4.5,5.376391717074491,1728.0,2891.0
2012-12-28,181.5642242431641,5908.35009765625,12458.005859375,1654.9000244140625,54.77,8.106,8.064,1.7109999656677246,0.7170000076293945,325.91,-1300.31,83.39178000000001,97.2434106185333,-15.58246,9.0,4.5,5.376391717074491,1728.0,2891.0
2012-12-31,181.0393524169922,5905.10009765625,12474.10546875,1674.800048828125,54.86,8.049,8.024,1.75600004196167,0.7250000238418579,325.91,-1300.31,83.39178000000001,97.2434106185333,-15.58246,9.0,4.5,5.376391717074491,1728.0,2891.0
2013-01-01,184.25216674804688,5905.10009765625,12654.0029296875,1674.800048828125,54.86,7.994,7.989,1.75600004196167,0.7250000238418579,325.91,-1300.31,84.53936999999999,97.8778037912544,-19.28162,9.0,4.5,4.296010398268946,1902.0,3013.0
2013-01-02,186.72544860839844,5993.25,12786.701171875,1687.9000244140625,54.23,7.993,7.949,1.8389999866485596,0.7630000114440918,325.91,-1300.31,84.53936999999999,97.8778037912544,-19.28162,9.0,4.5,4.296010398268946,1902.0,3013.0
2013-01-03,186.41531372070312,6009.5,12778.001953125,1673.699951171875,54.46,7.967,7.898,1.89900004863739,0.8080000281333923,325.91,-1300.31,84.53936999999999,97.8778037912544,-19.28162,9.0,4.5,4.296010398268946,1902.0,3013.0
2013-01-04,188.0614318847656,6016.14990234375,12787.201171875,1648.0999755859375,54.93,7.93,7.865,1.9149999618530271,0.8190000057220459,325.91,-1300.31,84.53936999999999,97.8778037912544,-19.28162,9.0,4.5,4.296010398268946,1902.0,3013.0
2013-01-07,188.0216522216797,5988.39990234375,12708.552734375,1645.5,55.2,7.9,7.871,1.902999997138977,0.8130000233650208,325.91,-1300.31,84.53936999999999,97.8778037912544,-19.28162,9.0,4.5,4.296010398268946,1902.0,3013.0
2013-01-08,187.608154296875,6001.7001953125,12725.3525390625,1661.5,55.02,7.906,7.87,1.871000051498413,0.7850000262260437,325.91,-1300.31,84.53936999999999,97.8778037912544,-19.28162,9.0,4.5,4.296010398268946,1902.0,3013.0
2013-01-09,187.7512969970703,5971.5,12717.8525390625,1654.800048828125,54.79,7.897,7.859,1.8519999980926511,0.7609999775886536,325.91,-1300.31,84.53936999999999,97.8778037912544,-19.28162,9.0,4.5,4.296010398268946,1902.0,3013.0
2013-01-10,187.60020446777344,5968.64990234375,12802.1015625,1677.300048828125,54.49,7.877,7.846,1.8940000534057615,0.7929999828338623,325.91,-1300.31,84.53936999999999,97.8778037912544,-19.28162,9.0,4.5,4.296010398268946,1902.0,3013.0
2013-01-11,185.06332397460935,5951.2998046875,12617.703125,1660.0,54.81,7.866,7.84,1.875,0.7820000052452087,325.91,-1300.31,84.53936999999999,97.8778037912544,-19.28162,9.0,4.5,4.296010398268946,1902.0,3013.0
2013-01-14,188.4988555908203,6024.0498046875,12758.6015625,1668.9000244140625,54.5,7.8,7.77,1.85699999332428,0.7680000066757202,325.91,-1300.31,84.53936999999999,97.8778037912544,-19.28162,9.0,4.5,4.296010398268946,1902.0,3013.0
2013-01-15,191.55262756347656,6056.60009765625,12855.2509765625,1683.4000244140625,54.58,7.832,7.904,1.830999970436096,0.7450000047683716,325.91,-1300.31,84.53936999999999,97.8778037912544,-19.28162,9.0,4.5,4.296010398268946,1902.0,3013.0
2013-01-16,187.6558837890625,6001.85009765625,12638.353515625,1682.699951171875,54.66,7.881,7.963,1.8240000009536743,0.7419999837875366,325.91,-1300.31,84.53936999999999,97.8778037912544,-19.28162,9.0,4.5,4.296010398268946,1902.0,3013.0
2013-01-17,184.89633178710935,6039.2001953125,12649.4521484375,1690.4000244140625,54.35,7.837,7.944,1.875,0.7870000004768372,325.91,-1300.31,84.53936999999999,97.8778037912544,-19.28162,9.0,4.5,4.296010398268946,1902.0,3013.0
2013-01-18,187.07534790039065,6064.39990234375,12679.8525390625,1686.5999755859375,53.82,7.861,7.968,1.843000054359436,0.7630000114440918,325.91,-1300.31,84.53936999999999,97.8778037912544,-19.28162,9.0,4.5,4.296010398268946,1902.0,3013.0
2013-01-21,187.29006958007812,6082.2998046875,12651.2021484375,1686.5999755859375,53.82,7.861,7.968,1.843000054359436,0.7630000114440918,325.91,-1300.31,84.53936999999999,97.8778037912544,-19.28162,9.0,4.5,4.296010398268946,1902.0,3013.0
2013-01-22,186.11309814453125,6048.5,12574.203125,1692.800048828125,53.72,7.849,7.98,1.8350000381469729,0.7519999742507935,325.91,-1300.31,84.53936999999999,97.8778037912544,-19.28162,9.0,4.5,4.296010398268946,1902.0,3013.0
2013-01-23,187.83876037597656,6054.2998046875,12635.0537109375,1686.300048828125,53.66,7.864,8.004,1.8329999446868896,0.75,325.91,-1300.31,84.53936999999999,97.8778037912544,-19.28162,9.0,4.5,4.296010398268946,1902.0,3013.0
2013-01-24,185.2144317626953,6019.35009765625,12561.25390625,1669.5,53.67,7.885,7.985,1.843999981880188,0.7599999904632568,325.91,-1300.31,84.53936999999999,97.8778037912544,-19.28162,9.0,4.5,4.296010398268946,1902.0,3013.0
2013-01-25,186.55844116210935,6074.64990234375,12693.1025390625,1656.4000244140625,53.78,7.885,7.985,1.9470000267028809,0.847000002861023,325.91,-1300.31,84.53936999999999,97.8778037912544,-19.28162,9.0,4.5,4.296010398268946,1902.0,3013.0
2013-01-28,189.3099822998047,6074.7998046875,12781.201171875,1652.4000244140625,53.97,7.863,7.962,1.9739999771118164,0.875,325.91,-1300.31,84.53936999999999,97.8778037912544,-19.28162,9.0,4.5,4.296010398268946,1902.0,3013.0
2013-01-29,191.05162048339844,6049.89990234375,12722.65234375,1660.699951171875,53.64,7.847,7.916,1.9880000352859497,0.871999979019165,325.91,-1300.31,84.53936999999999,97.8778037912544,-19.28162,9.0,4.5,4.296010398268946,1902.0,3013.0
2013-01-30,192.88067626953125,6055.75,12767.3515625,1679.9000244140625,53.21,7.891,7.95,2.00600004196167,0.8889999985694885,325.91,-1300.31,84.53936999999999,97.8778037912544,-19.28162,9.0,4.5,4.296010398268946,1902.0,3013.0
2013-01-31,189.45309448242188,6034.75,12708.4521484375,1660.5999755859375,53.32,7.912,7.981,1.9850000143051147,0.8809999823570251,325.91,-1300.31,84.53936999999999,97.8778037912544,-19.28162,9.0,4.5,4.296010398268946,1902.0,3013.0
2013-02-01,186.27212524414065,5998.89990234375,12606.103515625,1669.4000244140625,53.16,7.905,7.96,2.009999990463257,0.8769999742507935,325.91,-1300.31,85.30443000000001,98.2403141756665,-17.29148,8.75,4.5,4.296010398268946,1902.0,3013.0
2013-02-04,187.95806884765625,5987.25,12548.2041015625,1675.300048828125,53.24,7.937,8.005,1.9730000495910645,0.8460000157356262,325.91,-1300.31,85.30443000000001,98.2403141756665,-17.29148,8.75,4.5,4.296010398268946,1902.0,3013.0
2013-02-05,185.46096801757812,5956.89990234375,12467.60546875,1672.4000244140625,52.99,7.923,7.993,2.0160000324249268,0.875,325.91,-1300.31,85.30443000000001,98.2403141756665,-17.29148,8.75,4.5,4.296010398268946,1902.0,3013.0
2013-02-06,183.74322509765625,5959.2001953125,12417.5556640625,1677.699951171875,53.07,7.907,7.986,1.968000054359436,0.8370000123977661,325.91,-1300.31,85.30443000000001,98.2403141756665,-17.29148,8.75,4.5,4.296010398268946,1902.0,3013.0
2013-02-07,182.0891265869141,5938.7998046875,12349.15625,1670.4000244140625,53.22,7.878,7.97,1.950999975204468,0.824999988079071,325.91,-1300.31,85.30443000000001,98.2403141756665,-17.29148,8.75,4.5,4.296010398268946,1902.0,3013.0
2013-02-08,179.75103759765625,5903.5,12280.0078125,1666.0,53.58,7.843,7.946,1.9539999961853027,0.828000009059906,325.91,-1300.31,85.30443000000001,98.2403141756665,-17.29148,8.75,4.5,4.296010398268946,1902.0,3013.0
2013-02-11,178.5661163330078,5897.85009765625,12332.8564453125,1648.199951171875,53.95,7.858,7.956,1.9459999799728391,0.8379999995231628,325.91,-1300.31,85.30443000000001,98.2403141756665,-17.29148,8.75,4.5,4.296010398268946,1902.0,3013.0
2013-02-12,179.54428100585938,5922.5,12405.10546875,1648.699951171875,53.75,7.867,7.972,1.98199999332428,0.8690000176429749,325.91,-1300.31,85.30443000000001,98.2403141756665,-17.29148,8.75,4.5,4.296010398268946,1902.0,3013.0
2013-02-13,181.73123168945312,5932.9501953125,12384.9560546875,1644.199951171875,53.79,7.844,7.941,2.0190000534057617,0.9010000228881836,325.91,-1300.31,85.30443000000001,98.2403141756665,-17.29148,8.75,4.5,4.296010398268946,1902.0,3013.0
2013-02-14,179.12281799316406,5896.9501953125,12311.15625,1634.699951171875,53.94,7.818,7.922,2.0,0.8569999933242798,325.91,-1300.31,85.30443000000001,98.2403141756665,-17.29148,8.75,4.5,4.296010398268946,1902.0,3013.0
2013-02-15,178.43096923828125,5887.39990234375,12336.40625,1608.800048828125,54.28,7.832,7.934,2.006999969482422,0.8650000095367432,325.91,-1300.31,85.30443000000001,98.2403141756665,-17.29148,8.75,4.5,4.296010398268946,1902.0,3013.0
2013-02-18,178.4547882080078,5898.2001953125,12347.056640625,1608.800048828125,54.28,7.824,7.935,2.006999969482422,0.8650000095367432,325.91,-1300.31,85.30443000000001,98.2403141756665,-17.29148,8.75,4.5,4.296010398268946,1902.0,3013.0
2013-02-19,179.94989013671875,5939.7001953125,12413.505859375,1603.5999755859375,54.26,7.827,7.935,2.0260000228881836,0.8809999823570251,325.91,-1300.31,85.30443000000001,98.2403141756665,-17.29148,8.75,4.5,4.296010398268946,1902.0,3013.0
2013-02-20,178.38320922851562,5943.0498046875,12363.556640625,1577.5999755859375,54.18,7.804,7.911,2.0209999084472656,0.8690000176429749,325.91,-1300.31,85.30443000000001,98.2403141756665,-17.29148,8.75,4.5,4.296010398268946,1902.0,3013.0
2013-02-21,171.71104431152344,5852.25,12055.3603515625,1578.199951171875,54.47,7.812,7.911,1.97599995136261,0.8360000252723694,325.91,-1300.31,85.30443000000001,98.2403141756665,-17.29148,8.75,4.5,4.296010398268946,1902.0,3013.0
2013-02-22,173.77076721191406,5850.2998046875,12068.8095703125,1572.4000244140625,54.28,7.799,7.901,1.9670000076293943,0.828000009059906,325.91,-1300.31,85.30443000000001,98.2403141756665,-17.29148,8.75,4.5,4.296010398268946,1902.0,3013.0
2013-02-25,173.98548889160156,5854.75,12037.16015625,1586.199951171875,53.96,7.798,7.911,1.8949999809265137,0.7760000228881836,325.91,-1300.31,85.30443000000001,98.2403141756665,-17.29148,8.75,4.5,4.296010398268946,1902.0,3013.0
2013-02-26,169.22984313964844,5761.35009765625,11844.7119140625,1615.199951171875,54.14,7.816,7.911,1.878999948501587,0.7620000243186951,325.91,-1300.31,85.30443000000001,98.2403141756665,-17.29148,8.75,4.5,4.296010398268946,1902.0,3013.0
2013-02-27,172.2756805419922,5796.89990234375,11930.361328125,1595.199951171875,53.72,7.798,7.882,1.902999997138977,0.7820000052452087,325.91,-1300.31,85.30443000000001,98.2403141756665,-17.29148,8.75,4.5,4.296010398268946,1902.0,3013.0
2013-02-28,165.4762725830078,5693.0498046875,11487.2158203125,1577.699951171875,54.37,7.872,7.936,1.888000011444092,0.7689999938011169,325.91,-1300.31,85.30443000000001,98.2403141756665,-17.29148,8.75,4.5,4.296010398268946,1902.0,3013.0
2013-03-01,168.0131072998047,5719.7001953125,11539.916015625,1571.9000244140625,54.9,7.908,7.989,1.8530000448226929,0.7480000257492065,325.91,-1300.31,85.68696,98.42156936787248,-13.71249,8.65,4.0,4.296010398268946,1902.0,3013.0
2013-03-04,168.37892150878906,5698.5,11575.46484375,1572.0999755859375,54.92,7.885,7.929,1.8769999742507937,0.7599999904632568,325.91,-1300.31,85.68696,98.42156936787248,-13.71249,8.65,4.0,4.296010398268946,1902.0,3013.0
2013-03-05,173.93775939941406,5784.25,11791.9130859375,1574.5999755859375,54.87,7.871,7.919,1.8940000534057615,0.7720000147819519,325.91,-1300.31,85.68696,98.42156936787248,-13.71249,8.65,4.0,4.296010398268946,1902.0,3013.0
2013-03-06,176.2837677001953,5818.60009765625,11876.0625,1574.5999755859375,54.83,7.86,7.917,1.937999963760376,0.8040000200271606,325.91,-1300.31,85.68696,98.42156936787248,-13.71249,8.65,4.0,4.296010398268946,1902.0,3013.0
2013-03-07,177.68341064453125,5863.2998046875,11970.111328125,1574.800048828125,54.45,7.862,7.912,1.991000056266785,0.8510000109672546,325.91,-1300.31,85.68696,98.42156936787248,-13.71249,8.65,4.0,4.296010398268946,1902.0,3013.0
2013-03-08,181.20635986328125,5945.7001953125,12197.1083984375,1576.5999755859375,54.32,7.839,7.9,2.055999994277954,0.8970000147819519,325.91,-1300.31,85.68696,98.42156936787248,-13.71249,8.65,4.0,4.296010398268946,1902.0,3013.0
2013-03-11,180.037353515625,5942.35009765625,12165.2587890625,1577.800048828125,54.38,7.84,7.908,2.055999994277954,0.8970000147819519,325.91,-1300.31,85.68696,98.42156936787248,-13.71249,8.65,4.0,4.296010398268946,1902.0,3013.0
2013-03-12,178.6297607421875,5914.10009765625,12054.3603515625,1591.5,54.19,7.888,7.92,2.0230000019073486,0.8709999918937683,325.91,-1300.31,85.68696,98.42156936787248,-13.71249,8.65,4.0,4.296010398268946,1902.0,3013.0
2013-03-13,172.68124389648438,5851.2001953125,11777.36328125,1588.300048828125,54.3,7.903,7.935,2.0209999084472656,0.8769999742507935,325.91,-1300.31,85.68696,98.42156936787248,-13.71249,8.65,4.0,4.296010398268946,1902.0,3013.0
2013-03-14,176.64955139160156,5908.9501953125,12020.6103515625,1590.5999755859375,54.22,7.865,7.896,2.0329999923706055,0.8769999742507935,325.91,-1300.31,85.68696,98.42156936787248,-13.71249,8.65,4.0,4.296010398268946,1902.0,3013.0
2013-03-15,169.78652954101562,5872.60009765625,11816.412109375,1592.5,54.06,7.861,7.881,1.996000051498413,0.8339999914169312,325.91,-1300.31,85.68696,98.42156936787248,-13.71249,8.65,4.0,4.296010398268946,1902.0,3013.0
2013-03-18,167.22581481933594,5835.25,11735.36328125,1604.5999755859375,54.1,7.884,7.904,1.955999970436096,0.8100000023841858,325.91,-1300.31,85.68696,98.42156936787248,-13.71249,8.65,4.0,4.296010398268946,1902.0,3013.0
2013-03-19,164.23565673828125,5745.9501953125,11507.916015625,1611.300048828125,54.4,7.903,7.928,1.9079999923706057,0.7770000100135803,325.91,-1300.31,85.68696,98.42156936787248,-13.71249,8.65,4.0,4.296010398268946,1902.0,3013.0
2013-03-20,159.2971649169922,5694.39990234375,11254.71875,1607.5,54.32,7.922,7.953,1.937000036239624,0.7919999957084656,325.91,-1300.31,85.68696,98.42156936787248,-13.71249,8.65,4.0,4.296010398268946,1902.0,3013.0
2013-03-21,164.6730194091797,5658.75,11238.21875,1613.800048828125,54.27,7.933,7.968,1.9320000410079956,0.7979999780654907,325.91,-1300.31,85.68696,98.42156936787248,-13.71249,8.65,4.0,4.296010398268946,1902.0,3013.0
2013-03-22,163.55972290039062,5651.35009765625,11203.919921875,1606.199951171875,54.3,7.961,7.988,1.9149999618530271,0.7900000214576721,325.91,-1300.31,85.68696,98.42156936787248,-13.71249,8.65,4.0,4.296010398268946,1902.0,3013.0
2013-03-25,161.05462646484375,5633.85009765625,11125.521484375,1604.5999755859375,54.22,7.948,7.975,1.9149999618530271,0.7870000004768372,325.91,-1300.31,85.68696,98.42156936787248,-13.71249,8.65,4.0,4.296010398268946,1902.0,3013.0
2013-03-26,162.37474060058594,5641.60009765625,11163.3203125,1595.800048828125,54.42,7.99,7.998,1.906000018119812,0.7760000228881836,325.91,-1300.31,85.68696,98.42156936787248,-13.71249,8.65,4.0,4.296010398268946,1902.0,3013.0
2013-03-27,162.37474060058594,5641.60009765625,11163.3203125,1606.199951171875,54.45,7.99,7.998,1.85099995136261,0.7369999885559082,325.91,-1300.31,85.68696,98.42156936787248,-13.71249,8.65,4.0,4.296010398268946,1902.0,3013.0
2013-03-28,166.23968505859375,5682.5498046875,11361.7177734375,1594.800048828125,54.44,7.951,7.964,1.8519999980926511,0.7689999938011169,325.91,-1300.31,85.68696,98.42156936787248,-13.71249,8.65,4.0,4.296010398268946,1902.0,3013.0
2013-03-29,166.23968505859375,5682.5498046875,11361.7177734375,1594.800048828125,54.52,7.96,7.964,1.8519999980926511,0.7689999938011169,325.91,-1300.31,85.68696,98.42156936787248,-13.71249,8.65,4.0,4.296010398268946,1902.0,3013.0
2013-04-01,167.2496795654297,5704.39990234375,11425.4169921875,1600.0,54.28,7.96,7.964,1.840000033378601,0.7580000162124634,325.91,-1300.31,86.45203000000002,98.42156936787248,-17.12133,8.5,4.0,6.447098583436994,1815.0,3184.0
2013-04-02,166.5100860595703,5748.10009765625,11523.2666015625,1575.0999755859375,54.43,7.993,7.969,1.8609999418258667,0.7710000276565552,325.91,-1300.31,86.45203000000002,98.42156936787248,-17.12133,8.5,4.0,6.447098583436994,1815.0,3184.0
2013-04-03,164.0447998046875,5672.89990234375,11343.9677734375,1552.800048828125,54.46,7.964,7.955,1.812000036239624,0.7260000109672546,325.91,-1300.31,86.45203000000002,98.42156936787248,-17.12133,8.5,4.0,6.447098583436994,1815.0,3184.0
2013-04-04,160.4502716064453,5574.75,11126.12109375,1551.800048828125,54.91,7.962,7.967,1.758999943733215,0.6909999847412109,325.91,-1300.31,86.45203000000002,98.42156936787248,-17.12133,8.5,4.0,6.447098583436994,1815.0,3184.0
2013-04-05,158.75636291503906,5553.25,11098.8212890625,1575.4000244140625,54.75,7.931,7.935,1.694000005722046,0.675000011920929,325.91,-1300.31,86.45203000000002,98.42156936787248,-17.12133,8.5,4.0,6.447098583436994,1815.0,3184.0
2013-04-08,157.31695556640625,5542.9501953125,11012.5224609375,1572.0,54.58,7.91,7.869,1.7319999933242798,0.6990000009536743,325.91,-1300.31,86.45203000000002,98.42156936787248,-17.12133,8.5,4.0,6.447098583436994,1815.0,3184.0
2013-04-09,157.46804809570312,5495.10009765625,10929.0234375,1586.199951171875,54.47,7.882,7.854,1.746999979019165,0.6990000009536743,325.91,-1300.31,86.45203000000002,98.42156936787248,-17.12133,8.5,4.0,6.447098583436994,1815.0,3184.0
2013-04-10,159.7345428466797,5558.7001953125,11122.12109375,1558.300048828125,54.41,7.899,7.756,1.8049999475479128,0.7360000014305115,325.91,-1300.31,86.45203000000002,98.42156936787248,-17.12133,8.5,4.0,6.447098583436994,1815.0,3184.0
2013-04-11,165.4444580078125,5594.0,11306.3681640625,1564.300048828125,54.36,7.9,7.756,1.7910000085830688,0.7279999852180481,325.91,-1300.31,86.45203000000002,98.42156936787248,-17.12133,8.5,4.0,6.447098583436994,1815.0,3184.0
2013-04-12,166.2635498046875,5528.5498046875,11409.966796875,1501.0,54.62,7.869,7.78,1.7209999561309814,0.6940000057220459,325.91,-1300.31,86.45203000000002,98.42156936787248,-17.12133,8.5,4.0,6.447098583436994,1815.0,3184.0
2013-04-15,166.54190063476562,5568.39990234375,11526.1162109375,1360.5999755859375,54.48,7.831,7.766,1.7020000219345093,0.6909999847412109,325.91,-1300.31,86.45203000000002,98.42156936787248,-17.12133,8.5,4.0,6.447098583436994,1815.0,3184.0
2013-04-16,171.5996856689453,5688.9501953125,11871.4619140625,1386.800048828125,54.08,7.823,7.736,1.718999981880188,0.7020000219345093,325.91,-1300.31,86.45203000000002,98.42156936787248,-17.12133,8.5,4.0,6.447098583436994,1815.0,3184.0
2013-04-17,174.58189392089844,5688.7001953125,11980.91015625,1382.199951171875,54.16,7.803,7.692,1.7039999961853027,0.6970000267028809,325.91,-1300.31,86.45203000000002,98.42156936787248,-17.12133,8.5,4.0,6.447098583436994,1815.0,3184.0
2013-04-18,178.5581512451172,5783.10009765625,12288.107421875,1392.0,53.95,7.777,7.689,1.684999942779541,0.6970000267028809,325.91,-1300.31,86.45203000000002,98.42156936787248,-17.12133,8.5,4.0,6.447098583436994,1815.0,3184.0
2013-04-19,178.5581512451172,5783.10009765625,12288.107421875,1395.300048828125,53.98,7.782,7.689,1.7029999494552612,0.7070000171661377,325.91,-1300.31,86.45203000000002,98.42156936787248,-17.12133,8.5,4.0,6.447098583436994,1815.0,3184.0
2013-04-22,182.6616973876953,5834.39990234375,12576.0537109375,1421.0,54.19,7.753,7.645,1.6979999542236328,0.6940000057220459,325.91,-1300.31,86.45203000000002,98.42156936787248,-17.12133,8.5,4.0,6.447098583436994,1815.0,3184.0
2013-04-23,184.7054748535156,5836.89990234375,12543.2548828125,1408.5999755859375,54.39,7.734,7.622,1.6979999542236328,0.6949999928474426,325.91,-1300.31,86.45203000000002,98.42156936787248,-17.12133,8.5,4.0,6.447098583436994,1815.0,3184.0
2013-04-24,184.7054748535156,5836.89990234375,12543.2548828125,1423.4000244140625,54.22,7.739,7.622,1.6979999542236328,0.6890000104904175,325.91,-1300.31,86.45203000000002,98.42156936787248,-17.12133,8.5,4.0,6.447098583436994,1815.0,3184.0
2013-04-25,187.25823974609375,5916.2998046875,12726.7021484375,1461.800048828125,54.11,7.773,7.637,1.7109999656677246,0.7129999995231628,325.91,-1300.31,86.45203000000002,98.42156936787248,-17.12133,8.5,4.0,6.447098583436994,1815.0,3184.0
2013-04-26,182.033447265625,5871.4501953125,12533.0048828125,1453.5999755859375,54.41,7.743,7.614,1.662999987602234,0.6809999942779541,325.91,-1300.31,86.45203000000002,98.42156936787248,-17.12133,8.5,4.0,6.447098583436994,1815.0,3184.0
2013-04-29,183.4171600341797,5904.10009765625,12609.00390625,1467.4000244140625,54.2,7.762,7.619,1.6679999828338623,0.6769999861717224,325.91,-1300.31,86.45203000000002,98.42156936787248,-17.12133,8.5,4.0,6.447098583436994,1815.0,3184.0
2013-04-30,185.07923889160156,5930.2001953125,12561.4033203125,1472.199951171875,53.68,7.731,7.552,1.6749999523162842,0.6779999732971191,325.91,-1300.31,86.45203000000002,98.42156936787248,-17.12133,8.5,4.0,6.447098583436994,1815.0,3184.0
2013-05-01,185.07923889160156,5930.2001953125,12561.4033203125,1446.300048828125,53.65,7.731,7.552,1.6390000581741333,0.6549999713897705,325.91,-1300.31,87.21709,98.42156936787248,-17.25369,8.25,4.0,6.447098583436994,1815.0,3184.0
2013-05-02,186.359619140625,5999.35009765625,12709.802734375,1467.699951171875,53.79,7.723,7.518,1.63100004196167,0.6489999890327454,325.91,-1300.31,87.21709,98.42156936787248,-17.25369,8.25,4.0,6.447098583436994,1815.0,3184.0
2013-05-03,179.71925354003906,5944.0,12393.455078125,1464.300048828125,53.8,7.735,7.522,1.7519999742507937,0.7319999933242798,325.91,-1300.31,87.21709,98.42156936787248,-17.25369,8.25,4.0,6.447098583436994,1815.0,3184.0
2013-05-06,181.7391815185547,5971.0498046875,12396.255859375,1468.0999755859375,54.13,7.749,7.534,1.7710000276565552,0.7450000047683716,325.91,-1300.31,87.21709,98.42156936787248,-17.25369,8.25,4.0,6.447098583436994,1815.0,3184.0
2013-05-07,185.12696838378903,6043.5498046875,12631.353515625,1449.0,54.06,7.743,7.527,1.7829999923706057,0.75,325.91,-1300.31,87.21709,98.42156936787248,-17.25369,8.25,4.0,6.447098583436994,1815.0,3184.0
2013-05-08,184.1726837158203,6069.2998046875,12642.9033203125,1473.9000244140625,54.08,7.694,7.495,1.7599999904632568,0.7419999837875366,325.91,-1300.31,87.21709,98.42156936787248,-17.25369,8.25,4.0,6.447098583436994,1815.0,3184.0
2013-05-09,183.3296813964844,6050.14990234375,12596.1533203125,1468.800048828125,54.34,7.605,7.409,1.812999963760376,0.746999979019165,325.91,-1300.31,87.21709,98.42156936787248,-17.25369,8.25,4.0,6.447098583436994,1815.0,3184.0
2013-05-10,185.34963989257812,6094.75,12752.1513671875,1436.800048828125,54.94,7.586,7.428,1.899999976158142,0.8169999718666077,325.91,-1300.31,87.21709,98.42156936787248,-17.25369,8.25,4.0,6.447098583436994,1815.0,3184.0
2013-05-13,182.7173614501953,5980.4501953125,12568.703125,1434.5,54.85,7.585,7.467,1.9229999780654907,0.8230000138282776,325.91,-1300.31,87.21709,98.42156936787248,-17.25369,8.25,4.0,6.447098583436994,1815.0,3184.0
2013-05-14,182.50262451171875,5995.39990234375,12583.453125,1424.699951171875,54.5,7.472,7.322,1.9520000219345093,0.8429999947547913,325.91,-1300.31,87.21709,98.42156936787248,-17.25369,8.25,4.0,6.447098583436994,1815.0,3184.0
2013-05-15,189.4690399169922,6146.75,13077.748046875,1396.5,54.78,7.457,7.325,1.9429999589920044,0.8309999704360962,325.91,-1300.31,87.21709,98.42156936787248,-17.25369,8.25,4.0,6.447098583436994,1815.0,3184.0
2013-05-16,192.0536193847656,6169.89990234375,13239.2958984375,1387.0999755859375,54.68,7.391,7.278,1.8650000095367432,0.7730000019073486,325.91,-1300.31,87.21709,98.42156936787248,-17.25369,8.25,4.0,6.447098583436994,1815.0,3184.0
2013-05-17,195.7038421630859,6187.2998046875,13316.9453125,1364.9000244140625,55.17,7.404,7.321,1.9490000009536743,0.8299999833106995,325.91,-1300.31,87.21709,98.42156936787248,-17.25369,8.25,4.0,6.447098583436994,1815.0,3184.0
2013-05-20,192.41941833496097,6156.89990234375,13181.3466796875,1384.300048828125,55.02,7.338,7.282,1.965000033378601,0.8349999785423279,325.91,-1300.31,87.21709,98.42156936787248,-17.25369,8.25,4.0,6.447098583436994,1815.0,3184.0
2013-05-21,192.61032104492188,6114.10009765625,13066.34765625,1377.800048828125,55.42,7.351,7.289,1.944000005722046,0.8259999752044678,325.91,-1300.31,87.21709,98.42156936787248,-17.25369,8.25,4.0,6.447098583436994,1815.0,3184.0
2013-05-22,192.46714782714844,6094.5,13008.0986328125,1367.5999755859375,55.62,7.365,7.279,2.0260000228881836,0.890999972820282,325.91,-1300.31,87.21709,98.42156936787248,-17.25369,8.25,4.0,6.447098583436994,1815.0,3184.0
2013-05-23,186.45501708984375,5967.0498046875,12636.353515625,1392.0,55.7,7.382,7.295,2.0230000019073486,0.8939999938011169,325.91,-1300.31,87.21709,98.42156936787248,-17.25369,8.25,4.0,6.447098583436994,1815.0,3184.0
2013-05-24,191.52081298828125,5983.5498046875,12769.201171875,1386.800048828125,55.78,7.341,7.26,2.010999917984009,0.8880000114440918,325.91,-1300.31,87.21709,98.42156936787248,-17.25369,8.25,4.0,6.447098583436994,1815.0,3184.0
2013-05-27,193.94631958007812,6083.14990234375,12961.3994140625,1386.800048828125,55.78,7.335,7.27,2.010999917984009,0.8880000114440918,325.91,-1300.31,87.21709,98.42156936787248,-17.25369,8.25,4.0,6.447098583436994,1815.0,3184.0
2013-05-28,195.94239807128903,6111.25,12949.849609375,1379.0999755859375,56.07,7.356,7.274,2.134999990463257,0.9940000176429749,325.91,-1300.31,87.21709,98.42156936787248,-17.25369,8.25,4.0,6.447098583436994,1815.0,3184.0
2013-05-29,193.23060607910156,6104.2998046875,12853.05078125,1391.300048828125,56.28,7.39,7.301,2.124000072479248,0.9990000128746032,325.91,-1300.31,87.21709,98.42156936787248,-17.25369,8.25,4.0,6.447098583436994,1815.0,3184.0
2013-05-30,191.27389526367188,6124.0498046875,12805.751953125,1411.5,56.5,7.441,7.365,2.124000072479248,1.0140000581741333,325.91,-1300.31,87.21709,98.42156936787248,-17.25369,8.25,4.0,6.447098583436994,1815.0,3184.0
2013-05-31,186.68930053710935,5985.9501953125,12475.505859375,1392.5999755859375,56.5,7.443,7.376,2.1640000343322754,1.0529999732971191,325.91,-1300.31,87.21709,98.42156936787248,-17.25369,8.25,4.0,6.447098583436994,1815.0,3184.0
2013-06-03,185.1853790283203,5939.2998046875,12401.955078125,1411.699951171875,56.66,7.244,7.383,2.134000062942505,1.031999945640564,325.91,-1300.31,87.21709,98.42156936787248,-17.25369,8.25,4.0,6.447098583436994,1815.0,3184.0
2013-06-04,184.06149291992188,5919.4501953125,12274.95703125,1397.0999755859375,56.43,7.192,7.329,2.13700008392334,1.0449999570846558,325.91,-1300.31,87.21709,98.42156936787248,-17.25369,8.25,4.0,6.447098583436994,1815.0,3184.0
2013-06-05,183.4469451904297,5923.85009765625,12289.20703125,1398.4000244140625,56.84,7.208,7.341,2.0999999046325684,1.0230000019073486,325.91,-1300.31,87.21709,98.42156936787248,-17.25369,8.25,4.0,6.447098583436994,1815.0,3184.0
2013-06-06,186.7135772705078,5921.39990234375,12398.255859375,1415.699951171875,56.92,7.212,7.341,2.075000047683716,1.00600004196167,325.91,-1300.31,87.21709,98.42156936787248,-17.25369,8.25,4.0,6.447098583436994,1815.0,3184.0
2013-06-07,184.62747192382812,5881.0,12231.357421875,1383.0,56.57,7.242,7.372,2.1610000133514404,1.0859999656677246,325.91,-1300.31,87.21709,98.42156936787248,-17.25369,8.25,4.0,6.447098583436994,1815.0,3184.0
2013-06-10,180.7625274658203,5878.0,12086.9091796875,1386.199951171875,58.13,7.278,7.431,2.2149999141693115,1.125,325.91,-1300.31,87.21709,98.42156936787248,-17.25369,8.25,4.0,6.447098583436994,1815.0,3184.0
2013-06-11,174.0838165283203,5788.7998046875,11820.3623046875,1377.0,58.34,7.302,7.493,2.194999933242798,1.1119999885559082,325.91,-1300.31,87.21709,98.42156936787248,-17.25369,8.25,4.0,6.447098583436994,1815.0,3184.0
2013-06-12,174.85194396972656,5760.2001953125,11814.7119140625,1391.800048828125,57.82,7.291,7.492,2.2300000190734863,1.1410000324249268,325.91,-1300.31,87.21709,98.42156936787248,-17.25369,8.25,4.0,6.447098583436994,1815.0,3184.0
2013-06-13,172.8466796875,5699.10009765625,11686.6142578125,1377.5999755859375,58.07,7.331,7.505,2.174000024795532,1.097000002861023,325.91,-1300.31,87.21709,98.42156936787248,-17.25369,8.25,4.0,6.447098583436994,1815.0,3184.0
2013-06-14,178.2317352294922,5808.39990234375,11922.7109375,1387.300048828125,57.56,7.314,7.484,2.125999927520752,1.0210000276565552,325.91,-1300.31,87.21709,98.42156936787248,-17.25369,8.25,4.0,6.447098583436994,1815.0,3184.0
2013-06-17,178.1185302734375,5850.0498046875,11970.9111328125,1382.800048828125,57.97,7.255,7.437,2.1710000038146973,1.0449999570846558,325.91,-1300.31,87.21709,98.42156936787248,-17.25369,8.25,4.0,6.447098583436994,1815.0,3184.0
2013-06-18,176.4205322265625,5813.60009765625,11820.8125,1366.5999755859375,58.79,7.279,7.474,2.181999921798706,1.0520000457763672,325.91,-1300.31,87.21709,98.42156936787248,-17.25369,8.25,4.0,6.447098583436994,1815.0,3184.0
2013-06-19,175.73324584960938,5822.25,11852.5126953125,1373.5999755859375,58.7,7.263,7.469,2.311000108718872,1.2269999980926514,325.91,-1300.31,87.21709,98.42156936787248,-17.25369,8.25,4.0,6.447098583436994,1815.0,3184.0
2013-06-20,169.1758270263672,5655.89990234375,11375.2685546875,1285.9000244140625,59.57,7.393,7.649,2.4189999103546143,1.312999963760376,325.91,-1300.31,87.21709,98.42156936787248,-17.25369,8.25,4.0,6.447098583436994,1815.0,3184.0
2013-06-21,168.96560668945312,5667.64990234375,11340.0185546875,1291.5999755859375,59.43,7.433,7.628,2.513999938964844,1.406000018119812,325.91,-1300.31,87.21709,98.42156936787248,-17.25369,8.25,4.0,6.447098583436994,1815.0,3184.0
2013-06-24,169.6609344482422,5590.25,11178.169921875,1276.800048828125,59.8,7.518,7.696,2.5480000972747803,1.4450000524520874,325.91,-1300.31,87.21709,98.42156936787248,-17.25369,8.25,4.0,6.447098583436994,1815.0,3184.0
2013-06-25,167.0250244140625,5609.10009765625,11180.919921875,1274.800048828125,59.66,7.497,7.699,2.5889999866485596,1.4700000286102295,325.91,-1300.31,87.21709,98.42156936787248,-17.25369,8.25,4.0,6.447098583436994,1815.0,3184.0
2013-06-26,165.94155883789062,5588.7001953125,11066.4208984375,1229.5999755859375,60.7,7.579,7.835,2.5390000343322754,1.4270000457763672,325.91,-1300.31,87.21709,98.42156936787248,-17.25369,8.25,4.0,6.447098583436994,1815.0,3184.0
2013-06-27,166.65309143066406,5682.35009765625,11235.619140625,1211.4000244140625,60.19,7.557,7.805,2.4830000400543213,1.3899999856948853,325.91,-1300.31,87.21709,98.42156936787248,-17.25369,8.25,4.0,6.447098583436994,1815.0,3184.0
2013-06-28,173.15399169921875,5842.2001953125,11617.115234375,1223.800048828125,59.52,7.439,7.617,2.4779999256134033,1.3849999904632568,325.91,-1300.31,87.21709,98.42156936787248,-17.25369,8.25,4.0,6.447098583436994,1815.0,3184.0
2013-07-01,172.69308471679688,5898.85009765625,11714.7646484375,1255.9000244140625,59.38,7.455,7.668,2.490000009536743,1.3960000276565552,325.91,-1300.31,89.89480999999996,100.777886866551,-11.08988,9.25,4.0,7.337748908336139,1916.0,3329.0
2013-07-02,174.5042266845703,5857.5498046875,11614.115234375,1243.5999755859375,59.54,7.464,7.736,2.4690001010894775,1.378000020980835,325.91,-1300.31,89.89480999999996,100.777886866551,-11.08988,9.25,4.0,7.337748908336139,1916.0,3329.0
2013-07-03,172.0623779296875,5770.89990234375,11357.66796875,1252.0999755859375,60.21,7.502,7.8,2.500999927520752,1.4119999408721924,325.91,-1300.31,89.89480999999996,100.777886866551,-11.08988,9.25,4.0,7.337748908336139,1916.0,3329.0
2013-07-04,172.01388549804688,5836.9501953125,11381.068359375,1252.0999755859375,60.21,7.419,7.678,2.500999927520752,1.4119999408721924,325.91,-1300.31,89.89480999999996,100.777886866551,-11.08988,9.25,4.0,7.337748908336139,1916.0,3329.0
2013-07-05,170.04905700683594,5867.89990234375,11434.1669921875,1212.9000244140625,60.23,7.497,7.754,2.7149999141693115,1.5959999561309814,325.91,-1300.31,89.89480999999996,100.777886866551,-11.08988,9.25,4.0,7.337748908336139,1916.0,3329.0
2013-07-08,166.23263549804688,5811.5498046875,11283.1689453125,1234.9000244140625,60.75,7.572,7.82,2.6449999809265137,1.5080000162124634,325.91,-1300.31,89.89480999999996,100.777886866551,-11.08988,9.25,4.0,7.337748908336139,1916.0,3329.0
2013-07-09,167.26759338378906,5859.0,11442.3173828125,1245.9000244140625,60.09,7.548,7.843,2.630000114440918,1.4880000352859497,325.91,-1300.31,89.89480999999996,100.777886866551,-11.08988,9.25,4.0,7.337748908336139,1916.0,3329.0
2013-07-10,167.94680786132812,5816.7001953125,11364.318359375,1247.4000244140625,59.88,7.522,7.789,2.680000066757202,1.5190000534057615,325.91,-1300.31,89.89480999999996,100.777886866551,-11.08988,9.25,4.0,7.337748908336139,1916.0,3329.0
2013-07-11,171.0840301513672,5935.10009765625,11655.1640625,1280.0999755859375,59.82,7.47,7.746,2.5739998817443848,1.3960000276565552,325.91,-1300.31,89.89480999999996,100.777886866551,-11.08988,9.25,4.0,7.337748908336139,1916.0,3329.0
2013-07-12,171.480224609375,6009.0,11722.6630859375,1277.800048828125,59.88,7.535,7.8,2.6010000705718994,1.434000015258789,325.91,-1300.31,89.89480999999996,100.777886866551,-11.08988,9.25,4.0,7.337748908336139,1916.0,3329.0
2013-07-15,171.5853729248047,6030.7998046875,11790.11328125,1283.800048828125,59.89,7.55,7.848,2.555999994277954,1.3930000066757202,325.91,-1300.31,89.89480999999996,100.777886866551,-11.08988,9.25,4.0,7.337748908336139,1916.0,3329.0
2013-07-16,162.27069091796875,5955.25,11226.01953125,1290.800048828125,59.29,8.068,8.53,2.5320000648498535,1.3700000047683716,325.91,-1300.31,89.89480999999996,100.777886866551,-11.08988,9.25,4.0,7.337748908336139,1916.0,3329.0
2013-07-17,158.51893615722656,5973.2998046875,10971.4716796875,1277.9000244140625,59.34,8.052,8.451,2.490999937057495,1.315999984741211,325.91,-1300.31,89.89480999999996,100.777886866551,-11.08988,9.25,4.0,7.337748908336139,1916.0,3329.0
2013-07-18,159.1981658935547,6038.0498046875,11187.5703125,1284.5999755859375,59.59,7.987,8.345,2.5339999198913574,1.3359999656677246,325.91,-1300.31,89.89480999999996,100.777886866551,-11.08988,9.25,4.0,7.337748908336139,1916.0,3329.0
2013-07-19,155.13107299804688,6029.2001953125,10973.7724609375,1293.300048828125,59.37,7.939,8.294,2.490999937057495,1.3029999732971191,325.91,-1300.31,89.89480999999996,100.777886866551,-11.08988,9.25,4.0,7.337748908336139,1916.0,3329.0
2013-07-22,157.5810089111328,6031.7998046875,11086.8212890625,1336.4000244140625,59.71,8.087,8.452,2.48799991607666,1.3040000200271606,325.91,-1300.31,89.89480999999996,100.777886866551,-11.08988,9.25,4.0,7.337748908336139,1916.0,3329.0
2013-07-23,160.03904724121094,6077.7998046875,11239.5693359375,1335.0999755859375,59.64,8.175,8.628,2.5160000324249268,1.3170000314712524,325.91,-1300.31,89.89480999999996,100.777886866551,-11.08988,9.25,4.0,7.337748908336139,1916.0,3329.0
2013-07-24,153.91824340820312,5990.5,10720.025390625,1319.699951171875,59.14,8.424,8.944,2.5880000591278076,1.378000020980835,325.91,-1300.31,89.89480999999996,100.777886866551,-11.08988,9.25,4.0,7.337748908336139,1916.0,3329.0
2013-07-25,151.17718505859375,5907.5,10613.876953125,1329.0,59.01,8.193,8.721,2.6070001125335693,1.4210000038146973,325.91,-1300.31,89.89480999999996,100.777886866551,-11.08988,9.25,4.0,7.337748908336139,1916.0,3329.0
2013-07-26,150.64352416992188,5886.2001953125,10465.1279296875,1321.699951171875,59.08,8.162,8.636,2.561000108718872,1.3619999885559082,325.91,-1300.31,89.89480999999996,100.777886866551,-11.08988,9.25,4.0,7.337748908336139,1916.0,3329.0
2013-07-29,150.16647338867188,5831.64990234375,10330.8798828125,1328.4000244140625,59.33,8.129,8.696,2.5850000381469727,1.375,325.91,-1300.31,89.89480999999996,100.777886866551,-11.08988,9.25,4.0,7.337748908336139,1916.0,3329.0
2013-07-30,149.75411987304688,5755.0498046875,10209.4306640625,1324.0,60.8,8.255,8.83,2.6029999256134033,1.3880000114440918,325.91,-1300.31,89.89480999999996,100.777886866551,-11.08988,9.25,4.0,7.337748908336139,1916.0,3329.0
2013-07-31,147.00502014160156,5742.0,10015.6337890625,1312.4000244140625,60.77,8.172,8.858,2.5929999351501465,1.3910000324249268,325.91,-1300.31,89.89480999999996,100.777886866551,-11.08988,9.25,4.0,7.337748908336139,1916.0,3329.0
2013-08-01,147.8378143310547,5727.85009765625,10142.83203125,1311.0,60.45,8.065,8.75,2.7230000495910645,1.5,325.91,-1300.31,90.65987,102.318556000302,-10.08294,10.25,4.0,7.337748908336139,1916.0,3329.0
2013-08-02,143.45538330078125,5677.89990234375,9997.68359375,1310.5999755859375,60.88,8.283,8.8,2.6019999980926514,1.3589999675750732,325.91,-1300.31,90.65987,102.318556000302,-10.08294,10.25,4.0,7.337748908336139,1916.0,3329.0
2013-08-05,145.9376983642578,5685.39990234375,10094.783203125,1302.5999755859375,60.88,8.201,8.793,2.640000104904175,1.3899999856948853,325.91,-1300.31,90.65987,102.318556000302,-10.08294,10.25,4.0,7.337748908336139,1916.0,3329.0
2013-08-06,140.099853515625,5542.25,9702.9873046875,1283.199951171875,60.78,8.198,8.834,2.6419999599456787,1.3880000114440918,325.91,-1300.31,90.65987,102.318556000302,-10.08294,10.25,4.0,7.337748908336139,1916.0,3329.0
2013-08-07,140.40711975097656,5519.10009765625,9757.13671875,1286.0999755859375,61.2,8.138,8.807,2.5999999046325684,1.3669999837875366,325.91,-1300.31,90.65987,102.318556000302,-10.08294,10.25,4.0,7.337748908336139,1916.0,3329.0
2013-08-08,141.5067596435547,5565.64990234375,9816.2861328125,1310.699951171875,60.72,8.125,8.744,2.586999893188477,1.3569999933242798,325.91,-1300.31,90.65987,102.318556000302,-10.08294,10.25,4.0,7.337748908336139,1916.0,3329.0
2013-08-09,141.5067596435547,5565.64990234375,9816.2861328125,1312.9000244140625,60.34,8.126,8.744,2.5799999237060547,1.3569999933242798,325.91,-1300.31,90.65987,102.318556000302,-10.08294,10.25,4.0,7.337748908336139,1916.0,3329.0
2013-08-12,140.21304321289062,5612.39990234375,9711.287109375,1334.699951171875,61.15,8.297,8.947,2.6050000190734863,1.371999979019165,325.91,-1300.31,90.65987,102.318556000302,-10.08294,10.25,4.0,7.337748908336139,1916.0,3329.0
2013-08-13,144.33673095703125,5699.2998046875,9985.5341796875,1321.199951171875,61.33,8.398,8.988,2.7149999141693115,1.475000023841858,325.91,-1300.31,90.65987,102.318556000302,-10.08294,10.25,4.0,7.337748908336139,1916.0,3329.0
2013-08-14,146.50372314453125,5742.2998046875,10026.2841796875,1334.0,61.27,8.499,9.07,2.711999893188477,1.468000054359436,325.91,-1300.31,90.65987,102.318556000302,-10.08294,10.25,4.0,7.337748908336139,1916.0,3329.0
2013-08-15,146.50372314453125,5742.2998046875,10026.2841796875,1361.5999755859375,61.41,8.502,9.07,2.755000114440918,1.5130000114440918,325.91,-1300.31,90.65987,102.318556000302,-10.08294,10.25,4.0,7.337748908336139,1916.0,3329.0
2013-08-16,138.84658813476562,5507.85009765625,9450.740234375,1371.699951171875,61.65,8.884,9.339,2.8289999961853027,1.569000005722046,325.91,-1300.31,90.65987,102.318556000302,-10.08294,10.25,4.0,7.337748908336139,1916.0,3329.0
2013-08-19,131.85250854492188,5414.75,9144.8935546875,1366.199951171875,63.13,9.228,9.707,2.884000062942505,1.6109999418258667,325.91,-1300.31,90.65987,102.318556000302,-10.08294,10.25,4.0,7.337748908336139,1916.0,3329.0
2013-08-20,134.28627014160156,5401.4501953125,9218.8427734375,1373.0999755859375,63.21,8.903,9.41,2.813999891281128,1.5429999828338623,325.91,-1300.31,90.65987,102.318556000302,-10.08294,10.25,4.0,7.337748908336139,1916.0,3329.0
2013-08-21,134.1488494873047,5302.5498046875,9264.29296875,1370.5999755859375,64.11,8.408,8.963,2.8550000190734863,1.6059999465942385,325.91,-1300.31,90.65987,102.318556000302,-10.08294,10.25,4.0,7.337748908336139,1916.0,3329.0
2013-08-22,134.3994598388672,5408.4501953125,9268.79296875,1371.199951171875,64.55,8.234,8.931,2.9010000228881836,1.6859999895095823,325.91,-1300.31,90.65987,102.318556000302,-10.08294,10.25,4.0,7.337748908336139,1916.0,3329.0
2013-08-23,137.9490966796875,5471.75,9469.9892578125,1395.699951171875,63.22,8.264,8.993,2.818000078201294,1.6330000162124634,325.91,-1300.31,90.65987,102.318556000302,-10.08294,10.25,4.0,7.337748908336139,1916.0,3329.0
2013-08-26,134.29437255859375,5476.5,9373.4404296875,1393.0,64.26,8.339,8.936,2.805000066757202,1.6050000190734863,325.91,-1300.31,90.65987,102.318556000302,-10.08294,10.25,4.0,7.337748908336139,1916.0,3329.0
2013-08-27,129.79067993164062,5287.4501953125,8870.396484375,1420.5999755859375,66.24,8.785,9.239,2.7209999561309814,1.531999945640564,325.91,-1300.31,90.65987,102.318556000302,-10.08294,10.25,4.0,7.337748908336139,1916.0,3329.0
2013-08-28,128.7799835205078,5285.0,8760.748046875,1419.0,68.8,8.961,9.381,2.7820000648498535,1.5889999866485596,325.91,-1300.31,90.65987,102.318556000302,-10.08294,10.25,4.0,7.337748908336139,1916.0,3329.0
2013-08-29,130.5345458984375,5409.0498046875,8904.49609375,1412.9000244140625,66.55,8.769,9.319,2.750999927520752,1.5980000495910645,325.91,-1300.31,90.65987,102.318556000302,-10.08294,10.25,4.0,7.337748908336139,1916.0,3329.0
2013-08-30,129.9766387939453,5471.7998046875,9049.0947265625,1396.0999755859375,65.71,8.596,9.349,2.749000072479248,1.60099995136261,325.91,-1300.31,90.65987,102.318556000302,-10.08294,10.25,4.0,7.337748908336139,1916.0,3329.0
2013-09-02,133.67176818847656,5550.75,9139.3935546875,1396.0999755859375,65.71,8.463,9.104,2.749000072479248,1.60099995136261,325.91,-1300.31,90.65987,102.318556000302,-10.08294,10.25,4.0,7.337748908336139,1916.0,3329.0
2013-09-03,126.71004486083984,5341.4501953125,8664.099609375,1412.0,67.71,8.58,9.127,2.8480000495910645,1.6720000505447388,325.91,-1300.31,90.65987,102.318556000302,-10.08294,10.25,4.0,7.337748908336139,1916.0,3329.0
2013-09-04,132.24061584472656,5448.10009765625,8845.6474609375,1389.9000244140625,67.08,8.386,9.027,2.8970000743865967,1.741000056266785,325.91,-1300.31,90.65987,102.318556000302,-10.08294,10.25,4.0,7.337748908336139,1916.0,3329.0
2013-09-05,144.52272033691406,5592.9501953125,9682.2880859375,1373.0999755859375,66.01,8.418,8.903,2.9790000915527344,1.8359999656677248,325.91,-1300.31,90.65987,102.318556000302,-10.08294,10.25,4.0,7.337748908336139,1916.0,3329.0
2013-09-06,154.98553466796875,5680.39990234375,9961.2841796875,1386.699951171875,65.23,8.631,8.989,2.937999963760376,1.7680000066757202,325.91,-1300.31,90.65987,102.318556000302,-10.08294,10.25,4.0,7.337748908336139,1916.0,3329.0
2013-09-09,154.98553466796875,5680.39990234375,9961.2841796875,1386.800048828125,65.24,8.631,8.989,2.8970000743865967,1.7039999961853027,325.91,-1300.31,90.65987,102.318556000302,-10.08294,10.25,4.0,7.337748908336139,1916.0,3329.0
2013-09-10,156.7967071533203,5896.75,10188.1318359375,1364.0999755859375,63.83,8.473,9.034,2.9590001106262207,1.7619999647140503,325.91,-1300.31,90.65987,102.318556000302,-10.08294,10.25,4.0,7.337748908336139,1916.0,3329.0
2013-09-11,156.82095336914062,5913.14990234375,10368.9794921875,1363.9000244140625,63.26,8.464,8.965,2.9200000762939453,1.7079999446868896,325.91,-1300.31,90.65987,102.318556000302,-10.08294,10.25,4.0,7.337748908336139,1916.0,3329.0
2013-09-12,153.82118225097656,5850.7001953125,10158.431640625,1330.4000244140625,63.42,8.5,9.007,2.9070000648498535,1.7059999704360962,325.91,-1300.31,90.65987,102.318556000302,-10.08294,10.25,4.0,7.337748908336139,1916.0,3329.0
2013-09-13,152.3253631591797,5850.60009765625,10180.33203125,1308.4000244140625,63.36,8.487,8.993,2.8980000019073486,1.7050000429153442,325.91,-1300.31,90.65987,102.318556000302,-10.08294,10.25,4.0,7.337748908336139,1916.0,3329.0
2013-09-16,156.85328674316406,5840.5498046875,10368.2802734375,1317.9000244140625,62.83,8.429,8.946,2.874000072479248,1.6349999904632568,325.91,-1300.31,90.65987,102.318556000302,-10.08294,10.25,4.0,7.337748908336139,1916.0,3329.0
2013-09-17,155.64044189453125,5850.2001953125,10279.48046875,1309.5,63.36,8.438,8.941,2.8529999256134033,1.6100000143051147,325.91,-1300.31,90.65987,102.318556000302,-10.08294,10.25,4.0,7.337748908336139,1916.0,3329.0
2013-09-18,157.36273193359375,5899.4501953125,10447.728515625,1307.800048828125,63.37,8.372,8.778,2.7079999446868896,1.4359999895095823,325.91,-1300.31,90.65987,102.318556000302,-10.08294,10.25,4.0,7.337748908336139,1916.0,3329.0
2013-09-19,167.57484436035156,6115.5498046875,11148.5205078125,1369.4000244140625,61.76,8.193,8.553,2.747999906539917,1.4789999723434448,325.91,-1300.31,90.65987,102.318556000302,-10.08294,10.25,4.0,7.337748908336139,1916.0,3329.0
2013-09-20,159.65093994140625,6012.10009765625,10686.67578125,1332.5,62.27,8.578,8.917,2.7320001125335693,1.4739999771118164,325.91,-1300.31,90.65987,102.318556000302,-10.08294,10.25,4.0,7.337748908336139,1916.0,3329.0
2013-09-23,152.5436553955078,5889.75,10211.5810546875,1326.9000244140625,62.57,8.851,9.001,2.7139999866485596,1.462000012397766,325.91,-1300.31,90.65987,102.318556000302,-10.08294,10.25,4.0,7.337748908336139,1916.0,3329.0
2013-09-24,152.79434204101562,5892.4501953125,10175.7822265625,1316.0,62.72,8.839,8.829,2.6530001163482666,1.4179999828338623,325.91,-1300.31,90.65987,102.318556000302,-10.08294,10.25,4.0,7.337748908336139,1916.0,3329.0
2013-09-25,151.23377990722656,5873.85009765625,10081.5830078125,1335.9000244140625,62.2,8.786,8.849,2.614000082015991,1.38100004196167,325.91,-1300.31,90.65987,102.318556000302,-10.08294,10.25,4.0,7.337748908336139,1916.0,3329.0
2013-09-26,152.9964599609375,5882.25,10098.1328125,1323.5999755859375,61.68,8.718,8.78,2.6429998874664307,1.4299999475479126,325.91,-1300.31,90.65987,102.318556000302,-10.08294,10.25,4.0,7.337748908336139,1916.0,3329.0
2013-09-27,149.3094024658203,5833.2001953125,9899.634765625,1338.4000244140625,62.48,8.71,8.782,2.61899995803833,1.3960000276565552,325.91,-1300.31,90.65987,102.318556000302,-10.08294,10.25,4.0,7.337748908336139,1916.0,3329.0
2013-09-30,142.89749145507812,5735.2998046875,9617.6884765625,1326.5,62.58,8.766,8.849,2.615000009536743,1.3880000114440918,325.91,-1300.31,90.65987,102.318556000302,-10.08294,10.25,4.0,7.337748908336139,1916.0,3329.0
2013-10-01,147.27989196777344,5780.0498046875,9883.1845703125,1286.0,62.46,8.728,8.783,2.6459999084472656,1.4220000505447388,325.91,-1300.31,92.18999,103.859225134053,-8.638562,9.125,4.0,6.534982364594044,2290.0,3610.0
2013-10-02,147.27989196777344,5780.0498046875,9883.1845703125,1320.5999755859375,62.46,8.735,8.783,2.625999927520752,1.3899999856948853,325.91,-1300.31,92.18999,103.859225134053,-8.638562,9.125,4.0,6.534982364594044,2290.0,3610.0
2013-10-03,151.66233825683594,5909.7001953125,10222.8310546875,1317.4000244140625,61.97,8.635,8.659,2.6059999465942383,1.3639999628067017,325.91,-1300.31,92.18999,103.859225134053,-8.638562,9.125,4.0,6.534982364594044,2290.0,3610.0
2013-10-04,150.4899444580078,5907.2998046875,10197.0322265625,1309.699951171875,61.42,8.613,8.622,2.6519999504089355,1.409000039100647,325.91,-1300.31,92.18999,103.859225134053,-8.638562,9.125,4.0,6.534982364594044,2290.0,3610.0
2013-10-07,148.1612548828125,5906.14990234375,10081.982421875,1324.800048828125,61.79,8.683,8.647,2.634000062942505,1.406000018119812,325.91,-1300.31,92.18999,103.859225134053,-8.638562,9.125,4.0,6.534982364594044,2290.0,3610.0
2013-10-08,151.54104614257812,5928.39990234375,10141.33203125,1324.199951171875,61.79,8.496,8.44,2.635999917984009,1.4210000038146973,325.91,-1300.31,92.18999,103.859225134053,-8.638562,9.125,4.0,6.534982364594044,2290.0,3610.0
2013-10-09,153.69180297851562,6007.4501953125,10334.830078125,1306.9000244140625,61.92,8.455,8.441,2.6500000953674316,1.412999987602234,325.91,-1300.31,92.18999,103.859225134053,-8.638562,9.125,4.0,6.534982364594044,2290.0,3610.0
2013-10-10,153.31179809570312,6020.9501953125,10288.8310546875,1296.5999755859375,61.3,8.421,8.441,2.684999942779541,1.434000015258789,325.91,-1300.31,92.18999,103.859225134053,-8.638562,9.125,4.0,6.534982364594044,2290.0,3610.0
2013-10-11,161.23570251464844,6096.2001953125,10622.02734375,1268.0,61.07,8.489,8.442,2.681999921798706,1.412999987602234,325.91,-1300.31,92.18999,103.859225134053,-8.638562,9.125,4.0,6.534982364594044,2290.0,3610.0
2013-10-14,161.25189208984375,6112.7001953125,10665.1259765625,1276.4000244140625,61.07,8.575,8.522,2.690999984741211,1.4190000295639038,325.91,-1300.31,92.18999,103.859225134053,-8.638562,9.125,4.0,6.534982364594044,2290.0,3610.0
2013-10-15,157.59718322753906,6089.0498046875,10389.12890625,1273.0,61.84,8.66,8.615,2.7200000286102295,1.430999994277954,325.91,-1300.31,92.18999,103.859225134053,-8.638562,9.125,4.0,6.534982364594044,2290.0,3610.0
2013-10-16,157.59718322753906,6089.0498046875,10389.12890625,1282.0,61.72,8.663,8.615,2.6710000038146973,1.3949999809265137,325.91,-1300.31,92.18999,103.859225134053,-8.638562,9.125,4.0,6.534982364594044,2290.0,3610.0
2013-10-17,156.03665161132812,6045.85009765625,10336.4296875,1322.699951171875,61.13,8.602,8.609,2.586999893188477,1.3240000009536743,325.91,-1300.31,92.18999,103.859225134053,-8.638562,9.125,4.0,6.534982364594044,2290.0,3610.0
2013-10-18,163.14393615722656,6189.35009765625,10744.775390625,1314.4000244140625,61.26,8.552,8.54,2.5889999866485596,1.337000012397766,325.91,-1300.31,92.18999,103.859225134053,-8.638562,9.125,4.0,6.534982364594044,2290.0,3610.0
2013-10-21,163.3703155517578,6204.9501953125,10797.423828125,1315.699951171875,61.56,8.604,8.541,2.6089999675750732,1.3569999933242798,325.91,-1300.31,92.18999,103.859225134053,-8.638562,9.125,4.0,6.534982364594044,2290.0,3610.0
2013-10-22,163.35415649414062,6202.7998046875,10808.9736328125,1342.5,61.64,8.606,8.541,2.51200008392334,1.2829999923706057,325.91,-1300.31,92.18999,103.859225134053,-8.638562,9.125,4.0,6.534982364594044,2290.0,3610.0
2013-10-23,165.8768768310547,6178.35009765625,10880.5244140625,1333.9000244140625,61.54,8.631,8.583,2.484999895095825,1.2730000019073486,325.91,-1300.31,92.18999,103.859225134053,-8.638562,9.125,4.0,6.534982364594044,2290.0,3610.0
2013-10-24,165.09254455566406,6164.35009765625,10902.3232421875,1350.199951171875,61.48,8.583,8.555,2.5220000743865967,1.3040000200271606,325.91,-1300.31,92.18999,103.859225134053,-8.638562,9.125,4.0,6.534982364594044,2290.0,3610.0
2013-10-25,165.30279541015625,6144.89990234375,10896.373046875,1352.4000244140625,61.4,8.579,8.551,2.503000020980835,1.277999997138977,325.91,-1300.31,92.18999,103.859225134053,-8.638562,9.125,4.0,6.534982364594044,2290.0,3610.0
2013-10-28,164.13845825195312,6101.10009765625,10773.0751953125,1352.0,61.54,8.656,8.604,2.51200008392334,1.2799999713897705,325.91,-1300.31,92.18999,103.859225134053,-8.638562,9.125,4.0,6.534982364594044,2290.0,3610.0
2013-10-29,173.78460693359375,6220.89990234375,11241.51953125,1345.199951171875,61.34,8.535,8.515,2.506999969482422,1.2660000324249268,325.91,-1300.31,92.18999,103.859225134053,-8.638562,9.125,4.0,6.534982364594044,2290.0,3610.0
2013-10-30,177.7223358154297,6251.7001953125,11249.21875,1349.0,61.09,8.573,8.529,2.5269999504089355,1.3079999685287476,325.91,-1300.31,92.18999,103.859225134053,-8.638562,9.125,4.0,6.534982364594044,2290.0,3610.0
2013-10-31,181.27194213867188,6299.14990234375,11473.0166015625,1323.5999755859375,61.61,8.625,8.543,2.5420000553131104,1.315000057220459,325.91,-1300.31,92.18999,103.859225134053,-8.638562,9.125,4.0,6.534982364594044,2290.0,3610.0
2013-11-01,183.2933349609375,6307.2001953125,11628.515625,1313.0999755859375,61.84,8.7,8.572,2.619999885559082,1.3730000257492063,325.91,-1300.31,92.95506,103.587342345744,-8.169988,8.75,4.0,6.534982364594044,2290.0,3610.0
2013-11-04,183.2933349609375,6307.2001953125,11628.515625,1314.5999755859375,61.74,8.705,8.572,2.6019999980926514,1.35099995136261,325.91,-1300.31,92.95506,103.587342345744,-8.169988,8.75,4.0,6.534982364594044,2290.0,3610.0
2013-11-05,177.23721313476562,6253.14990234375,11498.7666015625,1308.0,61.76,8.737,8.587,2.6619999408721924,1.3799999952316284,325.91,-1300.31,92.95506,103.587342345744,-8.169988,8.75,4.0,6.534982364594044,2290.0,3610.0
2013-11-06,174.7144775390625,6215.14990234375,11292.4189453125,1317.699951171875,62.48,8.82,8.657,2.640000104904175,1.3350000381469729,325.91,-1300.31,92.95506,103.587342345744,-8.169988,8.75,4.0,6.534982364594044,2290.0,3610.0
2013-11-07,170.03289794921875,6187.25,11054.771484375,1308.4000244140625,62.41,8.849,8.649,2.61299991607666,1.312999963760376,325.91,-1300.31,92.95506,103.587342345744,-8.169988,8.75,4.0,6.534982364594044,2290.0,3610.0
2013-11-08,169.78225708007812,6140.75,10913.0234375,1284.5,62.48,8.99,8.743,2.746000051498413,1.4170000553131104,325.91,-1300.31,92.95506,103.587342345744,-8.169988,8.75,4.0,6.534982364594044,2290.0,3610.0
2013-11-11,167.72848510742188,6078.7998046875,10758.3251953125,1281.0,62.48,8.954,8.801,2.750999927520752,1.4149999618530271,325.91,-1300.31,92.95506,103.587342345744,-8.169988,8.75,4.0,6.534982364594044,2290.0,3610.0
2013-11-12,163.7746124267578,6018.0498046875,10582.9267578125,1271.0999755859375,63.73,9.053,8.872,2.7679998874664307,1.4500000476837158,325.91,-1300.31,92.95506,103.587342345744,-8.169988,8.75,4.0,6.534982364594044,2290.0,3610.0
2013-11-13,164.122314453125,5989.60009765625,10523.2275390625,1268.300048828125,63.28,8.918,8.773,2.7249999046325684,1.3969999551773071,325.91,-1300.31,92.95506,103.587342345744,-8.169988,8.75,4.0,6.534982364594044,2290.0,3610.0
2013-11-14,170.13800048828125,6056.14990234375,10811.07421875,1286.199951171875,63.12,9.024,8.875,2.7019999027252197,1.337000012397766,325.91,-1300.31,92.95506,103.587342345744,-8.169988,8.75,4.0,6.534982364594044,2290.0,3610.0
2013-11-15,170.13800048828125,6056.14990234375,10811.07421875,1287.300048828125,62.97,9.024,8.875,2.7090001106262207,1.350000023841858,325.91,-1300.31,92.95506,103.587342345744,-8.169988,8.75,4.0,6.534982364594044,2290.0,3610.0
2013-11-18,173.6229248046875,6189.0,11142.169921875,1272.199951171875,62.07,9.0,8.661,2.677999973297119,1.3200000524520874,325.91,-1300.31,92.95506,103.587342345744,-8.169988,8.75,4.0,6.534982364594044,2290.0,3610.0
2013-11-19,175.45835876464844,6203.35009765625,11187.7197265625,1273.4000244140625,62.26,9.009,8.591,2.711999893188477,1.3580000400543213,325.91,-1300.31,92.95506,103.587342345744,-8.169988,8.75,4.0,6.534982364594044,2290.0,3610.0
2013-11-20,169.6609344482422,6122.89990234375,10967.0224609375,1257.9000244140625,62.34,9.035,8.591,2.7920000553131104,1.3600000143051147,325.91,-1300.31,92.95506,103.587342345744,-8.169988,8.75,4.0,6.534982364594044,2290.0,3610.0
2013-11-21,166.60459899902344,5999.0498046875,10706.7763671875,1243.5,62.94,9.077,8.592,2.7839999198913574,1.3630000352859497,325.91,-1300.31,92.95506,103.587342345744,-8.169988,8.75,4.0,6.534982364594044,2290.0,3610.0
2013-11-22,165.0359649658203,5995.4501953125,10677.2255859375,1244.0,62.72,9.099,8.593,2.752000093460083,1.3530000448226929,325.91,-1300.31,92.95506,103.587342345744,-8.169988,8.75,4.0,6.534982364594044,2290.0,3610.0
2013-11-25,173.7765655517578,6115.35009765625,11083.271484375,1241.0999755859375,62.37,9.087,8.661,2.740999937057495,1.3420000076293943,325.91,-1300.31,92.95506,103.587342345744,-8.169988,8.75,4.0,6.534982364594044,2290.0,3610.0
2013-11-26,168.78770446777344,6059.10009765625,10909.22265625,1241.4000244140625,62.47,9.042,8.679,2.696000099182129,1.3020000457763672,325.91,-1300.31,92.95506,103.587342345744,-8.169988,8.75,4.0,6.534982364594044,2290.0,3610.0
2013-11-27,168.60983276367188,6057.10009765625,10899.1728515625,1237.800048828125,62.47,8.996,8.636,2.736000061035156,1.3619999885559082,325.91,-1300.31,92.95506,103.587342345744,-8.169988,8.75,4.0,6.534982364594044,2290.0,3610.0
2013-11-28,167.87403869628906,6091.85009765625,10906.623046875,1237.800048828125,62.47,9.014,8.685,2.736000061035156,1.3619999885559082,325.91,-1300.31,92.95506,103.587342345744,-8.169988,8.75,4.0,6.534982364594044,2290.0,3610.0
2013-11-29,172.81436157226562,6176.10009765625,11153.8203125,1250.5999755859375,62.39,9.044,8.666,2.740999937057495,1.3669999837875366,325.91,-1300.31,92.95506,103.587342345744,-8.169988,8.75,4.0,6.534982364594044,2290.0,3610.0
2013-12-02,175.99203491210938,6217.85009765625,11284.21875,1222.300048828125,62.3,9.048,8.681,2.8010001182556152,1.4210000038146973,325.91,-1300.31,92.95506,103.587342345744,-8.169988,8.75,4.0,6.534982364594044,2290.0,3610.0
2013-12-03,175.52304077148438,6201.85009765625,11211.169921875,1221.699951171875,62.38,9.069,8.63,2.7750000953674316,1.3910000324249268,325.91,-1300.31,92.95506,103.587342345744,-8.169988,8.75,4.0,6.534982364594044,2290.0,3610.0
2013-12-04,172.42623901367188,6160.9501953125,11156.6201171875,1248.199951171875,61.9,9.09,8.636,2.8410000801086426,1.4420000314712524,325.91,-1300.31,92.95506,103.587342345744,-8.169988,8.75,4.0,6.534982364594044,2290.0,3610.0
2013-12-05,183.68148803710935,6241.10009765625,11664.9638671875,1233.199951171875,61.6,9.108,8.625,2.861999988555908,1.475000023841858,325.91,-1300.31,92.95506,103.587342345744,-8.169988,8.75,4.0,6.534982364594044,2290.0,3610.0
2013-12-06,184.9832305908203,6259.89990234375,11720.064453125,1230.300048828125,61.43,9.165,8.698,2.882999897003174,1.5049999952316284,325.91,-1300.31,92.95506,103.587342345744,-8.169988,8.75,4.0,6.534982364594044,2290.0,3610.0
2013-12-09,194.33023071289065,6363.89990234375,12065.759765625,1235.300048828125,60.87,8.904,8.959,2.8570001125335693,1.496999979019165,325.91,-1300.31,92.95506,103.587342345744,-8.169988,8.75,4.0,6.534982364594044,2290.0,3610.0
2013-12-10,187.32000732421875,6332.85009765625,11843.3125,1262.4000244140625,61.04,8.835,8.893,2.796999931335449,1.4490000009536743,325.91,-1300.31,92.95506,103.587342345744,-8.169988,8.75,4.0,6.534982364594044,2290.0,3610.0
2013-12-11,187.32000732421875,6307.89990234375,11784.212890625,1258.5,61.38,8.826,8.911,2.8440001010894775,1.4889999628067017,325.91,-1300.31,92.95506,103.587342345744,-8.169988,8.75,4.0,6.534982364594044,2290.0,3610.0
2013-12-12,183.15589904785156,6237.0498046875,11635.365234375,1226.0,61.85,8.85,8.921,2.877000093460083,1.531999945640564,325.91,-1300.31,92.95506,103.587342345744,-8.169988,8.75,4.0,6.534982364594044,2290.0,3610.0
2013-12-13,175.45835876464844,6168.39990234375,11366.7685546875,1235.699951171875,62.16,8.911,8.992,2.868000030517578,1.531999945640564,325.91,-1300.31,92.95506,103.587342345744,-8.169988,8.75,4.0,6.534982364594044,2290.0,3610.0
2013-12-16,177.4878692626953,6154.7001953125,11372.818359375,1245.5,61.68,8.865,8.968,2.877000093460083,1.531000018119812,325.91,-1300.31,92.95506,103.587342345744,-8.169988,8.75,4.0,6.534982364594044,2290.0,3610.0
2013-12-17,177.609130859375,6139.0498046875,11208.5205078125,1231.199951171875,61.92,8.915,9.015,2.8429999351501465,1.4950000047683716,325.91,-1300.31,92.95506,103.587342345744,-8.169988,8.75,4.0,6.534982364594044,2290.0,3610.0
2013-12-18,177.20486450195312,6217.14990234375,11357.7685546875,1236.0999755859375,62.06,8.784,8.895,2.884999990463257,1.5149999856948853,325.91,-1300.31,92.95506,103.587342345744,-8.169988,8.75,4.0,6.534982364594044,2290.0,3610.0
2013-12-19,171.98153686523438,6166.64990234375,11087.3212890625,1195.0,62.14,8.743,8.834,2.924999952316284,1.6440000534057615,325.91,-1300.31,92.95506,103.587342345744,-8.169988,8.75,4.0,6.534982364594044,2290.0,3610.0
2013-12-20,175.89498901367188,6274.25,11292.21875,1205.0999755859375,61.98,8.797,8.88,2.88700008392334,1.6699999570846558,325.91,-1300.31,92.95506,103.587342345744,-8.169988,8.75,4.0,6.534982364594044,2290.0,3610.0
2013-12-23,177.56871032714844,6284.5,11378.3681640625,1198.4000244140625,61.83,8.817,8.935,2.928999900817871,1.6929999589920044,325.91,-1300.31,92.95506,103.587342345744,-8.169988,8.75,4.0,6.534982364594044,2290.0,3610.0
2013-12-24,177.6980743408203,6268.39990234375,11330.5185546875,1205.0999755859375,61.75,8.866,8.971,2.9830000400543213,1.741000056266785,325.91,-1300.31,92.95506,103.587342345744,-8.169988,8.75,4.0,6.534982364594044,2290.0,3610.0
2013-12-25,177.6980743408203,6268.39990234375,11330.5185546875,1205.0999755859375,61.75,8.869,8.971,2.9830000400543213,1.741000056266785,325.91,-1300.31,92.95506,103.587342345744,-8.169988,8.75,4.0,6.534982364594044,2290.0,3610.0
2013-12-26,177.82742309570312,6278.89990234375,11385.6171875,1214.0999755859375,62.15,8.889,8.994,2.990000009536743,1.741000056266785,325.91,-1300.31,92.95506,103.587342345744,-8.169988,8.75,4.0,6.534982364594044,2290.0,3610.0
2013-12-27,179.54159545898438,6313.7998046875,11459.5673828125,1216.0999755859375,61.92,8.959,9.055,3.00600004196167,1.74399995803833,325.91,-1300.31,92.95506,103.587342345744,-8.169988,8.75,4.0,6.534982364594044,2290.0,3610.0
2013-12-30,177.35040283203125,6291.10009765625,11375.8681640625,1203.0999755859375,61.77,8.858,8.951,2.9760000705718994,1.7109999656677246,325.91,-1300.31,92.95506,103.587342345744,-8.169988,8.75,4.0,6.534982364594044,2290.0,3610.0
2013-12-31,177.68194580078125,6304.0,11385.1171875,1201.9000244140625,61.92,8.82,8.934,3.0260000228881836,1.7480000257492063,325.91,-1300.31,92.95506,103.587342345744,-8.169988,8.75,4.0,6.534982364594044,2290.0,3610.0
2014-01-01,177.51211547851562,6304.0,11385.466796875,1201.9000244140625,61.92,8.844,8.948,3.0260000228881836,1.7480000257492063,325.91,-1300.31,90.65987,102.952949173023,-9.702662,8.8,4.0,5.342980266813324,2304.0,3877.0
2014-01-02,173.93826293945312,6221.14990234375,11183.0703125,1225.0,62.31,8.84,8.941,2.984999895095825,1.715999960899353,325.91,-1300.31,90.65987,102.952949173023,-9.702662,8.8,4.0,5.342980266813324,2304.0,3877.0
2014-01-03,172.51516723632812,6211.14990234375,11181.5205078125,1238.4000244140625,62.17,8.834,8.93,2.994999885559082,1.7269999980926514,325.91,-1300.31,90.65987,102.952949173023,-9.702662,8.8,4.0,5.342980266813324,2304.0,3877.0
2014-01-06,168.31063842773438,6191.4501953125,11048.9208984375,1237.800048828125,62.31,8.783,8.881,2.9609999656677246,1.6970000267028809,325.91,-1300.31,90.65987,102.952949173023,-9.702662,8.8,4.0,5.342980266813324,2304.0,3877.0
2014-01-07,169.7984161376953,6162.25,11036.6220703125,1229.4000244140625,62.3,8.789,8.892,2.937000036239624,1.6740000247955322,325.91,-1300.31,90.65987,102.952949173023,-9.702662,8.8,4.0,5.342980266813324,2304.0,3877.0
2014-01-08,170.49375915527344,6174.60009765625,11053.5712890625,1225.300048828125,62.07,8.801,8.905,2.993000030517578,1.7599999904632568,325.91,-1300.31,90.65987,102.952949173023,-9.702662,8.8,4.0,5.342980266813324,2304.0,3877.0
2014-01-09,169.93585205078125,6168.35009765625,10970.322265625,1229.300048828125,62.07,8.79,8.883,2.9630000591278076,1.7450000047683716,325.91,-1300.31,90.65987,102.952949173023,-9.702662,8.8,4.0,5.342980266813324,2304.0,3877.0
2014-01-10,165.6747283935547,6171.4501953125,10805.173828125,1246.699951171875,61.45,8.758,8.848,2.859999895095825,1.6230000257492063,325.91,-1300.31,90.65987,102.952949173023,-9.702662,8.8,4.0,5.342980266813324,2304.0,3877.0
2014-01-13,170.5907745361328,6272.75,11021.4716796875,1250.9000244140625,61.52,8.711,8.787,2.8269999027252197,1.5889999866485596,325.91,-1300.31,90.65987,102.952949173023,-9.702662,8.8,4.0,5.342980266813324,2304.0,3877.0
2014-01-14,167.6072235107422,6241.85009765625,10948.7734375,1245.199951171875,61.51,8.711,8.787,2.86899995803833,1.6469999551773071,325.91,-1300.31,90.65987,102.952949173023,-9.702662,8.8,4.0,5.342980266813324,2304.0,3877.0
2014-01-15,171.14871215820312,6320.89990234375,11125.271484375,1238.0999755859375,61.54,8.639,8.701,2.884000062942505,1.6729999780654907,325.91,-1300.31,90.65987,102.952949173023,-9.702662,8.8,4.0,5.342980266813324,2304.0,3877.0
2014-01-16,171.23764038085938,6318.89990234375,11092.4208984375,1240.0,61.54,8.615,8.668,2.8429999351501465,1.6430000066757202,325.91,-1300.31,90.65987,102.952949173023,-9.702662,8.8,4.0,5.342980266813324,2304.0,3877.0
2014-01-17,167.29995727539062,6261.64990234375,10911.22265625,1251.699951171875,61.54,8.627,8.664,2.8269999027252197,1.6299999952316284,325.91,-1300.31,90.65987,102.952949173023,-9.702662,8.8,4.0,5.342980266813324,2304.0,3877.0
2014-01-20,168.828125,6303.9501953125,11007.3720703125,1251.699951171875,61.54,8.517,8.518,2.8269999027252197,1.6299999952316284,325.91,-1300.31,90.65987,102.952949173023,-9.702662,8.8,4.0,5.342980266813324,2304.0,3877.0
2014-01-21,174.33445739746094,6313.7998046875,11171.3701171875,1242.300048828125,61.94,8.553,8.553,2.825000047683716,1.6410000324249268,325.91,-1300.31,90.65987,102.952949173023,-9.702662,8.8,4.0,5.342980266813324,2304.0,3877.0
2014-01-22,175.93540954589844,6338.9501953125,11207.2197265625,1239.0,61.86,8.608,8.622,2.859999895095825,1.694000005722046,325.91,-1300.31,90.65987,102.952949173023,-9.702662,8.8,4.0,5.342980266813324,2304.0,3877.0
2014-01-23,174.56085205078125,6345.64990234375,11198.8701171875,1262.5999755859375,62.11,8.665,8.689,2.7730000019073486,1.593000054359436,325.91,-1300.31,90.65987,102.952949173023,-9.702662,8.8,4.0,5.342980266813324,2304.0,3877.0
2014-01-24,171.12445068359375,6266.75,10982.2724609375,1264.5,62.68,8.738,8.782,2.734999895095825,1.5640000104904177,325.91,-1300.31,90.65987,102.952949173023,-9.702662,8.8,4.0,5.342980266813324,2304.0,3877.0
2014-01-27,163.29757690429688,6135.85009765625,10540.2783203125,1263.5999755859375,63.09,8.765,8.825,2.7660000324249268,1.5880000591278076,325.91,-1300.31,90.65987,102.952949173023,-9.702662,8.8,4.0,5.342980266813324,2304.0,3877.0
2014-01-28,164.728759765625,6126.25,10507.4775390625,1251.0,62.56,8.748,8.855,2.746000051498413,1.5540000200271606,325.91,-1300.31,90.65987,102.952949173023,-9.702662,8.8,4.0,5.342980266813324,2304.0,3877.0
2014-01-29,161.93917846679688,6120.25,10437.62890625,1262.199951171875,62.46,8.774,8.891,2.674999952316284,1.4919999837875366,325.91,-1300.31,90.65987,102.952949173023,-9.702662,8.8,4.0,5.342980266813324,2304.0,3877.0
2014-01-30,157.59718322753906,6073.7001953125,10153.0322265625,1242.199951171875,62.56,8.82,8.933,2.693000078201294,1.5119999647140503,325.91,-1300.31,90.65987,102.952949173023,-9.702662,8.8,4.0,5.342980266813324,2304.0,3877.0
2014-01-31,159.72373962402344,6089.5,10237.630859375,1240.0999755859375,62.63,8.77,8.918,2.6679999828338623,1.5099999904632568,325.91,-1300.31,90.65987,102.952949173023,-9.702662,8.8,4.0,5.342980266813324,2304.0,3877.0
2014-02-03,155.81027221679688,6001.7998046875,10101.982421875,1260.4000244140625,62.63,8.734,8.888,2.5810000896453857,1.437000036239624,325.91,-1300.31,90.65987,102.952949173023,-9.702662,8.8,4.0,5.342980266813324,2304.0,3877.0
2014-02-04,156.64308166503906,6000.89990234375,10191.08203125,1251.699951171875,62.27,8.679,8.826,2.624000072479248,1.4609999656677246,325.91,-1300.31,90.65987,102.952949173023,-9.702662,8.8,4.0,5.342980266813324,2304.0,3877.0
2014-02-05,156.2549591064453,6022.39990234375,10231.53125,1257.300048828125,62.57,8.707,8.827,2.6670000553131104,1.4889999628067017,325.91,-1300.31,90.65987,102.952949173023,-9.702662,8.8,4.0,5.342980266813324,2304.0,3877.0
2014-02-06,154.92892456054688,6036.2998046875,10205.08203125,1257.5999755859375,62.14,8.717,8.845,2.7019999027252197,1.5160000324249268,325.91,-1300.31,90.65987,102.952949173023,-9.702662,8.8,4.0,5.342980266813324,2304.0,3877.0
2014-02-07,155.31704711914062,6063.2001953125,10263.0810546875,1263.300048828125,62.09,8.736,8.852,2.674999952316284,1.462000012397766,325.91,-1300.31,90.65987,102.952949173023,-9.702662,8.8,4.0,5.342980266813324,2304.0,3877.0
2014-02-10,155.3332061767578,6053.4501953125,10213.78125,1274.800048828125,62.44,8.69,8.838,2.677999973297119,1.475000023841858,325.91,-1300.31,90.65987,102.952949173023,-9.702662,8.8,4.0,5.342980266813324,2304.0,3877.0
2014-02-11,156.67543029785156,6062.7001953125,10245.3310546875,1290.0999755859375,62.15,8.74,8.906,2.7190001010894775,1.524999976158142,325.91,-1300.31,90.65987,102.952949173023,-9.702662,8.8,4.0,5.342980266813324,2304.0,3877.0
2014-02-12,161.58340454101562,6084.0,10348.6796875,1295.300048828125,61.84,8.811,8.977,2.763000011444092,1.5670000314712524,325.91,-1300.31,90.65987,102.952949173023,-9.702662,8.8,4.0,5.342980266813324,2304.0,3877.0
2014-02-13,159.06069946289062,6001.10009765625,10135.58203125,1300.4000244140625,62.23,8.865,9.023,2.736000061035156,1.50600004196167,325.91,-1300.31,90.65987,102.952949173023,-9.702662,8.8,4.0,5.342980266813324,2304.0,3877.0
2014-02-14,159.8450164794922,6048.35009765625,10203.6318359375,1319.0,61.87,8.808,8.957,2.746000051498413,1.524999976158142,325.91,-1300.31,90.65987,102.952949173023,-9.702662,8.8,4.0,5.342980266813324,2304.0,3877.0
2014-02-17,163.1924591064453,6048.35009765625,10326.4296875,1319.0,61.87,8.805,8.971,2.746000051498413,1.524999976158142,325.91,-1300.31,90.65987,102.952949173023,-9.702662,8.8,4.0,5.342980266813324,2304.0,3877.0
2014-02-18,167.82550048828125,6127.10009765625,10575.0771484375,1324.699951171875,62.2,8.768,8.934,2.7109999656677246,1.4789999723434448,325.91,-1300.31,90.65987,102.952949173023,-9.702662,8.8,4.0,5.342980266813324,2304.0,3877.0
2014-02-19,166.70968627929688,6152.75,10609.4765625,1320.5999755859375,62.32,8.768,8.934,2.7339999675750732,1.5119999647140503,325.91,-1300.31,90.65987,102.952949173023,-9.702662,8.8,4.0,5.342980266813324,2304.0,3877.0
2014-02-20,162.9822235107422,6091.4501953125,10428.1787109375,1317.0999755859375,62.21,8.788,8.922,2.753999948501587,1.5440000295639038,325.91,-1300.31,90.65987,102.952949173023,-9.702662,8.8,4.0,5.342980266813324,2304.0,3877.0
2014-02-21,165.80409240722656,6155.4501953125,10554.2265625,1323.9000244140625,62.13,8.795,8.917,2.7339999675750732,1.5329999923706057,325.91,-1300.31,90.65987,102.952949173023,-9.702662,8.8,4.0,5.342980266813324,2304.0,3877.0
2014-02-24,167.56680297851562,6186.10009765625,10683.3759765625,1338.300048828125,62.07,8.885,9.014,2.75,1.5509999990463257,325.91,-1300.31,90.65987,102.952949173023,-9.702662,8.8,4.0,5.342980266813324,2304.0,3877.0
2014-02-25,166.74203491210938,6200.0498046875,10666.6259765625,1343.0,61.96,8.875,9.004,2.700999975204468,1.5099999904632568,325.91,-1300.31,90.65987,102.952949173023,-9.702662,8.8,4.0,5.342980266813324,2304.0,3877.0
2014-02-26,167.6072235107422,6238.7998046875,10730.275390625,1328.199951171875,62.11,8.915,9.052,2.6730000972747803,1.4830000400543213,325.91,-1300.31,90.65987,102.952949173023,-9.702662,8.8,4.0,5.342980266813324,2304.0,3877.0
2014-02-27,167.6072235107422,6238.7998046875,10730.275390625,1331.5999755859375,62.11,8.915,9.052,2.6419999599456787,1.4839999675750732,325.91,-1300.31,90.65987,102.952949173023,-9.702662,8.8,4.0,5.342980266813324,2304.0,3877.0
2014-02-28,168.80384826660156,6276.9501953125,10764.5751953125,1321.4000244140625,61.78,8.862,8.976,2.6579999923706055,1.5110000371932983,325.91,-1300.31,90.65987,102.952949173023,-9.702662,8.8,4.0,5.342980266813324,2304.0,3877.0
2014-03-03,166.53179931640625,6221.4501953125,10651.826171875,1350.0999755859375,62.17,8.904,9.015,2.6070001125335693,1.4609999656677246,325.91,-1300.31,90.65987,102.952949173023,-9.702662,8.8,4.0,5.342980266813324,2304.0,3877.0
2014-03-04,172.88714599609375,6297.9501953125,10928.9228515625,1337.800048828125,61.91,8.836,8.973,2.690999984741211,1.5290000438690186,325.91,-1300.31,90.65987,102.952949173023,-9.702662,8.8,4.0,5.342980266813324,2304.0,3877.0
2014-03-05,177.78700256347656,6328.64990234375,11098.6708984375,1340.199951171875,61.75,8.842,8.986,2.697999954223633,1.534000039100647,325.91,-1300.31,90.65987,102.952949173023,-9.702662,8.8,4.0,5.342980266813324,2304.0,3877.0
2014-03-06,183.37420654296875,6401.14990234375,11278.21875,1351.699951171875,60.89,8.792,8.941,2.736999988555908,1.569000005722046,325.91,-1300.31,90.65987,102.952949173023,-9.702662,8.8,4.0,5.342980266813324,2304.0,3877.0
2014-03-07,194.36257934570312,6526.64990234375,11884.6123046875,1338.0999755859375,61.24,8.811,8.961,2.7899999618530273,1.6399999856948853,325.91,-1300.31,90.65987,102.952949173023,-9.702662,8.8,4.0,5.342980266813324,2304.0,3877.0
2014-03-10,193.02035522460935,6537.25,12107.958984375,1341.4000244140625,60.84,8.752,8.939,2.7839999198913574,1.6269999742507937,325.91,-1300.31,90.65987,102.952949173023,-9.702662,8.8,4.0,5.342980266813324,2304.0,3877.0
2014-03-11,193.7561798095703,6511.89990234375,12043.0107421875,1346.5,61.01,8.733,8.897,2.7660000324249268,1.6119999885559082,325.91,-1300.31,90.65987,102.952949173023,-9.702662,8.8,4.0,5.342980266813324,2304.0,3877.0
2014-03-12,195.9392852783203,6516.89990234375,12023.9599609375,1370.300048828125,61.01,8.715,8.864,2.7260000705718994,1.5850000381469729,325.91,-1300.31,90.65987,102.952949173023,-9.702662,8.8,4.0,5.342980266813324,2304.0,3877.0
2014-03-13,197.2895965576172,6493.10009765625,12141.30859375,1372.199951171875,61.2,8.735,8.878,2.6530001163482666,1.5230000019073486,325.91,-1300.31,90.65987,102.952949173023,-9.702662,8.8,4.0,5.342980266813324,2304.0,3877.0
2014-03-14,196.48101806640625,6504.2001953125,12055.7099609375,1379.0,61.19,8.791,8.919,2.6449999809265137,1.527999997138977,325.91,-1300.31,90.65987,102.952949173023,-9.702662,8.8,4.0,5.342980266813324,2304.0,3877.0
2014-03-17,196.48101806640625,6504.2001953125,12055.7099609375,1372.9000244140625,61.08,8.791,8.919,2.6989998817443848,1.5740000009536743,325.91,-1300.31,90.65987,102.952949173023,-9.702662,8.8,4.0,5.342980266813324,2304.0,3877.0
2014-03-18,194.7830352783203,6516.64990234375,12114.708984375,1359.0,61.1,8.8,8.927,2.680999994277954,1.5479999780654907,325.91,-1300.31,90.65987,102.952949173023,-9.702662,8.8,4.0,5.342980266813324,2304.0,3877.0
2014-03-19,195.6643524169922,6524.0498046875,12186.408203125,1341.4000244140625,60.95,8.777,8.908,2.7720000743865967,1.6950000524520874,325.91,-1300.31,90.65987,102.952949173023,-9.702662,8.8,4.0,5.342980266813324,2304.0,3877.0
2014-03-20,194.1765899658203,6483.10009765625,12017.1103515625,1330.5,61.33,8.819,8.929,2.7750000953674316,1.7079999446868896,325.91,-1300.31,90.65987,102.952949173023,-9.702662,8.8,4.0,5.342980266813324,2304.0,3877.0
2014-03-21,193.9825897216797,6493.2001953125,12092.208984375,1336.0,60.9,8.795,8.903,2.75,1.715000033378601,325.91,-1300.31,90.65987,102.952949173023,-9.702662,8.8,4.0,5.342980266813324,2304.0,3877.0
2014-03-24,200.8795928955078,6583.5,12408.005859375,1311.199951171875,60.78,8.783,8.893,2.7330000400543213,1.7339999675750732,325.91,-1300.31,90.65987,102.952949173023,-9.702662,8.8,4.0,5.342980266813324,2304.0,3877.0
2014-03-25,202.5533447265625,6589.75,12449.85546875,1311.4000244140625,60.27,8.788,8.897,2.734999895095825,1.7209999561309814,325.91,-1300.31,90.65987,102.952949173023,-9.702662,8.8,4.0,5.342980266813324,2304.0,3877.0
2014-03-26,203.1920928955078,6601.39990234375,12518.2041015625,1303.4000244140625,60.13,8.783,8.872,2.700999975204468,1.6770000457763672,325.91,-1300.31,90.65987,102.952949173023,-9.702662,8.8,4.0,5.342980266813324,2304.0,3877.0
2014-03-27,203.59637451171875,6641.75,12604.8037109375,1294.699951171875,60.26,8.816,8.878,2.671999931335449,1.7039999961853027,325.91,-1300.31,90.65987,102.952949173023,-9.702662,8.8,4.0,5.342980266813324,2304.0,3877.0
2014-03-28,203.62872314453125,6695.89990234375,12754.5517578125,1293.800048828125,59.89,8.804,8.87,2.711999893188477,1.7359999418258667,325.91,-1300.31,90.65987,102.952949173023,-9.702662,8.8,4.0,5.342980266813324,2304.0,3877.0
2014-03-31,201.34048461914065,6704.2001953125,12741.9013671875,1283.4000244140625,60.0,8.804,8.87,2.7230000495910645,1.7319999933242798,325.91,-1300.31,90.65987,102.952949173023,-9.702662,8.8,4.0,5.342980266813324,2304.0,3877.0
2014-04-01,197.92832946777344,6721.0498046875,12588.353515625,1279.5999755859375,59.86,8.81,8.87,2.759000062942505,1.7400000095367432,325.91,-1300.31,92.57253,103.406087153538,-9.994578,9.0,4.0,8.023962980702205,2274.0,3820.0
2014-04-02,201.01708984375,6752.5498046875,12715.15234375,1290.5,59.9,8.962,9.015,2.802999973297119,1.7940000295639038,325.91,-1300.31,92.57253,103.406087153538,-9.994578,9.0,4.0,8.023962980702205,2274.0,3820.0
2014-04-03,199.51315307617188,6736.10009765625,12563.703125,1284.4000244140625,60.35,9.008,9.034,2.7899999618530273,1.787999987602234,325.91,-1300.31,92.57253,103.406087153538,-9.994578,9.0,4.0,8.023962980702205,2274.0,3820.0
2014-04-04,198.97947692871097,6694.35009765625,12551.5546875,1303.199951171875,60.08,9.065,9.075,2.7260000705718994,1.7039999961853027,325.91,-1300.31,92.57253,103.406087153538,-9.994578,9.0,4.0,8.023962980702205,2274.0,3820.0
2014-04-07,195.53500366210935,6695.0498046875,12506.3046875,1298.0,60.11,9.101,9.092,2.694999933242798,1.6710000038146973,325.91,-1300.31,92.57253,103.406087153538,-9.994578,9.0,4.0,8.023962980702205,2274.0,3820.0
2014-04-08,195.53500366210935,6695.0498046875,12506.3046875,1308.699951171875,60.08,9.101,9.092,2.680999994277954,1.6640000343322754,325.91,-1300.31,92.57253,103.406087153538,-9.994578,9.0,4.0,8.023962980702205,2274.0,3820.0
2014-04-09,203.7257537841797,6796.2001953125,12937.25,1305.5,60.09,9.032,9.034,2.684000015258789,1.6349999904632568,325.91,-1300.31,92.57253,103.406087153538,-9.994578,9.0,4.0,8.023962980702205,2274.0,3820.0
2014-04-10,201.71241760253903,6796.39990234375,12949.25,1320.0999755859375,60.07,9.002,9.011,2.628000020980835,1.5759999752044678,325.91,-1300.31,92.57253,103.406087153538,-9.994578,9.0,4.0,8.023962980702205,2274.0,3820.0
2014-04-11,199.8850860595703,6776.2998046875,12840.05078125,1318.699951171875,60.18,8.941,8.96,2.61899995803833,1.5670000314712524,325.91,-1300.31,92.57253,103.406087153538,-9.994578,9.0,4.0,8.023962980702205,2274.0,3820.0
2014-04-14,199.8850860595703,6776.2998046875,12840.05078125,1327.199951171875,60.32,8.941,8.96,2.638999938964844,1.600000023841858,325.91,-1300.31,92.57253,103.406087153538,-9.994578,9.0,4.0,8.023962980702205,2274.0,3820.0
2014-04-15,197.20062255859375,6733.10009765625,12579.75390625,1300.0,60.34,8.953,8.958,2.628000020980835,1.618000030517578,325.91,-1300.31,92.57253,103.406087153538,-9.994578,9.0,4.0,8.023962980702205,2274.0,3820.0
2014-04-16,197.7019500732422,6675.2998046875,12563.00390625,1303.0999755859375,60.22,8.964,8.941,2.63700008392334,1.6549999713897705,325.91,-1300.31,92.57253,103.406087153538,-9.994578,9.0,4.0,8.023962980702205,2274.0,3820.0
2014-04-17,204.21896362304688,6779.39990234375,12787.1015625,1293.4000244140625,60.29,8.85,8.831,2.7209999561309814,1.7309999465942385,325.91,-1300.31,92.57253,103.406087153538,-9.994578,9.0,4.0,8.023962980702205,2274.0,3820.0
2014-04-18,204.21896362304688,6779.39990234375,12787.1015625,1293.4000244140625,60.29,8.85,8.831,2.7209999561309814,1.7309999465942385,325.91,-1300.31,92.57253,103.406087153538,-9.994578,9.0,4.0,8.023962980702205,2274.0,3820.0
2014-04-21,207.31578063964844,6817.64990234375,12958.349609375,1288.0,60.59,8.862,8.837,2.7209999561309814,1.7230000495910645,325.91,-1300.31,92.57253,103.406087153538,-9.994578,9.0,4.0,8.023962980702205,2274.0,3820.0
2014-04-22,208.59329223632812,6815.35009765625,12986.9482421875,1280.5999755859375,60.8,8.854,8.814,2.7260000705718994,1.746000051498413,325.91,-1300.31,92.57253,103.406087153538,-9.994578,9.0,4.0,8.023962980702205,2274.0,3820.0
2014-04-23,210.15382385253903,6840.7998046875,13121.947265625,1284.199951171875,61.17,8.851,8.813,2.686000108718872,1.7109999656677246,325.91,-1300.31,92.57253,103.406087153538,-9.994578,9.0,4.0,8.023962980702205,2274.0,3820.0
2014-04-24,210.15382385253903,6840.7998046875,13121.947265625,1290.5,61.11,8.851,8.813,2.687999963760376,1.743000030517578,325.91,-1300.31,92.57253,103.406087153538,-9.994578,9.0,4.0,8.023962980702205,2274.0,3820.0
2014-04-25,205.45608520507812,6782.75,13034.3486328125,1300.699951171875,60.64,8.883,8.852,2.6659998893737793,1.7280000448226929,325.91,-1300.31,92.57253,103.406087153538,-9.994578,9.0,4.0,8.023962980702205,2274.0,3820.0
2014-04-28,206.26463317871097,6761.25,13081.3974609375,1298.9000244140625,60.69,8.853,8.842,2.677000045776367,1.725000023841858,325.91,-1300.31,92.57253,103.406087153538,-9.994578,9.0,4.0,8.023962980702205,2274.0,3820.0
2014-04-29,204.21090698242188,6715.25,12910.3994140625,1296.0,60.23,8.828,8.791,2.694999933242798,1.741000056266785,325.91,-1300.31,92.57253,103.406087153538,-9.994578,9.0,4.0,8.023962980702205,2274.0,3820.0
2014-04-30,201.07362365722656,6696.39990234375,12855.7001953125,1295.5999755859375,60.21,8.828,8.801,2.6480000019073486,1.680999994277954,325.91,-1300.31,92.57253,103.406087153538,-9.994578,9.0,4.0,8.023962980702205,2274.0,3820.0
2014-05-01,201.07362365722656,6696.39990234375,12855.7001953125,1283.0999755859375,60.11,8.828,8.801,2.6059999465942383,1.652999997138977,325.91,-1300.31,93.33759,104.040480326259,-9.874767,9.0,4.0,8.023962980702205,2274.0,3820.0
2014-05-02,202.5290679931641,6694.7998046875,12841.8505859375,1302.5999755859375,60.02,8.808,8.8,2.5910000801086426,1.6740000247955322,325.91,-1300.31,93.33759,104.040480326259,-9.874767,9.0,4.0,8.023962980702205,2274.0,3820.0
2014-05-05,202.5371551513672,6699.35009765625,12880.5009765625,1309.0,60.21,8.735,8.752,2.611000061035156,1.680999994277954,325.91,-1300.31,93.33759,104.040480326259,-9.874767,9.0,4.0,8.023962980702205,2274.0,3820.0
2014-05-06,206.2808074951172,6715.2998046875,12965.8994140625,1308.300048828125,59.97,8.778,8.781,2.5950000286102295,1.680999994277954,325.91,-1300.31,93.33759,104.040480326259,-9.874767,9.0,4.0,8.023962980702205,2274.0,3820.0
2014-05-07,205.48031616210935,6652.5498046875,12938.0498046875,1288.5999755859375,60.01,8.802,8.828,2.5899999141693115,1.6460000276565552,325.91,-1300.31,93.33759,104.040480326259,-9.874767,9.0,4.0,8.023962980702205,2274.0,3820.0
2014-05-08,208.44775390625,6659.85009765625,13037.2490234375,1287.4000244140625,60.06,8.758,8.796,2.6019999980926514,1.618000030517578,325.91,-1300.31,93.33759,104.040480326259,-9.874767,9.0,4.0,8.023962980702205,2274.0,3820.0
2014-05-09,222.937255859375,6858.7998046875,13750.33984375,1287.300048828125,60.0,8.746,8.783,2.622999906539917,1.625,325.91,-1300.31,93.33759,104.040480326259,-9.874767,9.0,4.0,8.023962980702205,2274.0,3820.0
2014-05-12,226.18765258789065,7014.25,14084.8857421875,1295.5999755859375,59.48,8.727,8.762,2.6559998989105225,1.6579999923706057,325.91,-1300.31,93.33759,104.040480326259,-9.874767,9.0,4.0,8.023962980702205,2274.0,3820.0
2014-05-13,226.5272216796875,7108.75,14165.384765625,1294.5999755859375,59.44,8.784,8.787,2.618000030517578,1.6200000047683716,325.91,-1300.31,93.33759,104.040480326259,-9.874767,9.0,4.0,8.023962980702205,2274.0,3820.0
2014-05-14,227.9180145263672,7108.75,14206.9345703125,1305.699951171875,59.49,8.784,8.787,2.5429999828338623,1.5609999895095823,325.91,-1300.31,93.33759,104.040480326259,-9.874767,9.0,4.0,8.023962980702205,2274.0,3820.0
2014-05-15,225.6055145263672,7123.14990234375,14236.384765625,1293.5,59.38,8.781,8.755,2.502000093460083,1.534999966621399,325.91,-1300.31,93.33759,104.040480326259,-9.874767,9.0,4.0,8.023962980702205,2274.0,3820.0
2014-05-16,236.9576873779297,7203.0,14852.8271484375,1293.300048828125,58.62,8.834,8.816,2.5179998874664307,1.5479999780654907,325.91,-1300.31,93.33759,104.040480326259,-9.874767,9.0,4.0,8.023962980702205,2274.0,3820.0
2014-05-19,237.45901489257812,7263.5498046875,15221.9736328125,1293.699951171875,58.38,8.863,8.765,2.5360000133514404,1.5390000343322754,325.91,-1300.31,93.33759,104.040480326259,-9.874767,9.0,4.0,8.023962980702205,2274.0,3820.0
2014-05-20,234.4673767089844,7275.5,15111.0244140625,1294.5,58.58,8.855,8.756,2.509000062942505,1.50600004196167,325.91,-1300.31,93.33759,104.040480326259,-9.874767,9.0,4.0,8.023962980702205,2274.0,3820.0
2014-05-21,232.9553375244141,7252.89990234375,14951.92578125,1288.0,58.66,8.768,8.702,2.5369999408721924,1.5210000276565552,325.91,-1300.31,93.33759,104.040480326259,-9.874767,9.0,4.0,8.023962980702205,2274.0,3820.0
2014-05-22,234.7261199951172,7276.39990234375,15055.375,1294.9000244140625,58.3,8.711,8.641,2.555000066757202,1.5490000247955322,325.91,-1300.31,93.33759,104.040480326259,-9.874767,9.0,4.0,8.023962980702205,2274.0,3820.0
2014-05-23,236.22999572753903,7367.10009765625,15285.322265625,1291.5999755859375,58.36,8.637,8.581,2.5360000133514404,1.5290000438690186,325.91,-1300.31,93.33759,104.040480326259,-9.874767,9.0,4.0,8.023962980702205,2274.0,3820.0
2014-05-26,235.21929931640625,7359.0498046875,15175.7236328125,1291.5999755859375,58.36,8.675,8.623,2.5360000133514404,1.5290000438690186,325.91,-1300.31,93.33759,104.040480326259,-9.874767,9.0,4.0,8.023962980702205,2274.0,3820.0
2014-05-27,234.0146026611328,7318.0,15083.82421875,1265.4000244140625,58.9,8.673,8.58,2.5179998874664307,1.5290000438690186,325.91,-1300.31,93.33759,104.040480326259,-9.874767,9.0,4.0,8.023962980702205,2274.0,3820.0
2014-05-28,235.48614501953125,7329.64990234375,15173.1728515625,1259.300048828125,58.94,8.703,8.599,2.437999963760376,1.4709999561309814,325.91,-1300.31,93.33759,104.040480326259,-9.874767,9.0,4.0,8.023962980702205,2274.0,3820.0
2014-05-29,232.37319946289065,7235.64990234375,15030.125,1256.300048828125,58.9,8.671,8.573,2.447000026702881,1.5130000114440918,325.91,-1300.31,93.33759,104.040480326259,-9.874767,9.0,4.0,8.023962980702205,2274.0,3820.0
2014-05-30,229.3168029785156,7229.9501953125,14793.228515625,1245.5999755859375,59.16,8.645,8.549,2.4570000171661377,1.527999997138977,325.91,-1300.31,93.33759,104.040480326259,-9.874767,9.0,4.0,8.023962980702205,2274.0,3820.0
2014-06-02,236.7798767089844,7362.5,15287.072265625,1243.699951171875,59.15,8.66,8.573,2.5339999198913574,1.5959999561309814,325.91,-1300.31,93.33759,104.040480326259,-9.874767,9.0,4.0,8.023962980702205,2274.0,3820.0
2014-06-03,235.8338165283203,7415.85009765625,15257.322265625,1244.300048828125,59.32,8.598,8.476,2.5929999351501465,1.6360000371932983,325.91,-1300.31,93.33759,104.040480326259,-9.874767,9.0,4.0,8.023962980702205,2274.0,3820.0
2014-06-04,241.42837524414065,7402.25,15333.22265625,1244.0,59.34,8.587,8.44,2.6059999465942383,1.6430000066757202,325.91,-1300.31,93.33759,104.040480326259,-9.874767,9.0,4.0,8.023962980702205,2274.0,3820.0
2014-06-05,244.22422790527344,7474.10009765625,15281.97265625,1253.0,59.24,8.526,8.394,2.5840001106262207,1.625,325.91,-1300.31,93.33759,104.040480326259,-9.874767,9.0,4.0,8.023962980702205,2274.0,3820.0
2014-06-06,248.08837890625,7583.39990234375,15542.9697265625,1252.0999755859375,59.17,8.512,8.344,2.5969998836517334,1.6510000228881836,325.91,-1300.31,93.33759,104.040480326259,-9.874767,9.0,4.0,8.023962980702205,2274.0,3820.0
2014-06-09,249.07318115234375,7654.60009765625,15567.2197265625,1253.5,59.18,8.548,8.393,2.61299991607666,1.680999994277954,325.91,-1300.31,93.33759,104.040480326259,-9.874767,9.0,4.0,8.023962980702205,2274.0,3820.0
2014-06-10,247.2454071044922,7656.39990234375,15427.6201171875,1259.800048828125,59.18,8.561,8.42,2.634999990463257,1.7059999704360962,325.91,-1300.31,93.33759,104.040480326259,-9.874767,9.0,4.0,8.023962980702205,2274.0,3820.0
2014-06-11,245.35093688964844,7626.85009765625,15450.3701171875,1260.800048828125,59.32,8.535,8.407,2.640000104904175,1.6959999799728394,325.91,-1300.31,93.33759,104.040480326259,-9.874767,9.0,4.0,8.023962980702205,2274.0,3820.0
2014-06-12,243.5983123779297,7649.89990234375,15464.669921875,1273.5999755859375,59.19,8.547,8.441,2.5859999656677246,1.659999966621399,325.91,-1300.31,93.33759,104.040480326259,-9.874767,9.0,4.0,8.023962980702205,2274.0,3820.0
2014-06-13,238.41554260253903,7542.10009765625,15106.724609375,1273.699951171875,59.64,8.595,8.484,2.6040000915527344,1.6959999799728394,325.91,-1300.31,93.33759,104.040480326259,-9.874767,9.0,4.0,8.023962980702205,2274.0,3820.0
2014-06-16,236.0119476318359,7533.5498046875,15029.8251953125,1274.9000244140625,60.16,8.649,8.507,2.5969998836517334,1.7000000476837158,325.91,-1300.31,93.33759,104.040480326259,-9.874767,9.0,4.0,8.023962980702205,2274.0,3820.0
2014-06-17,241.94580078125,7631.7001953125,15373.021484375,1271.699951171875,60.32,8.598,8.479,2.6549999713897705,1.753000020980835,325.91,-1300.31,93.33759,104.040480326259,-9.874767,9.0,4.0,8.023962980702205,2274.0,3820.0
2014-06-18,237.2721710205078,7558.2001953125,15220.2236328125,1272.4000244140625,60.28,8.671,8.571,2.61299991607666,1.712000012397766,325.91,-1300.31,93.33759,104.040480326259,-9.874767,9.0,4.0,8.023962980702205,2274.0,3820.0
2014-06-19,235.6447296142578,7540.7001953125,15067.2255859375,1313.699951171875,60.09,8.688,8.571,2.621999979019165,1.687000036239624,325.91,-1300.31,93.33759,104.040480326259,-9.874767,9.0,4.0,8.023962980702205,2274.0,3820.0
2014-06-20,233.15765380859375,7511.4501953125,14997.4765625,1316.199951171875,60.23,8.724,8.594,2.624000072479248,1.7000000476837158,325.91,-1300.31,93.33759,104.040480326259,-9.874767,9.0,4.0,8.023962980702205,2274.0,3820.0
2014-06-23,236.0536346435547,7493.35009765625,15076.1748046875,1318.0,60.14,8.773,8.667,2.622999906539917,1.7039999961853027,325.91,-1300.31,93.33759,104.040480326259,-9.874767,9.0,4.0,8.023962980702205,2274.0,3820.0
2014-06-24,240.24327087402344,7580.2001953125,15309.322265625,1320.9000244140625,60.14,8.717,8.623,2.5859999656677246,1.6790000200271606,325.91,-1300.31,93.33759,104.040480326259,-9.874767,9.0,4.0,8.023962980702205,2274.0,3820.0
2014-06-25,237.10525512695312,7569.25,15237.6728515625,1322.199951171875,60.11,8.702,8.606,2.559000015258789,1.6519999504089355,325.91,-1300.31,93.33759,104.040480326259,-9.874767,9.0,4.0,8.023962980702205,2274.0,3820.0
2014-06-26,234.1257781982422,7493.2001953125,15049.8251953125,1316.0999755859375,60.17,8.731,8.619,2.5250000953674316,1.6460000276565552,325.91,-1300.31,93.33759,104.040480326259,-9.874767,9.0,4.0,8.023962980702205,2274.0,3820.0
2014-06-27,231.1212921142578,7508.7998046875,14992.17578125,1319.0,60.04,8.747,8.629,2.5320000648498535,1.6380000114440918,325.91,-1300.31,93.33759,104.040480326259,-9.874767,9.0,4.0,8.023962980702205,2274.0,3820.0
2014-06-30,236.7129821777344,7611.35009765625,15241.7236328125,1321.800048828125,60.06,8.744,8.645,2.5160000324249268,1.625,325.91,-1300.31,93.33759,104.040480326259,-9.874767,9.0,4.0,8.023962980702205,2274.0,3820.0
2014-07-01,240.03460693359375,7634.7001953125,15321.171875,1326.4000244140625,60.05,8.737,8.627,2.562999963760376,1.656000018119812,325.91,-1300.31,96.39783,105.762404652217,-12.80509,9.0,4.0,8.70410906582595,2352.0,4033.0
2014-07-02,242.3631134033203,7725.14990234375,15490.169921875,1330.699951171875,59.69,8.657,8.557,2.628000020980835,1.712000012397766,325.91,-1300.31,96.39783,105.762404652217,-12.80509,9.0,4.0,8.70410906582595,2352.0,4033.0
2014-07-03,242.7053070068359,7714.7998046875,15451.470703125,1320.4000244140625,59.74,8.657,8.566,2.6480000019073486,1.7400000095367432,325.91,-1300.31,96.39783,105.762404652217,-12.80509,9.0,4.0,8.70410906582595,2352.0,4033.0
2014-07-04,244.1741485595703,7751.60009765625,15555.9697265625,1320.4000244140625,59.74,8.663,8.564,2.6480000019073486,1.7400000095367432,325.91,-1300.31,96.39783,105.762404652217,-12.80509,9.0,4.0,8.70410906582595,2352.0,4033.0
2014-07-07,242.2546234130859,7787.14990234375,15367.4208984375,1316.5,60.013,8.696,8.575,2.617000102996826,1.7339999675750732,325.91,-1300.31,96.39783,105.762404652217,-12.80509,9.0,4.0,8.70410906582595,2352.0,4033.0
2014-07-08,235.5529327392578,7623.2001953125,14997.326171875,1316.0,59.78,8.727,8.6,2.565000057220459,1.6970000267028809,325.91,-1300.31,96.39783,105.762404652217,-12.80509,9.0,4.0,8.70410906582595,2352.0,4033.0
2014-07-09,234.1925506591797,7585.0,14930.92578125,1323.800048828125,59.75,8.727,8.613,2.546999931335449,1.6740000247955322,325.91,-1300.31,96.39783,105.762404652217,-12.80509,9.0,4.0,8.70410906582595,2352.0,4033.0
2014-07-10,231.84735107421875,7567.75,14821.5283203125,1338.699951171875,60.19,8.765,8.653,2.5320000648498535,1.6480000019073486,325.91,-1300.31,96.39783,105.762404652217,-12.80509,9.0,4.0,8.70410906582595,2352.0,4033.0
2014-07-11,226.43923950195312,7459.60009765625,14447.0322265625,1337.0,60.08,8.767,8.647,2.5199999809265137,1.6410000324249268,325.91,-1300.31,96.39783,105.762404652217,-12.80509,9.0,4.0,8.70410906582595,2352.0,4033.0
2014-07-14,224.3778381347656,7454.14990234375,14489.58203125,1306.300048828125,60.11,8.781,8.664,2.549000024795532,1.6740000247955322,325.91,-1300.31,96.39783,105.762404652217,-12.80509,9.0,4.0,8.70410906582595,2352.0,4033.0
2014-07-15,232.78208923339844,7526.64990234375,14891.7275390625,1296.9000244140625,60.15,8.735,8.609,2.549000024795532,1.690999984741211,325.91,-1300.31,96.39783,105.762404652217,-12.80509,9.0,4.0,8.70410906582595,2352.0,4033.0
2014-07-16,243.84034729003903,7624.39990234375,15265.2724609375,1299.5999755859375,60.12,8.724,8.607,2.538000106811523,1.6990000009536743,325.91,-1300.31,96.39783,105.762404652217,-12.80509,9.0,4.0,8.70410906582595,2352.0,4033.0
2014-07-17,242.12940979003903,7640.4501953125,15268.8720703125,1316.699951171875,60.35,8.736,8.607,2.4749999046325684,1.649999976158142,325.91,-1300.31,96.39783,105.762404652217,-12.80509,9.0,4.0,8.70410906582595,2352.0,4033.0
2014-07-18,247.11192321777344,7663.89990234375,15389.1708984375,1309.199951171875,60.33,8.769,8.62,2.4839999675750732,1.6660000085830688,325.91,-1300.31,96.39783,105.762404652217,-12.80509,9.0,4.0,8.70410906582595,2352.0,4033.0
2014-07-21,247.47076416015625,7684.2001953125,15385.771484375,1313.699951171875,60.24,8.692,8.56,2.4739999771118164,1.684999942779541,325.91,-1300.31,96.39783,105.762404652217,-12.80509,9.0,4.0,8.70410906582595,2352.0,4033.0
2014-07-22,247.5792999267578,7767.85009765625,15427.169921875,1306.0999755859375,60.16,8.69,8.55,2.4660000801086426,1.6579999923706057,325.91,-1300.31,96.39783,105.762404652217,-12.80509,9.0,4.0,8.70410906582595,2352.0,4033.0
2014-07-23,251.37664794921875,7795.75,15462.8203125,1304.5,60.0,8.66,8.487,2.4639999866485596,1.649999976158142,325.91,-1300.31,96.39783,105.762404652217,-12.80509,9.0,4.0,8.70410906582595,2352.0,4033.0
2014-07-24,251.44338989257812,7830.60009765625,15534.1689453125,1290.5999755859375,60.11,8.648,8.43,2.509000062942505,1.7000000476837158,325.91,-1300.31,96.39783,105.762404652217,-12.80509,9.0,4.0,8.70410906582595,2352.0,4033.0
2014-07-25,246.3107147216797,7790.4501953125,15322.072265625,1303.0999755859375,60.04,8.671,8.434,2.4690001010894775,1.6759999990463257,325.91,-1300.31,96.39783,105.762404652217,-12.80509,9.0,4.0,8.70410906582595,2352.0,4033.0
2014-07-28,242.1962127685547,7748.7001953125,15211.9736328125,1303.300048828125,60.13,8.707,8.464,2.490999937057495,1.7029999494552612,325.91,-1300.31,96.39783,105.762404652217,-12.80509,9.0,4.0,8.70410906582595,2352.0,4033.0
2014-07-29,242.1962127685547,7748.7001953125,15211.9736328125,1298.300048828125,60.12,8.707,8.464,2.461999893188477,1.6859999895095823,325.91,-1300.31,96.39783,105.762404652217,-12.80509,9.0,4.0,8.70410906582595,2352.0,4033.0
2014-07-30,248.4472198486328,7791.39990234375,15452.220703125,1294.9000244140625,60.4,8.728,8.453,2.553999900817871,1.7690000534057615,325.91,-1300.31,96.39783,105.762404652217,-12.80509,9.0,4.0,8.70410906582595,2352.0,4033.0
2014-07-31,245.57630920410156,7721.2998046875,15267.421875,1281.300048828125,60.55,8.718,8.454,2.555999994277954,1.7630000114440918,325.91,-1300.31,96.39783,105.762404652217,-12.80509,9.0,4.0,8.70410906582595,2352.0,4033.0
2014-08-01,246.3107147216797,7602.60009765625,15127.6240234375,1293.5999755859375,61.2,8.755,8.5,2.505000114440918,1.6729999780654907,325.91,-1300.31,96.78036,106.215542632732,-10.28609,9.0,4.0,8.70410906582595,2352.0,4033.0
2014-08-04,248.9396209716797,7683.64990234375,15242.1728515625,1287.699951171875,60.94,8.731,8.503,2.490999937057495,1.6579999923706057,325.91,-1300.31,96.78036,106.215542632732,-10.28609,9.0,4.0,8.70410906582595,2352.0,4033.0
2014-08-05,248.13009643554688,7746.5498046875,15293.072265625,1284.0,61.05,8.834,8.639,2.4830000400543213,1.6640000343322754,325.91,-1300.31,96.78036,106.215542632732,-10.28609,9.0,4.0,8.70410906582595,2352.0,4033.0
2014-08-06,241.54522705078125,7672.0498046875,15008.4755859375,1306.699951171875,61.25,8.865,8.75,2.4739999771118164,1.649999976158142,325.91,-1300.31,96.78036,106.215542632732,-10.28609,9.0,4.0,8.70410906582595,2352.0,4033.0
2014-08-07,241.1696929931641,7649.25,14986.67578125,1310.800048828125,61.2,8.852,8.734,2.424000024795532,1.6019999980926514,325.91,-1300.31,96.78036,106.215542632732,-10.28609,9.0,4.0,8.70410906582595,2352.0,4033.0
2014-08-08,239.88438415527344,7568.5498046875,14765.578125,1308.9000244140625,61.18,8.852,8.733,2.4149999618530273,1.6100000143051147,325.91,-1300.31,96.78036,106.215542632732,-10.28609,9.0,4.0,8.70410906582595,2352.0,4033.0
2014-08-11,240.5103454589844,7625.9501953125,14846.626953125,1308.5,61.17,8.817,8.699,2.4200000762939453,1.6119999885559082,325.91,-1300.31,96.78036,106.215542632732,-10.28609,9.0,4.0,8.70410906582595,2352.0,4033.0
2014-08-12,244.249267578125,7727.0498046875,15056.525390625,1308.800048828125,61.09,8.845,8.729,2.441999912261963,1.6130000352859497,325.91,-1300.31,96.78036,106.215542632732,-10.28609,9.0,4.0,8.70410906582595,2352.0,4033.0
2014-08-13,242.39651489257812,7739.5498046875,14910.7275390625,1312.800048828125,61.22,8.764,8.668,2.413000106811523,1.5770000219345093,325.91,-1300.31,96.78036,106.215542632732,-10.28609,9.0,4.0,8.70410906582595,2352.0,4033.0
2014-08-14,246.97840881347656,7791.7001953125,15089.474609375,1313.9000244140625,60.77,8.713,8.621,2.4000000953674316,1.5670000314712524,325.91,-1300.31,96.78036,106.215542632732,-10.28609,9.0,4.0,8.70410906582595,2352.0,4033.0
2014-08-15,246.97840881347656,7791.7001953125,15089.474609375,1304.5,60.77,8.713,8.621,2.3450000286102295,1.5410000085830688,325.91,-1300.31,96.78036,106.215542632732,-10.28609,9.0,4.0,8.70410906582595,2352.0,4033.0
2014-08-18,255.49945068359375,7874.25,15439.5703125,1297.699951171875,60.77,8.713,8.621,2.38700008392334,1.5670000314712524,325.91,-1300.31,96.78036,106.215542632732,-10.28609,9.0,4.0,8.70410906582595,2352.0,4033.0
2014-08-19,257.535888671875,7897.5,15524.4697265625,1295.0999755859375,60.67,8.532,8.672,2.4049999713897705,1.5800000429153442,325.91,-1300.31,96.78036,106.215542632732,-10.28609,9.0,4.0,8.70410906582595,2352.0,4033.0
2014-08-20,257.5107421875,7875.2998046875,15481.5205078125,1293.4000244140625,60.58,8.479,8.566,2.4260001182556152,1.6299999952316284,325.91,-1300.31,96.78036,106.215542632732,-10.28609,9.0,4.0,8.70410906582595,2352.0,4033.0
2014-08-21,257.8780212402344,7891.10009765625,15662.0185546875,1273.699951171875,60.56,8.512,8.585,2.4070000648498535,1.6269999742507937,325.91,-1300.31,96.78036,106.215542632732,-10.28609,9.0,4.0,8.70410906582595,2352.0,4033.0
2014-08-22,256.9766845703125,7913.2001953125,15818.966796875,1278.5999755859375,60.47,8.516,8.574,2.4030001163482666,1.6610000133514404,325.91,-1300.31,96.78036,106.215542632732,-10.28609,9.0,4.0,8.70410906582595,2352.0,4033.0
2014-08-25,252.76206970214844,7906.2998046875,15668.818359375,1277.300048828125,60.56,8.556,8.625,2.38700008392334,1.6710000038146973,325.91,-1300.31,96.78036,106.215542632732,-10.28609,9.0,4.0,8.70410906582595,2352.0,4033.0
2014-08-26,251.71878051757812,7904.75,15623.91796875,1283.800048828125,60.43,8.554,8.631,2.3910000324249268,1.656000018119812,325.91,-1300.31,96.78036,106.215542632732,-10.28609,9.0,4.0,8.70410906582595,2352.0,4033.0
2014-08-27,257.1018981933594,7936.0498046875,15717.4677734375,1281.9000244140625,60.45,8.556,8.619,2.361000061035156,1.6380000114440918,325.91,-1300.31,96.78036,106.215542632732,-10.28609,9.0,4.0,8.70410906582595,2352.0,4033.0
2014-08-28,259.85601806640625,7954.35009765625,15740.2177734375,1288.699951171875,60.51,8.559,8.623,2.3340001106262207,1.63100004196167,325.91,-1300.31,96.78036,106.215542632732,-10.28609,9.0,4.0,8.70410906582595,2352.0,4033.0
2014-08-29,259.85601806640625,7954.35009765625,15740.2177734375,1285.800048828125,61.51,8.559,8.623,2.3429999351501465,1.628000020980835,325.91,-1300.31,96.78036,106.215542632732,-10.28609,9.0,4.0,8.70410906582595,2352.0,4033.0
2014-09-01,266.78302001953125,8027.7001953125,16012.61328125,1285.800048828125,61.51,8.55,8.61,2.3429999351501465,1.628000020980835,325.91,-1300.31,96.78036,105.490521863908,-14.18094,9.0,4.0,8.70410906582595,2352.0,4033.0
2014-09-02,265.5812683105469,8083.0498046875,16130.3623046875,1263.699951171875,60.69,8.519,8.598,2.4189999103546143,1.6859999895095823,325.91,-1300.31,96.78036,105.490521863908,-14.18094,9.0,4.0,8.70410906582595,2352.0,4033.0
2014-09-03,263.8619689941406,8114.60009765625,16109.8125,1268.9000244140625,60.41,8.522,8.598,2.4100000858306885,1.6890000104904177,325.91,-1300.31,96.78036,105.490521863908,-14.18094,9.0,4.0,8.70410906582595,2352.0,4033.0
2014-09-04,262.334716796875,8095.9501953125,16033.36328125,1265.0999755859375,60.38,8.522,8.588,2.447999954223633,1.7139999866485596,325.91,-1300.31,96.78036,105.490521863908,-14.18094,9.0,4.0,8.70410906582595,2352.0,4033.0
2014-09-05,258.2285461425781,8086.85009765625,15982.314453125,1265.800048828125,60.26,8.522,8.59,2.4609999656677246,1.6890000104904177,325.91,-1300.31,96.78036,105.490521863908,-14.18094,9.0,4.0,8.70410906582595,2352.0,4033.0
2014-09-08,261.6920471191406,8173.89990234375,16206.51171875,1252.699951171875,60.29,8.502,8.572,2.4690001010894775,1.7139999866485596,325.91,-1300.31,96.78036,105.490521863908,-14.18094,9.0,4.0,8.70410906582595,2352.0,4033.0
2014-09-09,258.01153564453125,8152.9501953125,16156.5625,1246.800048828125,60.6,8.522,8.581,2.5,1.7599999904632568,325.91,-1300.31,96.78036,105.490521863908,-14.18094,9.0,4.0,8.70410906582595,2352.0,4033.0
2014-09-10,262.07598876953125,8094.10009765625,16151.5625,1243.5,60.95,8.543,8.595,2.5339999198913574,1.781999945640564,325.91,-1300.31,96.78036,105.490521863908,-14.18094,9.0,4.0,8.70410906582595,2352.0,4033.0
2014-09-11,261.3666076660156,8085.7001953125,16203.9619140625,1237.4000244140625,60.93,8.505,8.568,2.5309998989105225,1.7799999713897705,325.91,-1300.31,96.78036,105.490521863908,-14.18094,9.0,4.0,8.70410906582595,2352.0,4033.0
2014-09-12,261.12457275390625,8105.5,16253.9619140625,1229.9000244140625,60.95,8.501,8.57,2.614000082015991,1.819000005722046,325.91,-1300.31,96.78036,105.490521863908,-14.18094,9.0,4.0,8.70410906582595,2352.0,4033.0
2014-09-15,259.2801208496094,8042.0,16167.3623046875,1233.5999755859375,61.03,8.504,8.566,2.5910000801086426,1.7949999570846558,325.91,-1300.31,96.78036,105.490521863908,-14.18094,9.0,4.0,8.70410906582595,2352.0,4033.0
2014-09-16,254.67320251464844,7932.89990234375,15843.9150390625,1235.199951171875,61.06,8.498,8.547,2.5889999866485596,1.77400004863739,325.91,-1300.31,96.78036,105.490521863908,-14.18094,9.0,4.0,8.70410906582595,2352.0,4033.0
2014-09-17,255.3408660888672,7975.5,15838.4150390625,1234.4000244140625,60.9,8.498,8.532,2.5999999046325684,1.8040000200271609,325.91,-1300.31,96.78036,105.490521863908,-14.18094,9.0,4.0,8.70410906582595,2352.0,4033.0
2014-09-18,261.2247009277344,8114.75,16156.662109375,1225.699951171875,60.78,8.453,8.522,2.628999948501587,1.840999960899353,325.91,-1300.31,96.78036,105.490521863908,-14.18094,9.0,4.0,8.70410906582595,2352.0,4033.0
2014-09-19,262.4265441894531,8121.4501953125,16151.962890625,1215.300048828125,60.8,8.455,8.502,2.586999893188477,1.819000005722046,325.91,-1300.31,96.78036,105.490521863908,-14.18094,9.0,4.0,8.70410906582595,2352.0,4033.0
2014-09-22,263.5364990234375,8146.2998046875,16194.361328125,1216.800048828125,60.93,8.435,8.497,2.565999984741211,1.7860000133514404,325.91,-1300.31,96.78036,105.490521863908,-14.18094,9.0,4.0,8.70410906582595,2352.0,4033.0
2014-09-23,256.8013916015625,8017.5498046875,15902.6650390625,1221.0,61.04,8.467,8.522,2.5350000858306885,1.7610000371932983,325.91,-1300.31,96.78036,105.490521863908,-14.18094,9.0,4.0,8.70410906582595,2352.0,4033.0
2014-09-24,253.112548828125,8002.39990234375,15740.1171875,1218.5999755859375,60.93,8.481,8.525,2.569000005722046,1.8009999990463257,325.91,-1300.31,96.78036,105.490521863908,-14.18094,9.0,4.0,8.70410906582595,2352.0,4033.0
2014-09-25,244.5830841064453,7911.85009765625,15298.8720703125,1221.199951171875,61.33,8.487,8.534,2.510999917984009,1.7630000114440918,325.91,-1300.31,96.78036,105.490521863908,-14.18094,9.0,4.0,8.70410906582595,2352.0,4033.0
2014-09-26,246.6945953369141,7968.85009765625,15607.068359375,1214.0999755859375,61.14,8.441,8.493,2.5350000858306885,1.8020000457763672,325.91,-1300.31,96.78036,105.490521863908,-14.18094,9.0,4.0,8.70410906582595,2352.0,4033.0
2014-09-29,243.44808959960935,7958.89990234375,15473.3701171875,1217.5,61.53,8.49,8.534,2.490999937057495,1.7730000019073486,325.91,-1300.31,96.78036,105.490521863908,-14.18094,9.0,4.0,8.70410906582595,2352.0,4033.0
2014-09-30,239.2834625244141,7964.7998046875,15392.0712890625,1210.5,61.92,8.511,8.557,2.507999897003174,1.7799999713897705,325.91,-1300.31,96.78036,105.490521863908,-14.18094,9.0,4.0,8.70410906582595,2352.0,4033.0
2014-10-01,238.49900817871097,7945.5498046875,15316.0224609375,1214.5999755859375,61.71,8.477,8.542,2.4030001163482666,1.6829999685287476,325.91,-1300.31,96.78036,104.765501095083,-11.5118,9.0,4.0,5.922736323160627,2532.0,4279.0
2014-10-02,238.49900817871097,7945.5498046875,15316.0224609375,1214.199951171875,61.61,8.477,8.542,2.437999963760376,1.6990000009536743,325.91,-1300.31,96.78036,104.765501095083,-11.5118,9.0,4.0,5.922736323160627,2532.0,4279.0
2014-10-03,238.49900817871097,7945.5498046875,15316.0224609375,1192.199951171875,61.81,8.477,8.542,2.447000026702881,1.7369999885559082,325.91,-1300.31,96.78036,104.765501095083,-11.5118,9.0,4.0,5.922736323160627,2532.0,4279.0
2014-10-06,238.49900817871097,7945.5498046875,15316.0224609375,1206.699951171875,61.68,8.477,8.542,2.424999952316284,1.6920000314712524,325.91,-1300.31,96.78036,104.765501095083,-11.5118,9.0,4.0,5.922736323160627,2532.0,4279.0
2014-10-07,238.63253784179688,7852.39990234375,15180.0732421875,1211.699951171875,61.28,8.453,8.515,2.3499999046325684,1.6369999647140503,325.91,-1300.31,96.78036,104.765501095083,-11.5118,9.0,4.0,5.922736323160627,2532.0,4279.0
2014-10-08,241.7873077392578,7842.7001953125,15343.8212890625,1205.300048828125,61.38,8.408,8.472,2.3299999237060547,1.5729999542236328,325.91,-1300.31,96.78036,104.765501095083,-11.5118,9.0,4.0,5.922736323160627,2532.0,4279.0
2014-10-09,248.43893432617188,7960.5498046875,15741.017578125,1224.5999755859375,60.92,8.465,8.503,2.3269999027252197,1.5700000524520874,325.91,-1300.31,96.78036,104.765501095083,-11.5118,9.0,4.0,5.922736323160627,2532.0,4279.0
2014-10-10,243.5232086181641,7859.9501953125,15453.6201171875,1221.0,61.27,8.456,8.48,2.306999921798706,1.559000015258789,325.91,-1300.31,96.78036,104.765501095083,-11.5118,9.0,4.0,5.922736323160627,2532.0,4279.0
2014-10-13,246.6862335205078,7884.25,15677.3173828125,1229.300048828125,61.27,8.418,8.456,2.2860000133514404,1.5369999408721924,325.91,-1300.31,96.78036,104.765501095083,-11.5118,9.0,4.0,5.922736323160627,2532.0,4279.0
2014-10-14,246.7113037109375,7864.0,15751.3671875,1233.5999755859375,61.38,8.397,8.425,2.2060000896453857,1.4520000219345093,325.91,-1300.31,96.78036,104.765501095083,-11.5118,9.0,4.0,5.922736323160627,2532.0,4279.0
2014-10-15,246.7113037109375,7864.0,15751.3671875,1244.0999755859375,61.42,8.398,8.425,2.0899999141693115,1.3109999895095823,325.91,-1300.31,96.78036,104.765501095083,-11.5118,9.0,4.0,5.922736323160627,2532.0,4279.0
2014-10-16,243.7902374267578,7748.2001953125,15541.4189453125,1240.5,61.8,8.37,8.387,2.1530001163482666,1.371999979019165,325.91,-1300.31,96.78036,104.765501095083,-11.5118,9.0,4.0,5.922736323160627,2532.0,4279.0
2014-10-17,251.24313354492188,7779.7001953125,15929.6142578125,1238.300048828125,61.46,8.389,8.403,2.1989998817443848,1.4199999570846558,325.91,-1300.31,96.78036,104.765501095083,-11.5118,9.0,4.0,5.922736323160627,2532.0,4279.0
2014-10-20,256.53436279296875,7879.39990234375,16216.4111328125,1244.0,61.2,8.359,8.373,2.180999994277954,1.3949999809265137,325.91,-1300.31,96.78036,104.765501095083,-11.5118,9.0,4.0,5.922736323160627,2532.0,4279.0
2014-10-21,264.0790100097656,7927.75,16427.05859375,1251.0,61.14,8.371,8.377,2.2079999446868896,1.409999966621399,325.91,-1300.31,96.78036,104.765501095083,-11.5118,9.0,4.0,5.922736323160627,2532.0,4279.0
2014-10-22,262.2261657714844,7995.89990234375,16444.5078125,1244.800048828125,61.18,8.356,8.38,2.2290000915527344,1.440999984741211,325.91,-1300.31,96.78036,104.765501095083,-11.5118,9.0,4.0,5.922736323160627,2532.0,4279.0
2014-10-23,262.2261657714844,7995.89990234375,16444.5078125,1228.5,61.16,8.356,8.38,2.2750000953674316,1.49399995803833,325.91,-1300.31,96.78036,104.765501095083,-11.5118,9.0,4.0,5.922736323160627,2532.0,4279.0
2014-10-24,262.2261657714844,7995.89990234375,16444.5078125,1231.199951171875,61.16,8.356,8.38,2.2730000019073486,1.496999979019165,325.91,-1300.31,96.78036,104.765501095083,-11.5118,9.0,4.0,5.922736323160627,2532.0,4279.0
2014-10-27,262.5683898925781,7991.7001953125,16556.40625,1229.0999755859375,61.28,8.316,8.331,2.256999969482422,1.4839999675750732,325.91,-1300.31,96.78036,104.765501095083,-11.5118,9.0,4.0,5.922736323160627,2532.0,4279.0
2014-10-28,267.2754211425781,8027.60009765625,16666.806640625,1229.199951171875,61.17,8.322,8.346,2.2839999198913574,1.5019999742507937,325.91,-1300.31,96.78036,104.765501095083,-11.5118,9.0,4.0,5.922736323160627,2532.0,4279.0
2014-10-29,268.04327392578125,8090.4501953125,16633.857421875,1224.300048828125,61.2,8.318,8.335,2.322999954223633,1.597000002861023,325.91,-1300.31,96.78036,104.765501095083,-11.5118,9.0,4.0,5.922736323160627,2532.0,4279.0
2014-10-30,269.4119567871094,8169.2001953125,16759.85546875,1198.0999755859375,61.42,8.289,8.302,2.305000066757202,1.5800000429153442,325.91,-1300.31,96.78036,104.765501095083,-11.5118,9.0,4.0,5.922736323160627,2532.0,4279.0
2014-10-31,271.51513671875,8322.2001953125,17044.853515625,1171.0999755859375,61.44,8.278,8.277,2.3350000381469727,1.6130000352859497,325.91,-1300.31,96.78036,104.765501095083,-11.5118,9.0,4.0,5.922736323160627,2532.0,4279.0
2014-11-03,274.69488525390625,8324.150390625,17133.900390625,1169.4000244140625,61.38,8.259,8.265,2.3480000495910645,1.633999943733215,325.91,-1300.31,96.78036,104.765501095083,-11.5118,9.0,4.0,5.922736323160627,2532.0,4279.0
2014-11-04,274.69488525390625,8324.150390625,17133.900390625,1167.4000244140625,61.38,8.259,8.265,2.3420000076293945,1.633999943733215,325.91,-1300.31,96.78036,104.765501095083,-11.5118,9.0,4.0,5.922736323160627,2532.0,4279.0
2014-11-05,278.976318359375,8338.2998046875,17352.748046875,1145.4000244140625,61.49,8.191,8.173,2.3499999046325684,1.633999943733215,325.91,-1300.31,96.78036,104.765501095083,-11.5118,9.0,4.0,5.922736323160627,2532.0,4279.0
2014-11-06,278.976318359375,8338.2998046875,17352.748046875,1142.300048828125,61.45,8.191,8.173,2.375,1.659000039100647,325.91,-1300.31,96.78036,104.765501095083,-11.5118,9.0,4.0,5.922736323160627,2532.0,4279.0
2014-11-07,281.2046203613281,8337.0,17346.849609375,1169.5999755859375,61.5,8.209,8.196,2.312000036239624,1.593000054359436,325.91,-1300.31,96.78036,104.765501095083,-11.5118,9.0,4.0,5.922736323160627,2532.0,4279.0
2014-11-10,278.250244140625,8344.25,17262.19921875,1159.5999755859375,61.52,8.178,8.175,2.3589999675750732,1.6410000324249268,325.91,-1300.31,96.78036,104.765501095083,-11.5118,9.0,4.0,5.922736323160627,2532.0,4279.0
2014-11-11,281.3464660644531,8362.650390625,17389.998046875,1162.800048828125,61.52,8.185,8.203,2.359999895095825,1.6399999856948853,325.91,-1300.31,96.78036,104.765501095083,-11.5118,9.0,4.0,5.922736323160627,2532.0,4279.0
2014-11-12,285.08544921875,8383.2998046875,17586.845703125,1158.9000244140625,61.4,8.158,8.176,2.3589999675750732,1.6399999856948853,325.91,-1300.31,96.78036,104.765501095083,-11.5118,9.0,4.0,5.922736323160627,2532.0,4279.0
2014-11-13,282.506591796875,8357.849609375,17452.796875,1161.0999755859375,61.55,8.221,8.256,2.3469998836517334,1.6230000257492063,325.91,-1300.31,96.78036,104.765501095083,-11.5118,9.0,4.0,5.922736323160627,2532.0,4279.0
2014-11-14,282.4732360839844,8389.900390625,17576.595703125,1185.0,61.7,8.215,8.258,2.319999933242798,1.6039999723434448,325.91,-1300.31,96.78036,104.765501095083,-11.5118,9.0,4.0,5.922736323160627,2532.0,4279.0
2014-11-17,279.3936462402344,8430.75,17640.1953125,1183.0,61.82,8.181,8.209,2.3399999141693115,1.6269999742507937,325.91,-1300.31,96.78036,104.765501095083,-11.5118,9.0,4.0,5.922736323160627,2532.0,4279.0
2014-11-18,280.6204528808594,8425.900390625,17702.345703125,1196.699951171875,61.72,8.153,8.18,2.322000026702881,1.6089999675750732,325.91,-1300.31,96.78036,104.765501095083,-11.5118,9.0,4.0,5.922736323160627,2532.0,4279.0
2014-11-19,280.9041748046875,8382.2998046875,17585.4453125,1193.5999755859375,61.98,8.164,8.191,2.3510000705718994,1.6390000581741333,325.91,-1300.31,96.78036,104.765501095083,-11.5118,9.0,4.0,5.922736323160627,2532.0,4279.0
2014-11-20,281.7471008300781,8401.900390625,17644.845703125,1190.699951171875,61.92,8.158,8.197,2.3350000381469727,1.6239999532699585,325.91,-1300.31,96.78036,104.765501095083,-11.5118,9.0,4.0,5.922736323160627,2532.0,4279.0
2014-11-21,288.8827819824219,8477.349609375,18056.091796875,1197.5,61.76,8.168,8.163,2.315000057220459,1.6109999418258667,325.91,-1300.31,96.78036,104.765501095083,-11.5118,9.0,4.0,5.922736323160627,2532.0,4279.0
2014-11-24,295.99346923828125,8530.150390625,18281.736328125,1195.5,61.85,8.162,8.156,2.309999942779541,1.6030000448226929,325.91,-1300.31,96.78036,104.765501095083,-11.5118,9.0,4.0,5.922736323160627,2532.0,4279.0
2014-11-25,289.97613525390625,8463.099609375,18036.841796875,1197.0999755859375,61.89,8.158,8.156,2.259999990463257,1.5679999589920044,325.91,-1300.31,96.78036,104.765501095083,-11.5118,9.0,4.0,5.922736323160627,2532.0,4279.0
2014-11-26,285.4943542480469,8475.75,17975.740234375,1196.5999755859375,61.78,8.143,8.157,2.2339999675750732,1.5520000457763672,325.91,-1300.31,96.78036,104.765501095083,-11.5118,9.0,4.0,5.922736323160627,2532.0,4279.0
2014-11-27,287.63092041015625,8494.2001953125,18022.291015625,1196.5999755859375,61.78,8.147,8.168,2.2339999675750732,1.5520000457763672,325.91,-1300.31,96.78036,104.765501095083,-11.5118,9.0,4.0,5.922736323160627,2532.0,4279.0
2014-11-28,292.8387451171875,8588.25,18512.935546875,1175.199951171875,62.2,8.087,8.137,2.194000005722046,1.5110000371932983,325.91,-1300.31,96.78036,104.765501095083,-11.5118,9.0,4.0,5.922736323160627,2532.0,4279.0
2014-12-01,293.4646911621094,8555.900390625,18525.0859375,1218.0,61.94,8.059,8.104,2.2179999351501465,1.5210000276565552,325.91,-1300.31,96.78036,101.593535231478,-8.834599,9.0,4.0,5.922736323160627,2532.0,4279.0
2014-12-02,295.5260925292969,8524.7001953125,18555.634765625,1199.199951171875,61.8,7.969,8.001,2.2850000858306885,1.590000033378601,325.91,-1300.31,96.78036,101.593535231478,-8.834599,9.0,4.0,5.922736323160627,2532.0,4279.0
2014-12-03,299.46539306640625,8537.650390625,18645.6328125,1208.5,61.85,7.971,8.012,2.2869999408721924,1.6080000400543213,325.91,-1300.31,96.78036,101.593535231478,-8.834599,9.0,4.0,5.922736323160627,2532.0,4279.0
2014-12-04,302.28619384765625,8564.400390625,18782.630859375,1207.5,61.78,7.967,8.01,2.256999969482422,1.587000012397766,325.91,-1300.31,96.78036,101.593535231478,-8.834599,9.0,4.0,5.922736323160627,2532.0,4279.0
2014-12-05,300.283203125,8538.2998046875,18756.53125,1190.0999755859375,61.9,7.936,7.983,2.306999921798706,1.6820000410079956,325.91,-1300.31,96.78036,101.593535231478,-8.834599,9.0,4.0,5.922736323160627,2532.0,4279.0
2014-12-08,295.2757263183594,8438.25,18509.8359375,1194.699951171875,61.82,7.917,7.996,2.256999969482422,1.6640000343322754,325.91,-1300.31,96.78036,101.593535231478,-8.834599,9.0,4.0,5.922736323160627,2532.0,4279.0
2014-12-09,292.4381408691406,8340.7001953125,18290.4375,1231.5,61.87,7.902,7.978,2.2200000286102295,1.6260000467300415,325.91,-1300.31,96.78036,101.593535231478,-8.834599,9.0,4.0,5.922736323160627,2532.0,4279.0
2014-12-10,293.815185546875,8355.650390625,18462.734375,1228.9000244140625,62.1,7.908,7.989,2.1689999103546143,1.569000005722046,325.91,-1300.31,96.78036,101.593535231478,-8.834599,9.0,4.0,5.922736323160627,2532.0,4279.0
2014-12-11,290.3934631347656,8292.900390625,18404.78515625,1225.0999755859375,62.46,7.866,7.93,2.177999973297119,1.6030000448226929,325.91,-1300.31,96.78036,101.593535231478,-8.834599,9.0,4.0,5.922736323160627,2532.0,4279.0
2014-12-12,289.016357421875,8224.099609375,18299.537109375,1222.0,62.52,7.83,7.886,2.1029999256134033,1.5299999713897705,325.91,-1300.31,96.78036,101.593535231478,-8.834599,9.0,4.0,5.922736323160627,2532.0,4279.0
2014-12-15,288.1401062011719,8219.599609375,18372.4375,1207.199951171875,63.16,7.832,7.913,2.115999937057495,1.5770000219345093,325.91,-1300.31,96.78036,101.593535231478,-8.834599,9.0,4.0,5.922736323160627,2532.0,4279.0
2014-12-16,275.996826171875,8067.60009765625,17830.34375,1193.9000244140625,63.65,7.987,8.104,2.071000099182129,1.5260000228881836,325.91,-1300.31,96.78036,101.593535231478,-8.834599,9.0,4.0,5.922736323160627,2532.0,4279.0
2014-12-17,277.3739318847656,8029.7998046875,17865.54296875,1194.300048828125,63.52,7.969,8.106,2.1480000019073486,1.6119999885559082,325.91,-1300.31,96.78036,101.593535231478,-8.834599,9.0,4.0,5.922736323160627,2532.0,4279.0
2014-12-18,288.5573425292969,8159.2998046875,18326.38671875,1194.699951171875,62.98,7.928,8.071,2.2039999961853027,1.659000039100647,325.91,-1300.31,96.78036,101.593535231478,-8.834599,9.0,4.0,5.922736323160627,2532.0,4279.0
2014-12-19,297.1117858886719,8225.2001953125,18478.685546875,1195.9000244140625,63.24,7.96,8.117,2.1760001182556152,1.6540000438690186,325.91,-1300.31,96.78036,101.593535231478,-8.834599,9.0,4.0,5.922736323160627,2532.0,4279.0
2014-12-22,299.7825012207031,8324.0,18747.130859375,1179.699951171875,63.22,7.954,8.091,2.1619999408721924,1.659000039100647,325.91,-1300.31,96.78036,101.593535231478,-8.834599,9.0,4.0,5.922736323160627,2532.0,4279.0
2014-12-23,294.6080627441406,8267.0,18603.533203125,1177.9000244140625,63.4,7.922,8.039,2.256999969482422,1.7269999980926514,325.91,-1300.31,96.78036,101.593535231478,-8.834599,9.0,4.0,5.922736323160627,2532.0,4279.0
2014-12-24,294.6915588378906,8174.10009765625,18535.134765625,1173.5,63.55,7.96,8.08,2.263999938964844,1.758999943733215,325.91,-1300.31,96.78036,101.593535231478,-8.834599,9.0,4.0,5.922736323160627,2532.0,4279.0
2014-12-25,294.6915588378906,8174.10009765625,18535.134765625,1173.5,63.55,7.96,8.08,2.263999938964844,1.758999943733215,325.91,-1300.31,96.78036,101.593535231478,-8.834599,9.0,4.0,5.922736323160627,2532.0,4279.0
2014-12-26,292.8971252441406,8200.7001953125,18556.984375,1195.300048828125,63.55,7.978,8.102,2.25,1.75600004196167,325.91,-1300.31,96.78036,101.593535231478,-8.834599,9.0,4.0,5.922736323160627,2532.0,4279.0
2014-12-29,291.3948974609375,8246.2998046875,18528.134765625,1181.699951171875,63.67,7.927,8.054,2.2070000171661377,1.712000012397766,325.91,-1300.31,96.78036,101.593535231478,-8.834599,9.0,4.0,5.922736323160627,2532.0,4279.0
2014-12-30,292.3129577636719,8248.25,18647.333984375,1200.199951171875,63.38,7.873,8.012,2.190000057220459,1.684000015258789,325.91,-1300.31,96.78036,101.593535231478,-8.834599,9.0,4.0,5.922736323160627,2532.0,4279.0
2014-12-31,294.6915588378906,8282.7001953125,18736.431640625,1183.9000244140625,63.04,7.855,7.992,2.1700000762939453,1.652999997138977,325.91,-1300.31,96.78036,101.593535231478,-8.834599,9.0,4.0,5.922736323160627,2532.0,4279.0
2015-01-01,294.0238342285156,8282.7001953125,18750.23046875,1183.9000244140625,63.04,7.88,8.028,2.1700000762939453,1.652999997138977,325.91,-1300.31,97.1629,100.415376482139,-8.284537999999998,8.85,4.0,7.1120799550037805,2652.0,4382.0
2015-01-02,302.36968994140625,8395.4501953125,19057.580078125,1186.0,63.27,7.872,8.034,2.122999906539917,1.618000030517578,325.91,-1300.31,97.1629,100.415376482139,-8.284537999999998,8.85,4.0,7.1120799550037805,2652.0,4382.0
2015-01-05,302.9955749511719,8378.400390625,19017.1796875,1203.9000244140625,63.34,7.892,8.048,2.0390000343322754,1.5679999589920044,325.91,-1300.31,97.1629,100.415376482139,-8.284537999999998,8.85,4.0,7.1120799550037805,2652.0,4382.0
2015-01-06,290.1430358886719,8127.35009765625,18430.53515625,1219.300048828125,63.57,7.899,8.062,1.9630000591278076,1.493000030517578,325.91,-1300.31,97.1629,100.415376482139,-8.284537999999998,8.85,4.0,7.1120799550037805,2652.0,4382.0
2015-01-07,282.2980041503906,8102.10009765625,18304.037109375,1210.5999755859375,63.27,7.856,8.032,1.9539999961853027,1.4730000495910645,325.91,-1300.31,97.1629,100.415376482139,-8.284537999999998,8.85,4.0,7.1120799550037805,2652.0,4382.0
2015-01-08,289.97613525390625,8234.599609375,18701.18359375,1208.4000244140625,62.67,7.86,8.02,2.0160000324249268,1.496000051498413,325.91,-1300.31,97.1629,100.415376482139,-8.284537999999998,8.85,4.0,7.1120799550037805,2652.0,4382.0
2015-01-09,285.3024597167969,8284.5,18637.033203125,1216.0,62.34,7.844,7.997,1.9709999561309817,1.4429999589920044,325.91,-1300.31,97.1629,100.415376482139,-8.284537999999998,8.85,4.0,7.1120799550037805,2652.0,4382.0
2015-01-12,289.2249755859375,8323.0,18795.630859375,1232.699951171875,62.09,7.812,7.948,1.9119999408721924,1.3880000114440918,325.91,-1300.31,97.1629,100.415376482139,-8.284537999999998,8.85,4.0,7.1120799550037805,2652.0,4382.0
2015-01-13,284.5096130371094,8299.400390625,18706.982421875,1234.300048828125,61.97,7.768,7.895,1.8899999856948853,1.3589999675750732,325.91,-1300.31,97.1629,100.415376482139,-8.284537999999998,8.85,4.0,7.1120799550037805,2652.0,4382.0
2015-01-14,281.1712341308594,8277.5498046875,18603.583984375,1234.4000244140625,62.09,7.772,7.913,1.837000012397766,1.3029999732971191,325.91,-1300.31,97.1629,100.415376482139,-8.284537999999998,8.85,4.0,7.1120799550037805,2652.0,4382.0
2015-01-15,294.4828796386719,8494.150390625,19235.427734375,1264.699951171875,62.06,7.694,7.772,1.774999976158142,1.2239999771118164,325.91,-1300.31,97.1629,100.415376482139,-8.284537999999998,8.85,4.0,7.1120799550037805,2652.0,4382.0
2015-01-16,295.31744384765625,8513.7998046875,19222.927734375,1276.9000244140625,61.87,7.706,7.739,1.815000057220459,1.2829999923706057,325.91,-1300.31,97.1629,100.415376482139,-8.284537999999998,8.85,4.0,7.1120799550037805,2652.0,4382.0
2015-01-19,301.1177978515625,8550.7001953125,19405.826171875,1276.9000244140625,61.87,7.723,7.757,1.815000057220459,1.2829999923706057,325.91,-1300.31,97.1629,100.415376482139,-8.284537999999998,8.85,4.0,7.1120799550037805,2652.0,4382.0
2015-01-20,306.9181823730469,8695.599609375,19766.8203125,1294.199951171875,61.64,7.723,7.727,1.8070000410079956,1.2929999828338623,325.91,-1300.31,97.1629,100.415376482139,-8.284537999999998,8.85,4.0,7.1120799550037805,2652.0,4382.0
2015-01-21,307.5023498535156,8729.5,19843.01953125,1293.699951171875,61.55,7.69,7.686,1.8530000448226929,1.3359999656677246,325.91,-1300.31,97.1629,100.415376482139,-8.284537999999998,8.85,4.0,7.1120799550037805,2652.0,4382.0
2015-01-22,308.6290283203125,8761.400390625,19917.41796875,1300.699951171875,61.32,7.712,7.688,1.8960000276565552,1.381999969482422,325.91,-1300.31,97.1629,100.415376482139,-8.284537999999998,8.85,4.0,7.1120799550037805,2652.0,4382.0
2015-01-23,309.3802185058594,8835.599609375,20072.466796875,1292.5999755859375,61.46,7.704,7.651,1.8170000314712524,1.3240000009536743,325.91,-1300.31,97.1629,100.415376482139,-8.284537999999998,8.85,4.0,7.1120799550037805,2652.0,4382.0
2015-01-26,309.3802185058594,8835.599609375,20072.466796875,1279.4000244140625,61.46,7.704,7.651,1.8279999494552612,1.350000023841858,325.91,-1300.31,97.1629,100.415376482139,-8.284537999999998,8.85,4.0,7.1120799550037805,2652.0,4382.0
2015-01-27,320.0628662109375,8910.5,20555.01171875,1291.699951171875,61.34,7.704,7.673,1.825000047683716,1.3320000171661377,325.91,-1300.31,97.1629,100.415376482139,-8.284537999999998,8.85,4.0,7.1120799550037805,2652.0,4382.0
2015-01-28,320.5218811035156,8914.2998046875,20491.51171875,1285.9000244140625,61.34,7.705,7.677,1.7239999771118164,1.241000056266785,325.91,-1300.31,97.1629,100.415376482139,-8.284537999999998,8.85,4.0,7.1120799550037805,2652.0,4382.0
2015-01-29,317.3922119140625,8952.349609375,20528.361328125,1254.5999755859375,61.94,7.711,7.693,1.7510000467300415,1.274999976158142,325.91,-1300.31,97.1629,100.415376482139,-8.284537999999998,8.85,4.0,7.1120799550037805,2652.0,4382.0
2015-01-30,301.0343322753906,8808.900390625,19843.51953125,1278.5,62.01,7.691,7.672,1.6749999523162842,1.187000036239624,325.91,-1300.31,97.1629,100.415376482139,-8.284537999999998,8.85,4.0,7.1120799550037805,2652.0,4382.0
2015-02-02,293.6483154296875,8797.400390625,19865.669921875,1276.199951171875,61.68,7.652,7.626,1.6729999780654907,1.184999942779541,325.91,-1300.31,97.1629,100.415376482139,-8.284537999999998,8.85,4.0,7.1120799550037805,2652.0,4382.0
2015-02-03,289.2667541503906,8756.5498046875,19382.724609375,1259.699951171875,61.67,7.727,7.724,1.7799999713897705,1.2790000438690186,325.91,-1300.31,97.1629,100.415376482139,-8.284537999999998,8.85,4.0,7.1120799550037805,2652.0,4382.0
2015-02-04,287.6392822265625,8723.7001953125,19173.77734375,1263.800048828125,61.73,7.717,7.737,1.7970000505447388,1.2910000085830688,325.91,-1300.31,97.1629,100.415376482139,-8.284537999999998,8.85,4.0,7.1120799550037805,2652.0,4382.0
2015-02-05,280.0863037109375,8711.7001953125,19051.6796875,1262.0,61.73,7.699,7.723,1.815000057220459,1.2999999523162842,325.91,-1300.31,97.1629,100.415376482139,-8.284537999999998,8.85,4.0,7.1120799550037805,2652.0,4382.0
2015-02-06,274.8701477050781,8661.0498046875,18786.48046875,1233.9000244140625,61.7,7.7,7.711,1.937999963760376,1.4639999866485596,325.91,-1300.31,97.1629,100.415376482139,-8.284537999999998,8.85,4.0,7.1120799550037805,2652.0,4382.0
2015-02-09,267.1085510253906,8526.349609375,18403.634765625,1240.800048828125,62.1,7.728,7.734,1.9479999542236328,1.4839999675750732,325.91,-1300.31,97.1629,100.415376482139,-8.284537999999998,8.85,4.0,7.1120799550037805,2652.0,4382.0
2015-02-10,276.2889404296875,8565.5498046875,18752.28125,1231.5999755859375,62.33,7.728,7.749,1.991000056266785,1.5099999904632568,325.91,-1300.31,97.1629,100.415376482139,-8.284537999999998,8.85,4.0,7.1120799550037805,2652.0,4382.0
2015-02-11,279.335205078125,8627.400390625,18940.580078125,1219.0,62.41,7.732,7.756,1.9880000352859497,1.5140000581741333,325.91,-1300.31,97.1629,100.415376482139,-8.284537999999998,8.85,4.0,7.1120799550037805,2652.0,4382.0
2015-02-12,283.049072265625,8711.5498046875,19128.376953125,1220.0999755859375,62.3,7.743,7.781,1.9859999418258667,1.496999979019165,325.91,-1300.31,97.1629,100.415376482139,-8.284537999999998,8.85,4.0,7.1120799550037805,2652.0,4382.0
2015-02-13,286.9716491699219,8805.5,19369.474609375,1226.5,62.04,7.697,7.718,2.0209999084472656,1.5160000324249268,325.91,-1300.31,97.1629,100.415376482139,-8.284537999999998,8.85,4.0,7.1120799550037805,2652.0,4382.0
2015-02-16,282.13104248046875,8809.349609375,19189.7265625,1226.5,62.04,7.707,7.729,2.0209999084472656,1.5160000324249268,325.91,-1300.31,97.1629,100.415376482139,-8.284537999999998,8.85,4.0,7.1120799550037805,2652.0,4382.0
2015-02-17,282.13104248046875,8809.349609375,19189.7265625,1208.0999755859375,62.14,7.707,7.729,2.1449999809265137,1.61899995803833,325.91,-1300.31,97.1629,100.415376482139,-8.284537999999998,8.85,4.0,7.1120799550037805,2652.0,4382.0
2015-02-18,285.7614440917969,8869.099609375,19296.275390625,1199.699951171875,62.25,7.708,7.736,2.065999984741211,1.5199999809265137,325.91,-1300.31,97.1629,100.415376482139,-8.284537999999998,8.85,4.0,7.1120799550037805,2652.0,4382.0
2015-02-19,282.54827880859375,8895.2998046875,19188.078125,1207.0999755859375,62.08,7.71,7.736,2.11299991607666,1.5729999542236328,325.91,-1300.31,97.1629,100.415376482139,-8.284537999999998,8.85,4.0,7.1120799550037805,2652.0,4382.0
2015-02-20,276.20550537109375,8833.599609375,19073.328125,1204.4000244140625,62.19,7.695,7.719,2.132999897003174,1.6050000190734863,325.91,-1300.31,97.1629,100.415376482139,-8.284537999999998,8.85,4.0,7.1120799550037805,2652.0,4382.0
2015-02-23,274.5780944824219,8754.9501953125,18913.1796875,1200.300048828125,62.15,7.702,7.732,2.059000015258789,1.5449999570846558,325.91,-1300.31,97.1629,100.415376482139,-8.284537999999998,8.85,4.0,7.1120799550037805,2652.0,4382.0
2015-02-24,272.11602783203125,8762.099609375,18883.58203125,1196.9000244140625,62.07,7.716,7.751,1.9880000352859497,1.4589999914169312,325.91,-1300.31,97.1629,100.415376482139,-8.284537999999998,8.85,4.0,7.1120799550037805,2652.0,4382.0
2015-02-25,269.15325927734375,8767.25,18732.833984375,1201.0,61.84,7.706,7.739,1.968999981880188,1.4630000591278076,325.91,-1300.31,97.1629,100.415376482139,-8.284537999999998,8.85,4.0,7.1120799550037805,2652.0,4382.0
2015-02-26,268.1517028808594,8683.849609375,18537.884765625,1209.5999755859375,61.74,7.738,7.775,2.0160000324249268,1.527999997138977,325.91,-1300.31,97.1629,100.415376482139,-8.284537999999998,8.85,4.0,7.1120799550037805,2652.0,4382.0
2015-02-27,279.7942199707031,8844.599609375,19074.328125,1212.5999755859375,61.67,7.724,7.777,2.002000093460083,1.5049999952316284,325.91,-1300.31,97.1629,100.415376482139,-8.284537999999998,8.85,4.0,7.1120799550037805,2652.0,4382.0
2015-03-02,291.31146240234375,8956.75,20007.8671875,1207.699951171875,61.87,7.741,7.811,2.0840001106262207,1.5779999494552612,325.91,-1300.31,97.1629,100.415376482139,-8.284537999999998,8.85,4.0,7.1120799550037805,2652.0,4382.0
2015-03-03,290.97760009765625,8996.25,19960.966796875,1204.0,61.76,7.754,7.841,2.121999979019165,1.6139999628067017,325.91,-1300.31,97.1629,100.415376482139,-8.284537999999998,8.85,4.0,7.1120799550037805,2652.0,4382.0
2015-03-04,291.5618896484375,8922.650390625,19643.671875,1200.5999755859375,62.3,7.685,7.744,2.122999906539917,1.5989999771118164,325.91,-1300.31,97.1629,100.415376482139,-8.284537999999998,8.85,4.0,7.1120799550037805,2652.0,4382.0
2015-03-05,290.22650146484375,8937.75,19747.76953125,1195.9000244140625,62.26,7.705,7.759,2.111999988555908,1.5729999542236328,325.91,-1300.31,97.1629,100.415376482139,-8.284537999999998,8.85,4.0,7.1120799550037805,2652.0,4382.0
2015-03-06,290.22650146484375,8937.75,19747.76953125,1164.0999755859375,62.45,7.705,7.759,2.240000009536743,1.6959999799728394,325.91,-1300.31,97.1629,100.415376482139,-8.284537999999998,8.85,4.0,7.1120799550037805,2652.0,4382.0
2015-03-09,277.74945068359375,8756.75,19145.328125,1166.4000244140625,62.67,7.74,7.798,2.194999933242798,1.652999997138977,325.91,-1300.31,97.1629,100.415376482139,-8.284537999999998,8.85,4.0,7.1120799550037805,2652.0,4382.0
2015-03-10,278.4588928222656,8712.0498046875,19054.1796875,1160.0999755859375,62.71,7.747,7.819,2.125999927520752,1.6069999933242798,325.91,-1300.31,97.1629,100.415376482139,-8.284537999999998,8.85,4.0,7.1120799550037805,2652.0,4382.0
2015-03-11,277.62432861328125,8699.9501953125,19043.779296875,1150.699951171875,62.76,7.759,7.831,2.1089999675750732,1.6100000143051147,325.91,-1300.31,97.1629,100.415376482139,-8.284537999999998,8.85,4.0,7.1120799550037805,2652.0,4382.0
2015-03-12,282.2562561035156,8776.0,19141.626953125,1152.0999755859375,62.44,7.722,7.791,2.0959999561309814,1.5770000219345093,325.91,-1300.31,97.1629,100.415376482139,-8.284537999999998,8.85,4.0,7.1120799550037805,2652.0,4382.0
2015-03-13,275.5795593261719,8647.75,18779.58203125,1152.5999755859375,63.06,7.796,7.879,2.111999988555908,1.5820000171661377,325.91,-1300.31,97.1629,100.415376482139,-8.284537999999998,8.85,4.0,7.1120799550037805,2652.0,4382.0
2015-03-16,276.622802734375,8633.150390625,18837.130859375,1153.300048828125,62.8,7.804,7.879,2.0980000495910645,1.569000005722046,325.91,-1300.31,97.1629,100.415376482139,-8.284537999999998,8.85,4.0,7.1120799550037805,2652.0,4382.0
2015-03-17,279.46038818359375,8723.2998046875,19058.029296875,1148.300048828125,62.64,7.782,7.858,2.058000087738037,1.555999994277954,325.91,-1300.31,97.1629,100.415376482139,-8.284537999999998,8.85,4.0,7.1120799550037805,2652.0,4382.0
2015-03-18,279.41864013671875,8685.900390625,19147.02734375,1151.4000244140625,62.69,7.792,7.86,1.950999975204468,1.4210000038146973,325.91,-1300.31,97.1629,100.415376482139,-8.284537999999998,8.85,4.0,7.1120799550037805,2652.0,4382.0
2015-03-19,275.5795593261719,8634.650390625,18810.931640625,1169.0999755859375,62.56,7.756,7.822,1.9769999980926511,1.4769999980926514,325.91,-1300.31,97.1629,100.415376482139,-8.284537999999998,8.85,4.0,7.1120799550037805,2652.0,4382.0
2015-03-20,265.8984069824219,8570.900390625,18606.1328125,1184.800048828125,62.47,7.746,7.786,1.9299999475479128,1.4160000085830688,325.91,-1300.31,97.1629,100.415376482139,-8.284537999999998,8.85,4.0,7.1120799550037805,2652.0,4382.0
2015-03-23,261.89239501953125,8550.900390625,18448.78515625,1188.0,62.22,7.756,7.798,1.9149999618530271,1.3960000276565552,325.91,-1300.31,97.1629,100.415376482139,-8.284537999999998,8.85,4.0,7.1120799550037805,2652.0,4382.0
2015-03-24,260.3066101074219,8542.9501953125,18331.236328125,1191.699951171875,62.4,7.75,7.795,1.878000020980835,1.3700000047683716,325.91,-1300.31,97.1629,100.415376482139,-8.284537999999998,8.85,4.0,7.1120799550037805,2652.0,4382.0
2015-03-25,264.4796447753906,8530.7998046875,18309.88671875,1197.300048828125,62.35,7.772,7.805,1.919999957084656,1.4079999923706057,325.91,-1300.31,97.1629,100.415376482139,-8.284537999999998,8.85,4.0,7.1120799550037805,2652.0,4382.0
2015-03-26,257.0101013183594,8342.150390625,17831.443359375,1205.0999755859375,62.83,7.797,7.823,2.006999969482422,1.4730000495910645,325.91,-1300.31,97.1629,100.415376482139,-8.284537999999998,8.85,4.0,7.1120799550037805,2652.0,4382.0
2015-03-27,262.5183410644531,8341.400390625,18044.591796875,1199.800048828125,62.5,7.776,7.804,1.9479999542236328,1.4170000553131104,325.91,-1300.31,97.1629,100.415376482139,-8.284537999999998,8.85,4.0,7.1120799550037805,2652.0,4382.0
2015-03-30,265.9818115234375,8492.2998046875,18361.587890625,1184.800048828125,62.52,7.761,7.783,1.9630000591278076,1.4190000295639038,325.91,-1300.31,97.1629,100.415376482139,-8.284537999999998,8.85,4.0,7.1120799550037805,2652.0,4382.0
2015-03-31,263.3111267089844,8491.0,18206.439453125,1183.0999755859375,62.31,7.738,7.746,1.934000015258789,1.375,325.91,-1300.31,97.1629,100.415376482139,-8.284537999999998,8.85,4.0,7.1120799550037805,2652.0,4382.0
2015-04-01,269.6957702636719,8586.25,18617.6328125,1208.0999755859375,62.14,7.738,7.746,1.868000030517578,1.3259999752044678,325.91,-1300.31,97.92796,99.8716109055207,-11.47309,8.5,4.0,7.592544694362413,2655.0,5106.0
2015-04-02,269.6957702636719,8586.25,18617.6328125,1200.9000244140625,62.13,7.738,7.746,1.9040000438690183,1.3459999561309814,325.91,-1300.31,97.92796,99.8716109055207,-11.47309,8.5,4.0,7.592544694362413,2655.0,5106.0
2015-04-03,269.6957702636719,8586.25,18617.6328125,1200.9000244140625,61.99,7.738,7.746,1.9040000438690183,1.3459999561309814,325.91,-1300.31,97.92796,99.8716109055207,-11.47309,8.5,4.0,7.592544694362413,2655.0,5106.0
2015-04-06,268.1099853515625,8659.900390625,18605.232421875,1218.5999755859375,62.16,7.721,7.723,1.9040000438690183,1.3049999475479126,325.91,-1300.31,97.92796,99.8716109055207,-11.47309,8.5,4.0,7.592544694362413,2655.0,5106.0
2015-04-07,264.8968505859375,8660.2998046875,18469.0859375,1210.5999755859375,62.23,7.786,7.798,1.89300000667572,1.3279999494552612,325.91,-1300.31,97.92796,99.8716109055207,-11.47309,8.5,4.0,7.592544694362413,2655.0,5106.0
2015-04-08,262.9774169921875,8714.400390625,18416.384765625,1203.0999755859375,62.22,7.786,7.805,1.8949999809265137,1.3359999656677246,325.91,-1300.31,97.92796,99.8716109055207,-11.47309,8.5,4.0,7.592544694362413,2655.0,5106.0
2015-04-09,267.56756591796875,8778.2998046875,18875.630859375,1193.5999755859375,62.18,7.774,7.755,1.9579999446868896,1.3930000066757202,325.91,-1300.31,97.92796,99.8716109055207,-11.47309,8.5,4.0,7.592544694362413,2655.0,5106.0
2015-04-10,265.64801025390625,8780.349609375,18800.630859375,1204.5999755859375,62.21,7.801,7.764,1.950999975204468,1.402999997138977,325.91,-1300.31,97.92796,99.8716109055207,-11.47309,8.5,4.0,7.592544694362413,2655.0,5106.0
2015-04-13,264.4796447753906,8834.0,18798.03125,1199.300048828125,62.38,7.796,7.754,1.9390000104904177,1.3799999952316284,325.91,-1300.31,97.92796,99.8716109055207,-11.47309,8.5,4.0,7.592544694362413,2655.0,5106.0
2015-04-14,264.4796447753906,8834.0,18798.03125,1192.800048828125,62.25,7.796,7.754,1.9040000438690183,1.3420000076293943,325.91,-1300.31,97.92796,99.8716109055207,-11.47309,8.5,4.0,7.592544694362413,2655.0,5106.0
2015-04-15,262.8938903808594,8834.0,18716.083984375,1201.5,62.34,7.782,7.759,1.899999976158142,1.3240000009536743,325.91,-1300.31,97.92796,99.8716109055207,-11.47309,8.5,4.0,7.592544694362413,2655.0,5106.0
2015-04-16,260.80743408203125,8706.7001953125,18636.833984375,1198.0,62.28,7.799,7.775,1.878000020980835,1.2899999618530271,325.91,-1300.31,97.92796,99.8716109055207,-11.47309,8.5,4.0,7.592544694362413,2655.0,5106.0
2015-04-17,258.80438232421875,8606.0,18345.337890625,1202.9000244140625,62.48,7.791,7.765,1.850000023841858,1.2920000553131104,325.91,-1300.31,97.92796,99.8716109055207,-11.47309,8.5,4.0,7.592544694362413,2655.0,5106.0
2015-04-20,259.68072509765625,8448.099609375,18112.5390625,1193.5,63.07,7.794,7.777,1.8949999809265137,1.3229999542236328,325.91,-1300.31,97.92796,99.8716109055207,-11.47309,8.5,4.0,7.592544694362413,2655.0,5106.0
2015-04-21,259.43035888671875,8377.75,18105.5390625,1202.9000244140625,62.92,7.773,7.748,1.9160000085830688,1.340999960899353,325.91,-1300.31,97.92796,99.8716109055207,-11.47309,8.5,4.0,7.592544694362413,2655.0,5106.0
2015-04-22,261.1829833984375,8429.7001953125,18243.486328125,1186.9000244140625,62.96,7.753,7.734,1.972000002861023,1.3880000114440918,325.91,-1300.31,97.92796,99.8716109055207,-11.47309,8.5,4.0,7.592544694362413,2655.0,5106.0
2015-04-23,260.2649230957031,8398.2998046875,18245.38671875,1194.4000244140625,63.27,7.757,7.743,1.9470000267028809,1.3569999933242798,325.91,-1300.31,97.92796,99.8716109055207,-11.47309,8.5,4.0,7.592544694362413,2655.0,5106.0
2015-04-24,257.2604675292969,8305.25,18001.69140625,1175.199951171875,63.55,7.787,7.78,1.9170000553131104,1.3220000267028809,325.91,-1300.31,97.92796,99.8716109055207,-11.47309,8.5,4.0,7.592544694362413,2655.0,5106.0
2015-04-27,252.2946624755859,8213.7998046875,17767.392578125,1203.300048828125,63.34,7.778,7.785,1.924000024795532,1.3420000076293943,325.91,-1300.31,97.92796,99.8716109055207,-11.47309,8.5,4.0,7.592544694362413,2655.0,5106.0
2015-04-28,272.78369140625,8285.599609375,18246.037109375,1214.0,63.05,7.761,7.783,1.9730000495910645,1.3799999952316284,325.91,-1300.31,97.92796,99.8716109055207,-11.47309,8.5,4.0,7.592544694362413,2655.0,5106.0
2015-04-29,275.537841796875,8239.75,18302.4375,1209.800048828125,63.38,7.815,7.823,2.0350000858306885,1.4220000505447388,325.91,-1300.31,97.92796,99.8716109055207,-11.47309,8.5,4.0,7.592544694362413,2655.0,5106.0
2015-04-30,276.3724060058594,8181.5,18337.88671875,1182.4000244140625,63.58,7.86,7.88,2.0460000038146973,1.4420000314712524,325.91,-1300.31,97.92796,99.8716109055207,-11.47309,8.5,4.0,7.592544694362413,2655.0,5106.0
2015-05-01,276.3724060058594,8181.5,18337.88671875,1174.5,63.63,7.86,7.88,2.117000102996826,1.506999969482422,325.91,-1300.31,98.69302,100.959142058757,-9.647772,8.5,4.0,7.592544694362413,2655.0,5106.0
2015-05-04,274.8283996582031,8331.9501953125,18501.0859375,1186.800048828125,63.64,7.86,7.88,2.134999990463257,1.4989999532699585,325.91,-1300.31,98.69302,100.959142058757,-9.647772,8.5,4.0,7.592544694362413,2655.0,5106.0
2015-05-05,274.1190490722656,8324.7998046875,18471.234375,1193.199951171875,63.31,7.849,7.868,2.1760001182556152,1.5449999570846558,325.91,-1300.31,98.69302,100.959142058757,-9.647772,8.5,4.0,7.592544694362413,2655.0,5106.0
2015-05-06,260.51531982421875,8097.0,17799.34375,1190.300048828125,63.57,7.891,7.916,2.240000009536743,1.5779999494552612,325.91,-1300.31,98.69302,100.959142058757,-9.647772,8.5,4.0,7.592544694362413,2655.0,5106.0
2015-05-07,254.2141876220703,8057.2998046875,17376.69921875,1182.4000244140625,64.08,7.993,8.046,2.184000015258789,1.5579999685287476,325.91,-1300.31,98.69302,100.959142058757,-9.647772,8.5,4.0,7.592544694362413,2655.0,5106.0
2015-05-08,264.5630187988281,8191.5,17796.392578125,1189.0999755859375,63.73,7.977,8.033,2.1500000953674316,1.4950000047683716,325.91,-1300.31,98.69302,100.959142058757,-9.647772,8.5,4.0,7.592544694362413,2655.0,5106.0
2015-05-11,269.9878234863281,8325.25,18199.5390625,1183.199951171875,63.96,7.886,7.922,2.2739999294281006,1.593000054359436,325.91,-1300.31,98.69302,100.959142058757,-9.647772,8.5,4.0,7.592544694362413,2655.0,5106.0
2015-05-12,257.21875,8126.9501953125,17628.4453125,1192.5999755859375,64.19,7.95,7.98,2.259999990463257,1.5740000009536743,325.91,-1300.31,98.69302,100.959142058757,-9.647772,8.5,4.0,7.592544694362413,2655.0,5106.0
2015-05-13,265.1055603027344,8235.4501953125,18097.23828125,1218.4000244140625,63.88,7.957,7.983,2.2820000648498535,1.562000036239624,325.91,-1300.31,98.69302,100.959142058757,-9.647772,8.5,4.0,7.592544694362413,2655.0,5106.0
2015-05-14,262.8522033691406,8224.2001953125,18115.98828125,1225.4000244140625,63.47,7.939,7.965,2.239000082015991,1.5130000114440918,325.91,-1300.31,98.69302,100.959142058757,-9.647772,8.5,4.0,7.592544694362413,2655.0,5106.0
2015-05-15,260.68231201171875,8262.349609375,18182.939453125,1225.5,63.36,7.946,7.953,2.1410000324249268,1.4600000381469729,325.91,-1300.31,98.69302,100.959142058757,-9.647772,8.5,4.0,7.592544694362413,2655.0,5106.0
2015-05-18,263.9371337890625,8373.650390625,18422.734375,1227.800048828125,63.66,7.898,7.895,2.2279999256134033,1.531000018119812,325.91,-1300.31,98.69302,100.959142058757,-9.647772,8.5,4.0,7.592544694362413,2655.0,5106.0
2015-05-19,263.1860046386719,8365.650390625,18380.1875,1206.9000244140625,63.8,7.858,7.859,2.26200008392334,1.5839999914169312,325.91,-1300.31,98.69302,100.959142058757,-9.647772,8.5,4.0,7.592544694362413,2655.0,5106.0
2015-05-20,266.0235595703125,8423.25,18554.935546875,1208.9000244140625,63.75,7.855,7.859,2.250999927520752,1.5529999732971191,325.91,-1300.31,98.69302,100.959142058757,-9.647772,8.5,4.0,7.592544694362413,2655.0,5106.0
2015-05-21,261.6837463378906,8421.0,18512.935546875,1204.4000244140625,63.51,7.876,7.883,2.184999942779541,1.5099999904632568,325.91,-1300.31,98.69302,100.959142058757,-9.647772,8.5,4.0,7.592544694362413,2655.0,5106.0
2015-05-22,261.7254638671875,8458.9501953125,18433.0859375,1204.300048828125,63.43,7.858,7.856,2.2149999141693115,1.562000036239624,325.91,-1300.31,98.69302,100.959142058757,-9.647772,8.5,4.0,7.592544694362413,2655.0,5106.0
2015-05-25,260.51531982421875,8370.25,18324.63671875,1204.300048828125,63.43,7.864,7.873,2.2149999141693115,1.562000036239624,325.91,-1300.31,98.69302,100.959142058757,-9.647772,8.5,4.0,7.592544694362413,2655.0,5106.0
2015-05-26,258.4705505371094,8339.349609375,18329.087890625,1187.199951171875,63.87,7.891,7.894,2.13700008392334,1.52400004863739,325.91,-1300.31,98.69302,100.959142058757,-9.647772,8.5,4.0,7.592544694362413,2655.0,5106.0
2015-05-27,261.3498840332031,8334.599609375,18538.634765625,1185.9000244140625,63.92,7.868,7.875,2.134999990463257,1.531999945640564,325.91,-1300.31,98.69302,100.959142058757,-9.647772,8.5,4.0,7.592544694362413,2655.0,5106.0
2015-05-28,262.4765625,8319.0,18448.984375,1188.0999755859375,63.83,7.854,7.858,2.130000114440918,1.506999969482422,325.91,-1300.31,98.69302,100.959142058757,-9.647772,8.5,4.0,7.592544694362413,2655.0,5106.0
2015-05-29,264.77166748046875,8433.650390625,18721.1328125,1189.4000244140625,63.71,7.815,7.841,2.0950000286102295,1.4670000076293943,325.91,-1300.31,98.69302,100.959142058757,-9.647772,8.5,4.0,7.592544694362413,2655.0,5106.0
2015-06-01,264.10400390625,8433.400390625,18616.783203125,1188.300048828125,63.59,7.822,7.853,2.191999912261963,1.555999994277954,325.91,-1300.31,99.84061,101.321652443169,-11.41712,8.25,4.0,7.592544694362413,2655.0,5106.0
2015-06-02,254.1307678222656,8236.4501953125,17977.091796875,1194.0999755859375,63.72,7.933,7.948,2.2660000324249268,1.6080000400543213,325.91,-1300.31,99.84061,101.321652443169,-11.41712,8.25,4.0,7.592544694362413,2655.0,5106.0
2015-06-03,246.82815551757812,8135.10009765625,17721.1953125,1184.699951171875,63.99,7.951,7.987,2.365999937057495,1.684999942779541,325.91,-1300.31,99.84061,101.321652443169,-11.41712,8.25,4.0,7.592544694362413,2655.0,5106.0
2015-06-04,246.27630615234375,8130.64990234375,17718.994140625,1174.9000244140625,63.96,8.01,8.045,2.306999921798706,1.6410000324249268,325.91,-1300.31,99.84061,101.321652443169,-11.41712,8.25,4.0,7.592544694362413,2655.0,5106.0
2015-06-05,241.1827392578125,8114.7001953125,17549.046875,1167.800048828125,63.76,7.983,8.011,2.4019999504089355,1.7400000095367432,325.91,-1300.31,99.84061,101.321652443169,-11.41712,8.25,4.0,7.592544694362413,2655.0,5106.0
2015-06-08,240.376220703125,8044.14990234375,17432.396484375,1173.199951171875,64.03,7.801,8.021,2.38100004196167,1.7070000171661377,325.91,-1300.31,99.84061,101.321652443169,-11.41712,8.25,4.0,7.592544694362413,2655.0,5106.0
2015-06-09,243.72952270507812,8022.39990234375,17489.697265625,1177.300048828125,63.96,7.789,7.984,2.4170000553131104,1.7350000143051147,325.91,-1300.31,99.84061,101.321652443169,-11.41712,8.25,4.0,7.592544694362413,2655.0,5106.0
2015-06-10,248.3137969970703,8124.4501953125,17707.044921875,1186.0999755859375,63.81,7.825,8.035,2.4779999256134033,1.7890000343322754,325.91,-1300.31,99.84061,101.321652443169,-11.41712,8.25,4.0,7.592544694362413,2655.0,5106.0
2015-06-11,244.9180603027344,7965.35009765625,17304.19921875,1179.9000244140625,63.93,7.879,8.101,2.382999897003174,1.72599995136261,325.91,-1300.31,99.84061,101.321652443169,-11.41712,8.25,4.0,7.592544694362413,2655.0,5106.0
2015-06-12,251.24261474609375,7982.89990234375,17523.34765625,1178.800048828125,64.02,7.886,8.13,2.384999990463257,1.7339999675750732,325.91,-1300.31,99.84061,101.321652443169,-11.41712,8.25,4.0,7.592544694362413,2655.0,5106.0
2015-06-15,254.00164794921875,8013.89990234375,17458.49609375,1185.300048828125,64.03,7.863,8.096,2.3580000400543213,1.7000000476837158,325.91,-1300.31,99.84061,101.321652443169,-11.41712,8.25,4.0,7.592544694362413,2655.0,5106.0
2015-06-16,256.4211120605469,8047.2998046875,17602.244140625,1180.5,64.21,7.882,8.108,2.318000078201294,1.6679999828338623,325.91,-1300.31,99.84061,101.321652443169,-11.41712,8.25,4.0,7.592544694362413,2655.0,5106.0
2015-06-17,255.8268890380859,8091.5498046875,17583.845703125,1176.4000244140625,64.14,7.846,8.071,2.305999994277954,1.621999979019165,325.91,-1300.31,99.84061,101.321652443169,-11.41712,8.25,4.0,7.592544694362413,2655.0,5106.0
2015-06-18,257.52471923828125,8174.60009765625,17733.34375,1201.5,63.62,7.763,7.989,2.3510000705718994,1.6399999856948853,325.91,-1300.31,99.84061,101.321652443169,-11.41712,8.25,4.0,7.592544694362413,2655.0,5106.0
2015-06-19,258.54345703125,8224.9501953125,17880.642578125,1201.5,63.43,7.708,7.893,2.2669999599456787,1.5779999494552612,325.91,-1300.31,99.84061,101.321652443169,-11.41712,8.25,4.0,7.592544694362413,2655.0,5106.0
2015-06-22,267.457275390625,8353.099609375,18334.287109375,1183.699951171875,63.51,7.736,7.929,2.359999895095825,1.6540000438690186,325.91,-1300.31,99.84061,101.321652443169,-11.41712,8.25,4.0,7.592544694362413,2655.0,5106.0
2015-06-23,266.14141845703125,8381.5498046875,18391.13671875,1176.199951171875,63.57,7.748,7.944,2.4089999198913574,1.694000005722046,325.91,-1300.31,99.84061,101.321652443169,-11.41712,8.25,4.0,7.592544694362413,2655.0,5106.0
2015-06-24,269.7493896484375,8360.849609375,18365.337890625,1172.5999755859375,63.54,7.804,8.003,2.371000051498413,1.6660000085830688,325.91,-1300.31,99.84061,101.321652443169,-11.41712,8.25,4.0,7.592544694362413,2655.0,5106.0
2015-06-25,267.24505615234375,8398.0,18492.685546875,1171.5,63.5,7.823,8.052,2.3929998874664307,1.7039999961853027,325.91,-1300.31,99.84061,101.321652443169,-11.41712,8.25,4.0,7.592544694362413,2655.0,5106.0
2015-06-26,264.6133728027344,8381.099609375,18371.287109375,1172.9000244140625,63.54,7.821,8.091,2.4760000705718994,1.7549999952316284,325.91,-1300.31,99.84061,101.321652443169,-11.41712,8.25,4.0,7.592544694362413,2655.0,5106.0
2015-06-29,264.1888427734375,8318.400390625,18241.037109375,1178.5,63.73,7.886,8.086,2.3310000896453857,1.625,325.91,-1300.31,99.84061,101.321652443169,-11.41712,8.25,4.0,7.592544694362413,2655.0,5106.0
2015-06-30,261.4722900390625,8368.5,18295.88671875,1171.5,63.59,7.861,8.063,2.3350000381469727,1.628000020980835,325.91,-1300.31,99.84061,101.321652443169,-11.41712,8.25,4.0,7.592544694362413,2655.0,5106.0
2015-07-01,265.03778076171875,8453.0498046875,18581.3828125,1169.0,63.55,7.817,8.031,2.4179999828338623,1.7020000219345093,325.91,-1300.31,100.6057,100.687259270448,-11.79108,8.25,4.0,8.033805896771229,2709.0,5265.0
2015-07-02,265.7169494628906,8444.900390625,18585.333984375,1163.0,63.36,7.811,8.001,2.3929998874664307,1.6449999809265137,325.91,-1300.31,100.6057,100.687259270448,-11.79108,8.25,4.0,8.033805896771229,2709.0,5265.0
2015-07-03,267.0328369140625,8484.900390625,18729.43359375,1163.0,63.36,7.799,7.988,2.3929998874664307,1.6449999809265137,325.91,-1300.31,100.6057,100.687259270448,-11.79108,8.25,4.0,8.033805896771229,2709.0,5265.0
2015-07-06,267.5422058105469,8522.150390625,18824.931640625,1172.9000244140625,63.24,7.753,7.936,2.2780001163482666,1.5479999780654907,325.91,-1300.31,100.6057,100.687259270448,-11.79108,8.25,4.0,8.033805896771229,2709.0,5265.0
2015-07-07,265.37738037109375,8510.7998046875,18798.28125,1152.4000244140625,63.51,7.78,7.96,2.2309999465942383,1.5199999809265137,325.91,-1300.31,100.6057,100.687259270448,-11.79108,8.25,4.0,8.033805896771229,2709.0,5265.0
2015-07-08,261.09027099609375,8363.0498046875,18462.935546875,1163.300048828125,63.47,7.781,7.955,2.2060000896453857,1.493000030517578,325.91,-1300.31,100.6057,100.687259270448,-11.79108,8.25,4.0,8.033805896771229,2709.0,5265.0
2015-07-09,262.74566650390625,8328.5498046875,18508.484375,1159.0,63.31,7.792,7.952,2.3010001182556152,1.569000005722046,325.91,-1300.31,100.6057,100.687259270448,-11.79108,8.25,4.0,8.033805896771229,2709.0,5265.0
2015-07-10,265.84429931640625,8360.5498046875,18719.583984375,1157.699951171875,63.33,7.802,7.939,2.4170000553131104,1.6779999732971191,325.91,-1300.31,100.6057,100.687259270448,-11.79108,8.25,4.0,8.033805896771229,2709.0,5265.0
2015-07-13,268.6033020019531,8459.650390625,18893.33203125,1155.199951171875,63.43,7.867,8.036,2.430000066757202,1.6979999542236328,325.91,-1300.31,100.6057,100.687259270448,-11.79108,8.25,4.0,8.033805896771229,2709.0,5265.0
2015-07-14,266.0989990234375,8454.099609375,18779.98046875,1153.300048828125,63.27,7.823,8.003,2.3989999294281006,1.6610000133514404,325.91,-1300.31,100.6057,100.687259270448,-11.79108,8.25,4.0,8.033805896771229,2709.0,5265.0
2015-07-15,267.11767578125,8523.7998046875,18816.03125,1147.199951171875,63.48,7.839,8.018,2.3499999046325684,1.6230000257492063,325.91,-1300.31,100.6057,100.687259270448,-11.79108,8.25,4.0,8.033805896771229,2709.0,5265.0
2015-07-16,269.1976013183594,8608.0498046875,19167.828125,1143.800048828125,63.43,7.845,8.016,2.3519999980926514,1.6510000228881836,325.91,-1300.31,100.6057,100.687259270448,-11.79108,8.25,4.0,8.033805896771229,2709.0,5265.0
2015-07-17,269.4947509765625,8609.849609375,19094.4765625,1131.800048828125,63.45,7.83,7.998,2.3489999771118164,1.6699999570846558,325.91,-1300.31,100.6057,100.687259270448,-11.79108,8.25,4.0,8.033805896771229,2709.0,5265.0
2015-07-20,268.0940246582031,8603.4501953125,19032.478515625,1106.699951171875,63.61,7.84,8.03,2.371999979019165,1.7039999961853027,325.91,-1300.31,100.6057,100.687259270448,-11.79108,8.25,4.0,8.033805896771229,2709.0,5265.0
2015-07-21,264.4010925292969,8529.4501953125,18723.18359375,1103.4000244140625,63.57,7.836,8.02,2.3399999141693115,1.6660000085830688,325.91,-1300.31,100.6057,100.687259270448,-11.79108,8.25,4.0,8.033805896771229,2709.0,5265.0
2015-07-22,268.9429626464844,8633.5,18996.779296875,1091.4000244140625,63.6,7.828,8.009,2.322000026702881,1.6679999828338623,325.91,-1300.31,100.6057,100.687259270448,-11.79108,8.25,4.0,8.033805896771229,2709.0,5265.0
2015-07-23,265.6321105957031,8589.7998046875,18864.78125,1094.0,63.86,7.803,7.982,2.2769999504089355,1.6380000114440918,325.91,-1300.31,100.6057,100.687259270448,-11.79108,8.25,4.0,8.033805896771229,2709.0,5265.0
2015-07-24,255.190185546875,8521.5498046875,18635.6328125,1085.5999755859375,64.04,7.83,7.996,2.2709999084472656,1.6230000257492063,325.91,-1300.31,100.6057,100.687259270448,-11.79108,8.25,4.0,8.033805896771229,2709.0,5265.0
2015-07-27,247.125244140625,8361.0,18212.83984375,1096.5,64.24,7.828,8.004,2.2279999256134033,1.5720000267028809,325.91,-1300.31,100.6057,100.687259270448,-11.79108,8.25,4.0,8.033805896771229,2709.0,5265.0
2015-07-28,241.94676208496097,8337.0,18282.587890625,1096.300048828125,63.76,7.805,7.943,2.25,1.587000012397766,325.91,-1300.31,100.6057,100.687259270448,-11.79108,8.25,4.0,8.033805896771229,2709.0,5265.0
2015-07-29,245.55471801757812,8375.0498046875,18323.1875,1092.699951171875,63.83,7.809,7.943,2.2790000438690186,1.6080000400543213,325.91,-1300.31,100.6057,100.687259270448,-11.79108,8.25,4.0,8.033805896771229,2709.0,5265.0
2015-07-30,247.04037475585935,8421.7998046875,18440.185546875,1088.4000244140625,64.09,7.821,7.951,2.2679998874664307,1.6230000257492063,325.91,-1300.31,100.6057,100.687259270448,-11.79108,8.25,4.0,8.033805896771229,2709.0,5265.0
2015-07-31,256.71826171875,8532.849609375,18729.6328125,1094.9000244140625,63.87,7.806,7.938,2.2049999237060547,1.5479999780654907,325.91,-1300.31,100.6057,100.687259270448,-11.79108,8.25,4.0,8.033805896771229,2709.0,5265.0
2015-08-03,265.6321105957031,8543.0498046875,18914.478515625,1089.4000244140625,63.99,7.813,7.95,2.1500000953674316,1.5140000581741333,325.91,-1300.31,100.6057,100.687259270448,-11.79108,8.25,4.0,8.033805896771229,2709.0,5265.0
2015-08-04,266.60833740234375,8516.900390625,18972.37890625,1090.699951171875,63.71,7.84,7.98,2.2109999656677246,1.5920000076293943,325.91,-1300.31,100.6057,100.687259270448,-11.79108,8.25,4.0,8.033805896771229,2709.0,5265.0
2015-08-05,264.3161926269531,8567.9501953125,18928.330078125,1085.699951171875,63.73,7.836,7.987,2.2679998874664307,1.6430000066757202,325.91,-1300.31,100.6057,100.687259270448,-11.79108,8.25,4.0,8.033805896771229,2709.0,5265.0
2015-08-06,264.0615539550781,8588.650390625,19029.12890625,1090.199951171875,63.67,7.806,7.954,2.2339999675750732,1.6139999628067017,325.91,-1300.31,100.6057,100.687259270448,-11.79108,8.25,4.0,8.033805896771229,2709.0,5265.0
2015-08-07,263.29754638671875,8564.599609375,18893.33203125,1094.0999755859375,63.74,7.809,7.954,2.174999952316284,1.5820000171661377,325.91,-1300.31,100.6057,100.687259270448,-11.79108,8.25,4.0,8.033805896771229,2709.0,5265.0
2015-08-10,262.8305969238281,8525.599609375,18874.78125,1104.199951171875,63.77,7.788,7.938,2.23799991607666,1.6200000047683716,325.91,-1300.31,100.6057,100.687259270448,-11.79108,8.25,4.0,8.033805896771229,2709.0,5265.0
2015-08-11,256.59088134765625,8462.349609375,18616.68359375,1107.5999755859375,64.33,7.796,7.941,2.13700008392334,1.524999976158142,325.91,-1300.31,100.6057,100.687259270448,-11.79108,8.25,4.0,8.033805896771229,2709.0,5265.0
2015-08-12,247.5921936035156,8349.4501953125,18059.541015625,1123.199951171875,64.8,7.796,7.933,2.130000114440918,1.503999948501587,325.91,-1300.31,100.6057,100.687259270448,-11.79108,8.25,4.0,8.033805896771229,2709.0,5265.0
2015-08-13,247.8044586181641,8355.849609375,18175.189453125,1115.699951171875,65.27,7.744,7.883,2.188999891281128,1.5740000009536743,325.91,-1300.31,100.6057,100.687259270448,-11.79108,8.25,4.0,8.033805896771229,2709.0,5265.0
2015-08-14,256.8880310058594,8518.5498046875,18723.3828125,1112.9000244140625,65.02,7.745,7.874,2.196000099182129,1.597000002861023,325.91,-1300.31,100.6057,100.687259270448,-11.79108,8.25,4.0,8.033805896771229,2709.0,5265.0
2015-08-17,257.1427307128906,8477.2998046875,18821.83203125,1118.5999755859375,65.39,7.744,7.872,2.1500000953674316,1.5529999732971191,325.91,-1300.31,100.6057,100.687259270448,-11.79108,8.25,4.0,8.033805896771229,2709.0,5265.0
2015-08-18,255.61463928222656,8466.5498046875,18780.630859375,1117.0999755859375,65.44,7.744,7.872,2.196000099182129,1.5809999704360962,325.91,-1300.31,100.6057,100.687259270448,-11.79108,8.25,4.0,8.033805896771229,2709.0,5265.0
2015-08-19,258.50103759765625,8495.150390625,18703.033203125,1128.0999755859375,65.17,7.741,7.854,2.128999948501587,1.5,325.91,-1300.31,100.6057,100.687259270448,-11.79108,8.25,4.0,8.033805896771229,2709.0,5265.0
2015-08-20,253.19517517089844,8372.75,18282.88671875,1153.0,65.49,7.747,7.861,2.0840001106262207,1.4880000352859497,325.91,-1300.31,100.6057,100.687259270448,-11.79108,8.25,4.0,8.033805896771229,2709.0,5265.0
2015-08-21,251.70950317382812,8299.9501953125,18056.990234375,1159.5999755859375,66.02,7.784,7.896,2.053999900817871,1.4390000104904177,325.91,-1300.31,100.6057,100.687259270448,-11.79108,8.25,4.0,8.033805896771229,2709.0,5265.0
2015-08-24,229.17027282714844,7809.0,16811.60546875,1153.4000244140625,66.8,7.893,8.009,1.996999979019165,1.3639999628067017,325.91,-1300.31,100.6057,100.687259270448,-11.79108,8.25,4.0,8.033805896771229,2709.0,5265.0
2015-08-25,240.67332458496097,7880.7001953125,17192.55078125,1138.199951171875,66.07,7.814,7.941,2.132999897003174,1.4800000190734863,325.91,-1300.31,100.6057,100.687259270448,-11.79108,8.25,4.0,8.033805896771229,2709.0,5265.0
2015-08-26,236.0466461181641,7791.85009765625,16917.453125,1124.5999755859375,66.11,7.791,7.9,2.171999931335449,1.4730000495910645,325.91,-1300.31,100.6057,100.687259270448,-11.79108,8.25,4.0,8.033805896771229,2709.0,5265.0
2015-08-27,239.78195190429688,7948.9501953125,17214.201171875,1122.4000244140625,65.99,7.766,7.887,2.1679999828338623,1.4839999675750732,325.91,-1300.31,100.6057,100.687259270448,-11.79108,8.25,4.0,8.033805896771229,2709.0,5265.0
2015-08-28,240.84312438964844,8001.9501953125,17211.75,1133.0999755859375,66.14,7.777,7.895,2.186000108718872,1.524999976158142,325.91,-1300.31,100.6057,100.687259270448,-11.79108,8.25,4.0,8.033805896771229,2709.0,5265.0
2015-08-31,235.91929626464844,7971.2998046875,17146.3515625,1131.5999755859375,66.39,7.784,7.912,2.200000047683716,1.5410000085830688,325.91,-1300.31,100.6057,100.687259270448,-11.79108,8.25,4.0,8.033805896771229,2709.0,5265.0
2015-09-01,230.0192108154297,7785.85009765625,16530.109375,1138.699951171875,66.34,7.751,7.887,2.171999931335449,1.503999948501587,325.91,-1300.31,101.7533,99.5997281172117,-9.958375,8.25,4.0,8.033805896771229,2709.0,5265.0
2015-09-02,224.84068298339844,7717.0,16252.51171875,1132.5,66.16,7.75,7.884,2.193000078201294,1.5199999809265137,325.91,-1300.31,101.7533,99.5997281172117,-9.958375,8.25,4.0,8.033805896771229,2709.0,5265.0
2015-09-03,226.53857421875,7823.0,16555.20703125,1123.699951171875,66.07,7.746,7.881,2.1679999828338623,1.4880000352859497,325.91,-1300.31,101.7533,99.5997281172117,-9.958375,8.25,4.0,8.033805896771229,2709.0,5265.0
2015-09-04,218.8132476806641,7655.0498046875,16128.912109375,1120.5999755859375,66.7,7.753,7.893,2.128000020980835,1.465000033378601,325.91,-1300.31,101.7533,99.5997281172117,-9.958375,8.25,4.0,8.033805896771229,2709.0,5265.0
2015-09-07,211.4699554443359,7558.7998046875,15789.916015625,1120.5999755859375,66.7,7.801,7.929,2.128000020980835,1.465000033378601,325.91,-1300.31,101.7533,99.5997281172117,-9.958375,8.25,4.0,8.033805896771229,2709.0,5265.0
2015-09-08,221.40249633789065,7688.25,16350.759765625,1120.4000244140625,66.36,7.771,7.9,2.194000005722046,1.5219999551773071,325.91,-1300.31,101.7533,99.5997281172117,-9.958375,8.25,4.0,8.033805896771229,2709.0,5265.0
2015-09-09,224.5860290527344,7818.60009765625,16631.306640625,1102.199951171875,66.47,7.766,7.903,2.180999994277954,1.5160000324249268,325.91,-1300.31,101.7533,99.5997281172117,-9.958375,8.25,4.0,8.033805896771229,2709.0,5265.0
2015-09-10,227.0054931640625,7788.10009765625,16597.45703125,1109.5,66.46,7.772,7.903,2.2219998836517334,1.5449999570846558,325.91,-1300.31,101.7533,99.5997281172117,-9.958375,8.25,4.0,8.033805896771229,2709.0,5265.0
2015-09-11,227.13279724121097,7789.2998046875,16612.40625,1103.5,66.39,7.771,7.902,2.183000087738037,1.50600004196167,325.91,-1300.31,101.7533,99.5997281172117,-9.958375,8.25,4.0,8.033805896771229,2709.0,5265.0
2015-09-14,231.25018310546875,7872.25,16911.603515625,1107.699951171875,66.32,7.755,7.889,2.180000066757202,1.5099999904632568,325.91,-1300.31,101.7533,99.5997281172117,-9.958375,8.25,4.0,8.033805896771229,2709.0,5265.0
2015-09-15,227.93930053710935,7829.10009765625,16739.35546875,1102.800048828125,66.36,7.756,7.897,2.2809998989105225,1.60099995136261,325.91,-1300.31,101.7533,99.5997281172117,-9.958375,8.25,4.0,8.033805896771229,2709.0,5265.0
2015-09-16,231.6322021484375,7899.14990234375,16964.65234375,1119.199951171875,66.45,7.753,7.904,2.302999973297119,1.6119999885559082,325.91,-1300.31,101.7533,99.5997281172117,-9.958375,8.25,4.0,8.033805896771229,2709.0,5265.0
2015-09-17,231.6322021484375,7899.14990234375,16964.65234375,1117.300048828125,66.12,7.753,7.904,2.2170000076293945,1.5019999742507937,325.91,-1300.31,101.7533,99.5997281172117,-9.958375,8.25,4.0,8.033805896771229,2709.0,5265.0
2015-09-18,235.87684631347656,7981.89990234375,17408.947265625,1138.0999755859375,65.7,7.697,7.842,2.130000114440918,1.437000036239624,325.91,-1300.31,101.7533,99.5997281172117,-9.958375,8.25,4.0,8.033805896771229,2709.0,5265.0
2015-09-21,237.1078186035156,7977.10009765625,17542.697265625,1133.0999755859375,65.66,7.703,7.847,2.2139999866485596,1.5019999742507937,325.91,-1300.31,101.7533,99.5997281172117,-9.958375,8.25,4.0,8.033805896771229,2709.0,5265.0
2015-09-22,229.6796417236328,7812.0,17030.953125,1125.0,65.85,7.715,7.867,2.125,1.4240000247955322,325.91,-1300.31,101.7533,99.5997281172117,-9.958375,8.25,4.0,8.033805896771229,2709.0,5265.0
2015-09-23,232.05665588378903,7845.9501953125,17255.099609375,1131.5999755859375,66.05,7.715,7.872,2.1440000534057617,1.4390000104904177,325.91,-1300.31,101.7533,99.5997281172117,-9.958375,8.25,4.0,8.033805896771229,2709.0,5265.0
2015-09-24,227.76950073242188,7868.5,17196.451171875,1153.800048828125,66.32,7.715,7.859,2.119999885559082,1.4450000524520874,325.91,-1300.31,101.7533,99.5997281172117,-9.958375,8.25,4.0,8.033805896771229,2709.0,5265.0
2015-09-25,227.76950073242188,7868.5,17196.451171875,1146.0,66.12,7.715,7.859,2.1679999828338623,1.4789999723434448,325.91,-1300.31,101.7533,99.5997281172117,-9.958375,8.25,4.0,8.033805896771229,2709.0,5265.0
2015-09-28,227.5997314453125,7795.7001953125,17100.1015625,1132.0,66.2,7.725,7.884,2.0950000286102295,1.4190000295639038,325.91,-1300.31,101.7533,99.5997281172117,-9.958375,8.25,4.0,8.033805896771229,2709.0,5265.0
2015-09-29,228.36376953125,7843.2998046875,17280.998046875,1127.0999755859375,65.9,7.611,7.723,2.053999900817871,1.375,325.91,-1300.31,101.7533,99.5997281172117,-9.958375,8.25,4.0,8.033805896771229,2709.0,5265.0
2015-09-30,229.5098571777344,7948.89990234375,17216.1015625,1115.5,65.5,7.539,7.624,2.059999942779541,1.375,325.91,-1300.31,101.7533,99.5997281172117,-9.958375,8.25,4.0,8.033805896771229,2709.0,5265.0
2015-10-01,226.75079345703125,7950.89990234375,17150.0,1114.199951171875,65.57,7.561,7.658,2.0420000553131104,1.3700000047683716,325.91,-1300.31,102.9009,99.78098330941772,-8.252065999999997,7.75,4.0,7.197432414933291,2889.0,5573.0
2015-10-02,226.75079345703125,7950.89990234375,17150.0,1137.0999755859375,65.35,7.561,7.658,1.9889999628067017,1.2860000133514404,325.91,-1300.31,102.9009,99.78098330941772,-8.252065999999997,7.75,4.0,7.197432414933291,2889.0,5573.0
2015-10-05,238.5085601806641,8119.2998046875,17673.845703125,1138.0999755859375,65.12,7.513,7.612,2.055999994277954,1.3459999561309814,325.91,-1300.31,102.9009,99.78098330941772,-8.252065999999997,7.75,4.0,7.197432414933291,2889.0,5573.0
2015-10-06,240.03663635253903,8152.89990234375,17605.14453125,1146.800048828125,65.18,7.527,7.625,2.0350000858306885,1.3309999704360962,325.91,-1300.31,102.9009,99.78098330941772,-8.252065999999997,7.75,4.0,7.197432414933291,2889.0,5573.0
2015-10-07,240.24888610839844,8177.39990234375,17616.595703125,1149.0,64.86,7.54,7.66,2.062000036239624,1.3650000095367432,325.91,-1300.31,102.9009,99.78098330941772,-8.252065999999997,7.75,4.0,7.197432414933291,2889.0,5573.0
2015-10-08,236.38621520996097,8129.35009765625,17474.09765625,1144.699951171875,64.97,7.536,7.644,2.1080000400543213,1.3980000019073486,325.91,-1300.31,102.9009,99.78098330941772,-8.252065999999997,7.75,4.0,7.197432414933291,2889.0,5573.0
2015-10-09,242.8805694580078,8189.7001953125,17590.044921875,1156.300048828125,64.76,7.545,7.649,2.0989999771118164,1.406000018119812,325.91,-1300.31,102.9009,99.78098330941772,-8.252065999999997,7.75,4.0,7.197432414933291,2889.0,5573.0
2015-10-12,244.15402221679688,8143.60009765625,17582.9453125,1164.9000244140625,64.76,7.58,7.666,2.0899999141693115,1.399999976158142,325.91,-1300.31,102.9009,99.78098330941772,-8.252065999999997,7.75,4.0,7.197432414933291,2889.0,5573.0
2015-10-13,244.0266876220703,8131.7001953125,17554.646484375,1165.800048828125,65.06,7.56,7.658,2.055000066757202,1.3619999885559082,325.91,-1300.31,102.9009,99.78098330941772,-8.252065999999997,7.75,4.0,7.197432414933291,2889.0,5573.0
2015-10-14,240.16400146484375,8107.89990234375,17543.046875,1180.0999755859375,64.87,7.554,7.648,1.9809999465942385,1.2799999713897705,325.91,-1300.31,102.9009,99.78098330941772,-8.252065999999997,7.75,4.0,7.197432414933291,2889.0,5573.0
2015-10-15,243.09280395507812,8179.5,17685.89453125,1187.9000244140625,64.77,7.548,7.635,2.0230000019073486,1.3329999446868896,325.91,-1300.31,102.9009,99.78098330941772,-8.252065999999997,7.75,4.0,7.197432414933291,2889.0,5573.0
2015-10-16,245.7245330810547,8238.150390625,17912.640625,1183.5999755859375,64.7,7.564,7.649,2.0230000019073486,1.3459999561309814,325.91,-1300.31,102.9009,99.78098330941772,-8.252065999999997,7.75,4.0,7.197432414933291,2889.0,5573.0
2015-10-19,243.81442260742188,8275.0498046875,17854.84375,1173.300048828125,64.9,7.571,7.647,2.0280001163482666,1.3459999561309814,325.91,-1300.31,102.9009,99.78098330941772,-8.252065999999997,7.75,4.0,7.197432414933291,2889.0,5573.0
2015-10-20,242.96548461914065,8261.650390625,17830.04296875,1178.0,64.97,7.579,7.644,2.071000099182129,1.3880000114440918,325.91,-1300.31,102.9009,99.78098330941772,-8.252065999999997,7.75,4.0,7.197432414933291,2889.0,5573.0
2015-10-21,239.9942169189453,8251.7001953125,17710.345703125,1167.5999755859375,65.19,7.583,7.654,2.0299999713897705,1.3589999675750732,325.91,-1300.31,102.9009,99.78098330941772,-8.252065999999997,7.75,4.0,7.197432414933291,2889.0,5573.0
2015-10-22,239.9942169189453,8251.7001953125,17710.345703125,1166.5999755859375,64.91,7.583,7.654,2.0250000953674316,1.3450000286102295,325.91,-1300.31,102.9009,99.78098330941772,-8.252065999999997,7.75,4.0,7.197432414933291,2889.0,5573.0
2015-10-23,243.0078887939453,8295.4501953125,17933.841796875,1163.300048828125,64.87,7.585,7.65,2.0829999446868896,1.4149999618530271,325.91,-1300.31,102.9009,99.78098330941772,-8.252065999999997,7.75,4.0,7.197432414933291,2889.0,5573.0
2015-10-26,242.24386596679688,8260.5498046875,17814.84375,1167.0,64.83,7.611,7.683,2.058000087738037,1.3980000019073486,325.91,-1300.31,102.9009,99.78098330941772,-8.252065999999997,7.75,4.0,7.197432414933291,2889.0,5573.0
2015-10-27,240.84312438964844,8232.900390625,17806.09375,1166.800048828125,65.03,7.604,7.67,2.0280001163482666,1.3569999933242798,325.91,-1300.31,102.9009,99.78098330941772,-8.252065999999997,7.75,4.0,7.197432414933291,2889.0,5573.0
2015-10-28,230.23143005371097,8171.2001953125,17372.94921875,1177.0999755859375,64.89,7.591,7.652,2.0920000076293945,1.4589999914169312,325.91,-1300.31,102.9009,99.78098330941772,-8.252065999999997,7.75,4.0,7.197432414933291,2889.0,5573.0
2015-10-29,230.44369506835935,8111.75,17212.0,1147.199951171875,65.35,7.629,7.685,2.1730000972747803,1.531999945640564,325.91,-1300.31,102.9009,99.78098330941772,-8.252065999999997,7.75,4.0,7.197432414933291,2889.0,5573.0
2015-10-30,235.15524291992188,8065.7998046875,17354.298828125,1141.5,65.4,7.64,7.682,2.1510000228881836,1.527999997138977,325.91,-1300.31,102.9009,99.78098330941772,-8.252065999999997,7.75,4.0,7.197432414933291,2889.0,5573.0
2015-11-02,237.32003784179688,8050.7998046875,17340.3984375,1135.800048828125,65.58,7.629,7.664,2.187000036239624,1.5640000104904177,325.91,-1300.31,102.9009,99.78098330941772,-8.252065999999997,7.75,4.0,7.197432414933291,2889.0,5573.0
2015-11-03,237.23516845703125,8060.7001953125,17325.3984375,1114.199951171875,65.57,7.646,7.679,2.2200000286102295,1.593999981880188,325.91,-1300.31,102.9009,99.78098330941772,-8.252065999999997,7.75,4.0,7.197432414933291,2889.0,5573.0
2015-11-04,232.05665588378903,8040.2001953125,17220.8515625,1106.5,65.46,7.652,7.684,2.2300000190734863,1.6369999647140503,325.91,-1300.31,102.9009,99.78098330941772,-8.252065999999997,7.75,4.0,7.197432414933291,2889.0,5573.0
2015-11-05,229.25515747070312,7955.4501953125,16994.90234375,1104.4000244140625,65.85,7.679,7.697,2.244999885559082,1.6460000276565552,325.91,-1300.31,102.9009,99.78098330941772,-8.252065999999997,7.75,4.0,7.197432414933291,2889.0,5573.0
2015-11-06,226.75079345703125,7954.2998046875,17086.30078125,1087.5999755859375,66.13,7.685,7.704,2.3329999446868896,1.7389999628067017,325.91,-1300.31,102.9009,99.78098330941772,-8.252065999999997,7.75,4.0,7.197432414933291,2889.0,5573.0
2015-11-09,223.3975067138672,7915.2001953125,17002.802734375,1087.9000244140625,66.38,7.725,7.772,2.3420000076293945,1.7359999418258667,325.91,-1300.31,102.9009,99.78098330941772,-8.252065999999997,7.75,4.0,7.197432414933291,2889.0,5573.0
2015-11-10,223.1003570556641,7783.35009765625,16835.8046875,1088.199951171875,66.19,7.682,7.745,2.322000026702881,1.7029999494552612,325.91,-1300.31,102.9009,99.78098330941772,-8.252065999999997,7.75,4.0,7.197432414933291,2889.0,5573.0
2015-11-11,223.1003570556641,7783.35009765625,16835.8046875,1084.699951171875,66.19,7.682,7.745,2.3380000591278076,1.718000054359436,325.91,-1300.31,102.9009,99.78098330941772,-8.252065999999997,7.75,4.0,7.197432414933291,2889.0,5573.0
2015-11-12,223.1003570556641,7783.35009765625,16835.8046875,1080.800048828125,66.04,7.682,7.745,2.319000005722046,1.718000054359436,325.91,-1300.31,102.9009,99.78098330941772,-8.252065999999997,7.75,4.0,7.197432414933291,2889.0,5573.0
2015-11-13,222.208984375,7762.25,16932.65234375,1080.800048828125,66.12,7.646,7.71,2.2799999713897705,1.6699999570846558,325.91,-1300.31,102.9009,99.78098330941772,-8.252065999999997,7.75,4.0,7.197432414933291,2889.0,5573.0
2015-11-16,226.8781280517578,7806.60009765625,17184.701171875,1083.699951171875,66.01,7.652,7.715,2.2730000019073486,1.6519999504089355,325.91,-1300.31,102.9009,99.78098330941772,-8.252065999999997,7.75,4.0,7.197432414933291,2889.0,5573.0
2015-11-17,227.38751220703125,7837.5498046875,17140.25,1068.699951171875,65.96,7.667,7.728,2.260999917984009,1.6540000438690186,325.91,-1300.31,102.9009,99.78098330941772,-8.252065999999997,7.75,4.0,7.197432414933291,2889.0,5573.0
2015-11-18,221.1053466796875,7731.7998046875,16811.904296875,1068.800048828125,66.16,7.679,7.741,2.2690000534057617,1.6759999990463257,325.91,-1300.31,102.9009,99.78098330941772,-8.252065999999997,7.75,4.0,7.197432414933291,2889.0,5573.0
2015-11-19,226.15655517578125,7842.75,17071.701171875,1078.0,66.05,7.672,7.741,2.247999906539917,1.6710000038146973,325.91,-1300.31,102.9009,99.78098330941772,-8.252065999999997,7.75,4.0,7.197432414933291,2889.0,5573.0
2015-11-20,224.92559814453125,7856.5498046875,17055.40234375,1076.4000244140625,66.06,7.697,7.767,2.26200008392334,1.6859999895095823,325.91,-1300.31,102.9009,99.78098330941772,-8.252065999999997,7.75,4.0,7.197432414933291,2889.0,5573.0
2015-11-23,225.77452087402344,7849.25,17060.05078125,1066.800048828125,66.37,7.715,7.793,2.25,1.680999994277954,325.91,-1300.31,102.9009,99.78098330941772,-8.252065999999997,7.75,4.0,7.197432414933291,2889.0,5573.0
2015-11-24,223.5672912597656,7831.60009765625,16988.453125,1074.300048828125,66.32,7.703,7.769,2.243000030517578,1.6679999828338623,325.91,-1300.31,102.9009,99.78098330941772,-8.252065999999997,7.75,4.0,7.197432414933291,2889.0,5573.0
2015-11-25,223.5672912597656,7831.60009765625,16988.453125,1070.5,66.36,7.703,7.769,2.2320001125335693,1.6640000343322754,325.91,-1300.31,102.9009,99.78098330941772,-8.252065999999997,7.75,4.0,7.197432414933291,2889.0,5573.0
2015-11-26,224.1190948486328,7883.7998046875,17036.353515625,1070.5,66.36,7.72,7.792,2.2320001125335693,1.6640000343322754,325.91,-1300.31,102.9009,99.78098330941772,-8.252065999999997,7.75,4.0,7.197432414933291,2889.0,5573.0
2015-11-27,229.25515747070312,7942.7001953125,17370.748046875,1056.199951171875,66.86,7.766,7.824,2.2249999046325684,1.652999997138977,325.91,-1300.31,102.9009,99.78098330941772,-8.252065999999997,7.75,4.0,7.197432414933291,2889.0,5573.0
2015-11-30,232.22645568847656,7935.25,17430.197265625,1065.800048828125,66.43,7.786,7.845,2.2179999351501465,1.6540000438690186,325.91,-1300.31,102.9009,99.78098330941772,-8.252065999999997,7.75,4.0,7.197432414933291,2889.0,5573.0
2015-12-01,232.5235595703125,7954.89990234375,17398.34765625,1063.800048828125,66.46,7.72,7.789,2.1549999713897705,1.5959999561309814,325.91,-1300.31,102.9009,99.1465901366966,-11.10067,7.75,4.0,7.197432414933291,2889.0,5573.0
2015-12-02,229.55230712890625,7931.35009765625,17218.30078125,1054.199951171875,66.53,7.742,7.792,2.177999973297119,1.6349999904632568,325.91,-1300.31,102.9009,99.1465901366966,-11.10067,7.75,4.0,7.197432414933291,2889.0,5573.0
2015-12-03,225.6472015380859,7864.14990234375,17109.900390625,1061.699951171875,66.82,7.712,7.733,2.3299999237060547,1.743000030517578,325.91,-1300.31,102.9009,99.1465901366966,-11.10067,7.75,4.0,7.197432414933291,2889.0,5573.0
2015-12-04,221.95428466796875,7781.89990234375,16897.103515625,1084.5,66.65,7.757,7.765,2.2750000953674316,1.712000012397766,325.91,-1300.31,102.9009,99.1465901366966,-11.10067,7.75,4.0,7.197432414933291,2889.0,5573.0
2015-12-07,223.31260681152344,7765.39990234375,16946.802734375,1076.4000244140625,66.74,7.754,7.816,2.2249999046325684,1.6740000247955322,325.91,-1300.31,102.9009,99.1465901366966,-11.10067,7.75,4.0,7.197432414933291,2889.0,5573.0
2015-12-08,221.95428466796875,7701.7001953125,16800.955078125,1076.300048828125,66.77,7.795,7.825,2.23799991607666,1.6779999732971191,325.91,-1300.31,102.9009,99.1465901366966,-11.10067,7.75,4.0,7.197432414933291,2889.0,5573.0
2015-12-09,220.2564392089844,7612.5,16660.556640625,1077.5999755859375,66.83,7.777,7.808,2.2079999446868896,1.6330000162124634,325.91,-1300.31,102.9009,99.1465901366966,-11.10067,7.75,4.0,7.197432414933291,2889.0,5573.0
2015-12-10,219.83200073242188,7683.2998046875,16710.857421875,1073.0999755859375,66.7,7.78,7.779,2.239000082015991,1.680999994277954,325.91,-1300.31,102.9009,99.1465901366966,-11.10067,7.75,4.0,7.197432414933291,2889.0,5573.0
2015-12-11,211.6397705078125,7610.4501953125,16342.3095703125,1076.9000244140625,67.1,7.773,7.768,2.138999938964844,1.5709999799728394,325.91,-1300.31,102.9009,99.1465901366966,-11.10067,7.75,4.0,7.197432414933291,2889.0,5573.0
2015-12-14,211.38504028320312,7650.0498046875,16350.4599609375,1064.699951171875,67.09,7.816,7.795,2.2249999046325684,1.6510000228881836,325.91,-1300.31,102.9009,99.1465901366966,-11.10067,7.75,4.0,7.197432414933291,2889.0,5573.0
2015-12-15,209.1778259277344,7700.89990234375,16398.458984375,1062.9000244140625,66.79,7.787,7.79,2.2679998874664307,1.694000005722046,325.91,-1300.31,102.9009,99.1465901366966,-11.10067,7.75,4.0,7.197432414933291,2889.0,5573.0
2015-12-16,213.9742889404297,7750.89990234375,16579.20703125,1078.0,66.6,7.734,7.768,2.2869999408721924,1.7369999885559082,325.91,-1300.31,102.9009,99.1465901366966,-11.10067,7.75,4.0,7.197432414933291,2889.0,5573.0
2015-12-17,214.9081268310547,7844.35009765625,16741.3046875,1050.800048828125,66.32,7.708,7.743,2.23799991607666,1.7209999561309814,325.91,-1300.31,102.9009,99.1465901366966,-11.10067,7.75,4.0,7.197432414933291,2889.0,5573.0
2015-12-18,212.31886291503903,7761.9501953125,16594.107421875,1066.199951171875,66.23,7.725,7.762,2.1989998817443848,1.6759999990463257,325.91,-1300.31,102.9009,99.1465901366966,-11.10067,7.75,4.0,7.197432414933291,2889.0,5573.0
2015-12-21,219.19525146484375,7834.4501953125,16824.955078125,1081.9000244140625,66.19,7.773,7.786,2.197000026702881,1.6660000085830688,325.91,-1300.31,102.9009,99.1465901366966,-11.10067,7.75,4.0,7.197432414933291,2889.0,5573.0
2015-12-22,220.34133911132812,7786.10009765625,16749.00390625,1074.800048828125,66.19,7.756,7.768,2.239000082015991,1.7059999704360962,325.91,-1300.31,102.9009,99.1465901366966,-11.10067,7.75,4.0,7.197432414933291,2889.0,5573.0
2015-12-23,222.29388427734375,7865.9501953125,16882.3046875,1069.4000244140625,66.04,7.749,7.733,2.263999938964844,1.7239999771118164,325.91,-1300.31,102.9009,99.1465901366966,-11.10067,7.75,4.0,7.197432414933291,2889.0,5573.0
2015-12-24,218.98301696777344,7861.0498046875,16810.8046875,1077.199951171875,66.0,7.749,7.733,2.243000030517578,1.718000054359436,325.91,-1300.31,102.9009,99.1465901366966,-11.10067,7.75,4.0,7.197432414933291,2889.0,5573.0
2015-12-25,218.98301696777344,7861.0498046875,16810.8046875,1077.199951171875,66.0,7.749,7.733,2.243000030517578,1.718000054359436,325.91,-1300.31,102.9009,99.1465901366966,-11.10067,7.75,4.0,7.197432414933291,2889.0,5573.0
2015-12-28,224.1615447998047,7925.14990234375,16978.953125,1070.5,66.09,7.756,7.747,2.2249999046325684,1.715999960899353,325.91,-1300.31,102.9009,99.1465901366966,-11.10067,7.75,4.0,7.197432414933291,2889.0,5573.0
2015-12-29,224.7558135986328,7928.9501953125,16991.251953125,1077.5,66.28,7.755,7.74,2.306999921798706,1.7829999923706057,325.91,-1300.31,102.9009,99.1465901366966,-11.10067,7.75,4.0,7.197432414933291,2889.0,5573.0
2015-12-30,222.7183380126953,7896.25,16917.703125,1060.0999755859375,66.44,7.749,7.728,2.302999973297119,1.7990000247955322,325.91,-1300.31,102.9009,99.1465901366966,-11.10067,7.75,4.0,7.197432414933291,2889.0,5573.0
2015-12-31,221.86941528320312,7946.35009765625,16922.001953125,1060.300048828125,66.19,7.758,7.735,2.2690000534057617,1.7580000162124634,325.91,-1300.31,102.9009,99.1465901366966,-11.10067,7.75,4.0,7.197432414933291,2889.0,5573.0
2016-01-01,223.27015686035156,7946.35009765625,17039.052734375,1060.300048828125,66.19,7.727,7.697,2.2690000534057617,1.7580000162124634,325.91,-1300.31,102.9009,97.8778037912544,-8.260267000000002,7.75,4.0,9.088682622993517,2922.0,5671.0
2016-01-04,216.9455718994141,7791.2998046875,16598.95703125,1075.0999755859375,66.56,7.723,7.694,2.244999885559082,1.7350000143051147,325.91,-1300.31,102.9009,97.8778037912544,-8.260267000000002,7.75,4.0,9.088682622993517,2922.0,5671.0
2016-01-05,217.92184448242188,7784.64990234375,16542.30859375,1078.4000244140625,66.49,7.739,7.689,2.247999906539917,1.7239999771118164,325.91,-1300.31,102.9009,97.8778037912544,-8.260267000000002,7.75,4.0,9.088682622993517,2922.0,5671.0
2016-01-06,212.31886291503903,7741.0,16432.958984375,1091.9000244140625,66.71,7.736,7.677,2.177000045776367,1.649999976158142,325.91,-1300.31,102.9009,97.8778037912544,-8.260267000000002,7.75,4.0,9.088682622993517,2922.0,5671.0
2016-01-07,209.47496032714844,7568.2998046875,16073.6630859375,1107.699951171875,66.73,7.736,7.659,2.1530001163482666,1.6119999885559082,325.91,-1300.31,102.9009,97.8778037912544,-8.260267000000002,7.75,4.0,9.088682622993517,2922.0,5671.0
2016-01-08,208.03176879882812,7601.35009765625,16142.462890625,1097.800048828125,66.82,7.741,7.663,2.130000114440918,1.5779999494552612,325.91,-1300.31,102.9009,97.8778037912544,-8.260267000000002,7.75,4.0,9.088682622993517,2922.0,5671.0
2016-01-11,203.2777099609375,7563.85009765625,16016.0634765625,1096.5,66.78,7.754,7.666,2.1579999923706055,1.5759999752044678,325.91,-1300.31,102.9009,97.8778037912544,-8.260267000000002,7.75,4.0,9.088682622993517,2922.0,5671.0
2016-01-12,200.9856109619141,7510.2998046875,15734.6171875,1085.5999755859375,66.85,7.759,7.668,2.1019999980926514,1.5369999408721924,325.91,-1300.31,102.9009,97.8778037912544,-8.260267000000002,7.75,4.0,9.088682622993517,2922.0,5671.0
2016-01-13,203.32015991210935,7562.39990234375,15871.6650390625,1087.5,66.74,7.765,7.68,2.065999984741211,1.508999943733215,325.91,-1300.31,102.9009,97.8778037912544,-8.260267000000002,7.75,4.0,9.088682622993517,2922.0,5671.0
2016-01-14,200.13665771484375,7536.7998046875,15609.6181640625,1073.9000244140625,67.37,7.786,7.704,2.0980000495910645,1.5190000534057615,325.91,-1300.31,102.9009,97.8778037912544,-8.260267000000002,7.75,4.0,9.088682622993517,2922.0,5671.0
2016-01-15,190.5436859130859,7437.7998046875,15206.123046875,1091.5,67.74,7.806,7.721,2.0329999923706055,1.4529999494552612,325.91,-1300.31,102.9009,97.8778037912544,-8.260267000000002,7.75,4.0,9.088682622993517,2922.0,5671.0
2016-01-18,189.39759826660156,7351.0,15020.625,1091.5,67.74,7.811,7.725,2.0329999923706055,1.4529999494552612,325.91,-1300.31,102.9009,97.8778037912544,-8.260267000000002,7.75,4.0,9.088682622993517,2922.0,5671.0
2016-01-19,194.194091796875,7435.10009765625,15269.47265625,1089.9000244140625,67.68,7.78,7.683,2.0350000858306885,1.4709999561309814,325.91,-1300.31,102.9009,97.8778037912544,-8.260267000000002,7.75,4.0,9.088682622993517,2922.0,5671.0
2016-01-20,190.501220703125,7309.2998046875,14935.326171875,1107.0999755859375,68.05,7.754,7.641,1.9839999675750732,1.4170000553131104,325.91,-1300.31,102.9009,97.8778037912544,-8.260267000000002,7.75,4.0,9.088682622993517,2922.0,5671.0
2016-01-21,192.1142120361328,7276.7998046875,15101.0244140625,1099.0999755859375,67.87,7.748,7.633,2.0190000534057617,1.434000015258789,325.91,-1300.31,102.9009,97.8778037912544,-8.260267000000002,7.75,4.0,9.088682622993517,2922.0,5671.0
2016-01-22,197.58985900878903,7422.4501953125,15497.3701171875,1097.199951171875,67.55,7.775,7.667,2.0480000972747803,1.475000023841858,325.91,-1300.31,102.9009,97.8778037912544,-8.260267000000002,7.75,4.0,9.088682622993517,2922.0,5671.0
2016-01-25,200.39132690429688,7436.14990234375,15560.9697265625,1106.199951171875,67.71,7.805,7.676,2.0220000743865967,1.4600000381469729,325.91,-1300.31,102.9009,97.8778037912544,-8.260267000000002,7.75,4.0,9.088682622993517,2922.0,5671.0
2016-01-26,200.39132690429688,7436.14990234375,15560.9697265625,1121.699951171875,67.75,7.805,7.676,1.99399995803833,1.4270000457763672,325.91,-1300.31,102.9009,97.8778037912544,-8.260267000000002,7.75,4.0,9.088682622993517,2922.0,5671.0
2016-01-27,201.4525146484375,7437.75,15534.4189453125,1116.0999755859375,67.98,7.788,7.649,2.000999927520752,1.4199999570846558,325.91,-1300.31,102.9009,97.8778037912544,-8.260267000000002,7.75,4.0,9.088682622993517,2922.0,5671.0
2016-01-28,197.97189331054688,7424.64990234375,15381.271484375,1115.5999755859375,68.08,7.805,7.651,1.9850000143051147,1.4010000228881836,325.91,-1300.31,102.9009,97.8778037912544,-8.260267000000002,7.75,4.0,9.088682622993517,2922.0,5671.0
2016-01-29,195.3825836181641,7563.5498046875,15522.2197265625,1116.4000244140625,67.87,7.779,7.621,1.930999994277954,1.3350000381469729,325.91,-1300.31,102.9009,97.8778037912544,-8.260267000000002,7.75,4.0,9.088682622993517,2922.0,5671.0
2016-02-01,184.3889007568359,7555.9501953125,15314.2724609375,1127.9000244140625,67.92,7.792,7.628,1.965999960899353,1.3830000162124634,325.91,-1300.31,102.1358,97.06215542632728,-7.838164,7.75,4.0,9.088682622993517,2922.0,5671.0
2016-02-02,178.61610412597656,7455.5498046875,15067.8251953125,1127.300048828125,67.92,7.849,7.68,1.8639999628067017,1.281000018119812,325.91,-1300.31,102.1358,97.06215542632728,-7.838164,7.75,4.0,9.088682622993517,2922.0,5671.0
2016-02-03,173.2253875732422,7361.7998046875,14833.876953125,1141.300048828125,67.92,7.849,7.667,1.88100004196167,1.2730000019073486,325.91,-1300.31,102.1358,97.06215542632728,-7.838164,7.75,4.0,9.088682622993517,2922.0,5671.0
2016-02-04,173.1405029296875,7404.0,14868.9775390625,1157.5999755859375,67.57,7.835,7.654,1.8639999628067017,1.25,325.91,-1300.31,102.1358,97.06215542632728,-7.838164,7.75,4.0,9.088682622993517,2922.0,5671.0
2016-02-05,177.76719665527344,7489.10009765625,15161.8740234375,1157.800048828125,67.78,7.822,7.649,1.8480000495910645,1.25,325.91,-1300.31,102.1358,97.06215542632728,-7.838164,7.75,4.0,9.088682622993517,2922.0,5671.0
2016-02-08,177.04559326171875,7387.25,15046.625,1197.9000244140625,67.98,7.725,7.663,1.7350000143051147,1.149999976158142,325.91,-1300.31,102.1358,97.06215542632728,-7.838164,7.75,4.0,9.088682622993517,2922.0,5671.0
2016-02-09,177.76719665527344,7298.2001953125,14874.9267578125,1198.699951171875,67.92,7.738,7.661,1.7289999723434448,1.1549999713897705,325.91,-1300.31,102.1358,97.06215542632728,-7.838164,7.75,4.0,9.088682622993517,2922.0,5671.0
2016-02-10,175.94198608398438,7215.7001953125,14588.2802734375,1194.699951171875,67.85,7.722,7.655,1.7050000429153442,1.1460000276565552,325.91,-1300.31,102.1358,97.06215542632728,-7.838164,7.75,4.0,9.088682622993517,2922.0,5671.0
2016-02-11,169.15049743652344,6976.35009765625,14028.38671875,1247.9000244140625,68.44,7.716,7.653,1.6440000534057615,1.1080000400543213,325.91,-1300.31,102.1358,97.06215542632728,-7.838164,7.75,4.0,9.088682622993517,2922.0,5671.0
2016-02-12,164.3115692138672,6980.9501953125,13971.337890625,1239.0999755859375,68.12,7.723,7.667,1.7480000257492063,1.1990000009536743,325.91,-1300.31,102.1358,97.06215542632728,-7.838164,7.75,4.0,9.088682622993517,2922.0,5671.0
2016-02-15,172.7584686279297,7162.9501953125,14444.83203125,1239.0999755859375,68.12,7.754,7.709,1.7480000257492063,1.1990000009536743,325.91,-1300.31,102.1358,97.06215542632728,-7.838164,7.75,4.0,9.088682622993517,2922.0,5671.0
2016-02-16,166.9008026123047,7048.25,14166.28515625,1207.9000244140625,68.48,7.78,7.756,1.777999997138977,1.218999981880188,325.91,-1300.31,102.1358,97.06215542632728,-7.838164,7.75,4.0,9.088682622993517,2922.0,5671.0
2016-02-17,161.93453979492188,7108.4501953125,14119.685546875,1211.0999755859375,68.33,7.786,7.796,1.819000005722046,1.2640000581741333,325.91,-1300.31,102.1358,97.06215542632728,-7.838164,7.75,4.0,9.088682622993517,2922.0,5671.0
2016-02-18,166.51878356933594,7191.75,14297.984375,1226.0999755859375,68.54,7.738,7.775,1.758999943733215,1.2130000591278076,325.91,-1300.31,102.1358,97.06215542632728,-7.838164,7.75,4.0,9.088682622993517,2922.0,5671.0
2016-02-19,168.76846313476562,7210.75,14344.033203125,1230.4000244140625,68.54,7.738,7.775,1.7480000257492063,1.22599995136261,325.91,-1300.31,102.1358,97.06215542632728,-7.838164,7.75,4.0,9.088682622993517,2922.0,5671.0
2016-02-22,168.47132873535156,7234.5498046875,14384.6328125,1209.5,68.53,7.773,7.821,1.7660000324249268,1.2419999837875366,325.91,-1300.31,102.1358,97.06215542632728,-7.838164,7.75,4.0,9.088682622993517,2922.0,5671.0
2016-02-23,162.9957275390625,7109.5498046875,14008.1865234375,1222.300048828125,68.55,7.822,7.911,1.7450000047683716,1.218000054359436,325.91,-1300.31,102.1358,97.06215542632728,-7.838164,7.75,4.0,9.088682622993517,2922.0,5671.0
2016-02-24,158.75100708007812,7018.7001953125,13793.8896484375,1238.699951171875,68.53,7.832,7.962,1.7419999837875366,1.215000033378601,325.91,-1300.31,102.1358,97.06215542632728,-7.838164,7.75,4.0,9.088682622993517,2922.0,5671.0
2016-02-25,155.3552703857422,6970.60009765625,13555.54296875,1238.199951171875,68.84,7.861,8.115,1.6970000267028809,1.1510000228881836,325.91,-1300.31,102.1358,97.06215542632728,-7.838164,7.75,4.0,9.088682622993517,2922.0,5671.0
2016-02-26,156.8833465576172,7029.75,13791.2900390625,1219.800048828125,68.82,7.779,7.982,1.7619999647140503,1.2400000095367432,325.91,-1300.31,102.1358,97.06215542632728,-7.838164,7.75,4.0,9.088682622993517,2922.0,5671.0
2016-02-29,161.34027099609375,6987.0498046875,13946.23828125,1233.9000244140625,68.21,7.623,7.734,1.7400000095367432,1.2200000286102295,325.91,-1300.31,102.1358,97.06215542632728,-7.838164,7.75,4.0,9.088682622993517,2922.0,5671.0
2016-03-01,173.9894256591797,7222.2998046875,14412.732421875,1230.300048828125,67.75,7.604,7.708,1.8339999914169312,1.3179999589920044,325.91,-1300.31,102.5183,97.6059210029454,-6.458077,7.75,4.0,9.088682622993517,2922.0,5671.0
2016-03-02,186.76589965820312,7368.85009765625,15092.2744140625,1241.0999755859375,67.4,7.623,7.72,1.8480000495910645,1.347000002861023,325.91,-1300.31,102.5183,97.6059210029454,-6.458077,7.75,4.0,9.088682622993517,2922.0,5671.0
2016-03-03,185.0680694580078,7475.60009765625,15177.5732421875,1257.4000244140625,67.15,7.658,7.753,1.830000042915344,1.3309999704360962,325.91,-1300.31,102.5183,97.6059210029454,-6.458077,7.75,4.0,9.088682622993517,2922.0,5671.0
2016-03-04,187.1903839111328,7485.35009765625,15339.021484375,1269.9000244140625,66.9,7.633,7.765,1.8830000162124632,1.383999943733215,325.91,-1300.31,102.5183,97.6059210029454,-6.458077,7.75,4.0,9.088682622993517,2922.0,5671.0
2016-03-07,187.1903839111328,7485.35009765625,15339.021484375,1263.199951171875,66.97,7.633,7.765,1.9019999504089355,1.4170000553131104,325.91,-1300.31,102.5183,97.6059210029454,-6.458077,7.75,4.0,9.088682622993517,2922.0,5671.0
2016-03-08,184.09176635742188,7485.2998046875,15146.32421875,1262.0999755859375,67.3,7.642,7.798,1.8320000171661377,1.350000023841858,325.91,-1300.31,102.5183,97.6059210029454,-6.458077,7.75,4.0,9.088682622993517,2922.0,5671.0
2016-03-09,183.66729736328125,7531.7998046875,15278.8720703125,1256.5999755859375,67.07,7.654,7.782,1.8919999599456787,1.3930000066757202,325.91,-1300.31,102.5183,97.6059210029454,-6.458077,7.75,4.0,9.088682622993517,2922.0,5671.0
2016-03-10,182.94569396972656,7486.14990234375,15180.4736328125,1272.0,67.2,7.635,7.785,1.9290000200271609,1.4420000314712524,325.91,-1300.31,102.5183,97.6059210029454,-6.458077,7.75,4.0,9.088682622993517,2922.0,5671.0
2016-03-11,181.54493713378903,7510.2001953125,15168.0234375,1258.699951171875,66.93,7.627,7.807,1.9769999980926511,1.4819999933242798,325.91,-1300.31,102.5183,97.6059210029454,-6.458077,7.75,4.0,9.088682622993517,2922.0,5671.0
2016-03-14,188.16665649414065,7538.75,15277.6220703125,1244.4000244140625,67.15,7.599,7.756,1.9630000591278076,1.4780000448226929,325.91,-1300.31,102.5183,97.6059210029454,-6.458077,7.75,4.0,9.088682622993517,2922.0,5671.0
2016-03-15,187.91197204589844,7460.60009765625,15326.6220703125,1230.4000244140625,67.33,7.58,7.756,1.9589999914169312,1.4880000352859497,325.91,-1300.31,102.5183,97.6059210029454,-6.458077,7.75,4.0,9.088682622993517,2922.0,5671.0
2016-03-16,192.19908142089844,7498.75,15461.5205078125,1229.300048828125,67.24,7.571,7.741,1.937999963760376,1.4079999923706057,325.91,-1300.31,102.5183,97.6059210029454,-6.458077,7.75,4.0,9.088682622993517,2922.0,5671.0
2016-03-17,193.34518432617188,7512.5498046875,15443.8203125,1264.5,66.61,7.512,7.692,1.902999997138977,1.378999948501587,325.91,-1300.31,102.5183,97.6059210029454,-6.458077,7.75,4.0,9.088682622993517,2922.0,5671.0
2016-03-18,195.4250640869141,7604.35009765625,15654.66796875,1253.800048828125,66.34,7.52,7.697,1.871000051498413,1.3350000381469729,325.91,-1300.31,102.5183,97.6059210029454,-6.458077,7.75,4.0,9.088682622993517,2922.0,5671.0
2016-03-21,199.37258911132812,7704.25,15925.9140625,1243.800048828125,66.45,7.504,7.681,1.9229999780654907,1.378999948501587,325.91,-1300.31,102.5183,97.6059210029454,-6.458077,7.75,4.0,9.088682622993517,2922.0,5671.0
2016-03-22,198.31141662597656,7714.89990234375,15935.814453125,1248.199951171875,66.58,7.504,7.663,1.934999942779541,1.409000039100647,325.91,-1300.31,102.5183,97.6059210029454,-6.458077,7.75,4.0,9.088682622993517,2922.0,5671.0
2016-03-23,198.82080078125,7716.5,15887.5654296875,1223.699951171875,66.82,7.507,7.652,1.875,1.3519999980926514,325.91,-1300.31,102.5183,97.6059210029454,-6.458077,7.75,4.0,9.088682622993517,2922.0,5671.0
2016-03-24,198.82080078125,7716.5,15887.5654296875,1221.4000244140625,66.82,7.507,7.652,1.899999976158142,1.378999948501587,325.91,-1300.31,102.5183,97.6059210029454,-6.458077,7.75,4.0,9.088682622993517,2922.0,5671.0
2016-03-25,198.82080078125,7716.5,15887.5654296875,1221.4000244140625,66.82,7.507,7.652,1.899999976158142,1.378999948501587,325.91,-1300.31,102.5183,97.6059210029454,-6.458077,7.75,4.0,9.088682622993517,2922.0,5671.0
2016-03-28,191.39260864257812,7615.10009765625,15604.71875,1219.9000244140625,66.58,7.498,7.616,1.8700000047683716,1.3539999723434448,325.91,-1300.31,102.5183,97.6059210029454,-6.458077,7.75,4.0,9.088682622993517,2922.0,5671.0
2016-03-29,189.65231323242188,7597.0,15666.068359375,1235.5999755859375,66.46,7.514,7.636,1.8140000104904177,1.277999997138977,325.91,-1300.31,102.5183,97.6059210029454,-6.458077,7.75,4.0,9.088682622993517,2922.0,5671.0
2016-03-30,201.6222991943359,7735.2001953125,16134.662109375,1226.9000244140625,66.37,7.496,7.573,1.830000042915344,1.2690000534057615,325.91,-1300.31,102.5183,97.6059210029454,-6.458077,7.75,4.0,9.088682622993517,2922.0,5671.0
2016-03-31,200.90072631835935,7738.39990234375,16141.462890625,1234.199951171875,66.25,7.459,7.524,1.7860000133514404,1.2239999771118164,325.91,-1300.31,102.5183,97.6059210029454,-6.458077,7.75,4.0,9.088682622993517,2922.0,5671.0
2016-04-01,202.30145263671875,7713.0498046875,16174.7119140625,1222.199951171875,66.34,7.459,7.524,1.7920000553131104,1.2419999837875366,325.91,-1300.31,103.6659,98.7840797522846,-5.070497,7.15,4.0,8.679802601998565,2976.0,5717.0
2016-04-04,202.68344116210935,7758.7998046875,16190.4111328125,1218.0,66.05,7.408,7.465,1.7790000438690186,1.2239999771118164,325.91,-1300.31,103.6659,98.7840797522846,-5.070497,7.15,4.0,8.679802601998565,2976.0,5717.0
2016-04-05,191.5199432373047,7603.2001953125,15694.8173828125,1228.4000244140625,66.4,7.462,7.493,1.7269999980926514,1.184000015258789,325.91,-1300.31,103.6659,98.7840797522846,-5.070497,7.15,4.0,8.679802601998565,2976.0,5717.0
2016-04-06,188.9307098388672,7614.35009765625,15636.7685546875,1222.5,66.49,7.46,7.432,1.7549999952316284,1.2000000476837158,325.91,-1300.31,103.6659,98.7840797522846,-5.070497,7.15,4.0,8.679802601998565,2976.0,5717.0
2016-04-07,187.02061462402344,7546.4501953125,15530.5693359375,1236.199951171875,66.7,7.447,7.428,1.690999984741211,1.1399999856948853,325.91,-1300.31,103.6659,98.7840797522846,-5.070497,7.15,4.0,8.679802601998565,2976.0,5717.0
2016-04-08,187.8271026611328,7555.2001953125,15568.1689453125,1242.5,66.49,7.447,7.428,1.7200000286102295,1.159000039100647,325.91,-1300.31,103.6659,98.7840797522846,-5.070497,7.15,4.0,8.679802601998565,2976.0,5717.0
2016-04-11,190.7559051513672,7671.39990234375,15818.31640625,1256.699951171875,66.33,7.415,7.374,1.7239999771118164,1.1579999923706057,325.91,-1300.31,103.6659,98.7840797522846,-5.070497,7.15,4.0,8.679802601998565,2976.0,5717.0
2016-04-12,194.194091796875,7708.9501953125,15880.015625,1259.4000244140625,66.35,7.417,7.389,1.781000018119812,1.2130000591278076,325.91,-1300.31,103.6659,98.7840797522846,-5.070497,7.15,4.0,8.679802601998565,2976.0,5717.0
2016-04-13,204.29644775390625,7850.4501953125,16278.3603515625,1246.800048828125,66.62,7.435,7.454,1.7619999647140503,1.2109999656677246,325.91,-1300.31,103.6659,98.7840797522846,-5.070497,7.15,4.0,8.679802601998565,2976.0,5717.0
2016-04-14,204.29644775390625,7850.4501953125,16278.3603515625,1225.0,66.56,7.435,7.454,1.781000018119812,1.2389999628067017,325.91,-1300.31,103.6659,98.7840797522846,-5.070497,7.15,4.0,8.679802601998565,2976.0,5717.0
2016-04-15,204.29644775390625,7850.4501953125,16278.3603515625,1233.0999755859375,66.49,7.435,7.454,1.7519999742507937,1.2089999914169312,325.91,-1300.31,103.6659,98.7840797522846,-5.070497,7.15,4.0,8.679802601998565,2976.0,5717.0
2016-04-18,201.32518005371097,7914.7001953125,16222.51171875,1233.5999755859375,66.42,7.417,7.433,1.7730000019073486,1.2269999980926514,325.91,-1300.31,103.6659,98.7840797522846,-5.070497,7.15,4.0,8.679802601998565,2976.0,5717.0
2016-04-19,201.32518005371097,7914.7001953125,16222.51171875,1253.0,66.12,7.417,7.433,1.7829999923706057,1.25,325.91,-1300.31,103.6659,98.7840797522846,-5.070497,7.15,4.0,8.679802601998565,2976.0,5717.0
2016-04-20,202.08921813964844,7914.75,16349.509765625,1253.199951171875,66.12,7.437,7.466,1.8539999723434448,1.3220000267028809,325.91,-1300.31,103.6659,98.7840797522846,-5.070497,7.15,4.0,8.679802601998565,2976.0,5717.0
2016-04-21,214.82325744628903,7912.0498046875,16636.95703125,1249.0,66.43,7.473,7.506,1.8700000047683716,1.3389999866485596,325.91,-1300.31,103.6659,98.7840797522846,-5.070497,7.15,4.0,8.679802601998565,2976.0,5717.0
2016-04-22,213.9318695068359,7899.2998046875,16703.20703125,1228.699951171875,66.6,7.456,7.472,1.888000011444092,1.3569999933242798,325.91,-1300.31,103.6659,98.7840797522846,-5.070497,7.15,4.0,8.679802601998565,2976.0,5717.0
2016-04-25,214.7383575439453,7855.0498046875,16678.45703125,1238.9000244140625,66.65,7.47,7.485,1.9019999504089355,1.3700000047683716,325.91,-1300.31,103.6659,98.7840797522846,-5.070497,7.15,4.0,8.679802601998565,2976.0,5717.0
2016-04-26,215.6721954345703,7962.64990234375,17002.353515625,1242.199951171875,66.4,7.469,7.497,1.930999994277954,1.3949999809265137,325.91,-1300.31,103.6659,98.7840797522846,-5.070497,7.15,4.0,8.679802601998565,2976.0,5717.0
2016-04-27,207.64976501464844,7979.89990234375,16872.75390625,1249.199951171875,66.52,7.46,7.5,1.8600000143051147,1.3359999656677246,325.91,-1300.31,103.6659,98.7840797522846,-5.070497,7.15,4.0,8.679802601998565,2976.0,5717.0
2016-04-28,203.82952880859375,7847.25,16716.70703125,1265.5,66.39,7.443,7.482,1.8380000591278076,1.2999999523162842,325.91,-1300.31,103.6659,98.7840797522846,-5.070497,7.15,4.0,8.679802601998565,2976.0,5717.0
2016-04-29,201.1553649902344,7849.7998046875,16794.8046875,1289.199951171875,66.39,7.435,7.465,1.819000005722046,1.2790000438690186,325.91,-1300.31,103.6659,98.7840797522846,-5.070497,7.15,4.0,8.679802601998565,2976.0,5717.0
2016-05-02,192.49620056152344,7805.89990234375,16542.80859375,1294.699951171875,66.36,7.439,7.475,1.8650000095367432,1.3200000524520874,325.91,-1300.31,103.6659,98.7840797522846,-5.070497,7.15,4.0,8.679802601998565,2976.0,5717.0
2016-05-03,187.69972229003903,7747.0,16388.5078125,1290.699951171875,66.51,7.442,7.47,1.7999999523162842,1.256999969482422,325.91,-1300.31,103.6659,98.7840797522846,-5.070497,7.15,4.0,8.679802601998565,2976.0,5717.0
2016-05-04,182.0543212890625,7706.5498046875,16274.060546875,1273.300048828125,66.63,7.432,7.459,1.784000039100647,1.241000056266785,325.91,-1300.31,103.6659,98.7840797522846,-5.070497,7.15,4.0,8.679802601998565,2976.0,5717.0
2016-05-05,182.22413635253903,7735.5,16280.810546875,1271.4000244140625,66.53,7.435,7.457,1.746999979019165,1.2079999446868896,325.91,-1300.31,103.6659,98.7840797522846,-5.070497,7.15,4.0,8.679802601998565,2976.0,5717.0
2016-05-06,185.577392578125,7733.4501953125,16296.41015625,1292.9000244140625,66.52,7.435,7.443,1.7790000438690186,1.2350000143051147,325.91,-1300.31,103.6659,98.7840797522846,-5.070497,7.15,4.0,8.679802601998565,2976.0,5717.0
2016-05-09,191.26528930664065,7866.0498046875,16685.90625,1265.5999755859375,66.7,7.425,7.43,1.7599999904632568,1.2009999752044678,325.91,-1300.31,103.6659,98.7840797522846,-5.070497,7.15,4.0,8.679802601998565,2976.0,5717.0
2016-05-10,191.43505859375,7887.7998046875,16784.75390625,1263.9000244140625,66.58,7.428,7.427,1.7599999904632568,1.2059999704360962,325.91,-1300.31,103.6659,98.7840797522846,-5.070497,7.15,4.0,8.679802601998565,2976.0,5717.0
2016-05-11,190.1192321777344,7848.85009765625,16754.25390625,1274.5999755859375,66.53,7.428,7.422,1.7369999885559082,1.2000000476837158,325.91,-1300.31,103.6659,98.7840797522846,-5.070497,7.15,4.0,8.679802601998565,2976.0,5717.0
2016-05-12,196.78335571289065,7900.39990234375,16923.501953125,1270.300048828125,66.7,7.422,7.401,1.756999969482422,1.2400000095367432,325.91,-1300.31,103.6659,98.7840797522846,-5.070497,7.15,4.0,8.679802601998565,2976.0,5717.0
2016-05-13,192.28399658203125,7814.89990234375,16716.70703125,1271.9000244140625,66.84,7.448,7.415,1.7050000429153442,1.2089999914169312,325.91,-1300.31,103.6659,98.7840797522846,-5.070497,7.15,4.0,8.679802601998565,2976.0,5717.0
2016-05-16,189.94940185546875,7860.75,16737.35546875,1273.4000244140625,66.78,7.452,7.415,1.753000020980835,1.2619999647140503,325.91,-1300.31,103.6659,98.7840797522846,-5.070497,7.15,4.0,8.679802601998565,2976.0,5717.0
2016-05-17,191.81710815429688,7890.75,16762.5546875,1276.199951171875,66.74,7.452,7.42,1.758999943733215,1.284000039100647,325.91,-1300.31,103.6659,98.7840797522846,-5.070497,7.15,4.0,8.679802601998565,2976.0,5717.0
2016-05-18,192.2415771484375,7870.14990234375,16728.75390625,1273.699951171875,66.95,7.474,7.44,1.8799999952316284,1.4079999923706057,325.91,-1300.31,103.6659,98.7840797522846,-5.070497,7.15,4.0,8.679802601998565,2976.0,5717.0
2016-05-19,191.47752380371097,7783.39990234375,16565.056640625,1254.199951171875,67.57,7.47,7.435,1.8450000286102295,1.3730000257492063,325.91,-1300.31,103.6659,98.7840797522846,-5.070497,7.15,4.0,8.679802601998565,2976.0,5717.0
2016-05-20,186.8508148193359,7749.7001953125,16481.2578125,1252.4000244140625,67.42,7.476,7.45,1.8489999771118164,1.371999979019165,325.91,-1300.31,103.6659,98.7840797522846,-5.070497,7.15,4.0,8.679802601998565,2976.0,5717.0
2016-05-23,187.69972229003903,7731.0498046875,16407.359375,1251.0999755859375,67.47,7.464,7.439,1.8380000591278076,1.3730000257492063,325.91,-1300.31,103.6659,98.7840797522846,-5.070497,7.15,4.0,8.679802601998565,2976.0,5717.0
2016-05-24,190.6285858154297,7748.85009765625,16456.458984375,1228.9000244140625,67.59,7.466,7.436,1.8589999675750732,1.3960000276565552,325.91,-1300.31,103.6659,98.7840797522846,-5.070497,7.15,4.0,8.679802601998565,2976.0,5717.0
2016-05-25,199.4999542236328,7934.89990234375,16997.251953125,1223.5,67.28,7.463,7.436,1.8700000047683716,1.4049999713897705,325.91,-1300.31,103.6659,98.7840797522846,-5.070497,7.15,4.0,8.679802601998565,2976.0,5717.0
2016-05-26,204.7209014892578,8069.64990234375,17359.099609375,1220.0999755859375,66.9,7.469,7.438,1.8229999542236328,1.343000054359436,325.91,-1300.31,103.6659,98.7840797522846,-5.070497,7.15,4.0,8.679802601998565,2976.0,5717.0
2016-05-27,206.41879272460935,8156.64990234375,17511.59765625,1213.800048828125,66.96,7.47,7.437,1.85099995136261,1.3860000371932983,325.91,-1300.31,103.6659,98.7840797522846,-5.070497,7.15,4.0,8.679802601998565,2976.0,5717.0
2016-05-30,207.56483459472656,8178.5,17520.447265625,1213.800048828125,66.96,7.46,7.43,1.85099995136261,1.3860000371932983,325.91,-1300.31,103.6659,98.7840797522846,-5.070497,7.15,4.0,8.679802601998565,2976.0,5717.0
2016-05-31,207.69216918945312,8160.10009765625,17620.6953125,1214.800048828125,67.12,7.471,7.437,1.8339999914169312,1.3589999675750732,325.91,-1300.31,103.6659,98.7840797522846,-5.070497,7.15,4.0,8.679802601998565,2976.0,5717.0
2016-06-01,203.78707885742188,8179.9501953125,17423.24609375,1211.9000244140625,67.44,7.486,7.458,1.8459999561309817,1.3849999904632568,325.91,-1300.31,105.9611,101.231024847066,-8.448981,7.0,4.0,8.679802601998565,2976.0,5717.0
2016-06-02,204.89068603515625,8218.9501953125,17567.595703125,1209.800048828125,67.22,7.486,7.447,1.8109999895095823,1.3600000143051147,325.91,-1300.31,105.9611,101.231024847066,-8.448981,7.0,4.0,8.679802601998565,2976.0,5717.0
2016-06-03,206.9281463623047,8220.7998046875,17680.595703125,1240.0999755859375,66.99,7.488,7.449,1.7039999961853027,1.2319999933242798,325.91,-1300.31,105.9611,101.231024847066,-8.448981,7.0,4.0,8.679802601998565,2976.0,5717.0
2016-06-06,206.71592712402344,8201.0498046875,17671.1953125,1244.5999755859375,66.81,7.475,7.425,1.7230000495910645,1.2369999885559082,325.91,-1300.31,105.9611,101.231024847066,-8.448981,7.0,4.0,8.679802601998565,2976.0,5717.0
2016-06-07,215.71463012695312,8266.4501953125,17947.94140625,1244.4000244140625,66.64,7.482,7.428,1.7130000591278076,1.2289999723434448,325.91,-1300.31,105.9611,101.231024847066,-8.448981,7.0,4.0,8.679802601998565,2976.0,5717.0
2016-06-08,218.72837829589844,8273.0498046875,17946.591796875,1259.800048828125,66.51,7.488,7.425,1.7059999704360962,1.2339999675750732,325.91,-1300.31,105.9611,101.231024847066,-8.448981,7.0,4.0,8.679802601998565,2976.0,5717.0
2016-06-09,216.0966339111328,8203.599609375,17887.4921875,1270.199951171875,66.68,7.486,7.409,1.6799999475479126,1.2130000591278076,325.91,-1300.31,105.9611,101.231024847066,-8.448981,7.0,4.0,8.679802601998565,2976.0,5717.0
2016-06-10,214.4412384033203,8170.0498046875,17828.392578125,1273.4000244140625,66.84,7.491,7.407,1.6390000581741333,1.1660000085830688,325.91,-1300.31,105.9611,101.231024847066,-8.448981,7.0,4.0,8.679802601998565,2976.0,5717.0
2016-06-13,206.9281463623047,8110.60009765625,17593.744140625,1284.4000244140625,67.17,7.525,7.436,1.616000056266785,1.13100004196167,325.91,-1300.31,105.9611,101.231024847066,-8.448981,7.0,4.0,8.679802601998565,2976.0,5717.0
2016-06-14,207.94688415527344,8108.85009765625,17672.1953125,1285.5999755859375,67.34,7.517,7.419,1.6109999418258667,1.13100004196167,325.91,-1300.31,105.9611,101.231024847066,-8.448981,7.0,4.0,8.679802601998565,2976.0,5717.0
2016-06-15,210.49366760253903,8206.599609375,17917.69140625,1285.800048828125,67.08,7.517,7.417,1.5959999561309814,1.0989999771118164,325.91,-1300.31,105.9611,101.231024847066,-8.448981,7.0,4.0,8.679802601998565,2976.0,5717.0
2016-06-16,207.11471557617188,8140.75,17671.095703125,1296.0999755859375,67.43,7.504,7.408,1.5640000104904177,1.0779999494552612,325.91,-1300.31,105.9611,101.231024847066,-8.448981,7.0,4.0,8.679802601998565,2976.0,5717.0
2016-06-17,206.5948486328125,8170.2001953125,17695.845703125,1292.5,67.11,7.501,7.404,1.618000030517578,1.121000051498413,325.91,-1300.31,105.9611,101.231024847066,-8.448981,7.0,4.0,8.679802601998565,2976.0,5717.0
2016-06-20,206.29161071777344,8238.5,17718.39453125,1290.0,67.54,7.494,7.449,1.6699999570846558,1.162999987602234,325.91,-1300.31,105.9611,101.231024847066,-8.448981,7.0,4.0,8.679802601998565,2976.0,5717.0
2016-06-21,206.0749969482422,8219.900390625,17618.89453125,1270.5,67.73,7.498,7.446,1.6970000267028809,1.194000005722046,325.91,-1300.31,105.9611,101.231024847066,-8.448981,7.0,4.0,8.679802601998565,2976.0,5717.0
2016-06-22,207.0713653564453,8203.7001953125,17625.845703125,1268.0,67.49,7.476,7.431,1.684999942779541,1.2029999494552612,325.91,-1300.31,105.9611,101.231024847066,-8.448981,7.0,4.0,8.679802601998565,2976.0,5717.0
2016-06-23,208.7175445556641,8270.4501953125,17892.2421875,1261.199951171875,67.29,7.479,7.428,1.7389999628067017,1.253999948501587,325.91,-1300.31,105.9611,101.231024847066,-8.448981,7.0,4.0,8.679802601998565,2976.0,5717.0
2016-06-24,200.09678649902344,8088.60009765625,17425.84765625,1320.0,67.82,7.473,7.438,1.5789999961853027,1.093999981880188,325.91,-1300.31,105.9611,101.231024847066,-8.448981,7.0,4.0,8.679802601998565,2976.0,5717.0
2016-06-27,201.61300659179688,8094.7001953125,17514.74609375,1322.5,67.92,7.459,7.41,1.4600000381469729,1.0010000467300415,325.91,-1300.31,105.9611,101.231024847066,-8.448981,7.0,4.0,8.679802601998565,2976.0,5717.0
2016-06-28,202.00286865234375,8127.85009765625,17561.345703125,1315.300048828125,67.86,7.453,7.407,1.4609999656677246,1.0010000467300415,325.91,-1300.31,105.9611,101.231024847066,-8.448981,7.0,4.0,8.679802601998565,2976.0,5717.0
2016-06-29,205.03530883789065,8204.0,17689.6953125,1323.9000244140625,67.42,7.444,7.387,1.4769999980926514,1.02400004863739,325.91,-1300.31,105.9611,101.231024847066,-8.448981,7.0,4.0,8.679802601998565,2976.0,5717.0
2016-06-30,208.4143218994141,8287.75,17935.19140625,1318.4000244140625,67.51,7.448,7.397,1.4880000352859497,1.0110000371932983,325.91,-1300.31,105.9611,101.231024847066,-8.448981,7.0,4.0,8.679802601998565,2976.0,5717.0
2016-07-01,208.24102783203125,8328.349609375,17985.44140625,1336.699951171875,67.24,7.419,7.354,1.4559999704360962,1.003999948501587,325.91,-1300.31,107.1087,101.321652443169,-6.949546,7.0,4.0,9.669808748293462,3030.0,5793.0
2016-07-04,214.99900817871097,8370.7001953125,18097.439453125,1336.699951171875,67.24,7.425,7.344,1.4559999704360962,1.003999948501587,325.91,-1300.31,107.1087,101.321652443169,-6.949546,7.0,4.0,9.669808748293462,3030.0,5793.0
2016-07-05,212.3564453125,8335.9501953125,18004.041015625,1356.4000244140625,67.4,7.394,7.261,1.3669999837875366,0.9380000233650208,325.91,-1300.31,107.1087,101.321652443169,-6.949546,7.0,4.0,9.669808748293462,3030.0,5793.0
2016-07-06,212.3564453125,8335.9501953125,18004.041015625,1364.9000244140625,67.45,7.394,7.261,1.3849999904632568,0.962000012397766,325.91,-1300.31,107.1087,101.321652443169,-6.949546,7.0,4.0,9.669808748293462,3030.0,5793.0
2016-07-07,212.13986206054688,8337.900390625,18084.689453125,1360.0999755859375,67.49,7.381,7.241,1.3869999647140503,0.9589999914169312,325.91,-1300.31,107.1087,101.321652443169,-6.949546,7.0,4.0,9.669808748293462,3030.0,5793.0
2016-07-08,209.62728881835935,8323.2001953125,18016.041015625,1356.5999755859375,67.13,7.384,7.23,1.366000056266785,0.9520000219345092,325.91,-1300.31,107.1087,101.321652443169,-6.949546,7.0,4.0,9.669808748293462,3030.0,5793.0
2016-07-11,216.4719085693359,8467.900390625,18390.736328125,1355.0,67.11,7.384,7.23,1.434000015258789,1.024999976158142,325.91,-1300.31,107.1087,101.321652443169,-6.949546,7.0,4.0,9.669808748293462,3030.0,5793.0
2016-07-12,226.7388153076172,8521.0498046875,18667.3828125,1334.0999755859375,67.05,7.337,7.197,1.5130000114440918,1.0829999446868896,325.91,-1300.31,107.1087,101.321652443169,-6.949546,7.0,4.0,9.669808748293462,3030.0,5793.0
2016-07-13,226.26231384277344,8519.5,18618.732421875,1342.4000244140625,66.99,7.284,7.117,1.468000054359436,1.0549999475479126,325.91,-1300.31,107.1087,101.321652443169,-6.949546,7.0,4.0,9.669808748293462,3030.0,5793.0
2016-07-14,232.7170257568359,8565.0,18863.53125,1331.300048828125,66.81,7.285,7.124,1.531000018119812,1.090999960899353,325.91,-1300.31,107.1087,101.321652443169,-6.949546,7.0,4.0,9.669808748293462,3030.0,5793.0
2016-07-15,230.2477874755859,8541.400390625,18953.4296875,1326.5,67.07,7.272,7.119,1.593999981880188,1.1449999809265137,325.91,-1300.31,107.1087,101.321652443169,-6.949546,7.0,4.0,9.669808748293462,3030.0,5793.0
2016-07-18,228.2117156982422,8508.7001953125,18923.1796875,1328.4000244140625,67.14,7.294,7.143,1.587000012397766,1.1299999952316284,325.91,-1300.31,107.1087,101.321652443169,-6.949546,7.0,4.0,9.669808748293462,3030.0,5793.0
2016-07-19,233.19357299804688,8528.5498046875,18904.9296875,1331.5,67.14,7.28,7.138,1.5579999685287476,1.1119999885559082,325.91,-1300.31,107.1087,101.321652443169,-6.949546,7.0,4.0,9.669808748293462,3030.0,5793.0
2016-07-20,231.7639923095703,8565.849609375,18967.978515625,1318.800048828125,67.18,7.27,7.118,1.5800000429153442,1.1380000114440918,325.91,-1300.31,107.1087,101.321652443169,-6.949546,7.0,4.0,9.669808748293462,3030.0,5793.0
2016-07-21,226.91209411621097,8510.099609375,18674.083984375,1330.5,67.15,7.261,7.115,1.565000057220459,1.1019999980926514,325.91,-1300.31,107.1087,101.321652443169,-6.949546,7.0,4.0,9.669808748293462,3030.0,5793.0
2016-07-22,228.25503540039065,8541.2001953125,18690.18359375,1323.0999755859375,67.19,7.249,7.106,1.5700000524520874,1.1200000047683716,325.91,-1300.31,107.1087,101.321652443169,-6.949546,7.0,4.0,9.669808748293462,3030.0,5793.0
2016-07-25,232.7603454589844,8635.650390625,18989.37890625,1319.300048828125,67.41,7.248,7.109,1.5709999799728394,1.1360000371932983,325.91,-1300.31,107.1087,101.321652443169,-6.949546,7.0,4.0,9.669808748293462,3030.0,5793.0
2016-07-26,226.6954803466797,8590.650390625,18860.630859375,1320.699951171875,67.34,7.252,7.116,1.562999963760376,1.1380000114440918,325.91,-1300.31,107.1087,101.321652443169,-6.949546,7.0,4.0,9.669808748293462,3030.0,5793.0
2016-07-27,234.4498291015625,8615.7998046875,19021.728515625,1326.5999755859375,67.14,7.25,7.108,1.5149999856948853,1.10099995136261,325.91,-1300.31,107.1087,101.321652443169,-6.949546,7.0,4.0,9.669808748293462,3030.0,5793.0
2016-07-28,235.66281127929688,8666.2998046875,19076.328125,1332.300048828125,66.96,7.185,7.06,1.5110000371932983,1.093999981880188,325.91,-1300.31,107.1087,101.321652443169,-6.949546,7.0,4.0,9.669808748293462,3030.0,5793.0
2016-07-29,227.7785186767578,8638.5,18952.9296875,1349.0,66.77,7.163,7.047,1.4579999446868896,1.0329999923706057,325.91,-1300.31,107.1087,101.321652443169,-6.949546,7.0,4.0,9.669808748293462,3030.0,5793.0
2016-08-01,216.16864013671875,8636.5498046875,18740.380859375,1351.4000244140625,66.63,7.139,7.034,1.496000051498413,1.0529999732971191,325.91,-1300.31,106.3436,100.777886866551,-6.904941,7.0,4.0,9.669808748293462,3030.0,5793.0
2016-08-02,212.52972412109375,8622.900390625,18708.033203125,1364.4000244140625,66.65,7.174,7.076,1.5369999408721924,1.0750000476837158,325.91,-1300.31,106.3436,100.777886866551,-6.904941,7.0,4.0,9.669808748293462,3030.0,5793.0
2016-08-03,209.7572326660156,8544.849609375,18601.783203125,1356.0999755859375,66.8,7.194,7.098,1.5420000553131104,1.0700000524520874,325.91,-1300.31,106.3436,100.777886866551,-6.904941,7.0,4.0,9.669808748293462,3030.0,5793.0
2016-08-04,208.24102783203125,8551.099609375,18571.482421875,1358.800048828125,66.76,7.169,7.076,1.503000020980835,1.027999997138977,325.91,-1300.31,106.3436,100.777886866551,-6.904941,7.0,4.0,9.669808748293462,3030.0,5793.0
2016-08-05,213.09291076660156,8683.150390625,18925.728515625,1336.4000244140625,66.84,7.166,7.077,1.5820000171661377,1.1299999952316284,325.91,-1300.31,106.3436,100.777886866551,-6.904941,7.0,4.0,9.669808748293462,3030.0,5793.0
2016-08-08,212.4864196777344,8711.349609375,18939.228515625,1333.4000244140625,66.82,7.173,7.079,1.5829999446868896,1.1380000114440918,325.91,-1300.31,106.3436,100.777886866551,-6.904941,7.0,4.0,9.669808748293462,3030.0,5793.0
2016-08-09,212.5730438232422,8678.25,18933.080078125,1339.0,66.76,7.124,7.046,1.5449999570846558,1.1069999933242798,325.91,-1300.31,106.3436,100.777886866551,-6.904941,7.0,4.0,9.669808748293462,3030.0,5793.0
2016-08-10,207.3746337890625,8575.2998046875,18647.583984375,1344.300048828125,66.72,7.101,7.029,1.508999943733215,1.0700000524520874,325.91,-1300.31,106.3436,100.777886866551,-6.904941,7.0,4.0,9.669808748293462,3030.0,5793.0
2016-08-11,210.2770538330078,8592.150390625,18640.18359375,1342.5,66.75,7.083,7.028,1.5729999542236328,1.1510000228881836,325.91,-1300.31,106.3436,100.777886866551,-6.904941,7.0,4.0,9.669808748293462,3030.0,5793.0
2016-08-12,213.09291076660156,8592.150390625,18963.478515625,1335.800048828125,66.82,7.101,7.039,1.5149999856948853,1.10099995136261,325.91,-1300.31,106.3436,100.777886866551,-6.904941,7.0,4.0,9.669808748293462,3030.0,5793.0
2016-08-15,213.09291076660156,8592.150390625,18963.478515625,1340.300048828125,66.85,7.101,7.039,1.5529999732971191,1.1299999952316284,325.91,-1300.31,106.3436,100.777886866551,-6.904941,7.0,4.0,9.669808748293462,3030.0,5793.0
2016-08-16,215.34556579589844,8642.5498046875,19001.9296875,1350.5,66.83,7.104,7.031,1.5759999752044678,1.1579999923706057,325.91,-1300.31,106.3436,100.777886866551,-6.904941,7.0,4.0,9.669808748293462,3030.0,5793.0
2016-08-17,214.52249145507812,8624.0498046875,19041.029296875,1342.699951171875,66.96,7.104,7.031,1.5609999895095823,1.1480000019073486,325.91,-1300.31,106.3436,100.777886866551,-6.904941,7.0,4.0,9.669808748293462,3030.0,5793.0
2016-08-18,219.11444091796875,8673.25,19352.576171875,1351.199951171875,66.83,7.14,7.051,1.5360000133514404,1.1139999628067017,325.91,-1300.31,106.3436,100.777886866551,-6.904941,7.0,4.0,9.669808748293462,3030.0,5793.0
2016-08-19,219.9808349609375,8666.900390625,19414.47265625,1340.4000244140625,67.13,7.099,7.032,1.5779999494552612,1.162999987602234,325.91,-1300.31,106.3436,100.777886866551,-6.904941,7.0,4.0,9.669808748293462,3030.0,5793.0
2016-08-22,218.55126953125,8629.150390625,19330.025390625,1337.699951171875,67.18,7.156,7.077,1.5390000343322754,1.1330000162124634,325.91,-1300.31,106.3436,100.777886866551,-6.904941,7.0,4.0,9.669808748293462,3030.0,5793.0
2016-08-23,216.775146484375,8632.599609375,19341.42578125,1340.5999755859375,67.09,7.158,7.067,1.5529999732971191,1.1430000066757202,325.91,-1300.31,106.3436,100.777886866551,-6.904941,7.0,4.0,9.669808748293462,3030.0,5793.0
2016-08-24,215.2589111328125,8650.2998046875,19355.375,1324.4000244140625,67.14,7.134,7.054,1.559000015258789,1.1430000066757202,325.91,-1300.31,106.3436,100.777886866551,-6.904941,7.0,4.0,9.669808748293462,3030.0,5793.0
2016-08-25,213.95932006835935,8592.2001953125,19304.025390625,1320.0999755859375,67.01,7.122,7.043,1.5770000219345093,1.156999945640564,325.91,-1300.31,106.3436,100.777886866551,-6.904941,7.0,4.0,9.669808748293462,3030.0,5793.0
2016-08-26,212.52972412109375,8572.5498046875,19195.52734375,1321.5,66.98,7.127,7.037,1.6349999904632568,1.241000056266785,325.91,-1300.31,106.3436,100.777886866551,-6.904941,7.0,4.0,9.669808748293462,3030.0,5793.0
2016-08-29,217.03504943847656,8607.4501953125,19216.77734375,1322.9000244140625,67.15,7.121,7.04,1.565999984741211,1.1770000457763672,325.91,-1300.31,106.3436,100.777886866551,-6.904941,7.0,4.0,9.669808748293462,3030.0,5793.0
2016-08-30,222.0168914794922,8744.349609375,19531.32421875,1311.699951171875,67.14,7.107,7.024,1.5700000524520874,1.1820000410079956,325.91,-1300.31,106.3436,100.777886866551,-6.904941,7.0,4.0,9.669808748293462,3030.0,5793.0
2016-08-31,223.5331115722656,8786.2001953125,19787.369140625,1306.9000244140625,66.94,7.11,7.019,1.5679999589920044,1.1799999475479126,325.91,-1300.31,106.3436,100.777886866551,-6.904941,7.0,4.0,9.669808748293462,3030.0,5793.0
2016-09-01,226.08900451660156,8774.650390625,19788.619140625,1312.199951171875,66.85,7.118,7.021,1.5700000524520874,1.1820000410079956,325.91,-1300.31,105.9611,100.959142058757,-8.870728,7.0,4.0,9.669808748293462,3030.0,5793.0
2016-09-02,226.3922576904297,8809.650390625,19882.96875,1322.0999755859375,66.6,7.119,7.015,1.5959999561309814,1.190000057220459,325.91,-1300.31,105.9611,100.959142058757,-8.870728,7.0,4.0,9.669808748293462,3030.0,5793.0
2016-09-05,226.3922576904297,8809.650390625,19882.96875,1322.0999755859375,66.6,7.119,7.015,1.5959999561309814,1.190000057220459,325.91,-1300.31,105.9611,100.959142058757,-8.870728,7.0,4.0,9.669808748293462,3030.0,5793.0
2016-09-06,236.2693023681641,8943.0,20425.9609375,1349.4000244140625,66.28,7.097,6.997,1.5429999828338623,1.121999979019165,325.91,-1300.31,105.9611,100.959142058757,-8.870728,7.0,4.0,9.669808748293462,3030.0,5793.0
2016-09-07,240.9912109375,8917.9501953125,20406.6640625,1344.300048828125,66.42,7.055,6.951,1.5410000085830688,1.1230000257492063,325.91,-1300.31,105.9611,100.959142058757,-8.870728,7.0,4.0,9.669808748293462,3030.0,5793.0
2016-09-08,239.4316864013672,8952.5,20417.01171875,1336.800048828125,66.52,7.042,6.958,1.616000056266785,1.190000057220459,325.91,-1300.31,105.9611,100.959142058757,-8.870728,7.0,4.0,9.669808748293462,3030.0,5793.0
2016-09-09,237.48226928710935,8866.7001953125,20245.06640625,1330.0999755859375,66.76,7.057,6.942,1.6720000505447388,1.2230000495910645,325.91,-1300.31,105.9611,100.959142058757,-8.870728,7.0,4.0,9.669808748293462,3030.0,5793.0
2016-09-12,232.37045288085935,8715.599609375,19790.369140625,1321.0,66.79,7.083,6.944,1.6720000505447388,1.2029999494552612,325.91,-1300.31,105.9611,100.959142058757,-8.870728,7.0,4.0,9.669808748293462,3030.0,5793.0
2016-09-13,232.37045288085935,8715.599609375,19790.369140625,1319.0,67.03,7.083,6.944,1.7339999675750732,1.253999948501587,325.91,-1300.31,105.9611,100.959142058757,-8.870728,7.0,4.0,9.669808748293462,3030.0,5793.0
2016-09-14,235.186279296875,8726.599609375,19908.919921875,1321.5,66.78,7.08,6.951,1.6890000104904177,1.1979999542236328,325.91,-1300.31,105.9611,100.959142058757,-8.870728,7.0,4.0,9.669808748293462,3030.0,5793.0
2016-09-15,234.4498291015625,8742.5498046875,19837.3203125,1313.5,66.84,7.067,6.953,1.7029999494552612,1.1890000104904177,325.91,-1300.31,105.9611,100.959142058757,-8.870728,7.0,4.0,9.669808748293462,3030.0,5793.0
2016-09-16,231.6340179443359,8779.849609375,19855.21875,1305.800048828125,67.1,7.051,6.944,1.7009999752044678,1.2100000381469729,325.91,-1300.31,105.9611,100.959142058757,-8.870728,7.0,4.0,9.669808748293462,3030.0,5793.0
2016-09-19,235.31625366210935,8808.400390625,19906.619140625,1313.5,66.94,7.052,6.949,1.6959999799728394,1.2070000171661377,325.91,-1300.31,105.9611,100.959142058757,-8.870728,7.0,4.0,9.669808748293462,3030.0,5793.0
2016-09-20,235.7494659423828,8775.900390625,19852.0703125,1313.699951171875,66.97,7.065,6.964,1.687999963760376,1.2000000476837158,325.91,-1300.31,105.9611,100.959142058757,-8.870728,7.0,4.0,9.669808748293462,3030.0,5793.0
2016-09-21,233.84336853027344,8777.150390625,19828.21875,1326.9000244140625,66.99,7.039,6.951,1.6679999828338623,1.2000000476837158,325.91,-1300.31,105.9611,100.959142058757,-8.870728,7.0,4.0,9.669808748293462,3030.0,5793.0
2016-09-22,238.69525146484375,8867.4501953125,20109.365234375,1340.4000244140625,66.6,6.977,6.902,1.631999969482422,1.1740000247955322,325.91,-1300.31,105.9611,100.959142058757,-8.870728,7.0,4.0,9.669808748293462,3030.0,5793.0
2016-09-23,235.01303100585935,8831.5498046875,19901.5703125,1337.199951171875,66.66,6.966,6.888,1.6150000095367432,1.152999997138977,325.91,-1300.31,105.9611,100.959142058757,-8.870728,7.0,4.0,9.669808748293462,3030.0,5793.0
2016-09-26,227.4752655029297,8723.0498046875,19591.521484375,1339.699951171875,66.56,6.934,6.845,1.5889999866485596,1.1269999742507937,325.91,-1300.31,105.9611,100.959142058757,-8.870728,7.0,4.0,9.669808748293462,3030.0,5793.0
2016-09-27,225.26593017578125,8706.400390625,19518.47265625,1325.9000244140625,66.5,6.933,6.836,1.555999994277954,1.1119999885559082,325.91,-1300.31,105.9611,100.959142058757,-8.870728,7.0,4.0,9.669808748293462,3030.0,5793.0
2016-09-28,225.91574096679688,8745.150390625,19653.322265625,1319.4000244140625,66.5,6.921,6.828,1.5670000314712524,1.1299999952316284,325.91,-1300.31,105.9611,100.959142058757,-8.870728,7.0,4.0,9.669808748293462,3030.0,5793.0
2016-09-29,216.90509033203125,8591.25,19183.427734375,1321.699951171875,66.72,7.013,6.91,1.5570000410079956,1.1150000095367432,325.91,-1300.31,105.9611,100.959142058757,-8.870728,7.0,4.0,9.669808748293462,3030.0,5793.0
2016-09-30,218.46463012695312,8611.150390625,19285.474609375,1313.300048828125,66.58,6.958,6.88,1.6080000400543213,1.156000018119812,325.91,-1300.31,105.9611,100.959142058757,-8.870728,7.0,4.0,9.669808748293462,3030.0,5793.0
2016-10-03,221.9302520751953,8738.099609375,19588.822265625,1309.0,66.52,6.899,6.773,1.621999979019165,1.1829999685287476,325.91,-1300.31,105.9611,100.959142058757,-8.870728,7.0,4.0,9.669808748293462,3030.0,5793.0
2016-10-04,223.7063751220703,8769.150390625,19672.470703125,1266.300048828125,66.49,6.837,6.681,1.6829999685287476,1.2269999980926514,325.91,-1300.31,105.9611,100.959142058757,-8.870728,7.0,4.0,9.669808748293462,3030.0,5793.0
2016-10-05,221.3237762451172,8743.9501953125,19536.623046875,1265.199951171875,66.53,6.797,6.668,1.715999960899353,1.25600004196167,325.91,-1300.31,105.9611,100.959142058757,-8.870728,7.0,4.0,9.669808748293462,3030.0,5793.0
2016-10-06,217.6848907470703,8709.5498046875,19394.826171875,1249.800048828125,66.7,6.82,6.705,1.7419999837875366,1.2829999923706057,325.91,-1300.31,105.9611,100.959142058757,-8.870728,7.0,4.0,9.669808748293462,3030.0,5793.0
2016-10-07,217.1216735839844,8697.599609375,19399.875,1248.9000244140625,66.61,6.848,6.742,1.7359999418258667,1.2699999809265137,325.91,-1300.31,105.9611,100.959142058757,-8.870728,7.0,4.0,9.669808748293462,3030.0,5793.0
2016-10-10,216.68849182128903,8708.7998046875,19378.326171875,1248.9000244140625,66.61,6.819,6.71,1.7230000495910645,1.2580000162124634,325.91,-1300.31,105.9611,100.959142058757,-8.870728,7.0,4.0,9.669808748293462,3030.0,5793.0
2016-10-11,216.68849182128903,8708.7998046875,19378.326171875,1253.0,66.81,6.819,6.71,1.758999943733215,1.2940000295639038,325.91,-1300.31,105.9611,100.959142058757,-8.870728,7.0,4.0,9.669808748293462,3030.0,5793.0
2016-10-12,216.68849182128903,8708.7998046875,19378.326171875,1251.0999755859375,66.85,6.819,6.71,1.777999997138977,1.3040000200271606,325.91,-1300.31,105.9611,100.959142058757,-8.870728,7.0,4.0,9.669808748293462,3030.0,5793.0
2016-10-13,208.93414306640625,8573.349609375,18954.029296875,1255.0,66.84,6.828,6.727,1.7380000352859497,1.253999948501587,325.91,-1300.31,105.9611,100.959142058757,-8.870728,7.0,4.0,9.669808748293462,3030.0,5793.0
2016-10-14,209.45399475097656,8583.400390625,19019.9296875,1253.0999755859375,66.69,6.852,6.746,1.7940000295639038,1.281999945640564,325.91,-1300.31,105.9611,100.959142058757,-8.870728,7.0,4.0,9.669808748293462,3030.0,5793.0
2016-10-17,224.1829071044922,8520.400390625,19070.1796875,1254.4000244140625,66.8,6.844,6.74,1.7660000324249268,1.25600004196167,325.91,-1300.31,105.9611,100.959142058757,-8.870728,7.0,4.0,9.669808748293462,3030.0,5793.0
2016-10-18,234.2332305908203,8677.900390625,19494.82421875,1260.800048828125,66.71,6.812,6.716,1.7489999532699585,1.2339999675750732,325.91,-1300.31,105.9611,100.959142058757,-8.870728,7.0,4.0,9.669808748293462,3030.0,5793.0
2016-10-19,229.6412811279297,8659.099609375,19411.873046875,1267.9000244140625,66.64,6.819,6.705,1.7519999742507937,1.2339999675750732,325.91,-1300.31,105.9611,100.959142058757,-8.870728,7.0,4.0,9.669808748293462,3030.0,5793.0
2016-10-20,240.51467895507812,8699.400390625,19658.470703125,1265.5999755859375,66.83,6.847,6.725,1.746999979019165,1.243000030517578,325.91,-1300.31,105.9611,100.959142058757,-8.870728,7.0,4.0,9.669808748293462,3030.0,5793.0
2016-10-21,240.3414306640625,8693.0498046875,19710.671875,1265.9000244140625,66.94,6.848,6.728,1.7400000095367432,1.2450000047683716,325.91,-1300.31,105.9611,100.959142058757,-8.870728,7.0,4.0,9.669808748293462,3030.0,5793.0
2016-10-24,246.5362243652344,8708.9501953125,19807.669921875,1262.0,66.89,6.856,6.73,1.7630000114440918,1.2690000534057615,325.91,-1300.31,105.9611,100.959142058757,-8.870728,7.0,4.0,9.669808748293462,3030.0,5793.0
2016-10-25,250.6083526611328,8691.2998046875,19834.669921875,1271.9000244140625,66.8,6.87,6.683,1.7580000162124634,1.2760000228881836,325.91,-1300.31,105.9611,100.959142058757,-8.870728,7.0,4.0,9.669808748293462,3030.0,5793.0
2016-10-26,241.20782470703125,8615.25,19483.373046875,1264.800048828125,66.83,6.871,6.69,1.7899999618530271,1.3020000457763672,325.91,-1300.31,105.9611,100.959142058757,-8.870728,7.0,4.0,9.669808748293462,3030.0,5793.0
2016-10-27,246.31964111328125,8615.25,19514.373046875,1267.9000244140625,66.85,6.888,6.713,1.843000054359436,1.3380000591278076,325.91,-1300.31,105.9611,100.959142058757,-8.870728,7.0,4.0,9.669808748293462,3030.0,5793.0
2016-10-28,239.8649139404297,8638.0,19555.72265625,1275.5,66.78,6.885,6.706,1.8450000286102295,1.3229999542236328,325.91,-1300.31,105.9611,100.959142058757,-8.870728,7.0,4.0,9.669808748293462,3030.0,5793.0
2016-10-31,239.8649139404297,8638.0,19555.72265625,1271.5,66.72,6.885,6.706,1.8339999914169312,1.312999963760376,325.91,-1300.31,105.9611,100.959142058757,-8.870728,7.0,4.0,9.669808748293462,3030.0,5793.0
2016-11-01,238.56527709960935,8626.25,19458.373046875,1286.4000244140625,66.7,6.908,6.715,1.8200000524520872,1.2860000133514404,325.91,-1300.31,105.9611,101.412280039272,-11.96147,6.75,4.0,9.669808748293462,3030.0,5793.0
2016-11-02,235.576171875,8514.0,19227.677734375,1306.800048828125,66.66,6.9,6.715,1.7990000247955322,1.2610000371932983,325.91,-1300.31,105.9611,101.412280039272,-11.96147,6.75,4.0,9.669808748293462,3030.0,5793.0
2016-11-03,233.71337890625,8484.9501953125,19178.4765625,1302.0999755859375,66.68,6.823,6.712,1.812000036239624,1.2630000114440918,325.91,-1300.31,105.9611,101.412280039272,-11.96147,6.75,4.0,9.669808748293462,3030.0,5793.0
2016-11-04,233.75672912597656,8433.75,19057.87890625,1303.300048828125,66.75,6.838,6.738,1.7829999923706057,1.24399995803833,325.91,-1300.31,105.9611,101.412280039272,-11.96147,6.75,4.0,9.669808748293462,3030.0,5793.0
2016-11-07,241.46774291992188,8497.0498046875,19355.775390625,1278.300048828125,66.73,6.834,6.725,1.8279999494552612,1.2910000085830688,325.91,-1300.31,105.9611,101.412280039272,-11.96147,6.75,4.0,9.669808748293462,3030.0,5793.0
2016-11-08,245.36659240722656,8543.5498046875,19500.57421875,1273.4000244140625,66.39,6.796,6.698,1.861999988555908,1.3309999704360962,325.91,-1300.31,105.9611,101.412280039272,-11.96147,6.75,4.0,9.669808748293462,3030.0,5793.0
2016-11-09,243.85037231445312,8432.0,19518.0234375,1272.5999755859375,66.48,6.666,6.597,2.072000026702881,1.4739999771118164,325.91,-1300.31,105.9611,101.412280039272,-11.96147,6.75,4.0,9.669808748293462,3030.0,5793.0
2016-11-10,253.5108184814453,8525.75,20200.015625,1265.5,66.86,6.657,6.522,2.117000102996826,1.5290000438690186,325.91,-1300.31,105.9611,101.412280039272,-11.96147,6.75,4.0,9.669808748293462,3030.0,5793.0
2016-11-11,239.4750061035156,8296.2998046875,19738.572265625,1265.5,66.86,6.722,6.575,2.117000102996826,1.5290000438690186,325.91,-1300.31,105.9611,101.412280039272,-11.96147,6.75,4.0,9.669808748293462,3030.0,5793.0
2016-11-14,239.4750061035156,8296.2998046875,19738.572265625,1221.199951171875,67.78,6.722,6.575,2.2219998836517334,1.6469999551773071,325.91,-1300.31,105.9611,101.412280039272,-11.96147,6.75,4.0,9.669808748293462,3030.0,5793.0
2016-11-15,233.71337890625,8108.4501953125,19289.525390625,1224.0,67.8,6.53,6.384,2.23799991607666,1.6740000247955322,325.91,-1300.31,105.9611,101.412280039272,-11.96147,6.75,4.0,9.669808748293462,3030.0,5793.0
2016-11-16,230.6376495361328,8111.60009765625,19107.876953125,1223.4000244140625,68.07,6.444,6.435,2.2230000495910645,1.6720000505447388,325.91,-1300.31,105.9611,101.412280039272,-11.96147,6.75,4.0,9.669808748293462,3030.0,5793.0
2016-11-17,231.89393615722656,8079.9501953125,19087.626953125,1216.5,67.93,6.419,6.391,2.2760000228881836,1.7130000591278076,325.91,-1300.31,105.9611,101.412280039272,-11.96147,6.75,4.0,9.669808748293462,3030.0,5793.0
2016-11-18,229.2514190673828,8074.10009765625,18958.830078125,1208.5,68.12,6.428,6.398,2.3350000381469727,1.7769999504089355,325.91,-1300.31,105.9611,101.412280039272,-11.96147,6.75,4.0,9.669808748293462,3030.0,5793.0
2016-11-21,226.30563354492188,7929.10009765625,18446.185546875,1209.5999755859375,68.23,6.304,6.275,2.3389999866485596,1.7960000038146973,325.91,-1300.31,105.9611,101.412280039272,-11.96147,6.75,4.0,9.669808748293462,3030.0,5793.0
2016-11-22,227.605224609375,8002.2998046875,18548.435546875,1211.0,68.4,6.307,6.276,2.321000099182129,1.781000018119812,325.91,-1300.31,105.9611,101.412280039272,-11.96147,6.75,4.0,9.669808748293462,3030.0,5793.0
2016-11-23,229.55462646484375,8033.2998046875,18540.685546875,1189.0999755859375,68.86,6.278,6.237,2.3570001125335693,1.837000012397766,325.91,-1300.31,105.9611,101.412280039272,-11.96147,6.75,4.0,9.669808748293462,3030.0,5793.0
2016-11-24,224.659423828125,7965.5,18255.88671875,1189.0999755859375,68.86,6.183,6.122,2.3570001125335693,1.837000012397766,325.91,-1300.31,105.9611,101.412280039272,-11.96147,6.75,4.0,9.669808748293462,3030.0,5793.0
2016-11-25,225.3525848388672,8114.2998046875,18507.0859375,1178.199951171875,68.59,6.229,6.157,2.371999979019165,1.8489999771118164,325.91,-1300.31,105.9611,101.412280039272,-11.96147,6.75,4.0,9.669808748293462,3030.0,5793.0
2016-11-28,221.19381713867188,8126.89990234375,18301.236328125,1190.5999755859375,68.56,6.323,6.266,2.319999933242798,1.8009999990463257,325.91,-1300.31,105.9611,101.412280039272,-11.96147,6.75,4.0,9.669808748293462,3030.0,5793.0
2016-11-29,221.3237762451172,8142.14990234375,18223.5390625,1187.9000244140625,68.64,6.317,6.26,2.302000045776367,1.781000018119812,325.91,-1300.31,105.9611,101.412280039272,-11.96147,6.75,4.0,9.669808748293462,3030.0,5793.0
2016-11-30,230.07449340820312,8224.5,18627.583984375,1170.800048828125,68.56,6.243,6.2,2.368000030517578,1.8339999914169312,325.91,-1300.31,105.9611,101.412280039272,-11.96147,6.75,4.0,9.669808748293462,3030.0,5793.0
2016-12-01,224.5294952392578,8192.900390625,18428.234375,1166.9000244140625,68.29,6.212,6.179,2.440999984741211,1.89300000667572,325.91,-1300.31,105.196,101.231024847066,-10.45375,6.75,4.0,9.669808748293462,3030.0,5793.0
2016-12-02,224.8327178955078,8086.7998046875,18247.4375,1175.0999755859375,68.04,6.241,6.22,2.390000104904175,1.8289999961853027,325.91,-1300.31,105.196,101.231024847066,-10.45375,6.75,4.0,9.669808748293462,3030.0,5793.0
2016-12-05,226.00238037109375,8128.75,18408.685546875,1174.0,68.06,6.216,6.175,2.38700008392334,1.843999981880188,325.91,-1300.31,105.196,101.231024847066,-10.45375,6.75,4.0,9.669808748293462,3030.0,5793.0
2016-12-06,226.13232421875,8143.14990234375,18420.685546875,1167.5999755859375,67.72,6.201,6.154,2.3959999084472656,1.840999960899353,325.91,-1300.31,105.196,101.231024847066,-10.45375,6.75,4.0,9.669808748293462,3030.0,5793.0
2016-12-07,224.1396026611328,8102.0498046875,18233.9375,1175.0,67.5,6.41,6.405,2.3469998836517334,1.7979999780654907,325.91,-1300.31,105.196,101.231024847066,-10.45375,6.75,4.0,9.669808748293462,3030.0,5793.0
2016-12-08,227.6485137939453,8246.849609375,18515.234375,1169.800048828125,67.42,6.4,6.4,2.38700008392334,1.819000005722046,325.91,-1300.31,105.196,101.231024847066,-10.45375,6.75,4.0,9.669808748293462,3030.0,5793.0
2016-12-09,232.58706665039065,8261.75,18695.583984375,1159.4000244140625,67.51,6.437,6.42,2.4639999866485596,1.88100004196167,325.91,-1300.31,105.196,101.231024847066,-10.45375,6.75,4.0,9.669808748293462,3030.0,5793.0
2016-12-12,229.46798706054688,8170.7998046875,18392.736328125,1163.5,67.38,6.437,6.42,2.4790000915527344,1.8890000581741333,325.91,-1300.31,105.196,101.231024847066,-10.45375,6.75,4.0,9.669808748293462,3030.0,5793.0
2016-12-13,229.078125,8221.7998046875,18465.8359375,1156.699951171875,67.47,6.423,6.396,2.4809999465942383,1.9119999408721924,325.91,-1300.31,105.196,101.231024847066,-10.45375,6.75,4.0,9.669808748293462,3030.0,5793.0
2016-12-14,225.7424468994141,8182.4501953125,18341.287109375,1161.300048828125,67.43,6.404,6.379,2.5250000953674316,1.99399995803833,325.91,-1300.31,105.196,101.231024847066,-10.45375,6.75,4.0,9.669808748293462,3030.0,5793.0
2016-12-15,225.52587890625,8153.60009765625,18400.935546875,1127.800048828125,67.91,6.538,6.548,2.5799999237060547,2.068000078201294,325.91,-1300.31,105.196,101.231024847066,-10.45375,6.75,4.0,9.669808748293462,3030.0,5793.0
2016-12-16,221.4537353515625,8139.4501953125,18312.587890625,1135.300048828125,67.82,6.504,6.549,2.5969998836517334,2.066999912261963,325.91,-1300.31,105.196,101.231024847066,-10.45375,6.75,4.0,9.669808748293462,3030.0,5793.0
2016-12-19,222.7533264160156,8104.35009765625,18256.837890625,1140.5,67.83,6.51,6.606,2.5420000553131104,2.0269999504089355,325.91,-1300.31,105.196,101.231024847066,-10.45375,6.75,4.0,9.669808748293462,3030.0,5793.0
2016-12-20,217.98809814453125,8082.39990234375,18069.189453125,1131.5,67.97,6.48,6.63,2.568000078201294,2.0460000038146973,325.91,-1300.31,105.196,101.231024847066,-10.45375,6.75,4.0,9.669808748293462,3030.0,5793.0
2016-12-21,219.4176788330078,8061.2998046875,18084.2890625,1131.0999755859375,67.82,6.46,6.62,2.5460000038146973,2.0290000438690186,325.91,-1300.31,105.196,101.231024847066,-10.45375,6.75,4.0,9.669808748293462,3030.0,5793.0
2016-12-22,219.15774536132812,7979.10009765625,17891.2421875,1128.800048828125,67.86,6.518,6.655,2.552999973297119,2.0360000133514404,325.91,-1300.31,105.196,101.231024847066,-10.45375,6.75,4.0,9.669808748293462,3030.0,5793.0
2016-12-23,218.2047119140625,7985.75,17883.79296875,1131.9000244140625,67.84,6.544,6.701,2.5429999828338623,2.0299999713897705,325.91,-1300.31,105.196,101.231024847066,-10.45375,6.75,4.0,9.669808748293462,3030.0,5793.0
2016-12-26,214.99900817871097,7908.25,17655.345703125,1131.9000244140625,67.84,6.57,6.721,2.5429999828338623,2.0299999713897705,325.91,-1300.31,105.196,101.231024847066,-10.45375,6.75,4.0,9.669808748293462,3030.0,5793.0
2016-12-27,219.67762756347656,8032.85009765625,17879.34375,1137.300048828125,68.01,6.587,6.72,2.562999963760376,2.055000066757202,325.91,-1300.31,105.196,101.231024847066,-10.45375,6.75,4.0,9.669808748293462,3030.0,5793.0
2016-12-28,218.11805725097656,8034.85009765625,17876.4921875,1139.4000244140625,68.2,6.581,6.707,2.50600004196167,1.9980000257492063,325.91,-1300.31,105.196,101.231024847066,-10.45375,6.75,4.0,9.669808748293462,3030.0,5793.0
2016-12-29,217.55490112304688,8103.60009765625,18032.94140625,1156.4000244140625,67.91,6.523,6.69,2.4769999980926514,1.962000012397766,325.91,-1300.31,105.196,101.231024847066,-10.45375,6.75,4.0,9.669808748293462,3030.0,5793.0
2016-12-30,221.19381713867188,8185.7998046875,18176.98828125,1150.0,67.92,6.512,6.649,2.446000099182129,1.934000015258789,325.91,-1300.31,105.196,101.231024847066,-10.45375,6.75,4.0,9.669808748293462,3030.0,5793.0
2017-01-02,218.29136657714844,8179.5,17969.390625,1150.0,67.92,6.402,6.518,2.446000099182129,1.934000015258789,325.91,-1300.31,105.196,101.231024847066,-10.45375,6.75,4.0,9.669808748293462,3030.0,5793.0
2017-01-03,220.41403198242188,8192.25,18035.390625,1160.4000244140625,68.37,6.44,6.626,2.450000047683716,1.944000005722046,325.91,-1300.31,105.196,101.231024847066,-10.45375,6.75,4.0,9.669808748293462,3030.0,5793.0
2017-01-04,217.55490112304688,8190.5,17890.79296875,1163.800048828125,67.9,6.36,6.562,2.4519999027252197,1.9470000267028809,325.91,-1300.31,105.196,101.231024847066,-10.45375,6.75,4.0,9.669808748293462,3030.0,5793.0
2017-01-05,222.88330078125,8273.7998046875,18115.73828125,1179.699951171875,67.74,6.385,6.533,2.368000030517578,1.8630000352859497,325.91,-1300.31,105.196,101.231024847066,-10.45375,6.75,4.0,9.669808748293462,3030.0,5793.0
2017-01-06,223.6630859375,8243.7998046875,18263.787109375,1171.9000244140625,68.12,6.385,6.542,2.4179999828338623,1.9220000505447388,325.91,-1300.31,105.196,101.231024847066,-10.45375,6.75,4.0,9.669808748293462,3030.0,5793.0
2017-01-09,224.1396026611328,8236.0498046875,18286.4375,1183.5,68.08,6.394,6.536,2.375999927520752,1.88100004196167,325.91,-1300.31,105.196,101.231024847066,-10.45375,6.75,4.0,9.669808748293462,3030.0,5793.0
2017-01-10,225.439208984375,8288.599609375,18409.384765625,1184.199951171875,68.25,6.398,6.539,2.378999948501587,1.878999948501587,325.91,-1300.31,105.196,101.231024847066,-10.45375,6.75,4.0,9.669808748293462,3030.0,5793.0
2017-01-11,229.3380584716797,8380.650390625,18829.78125,1195.5999755859375,68.39,6.391,6.529,2.369999885559082,1.8760000467300415,325.91,-1300.31,105.196,101.231024847066,-10.45375,6.75,4.0,9.669808748293462,3030.0,5793.0
2017-01-12,232.5004425048828,8407.2001953125,18873.73046875,1198.9000244140625,67.99,6.372,6.53,2.361000061035156,1.868000030517578,325.91,-1300.31,105.196,101.231024847066,-10.45375,6.75,4.0,9.669808748293462,3030.0,5793.0
2017-01-13,232.24053955078125,8400.349609375,18911.87890625,1195.300048828125,68.16,6.417,6.562,2.380000114440918,1.883999943733215,325.91,-1300.31,105.196,101.231024847066,-10.45375,6.75,4.0,9.669808748293462,3030.0,5793.0
2017-01-16,233.323486328125,8412.7998046875,19096.2265625,1195.300048828125,68.16,6.44,6.561,2.380000114440918,1.883999943733215,325.91,-1300.31,105.196,101.231024847066,-10.45375,6.75,4.0,9.669808748293462,3030.0,5793.0
2017-01-17,232.5437469482422,8398.0,19066.830078125,1212.0,67.9,6.419,6.555,2.3269999027252197,1.825999975204468,325.91,-1300.31,105.196,101.231024847066,-10.45375,6.75,4.0,9.669808748293462,3030.0,5793.0
2017-01-18,232.58706665039065,8417.0,19164.27734375,1211.300048828125,68.12,6.452,6.556,2.388999938964844,1.8849999904632568,325.91,-1300.31,105.196,101.231024847066,-10.45375,6.75,4.0,9.669808748293462,3030.0,5793.0
2017-01-19,233.67007446289065,8435.099609375,19124.02734375,1200.9000244140625,68.1,6.474,6.59,2.4590001106262207,1.9529999494552612,325.91,-1300.31,105.196,101.231024847066,-10.45375,6.75,4.0,9.669808748293462,3030.0,5793.0
2017-01-20,228.25503540039065,8349.349609375,18820.58203125,1204.300048828125,68.1,6.462,6.582,2.4670000076293945,1.940000057220459,325.91,-1300.31,105.196,101.231024847066,-10.45375,6.75,4.0,9.669808748293462,3030.0,5793.0
2017-01-23,223.14321899414065,8391.5,18842.48046875,1215.0,68.11,6.451,6.581,2.4030001163482666,1.8669999837875368,325.91,-1300.31,105.196,101.231024847066,-10.45375,6.75,4.0,9.669808748293462,3030.0,5793.0
2017-01-24,222.7966461181641,8475.7998046875,19023.279296875,1210.300048828125,68.12,6.437,6.58,2.4709999561309814,1.937000036239624,325.91,-1300.31,105.196,101.231024847066,-10.45375,6.75,4.0,9.669808748293462,3030.0,5793.0
2017-01-25,225.2226104736328,8602.75,19472.97265625,1197.300048828125,68.04,6.423,6.562,2.5230000019073486,1.986999988555908,325.91,-1300.31,105.196,101.231024847066,-10.45375,6.75,4.0,9.669808748293462,3030.0,5793.0
2017-01-26,225.2226104736328,8602.75,19472.97265625,1189.5,68.17,6.423,6.562,2.507999897003174,1.962000012397766,325.91,-1300.31,105.196,101.231024847066,-10.45375,6.75,4.0,9.669808748293462,3030.0,5793.0
2017-01-27,235.66281127929688,8641.25,19708.072265625,1188.0999755859375,68.06,6.398,6.54,2.4809999465942383,1.940999984741211,325.91,-1300.31,105.196,101.231024847066,-10.45375,6.75,4.0,9.669808748293462,3030.0,5793.0
2017-01-30,234.6231384277344,8632.75,19585.021484375,1193.199951171875,67.8,6.405,6.54,2.4830000400543213,1.9359999895095823,325.91,-1300.31,105.196,101.231024847066,-10.45375,6.75,4.0,9.669808748293462,3030.0,5793.0
2017-01-31,233.02029418945312,8561.2998046875,19514.923828125,1208.5999755859375,67.48,6.407,6.562,2.450999975204468,1.9079999923706057,325.91,-1300.31,105.196,101.231024847066,-10.45375,6.75,4.0,9.669808748293462,3030.0,5793.0
2017-02-01,243.46047973632812,8716.400390625,20020.3671875,1205.5999755859375,67.4,6.426,6.561,2.4739999771118164,1.9259999990463257,325.91,-1300.31,104.8135,102.409183596405,-12.53611,6.75,4.0,9.669808748293462,3030.0,5793.0
2017-02-02,247.6192321777344,8734.25,20070.068359375,1216.699951171875,67.2,6.4,6.56,2.4700000286102295,1.9210000038146973,325.91,-1300.31,104.8135,102.409183596405,-12.53611,6.75,4.0,9.669808748293462,3030.0,5793.0
2017-02-03,243.93701171875,8740.9501953125,20196.56640625,1218.5,67.18,6.408,6.548,2.490999937057495,1.9329999685287476,325.91,-1300.31,104.8135,102.409183596405,-12.53611,6.75,4.0,9.669808748293462,3030.0,5793.0
2017-02-06,251.51805114746097,8801.0498046875,20371.36328125,1230.0,67.2,6.412,6.575,2.413000106811523,1.8539999723434448,325.91,-1300.31,104.8135,102.409183596405,-12.53611,6.75,4.0,9.669808748293462,3030.0,5793.0
2017-02-07,249.61199951171875,8768.2998046875,20327.013671875,1234.199951171875,67.35,6.431,6.55,2.388999938964844,1.843999981880188,325.91,-1300.31,104.8135,102.409183596405,-12.53611,6.75,4.0,9.669808748293462,3030.0,5793.0
2017-02-08,247.6192321777344,8769.0498046875,20245.166015625,1237.5999755859375,67.04,6.747,6.798,2.3510000705718994,1.815999984741211,325.91,-1300.31,104.8135,102.409183596405,-12.53611,6.75,4.0,9.669808748293462,3030.0,5793.0
2017-02-09,246.9261016845703,8778.400390625,20150.916015625,1235.0999755859375,66.71,6.855,6.833,2.3949999809265137,1.8700000047683716,325.91,-1300.31,104.8135,102.409183596405,-12.53611,6.75,4.0,9.669808748293462,3030.0,5793.0
2017-02-10,243.98033142089844,8793.5498046875,20213.666015625,1234.4000244140625,66.8,6.805,6.835,2.4089999198913574,1.8869999647140503,325.91,-1300.31,104.8135,102.409183596405,-12.53611,6.75,4.0,9.669808748293462,3030.0,5793.0
2017-02-13,244.0236358642578,8805.0498046875,20251.564453125,1224.4000244140625,66.99,6.828,6.841,2.434000015258789,1.9110000133514404,325.91,-1300.31,104.8135,102.409183596405,-12.53611,6.75,4.0,9.669808748293462,3030.0,5793.0
2017-02-14,246.6228790283203,8792.2998046875,20257.86328125,1223.9000244140625,66.88,6.875,6.852,2.4700000286102295,1.9600000381469729,325.91,-1300.31,104.8135,102.409183596405,-12.53611,6.75,4.0,9.669808748293462,3030.0,5793.0
2017-02-15,243.2438812255859,8724.7001953125,20163.46484375,1231.699951171875,66.85,6.862,6.969,2.502000093460083,2.000999927520752,325.91,-1300.31,104.8135,102.409183596405,-12.53611,6.75,4.0,9.669808748293462,3030.0,5793.0
2017-02-16,241.5543975830078,8778.0,20243.46484375,1240.0,67.12,6.842,6.93,2.450000047683716,1.940999984741211,325.91,-1300.31,104.8135,102.409183596405,-12.53611,6.75,4.0,9.669808748293462,3030.0,5793.0
2017-02-17,245.1933135986328,8821.7001953125,20551.111328125,1237.5999755859375,67.09,6.849,6.939,2.424999952316284,1.909999966621399,325.91,-1300.31,104.8135,102.409183596405,-12.53611,6.75,4.0,9.669808748293462,3030.0,5793.0
2017-02-20,244.63015747070312,8879.2001953125,20676.859375,1237.5999755859375,67.09,6.901,6.981,2.424999952316284,1.909999966621399,325.91,-1300.31,104.8135,102.409183596405,-12.53611,6.75,4.0,9.669808748293462,3030.0,5793.0
2017-02-21,246.7528076171875,8907.849609375,20860.70703125,1237.5,67.0,6.901,6.981,2.427000045776367,1.9170000553131104,325.91,-1300.31,104.8135,102.409183596405,-12.53611,6.75,4.0,9.669808748293462,3030.0,5793.0
2017-02-22,247.92247009277344,8926.900390625,20868.20703125,1232.0,66.95,6.935,6.998,2.4179999828338623,1.9119999408721924,325.91,-1300.31,104.8135,102.409183596405,-12.53611,6.75,4.0,9.669808748293462,3030.0,5793.0
2017-02-23,246.4929046630859,8939.5,20876.408203125,1250.199951171875,66.68,6.915,7.0,2.388000011444092,1.878000020980835,325.91,-1300.31,104.8135,102.409183596405,-12.53611,6.75,4.0,9.669808748293462,3030.0,5793.0
2017-02-24,246.4929046630859,8939.5,20876.408203125,1256.9000244140625,66.68,6.915,7.0,2.316999912261963,1.8040000200271609,325.91,-1300.31,104.8135,102.409183596405,-12.53611,6.75,4.0,9.669808748293462,3030.0,5793.0
2017-02-27,241.59771728515625,8896.7001953125,20612.810546875,1257.4000244140625,66.69,6.88,6.967,2.36899995803833,1.8700000047683716,325.91,-1300.31,104.8135,102.409183596405,-12.53611,6.75,4.0,9.669808748293462,3030.0,5793.0
2017-02-28,239.4316864013672,8879.599609375,20607.009765625,1252.5999755859375,66.67,6.87,6.992,2.3580000400543213,1.8799999952316284,325.91,-1300.31,104.8135,102.409183596405,-12.53611,6.75,4.0,9.669808748293462,3030.0,5793.0
2017-03-01,241.81431579589844,8945.7998046875,20783.5078125,1248.9000244140625,66.83,6.928,7.02,2.4630000591278076,1.9919999837875368,325.91,-1300.31,105.196,102.590438788611,-13.44409,6.75,4.0,9.669808748293462,3030.0,5793.0
2017-03-02,241.42442321777344,8899.75,20559.8125,1231.9000244140625,66.75,6.831,7.019,2.489000082015991,2.0299999713897705,325.91,-1300.31,105.196,102.590438788611,-13.44409,6.75,4.0,9.669808748293462,3030.0,5793.0
2017-03-03,239.0851287841797,8897.5498046875,20495.361328125,1225.5,66.76,6.771,7.018,2.492000102996826,2.0169999599456787,325.91,-1300.31,105.196,102.590438788611,-13.44409,6.75,4.0,9.669808748293462,3030.0,5793.0
2017-03-06,239.77825927734375,8963.4501953125,20663.41015625,1224.5,66.64,6.867,7.066,2.49399995803833,2.0160000324249268,325.91,-1300.31,105.196,102.590438788611,-13.44409,6.75,4.0,9.669808748293462,3030.0,5793.0
2017-03-07,239.12844848632812,8946.900390625,20627.259765625,1215.0999755859375,66.62,6.832,7.1,2.510999917984009,2.0439999103546143,325.91,-1300.31,105.196,102.590438788611,-13.44409,6.75,4.0,9.669808748293462,3030.0,5793.0
2017-03-08,237.74220275878903,8924.2998046875,20676.310546875,1208.5,66.76,6.864,7.082,2.552000045776367,2.0810000896453857,325.91,-1300.31,105.196,102.590438788611,-13.44409,6.75,4.0,9.669808748293462,3030.0,5793.0
2017-03-09,236.96243286132812,8927.0,20721.109375,1202.4000244140625,66.64,6.854,7.077,2.5980000495910645,2.125,325.91,-1300.31,105.196,102.590438788611,-13.44409,6.75,4.0,9.669808748293462,3030.0,5793.0
2017-03-10,234.40652465820312,8934.5498046875,20727.310546875,1200.699951171875,66.6,6.904,7.102,2.5820000171661377,2.1050000190734863,325.91,-1300.31,105.196,102.590438788611,-13.44409,6.75,4.0,9.669808748293462,3030.0,5793.0
2017-03-13,234.40652465820312,8934.5498046875,20727.310546875,1202.4000244140625,66.15,6.904,7.102,2.6080000400543213,2.127000093460083,325.91,-1300.31,105.196,102.590438788611,-13.44409,6.75,4.0,9.669808748293462,3030.0,5793.0
2017-03-14,248.87554931640625,9087.0,21102.453125,1201.9000244140625,65.76,6.9,7.122,2.5950000286102295,2.124000072479248,325.91,-1300.31,105.196,102.590438788611,-13.44409,6.75,4.0,9.669808748293462,3030.0,5793.0
2017-03-15,247.05609130859375,9084.7998046875,21157.654296875,1200.0999755859375,65.62,6.826,7.068,2.507999897003174,2.0199999809265137,325.91,-1300.31,105.196,102.590438788611,-13.44409,6.75,4.0,9.669808748293462,3030.0,5793.0
2017-03-16,246.4929046630859,9153.7001953125,21249.654296875,1226.5,65.4,6.842,7.059,2.5220000743865967,2.0299999713897705,325.91,-1300.31,105.196,102.590438788611,-13.44409,6.75,4.0,9.669808748293462,3030.0,5793.0
2017-03-17,243.11392211914065,9160.0498046875,21174.8046875,1229.800048828125,65.38,6.86,7.06,2.500999927520752,2.0199999809265137,325.91,-1300.31,105.196,102.590438788611,-13.44409,6.75,4.0,9.669808748293462,3030.0,5793.0
2017-03-20,238.3053741455078,9126.849609375,21110.00390625,1233.5999755859375,65.3,6.895,7.052,2.4730000495910645,1.993000030517578,325.91,-1300.31,105.196,102.590438788611,-13.44409,6.75,4.0,9.669808748293462,3030.0,5793.0
2017-03-21,235.7061462402344,9121.5,21018.755859375,1246.0999755859375,65.31,6.886,7.025,2.436000108718872,1.9630000591278076,325.91,-1300.31,105.196,102.590438788611,-13.44409,6.75,4.0,9.669808748293462,3030.0,5793.0
2017-03-22,229.59796142578125,9030.4501953125,20781.107421875,1249.300048828125,65.45,6.811,6.957,2.3959999084472656,1.9299999475479128,325.91,-1300.31,105.196,102.590438788611,-13.44409,6.75,4.0,9.669808748293462,3030.0,5793.0
2017-03-23,231.2874755859375,9086.2998046875,20895.2578125,1246.9000244140625,65.41,6.83,6.936,2.4179999828338623,1.9429999589920044,325.91,-1300.31,105.196,102.590438788611,-13.44409,6.75,4.0,9.669808748293462,3030.0,5793.0
2017-03-24,238.04542541503903,9108.0,21122.3046875,1248.199951171875,65.4,6.828,6.941,2.4000000953674316,1.9279999732971191,325.91,-1300.31,105.196,102.590438788611,-13.44409,6.75,4.0,9.669808748293462,3030.0,5793.0
2017-03-27,236.6591796875,9045.2001953125,21056.65625,1255.4000244140625,65.05,6.708,6.874,2.372999906539917,1.9119999408721924,325.91,-1300.31,105.196,102.590438788611,-13.44409,6.75,4.0,9.669808748293462,3030.0,5793.0
2017-03-28,239.9948272705078,9100.7998046875,21225.154296875,1255.300048828125,65.02,6.708,6.874,2.4089999198913574,1.955000042915344,325.91,-1300.31,105.196,102.590438788611,-13.44409,6.75,4.0,9.669808748293462,3030.0,5793.0
2017-03-29,244.50015258789065,9143.7998046875,21390.90234375,1253.4000244140625,64.87,6.749,6.852,2.385999917984009,1.9359999895095823,325.91,-1300.31,105.196,102.590438788611,-13.44409,6.75,4.0,9.669808748293462,3030.0,5793.0
2017-03-30,243.7637176513672,9173.75,21620.447265625,1245.0,64.85,6.687,6.85,2.4159998893737793,1.9609999656677248,325.91,-1300.31,105.196,102.590438788611,-13.44409,6.75,4.0,9.669808748293462,3030.0,5793.0
2017-03-31,239.8649139404297,9173.75,21443.900390625,1247.300048828125,64.85,6.658,6.861,2.3959999084472656,1.9290000200271609,325.91,-1300.31,105.196,102.590438788611,-13.44409,6.75,4.0,9.669808748293462,3030.0,5793.0
2017-04-03,248.3990173339844,9237.849609375,21547.5,1250.800048828125,65.03,6.648,6.838,2.3499999046325684,1.8769999742507937,325.91,-1300.31,105.196,102.590438788611,-13.44409,6.75,4.0,9.669808748293462,3030.0,5793.0
2017-04-04,248.3990173339844,9237.849609375,21547.5,1255.0,65.1,6.648,6.838,2.3499999046325684,1.878000020980835,325.91,-1300.31,105.196,102.590438788611,-13.44409,6.75,4.0,9.669808748293462,3030.0,5793.0
2017-04-05,246.79617309570312,9265.150390625,21652.447265625,1245.4000244140625,64.87,6.651,6.831,2.3570001125335693,1.8700000047683716,325.91,-1300.31,105.196,102.590438788611,-13.44409,6.75,4.0,9.669808748293462,3030.0,5793.0
2017-04-06,243.3305206298828,9261.9501953125,21622.697265625,1250.300048828125,64.58,6.768,6.936,2.3429999351501465,1.8630000352859497,325.91,-1300.31,105.196,102.590438788611,-13.44409,6.75,4.0,9.669808748293462,3030.0,5793.0
2017-04-07,240.298095703125,9198.2998046875,21430.900390625,1254.300048828125,64.26,6.819,7.012,2.372999906539917,1.9110000133514404,325.91,-1300.31,105.196,102.590438788611,-13.44409,6.75,4.0,9.669808748293462,3030.0,5793.0
2017-04-10,240.5580291748047,9181.4501953125,21519.900390625,1251.0999755859375,64.55,6.865,7.023,2.361000061035156,1.899999976158142,325.91,-1300.31,105.196,102.590438788611,-13.44409,6.75,4.0,9.669808748293462,3030.0,5793.0
2017-04-11,245.7564697265625,9237.0,21735.8984375,1271.199951171875,64.55,6.811,6.978,2.2980000972747803,1.8320000171661377,325.91,-1300.31,105.196,102.590438788611,-13.44409,6.75,4.0,9.669808748293462,3030.0,5793.0
2017-04-12,243.28721618652344,9203.4501953125,21666.548828125,1275.300048828125,64.68,6.779,6.967,2.2960000038146973,1.830000042915344,325.91,-1300.31,105.196,102.590438788611,-13.44409,6.75,4.0,9.669808748293462,3030.0,5793.0
2017-04-13,245.02000427246097,9150.7998046875,21686.34765625,1285.9000244140625,64.42,6.821,6.954,2.2320001125335693,1.7640000581741333,325.91,-1300.31,105.196,102.590438788611,-13.44409,6.75,4.0,9.669808748293462,3030.0,5793.0
2017-04-14,245.02000427246097,9150.7998046875,21686.34765625,1285.9000244140625,64.42,6.821,6.954,2.2320001125335693,1.7640000581741333,325.91,-1300.31,105.196,102.590438788611,-13.44409,6.75,4.0,9.669808748293462,3030.0,5793.0
2017-04-17,244.67344665527344,9139.2998046875,21647.34765625,1289.4000244140625,64.53,6.847,6.973,2.252000093460083,1.7769999504089355,325.91,-1300.31,105.196,102.590438788611,-13.44409,6.75,4.0,9.669808748293462,3030.0,5793.0
2017-04-18,245.53985595703125,9105.150390625,21671.59765625,1291.699951171875,64.56,6.863,6.979,2.178999900817871,1.7100000381469729,325.91,-1300.31,105.196,102.590438788611,-13.44409,6.75,4.0,9.669808748293462,3030.0,5793.0
2017-04-19,243.0706024169922,9103.5,21556.099609375,1281.4000244140625,64.62,6.853,6.963,2.2019999027252197,1.7289999723434448,325.91,-1300.31,105.196,102.590438788611,-13.44409,6.75,4.0,9.669808748293462,3030.0,5793.0
2017-04-20,236.3126220703125,9136.400390625,21491.150390625,1281.9000244140625,64.61,6.878,6.963,2.240999937057495,1.7719999551773071,325.91,-1300.31,105.196,102.590438788611,-13.44409,6.75,4.0,9.669808748293462,3030.0,5793.0
2017-04-21,233.19357299804688,9119.400390625,21551.19921875,1287.4000244140625,64.65,6.918,6.995,2.236999988555908,1.7599999904632568,325.91,-1300.31,105.196,102.590438788611,-13.44409,6.75,4.0,9.669808748293462,3030.0,5793.0
2017-04-24,232.7603454589844,9217.9501953125,21857.146484375,1275.800048828125,64.48,6.943,7.005,2.2730000019073486,1.8020000457763672,325.91,-1300.31,105.196,102.590438788611,-13.44409,6.75,4.0,9.669808748293462,3030.0,5793.0
2017-04-25,236.09600830078125,9306.599609375,22054.443359375,1265.5999755859375,64.32,6.934,6.987,2.3269999027252197,1.850000023841858,325.91,-1300.31,105.196,102.590438788611,-13.44409,6.75,4.0,9.669808748293462,3030.0,5793.0
2017-04-26,239.90823364257812,9351.849609375,22242.591796875,1262.0999755859375,64.08,6.957,7.029,2.311000108718872,1.8350000381469729,325.91,-1300.31,105.196,102.590438788611,-13.44409,6.75,4.0,9.669808748293462,3030.0,5793.0
2017-04-27,237.52560424804688,9342.150390625,22326.041015625,1263.699951171875,64.14,6.943,7.029,2.2960000038146973,1.819000005722046,325.91,-1300.31,105.196,102.590438788611,-13.44409,6.75,4.0,9.669808748293462,3030.0,5793.0
2017-04-28,241.2944793701172,9304.0498046875,22357.990234375,1266.0999755859375,64.27,6.961,7.054,2.2820000648498535,1.815999984741211,325.91,-1300.31,105.196,102.590438788611,-13.44409,6.75,4.0,9.669808748293462,3030.0,5793.0
2017-05-01,241.2944793701172,9304.0498046875,22357.990234375,1253.300048828125,64.25,6.961,7.054,2.325000047683716,1.847000002861023,325.91,-1300.31,106.3436,102.318556000302,-13.04594,6.5,4.0,9.669808748293462,3030.0,5793.0
2017-05-02,238.7819061279297,9313.7998046875,22341.08984375,1255.0999755859375,64.16,6.992,7.081,2.2960000038146973,1.812999963760376,325.91,-1300.31,106.3436,102.318556000302,-13.04594,6.5,4.0,9.669808748293462,3030.0,5793.0
2017-05-03,236.3126220703125,9311.9501953125,22307.041015625,1246.4000244140625,64.17,6.955,7.062,2.309000015258789,1.8450000286102295,325.91,-1300.31,106.3436,102.318556000302,-13.04594,6.5,4.0,9.669808748293462,3030.0,5793.0
2017-05-04,258.01611328125,9359.900390625,22719.8359375,1226.5,64.22,6.97,7.066,2.3559999465942383,1.8830000162124632,325.91,-1300.31,106.3436,102.318556000302,-13.04594,6.5,4.0,9.669808748293462,3030.0,5793.0
2017-05-05,258.6658935546875,9285.2998046875,22604.685546875,1224.800048828125,64.31,6.942,7.045,2.3519999980926514,1.8830000162124632,325.91,-1300.31,106.3436,102.318556000302,-13.04594,6.5,4.0,9.669808748293462,3030.0,5793.0
2017-05-08,262.47808837890625,9314.0498046875,22767.0859375,1225.300048828125,64.32,6.928,7.055,2.375999927520752,1.899999976158142,325.91,-1300.31,106.3436,102.318556000302,-13.04594,6.5,4.0,9.669808748293462,3030.0,5793.0
2017-05-09,260.44207763671875,9316.849609375,22707.037109375,1214.300048828125,64.66,6.94,7.061,2.4070000648498535,1.934999942779541,325.91,-1300.31,106.3436,102.318556000302,-13.04594,6.5,4.0,9.669808748293462,3030.0,5793.0
2017-05-10,258.7525634765625,9407.2998046875,22830.083984375,1217.300048828125,64.53,6.94,7.061,2.4140000343322754,1.937999963760376,325.91,-1300.31,106.3436,102.318556000302,-13.04594,6.5,4.0,9.669808748293462,3030.0,5793.0
2017-05-11,260.0954895019531,9422.400390625,22818.18359375,1222.699951171875,64.43,6.941,7.054,2.4000000953674316,1.9279999732971191,325.91,-1300.31,106.3436,102.318556000302,-13.04594,6.5,4.0,9.669808748293462,3030.0,5793.0
2017-05-12,256.93310546875,9400.900390625,22671.435546875,1226.199951171875,64.24,6.905,7.03,2.3350000381469727,1.8530000448226929,325.91,-1300.31,106.3436,102.318556000302,-13.04594,6.5,4.0,9.669808748293462,3030.0,5793.0
2017-05-15,261.4817199707031,9445.400390625,22821.234375,1228.5999755859375,64.04,6.806,6.973,2.3380000591278076,1.8580000400543213,325.91,-1300.31,106.3436,102.318556000302,-13.04594,6.5,4.0,9.669808748293462,3030.0,5793.0
2017-05-16,262.21820068359375,9512.25,22928.333984375,1235.0,64.03,6.841,7.002,2.3289999961853027,1.850000023841858,325.91,-1300.31,106.3436,102.318556000302,-13.04594,6.5,4.0,9.669808748293462,3030.0,5793.0
2017-05-17,268.36968994140625,9525.75,22935.68359375,1257.5,64.11,6.843,7.002,2.2160000801086426,1.7480000257492063,325.91,-1300.31,106.3436,102.318556000302,-13.04594,6.5,4.0,9.669808748293462,3030.0,5793.0
2017-05-18,266.8102111816406,9429.4501953125,22698.3359375,1251.699951171875,64.87,6.841,6.995,2.2330000400543213,1.77400004863739,325.91,-1300.31,106.3436,102.318556000302,-13.04594,6.5,4.0,9.669808748293462,3030.0,5793.0
2017-05-19,266.0303955078125,9427.900390625,22769.53515625,1252.699951171875,64.56,6.854,7.016,2.244999885559082,1.7869999408721924,325.91,-1300.31,106.3436,102.318556000302,-13.04594,6.5,4.0,9.669808748293462,3030.0,5793.0
2017-05-22,263.2579040527344,9438.25,22652.5859375,1260.699951171875,64.53,6.767,6.97,2.253999948501587,1.7970000505447388,325.91,-1300.31,106.3436,102.318556000302,-13.04594,6.5,4.0,9.669808748293462,3030.0,5793.0
2017-05-23,265.1639709472656,9386.150390625,22582.5390625,1254.800048828125,64.85,6.789,6.992,2.2850000858306885,1.8320000171661377,325.91,-1300.31,106.3436,102.318556000302,-13.04594,6.5,4.0,9.669808748293462,3030.0,5793.0
2017-05-24,265.7271423339844,9360.5498046875,22536.0390625,1252.4000244140625,64.74,6.797,6.994,2.2660000324249268,1.8029999732971191,325.91,-1300.31,106.3436,102.318556000302,-13.04594,6.5,4.0,9.669808748293462,3030.0,5793.0
2017-05-25,275.2576599121094,9509.75,23190.53125,1255.800048828125,64.55,6.791,6.948,2.255000114440918,1.7910000085830688,325.91,-1300.31,106.3436,102.318556000302,-13.04594,6.5,4.0,9.669808748293462,3030.0,5793.0
2017-05-26,278.5932922363281,9595.099609375,23361.927734375,1267.5999755859375,64.5,6.787,6.933,2.25,1.7910000085830688,325.91,-1300.31,106.3436,102.318556000302,-13.04594,6.5,4.0,9.669808748293462,3030.0,5793.0
2017-05-29,272.83172607421875,9604.900390625,23182.48046875,1267.5999755859375,64.5,6.668,6.933,2.25,1.7910000085830688,325.91,-1300.31,106.3436,102.318556000302,-13.04594,6.5,4.0,9.669808748293462,3030.0,5793.0
2017-05-30,278.46337890625,9624.5498046875,23306.978515625,1262.0999755859375,64.66,6.661,6.91,2.2170000076293945,1.7599999904632568,325.91,-1300.31,106.3436,102.318556000302,-13.04594,6.5,4.0,9.669808748293462,3030.0,5793.0
2017-05-31,282.83868408203125,9621.25,23424.529296875,1272.0,64.5,6.661,6.91,2.196000099182129,1.7480000257492063,325.91,-1300.31,106.3436,102.318556000302,-13.04594,6.5,4.0,9.669808748293462,3030.0,5793.0
2017-06-01,277.3370361328125,9616.099609375,23309.87890625,1267.0,64.39,6.623,6.835,2.2170000076293945,1.7649999856948853,325.91,-1300.31,107.1087,102.137300808096,-14.30294,6.5,4.0,9.669808748293462,3030.0,5793.0
2017-06-02,275.64752197265625,9653.5,23375.62890625,1276.800048828125,64.41,6.624,6.835,2.1589999198913574,1.718999981880188,325.91,-1300.31,107.1087,102.137300808096,-14.30294,6.5,4.0,9.669808748293462,3030.0,5793.0
2017-06-05,277.0337829589844,9675.099609375,23459.376953125,1279.300048828125,64.34,6.646,6.871,2.181999921798706,1.7419999837875366,325.91,-1300.31,107.1087,102.137300808096,-14.30294,6.5,4.0,9.669808748293462,3030.0,5793.0
2017-06-06,276.34063720703125,9637.150390625,23416.029296875,1294.4000244140625,64.42,6.635,6.855,2.1470000743865967,1.712000012397766,325.91,-1300.31,107.1087,102.137300808096,-14.30294,6.5,4.0,9.669808748293462,3030.0,5793.0
2017-06-07,281.322509765625,9663.900390625,23567.376953125,1290.0999755859375,64.39,6.562,6.793,2.177999973297119,1.7419999837875366,325.91,-1300.31,107.1087,102.137300808096,-14.30294,6.5,4.0,9.669808748293462,3030.0,5793.0
2017-06-08,277.42364501953125,9647.25,23535.826171875,1276.300048828125,64.24,6.532,6.723,2.194000005722046,1.7549999952316284,325.91,-1300.31,107.1087,102.137300808096,-14.30294,6.5,4.0,9.669808748293462,3030.0,5793.0
2017-06-09,279.1131591796875,9668.25,23690.625,1268.5,64.24,6.501,6.703,2.1989998817443848,1.7630000114440918,325.91,-1300.31,107.1087,102.137300808096,-14.30294,6.5,4.0,9.669808748293462,3030.0,5793.0
2017-06-12,273.5681457519531,9616.400390625,23470.17578125,1266.0999755859375,64.48,6.515,6.712,2.2130000591278076,1.777999997138977,325.91,-1300.31,107.1087,102.137300808096,-14.30294,6.5,4.0,9.669808748293462,3030.0,5793.0
2017-06-13,272.7883605957031,9606.900390625,23477.576171875,1265.800048828125,64.33,6.492,6.688,2.2070000171661377,1.7799999713897705,325.91,-1300.31,107.1087,102.137300808096,-14.30294,6.5,4.0,9.669808748293462,3030.0,5793.0
2017-06-14,276.42730712890625,9618.150390625,23498.42578125,1272.800048828125,64.23,6.467,6.688,2.138000011444092,1.725000023841858,325.91,-1300.31,107.1087,102.137300808096,-14.30294,6.5,4.0,9.669808748293462,3030.0,5793.0
2017-06-15,274.4345397949219,9578.0498046875,23391.478515625,1252.199951171875,64.58,6.479,6.683,2.1619999408721924,1.7630000114440918,325.91,-1300.31,107.1087,102.137300808096,-14.30294,6.5,4.0,9.669808748293462,3030.0,5793.0
2017-06-16,274.2179260253906,9588.0498046875,23502.4765625,1254.0,64.5,6.49,6.71,2.1570000648498535,1.746999979019165,325.91,-1300.31,107.1087,102.137300808096,-14.30294,6.5,4.0,9.669808748293462,3030.0,5793.0
2017-06-19,277.770263671875,9657.5498046875,23741.875,1244.199951171875,64.45,6.465,6.708,2.190000057220459,1.787999987602234,325.91,-1300.31,107.1087,102.137300808096,-14.30294,6.5,4.0,9.669808748293462,3030.0,5793.0
2017-06-20,280.9094543457031,9653.5,23697.673828125,1241.0,64.54,6.445,6.702,2.1530001163482666,1.7580000162124634,325.91,-1300.31,107.1087,102.137300808096,-14.30294,6.5,4.0,9.669808748293462,3030.0,5793.0
2017-06-21,279.6127014160156,9633.599609375,23708.474609375,1243.4000244140625,64.52,6.43,6.679,2.1549999713897705,1.7680000066757202,325.91,-1300.31,107.1087,102.137300808096,-14.30294,6.5,4.0,9.669808748293462,3030.0,5793.0
2017-06-22,278.1719055175781,9630.0,23735.82421875,1247.5999755859375,64.6,6.453,6.683,2.1530001163482666,1.7619999647140503,325.91,-1300.31,107.1087,102.137300808096,-14.30294,6.5,4.0,9.669808748293462,3030.0,5793.0
2017-06-23,280.3331298828125,9574.9501953125,23542.4765625,1256.199951171875,64.47,6.459,6.67,2.1440000534057617,1.756999969482422,325.91,-1300.31,107.1087,102.137300808096,-14.30294,6.5,4.0,9.669808748293462,3030.0,5793.0
2017-06-26,280.3331298828125,9574.9501953125,23542.4765625,1246.300048828125,64.43,6.459,6.67,2.13700008392334,1.7580000162124634,325.91,-1300.31,107.1087,102.137300808096,-14.30294,6.5,4.0,9.669808748293462,3030.0,5793.0
2017-06-27,276.53900146484375,9511.400390625,23215.98046875,1246.4000244140625,64.47,6.463,6.681,2.197999954223633,1.812000036239624,325.91,-1300.31,107.1087,102.137300808096,-14.30294,6.5,4.0,9.669808748293462,3030.0,5793.0
2017-06-28,278.892333984375,9491.25,23235.580078125,1248.0,64.55,6.497,6.714,2.2209999561309814,1.815999984741211,325.91,-1300.31,107.1087,102.137300808096,-14.30294,6.5,4.0,9.669808748293462,3030.0,5793.0
2017-06-29,281.6778564453125,9504.099609375,23227.03125,1244.199951171875,64.66,6.507,6.722,2.2669999599456787,1.850000023841858,325.91,-1300.31,107.1087,102.137300808096,-14.30294,6.5,4.0,9.669808748293462,3030.0,5793.0
2017-06-30,278.7001647949219,9520.900390625,23210.9296875,1240.699951171875,64.62,6.511,6.741,2.302000045776367,1.8849999904632568,325.91,-1300.31,107.1087,102.137300808096,-14.30294,6.5,4.0,9.669808748293462,3030.0,5793.0
2017-07-03,278.6041259765625,9615.0,23272.53125,1217.9000244140625,64.84,6.552,6.78,2.3459999561309814,1.9299999475479128,325.91,-1300.31,107.1087,102.137300808096,-14.30294,6.5,4.0,9.669808748293462,3030.0,5793.0
2017-07-04,278.0758056640625,9613.2998046875,23213.9296875,1217.9000244140625,64.84,6.548,6.768,2.3459999561309814,1.9299999475479128,325.91,-1300.31,107.1087,102.137300808096,-14.30294,6.5,4.0,9.669808748293462,3030.0,5793.0
2017-07-05,281.29364013671875,9637.599609375,23352.328125,1220.4000244140625,64.8,6.55,6.753,2.3340001106262207,1.924999952316284,325.91,-1300.31,107.1087,102.137300808096,-14.30294,6.5,4.0,9.669808748293462,3030.0,5793.0
2017-07-06,282.15814208984375,9674.5498046875,23466.376953125,1222.199951171875,64.72,6.536,6.762,2.369999885559082,1.9420000314712524,325.91,-1300.31,107.1087,102.137300808096,-14.30294,6.5,4.0,9.669808748293462,3030.0,5793.0
2017-07-07,278.2679748535156,9665.7998046875,23448.876953125,1208.5999755859375,64.62,6.529,6.742,2.3929998874664307,1.9570000171661377,325.91,-1300.31,107.1087,102.137300808096,-14.30294,6.5,4.0,9.669808748293462,3030.0,5793.0
2017-07-10,279.9488830566406,9771.0498046875,23674.775390625,1212.0999755859375,64.45,6.468,6.61,2.371000051498413,1.930999994277954,325.91,-1300.31,107.1087,102.137300808096,-14.30294,6.5,4.0,9.669808748293462,3030.0,5793.0
2017-07-11,278.21990966796875,9786.0498046875,23584.326171875,1213.5999755859375,64.54,6.484,6.573,2.361999988555908,1.919000029563904,325.91,-1300.31,107.1087,102.137300808096,-14.30294,6.5,4.0,9.669808748293462,3030.0,5793.0
2017-07-12,280.8133850097656,9816.099609375,23695.173828125,1218.0999755859375,64.53,6.459,6.568,2.3269999027252197,1.88100004196167,325.91,-1300.31,107.1087,102.137300808096,-14.30294,6.5,4.0,9.669808748293462,3030.0,5793.0
2017-07-13,286.14434814453125,9891.7001953125,23888.373046875,1216.300048828125,64.46,6.456,6.561,2.3480000495910645,1.8910000324249268,325.91,-1300.31,107.1087,102.137300808096,-14.30294,6.5,4.0,9.669808748293462,3030.0,5793.0
2017-07-14,286.48052978515625,9886.349609375,23937.421875,1226.5999755859375,64.38,6.463,6.569,2.319000005722046,1.8609999418258667,325.91,-1300.31,107.1087,102.137300808096,-14.30294,6.5,4.0,9.669808748293462,3030.0,5793.0
2017-07-17,291.5234069824219,9915.9501953125,24014.771484375,1232.800048828125,64.34,6.456,6.554,2.309000015258789,1.8530000448226929,325.91,-1300.31,107.1087,102.137300808096,-14.30294,6.5,4.0,9.669808748293462,3030.0,5793.0
2017-07-18,291.9076232910156,9827.150390625,24021.771484375,1241.0999755859375,64.32,6.455,6.554,2.263000011444092,1.8179999589920044,325.91,-1300.31,107.1087,102.137300808096,-14.30294,6.5,4.0,9.669808748293462,3030.0,5793.0
2017-07-19,290.32269287109375,9899.599609375,24152.369140625,1241.199951171875,64.24,6.449,6.536,2.2679998874664307,1.8209999799728391,325.91,-1300.31,107.1087,102.137300808096,-14.30294,6.5,4.0,9.669808748293462,3030.0,5793.0
2017-07-20,288.73785400390625,9873.2998046875,24213.068359375,1244.800048828125,64.37,6.453,6.54,2.2660000324249268,1.8229999542236328,325.91,-1300.31,107.1087,102.137300808096,-14.30294,6.5,4.0,9.669808748293462,3030.0,5793.0
2017-07-21,290.1305847167969,9915.25,24256.76953125,1254.300048828125,64.38,6.436,6.509,2.2320001125335693,1.7999999523162842,325.91,-1300.31,107.1087,102.137300808096,-14.30294,6.5,4.0,9.669808748293462,3030.0,5793.0
2017-07-24,291.0911560058594,9966.400390625,24420.56640625,1253.9000244140625,64.39,6.414,6.502,2.253999948501587,1.8209999799728391,325.91,-1300.31,107.1087,102.137300808096,-14.30294,6.5,4.0,9.669808748293462,3030.0,5793.0
2017-07-25,292.14776611328125,9964.5498046875,24520.4140625,1251.699951171875,64.38,6.431,6.53,2.325999975204468,1.8849999904632568,325.91,-1300.31,107.1087,102.137300808096,-14.30294,6.5,4.0,9.669808748293462,3030.0,5793.0
2017-07-26,298.1031188964844,10020.650390625,24670.412109375,1249.0,64.32,6.446,6.535,2.2820000648498535,1.8220000267028809,325.91,-1300.31,107.1087,102.137300808096,-14.30294,6.5,4.0,9.669808748293462,3030.0,5793.0
2017-07-27,295.077392578125,10020.5498046875,24922.111328125,1259.5999755859375,64.11,6.44,6.535,2.309999942779541,1.8450000286102295,325.91,-1300.31,107.1087,102.137300808096,-14.30294,6.5,4.0,9.669808748293462,3030.0,5793.0
2017-07-28,284.4634704589844,10014.5,24811.01171875,1268.4000244140625,64.11,6.462,6.548,2.2890000343322754,1.830999970436096,325.91,-1300.31,107.1087,102.137300808096,-14.30294,6.5,4.0,9.669808748293462,3030.0,5793.0
2017-07-31,290.6589050292969,10077.099609375,25103.359375,1266.5999755859375,64.18,6.465,6.556,2.2920000553131104,1.8320000171661377,325.91,-1300.31,107.1087,102.137300808096,-14.30294,6.5,4.0,9.669808748293462,3030.0,5793.0
2017-08-01,290.6589050292969,10114.650390625,25122.5078125,1272.5999755859375,64.06,6.44,6.543,2.250999927520752,1.7990000247955322,325.91,-1300.31,109.0214,104.040480326259,-11.73699,6.25,4.0,9.669808748293462,3030.0,5793.0
2017-08-02,289.9385070800781,10081.5,25054.908203125,1271.800048828125,63.64,6.46,6.507,2.26200008392334,1.819000005722046,325.91,-1300.31,109.0214,104.040480326259,-11.73699,6.25,4.0,9.669808748293462,3030.0,5793.0
2017-08-03,284.03118896484375,10013.650390625,24674.763671875,1267.800048828125,63.67,6.429,6.441,2.2279999256134033,1.7899999618530271,325.91,-1300.31,109.0214,104.040480326259,-11.73699,6.25,4.0,9.669808748293462,3030.0,5793.0
2017-08-04,284.55950927734375,10066.400390625,24827.16015625,1258.300048828125,63.64,6.438,6.436,2.2669999599456787,1.8220000267028809,325.91,-1300.31,109.0214,104.040480326259,-11.73699,6.25,4.0,9.669808748293462,3030.0,5793.0
2017-08-07,288.3055725097656,10057.400390625,24906.060546875,1258.199951171875,63.83,6.457,6.444,2.256999969482422,1.812000036239624,325.91,-1300.31,109.0214,104.040480326259,-11.73699,6.25,4.0,9.669808748293462,3030.0,5793.0
2017-08-08,283.8390808105469,9978.5498046875,24599.21484375,1256.4000244140625,63.69,6.457,6.455,2.2829999923706055,1.8339999914169312,325.91,-1300.31,109.0214,104.040480326259,-11.73699,6.25,4.0,9.669808748293462,3030.0,5793.0
2017-08-09,279.1324157714844,9908.0498046875,24374.31640625,1273.0,63.86,6.465,6.462,2.240999937057495,1.7970000505447388,325.91,-1300.31,109.0214,104.040480326259,-11.73699,6.25,4.0,9.669808748293462,3030.0,5793.0
2017-08-10,277.35546875,9820.25,24217.068359375,1283.699951171875,64.05,6.494,6.486,2.211999893188477,1.781000018119812,325.91,-1300.31,109.0214,104.040480326259,-11.73699,6.25,4.0,9.669808748293462,3030.0,5793.0
2017-08-11,275.62646484375,9710.7998046875,23985.470703125,1287.699951171875,64.14,6.502,6.496,2.188999891281128,1.7400000095367432,325.91,-1300.31,109.0214,104.040480326259,-11.73699,6.25,4.0,9.669808748293462,3030.0,5793.0
2017-08-14,280.28509521484375,9794.150390625,24115.46875,1284.199951171875,64.08,6.52,6.503,2.2190001010894775,1.7710000276565552,325.91,-1300.31,109.0214,104.040480326259,-11.73699,6.25,4.0,9.669808748293462,3030.0,5793.0
2017-08-15,280.28509521484375,9794.150390625,24115.46875,1273.699951171875,64.12,6.52,6.503,2.2660000324249268,1.8200000524520872,325.91,-1300.31,109.0214,104.040480326259,-11.73699,6.25,4.0,9.669808748293462,3030.0,5793.0
2017-08-16,283.310791015625,9897.2998046875,24437.416015625,1276.9000244140625,64.16,6.533,6.502,2.2260000705718994,1.781000018119812,325.91,-1300.31,109.0214,104.040480326259,-11.73699,6.25,4.0,9.669808748293462,3030.0,5793.0
2017-08-17,281.5818176269531,9904.150390625,24236.96875,1286.4000244140625,64.15,6.533,6.502,2.1989998817443848,1.7619999647140503,325.91,-1300.31,109.0214,104.040480326259,-11.73699,6.25,4.0,9.669808748293462,3030.0,5793.0
2017-08-18,281.5818176269531,9837.400390625,24074.169921875,1285.699951171875,64.1,6.509,6.493,2.194000005722046,1.7619999647140503,325.91,-1300.31,109.0214,104.040480326259,-11.73699,6.25,4.0,9.669808748293462,3030.0,5793.0
2017-08-21,281.9179992675781,9754.349609375,23936.22265625,1290.800048828125,64.1,6.51,6.497,2.180000066757202,1.7510000467300415,325.91,-1300.31,109.0214,104.040480326259,-11.73699,6.25,4.0,9.669808748293462,3030.0,5793.0
2017-08-22,282.3503112792969,9765.5498046875,23974.169921875,1285.0999755859375,64.07,6.535,6.504,2.2149999141693115,1.784999966621399,325.91,-1300.31,109.0214,104.040480326259,-11.73699,6.25,4.0,9.669808748293462,3030.0,5793.0
2017-08-23,286.8168029785156,9852.5,24316.517578125,1288.9000244140625,64.04,6.535,6.499,2.1710000038146973,1.746999979019165,325.91,-1300.31,109.0214,104.040480326259,-11.73699,6.25,4.0,9.669808748293462,3030.0,5793.0
2017-08-24,285.9523010253906,9857.0498046875,24273.91796875,1286.5,64.04,6.538,6.505,2.194000005722046,1.774999976158142,325.91,-1300.31,109.0214,104.040480326259,-11.73699,6.25,4.0,9.669808748293462,3030.0,5793.0
2017-08-25,285.9523010253906,9857.0498046875,24273.91796875,1292.5,64.0,6.538,6.505,2.1689999103546143,1.756999969482422,325.91,-1300.31,109.0214,104.040480326259,-11.73699,6.25,4.0,9.669808748293462,3030.0,5793.0
2017-08-28,289.0259704589844,9912.7998046875,24376.81640625,1309.699951171875,63.9,6.568,6.516,2.1589999198913574,1.7419999837875366,325.91,-1300.31,109.0214,104.040480326259,-11.73699,6.25,4.0,9.669808748293462,3030.0,5793.0
2017-08-29,287.6812438964844,9796.0498046875,24128.66796875,1313.0999755859375,64.02,6.533,6.5,2.135999917984009,1.7100000381469729,325.91,-1300.31,109.0214,104.040480326259,-11.73699,6.25,4.0,9.669808748293462,3030.0,5793.0
2017-08-30,288.4496765136719,9884.400390625,24308.416015625,1308.0999755859375,63.98,6.536,6.505,2.1429998874664307,1.725000023841858,325.91,-1300.31,109.0214,104.040480326259,-11.73699,6.25,4.0,9.669808748293462,3030.0,5793.0
2017-08-31,286.2884216308594,9917.900390625,24318.1171875,1316.199951171875,63.93,6.525,6.5,2.121000051498413,1.7070000171661377,325.91,-1300.31,109.0214,104.040480326259,-11.73699,6.25,4.0,9.669808748293462,3030.0,5793.0
2017-09-01,286.528564453125,9974.400390625,24433.716796875,1324.5,64.02,6.483,6.479,2.1570000648498535,1.7330000400543213,325.91,-1300.31,109.0214,104.131107922362,-9.423438,6.25,4.0,9.669808748293462,3030.0,5793.0
2017-09-04,285.3759765625,9912.849609375,24236.568359375,1324.5,64.02,6.496,6.497,2.1570000648498535,1.7330000400543213,325.91,-1300.31,109.0214,104.131107922362,-9.423438,6.25,4.0,9.669808748293462,3030.0,5793.0
2017-09-05,285.856201171875,9952.2001953125,24328.017578125,1339.199951171875,64.12,6.497,6.497,2.069999933242798,1.6460000276565552,325.91,-1300.31,109.0214,104.131107922362,-9.423438,6.25,4.0,9.669808748293462,3030.0,5793.0
2017-09-06,283.69500732421875,9916.2001953125,24278.869140625,1333.9000244140625,64.06,6.507,6.508,2.1080000400543213,1.687000036239624,325.91,-1300.31,109.0214,104.131107922362,-9.423438,6.25,4.0,9.669808748293462,3030.0,5793.0
2017-09-07,281.1015319824219,9929.900390625,24304.6171875,1345.0999755859375,64.01,6.515,6.506,2.061000108718872,1.6410000324249268,325.91,-1300.31,109.0214,104.131107922362,-9.423438,6.25,4.0,9.669808748293462,3030.0,5793.0
2017-09-08,280.47723388671875,9934.7998046875,24370.517578125,1346.0,63.78,6.543,6.523,2.061000108718872,1.6410000324249268,325.91,-1300.31,109.0214,104.131107922362,-9.423438,6.25,4.0,9.669808748293462,3030.0,5793.0
2017-09-11,279.3245544433594,10006.0498046875,24671.962890625,1331.0,63.93,6.562,6.516,2.125,1.7020000219345093,325.91,-1300.31,109.0214,104.131107922362,-9.423438,6.25,4.0,9.669808748293462,3030.0,5793.0
2017-09-12,279.7087707519531,10093.0498046875,24784.412109375,1328.0,64.03,6.557,6.519,2.1710000038146973,1.746999979019165,325.91,-1300.31,109.0214,104.131107922362,-9.423438,6.25,4.0,9.669808748293462,3030.0,5793.0
2017-09-13,280.47723388671875,10079.2998046875,24831.51171875,1323.4000244140625,64.0,6.586,6.534,2.194999933242798,1.77400004863739,325.91,-1300.31,109.0214,104.131107922362,-9.423438,6.25,4.0,9.669808748293462,3030.0,5793.0
2017-09-14,282.110107421875,10086.599609375,24911.9609375,1324.699951171875,64.12,6.59,6.541,2.197000026702881,1.7869999408721924,325.91,-1300.31,109.0214,104.131107922362,-9.423438,6.25,4.0,9.669808748293462,3030.0,5793.0
2017-09-15,280.0929870605469,10085.400390625,24844.01171875,1320.4000244140625,64.1,6.598,6.549,2.2019999027252197,1.8040000200271609,325.91,-1300.31,109.0214,104.131107922362,-9.423438,6.25,4.0,9.669808748293462,3030.0,5793.0
2017-09-18,281.4377746582031,10153.099609375,25046.609375,1306.300048828125,64.15,6.61,6.558,2.2290000915527344,1.8240000009536743,325.91,-1300.31,109.0214,104.131107922362,-9.423438,6.25,4.0,9.669808748293462,3030.0,5793.0
2017-09-19,283.0226135253906,10147.5498046875,25041.259765625,1306.199951171875,64.3,6.591,6.549,2.243000030517578,1.8320000171661377,325.91,-1300.31,109.0214,104.131107922362,-9.423438,6.25,4.0,9.669808748293462,3030.0,5793.0
2017-09-20,279.08441162109375,10141.150390625,24964.759765625,1312.0,64.29,6.577,6.54,2.2769999504089355,1.8830000162124632,325.91,-1300.31,109.0214,104.131107922362,-9.423438,6.25,4.0,9.669808748293462,3030.0,5793.0
2017-09-21,273.7054443359375,10121.900390625,24798.9609375,1290.5999755859375,64.8,6.674,6.626,2.2780001163482666,1.888000011444092,325.91,-1300.31,109.0214,104.131107922362,-9.423438,6.25,4.0,9.669808748293462,3030.0,5793.0
2017-09-22,266.1651611328125,9964.400390625,24368.56640625,1293.300048828125,64.79,6.663,6.665,2.26200008392334,1.871999979019165,325.91,-1300.31,109.0214,104.131107922362,-9.423438,6.25,4.0,9.669808748293462,3030.0,5793.0
2017-09-25,268.470458984375,9872.599609375,24164.76953125,1306.800048828125,65.12,6.618,6.635,2.2200000286102295,1.8359999656677248,325.91,-1300.31,109.0214,104.131107922362,-9.423438,6.25,4.0,9.669808748293462,3030.0,5793.0
2017-09-26,271.59222412109375,9871.5,24198.869140625,1297.0,65.46,6.669,6.687,2.2290000915527344,1.850000023841858,325.91,-1300.31,109.0214,104.131107922362,-9.423438,6.25,4.0,9.669808748293462,3030.0,5793.0
2017-09-27,265.4927673339844,9735.75,23812.671875,1283.4000244140625,65.71,6.666,6.671,2.309000015258789,1.909000039100647,325.91,-1300.31,109.0214,104.131107922362,-9.423438,6.25,4.0,9.669808748293462,3030.0,5793.0
2017-09-28,265.0605773925781,9768.9501953125,24007.87109375,1285.5,65.46,6.641,6.667,2.309000015258789,1.8960000276565552,325.91,-1300.31,109.0214,104.131107922362,-9.423438,6.25,4.0,9.669808748293462,3030.0,5793.0
2017-09-29,265.6849365234375,9788.599609375,24052.720703125,1281.5,65.3,6.663,6.66,2.325999975204468,1.9279999732971191,325.91,-1300.31,109.0214,104.131107922362,-9.423438,6.25,4.0,9.669808748293462,3030.0,5793.0
2017-10-02,265.6849365234375,9788.599609375,24052.720703125,1272.699951171875,65.28,6.663,6.66,2.336999893188477,1.934000015258789,325.91,-1300.31,109.0214,104.131107922362,-9.423438,6.25,4.0,9.669808748293462,3030.0,5793.0
2017-10-03,267.4138488769531,9859.5,24103.12109375,1271.5,65.48,6.648,6.63,2.3340001106262207,1.924999952316284,325.91,-1300.31,109.0214,104.131107922362,-9.423438,6.25,4.0,9.669808748293462,3030.0,5793.0
2017-10-04,265.20465087890625,9914.900390625,24113.021484375,1273.699951171875,65.02,6.703,6.68,2.3299999237060547,1.924999952316284,325.91,-1300.31,109.0214,104.131107922362,-9.423438,6.25,4.0,9.669808748293462,3030.0,5793.0
2017-10-05,261.0743408203125,9888.7001953125,24057.771484375,1269.9000244140625,65.14,6.729,6.696,2.3499999046325684,1.9479999542236328,325.91,-1300.31,109.0214,104.131107922362,-9.423438,6.25,4.0,9.669808748293462,3030.0,5793.0
2017-10-06,261.2184143066406,9979.7001953125,24189.71875,1271.5999755859375,65.39,6.757,6.714,2.369999885559082,1.968999981880188,325.91,-1300.31,109.0214,104.131107922362,-9.423438,6.25,4.0,9.669808748293462,3030.0,5793.0
2017-10-09,261.0262756347656,9988.75,24251.619140625,1281.800048828125,65.39,6.78,6.723,2.361000061035156,1.9579999446868896,325.91,-1300.31,109.0214,104.131107922362,-9.423438,6.25,4.0,9.669808748293462,3030.0,5793.0
2017-10-10,259.1532287597656,10016.9501953125,24347.166015625,1290.5999755859375,65.24,6.741,6.694,2.3450000286102295,1.9450000524520872,325.91,-1300.31,109.0214,104.131107922362,-9.423438,6.25,4.0,9.669808748293462,3030.0,5793.0
2017-10-11,257.0400695800781,9984.7998046875,24107.169921875,1285.800048828125,65.15,6.74,6.691,2.3450000286102295,1.955000042915344,325.91,-1300.31,109.0214,104.131107922362,-9.423438,6.25,4.0,9.669808748293462,3030.0,5793.0
2017-10-12,256.9920349121094,10096.400390625,24360.966796875,1293.300048828125,65.05,6.753,6.698,2.322999954223633,1.940000057220459,325.91,-1300.31,109.0214,104.131107922362,-9.423438,6.25,4.0,9.669808748293462,3030.0,5793.0
2017-10-13,260.59405517578125,10167.4501953125,24688.86328125,1301.5,64.7,6.734,6.668,2.2799999713897705,1.906000018119812,325.91,-1300.31,109.0214,104.131107922362,-9.423438,6.25,4.0,9.669808748293462,3030.0,5793.0
2017-10-16,263.4276123046875,10230.849609375,24702.763671875,1299.9000244140625,64.7,6.734,6.654,2.306999921798706,1.955000042915344,325.91,-1300.31,109.0214,104.131107922362,-9.423438,6.25,4.0,9.669808748293462,3030.0,5793.0
2017-10-17,263.0914611816406,10234.4501953125,24645.3125,1283.0,65.02,6.763,6.668,2.2980000972747803,1.955999970436096,325.91,-1300.31,109.0214,104.131107922362,-9.423438,6.25,4.0,9.669808748293462,3030.0,5793.0
2017-10-18,252.76564025878903,10210.849609375,24313.466796875,1279.9000244140625,65.06,6.76,6.661,2.3389999866485596,1.986999988555908,325.91,-1300.31,109.0214,104.131107922362,-9.423438,6.25,4.0,9.669808748293462,3030.0,5793.0
2017-10-19,247.6748046875,10146.5498046875,24009.470703125,1286.9000244140625,64.99,6.76,6.661,2.321000099182129,1.975000023841858,325.91,-1300.31,109.0214,104.131107922362,-9.423438,6.25,4.0,9.669808748293462,3030.0,5793.0
2017-10-20,247.6748046875,10146.5498046875,24009.470703125,1277.4000244140625,65.03,6.76,6.661,2.38100004196167,2.0199999809265137,325.91,-1300.31,109.0214,104.131107922362,-9.423438,6.25,4.0,9.669808748293462,3030.0,5793.0
2017-10-23,252.1893310546875,10184.849609375,24088.62109375,1277.699951171875,65.02,6.799,6.705,2.375999927520752,2.006999969482422,325.91,-1300.31,109.0214,104.131107922362,-9.423438,6.25,4.0,9.669808748293462,3030.0,5793.0
2017-10-24,256.0314636230469,10207.7001953125,24221.869140625,1275.0,65.1,6.782,6.686,2.4059998989105225,2.0269999504089355,325.91,-1300.31,109.0214,104.131107922362,-9.423438,6.25,4.0,9.669808748293462,3030.0,5793.0
2017-10-25,293.6365966796875,10295.349609375,25035.609375,1275.4000244140625,64.92,6.814,6.709,2.444000005722046,2.055999994277954,325.91,-1300.31,109.0214,104.131107922362,-9.423438,6.25,4.0,9.669808748293462,3030.0,5793.0
2017-10-26,287.44110107421875,10343.7998046875,25021.908203125,1266.300048828125,64.84,6.798,6.698,2.4519999027252197,2.069000005722046,325.91,-1300.31,109.0214,104.131107922362,-9.423438,6.25,4.0,9.669808748293462,3030.0,5793.0
2017-10-27,289.26611328125,10323.0498046875,24839.26171875,1268.5,65.04,6.807,6.723,2.427999973297119,2.0429999828338623,325.91,-1300.31,109.0214,104.131107922362,-9.423438,6.25,4.0,9.669808748293462,3030.0,5793.0
2017-10-30,288.6897888183594,10363.650390625,24988.259765625,1274.0999755859375,64.83,6.882,6.777,2.369999885559082,1.996999979019165,325.91,-1300.31,109.0214,104.131107922362,-9.423438,6.25,4.0,9.669808748293462,3030.0,5793.0
2017-10-31,288.2575378417969,10335.2998046875,25019.05859375,1267.0,64.75,6.862,6.751,2.375999927520752,2.009999990463257,325.91,-1300.31,109.0214,104.131107922362,-9.423438,6.25,4.0,9.669808748293462,3030.0,5793.0
2017-11-01,301.03271484375,10440.5,25490.15234375,1274.0999755859375,64.56,6.892,6.765,2.375999927520752,2.0220000743865967,325.91,-1300.31,110.169,105.490521863908,-13.23603,6.25,4.0,9.669808748293462,3030.0,5793.0
2017-11-02,304.1544494628906,10423.7998046875,25427.005859375,1274.9000244140625,64.57,6.86,6.735,2.3469998836517334,2.0,325.91,-1300.31,110.169,105.490521863908,-13.23603,6.25,4.0,9.669808748293462,3030.0,5793.0
2017-11-03,303.4340515136719,10452.5,25650.400390625,1266.5,64.56,6.858,6.725,2.3429999351501465,2.005000114440918,325.91,-1300.31,110.169,105.490521863908,-13.23603,6.25,4.0,9.669808748293462,3030.0,5793.0
2017-11-06,303.62615966796875,10451.7998046875,25570.853515625,1279.4000244140625,64.62,6.894,6.749,2.319999933242798,1.986999988555908,325.91,-1300.31,110.169,105.490521863908,-13.23603,6.25,4.0,9.669808748293462,3030.0,5793.0
2017-11-07,300.1202697753906,10350.150390625,25300.505859375,1273.699951171875,65.03,6.928,6.767,2.306999921798706,1.9830000400543213,325.91,-1300.31,110.169,105.490521863908,-13.23603,6.25,4.0,9.669808748293462,3030.0,5793.0
2017-11-08,293.4444274902344,10303.150390625,25184.056640625,1281.5999755859375,64.94,6.939,6.767,2.325000047683716,2.002000093460083,325.91,-1300.31,110.169,105.490521863908,-13.23603,6.25,4.0,9.669808748293462,3030.0,5793.0
2017-11-09,299.0155029296875,10308.9501953125,25291.0546875,1285.5999755859375,64.96,6.931,6.758,2.3310000896453857,2.003000020980835,325.91,-1300.31,110.169,105.490521863908,-13.23603,6.25,4.0,9.669808748293462,3030.0,5793.0
2017-11-10,305.93145751953125,10321.75,25498.65234375,1272.4000244140625,64.96,6.956,6.793,2.4000000953674316,2.055000066757202,325.91,-1300.31,110.169,105.490521863908,-13.23603,6.25,4.0,9.669808748293462,3030.0,5793.0
2017-11-13,301.84918212890625,10224.9501953125,25358.005859375,1277.300048828125,65.46,6.972,6.81,2.4000000953674316,2.072000026702881,325.91,-1300.31,110.169,105.490521863908,-13.23603,6.25,4.0,9.669808748293462,3030.0,5793.0
2017-11-14,301.705078125,10186.599609375,25284.306640625,1281.5,65.41,7.05,6.878,2.38100004196167,2.065000057220459,325.91,-1300.31,110.169,105.490521863908,-13.23603,6.25,4.0,9.669808748293462,3030.0,5793.0
2017-11-15,303.0498046875,10118.0498046875,25218.607421875,1276.5,65.26,7.016,6.852,2.3350000381469727,2.038000106811523,325.91,-1300.31,110.169,105.490521863908,-13.23603,6.25,4.0,9.669808748293462,3030.0,5793.0
2017-11-16,306.36370849609375,10214.75,25446.3046875,1277.4000244140625,65.32,7.062,6.909,2.361000061035156,2.065000057220459,325.91,-1300.31,110.169,105.490521863908,-13.23603,6.25,4.0,9.669808748293462,3030.0,5793.0
2017-11-17,312.27105712890625,10283.599609375,25728.1015625,1295.800048828125,65.01,7.049,6.902,2.3540000915527344,2.062000036239624,325.91,-1300.31,110.169,105.490521863908,-13.23603,6.25,4.0,9.669808748293462,3030.0,5793.0
2017-11-20,305.9794616699219,10298.75,25768.30078125,1274.5999755859375,65.1,6.889,6.789,2.371999979019165,2.0940001010894775,325.91,-1300.31,110.169,105.490521863908,-13.23603,6.25,4.0,9.669808748293462,3030.0,5793.0
2017-11-21,307.27618408203125,10326.900390625,25757.201171875,1281.0999755859375,64.91,6.896,6.807,2.36299991607666,2.1070001125335693,325.91,-1300.31,110.169,105.490521863908,-13.23603,6.25,4.0,9.669808748293462,3030.0,5793.0
2017-11-22,306.315673828125,10342.2998046875,25766.3515625,1291.5999755859375,64.87,6.959,6.869,2.322000026702881,2.0429999828338623,325.91,-1300.31,110.169,105.490521863908,-13.23603,6.25,4.0,9.669808748293462,3030.0,5793.0
2017-11-23,306.8439636230469,10348.75,25735.951171875,1291.5999755859375,64.87,6.985,6.881,2.322000026702881,2.0429999828338623,325.91,-1300.31,110.169,105.490521863908,-13.23603,6.25,4.0,9.669808748293462,3030.0,5793.0
2017-11-24,304.6827697753906,10389.7001953125,25779.3515625,1286.699951171875,64.67,7.002,6.879,2.3399999141693115,2.063999891281128,325.91,-1300.31,110.169,105.490521863908,-13.23603,6.25,4.0,9.669808748293462,3030.0,5793.0
2017-11-27,304.49066162109375,10399.5498046875,25891.6484375,1293.800048828125,64.47,7.056,6.905,2.328000068664551,2.046999931335449,325.91,-1300.31,110.169,105.490521863908,-13.23603,6.25,4.0,9.669808748293462,3030.0,5793.0
2017-11-28,300.84063720703125,10370.25,25846.099609375,1294.699951171875,64.4,7.03,6.886,2.3380000591278076,2.068000078201294,325.91,-1300.31,110.169,105.490521863908,-13.23603,6.25,4.0,9.669808748293462,3030.0,5793.0
2017-11-29,302.425537109375,10361.2998046875,25795.3984375,1282.0999755859375,64.29,7.025,6.879,2.375999927520752,2.0929999351501465,325.91,-1300.31,110.169,105.490521863908,-13.23603,6.25,4.0,9.669808748293462,3030.0,5793.0
2017-11-30,295.41357421875,10226.5498046875,25332.10546875,1273.199951171875,64.46,7.058,6.896,2.4170000553131104,2.1440000534057617,325.91,-1300.31,110.169,105.490521863908,-13.23603,6.25,4.0,9.669808748293462,3030.0,5793.0
2017-12-01,293.204345703125,10121.7998046875,25191.65625,1278.800048828125,64.5,7.058,6.896,2.361999988555908,2.118000030517578,325.91,-1300.31,109.4039,104.856128691186,-14.41683,6.25,4.0,9.669808748293462,3030.0,5793.0
2017-12-04,292.2438049316406,10127.75,25074.80859375,1274.300048828125,64.36,7.083,6.899,2.378999948501587,2.1480000019073486,325.91,-1300.31,109.4039,104.856128691186,-14.41683,6.25,4.0,9.669808748293462,3030.0,5793.0
2017-12-05,293.204345703125,10118.25,25124.556640625,1261.5999755859375,64.38,7.059,6.88,2.3559999465942383,2.1510000228881836,325.91,-1300.31,109.4039,104.856128691186,-14.41683,6.25,4.0,9.669808748293462,3030.0,5793.0
2017-12-06,287.6812438964844,10044.099609375,24851.51171875,1262.800048828125,64.53,7.031,6.872,2.3299999237060547,2.119999885559082,325.91,-1300.31,109.4039,104.856128691186,-14.41683,6.25,4.0,9.669808748293462,3030.0,5793.0
2017-12-07,293.73260498046875,10166.7001953125,25056.958984375,1249.800048828125,64.57,7.054,6.906,2.375999927520752,2.1459999084472656,325.91,-1300.31,109.4039,104.856128691186,-14.41683,6.25,4.0,9.669808748293462,3030.0,5793.0
2017-12-08,298.4873352050781,10265.650390625,25320.85546875,1245.199951171875,64.43,7.089,6.93,2.382999897003174,2.1449999809265137,325.91,-1300.31,109.4039,104.856128691186,-14.41683,6.25,4.0,9.669808748293462,3030.0,5793.0
2017-12-11,299.15972900390625,10322.25,25404.5546875,1243.699951171875,64.35,7.172,6.983,2.384999990463257,2.1570000648498535,325.91,-1300.31,109.4039,104.856128691186,-14.41683,6.25,4.0,9.669808748293462,3030.0,5793.0
2017-12-12,295.4615783691406,10240.150390625,25125.15625,1238.5,64.39,7.191,6.998,2.4030001163482666,2.171999931335449,325.91,-1300.31,109.4039,104.856128691186,-14.41683,6.25,4.0,9.669808748293462,3030.0,5793.0
2017-12-13,290.9951171875,10192.9501953125,25000.05859375,1245.4000244140625,64.45,7.173,6.991,2.3489999771118164,2.109999895095825,325.91,-1300.31,109.4039,104.856128691186,-14.41683,6.25,4.0,9.669808748293462,3030.0,5793.0
2017-12-14,292.33984375,10252.099609375,25167.90625,1253.800048828125,64.36,7.13,6.979,2.3459999561309814,2.128000020980835,325.91,-1300.31,109.4039,104.856128691186,-14.41683,6.25,4.0,9.669808748293462,3030.0,5793.0
2017-12-15,291.1871643066406,10333.25,25440.005859375,1254.300048828125,64.04,7.134,6.982,2.3550000190734863,2.1570000648498535,325.91,-1300.31,109.4039,104.856128691186,-14.41683,6.25,4.0,9.669808748293462,3030.0,5793.0
2017-12-18,296.71026611328125,10388.75,25594.25390625,1262.199951171875,64.23,7.181,7.008,2.3919999599456787,2.1670000553131104,325.91,-1300.31,109.4039,104.856128691186,-14.41683,6.25,4.0,9.669808748293462,3030.0,5793.0
2017-12-19,301.3208923339844,10463.2001953125,25715.900390625,1260.699951171875,64.02,7.178,7.003,2.4630000591278076,2.2200000286102295,325.91,-1300.31,109.4039,104.856128691186,-14.41683,6.25,4.0,9.669808748293462,3030.0,5793.0
2017-12-20,303.3379821777344,10444.2001953125,25591.40234375,1266.0999755859375,64.11,7.219,7.037,2.496999979019165,2.242000102996826,325.91,-1300.31,109.4039,104.856128691186,-14.41683,6.25,4.0,9.669808748293462,3030.0,5793.0
2017-12-21,303.0018005371094,10440.2998046875,25554.00390625,1267.300048828125,64.02,7.214,7.049,2.4809999465942383,2.244999885559082,325.91,-1300.31,109.4039,104.856128691186,-14.41683,6.25,4.0,9.669808748293462,3030.0,5793.0
2017-12-22,304.1064453125,10493.0,25648.251953125,1275.4000244140625,64.02,7.271,7.081,2.484999895095825,2.250999927520752,325.91,-1300.31,109.4039,104.856128691186,-14.41683,6.25,4.0,9.669808748293462,3030.0,5793.0
2017-12-25,304.1064453125,10493.0,25648.251953125,1275.4000244140625,64.02,7.271,7.081,2.484999895095825,2.250999927520752,325.91,-1300.31,109.4039,104.856128691186,-14.41683,6.25,4.0,9.669808748293462,3030.0,5793.0
2017-12-26,305.5952453613281,10531.5,25674.951171875,1284.0999755859375,64.08,7.275,7.091,2.4670000076293945,2.236999988555908,325.91,-1300.31,109.4039,104.856128691186,-14.41683,6.25,4.0,9.669808748293462,3030.0,5793.0
2017-12-27,300.45635986328125,10490.75,25495.75390625,1287.0,64.15,7.219,7.064,2.4140000343322754,2.1989998817443848,325.91,-1300.31,109.4039,104.856128691186,-14.41683,6.25,4.0,9.669808748293462,3030.0,5793.0
2017-12-28,302.85772705078125,10477.900390625,25489.703125,1294.0999755859375,64.07,7.396,7.231,2.431999921798706,2.2339999675750732,325.91,-1300.31,109.4039,104.856128691186,-14.41683,6.25,4.0,9.669808748293462,3030.0,5793.0
2017-12-29,301.6090393066406,10530.7001953125,25539.15234375,1306.300048828125,63.83,7.326,7.145,2.4049999713897705,2.2060000896453857,325.91,-1300.31,109.4039,104.856128691186,-14.41683,6.25,4.0,9.669808748293462,3030.0,5793.0
2018-01-01,298.0550842285156,10530.7001953125,25317.8046875,1306.300048828125,63.83,7.337,7.155,2.4049999713897705,2.2060000896453857,325.91,-1300.31,110.169,105.128011479495,-15.4207,6.25,4.0,8.932909325248062,2632.0,5968.0
2018-01-02,297.47869873046875,10442.2001953125,25337.955078125,1313.699951171875,63.46,7.384,7.209,2.4649999141693115,2.25,1099.78,-358.5,110.169,105.128011479495,-15.4207,6.25,4.0,8.932909325248062,2632.0,5968.0
2018-01-03,302.569580078125,10443.2001953125,25318.3046875,1316.199951171875,63.5,7.322,7.184,2.447000026702881,2.246999979019165,241.85,-3.29,110.169,105.128011479495,-15.4207,6.25,4.0,8.932909325248062,2632.0,5968.0
2018-01-04,302.2814636230469,10504.7998046875,25462.302734375,1319.4000244140625,63.4,7.331,7.204,2.453000068664551,2.2679998874664307,241.85,-3.29,110.169,105.128011479495,-15.4207,6.25,4.0,8.932909325248062,2632.0,5968.0
2018-01-05,300.55242919921875,10558.849609375,25601.552734375,1320.300048828125,63.38,7.288,7.16,2.4760000705718994,2.2850000858306885,241.85,-3.29,110.169,105.128011479495,-15.4207,6.25,4.0,8.932909325248062,2632.0,5968.0
2018-01-08,301.7531433105469,10623.599609375,25675.80078125,1318.5999755859375,63.48,7.344,7.175,2.4800000190734863,2.2850000858306885,-95.94,-562.33,110.169,105.128011479495,-15.4207,6.25,4.0,8.932909325248062,2632.0,5968.0
2018-01-09,300.2643127441406,10637.0,25703.501953125,1311.699951171875,63.66,7.367,7.197,2.5460000038146973,2.3239998817443848,-95.94,-562.33,110.169,105.128011479495,-15.4207,6.25,4.0,8.932909325248062,2632.0,5968.0
2018-01-10,299.6879577636719,10632.2001953125,25617.00390625,1317.4000244140625,63.58,7.441,7.257,2.549999952316284,2.328000068664551,-1841.63,1804.94,110.169,105.128011479495,-15.4207,6.25,4.0,8.932909325248062,2632.0,5968.0
2018-01-11,297.28662109375,10651.2001953125,25660.6015625,1320.5999755859375,63.65,7.436,7.244,2.5309998989105225,2.313999891281128,-1841.63,1804.94,110.169,105.128011479495,-15.4207,6.25,4.0,8.932909325248062,2632.0,5968.0
2018-01-12,305.16302490234375,10681.25,25748.751953125,1333.4000244140625,63.61,7.455,7.255,2.552000045776367,2.3469998836517334,-1841.63,1804.94,110.169,105.128011479495,-15.4207,6.25,4.0,8.932909325248062,2632.0,5968.0
2018-01-15,316.3052673339844,10741.5498046875,26068.896484375,1333.4000244140625,63.61,7.443,7.25,2.552000045776367,2.3469998836517334,32.92,-173.28,110.169,105.128011479495,-15.4207,6.25,4.0,8.932909325248062,2632.0,5968.0
2018-01-16,320.9158935546875,10700.4501953125,25974.59765625,1335.4000244140625,64.01,7.552,7.339,2.5439999103546143,2.3550000190734863,693.17,-246.38,110.169,105.128011479495,-15.4207,6.25,4.0,8.932909325248062,2632.0,5968.0
2018-01-17,329.7048034667969,10788.5498046875,26288.794921875,1338.0,63.88,7.415,7.218,2.578000068664551,2.3940000534057617,625.13,168.61,110.169,105.128011479495,-15.4207,6.25,4.0,8.932909325248062,2632.0,5968.0
2018-01-18,332.4903259277344,10817.0,26537.091796875,1326.0,63.87,7.471,7.255,2.611000061035156,2.4100000858306885,1894.99,-657.46,110.169,105.128011479495,-15.4207,6.25,4.0,8.932909325248062,2632.0,5968.0
2018-01-19,339.6463623046875,10894.7001953125,26909.1875,1331.9000244140625,63.84,7.479,7.261,2.63700008392334,2.436000108718872,988.25,209.86,110.169,105.128011479495,-15.4207,6.25,4.0,8.932909325248062,2632.0,5968.0
2018-01-22,337.62921142578125,10966.2001953125,27040.884765625,1330.9000244140625,63.88,7.462,7.236,2.6649999618530273,2.4609999656677246,1567.51,-461.87,110.169,105.128011479495,-15.4207,6.25,4.0,8.932909325248062,2632.0,5968.0
2018-01-23,348.0030517578125,11083.7001953125,27390.28125,1335.699951171875,63.76,7.413,7.194,2.624000072479248,2.4210000038146973,1229.35,169.03,110.169,105.128011479495,-15.4207,6.25,4.0,8.932909325248062,2632.0,5968.0
2018-01-24,338.82989501953125,11086.0,27398.232421875,1355.9000244140625,63.69,7.276,7.216,2.6540000438690186,2.440999984741211,776.42,-193.87,110.169,105.128011479495,-15.4207,6.25,4.0,8.932909325248062,2632.0,5968.0
2018-01-25,346.5622253417969,11069.650390625,27445.33203125,1362.4000244140625,63.52,7.307,7.244,2.621000051498413,2.4200000762939453,937.31,-965.67,110.169,105.128011479495,-15.4207,6.25,4.0,8.932909325248062,2632.0,5968.0
2018-01-26,346.5622253417969,11069.650390625,27445.33203125,1351.5999755859375,63.58,7.307,7.244,2.6619999408721924,2.4700000286102295,937.31,-965.67,110.169,105.128011479495,-15.4207,6.25,4.0,8.932909325248062,2632.0,5968.0
2018-01-29,343.5365295410156,11130.400390625,27498.12890625,1351.5999755859375,63.57,7.441,7.332,2.6989998817443848,2.494999885559082,291.86,90.08,110.169,105.128011479495,-15.4207,6.25,4.0,8.932909325248062,2632.0,5968.0
2018-01-30,339.3101806640625,11049.650390625,27268.734375,1335.4000244140625,63.65,7.434,7.317,2.7260000705718994,2.506999969482422,-105.56,-281.65,110.169,105.128011479495,-15.4207,6.25,4.0,8.932909325248062,2632.0,5968.0
2018-01-31,339.0220031738281,11027.7001953125,27379.130859375,1339.0,63.58,7.43,7.324,2.7200000286102295,2.5239999294281006,-136.63,1294.66,110.169,105.128011479495,-15.4207,6.25,4.0,8.932909325248062,2632.0,5968.0
2018-02-01,332.5383605957031,11016.900390625,27220.3828125,1344.300048828125,63.97,7.605,7.43,2.7730000019073486,2.559000015258789,522.74,64.7,109.7864,105.218639075599,-14.83977,6.25,4.0,8.932909325248062,2632.0,5968.0
2018-02-02,321.87640380859375,10760.599609375,26450.84375,1333.699951171875,64.11,7.562,7.441,2.8540000915527344,2.5989999771118164,950.0,-508.78,109.7864,105.218639075599,-14.83977,6.25,4.0,8.932909325248062,2632.0,5968.0
2018-02-05,316.68951416015625,10666.5498046875,26098.447265625,1333.0,64.06,7.605,7.433,2.7939999103546143,2.5209999084472656,-525.93,165.84,109.7864,105.218639075599,-14.83977,6.25,4.0,8.932909325248062,2632.0,5968.0
2018-02-06,317.6500549316406,10498.25,25811.0,1326.0999755859375,64.23,7.568,7.424,2.7679998874664307,2.507999897003174,-525.93,165.84,109.7864,105.218639075599,-14.83977,6.25,4.0,8.932909325248062,2632.0,5968.0
2018-02-07,319.427001953125,10476.7001953125,25669.701171875,1311.5999755859375,64.23,7.531,7.378,2.8440001010894775,2.565000057220459,-525.93,165.84,109.7864,105.218639075599,-14.83977,6.25,4.0,8.932909325248062,2632.0,5968.0
2018-02-08,320.67572021484375,10576.849609375,25920.349609375,1316.9000244140625,64.27,7.466,7.308,2.8510000705718994,2.568000078201294,-639.87,-340.3,109.7864,105.218639075599,-14.83977,6.25,4.0,8.932909325248062,2632.0,5968.0
2018-02-09,313.85589599609375,10454.9501953125,25463.353515625,1313.0999755859375,64.37,7.49,7.342,2.8289999961853027,2.5160000324249268,-639.87,-340.3,109.7864,105.218639075599,-14.83977,6.25,4.0,8.932909325248062,2632.0,5968.0
2018-02-12,313.3756103515625,10539.75,25701.30078125,1324.199951171875,64.29,7.496,7.334,2.8570001125335693,2.555000066757202,-639.87,-340.3,109.7864,105.218639075599,-14.83977,6.25,4.0,8.932909325248062,2632.0,5968.0
2018-02-13,313.3756103515625,10539.75,25701.30078125,1328.0999755859375,64.27,7.496,7.334,2.8399999141693115,2.549000024795532,-639.87,-340.3,109.7864,105.218639075599,-14.83977,6.25,4.0,8.932909325248062,2632.0,5968.0
2018-02-14,306.36370849609375,10500.900390625,25340.955078125,1355.5,64.1,7.491,7.32,2.913000106811523,2.640000104904175,-728.71,-152.39,109.7864,105.218639075599,-14.83977,6.25,4.0,8.932909325248062,2632.0,5968.0
2018-02-15,315.6808776855469,10545.5,25424.0546875,1352.0999755859375,63.93,7.568,7.375,2.8910000324249268,2.634999990463257,-240.29,49.92,109.7864,105.218639075599,-14.83977,6.25,4.0,8.932909325248062,2632.0,5968.0
2018-02-16,308.3808288574219,10452.2998046875,25163.607421875,1353.199951171875,64.21,7.577,7.379,2.877000093460083,2.625999927520752,-1065.99,1127.78,109.7864,105.218639075599,-14.83977,6.25,4.0,8.932909325248062,2632.0,5968.0
2018-02-19,307.1321105957031,10378.400390625,25058.259765625,1353.199951171875,64.21,7.577,7.379,2.877000093460083,2.625999927520752,-895.79,586.52,109.7864,105.218639075599,-14.83977,6.25,4.0,8.932909325248062,2632.0,5968.0
2018-02-20,304.73077392578125,10360.400390625,24874.111328125,1328.800048828125,64.83,7.668,7.45,2.8929998874664307,2.6480000019073486,-850.35,1437.24,109.7864,105.218639075599,-14.83977,6.25,4.0,8.932909325248062,2632.0,5968.0
2018-02-21,306.60382080078125,10397.4501953125,24936.41015625,1330.0,64.76,7.71,7.483,2.943000078201294,2.678999900817871,-1214.18,1375.48,109.7864,105.218639075599,-14.83977,6.25,4.0,8.932909325248062,2632.0,5968.0
2018-02-22,305.7873840332031,10382.7001953125,24954.908203125,1330.5999755859375,65.01,7.746,7.519,2.9170000553131104,2.6519999504089355,-2335.34,1059.42,109.7864,105.218639075599,-14.83977,6.25,4.0,8.932909325248062,2632.0,5968.0
2018-02-23,310.0137634277344,10491.0498046875,25302.205078125,1328.199951171875,64.71,7.667,7.454,2.871000051498413,2.618000030517578,-486.32,1514.03,109.7864,105.218639075599,-14.83977,6.25,4.0,8.932909325248062,2632.0,5968.0
2018-02-26,314.1440734863281,10582.599609375,25687.6015625,1330.699951171875,64.78,7.688,7.452,2.8589999675750732,2.6070001125335693,-1119.51,1409.45,109.7864,105.218639075599,-14.83977,6.25,4.0,8.932909325248062,2632.0,5968.0
2018-02-27,309.4373779296875,10554.2998046875,25383.3046875,1315.5,64.84,7.666,7.429,2.9079999923706055,2.6689999103546143,-906.86,1046.67,109.7864,105.218639075599,-14.83977,6.25,4.0,8.932909325248062,2632.0,5968.0
2018-02-28,300.88861083984375,10492.849609375,25107.109375,1315.5,65.2,7.726,7.46,2.868000030517578,2.6500000953674316,-1750.52,1596.89,109.7864,105.218639075599,-14.83977,6.25,4.0,8.932909325248062,2632.0,5968.0
2018-03-01,292.9161376953125,10458.349609375,24902.26171875,1302.9000244140625,65.2,7.738,7.477,2.803999900817871,2.575000047683716,96.31,-269.2,109.7864,105.399894267805,-16.35892,6.25,4.0,8.932909325248062,2632.0,5968.0
2018-03-02,292.9161376953125,10458.349609375,24902.26171875,1321.0999755859375,65.24,7.738,7.477,2.8570001125335693,2.622999906539917,96.31,-269.2,109.7864,105.399894267805,-16.35892,6.25,4.0,8.932909325248062,2632.0,5968.0
2018-03-05,291.3792724609375,10358.849609375,24818.41015625,1318.0999755859375,65.06,7.776,7.498,2.88100004196167,2.6440000534057617,-148.42,-578.92,109.7864,105.399894267805,-16.35892,6.25,4.0,8.932909325248062,2632.0,5968.0
2018-03-06,283.4068298339844,10249.25,24448.166015625,1333.5999755859375,64.9,7.775,7.495,2.877000093460083,2.6449999809265137,-148.42,-578.92,109.7864,105.399894267805,-16.35892,6.25,4.0,8.932909325248062,2632.0,5968.0
2018-03-07,275.3863830566406,10154.2001953125,24133.818359375,1326.0,64.86,7.678,7.432,2.882999897003174,2.6489999294281006,-1043.31,278.84,109.7864,105.399894267805,-16.35892,6.25,4.0,8.932909325248062,2632.0,5968.0
2018-03-08,285.2318420410156,10242.650390625,24477.365234375,1319.9000244140625,65.15,7.662,7.424,2.865999937057495,2.632999897003174,-5.87,87.08,109.7864,105.399894267805,-16.35892,6.25,4.0,8.932909325248062,2632.0,5968.0
2018-03-09,281.1495666503906,10226.849609375,24296.166015625,1322.4000244140625,65.12,7.671,7.435,2.8940000534057617,2.6540000438690186,-21.13,-542.12,109.7864,105.399894267805,-16.35892,6.25,4.0,8.932909325248062,2632.0,5968.0
2018-03-12,288.7858581542969,10421.400390625,24663.912109375,1319.4000244140625,65.0,7.629,7.415,2.869999885559082,2.634999990463257,293.12,-806.45,109.7864,105.399894267805,-16.35892,6.25,4.0,8.932909325248062,2632.0,5968.0
2018-03-13,292.33984375,10426.849609375,24738.36328125,1325.9000244140625,64.85,7.653,7.433,2.8480000495910645,2.630000114440918,7028.42,1613.39,109.7864,105.399894267805,-16.35892,6.25,4.0,8.932909325248062,2632.0,5968.0
2018-03-14,293.97271728515625,10410.900390625,24851.361328125,1324.4000244140625,64.84,7.685,7.444,2.816999912261963,2.6059999465942383,-258.98,-432.03,109.7864,105.399894267805,-16.35892,6.25,4.0,8.932909325248062,2632.0,5968.0
2018-03-15,289.5542907714844,10360.150390625,24791.560546875,1316.800048828125,64.94,7.633,7.388,2.825999975204468,2.621999979019165,-705.4,256.45,109.7864,105.399894267805,-16.35892,6.25,4.0,8.932909325248062,2632.0,5968.0
2018-03-16,286.33648681640625,10195.150390625,24489.265625,1311.300048828125,64.97,7.557,7.335,2.8480000495910645,2.6449999809265137,-150.46,-770.53,109.7864,105.399894267805,-16.35892,6.25,4.0,8.932909325248062,2632.0,5968.0
2018-03-19,282.9265441894531,10094.25,24244.818359375,1316.800048828125,65.21,7.608,7.363,2.8450000286102295,2.6419999599456787,292.23,-191.52,109.7864,105.399894267805,-16.35892,6.25,4.0,8.932909325248062,2632.0,5968.0
2018-03-20,280.47723388671875,10124.349609375,24167.91796875,1311.0999755859375,65.19,7.615,7.374,2.878999948501587,2.680999994277954,344.16,731.17,109.7864,105.399894267805,-16.35892,6.25,4.0,8.932909325248062,2632.0,5968.0
2018-03-21,277.7876892089844,10155.25,24255.318359375,1320.699951171875,65.2,7.581,7.359,2.9070000648498535,2.697999954223633,98.44,197.78,109.7864,105.399894267805,-16.35892,6.25,4.0,8.932909325248062,2632.0,5968.0
2018-03-22,272.0724792480469,10114.75,24141.21875,1326.5999755859375,65.1,7.56,7.369,2.8320000171661377,2.631999969482422,161.11,409.89,109.7864,105.399894267805,-16.35892,6.25,4.0,8.932909325248062,2632.0,5968.0
2018-03-23,264.6763610839844,9998.0498046875,23670.125,1349.300048828125,64.98,7.557,7.372,2.8299999237060547,2.611000061035156,1628.19,-935.41,109.7864,105.399894267805,-16.35892,6.25,4.0,8.932909325248062,2632.0,5968.0
2018-03-26,270.53558349609375,10130.650390625,24244.068359375,1354.4000244140625,64.83,7.623,7.43,2.8429999351501465,2.634999990463257,-741.19,2017.95,109.7864,105.399894267805,-16.35892,6.25,4.0,8.932909325248062,2632.0,5968.0
2018-03-27,272.6968078613281,10184.150390625,24433.8671875,1341.300048828125,64.98,7.333,7.28,2.7860000133514404,2.5789999961853027,1063.12,2172.91,109.7864,105.399894267805,-16.35892,6.25,4.0,8.932909325248062,2632.0,5968.0
2018-03-28,267.3658142089844,10113.7001953125,24263.068359375,1324.199951171875,65.15,7.398,7.315,2.7750000953674316,2.5889999866485596,-1190.55,1960.67,109.7864,105.399894267805,-16.35892,6.25,4.0,8.932909325248062,2632.0,5968.0
2018-03-29,267.3658142089844,10113.7001953125,24263.068359375,1322.800048828125,65.12,7.398,7.315,2.740999937057495,2.562000036239624,-1190.55,1960.67,109.7864,105.399894267805,-16.35892,6.25,4.0,8.932909325248062,2632.0,5968.0
2018-03-30,267.3658142089844,10113.7001953125,24263.068359375,1322.800048828125,65.11,7.398,7.315,2.740999937057495,2.562000036239624,-1190.55,1960.67,109.7864,105.399894267805,-16.35892,6.25,4.0,8.932909325248062,2632.0,5968.0
2018-04-02,251.5170135498047,10211.7998046875,24328.216796875,1342.0999755859375,65.11,7.398,7.315,2.7320001125335693,2.549000024795532,-1190.55,1960.67,109.7864,105.399894267805,-16.35892,6.25,4.0,8.932909325248062,2632.0,5968.0
2018-04-03,259.3933410644531,10245.0,24510.314453125,1332.800048828125,65.0,7.332,7.246,2.7839999198913574,2.6040000915527344,-1190.55,1960.67,109.7864,105.399894267805,-16.35892,6.25,4.0,8.932909325248062,2632.0,5968.0
2018-04-04,258.04864501953125,10128.400390625,24129.21875,1335.800048828125,65.08,7.294,7.218,2.788000106811523,2.6059999465942383,-1190.55,1960.67,109.7864,105.399894267805,-16.35892,6.25,4.0,8.932909325248062,2632.0,5968.0
2018-04-05,267.6540222167969,10325.150390625,24759.513671875,1324.300048828125,64.92,7.127,7.093,2.8320000171661377,2.640000104904175,-1628.23,1084.09,109.7864,105.399894267805,-16.35892,6.25,4.0,8.932909325248062,2632.0,5968.0
2018-04-06,269.5750427246094,10331.599609375,24872.861328125,1331.9000244140625,64.95,7.175,7.103,2.7750000953674316,2.5889999866485596,2354.03,-712.41,109.7864,105.399894267805,-16.35892,6.25,4.0,8.932909325248062,2632.0,5968.0
2018-04-09,269.7672119140625,10379.349609375,25093.509765625,1336.300048828125,64.95,7.226,7.15,2.7860000133514404,2.6010000705718994,32.64,-21.41,109.7864,105.399894267805,-16.35892,6.25,4.0,8.932909325248062,2632.0,5968.0
2018-04-10,277.4034423828125,10402.25,25226.5078125,1342.0,64.95,7.379,7.281,2.796999931335449,2.625,-2760.63,1823.59,109.7864,105.399894267805,-16.35892,6.25,4.0,8.932909325248062,2632.0,5968.0
2018-04-11,273.3211975097656,10417.150390625,25097.958984375,1356.5,65.26,7.536,7.374,2.7899999618530273,2.619999885559082,-2760.63,1823.59,109.7864,105.399894267805,-16.35892,6.25,4.0,8.932909325248062,2632.0,5968.0
2018-04-12,275.43438720703125,10458.650390625,25194.806640625,1338.4000244140625,65.28,7.468,7.357,2.8340001106262207,2.6710000038146973,-55.89,-521.38,109.7864,105.399894267805,-16.35892,6.25,4.0,8.932909325248062,2632.0,5968.0
2018-04-13,276.8751525878906,10480.599609375,25200.306640625,1344.800048828125,65.27,7.431,7.347,2.8289999961853027,2.6760001182556152,-399.59,306.05,109.7864,105.399894267805,-16.35892,6.25,4.0,8.932909325248062,2632.0,5968.0
2018-04-16,276.2508544921875,10528.349609375,25320.5546875,1347.5,65.46,7.486,7.399,2.8320000171661377,2.683000087738037,-308.13,-28.97,109.7864,105.399894267805,-16.35892,6.25,4.0,8.932909325248062,2632.0,5968.0
2018-04-17,280.237060546875,10548.7001953125,25334.154296875,1347.199951171875,65.66,7.489,7.402,2.813999891281128,2.677999973297119,-951.39,723.81,109.7864,105.399894267805,-16.35892,6.25,4.0,8.932909325248062,2632.0,5968.0
2018-04-18,278.6041259765625,10526.2001953125,25102.009765625,1351.199951171875,65.62,7.536,7.434,2.867000102996826,2.7309999465942383,-915.71,869.7,109.7864,105.399894267805,-16.35892,6.25,4.0,8.932909325248062,2632.0,5968.0
2018-04-19,278.1719055175781,10565.2998046875,25125.857421875,1346.800048828125,65.79,7.631,7.534,2.9140000343322754,2.759999990463257,-624.99,448.61,109.7864,105.399894267805,-16.35892,6.25,4.0,8.932909325248062,2632.0,5968.0
2018-04-20,271.0158996582031,10564.0498046875,24943.560546875,1336.699951171875,66.15,7.718,7.64,2.950999975204468,2.7929999828338623,-21.02,111.01,109.7864,105.399894267805,-16.35892,6.25,4.0,8.932909325248062,2632.0,5968.0
2018-04-23,268.37445068359375,10584.7001953125,24960.359375,1322.5,66.42,7.74,7.707,2.9730000495910645,2.819000005722046,-259.08,387.26,109.7864,105.399894267805,-16.35892,6.25,4.0,8.932909325248062,2632.0,5968.0
2018-04-24,272.8889465332031,10614.349609375,25041.80859375,1331.4000244140625,66.36,7.683,7.707,2.9830000400543213,2.811000108718872,-680.99,508.55,109.7864,105.399894267805,-16.35892,6.25,4.0,8.932909325248062,2632.0,5968.0
2018-04-25,267.8941345214844,10570.5498046875,24814.111328125,1321.199951171875,66.92,7.738,7.729,3.0239999294281006,2.8350000381469727,-304.79,435.98,109.7864,105.399894267805,-16.35892,6.25,4.0,8.932909325248062,2632.0,5968.0
2018-04-26,267.8461608886719,10617.7998046875,25010.609375,1316.300048828125,66.8,7.755,7.764,2.990000009536743,2.819000005722046,-1056.34,684.11,109.7864,105.399894267805,-16.35892,6.25,4.0,8.932909325248062,2632.0,5968.0
2018-04-27,276.53900146484375,10692.2998046875,25394.3046875,1320.300048828125,66.68,7.767,7.78,2.9570000171661377,2.8010001182556152,-759.21,633.71,109.7864,105.399894267805,-16.35892,6.25,4.0,8.932909325248062,2632.0,5968.0
2018-04-30,272.9850158691406,10739.349609375,25531.302734375,1316.199951171875,66.5,7.767,7.78,2.936000108718872,2.7890000343322754,-385.47,261.98,109.7864,105.399894267805,-16.35892,6.25,4.0,8.932909325248062,2632.0,5968.0
2018-05-01,272.9850158691406,10739.349609375,25531.302734375,1303.800048828125,66.52,7.767,7.78,2.9760000705718994,2.821000099182129,581.43,243.13,110.5515,107.212446189865,-13.58101,6.25,4.0,8.932909325248062,2632.0,5968.0
2018-05-02,265.97308349609375,10718.0498046875,25568.00390625,1302.5999755859375,66.71,7.733,7.765,2.9639999866485596,2.802000045776367,-1263.57,1163.64,110.5515,107.212446189865,-13.58101,6.25,4.0,8.932909325248062,2632.0,5968.0
2018-05-03,270.7757263183594,10679.650390625,25604.953125,1310.699951171875,66.68,7.734,7.754,2.946000099182129,2.7820000648498535,-366.6,-154.2,110.5515,107.212446189865,-13.58101,6.25,4.0,8.932909325248062,2632.0,5968.0
2018-05-04,271.6882629394531,10618.25,25645.1015625,1312.699951171875,66.83,7.728,7.767,2.944000005722046,2.7799999713897705,-108.02,615.28,110.5515,107.212446189865,-13.58101,6.25,4.0,8.932909325248062,2632.0,5968.0
2018-05-07,278.3640441894531,10715.5,25851.75,1312.199951171875,67.13,7.622,7.682,2.950000047683716,2.7839999198913574,-159.37,-296.97,110.5515,107.212446189865,-13.58101,6.25,4.0,8.932909325248062,2632.0,5968.0
2018-05-08,297.0945129394531,10717.7998046875,26090.197265625,1312.0,67.12,7.58,7.645,2.9690001010894775,2.808000087738037,-159.37,-296.97,110.5515,107.212446189865,-13.58101,6.25,4.0,8.932909325248062,2632.0,5968.0
2018-05-09,294.6931457519531,10741.7001953125,26154.14453125,1311.300048828125,67.25,7.709,7.763,3.003999948501587,2.8380000591278076,-383.67,176.95,110.5515,107.212446189865,-13.58101,6.25,4.0,8.932909325248062,2632.0,5968.0
2018-05-10,294.7411804199219,10716.5498046875,26130.6953125,1320.800048828125,67.24,7.715,7.782,2.9709999561309814,2.8329999446868896,-3370.14,1902.07,110.5515,107.212446189865,-13.58101,6.25,4.0,8.932909325248062,2632.0,5968.0
2018-05-11,298.6794128417969,10806.5,26412.84375,1319.0,67.28,7.726,7.786,2.9709999561309814,2.8380000591278076,12.34,-621.94,110.5515,107.212446189865,-13.58101,6.25,4.0,8.932909325248062,2632.0,5968.0
2018-05-14,297.8629455566406,10806.599609375,26474.841796875,1316.5,67.55,7.826,7.879,2.994999885559082,2.8519999980926514,717.99,687.23,110.5515,107.212446189865,-13.58101,6.25,4.0,8.932909325248062,2632.0,5968.0
2018-05-15,296.0859375,10801.849609375,26473.69140625,1288.9000244140625,68.07,7.903,7.906,3.0799999237060547,2.924999952316284,-518.47,531.33,110.5515,107.212446189865,-13.58101,6.25,4.0,8.932909325248062,2632.0,5968.0
2018-05-16,285.5200500488281,10741.099609375,26181.845703125,1290.199951171875,67.77,7.902,7.893,3.0950000286102295,2.934000015258789,-699.22,229.06,110.5515,107.212446189865,-13.58101,6.25,4.0,8.932909325248062,2632.0,5968.0
2018-05-17,284.3193054199219,10682.7001953125,26073.498046875,1288.199951171875,67.76,7.88,7.834,3.1089999675750732,2.931999921798706,-830.94,428.92,110.5515,107.212446189865,-13.58101,6.25,4.0,8.932909325248062,2632.0,5968.0
2018-05-18,274.80999755859375,10596.400390625,25875.298828125,1290.199951171875,68.04,7.835,7.766,3.066999912261963,2.8919999599456787,-166.15,149.58,110.5515,107.212446189865,-13.58101,6.25,4.0,8.932909325248062,2632.0,5968.0
2018-05-21,277.8836975097656,10516.7001953125,25750.501953125,1290.199951171875,68.11,7.809,7.756,3.065000057220459,2.8980000019073486,-496.03,1190.56,110.5515,107.212446189865,-13.58101,6.25,4.0,8.932909325248062,2632.0,5968.0
2018-05-22,278.84429931640625,10536.7001953125,25777.400390625,1291.699951171875,68.04,7.809,7.775,3.065000057220459,2.8989999294281006,-1651.63,1496.83,110.5515,107.212446189865,-13.58101,6.25,4.0,8.932909325248062,2632.0,5968.0
2018-05-23,280.5252380371094,10430.349609375,25684.650390625,1289.300048828125,68.38,7.849,7.816,3.003000020980835,2.8299999237060547,-311.11,789.78,110.5515,107.212446189865,-13.58101,6.25,4.0,8.932909325248062,2632.0,5968.0
2018-05-24,285.9523010253906,10513.849609375,26016.498046875,1303.699951171875,68.32,7.871,7.879,2.9809999465942383,2.815999984741211,-701.93,1480.51,110.5515,107.212446189865,-13.58101,6.25,4.0,8.932909325248062,2632.0,5968.0
2018-05-25,283.9831848144531,10605.150390625,26273.24609375,1303.300048828125,67.78,7.794,7.794,2.930999994277954,2.763999938964844,-768.29,887.76,110.5515,107.212446189865,-13.58101,6.25,4.0,8.932909325248062,2632.0,5968.0
2018-05-28,287.44110107421875,10688.650390625,26613.94140625,1303.300048828125,67.78,7.739,7.757,2.930999994277954,2.763999938964844,-795.06,1017.65,110.5515,107.212446189865,-13.58101,6.25,4.0,8.932909325248062,2632.0,5968.0
2018-05-29,278.4600830078125,10633.2998046875,26254.49609375,1298.699951171875,67.78,7.756,7.793,2.7679998874664307,2.575999975204468,-407.33,578.38,110.5515,107.212446189865,-13.58101,6.25,4.0,8.932909325248062,2632.0,5968.0
2018-05-30,273.6573791503906,10614.349609375,26327.494140625,1301.5,67.46,7.782,7.798,2.8420000076293945,2.6730000972747803,-1286.91,492.46,110.5515,107.212446189865,-13.58101,6.25,4.0,8.932909325248062,2632.0,5968.0
2018-05-31,274.5218505859375,10736.150390625,26955.88671875,1300.0999755859375,67.4,7.826,7.834,2.822000026702881,2.6640000343322754,-15.31,-266.02,110.5515,107.212446189865,-13.58101,6.25,4.0,8.932909325248062,2632.0,5968.0
2018-06-01,277.8836975097656,10696.2001953125,26692.490234375,1294.800048828125,66.99,7.848,7.841,2.8949999809265137,2.73799991607666,-15.31,-266.02,111.3165,107.937466958689,-18.43449,6.45,4.0,8.932909325248062,2632.0,5968.0
2018-06-04,275.43438720703125,10628.5,26257.24609375,1293.0999755859375,67.05,7.876,7.888,2.937000036239624,2.7850000858306885,-524.85,1305.45,111.3165,107.937466958689,-18.43449,6.45,4.0,8.932909325248062,2632.0,5968.0
2018-06-05,272.8889465332031,10593.150390625,26250.6953125,1297.5,67.12,7.834,7.851,2.9189999103546143,2.76200008392334,-524.85,1305.45,111.3165,107.937466958689,-18.43449,6.45,4.0,8.932909325248062,2632.0,5968.0
2018-06-06,272.6968078613281,10684.650390625,26367.29296875,1297.0999755859375,66.87,7.917,7.928,2.9749999046325684,2.812999963760376,-81.4,712.31,111.3165,107.937466958689,-18.43449,6.45,4.0,8.932909325248062,2632.0,5968.0
2018-06-07,279.4206237792969,10768.349609375,26517.4921875,1298.699951171875,67.2,7.993,8.011,2.933000087738037,2.7769999504089355,-968.18,1480.82,111.3165,107.937466958689,-18.43449,6.45,4.0,8.932909325248062,2632.0,5968.0
2018-06-08,276.8751525878906,10767.650390625,26451.04296875,1298.0999755859375,67.56,7.947,7.977,2.937000036239624,2.7750000953674316,248.7,218.64,111.3165,107.937466958689,-18.43449,6.45,4.0,8.932909325248062,2632.0,5968.0
2018-06-11,275.09820556640625,10786.9501953125,26453.244140625,1298.9000244140625,67.46,7.963,7.992,2.9570000171661377,2.802000045776367,-499.71,118.69,111.3165,107.937466958689,-18.43449,6.45,4.0,8.932909325248062,2632.0,5968.0
2018-06-12,276.0586853027344,10842.849609375,26606.791015625,1295.0999755859375,67.48,7.966,8.012,2.9570000171661377,2.808000087738037,72.47,-389.78,111.3165,107.937466958689,-18.43449,6.45,4.0,8.932909325248062,2632.0,5968.0
2018-06-13,279.27655029296875,10856.7001953125,26642.490234375,1296.9000244140625,67.6,7.93,7.941,2.9769999980926514,2.8399999141693115,-70.77,486.78,111.3165,107.937466958689,-18.43449,6.45,4.0,8.932909325248062,2632.0,5968.0
2018-06-14,273.5132751464844,10808.0498046875,26561.94140625,1304.0,67.62,7.945,7.966,2.946000099182129,2.815999984741211,-1372.84,576.19,111.3165,107.937466958689,-18.43449,6.45,4.0,8.932909325248062,2632.0,5968.0
2018-06-15,271.35211181640625,10817.7001953125,26417.09375,1274.5999755859375,68.06,7.889,7.913,2.924000024795532,2.799000024795532,-1524.74,561.01,111.3165,107.937466958689,-18.43449,6.45,4.0,8.932909325248062,2632.0,5968.0
2018-06-18,281.4377746582031,10799.849609375,26408.994140625,1276.199951171875,68.1,7.877,7.928,2.9260001182556152,2.799000024795532,-754.43,824.1,111.3165,107.937466958689,-18.43449,6.45,4.0,8.932909325248062,2632.0,5968.0
2018-06-19,281.24554443359375,10710.4501953125,26265.4453125,1275.5999755859375,68.3,7.863,7.909,2.8929998874664307,2.7669999599456787,-1324.92,653.68,111.3165,107.937466958689,-18.43449,6.45,4.0,8.932909325248062,2632.0,5968.0
2018-06-20,281.6298522949219,10772.0498046875,26557.390625,1271.199951171875,68.06,7.827,7.876,2.927999973297119,2.7960000038146973,-2442.61,1473.65,111.3165,107.937466958689,-18.43449,6.45,4.0,8.932909325248062,2632.0,5968.0
2018-06-21,286.1924133300781,10741.099609375,26496.640625,1267.199951171875,67.94,7.772,7.792,2.8970000743865967,2.7669999599456787,1126.75,663.57,111.3165,107.937466958689,-18.43449,6.45,4.0,8.932909325248062,2632.0,5968.0
2018-06-22,288.7858581542969,10821.849609375,26766.5390625,1267.4000244140625,67.88,7.819,7.848,2.9000000953674316,2.7739999294281006,-1343.44,1105.76,111.3165,107.937466958689,-18.43449,6.45,4.0,8.932909325248062,2632.0,5968.0
2018-06-25,278.2679748535156,10762.4501953125,26609.390625,1265.5999755859375,68.09,7.824,7.857,2.875,2.743000030517578,198.68,-86.22,111.3165,107.937466958689,-18.43449,6.45,4.0,8.932909325248062,2632.0,5968.0
2018-06-26,276.7311096191406,10769.150390625,26601.390625,1256.5999755859375,68.31,7.829,7.854,2.880000114440918,2.747999906539917,-538.4,238.05,111.3165,107.937466958689,-18.43449,6.45,4.0,8.932909325248062,2632.0,5968.0
2018-06-27,268.0382080078125,10671.400390625,26423.09375,1252.800048828125,68.63,7.871,7.893,2.8269999027252197,2.697000026702881,67.44,84.31,111.3165,107.937466958689,-18.43449,6.45,4.0,8.932909325248062,2632.0,5968.0
2018-06-28,260.69012451171875,10589.099609375,26324.29296875,1247.800048828125,68.81,7.935,7.979,2.8469998836517334,2.7260000705718994,-951.51,442.64,111.3165,107.937466958689,-18.43449,6.45,4.0,8.932909325248062,2632.0,5968.0
2018-06-29,264.5321960449219,10714.2998046875,26363.892578125,1251.300048828125,68.46,7.903,7.945,2.8489999771118164,2.7309999465942383,-157.15,2262.83,111.3165,107.937466958689,-18.43449,6.45,4.0,8.932909325248062,2632.0,5968.0
2018-07-02,266.45330810546875,10657.2998046875,26229.99609375,1239.800048828125,68.78,7.912,8.017,2.865999937057495,2.753000020980835,-1022.5,461.19,111.3165,107.937466958689,-18.43449,6.45,4.0,8.932909325248062,2632.0,5968.0
2018-07-03,262.13092041015625,10699.900390625,26203.794921875,1251.5999755859375,68.58,7.883,8.012,2.8380000591278076,2.7300000190734863,-719.78,409.34,111.3165,107.937466958689,-18.43449,6.45,4.0,8.932909325248062,2632.0,5968.0
2018-07-04,262.4670715332031,10769.900390625,26433.642578125,1251.5999755859375,68.58,7.852,8.013,2.8380000591278076,2.7300000190734863,-719.78,409.34,111.3165,107.937466958689,-18.43449,6.45,4.0,8.932909325248062,2632.0,5968.0
2018-07-05,260.83416748046875,10749.75,26502.9921875,1257.300048828125,68.89,7.897,8.049,2.8399999141693115,2.740999937057495,-635.24,1037.23,111.3165,107.937466958689,-18.43449,6.45,4.0,8.932909325248062,2632.0,5968.0
2018-07-06,259.3933410644531,10772.650390625,26493.541015625,1254.300048828125,68.8,7.87,8.04,2.8310000896453857,2.7230000495910645,-525.4,1197.89,111.3165,107.937466958689,-18.43449,6.45,4.0,8.932909325248062,2632.0,5968.0
2018-07-09,260.49798583984375,10852.900390625,26752.990234375,1258.0999755859375,68.66,7.89,8.043,2.859999895095825,2.752000093460083,37.56,942.45,111.3165,107.937466958689,-18.43449,6.45,4.0,8.932909325248062,2632.0,5968.0
2018-07-10,262.6111755371094,10947.25,26894.23828125,1253.800048828125,68.76,7.9,8.041,2.872999906539917,2.7720000743865967,37.56,942.45,111.3165,107.937466958689,-18.43449,6.45,4.0,8.932909325248062,2632.0,5968.0
2018-07-11,258.1446838378906,10948.2998046875,26815.88671875,1242.800048828125,68.7,7.872,8.015,2.8420000076293945,2.740000009536743,31.02,27.11,111.3165,107.937466958689,-18.43449,6.45,4.0,8.932909325248062,2632.0,5968.0
2018-07-12,261.5545959472656,11023.2001953125,27026.236328125,1245.0,68.52,7.78,7.926,2.8529999256134033,2.755000114440918,-817.4,242.56,111.3165,107.937466958689,-18.43449,6.45,4.0,8.932909325248062,2632.0,5968.0
2018-07-13,257.18414306640625,11018.900390625,26935.63671875,1239.5999755859375,68.44,7.791,7.95,2.8310000896453857,2.7269999980926514,-1104.65,872.0,111.3165,107.937466958689,-18.43449,6.45,4.0,8.932909325248062,2632.0,5968.0
2018-07-16,249.01956176757812,10936.849609375,26679.490234375,1238.0999755859375,68.6,7.8,7.966,2.8580000400543213,2.753999948501587,-625.68,-70.3,111.3165,107.937466958689,-18.43449,6.45,4.0,8.932909325248062,2632.0,5968.0
2018-07-17,255.9354553222656,11008.0498046875,27007.78515625,1225.699951171875,68.42,7.746,7.909,2.864000082015991,2.763000011444092,-673.99,840.06,111.3165,107.937466958689,-18.43449,6.45,4.0,8.932909325248062,2632.0,5968.0
2018-07-18,252.33343505859375,10980.4501953125,26880.587890625,1226.300048828125,68.62,7.752,7.91,2.875,2.7679998874664307,95.68,111.01,111.3165,107.937466958689,-18.43449,6.45,4.0,8.932909325248062,2632.0,5968.0
2018-07-19,250.8926239013672,10957.099609375,26789.33984375,1222.4000244140625,69.01,7.785,7.938,2.8469998836517334,2.740000009536743,-315.69,470.02,111.3165,107.937466958689,-18.43449,6.45,4.0,8.932909325248062,2632.0,5968.0
2018-07-20,255.31105041503903,11010.2001953125,26872.88671875,1229.5,68.74,7.785,7.934,2.8949999809265137,2.7679998874664307,310.27,-50.73,111.3165,107.937466958689,-18.43449,6.45,4.0,8.932909325248062,2632.0,5968.0
2018-07-23,264.6763610839844,11084.75,27007.8359375,1224.0,68.84,7.81,7.958,2.9649999141693115,2.828000068664551,259.37,124.82,111.3165,107.937466958689,-18.43449,6.45,4.0,8.932909325248062,2632.0,5968.0
2018-07-24,263.523681640625,11134.2998046875,26974.0859375,1223.9000244140625,68.94,7.784,7.93,2.9489998817443848,2.818000078201294,104.34,513.78,111.3165,107.937466958689,-18.43449,6.45,4.0,8.932909325248062,2632.0,5968.0
2018-07-25,263.81182861328125,11132.0,27030.986328125,1231.4000244140625,68.72,7.785,7.943,2.936000108718872,2.813999891281128,-1195.75,97.64,111.3165,107.937466958689,-18.43449,6.45,4.0,8.932909325248062,2632.0,5968.0
2018-07-26,274.3777770996094,11167.2998046875,27406.08203125,1225.300048828125,68.66,7.759,7.905,2.9749999046325684,2.8580000400543213,2453.57,-2716.04,111.3165,107.937466958689,-18.43449,6.45,4.0,8.932909325248062,2632.0,5968.0
2018-07-27,281.6298522949219,11278.349609375,27634.080078125,1222.5999755859375,68.6,7.78,7.921,2.9600000381469727,2.8459999561309814,738.05,406.12,111.3165,107.937466958689,-18.43449,6.45,4.0,8.932909325248062,2632.0,5968.0
2018-07-30,295.2214660644531,11319.5498046875,27842.275390625,1221.300048828125,68.6,7.79,7.926,2.9749999046325684,2.8499999046325684,-234.04,48.58,111.3165,107.937466958689,-18.43449,6.45,4.0,8.932909325248062,2632.0,5968.0
2018-07-31,292.2438049316406,11356.5,27763.828125,1223.699951171875,68.54,7.772,7.898,2.9639999866485596,2.8480000495910645,572.21,-290.87,111.3165,107.937466958689,-18.43449,6.45,4.0,8.932909325248062,2632.0,5968.0
2018-08-01,287.4891052246094,11346.2001953125,27596.279296875,1217.9000244140625,68.37,7.701,7.807,3.003000020980835,2.875,692.83,-206.3,115.1419,108.843742919719,-16.6609,6.75,4.0,8.932909325248062,2632.0,5968.0
2018-08-02,286.7687072753906,11244.7001953125,27355.630859375,1210.5999755859375,68.63,7.721,7.817,2.986000061035156,2.8529999256134033,-2297.09,2373.59,115.1419,108.843742919719,-16.6609,6.75,4.0,8.932909325248062,2632.0,5968.0
2018-08-03,292.9642028808594,11360.7998046875,27695.177734375,1214.199951171875,68.54,7.763,7.847,2.953000068664551,2.815999984741211,-364.8,675.26,115.1419,108.843742919719,-16.6609,6.75,4.0,8.932909325248062,2632.0,5968.0
2018-08-06,302.6656494140625,11387.099609375,27898.17578125,1208.5999755859375,68.82,7.768,7.852,2.937999963760376,2.805999994277954,-222.5,459.44,115.1419,108.843742919719,-16.6609,6.75,4.0,8.932909325248062,2632.0,5968.0
2018-08-07,300.7926025390625,11389.4501953125,27875.576171875,1209.5999755859375,68.62,7.786,7.866,2.9730000495910645,2.8410000801086426,-222.5,459.44,115.1419,108.843742919719,-16.6609,6.75,4.0,8.932909325248062,2632.0,5968.0
2018-08-08,306.1235656738281,11450.0,28062.123046875,1212.5999755859375,68.65,7.782,7.85,2.9709999561309814,2.8380000591278076,568.63,30.25,115.1419,108.843742919719,-16.6609,6.75,4.0,8.932909325248062,2632.0,5968.0
2018-08-09,319.8592224121094,11470.7001953125,28319.669921875,1211.9000244140625,68.74,7.745,7.814,2.934999942779541,2.812999963760376,568.63,30.25,115.1419,108.843742919719,-16.6609,6.75,4.0,8.932909325248062,2632.0,5968.0
2018-08-10,315.6329040527344,11429.5,28123.923828125,1211.0999755859375,68.88,7.754,7.804,2.8570001125335693,2.7300000190734863,-1805.07,1973.97,115.1419,108.843742919719,-16.6609,6.75,4.0,8.932909325248062,2632.0,5968.0
2018-08-13,312.0788879394531,11355.75,27794.078125,1191.300048828125,70.02,7.823,7.862,2.877000093460083,2.746999979019165,-971.86,216.29,115.1419,108.843742919719,-16.6609,6.75,4.0,8.932909325248062,2632.0,5968.0
2018-08-14,319.3309631347656,11435.099609375,28021.373046875,1193.0,69.95,7.818,7.86,2.8949999809265137,2.7669999599456787,-378.84,391.47,115.1419,108.843742919719,-16.6609,6.75,4.0,8.932909325248062,2632.0,5968.0
2018-08-15,319.3309631347656,11435.099609375,28021.373046875,1177.5,69.92,7.818,7.86,2.8519999980926514,2.7239999771118164,-378.84,391.47,115.1419,108.843742919719,-16.6609,6.75,4.0,8.932909325248062,2632.0,5968.0
2018-08-16,321.10797119140625,11385.0498046875,27826.2265625,1176.199951171875,70.19,7.861,7.922,2.871000051498413,2.747999906539917,-825.08,133.78,115.1419,108.843742919719,-16.6609,6.75,4.0,8.932909325248062,2632.0,5968.0
2018-08-17,326.5830383300781,11470.75,28128.224609375,1176.5,70.09,7.861,7.922,2.872999906539917,2.752000093460083,147.31,151.89,115.1419,108.843742919719,-16.6609,6.75,4.0,8.932909325248062,2632.0,5968.0
2018-08-20,325.0942077636719,11551.75,28273.921875,1186.800048828125,69.84,7.838,7.906,2.822999954223633,2.7019999027252197,-483.04,593.22,115.1419,108.843742919719,-16.6609,6.75,4.0,8.932909325248062,2632.0,5968.0
2018-08-21,325.4784240722656,11570.900390625,28257.572265625,1192.5999755859375,69.85,7.827,7.894,2.8440001010894775,2.7260000705718994,254.25,197.87,115.1419,108.843742919719,-16.6609,6.75,4.0,8.932909325248062,2632.0,5968.0
2018-08-22,325.4784240722656,11570.900390625,28257.572265625,1196.300048828125,69.85,7.827,7.894,2.822999954223633,2.7060000896453857,254.25,197.87,115.1419,108.843742919719,-16.6609,6.75,4.0,8.932909325248062,2632.0,5968.0
2018-08-23,323.8935241699219,11582.75,28027.57421875,1187.0,70.09,7.879,7.939,2.821000099182129,2.7139999866485596,433.21,142.0,115.1419,108.843742919719,-16.6609,6.75,4.0,8.932909325248062,2632.0,5968.0
2018-08-24,318.5387268066406,11557.099609375,27834.375,1206.300048828125,69.96,7.871,7.938,2.825999975204468,2.7239999771118164,-75.78,904.75,115.1419,108.843742919719,-16.6609,6.75,4.0,8.932909325248062,2632.0,5968.0
2018-08-27,327.9458312988281,11691.9501953125,28263.87109375,1209.0,70.16,7.894,7.948,2.8480000495910645,2.744999885559082,252.52,1117.24,115.1419,108.843742919719,-16.6609,6.75,4.0,8.932909325248062,2632.0,5968.0
2018-08-28,326.9809875488281,11738.5,28269.322265625,1207.4000244140625,70.09,7.895,7.959,2.884000062942505,2.7739999294281006,-161.05,-199.28,115.1419,108.843742919719,-16.6609,6.75,4.0,8.932909325248062,2632.0,5968.0
2018-08-29,328.66943359375,11691.900390625,28223.771484375,1204.5,70.53,7.918,7.97,2.884000062942505,2.7799999713897705,-1415.87,1114.36,115.1419,108.843742919719,-16.6609,6.75,4.0,8.932909325248062,2632.0,5968.0
2018-08-30,332.23931884765625,11676.7998046875,28102.923828125,1197.699951171875,70.74,7.93,7.978,2.859999895095825,2.755000114440918,958.01,-1598.67,115.1419,108.843742919719,-16.6609,6.75,4.0,8.932909325248062,2632.0,5968.0
2018-08-31,330.5509033203125,11680.5,28061.423828125,1200.300048828125,71.0,7.951,8.009,2.8529999256134033,2.734999895095825,-212.81,171.92,115.1419,108.843742919719,-16.6609,6.75,4.0,8.932909325248062,2632.0,5968.0
2018-09-03,322.3980712890625,11582.349609375,27819.17578125,1200.300048828125,71.0,7.999,8.041,2.8529999256134033,2.734999895095825,550.36,-65.0,115.1419,108.843742919719,-16.6609,6.75,4.0,8.932909325248062,2632.0,5968.0
2018-09-04,316.94677734375,11520.2998046875,27430.431640625,1192.699951171875,71.58,8.062,8.111,2.9019999504089355,2.7750000953674316,-1300.93,359.35,115.1419,108.843742919719,-16.6609,6.75,4.0,8.932909325248062,2632.0,5968.0
2018-09-05,318.0563049316406,11476.9501953125,27375.732421875,1194.9000244140625,71.75,8.049,8.112,2.9019999504089355,2.7699999809265137,-704.03,664.92,115.1419,108.843742919719,-16.6609,6.75,4.0,8.932909325248062,2632.0,5968.0
2018-09-06,317.0914611816406,11536.900390625,27468.380859375,1197.9000244140625,71.94,8.056,8.123,2.878999948501587,2.747999906539917,-704.03,664.92,115.1419,108.843742919719,-16.6609,6.75,4.0,8.932909325248062,2632.0,5968.0
2018-09-07,323.31463623046875,11589.099609375,27481.12890625,1193.5999755859375,71.78,8.031,8.095,2.941999912261963,2.822999954223633,-569.91,740.39,115.1419,108.843742919719,-16.6609,6.75,4.0,8.932909325248062,2632.0,5968.0
2018-09-10,321.1919860839844,11438.099609375,27201.43359375,1193.0,72.45,8.158,8.176,2.937000036239624,2.828000068664551,-1242.46,1526.0,115.1419,108.843742919719,-16.6609,6.75,4.0,8.932909325248062,2632.0,5968.0
2018-09-11,315.0653076171875,11287.5,26807.1875,1195.4000244140625,72.69,8.182,8.223,2.9769999980926514,2.86899995803833,614.14,-337.28,115.1419,108.843742919719,-16.6609,6.75,4.0,8.932909325248062,2632.0,5968.0
2018-09-12,311.543701171875,11369.900390625,26818.88671875,1204.699951171875,72.15,8.134,8.191,2.9630000591278076,2.859999895095825,614.14,-337.28,115.1419,108.843742919719,-16.6609,6.75,4.0,8.932909325248062,2632.0,5968.0
2018-09-13,311.543701171875,11369.900390625,26818.88671875,1202.0,72.02,8.134,8.191,2.9630000591278076,2.865999937057495,614.14,-337.28,115.1419,108.843742919719,-16.6609,6.75,4.0,8.932909325248062,2632.0,5968.0
2018-09-14,316.8020324707031,11515.2001953125,27163.533203125,1195.0,71.87,8.127,8.193,2.99399995803833,2.8980000019073486,1090.56,115.14,115.1419,108.843742919719,-16.6609,6.75,4.0,8.932909325248062,2632.0,5968.0
2018-09-17,314.2452392578125,11377.75,26819.98828125,1199.699951171875,72.51,8.098,8.152,3.000999927520752,2.9019999504089355,-106.54,-180.36,115.1419,108.843742919719,-16.6609,6.75,4.0,8.932909325248062,2632.0,5968.0
2018-09-18,307.6361389160156,11278.900390625,26441.142578125,1196.800048828125,72.98,8.14,8.167,3.0480000972747803,2.936000108718872,-1143.73,264.66,115.1419,108.843742919719,-16.6609,6.75,4.0,8.932909325248062,2632.0,5968.0
2018-09-19,309.662353515625,11234.349609375,26277.044921875,1202.199951171875,72.35,8.074,8.092,3.0829999446868896,2.9600000381469727,-2184.55,1201.3,115.1419,108.843742919719,-16.6609,6.75,4.0,8.932909325248062,2632.0,5968.0
2018-09-20,309.662353515625,11234.349609375,26277.044921875,1206.199951171875,72.01,8.074,8.092,3.078000068664551,2.961999893188477,-2184.55,1201.3,115.1419,108.843742919719,-16.6609,6.75,4.0,8.932909325248062,2632.0,5968.0
2018-09-21,305.94769287109375,11143.099609375,25596.603515625,1196.199951171875,72.18,8.076,8.115,3.068000078201294,2.9539999961853027,760.7,497.03,115.1419,108.843742919719,-16.6609,6.75,4.0,8.932909325248062,2632.0,5968.0
2018-09-24,297.891357421875,10967.400390625,24970.05859375,1199.300048828125,72.66,8.122,8.164,3.078000068664551,2.9590001106262207,-523.94,1527.67,115.1419,108.843742919719,-16.6609,6.75,4.0,8.932909325248062,2632.0,5968.0
2018-09-25,300.15869140625,11067.4501953125,25330.0546875,1200.0,72.68,8.125,8.173,3.1019999980926514,2.9830000400543213,-1231.7,2284.26,115.1419,108.843742919719,-16.6609,6.75,4.0,8.932909325248062,2632.0,5968.0
2018-09-26,302.0883483886719,11053.7998046875,25376.005859375,1194.0,72.59,8.072,8.13,3.061000108718872,2.9579999446868896,-809.95,1555.44,115.1419,108.843742919719,-16.6609,6.75,4.0,8.932909325248062,2632.0,5968.0
2018-09-27,295.8652038574219,10977.5498046875,25041.859375,1182.300048828125,72.55,8.027,8.081,3.055999994277954,2.9600000381469727,552.44,-186.69,115.1419,108.843742919719,-16.6609,6.75,4.0,8.932909325248062,2632.0,5968.0
2018-09-28,294.80389404296875,10930.4501953125,25119.55859375,1191.5,72.54,8.024,8.072,3.055999994277954,2.947999954223633,-1699.94,3256.34,115.1419,108.843742919719,-16.6609,6.75,4.0,8.932909325248062,2632.0,5968.0
2018-10-01,302.9566955566406,11008.2998046875,25366.705078125,1187.0999755859375,72.92,7.988,8.037,3.0799999237060547,2.9600000381469727,-572.26,600.24,115.5244,110.565667245676,-15.45757,6.75,4.0,6.233478107733514,1650.0,6043.0
2018-10-02,302.9566955566406,11008.2998046875,25366.705078125,1202.4000244140625,72.91,7.988,8.037,3.055999994277954,2.944000005722046,-572.26,600.24,115.5244,110.565667245676,-15.45757,6.75,4.0,6.233478107733514,1650.0,6043.0
2018-10-03,293.0190124511719,10858.25,25069.609375,1198.300048828125,73.34,8.112,8.155,3.1610000133514404,3.0239999294281006,-572.26,600.24,115.5244,110.565667245676,-15.45757,6.75,4.0,6.233478107733514,1650.0,6043.0
2018-10-04,305.3687744140625,10599.25,24819.01171875,1197.199951171875,73.62,8.158,8.15,3.197000026702881,3.053999900817871,-684.99,653.65,115.5244,110.565667245676,-15.45757,6.75,4.0,6.233478107733514,1650.0,6043.0
2018-10-05,296.4923400878906,10316.4501953125,24443.166015625,1201.199951171875,73.76,8.024,7.985,3.2249999046325684,3.071000099182129,-364.88,900.69,115.5244,110.565667245676,-15.45757,6.75,4.0,6.233478107733514,1650.0,6043.0
2018-10-08,299.9175109863281,10348.0498046875,24618.0625,1184.4000244140625,73.76,7.974,7.948,3.2330000400543213,3.072999954223633,-510.66,457.83,115.5244,110.565667245676,-15.45757,6.75,4.0,6.233478107733514,1650.0,6043.0
2018-10-09,295.4792785644531,10301.0498046875,24527.365234375,1187.199951171875,74.33,8.076,8.04,3.2079999446868896,3.056999921798706,-841.68,-289.66,115.5244,110.565667245676,-15.45757,6.75,4.0,6.233478107733514,1650.0,6043.0
2018-10-10,308.6009826660156,10460.099609375,25321.404296875,1189.300048828125,74.25,8.031,8.014,3.2249999046325684,3.059000015258789,-1096.05,1892.94,115.5244,110.565667245676,-15.45757,6.75,4.0,6.233478107733514,1650.0,6043.0
2018-10-11,300.7376403808594,10234.650390625,24783.662109375,1223.5,74.04,7.986,7.96,3.132999897003174,2.989000082015991,-1096.05,1892.94,115.5244,110.565667245676,-15.45757,6.75,4.0,6.233478107733514,1650.0,6043.0
2018-10-12,308.1667785644531,10472.5,25395.5546875,1218.0999755859375,73.6,7.984,7.974,3.1410000324249268,2.99399995803833,116.22,-145.8,115.5244,110.565667245676,-15.45757,6.75,4.0,6.233478107733514,1650.0,6043.0
2018-10-15,302.3295593261719,10512.5,25387.755859375,1226.4000244140625,73.76,7.921,7.888,3.163000106811523,3.0179998874664307,67.86,294.78,115.5244,110.565667245676,-15.45757,6.75,4.0,6.233478107733514,1650.0,6043.0
2018-10-16,309.3728332519531,10584.75,25589.353515625,1227.300048828125,73.46,7.872,7.861,3.1559998989105225,3.0169999599456787,-1165.63,1059.44,115.5244,110.565667245676,-15.45757,6.75,4.0,6.233478107733514,1650.0,6043.0
2018-10-17,303.7285461425781,10453.0498046875,25188.306640625,1223.699951171875,73.52,7.909,7.899,3.178999900817871,3.0409998893737793,140.02,-343.11,115.5244,110.565667245676,-15.45757,6.75,4.0,6.233478107733514,1650.0,6043.0
2018-10-18,303.7285461425781,10453.0498046875,25188.306640625,1226.5,73.52,7.909,7.899,3.174999952316284,3.0239999294281006,140.02,-343.11,115.5244,110.565667245676,-15.45757,6.75,4.0,6.233478107733514,1650.0,6043.0
2018-10-19,304.355712890625,10303.5498046875,25085.509765625,1225.300048828125,73.37,7.921,7.908,3.197999954223633,3.052000045776367,-618.26,-2.14,115.5244,110.565667245676,-15.45757,6.75,4.0,6.233478107733514,1650.0,6043.0
2018-10-22,315.59600830078125,10245.25,25078.30859375,1221.199951171875,73.56,7.93,7.908,3.196000099182129,3.0480000972747803,-511.91,303.21,115.5244,110.565667245676,-15.45757,6.75,4.0,6.233478107733514,1650.0,6043.0
2018-10-23,311.4954528808594,10146.7998046875,24972.158203125,1233.4000244140625,73.54,7.894,7.886,3.1659998893737793,3.009000062942505,-340.35,116.41,115.5244,110.565667245676,-15.45757,6.75,4.0,6.233478107733514,1650.0,6043.0
2018-10-24,310.6754150390625,10224.75,25063.908203125,1227.800048828125,73.18,7.872,7.865,3.124000072479248,2.9639999866485596,-2046.54,1873.51,115.5244,110.565667245676,-15.45757,6.75,4.0,6.233478107733514,1650.0,6043.0
2018-10-25,308.6974792480469,10124.900390625,24817.16015625,1229.0999755859375,73.21,7.867,7.838,3.135999917984009,2.9800000190734863,-1495.71,339.6,115.5244,110.565667245676,-15.45757,6.75,4.0,6.233478107733514,1650.0,6043.0
2018-10-26,304.5486755371094,10030.0,24420.767578125,1232.5,73.46,7.877,7.855,3.0769999027252197,2.9070000648498535,-1356.66,1875.89,115.5244,110.565667245676,-15.45757,6.75,4.0,6.233478107733514,1650.0,6043.0
2018-10-29,337.1117248535156,10250.849609375,24959.408203125,1224.5,73.42,7.81,7.789,3.086999893188477,2.9189999103546143,-2230.79,2526.9,115.5244,110.565667245676,-15.45757,6.75,4.0,6.233478107733514,1650.0,6043.0
2018-10-30,333.5418701171875,10198.400390625,24807.4609375,1222.5999755859375,73.62,7.834,7.8,3.109999895095825,2.938999891281128,-1592.02,1363.04,115.5244,110.565667245676,-15.45757,6.75,4.0,6.233478107733514,1650.0,6043.0
2018-10-31,342.5147705078125,10386.599609375,25152.95703125,1212.300048828125,73.95,7.853,7.825,3.1589999198913574,2.986999988555908,-193.65,1124.92,115.5244,110.565667245676,-15.45757,6.75,4.0,6.233478107733514,1650.0,6043.0
2018-11-01,341.260498046875,10380.4501953125,25323.35546875,1236.0,73.45,7.823,7.772,3.1440000534057617,2.9679999351501465,-623.63,770.02,115.5244,110.203156861264,-15.71273,6.75,4.0,6.233478107733514,1650.0,6043.0
2018-11-02,341.9841003417969,10553.0,25701.3515625,1230.9000244140625,72.44,7.781,7.811,3.2139999866485596,3.038000106811523,-623.63,770.02,115.5244,110.203156861264,-15.71273,6.75,4.0,6.233478107733514,1650.0,6043.0
2018-11-05,337.3529357910156,10524.0,25731.900390625,1229.800048828125,73.08,7.808,7.785,3.200999975204468,3.0260000228881836,-325.44,1163.35,115.5244,110.203156861264,-15.71273,6.75,4.0,6.233478107733514,1650.0,6043.0
2018-11-06,340.6816101074219,10530.0,25597.703125,1223.800048828125,72.95,7.796,7.689,3.2139999866485596,3.049999952316284,-1156.77,1062.82,115.5244,110.203156861264,-15.71273,6.75,4.0,6.233478107733514,1650.0,6043.0
2018-11-07,343.3830871582031,10598.400390625,25769.400390625,1226.199951171875,72.44,7.796,7.689,3.2130000591278076,3.061000108718872,636.27,15.33,115.5244,110.203156861264,-15.71273,6.75,4.0,6.233478107733514,1650.0,6043.0
2018-11-08,343.3830871582031,10598.400390625,25769.400390625,1222.9000244140625,72.37,7.796,7.689,3.2339999675750732,3.0899999141693115,636.27,15.33,115.5244,110.203156861264,-15.71273,6.75,4.0,6.233478107733514,1650.0,6043.0
2018-11-09,344.2997131347656,10585.2001953125,25770.701171875,1206.4000244140625,72.48,7.765,7.662,3.188999891281128,3.0439999103546143,-1454.36,749.62,115.5244,110.203156861264,-15.71273,6.75,4.0,6.233478107733514,1650.0,6043.0
2018-11-12,339.95794677734375,10482.2001953125,25539.453125,1201.300048828125,72.48,7.804,7.711,3.186000108718872,3.0390000343322754,-2421.06,2255.68,115.5244,110.203156861264,-15.71273,6.75,4.0,6.233478107733514,1650.0,6043.0
2018-11-13,348.2072448730469,10582.5,25768.30078125,1199.199951171875,72.61,7.762,7.628,3.1449999809265137,2.986999988555908,-494.95,335.78,115.5244,110.203156861264,-15.71273,6.75,4.0,6.233478107733514,1650.0,6043.0
2018-11-14,353.706787109375,10576.2998046875,25929.849609375,1207.9000244140625,72.3,7.733,7.59,3.119999885559082,2.9519999027252197,277.38,-272.24,115.5244,110.203156861264,-15.71273,6.75,4.0,6.233478107733514,1650.0,6043.0
2018-11-15,356.9872131347656,10616.7001953125,26154.4453125,1212.800048828125,71.97,7.756,7.578,3.118000030517578,2.944999933242798,2043.06,-165.31,115.5244,110.203156861264,-15.71273,6.75,4.0,6.233478107733514,1650.0,6043.0
2018-11-16,354.62335205078125,10682.2001953125,26245.24609375,1220.800048828125,71.98,7.815,7.69,3.0739998817443848,2.8940000534057617,844.82,-372.24,115.5244,110.203156861264,-15.71273,6.75,4.0,6.233478107733514,1650.0,6043.0
2018-11-19,349.6545104980469,10763.400390625,26300.392578125,1223.0999755859375,71.6,7.791,7.656,3.056999921798706,2.865999937057495,1103.36,-310.26,115.5244,110.203156861264,-15.71273,6.75,4.0,6.233478107733514,1650.0,6043.0
2018-11-20,345.3127746582031,10656.2001953125,26113.046875,1219.0,71.49,7.792,7.643,3.0480000972747803,2.869999885559082,-753.17,-44.06,115.5244,110.203156861264,-15.71273,6.75,4.0,6.233478107733514,1650.0,6043.0
2018-11-21,344.20318603515625,10600.0498046875,26261.74609375,1225.800048828125,71.3,7.792,7.643,3.061000108718872,2.890000104904175,-1652.04,606.73,115.5244,110.203156861264,-15.71273,6.75,4.0,6.233478107733514,1650.0,6043.0
2018-11-22,339.6684875488281,10526.75,25999.146484375,1225.800048828125,71.3,7.71,7.566,3.061000108718872,2.890000104904175,446.24,49.68,115.5244,110.203156861264,-15.71273,6.75,4.0,6.233478107733514,1650.0,6043.0
2018-11-23,339.6684875488281,10526.75,25999.146484375,1221.0,70.65,7.71,7.566,3.053999900817871,2.880000114440918,446.24,49.68,115.5244,110.203156861264,-15.71273,6.75,4.0,6.233478107733514,1650.0,6043.0
2018-11-26,343.8172912597656,10628.599609375,26365.29296875,1220.199951171875,70.81,7.726,7.579,3.072000026702881,2.9000000953674316,62.74,351.78,115.5244,110.203156861264,-15.71273,6.75,4.0,6.233478107733514,1650.0,6043.0
2018-11-27,342.17706298828125,10685.599609375,26442.79296875,1211.199951171875,70.8,7.734,7.6,3.055000066757202,2.884999990463257,811.52,31.21,115.5244,110.203156861264,-15.71273,6.75,4.0,6.233478107733514,1650.0,6043.0
2018-11-28,346.37408447265625,10728.849609375,26457.642578125,1221.4000244140625,70.63,7.644,7.516,3.0439999103546143,2.8559999465942383,961.26,-330.29,115.5244,110.203156861264,-15.71273,6.75,4.0,6.233478107733514,1650.0,6043.0
2018-11-29,349.4615783691406,10858.7001953125,26939.287109375,1224.0999755859375,69.79,7.608,7.516,3.0350000858306885,2.8550000190734863,823.47,973.31,115.5244,110.203156861264,-15.71273,6.75,4.0,6.233478107733514,1650.0,6043.0
2018-11-30,342.65948486328125,10876.75,26862.63671875,1220.199951171875,69.62,7.607,7.516,3.013000011444092,2.8450000286102295,-332.62,1489.65,115.5244,110.203156861264,-15.71273,6.75,4.0,6.233478107733514,1650.0,6043.0
2018-12-03,342.9972229003906,10883.75,26857.23828125,1233.9000244140625,70.4,7.626,7.521,2.992000102996826,2.8389999866485596,374.65,-464.59,115.5244,110.203156861264,-15.71273,6.75,4.0,6.233478107733514,1650.0,6043.0
2018-12-04,345.3610534667969,10869.5,26693.490234375,1241.0999755859375,70.52,7.574,7.558,2.924000024795532,2.799000024795532,368.9,-615.81,115.5244,110.203156861264,-15.71273,6.75,4.0,6.233478107733514,1650.0,6043.0
2018-12-05,339.0413818359375,10782.900390625,26519.291015625,1241.0999755859375,70.52,7.44,7.389,2.924000024795532,2.799000024795532,368.9,-615.81,115.5244,110.203156861264,-15.71273,6.75,4.0,6.233478107733514,1650.0,6043.0
2018-12-06,335.4232177734375,10601.150390625,26197.99609375,1238.0999755859375,70.84,7.423,7.365,2.875999927520752,2.747999906539917,-1168.88,1327.45,115.5244,110.203156861264,-15.71273,6.75,4.0,6.233478107733514,1650.0,6043.0
2018-12-07,339.8132629394531,10693.7001953125,26593.9921875,1246.800048828125,70.85,7.464,7.389,2.8499999046325684,2.696000099182129,-742.63,366.4,115.5244,110.203156861264,-15.71273,6.75,4.0,6.233478107733514,1650.0,6043.0
2018-12-10,334.16900634765625,10488.4501953125,26102.34765625,1243.699951171875,72.436,7.587,7.614,2.8559999465942383,2.7090001106262207,-1322.13,1287.29,115.5244,110.203156861264,-15.71273,6.75,4.0,6.233478107733514,1650.0,6043.0
2018-12-11,330.7438049316406,10549.150390625,26163.095703125,1241.9000244140625,72.27,7.528,7.461,2.878999948501587,2.744999885559082,832.15,-1073.84,115.5244,110.203156861264,-15.71273,6.75,4.0,6.233478107733514,1650.0,6043.0
2018-12-12,337.64239501953125,10737.599609375,26643.5390625,1244.4000244140625,71.79,7.411,7.365,2.9059998989105225,2.765000104904175,-1299.43,1121.29,115.5244,110.203156861264,-15.71273,6.75,4.0,6.233478107733514,1650.0,6043.0
2018-12-13,337.2564392089844,10791.5498046875,26816.037109375,1242.699951171875,71.52,7.408,7.34,2.9110000133514404,2.75600004196167,675.14,-51.86,115.5244,110.203156861264,-15.71273,6.75,4.0,6.233478107733514,1650.0,6043.0
2018-12-14,339.52374267578125,10805.4501953125,26825.6875,1237.0,71.94,7.441,7.354,2.8910000324249268,2.7290000915527344,861.94,-302.52,115.5244,110.203156861264,-15.71273,6.75,4.0,6.233478107733514,1650.0,6043.0
2018-12-17,345.8434753417969,10888.349609375,27015.486328125,1247.4000244140625,71.6,7.461,7.376,2.8570001125335693,2.693000078201294,-60.95,-76.84,115.5244,110.203156861264,-15.71273,6.75,4.0,6.233478107733514,1650.0,6043.0
2018-12-18,349.509765625,10908.7001953125,27174.3828125,1249.199951171875,70.61,7.345,7.337,2.825000047683716,2.6559998989105225,144.76,-182.6,115.5244,110.203156861264,-15.71273,6.75,4.0,6.233478107733514,1650.0,6043.0
2018-12-19,353.61029052734375,10967.2998046875,27298.083984375,1252.0999755859375,70.26,7.219,7.159,2.7780001163482666,2.627000093460083,1209.21,-481.46,115.5244,110.203156861264,-15.71273,6.75,4.0,6.233478107733514,1650.0,6043.0
2018-12-20,349.4132995605469,10951.7001953125,27274.783203125,1263.5999755859375,69.96,7.272,7.243,2.7890000343322754,2.6530001163482666,-386.44,87.96,115.5244,110.203156861264,-15.71273,6.75,4.0,6.233478107733514,1650.0,6043.0
2018-12-21,341.742919921875,10754.0,26869.337890625,1253.800048828125,70.09,7.276,7.194,2.7920000553131104,2.6419999599456787,134.14,-488.55,115.5244,110.203156861264,-15.71273,6.75,4.0,6.233478107733514,1650.0,6043.0
2018-12-24,340.3438720703125,10663.5,26714.439453125,1267.5,70.09,7.287,7.217,2.749000072479248,2.5810000896453857,-577.1,186.14,115.5244,110.203156861264,-15.71273,6.75,4.0,6.233478107733514,1650.0,6043.0
2018-12-25,340.3438720703125,10663.5,26714.439453125,1267.5,70.09,7.287,7.217,2.749000072479248,2.5810000896453857,-577.1,186.14,115.5244,110.203156861264,-15.71273,6.75,4.0,6.233478107733514,1650.0,6043.0
2018-12-26,343.3348693847656,10729.849609375,26986.486328125,1269.199951171875,70.07,7.263,7.157,2.796999931335449,2.63700008392334,80.28,-137.63,115.5244,110.203156861264,-15.71273,6.75,4.0,6.233478107733514,1650.0,6043.0
2018-12-27,343.1418762207031,10779.7998046875,26878.23828125,1277.300048828125,70.34,7.277,7.193,2.743000030517578,2.5899999141693115,1731.91,-663.0,115.5244,110.203156861264,-15.71273,6.75,4.0,6.233478107733514,1650.0,6043.0
2018-12-28,348.0625,10859.900390625,27124.935546875,1279.9000244140625,69.92,7.391,7.216,2.736000061035156,2.572999954223633,-119.6,1199.4,115.5244,110.203156861264,-15.71273,6.75,4.0,6.233478107733514,1650.0,6043.0
2018-12-31,347.483642578125,10862.5498046875,27159.8828125,1278.300048828125,69.58,7.37,7.24,2.686000108718872,2.509999990463257,-326.87,321.98,115.5244,110.203156861264,-15.71273,6.75,4.0,6.233478107733514,1650.0,6043.0
2019-01-01,350.9570617675781,10862.5498046875,27392.08203125,1278.300048828125,69.58,7.418,7.324,2.686000108718872,2.509999990463257,-48.19,142.58,117.437,108.028094554792,-15.15031,6.75,4.0,5.720942750629532,1020.0,6037.0
2019-01-02,351.7771301269531,10792.5,27174.3828125,1281.0,70.02,7.354,7.215,2.6610000133514404,2.503000020980835,1315.89,-5.07,117.437,108.028094554792,-15.15031,6.75,4.0,5.720942750629532,1020.0,6037.0
2019-01-03,350.47467041015625,10672.25,26959.537109375,1291.800048828125,70.12,7.427,7.329,2.553999900817871,2.368000030517578,198.38,117.05,117.437,108.028094554792,-15.15031,6.75,4.0,5.720942750629532,1020.0,6037.0
2019-01-04,352.3560485839844,10727.349609375,27194.68359375,1282.699951171875,69.63,7.448,7.323,2.6589999198913574,2.4820001125335693,898.79,-1032.81,117.437,108.028094554792,-15.15031,6.75,4.0,5.720942750629532,1020.0,6037.0
2019-01-07,354.76812744140625,10771.7998046875,27304.234375,1286.800048828125,69.78,7.508,7.393,2.681999921798706,2.5190000534057617,426.53,-50.99,117.437,108.028094554792,-15.15031,6.75,4.0,5.720942750629532,1020.0,6037.0
2019-01-08,366.7802429199219,10802.150390625,27509.1796875,1283.199951171875,70.11,7.454,7.291,2.7160000801086426,2.571000099182129,-1056.55,561.28,117.437,108.028094554792,-15.15031,6.75,4.0,5.720942750629532,1020.0,6037.0
2019-01-09,368.806396484375,10855.150390625,27720.078125,1289.300048828125,70.42,7.47,7.322,2.7279999256134033,2.559000015258789,-1056.55,561.28,117.437,108.028094554792,-15.15031,6.75,4.0,5.720942750629532,1020.0,6037.0
2019-01-10,366.1531066894531,10821.599609375,27528.23046875,1284.699951171875,70.43,7.476,7.329,2.7309999465942383,2.559000015258789,-1298.56,1503.02,117.437,108.028094554792,-15.15031,6.75,4.0,5.720942750629532,1020.0,6037.0
2019-01-11,365.2365112304687,10794.9501953125,27453.58203125,1287.0999755859375,70.38,7.503,7.285,2.700999975204468,2.5250000953674316,533.37,-136.5,117.437,108.028094554792,-15.15031,6.75,4.0,5.720942750629532,1020.0,6037.0
2019-01-14,360.2193908691406,10737.599609375,27247.93359375,1289.0999755859375,70.38,7.431,7.255,2.7100000381469727,2.5290000438690186,-732.46,527.49,117.437,108.028094554792,-15.15031,6.75,4.0,5.720942750629532,1020.0,6037.0
2019-01-15,359.6405029296875,10886.7998046875,27400.431640625,1286.199951171875,71.0,7.473,7.277,2.7109999656677246,2.5269999504089355,159.6,417.44,117.437,108.028094554792,-15.15031,6.75,4.0,5.720942750629532,1020.0,6037.0
2019-01-16,362.1007995605469,10890.2998046875,27483.37890625,1291.5999755859375,70.97,7.563,7.374,2.7309999465942383,2.546999931335449,-90.1,304.27,117.437,108.028094554792,-15.15031,6.75,4.0,5.720942750629532,1020.0,6037.0
2019-01-17,361.4254150390625,10905.2001953125,27528.4296875,1291.0,71.09,7.549,7.343,2.749000072479248,2.571000099182129,842.13,-727.46,117.437,108.028094554792,-15.15031,6.75,4.0,5.720942750629532,1020.0,6037.0
2019-01-18,358.9168701171875,10906.9501953125,27456.380859375,1281.300048828125,71.21,7.596,7.366,2.7839999198913574,2.618000030517578,-124.91,-0.97,117.437,108.028094554792,-15.15031,6.75,4.0,5.720942750629532,1020.0,6037.0
2019-01-21,358.62744140625,10961.849609375,27533.279296875,1281.300048828125,71.21,7.569,7.351,2.7839999198913574,2.618000030517578,-299.79,520.8,117.437,108.028094554792,-15.15031,6.75,4.0,5.720942750629532,1020.0,6037.0
2019-01-22,356.0705871582031,10922.75,27481.9296875,1282.5,71.23,7.533,7.339,2.7300000190734863,2.566999912261963,-78.53,-84.15,117.437,108.028094554792,-15.15031,6.75,4.0,5.720942750629532,1020.0,6037.0
2019-01-23,354.47869873046875,10831.5,27250.43359375,1283.0999755859375,71.21,7.577,7.348,2.755000114440918,2.5910000801086426,-775.82,583.77,117.437,108.028094554792,-15.15031,6.75,4.0,5.720942750629532,1020.0,6037.0
2019-01-24,351.9700927734375,10849.7998046875,27266.083984375,1279.0999755859375,71.02,7.557,7.324,2.711999893188477,2.546999931335449,-94.45,389.96,117.437,108.028094554792,-15.15031,6.75,4.0,5.720942750629532,1020.0,6037.0
2019-01-25,344.63739013671875,10780.5498046875,27114.986328125,1297.4000244140625,70.94,7.546,7.296,2.753000020980835,2.5889999866485596,689.28,-147.35,117.437,108.028094554792,-15.15031,6.75,4.0,5.720942750629532,1020.0,6037.0
2019-01-28,331.4674072265625,10661.5498046875,26652.740234375,1302.4000244140625,71.06,7.541,7.286,2.74399995803833,2.5810000896453857,223.44,92.32,117.437,108.028094554792,-15.15031,6.75,4.0,5.720942750629532,1020.0,6037.0
2019-01-29,334.6513977050781,10652.2001953125,26573.091796875,1308.199951171875,71.4,7.525,7.306,2.711999893188477,2.546999931335449,-354.36,81.27,117.437,108.028094554792,-15.15031,6.75,4.0,5.720942750629532,1020.0,6037.0
2019-01-30,353.0314025878906,10651.7998046875,26825.1875,1309.9000244140625,71.24,7.551,7.284,2.694999933242798,2.503000020980835,130.25,502.26,117.437,108.028094554792,-15.15031,6.75,4.0,5.720942750629532,1020.0,6037.0
2019-01-31,351.63238525390625,10830.9501953125,27295.1328125,1319.699951171875,70.94,7.483,7.222,2.634999990463257,2.440000057220459,3006.41,-1634.32,117.437,108.028094554792,-15.15031,6.75,4.0,5.720942750629532,1020.0,6037.0
2019-02-01,342.17706298828125,10893.650390625,27085.634765625,1316.9000244140625,71.41,7.61,7.377,2.690999984741211,2.507999897003174,-621.06,-226.18,117.437,108.299977343101,-12.62702,6.5625,4.0,5.720942750629532,1020.0,6037.0
2019-02-04,342.0805969238281,10912.25,27186.283203125,1314.300048828125,71.66,7.672,7.425,2.7239999771118164,2.5350000858306885,543.36,-437.7,117.437,108.299977343101,-12.62702,6.5625,4.0,5.720942750629532,1020.0,6037.0
2019-02-05,340.2474060058594,10934.349609375,27271.3828125,1314.199951171875,71.52,7.615,7.414,2.7019999027252197,2.513000011444092,597.54,-791.69,117.437,108.299977343101,-12.62702,6.5625,4.0,5.720942750629532,1020.0,6037.0
2019-02-06,346.66351318359375,11062.4501953125,27402.03125,1309.5,71.55,7.565,7.37,2.7019999027252197,2.507999897003174,597.54,-791.69,117.437,108.299977343101,-12.62702,6.5625,4.0,5.720942750629532,1020.0,6037.0
2019-02-07,346.0364074707031,11069.400390625,27386.83203125,1309.4000244140625,71.3,7.501,7.279,2.6519999504089355,2.4579999446868896,-512.0,141.09,117.437,108.299977343101,-12.62702,6.5625,4.0,5.720942750629532,1020.0,6037.0
2019-02-08,342.6112365722656,10943.599609375,27294.083984375,1313.699951171875,71.23,7.524,7.201,2.631999969482422,2.440999984741211,-2888.06,2812.66,117.437,108.299977343101,-12.62702,6.5625,4.0,5.720942750629532,1020.0,6037.0
2019-02-11,337.7388610839844,10888.7998046875,27227.484375,1307.0,71.15,7.529,7.228,2.6610000133514404,2.4749999046325684,-2888.06,2812.66,117.437,108.299977343101,-12.62702,6.5625,4.0,5.720942750629532,1020.0,6037.0
2019-02-12,332.1910705566406,10831.400390625,27010.435546875,1309.199951171875,70.56,7.534,7.217,2.684000015258789,2.492000102996826,-1731.33,753.99,117.437,108.299977343101,-12.62702,6.5625,4.0,5.720942750629532,1020.0,6037.0
2019-02-13,332.1910705566406,10831.400390625,27010.435546875,1310.800048828125,70.86,7.466,7.115,2.7079999446868896,2.5269999504089355,-676.63,713.1,117.437,108.299977343101,-12.62702,6.5625,4.0,5.720942750629532,1020.0,6037.0
2019-02-14,331.8533630371094,10746.0498046875,26970.28515625,1309.800048828125,71.18,7.521,7.092,2.6570000648498535,2.4730000495910645,-250.23,1225.24,117.437,108.299977343101,-12.62702,6.5625,4.0,5.720942750629532,1020.0,6037.0
2019-02-15,330.11669921875,10724.400390625,26793.939453125,1318.0999755859375,71.36,7.577,7.128,2.6659998893737793,2.494999885559082,-966.43,853.25,117.437,108.299977343101,-12.62702,6.5625,4.0,5.720942750629532,1020.0,6037.0
2019-02-18,326.8362731933594,10640.9501953125,26653.939453125,1318.0999755859375,71.36,7.58,7.187,2.6659998893737793,2.494999885559082,-1239.79,2336.74,117.437,108.299977343101,-12.62702,6.5625,4.0,5.720942750629532,1020.0,6037.0
2019-02-19,331.1780090332031,10604.349609375,26684.5390625,1340.0999755859375,71.31,7.58,7.187,2.6470000743865967,2.4700000286102295,-813.76,1163.85,117.437,108.299977343101,-12.62702,6.5625,4.0,5.720942750629532,1020.0,6037.0
2019-02-20,333.0594177246094,10735.4501953125,26955.1875,1343.300048828125,71.31,7.545,7.175,2.6540000438690186,2.4749999046325684,713.47,113.27,117.437,108.299977343101,-12.62702,6.5625,4.0,5.720942750629532,1020.0,6037.0
2019-02-21,338.94488525390625,10789.849609375,27052.0859375,1323.5,71.15,7.544,7.145,2.687999963760376,2.507999897003174,55.48,202.1,117.437,108.299977343101,-12.62702,6.5625,4.0,5.720942750629532,1020.0,6037.0
2019-02-22,339.6684875488281,10791.650390625,26867.23828125,1329.199951171875,71.07,7.605,7.186,2.6549999713897705,2.4679999351501465,6311.01,838.88,117.437,108.299977343101,-12.62702,6.5625,4.0,5.720942750629532,1020.0,6037.0
2019-02-25,343.09368896484375,10880.099609375,27158.93359375,1325.9000244140625,70.82,7.584,7.062,2.6730000972747803,2.486000061035156,2134.35,-1746.4,117.437,108.299977343101,-12.62702,6.5625,4.0,5.720942750629532,1020.0,6037.0
2019-02-26,335.9538879394531,10835.2998046875,26952.63671875,1325.0999755859375,71.02,7.587,7.064,2.635999917984009,2.443000078201294,1674.17,-720.27,117.437,108.299977343101,-12.62702,6.5625,4.0,5.720942750629532,1020.0,6037.0
2019-02-27,333.3970947265625,10806.650390625,26798.990234375,1317.699951171875,71.15,7.672,7.181,2.693000078201294,2.490000009536743,423.04,66.81,117.437,108.299977343101,-12.62702,6.5625,4.0,5.720942750629532,1020.0,6037.0
2019-02-28,337.8353271484375,10792.5,26789.58984375,1312.800048828125,70.83,7.591,7.09,2.7109999656677246,2.509000062942505,3210.6,-5240.62,117.437,108.299977343101,-12.62702,6.5625,4.0,5.720942750629532,1020.0,6037.0
2019-03-01,341.7911682128906,10863.5,27043.5859375,1296.4000244140625,70.9,7.556,7.048,2.755000114440918,2.555999994277954,-972.81,34.52,118.2021,108.662487727513,-14.5383,6.5,4.0,5.720942750629532,1020.0,6037.0
2019-03-04,341.7911682128906,10863.5,27043.5859375,1284.800048828125,70.91,7.556,7.048,2.7219998836517334,2.5309998989105225,-1040.48,-80.83,118.2021,108.662487727513,-14.5383,6.5,4.0,5.720942750629532,1020.0,6037.0
2019-03-05,350.47467041015625,10987.4501953125,27553.73046875,1282.0,70.55,7.556,7.048,2.7219998836517334,2.5329999923706055,-400.68,57.07,118.2021,108.662487727513,-14.5383,6.5,4.0,5.720942750629532,1020.0,6037.0
2019-03-06,358.86865234375,11053.0,27625.330078125,1284.9000244140625,70.02,7.572,7.055,2.691999912261963,2.496999979019165,3068.88,-462.69,118.2021,108.662487727513,-14.5383,6.5,4.0,5.720942750629532,1020.0,6037.0
2019-03-07,357.75909423828125,11058.2001953125,27764.27734375,1283.800048828125,70.09,7.58,7.057,2.635999917984009,2.434999942779541,-390.18,287.57,118.2021,108.662487727513,-14.5383,6.5,4.0,5.720942750629532,1020.0,6037.0
2019-03-08,357.566162109375,11035.400390625,27761.478515625,1297.0,70.0,7.532,7.032,2.625,2.424999952316284,-390.18,287.57,118.2021,108.662487727513,-14.5383,6.5,4.0,5.720942750629532,1020.0,6037.0
2019-03-11,362.6315002441406,11168.0498046875,27966.326171875,1288.800048828125,69.82,7.512,7.017,2.6429998874664307,2.440000057220459,-390.18,287.57,118.2021,108.662487727513,-14.5383,6.5,4.0,5.720942750629532,1020.0,6037.0
2019-03-12,374.5471496582031,11301.2001953125,28443.369140625,1296.300048828125,69.62,7.513,7.022,2.6050000190734863,2.4140000343322754,-1131.12,963.97,118.2021,108.662487727513,-14.5383,6.5,4.0,5.720942750629532,1020.0,6037.0
2019-03-13,378.1170043945313,11341.7001953125,28883.96484375,1307.5,69.52,7.548,7.049,2.611000061035156,2.4140000343322754,2722.28,-1508.14,118.2021,108.662487727513,-14.5383,6.5,4.0,5.720942750629532,1020.0,6037.0
2019-03-14,374.2576599121094,11343.25,28922.763671875,1293.4000244140625,69.33,7.553,6.988,2.630000114440918,2.430000066757202,1482.99,-817.77,118.2021,108.662487727513,-14.5383,6.5,4.0,5.720942750629532,1020.0,6037.0
2019-03-15,381.3973693847656,11426.849609375,29381.107421875,1301.800048828125,68.94,7.502,6.951,2.5929999351501465,2.4000000953674316,4323.49,-2130.36,118.2021,108.662487727513,-14.5383,6.5,4.0,5.720942750629532,1020.0,6037.0
2019-03-18,384.0506896972656,11462.2001953125,29595.755859375,1300.300048828125,68.6,7.48,6.96,2.6019999980926514,2.4140000343322754,1822.99,-1268.91,118.2021,108.662487727513,-14.5383,6.5,4.0,5.720942750629532,1020.0,6037.0
2019-03-19,384.3883666992187,11532.400390625,29767.50390625,1305.0,69.02,7.536,7.009,2.614000082015991,2.424999952316284,2132.36,-1253.67,118.2021,108.662487727513,-14.5383,6.5,4.0,5.720942750629532,1020.0,6037.0
2019-03-20,379.0818176269531,11521.0498046875,29831.8515625,1300.5,68.85,7.517,7.003,2.5350000858306885,2.3350000381469727,1771.61,-1323.17,118.2021,108.662487727513,-14.5383,6.5,4.0,5.720942750629532,1020.0,6037.0
2019-03-21,379.0818176269531,11521.0498046875,29831.8515625,1306.0999755859375,68.72,7.517,7.003,2.5369999408721924,2.3410000801086426,1771.61,-1323.17,118.2021,108.662487727513,-14.5383,6.5,4.0,5.720942750629532,1020.0,6037.0
2019-03-22,378.0205078125,11456.900390625,29582.15625,1311.5999755859375,69.01,7.504,6.973,2.4549999237060547,2.255000114440918,1374.57,-675.37,118.2021,108.662487727513,-14.5383,6.5,4.0,5.720942750629532,1020.0,6037.0
2019-03-25,370.0124206542969,11354.25,29280.859375,1321.9000244140625,68.88,7.471,6.954,2.4200000762939453,2.2019999027252197,150.4,-12.52,118.2021,108.662487727513,-14.5383,6.5,4.0,5.720942750629532,1020.0,6037.0
2019-03-26,380.2395935058594,11483.25,29881.802734375,1314.300048828125,68.98,7.342,6.968,2.4140000343322754,2.193000078201294,999.02,-196.7,118.2021,108.662487727513,-14.5383,6.5,4.0,5.720942750629532,1020.0,6037.0
2019-03-27,379.3712768554687,11445.0498046875,30019.451171875,1309.9000244140625,69.13,7.327,6.948,2.374000072479248,2.1649999618530273,1481.11,134.92,118.2021,108.662487727513,-14.5383,6.5,4.0,5.720942750629532,1020.0,6037.0
2019-03-28,386.4627685546875,11570.0,30420.197265625,1289.800048828125,69.23,7.323,6.926,2.388999938964844,2.203000068664551,3594.51,-2080.22,118.2021,108.662487727513,-14.5383,6.5,4.0,5.720942750629532,1020.0,6037.0
2019-03-29,386.4627685546875,11570.0,30420.197265625,1293.0,69.16,7.346,6.933,2.4140000343322754,2.243000030517578,-86.21,1724.39,118.2021,108.662487727513,-14.5383,6.5,4.0,5.720942750629532,1020.0,6037.0
2019-04-01,384.2436218261719,11669.150390625,30326.1484375,1288.4000244140625,69.18,7.346,6.933,2.496999979019165,2.312000036239624,-157.72,240.6,119.3497,109.750018880749,-16.7407,6.25,4.0,5.095368313191528,940.0,6418.0
2019-04-02,383.182373046875,11713.2001953125,30353.896484375,1290.0,68.91,7.272,6.869,2.4809999465942383,2.2920000553131104,-112.13,-65.22,119.3497,109.750018880749,-16.7407,6.25,4.0,5.095368313191528,940.0,6418.0
2019-04-03,378.3099365234375,11643.9501953125,30092.951171875,1289.9000244140625,68.58,7.271,6.893,2.5169999599456787,2.319999933242798,-112.13,-65.22,119.3497,109.750018880749,-16.7407,6.25,4.0,5.095368313191528,940.0,6418.0
2019-04-04,375.0777893066406,11598.0,29904.552734375,1289.0,69.03,7.348,6.986,2.51200008392334,2.316999912261963,-226.19,1206.16,119.3497,109.750018880749,-16.7407,6.25,4.0,5.095368313191528,940.0,6418.0
2019-04-05,376.814453125,11665.9501953125,30084.30078125,1290.4000244140625,69.11,7.353,7.052,2.500999927520752,2.312000036239624,-226.19,1206.16,119.3497,109.750018880749,-16.7407,6.25,4.0,5.095368313191528,940.0,6418.0
2019-04-08,373.48583984375,11604.5,29844.953125,1297.0999755859375,69.56,7.4,7.129,2.5190000534057617,2.325999975204468,-226.19,1206.16,119.3497,109.750018880749,-16.7407,6.25,4.0,5.095368313191528,940.0,6418.0
2019-04-09,383.182373046875,11671.9501953125,30113.5,1303.5,69.28,7.374,7.129,2.499000072479248,2.303999900817871,-1738.49,1304.58,119.3497,109.750018880749,-16.7407,6.25,4.0,5.095368313191528,940.0,6418.0
2019-04-10,380.3361206054687,11584.2998046875,29803.154296875,1309.0999755859375,69.12,7.367,7.129,2.4769999980926514,2.2790000438690186,-682.93,606.28,119.3497,109.750018880749,-16.7407,6.25,4.0,5.095368313191528,940.0,6418.0
2019-04-11,376.3320617675781,11596.7001953125,29785.75390625,1288.5999755859375,68.97,7.371,7.124,2.503999948501587,2.315999984741211,-138.53,-500.24,119.3497,109.750018880749,-16.7407,6.25,4.0,5.095368313191528,940.0,6418.0
2019-04-12,380.7220458984375,11643.4501953125,29938.203125,1290.5999755859375,69.21,7.409,7.203,2.559999942779541,2.375,-781.06,904.13,119.3497,109.750018880749,-16.7407,6.25,4.0,5.095368313191528,940.0,6418.0
2019-04-15,378.9371032714844,11690.349609375,30103.900390625,1286.800048828125,69.38,7.392,7.211,2.552999973297119,2.369999885559082,713.22,581.36,119.3497,109.750018880749,-16.7407,6.25,4.0,5.095368313191528,940.0,6418.0
2019-04-16,392.6859130859375,11787.150390625,30530.994140625,1272.5999755859375,69.51,7.39,7.228,2.5920000076293945,2.4079999923706055,1038.58,37.22,119.3497,109.750018880749,-16.7407,6.25,4.0,5.095368313191528,940.0,6418.0
2019-04-17,392.6859130859375,11787.150390625,30530.994140625,1272.199951171875,69.43,7.39,7.228,2.5920000076293945,2.4010000228881836,1038.58,37.22,119.3497,109.750018880749,-16.7407,6.25,4.0,5.095368313191528,940.0,6418.0
2019-04-18,390.1773986816406,11752.7998046875,30223.048828125,1271.9000244140625,69.42,7.42,7.248,2.559999942779541,2.36899995803833,1038.46,-337.59,119.3497,109.750018880749,-16.7407,6.25,4.0,5.095368313191528,940.0,6418.0
2019-04-19,390.1773986816406,11752.7998046875,30223.048828125,1271.9000244140625,69.37,7.42,7.248,2.559999942779541,2.36899995803833,1038.46,-337.59,119.3497,109.750018880749,-16.7407,6.25,4.0,5.095368313191528,940.0,6418.0
2019-04-22,380.62554931640625,11594.4501953125,29687.603515625,1273.5,69.64,7.474,7.354,2.5899999141693115,2.388000011444092,73.08,-68.16,119.3497,109.750018880749,-16.7407,6.25,4.0,5.095368313191528,940.0,6418.0
2019-04-23,382.5552062988281,11575.9501953125,29479.357421875,1269.300048828125,69.78,7.473,7.379,2.569999933242798,2.361000061035156,-237.47,198.35,119.3497,109.750018880749,-16.7407,6.25,4.0,5.095368313191528,940.0,6418.0
2019-04-24,386.9934387207031,11726.150390625,29860.453125,1275.5,69.91,7.424,7.349,2.5220000743865967,2.315000057220459,974.88,-657.06,119.3497,109.750018880749,-16.7407,6.25,4.0,5.095368313191528,940.0,6418.0
2019-04-25,381.493896484375,11641.7998046875,29561.005859375,1275.800048828125,70.19,7.451,7.404,2.5339999198913574,2.3299999237060547,3785.73,-4069.98,119.3497,109.750018880749,-16.7407,6.25,4.0,5.095368313191528,940.0,6418.0
2019-04-26,392.87890625,11754.650390625,30013.150390625,1284.9000244140625,69.93,7.408,7.334,2.505000114440918,2.2950000762939453,-70.73,920.88,119.3497,109.750018880749,-16.7407,6.25,4.0,5.095368313191528,940.0,6418.0
2019-04-29,392.87890625,11754.650390625,30013.150390625,1278.5999755859375,69.8,7.408,7.334,2.5360000133514404,2.318000078201294,-70.73,920.88,119.3497,109.750018880749,-16.7407,6.25,4.0,5.095368313191528,940.0,6418.0
2019-04-30,393.1683349609375,11748.150390625,29764.455078125,1282.800048828125,69.64,7.414,7.336,2.509000062942505,2.2820000648498535,114.59,730.02,119.3497,109.750018880749,-16.7407,6.25,4.0,5.095368313191528,940.0,6418.0
2019-05-01,393.1683349609375,11748.150390625,29764.455078125,1281.4000244140625,69.52,7.414,7.336,2.510999917984009,2.2980000972747803,114.59,730.02,120.1148,110.203156861264,-15.37882,6.25,4.0,5.095368313191528,940.0,6418.0
2019-05-02,381.63861083984375,11724.75,29708.25390625,1269.699951171875,69.4,7.386,7.303,2.552000045776367,2.3519999980926514,420.65,194.31,120.1148,110.203156861264,-15.37882,6.25,4.0,5.095368313191528,940.0,6418.0
2019-05-03,387.6688232421875,11712.25,29953.802734375,1279.199951171875,69.08,7.397,7.311,2.5309998989105225,2.3299999237060547,751.92,580.86,120.1148,110.203156861264,-15.37882,6.25,4.0,5.095368313191528,940.0,6418.0
2019-05-06,387.1864013671875,11598.25,29618.10546875,1281.699951171875,69.4,7.394,7.298,2.5,2.2929999828338623,751.92,580.86,120.1148,110.203156861264,-15.37882,6.25,4.0,5.095368313191528,940.0,6418.0
2019-05-07,372.9069213867187,11497.900390625,29287.859375,1283.5,69.62,7.382,7.283,2.447999954223633,2.252000093460083,-89.38,275.63,120.1148,110.203156861264,-15.37882,6.25,4.0,5.095368313191528,940.0,6418.0
2019-05-08,368.7581481933594,11359.4501953125,28994.0625,1279.4000244140625,69.73,7.375,7.24,2.4820001125335693,2.2850000858306885,-2016.73,1871.27,120.1148,110.203156861264,-15.37882,6.25,4.0,5.095368313191528,940.0,6418.0
2019-05-09,367.98626708984375,11301.7998046875,28884.263671875,1283.5,70.21,7.397,7.252,2.4570000171661377,2.253000020980835,-561.17,699.31,120.1148,110.203156861264,-15.37882,6.25,4.0,5.095368313191528,940.0,6418.0
2019-05-10,371.55615234375,11278.900390625,29040.162109375,1285.699951171875,70.02,7.413,7.252,2.4549999237060547,2.25,-561.17,699.31,120.1148,110.203156861264,-15.37882,6.25,4.0,5.095368313191528,940.0,6418.0
2019-05-13,363.0656433105469,11148.2001953125,28659.615234375,1300.0999755859375,70.62,7.388,7.161,2.4049999713897705,2.186000108718872,-1056.01,1057.91,120.1148,110.203156861264,-15.37882,6.25,4.0,5.095368313191528,940.0,6418.0
2019-05-14,367.02142333984375,11222.0498046875,28828.86328125,1294.699951171875,70.3,7.378,7.138,2.4189999103546143,2.197999954223633,-2011.85,2242.91,120.1148,110.203156861264,-15.37882,6.25,4.0,5.095368313191528,940.0,6418.0
2019-05-15,363.7892456054687,11157.0,28616.1171875,1296.300048828125,70.22,7.379,7.153,2.378999948501587,2.1530001163482666,-1142.44,671.77,120.1148,110.203156861264,-15.37882,6.25,4.0,5.095368313191528,940.0,6418.0
2019-05-16,369.047607421875,11257.099609375,28854.96484375,1285.0,70.08,7.377,7.133,2.4049999713897705,2.186000108718872,-953.23,948.0,120.1148,110.203156861264,-15.37882,6.25,4.0,5.095368313191528,940.0,6418.0
2019-05-17,375.994384765625,11407.150390625,29449.80859375,1274.5,70.28,7.362,7.118,2.3929998874664307,2.177999973297119,-1057.82,1809.76,120.1148,110.203156861264,-15.37882,6.25,4.0,5.095368313191528,940.0,6418.0
2019-05-20,393.361328125,11828.25,30759.341796875,1276.0999755859375,69.59,7.286,7.024,2.4159998893737793,2.2049999237060547,1734.45,-542.71,120.1148,110.203156861264,-15.37882,6.25,4.0,5.095368313191528,940.0,6418.0
2019-05-21,386.0768737792969,11709.099609375,30308.048828125,1272.0,69.61,7.303,7.042,2.4260001182556152,2.2279999256134033,1185.44,-1090.32,120.1148,110.203156861264,-15.37882,6.25,4.0,5.095368313191528,940.0,6418.0
2019-05-22,391.093994140625,11737.900390625,30526.4453125,1273.5999755859375,69.71,7.26,6.991,2.3929998874664307,2.188999891281128,-965.02,-157.75,120.1148,110.203156861264,-15.37882,6.25,4.0,5.095368313191528,940.0,6418.0
2019-05-23,396.4005126953125,11657.0498046875,30408.74609375,1284.800048828125,69.66,7.239,6.971,2.2960000038146973,2.0880000591278076,1352.2,-593.54,120.1148,110.203156861264,-15.37882,6.25,4.0,5.095368313191528,940.0,6418.0
2019-05-24,416.5654296875,11844.099609375,31212.1875,1283.0,69.37,7.226,6.958,2.3239998817443848,2.121999979019165,2026.33,-195.35,120.1148,110.203156861264,-15.37882,6.25,4.0,5.095368313191528,940.0,6418.0
2019-05-27,420.1836242675781,11924.75,31647.283203125,1283.0,69.37,7.167,6.912,2.3239998817443848,2.121999979019165,1215.36,-327.86,120.1148,110.203156861264,-15.37882,6.25,4.0,5.095368313191528,940.0,6418.0
2019-05-28,419.0257873535156,11928.75,31597.533203125,1276.5,69.56,7.149,6.909,2.2679998874664307,2.0739998817443848,-501.11,269.22,120.1148,110.203156861264,-15.37882,6.25,4.0,5.095368313191528,940.0,6418.0
2019-05-29,408.4126281738281,11861.099609375,31295.1875,1280.5999755859375,69.8,7.125,6.899,2.236000061035156,2.0360000133514404,-304.27,-189.58,120.1148,110.203156861264,-15.37882,6.25,4.0,5.095368313191528,940.0,6418.0
2019-05-30,411.2106628417969,11945.900390625,31536.732421875,1287.0999755859375,69.81,7.133,6.914,2.2269999980926514,2.0309998989105225,1664.74,-1122.6,120.1148,110.203156861264,-15.37882,6.25,4.0,5.095368313191528,940.0,6418.0
2019-05-31,408.7986145019531,11922.7998046875,31375.03515625,1305.800048828125,69.63,7.032,6.846,2.1419999599456787,1.9270000457763672,676.15,394.09,120.1148,110.203156861264,-15.37882,6.25,4.0,5.095368313191528,940.0,6418.0
2019-06-03,408.0267639160156,12088.5498046875,31653.283203125,1322.699951171875,69.15,6.982,6.825,2.0810000896453857,1.847000002861023,1130.78,-878.45,120.1148,110.203156861264,-15.37882,6.25,4.0,5.095368313191528,940.0,6418.0
2019-06-04,404.3603820800781,12021.650390625,31588.68359375,1323.4000244140625,69.28,7.022,6.88,2.11899995803833,1.88100004196167,1130.78,-878.45,120.1148,110.203156861264,-15.37882,6.25,4.0,5.095368313191528,940.0,6418.0
2019-06-05,404.3603820800781,12021.650390625,31588.68359375,1328.300048828125,69.41,7.022,6.88,2.122999906539917,1.8630000352859497,-948.98,89.89,120.1148,110.203156861264,-15.37882,6.25,4.0,5.095368313191528,940.0,6418.0
2019-06-06,397.0758972167969,11843.75,30857.041015625,1337.5999755859375,69.21,6.931,6.759,2.124000072479248,1.883999943733215,-1448.99,-650.84,120.1148,110.203156861264,-15.37882,6.25,4.0,5.095368313191528,940.0,6418.0
2019-06-07,401.9483337402344,11870.650390625,31066.189453125,1341.199951171875,69.32,6.974,6.786,2.0840001106262207,1.85099995136261,-1448.99,-650.84,120.1148,110.203156861264,-15.37882,6.25,4.0,5.095368313191528,940.0,6418.0
2019-06-10,401.46588134765625,11922.7001953125,31033.638671875,1324.699951171875,69.49,7.077,6.885,2.1429998874664307,1.9119999408721924,-1448.99,-650.84,120.1148,110.203156861264,-15.37882,6.25,4.0,5.095368313191528,940.0,6418.0
2019-06-11,406.53125,11965.599609375,31265.0859375,1326.4000244140625,69.42,7.037,6.834,2.140000104904175,1.909000039100647,1011.49,-1117.25,120.1148,110.203156861264,-15.37882,6.25,4.0,5.095368313191528,940.0,6418.0
2019-06-12,403.2991027832031,11906.2001953125,30965.33984375,1331.9000244140625,69.35,7.012,6.796,2.127000093460083,1.88100004196167,-867.66,210.72,120.1148,110.203156861264,-15.37882,6.25,4.0,5.095368313191528,940.0,6418.0
2019-06-13,404.8427734375,11914.0498046875,30975.740234375,1339.199951171875,69.53,7.009,6.803,2.0910000801086426,1.830000042915344,172.35,-444.87,120.1148,110.203156861264,-15.37882,6.25,4.0,5.095368313191528,940.0,6418.0
2019-06-14,403.0578918457031,11823.2998046875,30613.994140625,1340.0999755859375,69.81,6.919,6.716,2.0929999351501465,1.8459999561309817,-238.64,376.47,120.1148,110.203156861264,-15.37882,6.25,4.0,5.095368313191528,940.0,6418.0
2019-06-17,399.6327209472656,11672.150390625,30272.8984375,1338.699951171875,69.83,6.931,6.724,2.0859999656677246,1.847000002861023,-331.27,1257.86,120.1148,110.203156861264,-15.37882,6.25,4.0,5.095368313191528,940.0,6418.0
2019-06-18,407.3031311035156,11691.5,30350.646484375,1346.5999755859375,69.6,6.808,6.658,2.059999942779541,1.8320000171661377,31.73,181.03,120.1148,110.203156861264,-15.37882,6.25,4.0,5.095368313191528,940.0,6418.0
2019-06-19,405.0357666015625,11691.4501953125,30361.74609375,1344.5999755859375,69.64,6.841,6.678,2.0290000438690186,1.7680000066757202,-97.05,-104.91,120.1148,110.203156861264,-15.37882,6.25,4.0,5.095368313191528,940.0,6418.0
2019-06-20,418.157470703125,11831.75,30780.7421875,1392.9000244140625,69.44,6.791,6.637,2.000999927520752,1.7380000352859497,-438.41,1241.23,120.1148,110.203156861264,-15.37882,6.25,4.0,5.095368313191528,940.0,6418.0
2019-06-21,415.6488952636719,11724.099609375,30627.994140625,1396.199951171875,69.59,6.861,6.697,2.068000078201294,1.8070000410079956,-730.58,445.75,120.1148,110.203156861264,-15.37882,6.25,4.0,5.095368313191528,940.0,6418.0
2019-06-24,414.3464050292969,11699.650390625,30601.6953125,1414.300048828125,69.32,6.851,6.709,2.0209999084472656,1.753000020980835,207.33,984.43,120.1148,110.203156861264,-15.37882,6.25,4.0,5.095368313191528,940.0,6418.0
2019-06-25,418.3986511230469,11796.4501953125,30846.69140625,1414.9000244140625,69.26,6.882,6.76,1.99399995803833,1.7330000400543213,1157.87,377.22,120.1148,110.203156861264,-15.37882,6.25,4.0,5.095368313191528,940.0,6418.0
2019-06-26,423.2228088378906,11847.5498046875,31161.98828125,1411.5999755859375,69.18,6.933,6.818,2.049000024795532,1.7999999523162842,106.26,-51.47,120.1148,110.203156861264,-15.37882,6.25,4.0,5.095368313191528,940.0,6418.0
2019-06-27,425.4419250488281,11841.5498046875,31269.13671875,1408.4000244140625,69.01,6.897,6.785,2.005000114440918,1.7630000114440918,-0.71,196.57,120.1148,110.203156861264,-15.37882,6.25,4.0,5.095368313191528,940.0,6418.0
2019-06-28,421.7273254394531,11788.849609375,31104.837890625,1409.699951171875,68.92,6.879,6.766,2.0,1.7580000162124634,-513.91,182.4,120.1148,110.203156861264,-15.37882,6.25,4.0,5.095368313191528,940.0,6418.0
2019-07-01,423.56048583984375,11865.599609375,31371.833984375,1385.5999755859375,68.87,6.882,6.769,2.0339999198913574,1.7960000038146973,736.18,-141.97,122.0274,109.931274072955,-12.79837,6.0,4.0,4.298371190341066,655.0,6871.0
2019-07-02,421.3896179199219,11910.2998046875,31282.9375,1404.5999755859375,68.87,6.846,6.74,1.97599995136261,1.746999979019165,418.01,294.11,122.0274,109.931274072955,-12.79837,6.0,4.0,4.298371190341066,655.0,6871.0
2019-07-03,420.61773681640625,11916.75,31381.935546875,1417.699951171875,68.79,6.833,6.735,1.9529999494552612,1.7369999885559082,1137.85,-925.46,122.0274,109.931274072955,-12.79837,6.0,4.0,4.298371190341066,655.0,6871.0
2019-07-04,420.85894775390625,11946.75,31471.484375,1417.699951171875,68.79,6.751,6.664,1.9529999494552612,1.7369999885559082,1137.85,-925.46,122.0274,109.931274072955,-12.79837,6.0,4.0,4.298371190341066,655.0,6871.0
2019-07-05,421.0036926269531,11811.150390625,31475.435546875,1396.699951171875,68.48,6.695,6.625,2.0480000972747803,1.8420000076293943,-645.08,818.84,122.0274,109.931274072955,-12.79837,6.0,4.0,4.298371190341066,655.0,6871.0
2019-07-08,410.9212036132813,11558.599609375,30603.494140625,1397.0,68.55,6.562,6.503,2.0339999198913574,1.843999981880188,-383.66,531.56,122.0274,109.931274072955,-12.79837,6.0,4.0,4.298371190341066,655.0,6871.0
2019-07-09,413.4297790527344,11555.900390625,30568.794921875,1397.5,68.54,6.588,6.518,2.053999900817871,1.8669999837875368,-383.66,531.56,122.0274,109.931274072955,-12.79837,6.0,4.0,4.298371190341066,655.0,6871.0
2019-07-10,415.7453918457031,11498.900390625,30521.744140625,1410.0999755859375,68.4,6.543,6.502,2.061000108718872,1.8279999494552612,-494.21,904.82,122.0274,109.931274072955,-12.79837,6.0,4.0,4.298371190341066,655.0,6871.0
2019-07-11,411.54840087890625,11582.900390625,30716.193359375,1404.300048828125,68.4,6.493,6.459,2.119999885559082,1.8769999742507937,926.6,-635.59,122.0274,109.931274072955,-12.79837,6.0,4.0,4.298371190341066,655.0,6871.0
2019-07-12,412.0307922363281,11552.5,30601.09375,1409.9000244140625,68.57,6.488,6.453,2.1059999465942383,1.8580000400543213,926.6,-635.59,122.0274,109.931274072955,-12.79837,6.0,4.0,4.298371190341066,655.0,6871.0
2019-07-15,407.44781494140625,11588.349609375,30445.595703125,1411.4000244140625,68.52,6.433,6.404,2.0920000076293945,1.8489999771118164,-216.44,591.72,122.0274,109.931274072955,-12.79837,6.0,4.0,4.298371190341066,655.0,6871.0
2019-07-16,409.6669616699219,11662.599609375,30570.4453125,1409.199951171875,68.66,6.331,6.354,2.121999979019165,1.8830000162124632,-444.99,637.71,122.0274,109.931274072955,-12.79837,6.0,4.0,4.298371190341066,655.0,6871.0
2019-07-17,409.763427734375,11687.5,30735.142578125,1421.300048828125,68.84,6.345,6.381,2.061000108718872,1.830000042915344,-16.97,208.88,122.0274,109.931274072955,-12.79837,6.0,4.0,4.298371190341066,655.0,6871.0
2019-07-18,403.9262390136719,11596.900390625,30430.24609375,1426.0999755859375,68.85,6.387,6.38,2.038000106811523,1.7860000133514404,-1404.86,329.05,122.0274,109.931274072955,-12.79837,6.0,4.0,4.298371190341066,655.0,6871.0
2019-07-19,395.869873046875,11419.25,29770.00390625,1425.0999755859375,68.82,6.361,6.326,2.0480000972747803,1.8049999475479128,-950.15,733.92,122.0274,109.931274072955,-12.79837,6.0,4.0,4.298371190341066,655.0,6871.0
2019-07-22,397.9976806640625,11346.2001953125,29284.609375,1425.300048828125,68.89,6.418,6.391,2.0429999828338623,1.7979999780654907,-1916.91,1829.9,122.0274,109.931274072955,-12.79837,6.0,4.0,4.298371190341066,655.0,6871.0
2019-07-23,398.4329223632813,11331.0498046875,29127.76171875,1420.0999755859375,68.99,6.464,6.434,2.0739998817443848,1.825000047683716,-2607.97,2625.1,122.0274,109.931274072955,-12.79837,6.0,4.0,4.298371190341066,655.0,6871.0
2019-07-24,395.09613037109375,11271.2998046875,28951.9140625,1422.800048828125,68.94,6.438,6.403,2.049999952316284,1.8200000524520872,-1393.71,2140.26,122.0274,109.931274072955,-12.79837,6.0,4.0,4.298371190341066,655.0,6871.0
2019-07-25,395.5797119140625,11252.150390625,29042.712890625,1413.9000244140625,69.03,6.514,6.471,2.0739998817443848,1.8539999723434448,-126.65,398.53,122.0274,109.931274072955,-12.79837,6.0,4.0,4.298371190341066,655.0,6871.0
2019-07-26,402.1082458496094,11284.2998046875,29324.958984375,1418.5,68.89,6.525,6.463,2.0810000896453857,1.861999988555908,-1503.26,1917.52,122.0274,109.931274072955,-12.79837,6.0,4.0,4.298371190341066,655.0,6871.0
2019-07-29,415.261962890625,11189.2001953125,29295.560546875,1419.5999755859375,68.73,6.412,6.355,2.055000066757202,1.8339999914169312,-704.42,1351.64,122.0274,109.931274072955,-12.79837,6.0,4.0,4.298371190341066,655.0,6871.0
2019-07-30,411.3932495117187,11085.400390625,28791.265625,1429.699951171875,68.82,6.387,6.33,2.061000108718872,1.843999981880188,-644.59,1079.72,122.0274,109.931274072955,-12.79837,6.0,4.0,4.298371190341066,655.0,6871.0
2019-07-31,410.6678771972656,11118.0,28875.6640625,1426.0999755859375,68.81,6.369,6.301,2.0209999084472656,1.843999981880188,-1497.07,2479.38,122.0274,109.931274072955,-12.79837,6.0,4.0,4.298371190341066,655.0,6871.0
2019-08-01,403.3656005859375,10980.0,28366.919921875,1420.9000244140625,69.0,6.423,6.415,1.8940000534057615,1.6779999732971191,-553.78,698.17,122.4099,110.112529265161,-13.02044,5.72,4.0,4.298371190341066,655.0,6871.0
2019-08-02,397.127197265625,10997.349609375,28204.62109375,1445.5999755859375,69.65,6.352,6.322,1.8550000190734863,1.6679999828338623,843.73,-960.04,122.4099,110.112529265161,-13.02044,5.72,4.0,4.298371190341066,655.0,6871.0
2019-08-05,389.43804931640625,10862.599609375,27647.728515625,1464.5999755859375,70.8,6.39,6.38,1.7350000143051147,1.534000039100647,-701.07,232.95,122.4099,110.112529265161,-13.02044,5.72,4.0,4.298371190341066,655.0,6871.0
2019-08-06,396.7887268066406,10948.25,28021.7734375,1472.4000244140625,70.9,6.338,6.314,1.7389999628067017,1.5460000038146973,-701.07,232.95,122.4099,110.112529265161,-13.02044,5.72,4.0,4.298371190341066,655.0,6871.0
2019-08-07,394.9993591308594,10855.5,27701.728515625,1507.300048828125,71.18,6.369,6.243,1.684000015258789,1.5019999742507937,-401.99,321.13,122.4099,110.112529265161,-13.02044,5.72,4.0,4.298371190341066,655.0,6871.0
2019-08-08,400.8025207519531,11032.4501953125,28110.123046875,1497.699951171875,70.62,6.402,6.238,1.715999960899353,1.5369999408721924,-437.39,291.29,122.4099,110.112529265161,-13.02044,5.72,4.0,4.298371190341066,655.0,6871.0
2019-08-09,406.36383056640625,11109.650390625,28431.5703125,1496.5999755859375,70.91,6.494,6.306,1.7339999675750732,1.562999963760376,-437.39,291.29,122.4099,110.112529265161,-13.02044,5.72,4.0,4.298371190341066,655.0,6871.0
2019-08-12,406.36383056640625,11109.650390625,28431.5703125,1505.300048828125,71.27,6.494,6.306,1.6390000581741333,1.4830000400543213,-437.39,291.29,122.4099,110.112529265161,-13.02044,5.72,4.0,4.298371190341066,655.0,6871.0
2019-08-13,396.7887268066406,10925.849609375,27728.77734375,1502.199951171875,71.41,6.518,6.37,1.6799999475479126,1.569000005722046,-638.28,201.53,122.4099,110.112529265161,-13.02044,5.72,4.0,4.298371190341066,655.0,6871.0
2019-08-14,403.6073913574219,11029.400390625,28018.873046875,1515.9000244140625,71.27,6.62,6.473,1.5809999704360962,1.4880000352859497,1614.63,1619.82,122.4099,110.112529265161,-13.02044,5.72,4.0,4.298371190341066,655.0,6871.0
2019-08-15,403.6073913574219,11029.400390625,28018.873046875,1519.5999755859375,71.79,6.62,6.473,1.5290000438690186,1.4220000505447388,1614.63,1619.82,122.4099,110.112529265161,-13.02044,5.72,4.0,4.298371190341066,655.0,6871.0
2019-08-16,405.2032470703125,11047.7998046875,28216.671875,1512.5,71.15,6.535,6.422,1.5390000343322754,1.4119999408721924,-1339.27,1058.28,122.4099,110.112529265161,-13.02044,5.72,4.0,4.298371190341066,655.0,6871.0
2019-08-19,409.5072021484375,11053.900390625,28185.771484375,1500.4000244140625,71.44,6.581,6.44,1.5980000495910645,1.4639999866485596,-305.74,386.23,122.4099,110.112529265161,-13.02044,5.72,4.0,4.298371190341066,655.0,6871.0
2019-08-20,403.2204895019531,11017.0,27982.123046875,1504.5999755859375,71.54,6.578,6.39,1.5609999895095823,1.4329999685287476,373.23,296.41,122.4099,110.112529265161,-13.02044,5.72,4.0,4.298371190341066,655.0,6871.0
2019-08-21,398.5296325683594,10918.7001953125,27718.728515625,1504.5999755859375,71.43,6.56,6.387,1.5770000219345093,1.4670000076293943,-770.81,353.97,122.4099,110.112529265161,-13.02044,5.72,4.0,4.298371190341066,655.0,6871.0
2019-08-22,386.0045471191406,10741.349609375,27033.884765625,1497.300048828125,71.9,6.554,6.377,1.6100000143051147,1.493000030517578,-902.99,1719.07,122.4099,110.112529265161,-13.02044,5.72,4.0,4.298371190341066,655.0,6871.0
2019-08-23,382.4259643554687,10829.349609375,26958.337890625,1526.5999755859375,71.49,6.564,6.37,1.527999997138977,1.4110000133514404,-1737.2,1548.49,122.4099,110.112529265161,-13.02044,5.72,4.0,4.298371190341066,655.0,6871.0
2019-08-26,398.1427612304687,11057.849609375,27951.025390625,1526.300048828125,72.02,6.472,6.317,1.5449999570846558,1.4299999475479126,-752.9,1272.29,122.4099,110.112529265161,-13.02044,5.72,4.0,4.298371190341066,655.0,6871.0
2019-08-27,404.8647155761719,11105.349609375,28125.82421875,1541.0,71.52,6.521,6.31,1.4900000095367432,1.3940000534057615,-923.94,1162.65,122.4099,110.112529265161,-13.02044,5.72,4.0,4.298371190341066,655.0,6871.0
2019-08-28,399.4001159667969,11046.099609375,27803.978515625,1537.800048828125,71.75,6.564,6.35,1.465999960899353,1.3739999532699585,-935.27,359.32,122.4099,110.112529265161,-13.02044,5.72,4.0,4.298371190341066,655.0,6871.0
2019-08-29,391.1306762695313,10948.2998046875,27304.8828125,1526.5,71.67,6.543,6.359,1.5160000324249268,1.4110000133514404,-986.58,489.23,122.4099,110.112529265161,-13.02044,5.72,4.0,4.298371190341066,655.0,6871.0
2019-08-30,396.2083435058594,11023.25,27427.53125,1519.0999755859375,71.45,6.556,6.366,1.50600004196167,1.3910000324249268,1162.95,1502.27,122.4099,110.112529265161,-13.02044,5.72,4.0,4.298371190341066,655.0,6871.0
2019-09-02,396.2083435058594,11023.25,27427.53125,1519.0999755859375,71.45,6.556,6.366,1.50600004196167,1.3910000324249268,1162.95,1502.27,122.4099,110.112529265161,-13.02044,5.72,4.0,4.298371190341066,655.0,6871.0
2019-09-03,379.2826232910156,10797.900390625,26823.837890625,1545.9000244140625,72.2,6.516,6.28,1.465999960899353,1.3389999866485596,1162.95,1502.27,122.4099,110.112529265161,-13.02044,5.72,4.0,4.298371190341066,655.0,6871.0
2019-09-04,384.45703125,10844.650390625,27123.53515625,1550.300048828125,72.11,6.545,6.26,1.4589999914169312,1.315000057220459,1212.35,-688.65,122.4099,110.112529265161,-13.02044,5.72,4.0,4.298371190341066,655.0,6871.0
2019-09-05,376.23590087890625,10847.900390625,26919.38671875,1515.4000244140625,71.84,6.571,6.278,1.565000057220459,1.434000015258789,-655.36,677.91,122.4099,110.112529265161,-13.02044,5.72,4.0,4.298371190341066,655.0,6871.0
2019-09-06,378.50885009765625,10946.2001953125,27247.583984375,1506.199951171875,71.68,6.597,6.293,1.5499999523162842,1.4179999828338623,-655.36,677.91,122.4099,110.112529265161,-13.02044,5.72,4.0,4.298371190341066,655.0,6871.0
2019-09-09,382.474365234375,11003.0498046875,27504.330078125,1502.199951171875,71.66,6.57,6.285,1.621999979019165,1.4789999723434448,-188.08,686.47,122.4099,110.112529265161,-13.02044,5.72,4.0,4.298371190341066,655.0,6871.0
2019-09-10,382.474365234375,11003.0498046875,27504.330078125,1490.300048828125,71.89,6.57,6.285,1.7020000219345093,1.565000057220459,-485.24,956.26,122.4099,110.112529265161,-13.02044,5.72,4.0,4.298371190341066,655.0,6871.0
2019-09-11,381.6522216796875,11035.7001953125,27775.876953125,1494.4000244140625,71.62,6.674,6.375,1.7330000400543213,1.5920000076293943,-485.24,956.26,122.4099,110.112529265161,-13.02044,5.72,4.0,4.298371190341066,655.0,6871.0
2019-09-12,389.4864807128906,10982.7998046875,27818.17578125,1498.699951171875,70.91,6.658,6.341,1.7910000085830688,1.6519999504089355,459.22,74.93,122.4099,110.112529265161,-13.02044,5.72,4.0,4.298371190341066,655.0,6871.0
2019-09-13,399.8353576660156,11075.900390625,28098.423828125,1490.9000244140625,71.0,6.631,6.356,1.902999997138977,1.7519999742507937,-405.45,209.56,122.4099,110.112529265161,-13.02044,5.72,4.0,4.298371190341066,655.0,6871.0
2019-09-16,398.6263732910156,11003.5,27854.67578125,1503.0999755859375,71.53,6.71,6.404,1.840999960899353,1.7009999752044678,-751.26,308.56,122.4099,110.112529265161,-13.02044,5.72,4.0,4.298371190341066,655.0,6871.0
2019-09-17,387.503662109375,10817.599609375,27131.435546875,1505.0999755859375,71.47,6.728,6.457,1.812000036239624,1.6660000085830688,-808.29,85.76,122.4099,110.112529265161,-13.02044,5.72,4.0,4.298371190341066,655.0,6871.0
2019-09-18,386.246337890625,10840.650390625,27172.333984375,1507.5,71.16,6.617,6.352,1.7860000133514404,1.6610000133514404,-959.09,780.45,122.4099,110.112529265161,-13.02044,5.72,4.0,4.298371190341066,655.0,6871.0
2019-09-19,373.9147338867187,10704.7998046875,26757.33984375,1498.4000244140625,71.31,6.634,6.381,1.77400004863739,1.6480000019073486,-892.52,645.72,122.4099,110.112529265161,-13.02044,5.72,4.0,4.298371190341066,655.0,6871.0
2019-09-20,403.8008117675781,11274.2001953125,28981.21484375,1507.300048828125,71.05,6.782,6.498,1.7549999952316284,1.633999943733215,35.78,3001.32,122.4099,110.112529265161,-13.02044,5.72,4.0,4.298371190341066,655.0,6871.0
2019-09-23,431.65576171875,11600.2001953125,30565.84375,1523.699951171875,70.79,6.739,6.473,1.7079999446868896,1.5820000171661377,2684.05,291.95,122.4099,110.112529265161,-13.02044,5.72,4.0,4.298371190341066,655.0,6871.0
2019-09-24,426.4330139160156,11588.2001953125,30182.748046875,1532.0999755859375,70.94,6.775,6.499,1.6349999904632568,1.5110000371932983,-828.49,472.81,122.4099,110.112529265161,-13.02044,5.72,4.0,4.298371190341066,655.0,6871.0
2019-09-25,419.9528198242187,11440.2001953125,29585.70703125,1504.5999755859375,71.0,6.754,6.496,1.7319999933242798,1.6069999933242798,-342.4,-762.48,122.4099,110.112529265161,-13.02044,5.72,4.0,4.298371190341066,655.0,6871.0
2019-09-26,437.1204223632813,11571.2001953125,30002.25,1507.5,70.93,6.71,6.496,1.684999942779541,1.5729999542236328,737.17,339.28,122.4099,110.112529265161,-13.02044,5.72,4.0,4.298371190341066,655.0,6871.0
2019-09-27,434.4606628417969,11512.400390625,29876.302734375,1499.0999755859375,70.49,6.729,6.502,1.6749999523162842,1.5509999990463257,-213.6,458.68,122.4099,110.112529265161,-13.02044,5.72,4.0,4.298371190341066,655.0,6871.0
2019-09-30,419.46923828125,11474.4501953125,29102.8125,1465.699951171875,70.64,6.695,6.47,1.6749999523162842,1.5509999990463257,-469.4,504.69,122.4099,110.112529265161,-13.02044,5.72,4.0,4.298371190341066,655.0,6871.0
2019-10-01,410.6678771972656,11359.900390625,28725.166015625,1482.0,71.11,6.657,6.396,1.6440000534057615,1.4980000257492063,-344.58,10.98,124.3226,110.565667245676,-9.483583,5.4,4.0,3.255642958139826,800.0,7177.0
2019-10-02,410.6678771972656,11359.900390625,28725.166015625,1501.0,71.17,6.657,6.396,1.5959999561309814,1.4299999475479126,-344.58,10.98,124.3226,110.565667245676,-9.483583,5.4,4.0,3.255642958139826,800.0,7177.0
2019-10-03,413.27923583984375,11314.0,28413.76953125,1507.0999755859375,71.03,6.606,6.322,1.5360000133514404,1.3420000076293943,-344.58,10.98,124.3226,110.565667245676,-9.483583,5.4,4.0,3.255642958139826,800.0,7177.0
2019-10-04,400.3189392089844,11174.75,27731.52734375,1506.199951171875,70.86,6.68,6.321,1.5149999856948853,1.3309999704360962,1429.92,461.29,124.3226,110.565667245676,-9.483583,5.4,4.0,3.255642958139826,800.0,7177.0
2019-10-07,402.4467468261719,11126.400390625,27767.228515625,1497.699951171875,70.97,6.669,6.373,1.5529999732971191,1.3860000371932983,-604.94,667.4,124.3226,110.565667245676,-9.483583,5.4,4.0,3.255642958139826,800.0,7177.0
2019-10-08,402.4467468261719,11126.400390625,27767.228515625,1497.199951171875,71.21,6.669,6.373,1.5369999408721924,1.3580000400543213,-604.94,667.4,124.3226,110.565667245676,-9.483583,5.4,4.0,3.255642958139826,800.0,7177.0
2019-10-09,422.3708801269531,11313.2998046875,28785.515625,1506.0999755859375,71.09,6.655,6.314,1.5889999866485596,1.409000039100647,-604.94,667.4,124.3226,110.565667245676,-9.483583,5.4,4.0,3.255642958139826,800.0,7177.0
2019-10-10,409.7973937988281,11234.5498046875,28013.123046875,1494.800048828125,70.98,6.679,6.333,1.6579999923706057,1.4769999980926514,-263.11,502.67,124.3226,110.565667245676,-9.483583,5.4,4.0,3.255642958139826,800.0,7177.0
2019-10-11,414.48822021484375,11305.0498046875,28042.173828125,1482.699951171875,70.91,6.727,6.378,1.7519999742507937,1.5759999752044678,-263.11,502.67,124.3226,110.565667245676,-9.483583,5.4,4.0,3.255642958139826,800.0,7177.0
2019-10-14,414.7784118652344,11341.150390625,28181.62109375,1491.699951171875,70.91,6.67,6.34,1.7330000400543213,1.559000015258789,895.63,-425.15,124.3226,110.565667245676,-9.483583,5.4,4.0,3.255642958139826,800.0,7177.0
2019-10-15,417.6799621582031,11428.2998046875,28554.767578125,1477.5999755859375,71.48,6.66,6.34,1.7710000276565552,1.5989999771118164,436.02,929.39,124.3226,110.565667245676,-9.483583,5.4,4.0,3.255642958139826,800.0,7177.0
2019-10-16,421.0167541503906,11464.0,28538.46875,1488.0,71.37,6.656,6.315,1.7480000257492063,1.569000005722046,686.33,1605.45,124.3226,110.565667245676,-9.483583,5.4,4.0,3.255642958139826,800.0,7177.0
2019-10-17,426.1428527832031,11586.349609375,28989.111328125,1492.300048828125,71.09,6.699,6.351,1.756999969482422,1.5789999961853027,1158.63,-511.76,124.3226,110.565667245676,-9.483583,5.4,4.0,3.255642958139826,800.0,7177.0
2019-10-18,423.4347229003906,11661.849609375,29119.912109375,1488.199951171875,71.07,6.692,6.356,1.746999979019165,1.5579999685287476,36.56,586.88,124.3226,110.565667245676,-9.483583,5.4,4.0,3.255642958139826,800.0,7177.0
2019-10-21,423.4347229003906,11661.849609375,29119.912109375,1482.4000244140625,70.9,6.692,6.356,1.7920000553131104,1.6019999980926514,36.56,586.88,124.3226,110.565667245676,-9.483583,5.4,4.0,3.255642958139826,800.0,7177.0
2019-10-22,436.3466796875,11588.349609375,29410.80859375,1481.699951171875,70.81,6.7,6.336,1.7680000066757202,1.5920000076293943,-557.5,-985.47,124.3226,110.565667245676,-9.483583,5.4,4.0,3.255642958139826,800.0,7177.0
2019-10-23,440.1670837402344,11604.099609375,29459.2578125,1489.9000244140625,70.81,6.678,6.328,1.758999943733215,1.5859999656677246,-213.23,-137.38,124.3226,110.565667245676,-9.483583,5.4,4.0,3.255642958139826,800.0,7177.0
2019-10-24,439.82855224609375,11582.599609375,29107.611328125,1498.9000244140625,71.01,6.678,6.338,1.7660000324249268,1.587000012397766,-72.87,-738.75,124.3226,110.565667245676,-9.483583,5.4,4.0,3.255642958139826,800.0,7177.0
2019-10-25,453.7077026367187,11583.900390625,29395.607421875,1499.5,70.78,6.67,6.326,1.8009999990463257,1.6260000467300415,-435.42,440.16,124.3226,110.565667245676,-9.483583,5.4,4.0,3.255642958139826,800.0,7177.0
2019-10-28,453.7077026367187,11583.900390625,29395.607421875,1490.0,70.71,6.67,6.326,1.8530000448226929,1.6699999570846558,-435.42,440.16,124.3226,110.565667245676,-9.483583,5.4,4.0,3.255642958139826,800.0,7177.0
2019-10-29,461.7353515625,11786.849609375,29872.703125,1487.0,70.86,6.679,6.342,1.8350000381469729,1.659000039100647,876.64,144.75,124.3226,110.565667245676,-9.483583,5.4,4.0,3.255642958139826,800.0,7177.0
2019-10-30,455.6904296875,11844.099609375,29987.15234375,1493.199951171875,70.96,6.664,6.307,1.7979999780654907,1.6369999647140503,7192.42,-185.87,124.3226,110.565667245676,-9.483583,5.4,4.0,3.255642958139826,800.0,7177.0
2019-10-31,447.856201171875,11877.4501953125,30065.900390625,1511.4000244140625,71.01,6.643,6.287,1.690999984741211,1.5230000019073486,1870.87,-650.73,124.3226,110.565667245676,-9.483583,5.4,4.0,3.255642958139826,800.0,7177.0
2019-11-01,447.0824279785156,11890.599609375,30330.19921875,1508.0,70.76,6.445,6.283,1.7280000448226929,1.5540000200271606,-687.2,123.17,125.4702,110.837550033985,-11.2437,5.4,4.0,3.255642958139826,800.0,7177.0
2019-11-04,455.061767578125,11941.2998046875,30332.74609375,1508.0,70.79,6.471,6.349,1.7860000133514404,1.6030000448226929,476.51,-16.58,125.4702,110.837550033985,-11.2437,5.4,4.0,3.255642958139826,800.0,7177.0
2019-11-05,452.9822998046875,11917.2001953125,30219.498046875,1480.800048828125,70.81,6.514,6.331,1.866000056266785,1.6710000038146973,476.51,-16.58,125.4702,110.837550033985,-11.2437,5.4,4.0,3.255642958139826,800.0,7177.0
2019-11-06,464.9270629882813,11966.0498046875,30609.244140625,1490.199951171875,70.96,6.486,6.284,1.8140000104904177,1.628000020980835,95.79,-151.01,125.4702,110.837550033985,-11.2437,5.4,4.0,3.255642958139826,800.0,7177.0
2019-11-07,462.84759521484375,12012.0498046875,30632.794921875,1464.199951171875,71.04,6.502,6.308,1.9259999990463257,1.7400000095367432,-316.86,719.74,125.4702,110.837550033985,-11.2437,5.4,4.0,3.255642958139826,800.0,7177.0
2019-11-08,473.3899536132813,11908.150390625,30749.04296875,1461.300048828125,71.35,6.554,6.373,1.9329999685287476,1.7339999675750732,-316.86,719.74,125.4702,110.837550033985,-11.2437,5.4,4.0,3.255642958139826,800.0,7177.0
2019-11-11,480.498779296875,11913.4501953125,31115.189453125,1455.5,71.35,6.561,6.384,1.9429999589920044,1.7510000467300415,664.2,-245.06,125.4702,110.837550033985,-11.2437,5.4,4.0,3.255642958139826,800.0,7177.0
2019-11-12,480.498779296875,11913.4501953125,31115.189453125,1452.0999755859375,71.75,6.561,6.384,1.909000039100647,1.718000054359436,605.41,239.87,125.4702,110.837550033985,-11.2437,5.4,4.0,3.255642958139826,800.0,7177.0
2019-11-13,469.8113403320313,11840.4501953125,30541.1953125,1461.699951171875,72.12,6.528,6.317,1.8700000047683716,1.6779999732971191,584.92,-890.03,125.4702,110.837550033985,-11.2437,5.4,4.0,3.255642958139826,800.0,7177.0
2019-11-14,482.2880554199219,11872.099609375,30749.591796875,1471.800048828125,71.99,6.515,6.279,1.815000057220459,1.6230000257492063,-562.05,82.74,125.4702,110.837550033985,-11.2437,5.4,4.0,3.255642958139826,800.0,7177.0
2019-11-15,483.44873046875,11895.4501953125,31008.0390625,1467.300048828125,71.6,6.519,6.29,1.8339999914169312,1.649999976158142,-1008.37,537.74,125.4702,110.837550033985,-11.2437,5.4,4.0,3.255642958139826,800.0,7177.0
2019-11-18,481.9979248046875,11884.5,30991.740234375,1470.9000244140625,71.9,6.477,6.297,1.8079999685287476,1.625,-270.66,309.45,125.4702,110.837550033985,-11.2437,5.4,4.0,3.255642958139826,800.0,7177.0
2019-11-19,477.3070373535156,11940.099609375,31235.88671875,1473.300048828125,71.86,6.473,6.277,1.7860000133514404,1.621999979019165,-915.37,262.35,125.4702,110.837550033985,-11.2437,5.4,4.0,3.255642958139826,800.0,7177.0
2019-11-20,478.7578430175781,11999.099609375,31353.484375,1473.300048828125,71.74,6.458,6.234,1.7380000352859497,1.5839999914169312,566.52,183.41,125.4702,110.837550033985,-11.2437,5.4,4.0,3.255642958139826,800.0,7177.0
2019-11-21,481.9012451171875,11968.400390625,31349.583984375,1463.0999755859375,71.75,6.505,6.226,1.7719999551773071,1.6139999628067017,5023.54,-247.74,125.4702,110.837550033985,-11.2437,5.4,4.0,3.255642958139826,800.0,7177.0
2019-11-22,480.498779296875,11914.400390625,31111.23828125,1463.0999755859375,71.76,6.495,6.301,1.77400004863739,1.628999948501587,305.72,-177.37,125.4702,110.837550033985,-11.2437,5.4,4.0,3.255642958139826,800.0,7177.0
2019-11-25,481.4659729003906,12073.75,31555.533203125,1456.5999755859375,71.69,6.468,6.291,1.7640000581741333,1.616000056266785,960.9,-213.66,125.4702,110.837550033985,-11.2437,5.4,4.0,3.255642958139826,800.0,7177.0
2019-11-26,493.9427185058594,12037.7001953125,31717.98046875,1459.800048828125,71.51,6.478,6.302,1.7400000095367432,1.5959999561309814,4677.75,-4242.01,125.4702,110.837550033985,-11.2437,5.4,4.0,3.255642958139826,800.0,7177.0
2019-11-27,488.913330078125,12100.7001953125,31875.578125,1453.4000244140625,71.26,6.467,6.247,1.7669999599456787,1.6260000467300415,42.93,439.51,125.4702,110.837550033985,-11.2437,5.4,4.0,3.255642958139826,800.0,7177.0
2019-11-28,502.115478515625,12151.150390625,32122.576171875,1453.4000244140625,71.26,6.453,6.239,1.7669999599456787,1.6260000467300415,1008.89,-155.47,125.4702,110.837550033985,-11.2437,5.4,4.0,3.255642958139826,800.0,7177.0
2019-11-29,495.78033447265625,12056.0498046875,31945.728515625,1465.5999755859375,71.75,6.46,6.252,1.7760000228881836,1.621000051498413,-1892.29,953.62,125.4702,110.837550033985,-11.2437,5.4,4.0,3.255642958139826,800.0,7177.0
2019-12-02,494.1361389160156,12048.2001953125,31871.078125,1462.300048828125,71.65,6.484,6.182,1.8359999656677248,1.659000039100647,-466.78,-122.64,125.4702,110.837550033985,-11.2437,5.4,4.0,3.255642958139826,800.0,7177.0
2019-12-03,492.636962890625,11994.2001953125,31612.982421875,1478.199951171875,71.7,6.462,6.18,1.7089999914169312,1.534000039100647,2477.72,-990.48,125.4702,110.837550033985,-11.2437,5.4,4.0,3.255642958139826,800.0,7177.0
2019-12-04,511.8840637207031,12043.2001953125,31978.9296875,1474.0,71.47,6.462,6.163,1.781000018119812,1.6059999465942385,897.45,-15.99,125.4702,110.837550033985,-11.2437,5.4,4.0,3.255642958139826,800.0,7177.0
2019-12-05,510.7717590332031,12018.400390625,31712.580078125,1476.9000244140625,71.26,6.608,6.319,1.7970000505447388,1.6230000257492063,897.45,-15.99,125.4702,110.837550033985,-11.2437,5.4,4.0,3.255642958139826,800.0,7177.0
2019-12-06,507.5800476074219,11921.5,31341.185546875,1459.0999755859375,71.26,6.661,6.365,1.8420000076293943,1.6690000295639038,-1050.43,271.15,125.4702,110.837550033985,-11.2437,5.4,4.0,3.255642958139826,800.0,7177.0
2019-12-09,509.22418212890625,11937.5,31316.287109375,1459.300048828125,71.02,6.659,6.386,1.8289999961853027,1.6679999828338623,783.55,-126.82,125.4702,110.837550033985,-11.2437,5.4,4.0,3.255642958139826,800.0,7177.0
2019-12-10,511.35205078125,11856.7998046875,31159.98828125,1462.5999755859375,70.84,6.703,6.486,1.8329999446868896,1.680999994277954,783.55,-126.82,125.4702,110.837550033985,-11.2437,5.4,4.0,3.255642958139826,800.0,7177.0
2019-12-11,516.0429077148438,11910.150390625,31256.38671875,1469.4000244140625,70.73,6.76,6.544,1.7899999618530271,1.6399999856948853,783.55,-126.82,125.4702,110.837550033985,-11.2437,5.4,4.0,3.255642958139826,800.0,7177.0
2019-12-12,517.7838745117188,11971.7998046875,31665.08203125,1466.699951171875,70.62,6.77,6.566,1.8969999551773071,1.7339999675750732,-683.83,810.23,125.4702,110.837550033985,-11.2437,5.4,4.0,3.255642958139826,800.0,7177.0
2019-12-13,519.4280395507812,12086.7001953125,32013.876953125,1475.5999755859375,70.8,6.782,6.63,1.819000005722046,1.652999997138977,115.7,384.92,125.4702,110.837550033985,-11.2437,5.4,4.0,3.255642958139826,800.0,7177.0
2019-12-16,521.5558471679688,12053.9501953125,31973.828125,1475.0,70.89,6.794,6.638,1.8919999599456787,1.7209999561309814,728.13,-796.38,125.4702,110.837550033985,-11.2437,5.4,4.0,3.255642958139826,800.0,7177.0
2019-12-17,523.3936157226562,12165.0,32139.876953125,1474.5999755859375,71.04,6.744,6.569,1.8890000581741333,1.7130000591278076,1248.47,-908.16,125.4702,110.837550033985,-11.2437,5.4,4.0,3.255642958139826,800.0,7177.0
2019-12-18,523.6353759765625,12221.650390625,32243.875,1472.5999755859375,70.97,6.705,6.533,1.924000024795532,1.7380000352859497,1836.81,-1267.57,125.4702,110.837550033985,-11.2437,5.4,4.0,3.255642958139826,800.0,7177.0
2019-12-19,522.4747314453125,12259.7001953125,32241.07421875,1478.199951171875,71.11,6.746,6.538,1.9079999923706057,1.7200000286102295,739.43,-493.95,125.4702,110.837550033985,-11.2437,5.4,4.0,3.255642958139826,800.0,7177.0
2019-12-20,528.18115234375,12271.7998046875,32384.572265625,1474.699951171875,71.07,6.598,6.423,1.9170000553131104,1.7289999723434448,338.86,-285.41,125.4702,110.837550033985,-11.2437,5.4,4.0,3.255642958139826,800.0,7177.0
2019-12-23,523.5386962890625,12262.75,32339.07421875,1482.5,71.24,6.562,6.42,1.934999942779541,1.753999948501587,1463.28,-1947.36,125.4702,110.837550033985,-11.2437,5.4,4.0,3.255642958139826,800.0,7177.0
2019-12-24,523.3451538085938,12214.5498046875,32280.375,1499.0999755859375,71.23,6.571,6.435,1.909999966621399,1.7239999771118164,-114.38,-345.22,125.4702,110.837550033985,-11.2437,5.4,4.0,3.255642958139826,800.0,7177.0
2019-12-25,523.3451538085938,12214.5498046875,32280.375,1499.0999755859375,71.23,6.571,6.435,1.909999966621399,1.7239999771118164,-114.38,-345.22,125.4702,110.837550033985,-11.2437,5.4,4.0,3.255642958139826,800.0,7177.0
2019-12-26,521.0723266601562,12126.5498046875,31997.328125,1509.300048828125,71.28,6.576,6.448,1.9049999713897705,1.725000023841858,-504.13,120.46,125.4702,110.837550033985,-11.2437,5.4,4.0,3.255642958139826,800.0,7177.0
2019-12-27,531.3728637695312,12245.7998046875,32411.97265625,1513.800048828125,71.45,6.5,6.455,1.8739999532699585,1.6779999732971191,81.37,125.77,125.4702,110.837550033985,-11.2437,5.4,4.0,3.255642958139826,800.0,7177.0
2019-12-30,526.1016845703125,12255.849609375,32354.5234375,1514.5,71.3,6.544,6.476,1.8949999809265137,1.680999994277954,-130.52,201.32,125.4702,110.837550033985,-11.2437,5.4,4.0,3.255642958139826,800.0,7177.0
2019-12-31,521.2174072265625,12168.4501953125,32161.27734375,1519.5,71.36,6.554,6.477,1.919000029563904,1.6929999589920044,-1265.1,585.07,125.4702,110.837550033985,-11.2437,5.4,4.0,3.255642958139826,800.0,7177.0
2020-01-01,519.1378784179688,12182.5,32102.52734375,1519.5,71.36,6.501,6.43,1.919000029563904,1.6929999589920044,-58.87,208.47,126.2353,111.834453591118,-15.38956,5.4,4.0,2.944913039690533,968.0,7737.0
2020-01-02,522.8615112304688,12282.2001953125,32443.47265625,1524.5,71.34,6.502,6.423,1.881999969482422,1.6710000038146973,-1199.53,36.64,126.2353,111.834453591118,-15.38956,5.4,4.0,2.944913039690533,968.0,7737.0
2020-01-03,521.1689453125,12226.650390625,32068.876953125,1549.199951171875,71.76,6.51,6.339,1.787999987602234,1.5859999656677246,-1199.53,36.64,126.2353,111.834453591118,-15.38956,5.4,4.0,2.944913039690533,968.0,7737.0
2020-01-06,508.4505310058594,11993.0498046875,31236.787109375,1566.199951171875,71.86,6.565,6.445,1.8109999895095823,1.6109999418258667,1575.46,-459.25,126.2353,111.834453591118,-15.38956,5.4,4.0,2.944913039690533,968.0,7737.0
2020-01-07,505.7423706054687,12052.9501953125,31399.03515625,1571.800048828125,71.84,6.55,6.415,1.8270000219345093,1.61899995803833,-1696.45,1377.13,126.2353,111.834453591118,-15.38956,5.4,4.0,2.944913039690533,968.0,7737.0
2020-01-08,508.69232177734375,12025.349609375,31373.28515625,1557.4000244140625,71.51,6.557,6.389,1.8739999532699585,1.6649999618530271,-1696.45,1377.13,126.2353,111.834453591118,-15.38956,5.4,4.0,2.944913039690533,968.0,7737.0
2020-01-09,528.37451171875,12215.900390625,32092.02734375,1551.699951171875,71.16,6.524,6.344,1.8580000400543213,1.6549999713897705,486.09,-775.23,126.2353,111.834453591118,-15.38956,5.4,4.0,2.944913039690533,968.0,7737.0
2020-01-10,522.523193359375,12256.7998046875,32097.02734375,1557.5,70.94,6.585,6.403,1.825000047683716,1.6360000371932983,1632.25,259.46,126.2353,111.834453591118,-15.38956,5.4,4.0,2.944913039690533,968.0,7737.0
2020-01-13,520.92724609375,12329.5498046875,32177.27734375,1548.4000244140625,70.74,6.592,6.413,1.8480000495910645,1.6510000228881836,120.79,-1128.89,126.2353,111.834453591118,-15.38956,5.4,4.0,2.944913039690533,968.0,7737.0
2020-01-14,519.9600219726562,12362.2998046875,32071.27734375,1542.4000244140625,70.85,6.662,6.453,1.8179999589920044,1.6269999742507937,-205.56,-642.47,126.2353,111.834453591118,-15.38956,5.4,4.0,2.944913039690533,968.0,7737.0
2020-01-15,518.025634765625,12343.2998046875,31824.53125,1552.0999755859375,70.69,6.623,6.428,1.787999987602234,1.6019999980926514,279.53,-648.34,126.2353,111.834453591118,-15.38956,5.4,4.0,2.944913039690533,968.0,7737.0
2020-01-16,519.5248413085938,12355.5,31853.529296875,1549.0,70.95,6.598,6.404,1.809000015258789,1.625,-395.24,-184.65,126.2353,111.834453591118,-15.38956,5.4,4.0,2.944913039690533,968.0,7737.0
2020-01-17,514.5921020507812,12352.349609375,31590.283203125,1558.800048828125,71.08,6.622,6.389,1.8359999656677248,1.63100004196167,264.26,-500.17,126.2353,111.834453591118,-15.38956,5.4,4.0,2.944913039690533,968.0,7737.0
2020-01-20,517.3002319335938,12224.5498046875,31080.2890625,1558.800048828125,71.08,6.639,6.406,1.8359999656677248,1.63100004196167,5.87,-1419.85,126.2353,111.834453591118,-15.38956,5.4,4.0,2.944913039690533,968.0,7737.0
2020-01-21,513.625,12169.849609375,30947.19140625,1556.4000244140625,71.17,6.633,6.404,1.7690000534057615,1.5729999542236328,-50.08,-307.81,126.2353,111.834453591118,-15.38956,5.4,4.0,2.944913039690533,968.0,7737.0
2020-01-22,505.6940002441406,12106.900390625,30701.091796875,1555.300048828125,71.07,6.635,6.411,1.7690000534057615,1.5729999542236328,-176.43,-326.22,126.2353,111.834453591118,-15.38956,5.4,4.0,2.944913039690533,968.0,7737.0
2020-01-23,510.3849182128906,12180.349609375,31003.689453125,1564.5999755859375,71.45,6.596,6.399,1.7400000095367432,1.5549999475479126,1352.13,-984.56,126.2353,111.834453591118,-15.38956,5.4,4.0,2.944913039690533,968.0,7737.0
2020-01-24,516.3330078125,12248.25,31241.38671875,1571.0999755859375,71.31,6.578,6.379,1.680999994277954,1.5010000467300415,659.11,417.96,126.2353,111.834453591118,-15.38956,5.4,4.0,2.944913039690533,968.0,7737.0
2020-01-27,519.6215209960938,12119.0,30837.041015625,1576.800048828125,71.45,6.551,6.372,1.6050000190734863,1.434999942779541,-438.85,10.51,126.2353,111.834453591118,-15.38956,5.4,4.0,2.944913039690533,968.0,7737.0
2020-01-28,510.8684387207031,12055.7998046875,30761.04296875,1569.199951171875,71.24,6.575,6.384,1.6410000324249268,1.465999960899353,-1357.56,711.7,126.2353,111.834453591118,-15.38956,5.4,4.0,2.944913039690533,968.0,7737.0
2020-01-29,509.3209838867187,12129.5,30876.640625,1569.800048828125,71.35,6.568,6.372,1.593999981880188,1.4170000553131104,-1014.27,1520.9,126.2353,111.834453591118,-15.38956,5.4,4.0,2.944913039690533,968.0,7737.0
2020-01-30,514.7372436523438,12035.7998046875,30647.044921875,1583.5,71.57,6.558,6.366,1.5579999685287476,1.3799999952316284,-962.28,292.35,126.2353,111.834453591118,-15.38956,5.4,4.0,2.944913039690533,968.0,7737.0
2020-01-31,508.4021606445313,11962.099609375,30833.2421875,1582.9000244140625,71.53,6.599,6.401,1.5199999809265137,1.3259999752044678,-4179.12,3816.44,126.2353,111.834453591118,-15.38956,5.4,4.0,2.944913039690533,968.0,7737.0
2020-02-03,498.6335754394531,11707.900390625,30022.900390625,1577.199951171875,71.32,6.503,6.297,1.5199999809265137,1.343000054359436,-1354.72,1138.74,126.2353,111.834453591118,-15.38956,5.4,4.0,2.944913039690533,968.0,7737.0
2020-02-04,513.3831176757812,11979.650390625,30686.341796875,1550.4000244140625,71.11,6.504,6.302,1.6030000448226929,1.4240000247955322,-1354.72,1138.74,126.2353,111.834453591118,-15.38956,5.4,4.0,2.944913039690533,968.0,7737.0
2020-02-05,521.4107666015625,12089.150390625,31001.58984375,1557.800048828125,71.19,6.505,6.275,1.64900004863739,1.4600000381469729,-1354.72,1138.74,126.2353,111.834453591118,-15.38956,5.4,4.0,2.944913039690533,968.0,7737.0
2020-02-06,523.8287353515625,12137.9501953125,31303.6875,1565.0999755859375,71.19,6.446,6.105,1.6440000534057615,1.4600000381469729,7498.29,441.05,126.2353,111.834453591118,-15.38956,5.4,4.0,2.944913039690533,968.0,7737.0
2020-02-07,518.8477783203125,12098.349609375,31201.5859375,1568.5999755859375,71.47,6.439,6.038,1.5779999494552612,1.4010000228881836,-556.72,908.64,126.2353,111.834453591118,-15.38956,5.4,4.0,2.944913039690533,968.0,7737.0
2020-02-10,516.4297485351562,12031.5,31057.7890625,1574.699951171875,71.28,6.44,5.994,1.5470000505447388,1.3669999837875366,-556.72,908.64,126.2353,111.834453591118,-15.38956,5.4,4.0,2.944913039690533,968.0,7737.0
2020-02-11,522.0394897460938,12107.900390625,31300.236328125,1565.5999755859375,71.25,6.464,5.977,1.590000033378601,1.4110000133514404,740.61,-533.97,126.2353,111.834453591118,-15.38956,5.4,4.0,2.944913039690533,968.0,7737.0
2020-02-12,531.2760620117188,12201.2001953125,31492.53515625,1567.4000244140625,71.29,6.473,5.972,1.6299999952316284,1.4450000524520874,357.35,-1635.97,126.2353,111.834453591118,-15.38956,5.4,4.0,2.944913039690533,968.0,7737.0
2020-02-13,523.2484741210938,12174.650390625,31229.88671875,1575.0999755859375,71.27,6.423,5.949,1.6169999837875366,1.4390000104904177,1061.39,-960.48,126.2353,111.834453591118,-15.38956,5.4,4.0,2.944913039690533,968.0,7737.0
2020-02-14,527.8909912109375,12113.4501953125,30834.443359375,1582.699951171875,71.52,6.369,5.934,1.5880000591278076,1.4140000343322754,-704.92,219.54,126.2353,111.834453591118,-15.38956,5.4,4.0,2.944913039690533,968.0,7737.0
2020-02-17,523.8287353515625,12045.7998046875,30680.341796875,1582.699951171875,71.52,6.387,5.951,1.5880000591278076,1.4140000343322754,-374.06,-154.25,126.2353,111.834453591118,-15.38956,5.4,4.0,2.944913039690533,968.0,7737.0
2020-02-18,523.4419555664062,11992.5,30562.14453125,1600.0,71.56,6.384,5.931,1.555999994277954,1.3930000066757202,-74.39,-309.43,126.2353,111.834453591118,-15.38956,5.4,4.0,2.944913039690533,968.0,7737.0
2020-02-19,526.9237670898438,12125.900390625,30837.83984375,1607.5,71.55,6.384,5.931,1.5700000524520874,1.409000039100647,-190.66,590.12,126.2353,111.834453591118,-15.38956,5.4,4.0,2.944913039690533,968.0,7737.0
2020-02-20,529.0516357421875,12080.849609375,30942.490234375,1616.5999755859375,71.67,6.422,5.977,1.524999976158142,1.3700000047683716,1495.25,-699.62,126.2353,111.834453591118,-15.38956,5.4,4.0,2.944913039690533,968.0,7737.0
2020-02-21,529.0516357421875,12080.849609375,30942.490234375,1644.5999755859375,71.9,6.422,5.977,1.4709999561309814,1.3179999589920044,1495.25,-699.62,126.2353,111.834453591118,-15.38956,5.4,4.0,2.944913039690533,968.0,7737.0
2020-02-24,512.4642944335938,11829.400390625,30454.74609375,1672.4000244140625,71.92,6.367,5.932,1.3769999742507937,1.218000054359436,-1160.9,516.21,126.2353,111.834453591118,-15.38956,5.4,4.0,2.944913039690533,968.0,7737.0
2020-02-25,513.5283203125,11797.900390625,30432.345703125,1646.9000244140625,71.81,6.367,5.935,1.3300000429153442,1.156000018119812,-2315.07,1565.28,126.2353,111.834453591118,-15.38956,5.4,4.0,2.944913039690533,968.0,7737.0
2020-02-26,506.5162048339844,11678.5,30306.498046875,1640.0,71.58,6.346,5.871,1.309999942779541,1.1330000162124634,-3336.6,2785.67,126.2353,111.834453591118,-15.38956,5.4,4.0,2.944913039690533,968.0,7737.0
2020-02-27,498.4400939941406,11633.2998046875,30186.6484375,1640.0,71.65,6.378,5.888,1.2990000247955322,1.1069999933242798,-3127.36,3497.5,126.2353,111.834453591118,-15.38956,5.4,4.0,2.944913039690533,968.0,7737.0
2020-02-28,480.9339904785156,11201.75,29146.8125,1564.0999755859375,72.53,6.371,5.868,1.1269999742507937,0.912999987602234,-1428.74,7621.16,126.2353,111.834453591118,-15.38956,5.4,4.0,2.944913039690533,968.0,7737.0
2020-03-02,489.4936218261719,11132.75,28868.064453125,1592.300048828125,72.88,6.346,5.826,1.0880000591278076,0.8650000095367432,-1200.27,1286.63,126.2353,111.834453591118,-15.38956,5.4,4.0,2.944913039690533,968.0,7737.0
2020-03-03,497.8597717285156,11303.2998046875,29176.7109375,1642.0999755859375,73.03,6.342,5.811,1.0099999904632568,0.7680000066757202,-2415.8,3135.24,126.2353,111.834453591118,-15.38956,5.4,4.0,2.944913039690533,968.0,7737.0
2020-03-04,491.6697998046875,11251.0,28653.365234375,1641.0999755859375,73.49,6.226,5.627,0.9919999837875366,0.7289999723434448,-1960.97,226.55,126.2353,111.834453591118,-15.38956,5.4,4.0,2.944913039690533,968.0,7737.0
2020-03-05,487.9461059570313,11269.0,28815.015625,1666.4000244140625,73.5,6.239,5.654,0.9259999990463256,0.6729999780654907,-1960.97,226.55,126.2353,111.834453591118,-15.38956,5.4,4.0,2.944913039690533,968.0,7737.0
2020-03-06,470.3916931152344,10989.4501953125,27801.126953125,1670.800048828125,74.0,6.185,5.621,0.7059999704360962,0.5569999814033508,1851.12,-781.79,126.2353,111.834453591118,-15.38956,5.4,4.0,2.944913039690533,968.0,7737.0
2020-03-09,442.7301025390625,10451.4501953125,26462.29296875,1674.5,74.21,6.066,5.596,0.4990000128746032,0.4289999902248382,7.72,120.08,126.2353,111.834453591118,-15.38956,5.4,4.0,2.944913039690533,968.0,7737.0
2020-03-10,442.7301025390625,10451.4501953125,26462.29296875,1659.0999755859375,74.15,6.066,5.596,0.7480000257492065,0.6140000224113464,7.72,120.08,126.2353,111.834453591118,-15.38956,5.4,4.0,2.944913039690533,968.0,7737.0
2020-03-11,450.3708801269531,10458.400390625,26487.4921875,1641.4000244140625,73.68,6.125,5.648,0.8199999928474426,0.6570000052452087,2274.4,-1100.92,126.2353,111.834453591118,-15.38956,5.4,4.0,2.944913039690533,968.0,7737.0
2020-03-12,411.6833801269531,9590.150390625,23970.87109375,1589.300048828125,74.25,6.236,5.758,0.8489999771118164,0.6489999890327454,3637.42,-1439.74,126.2353,111.834453591118,-15.38956,5.4,4.0,2.944913039690533,968.0,7737.0
2020-03-13,432.5262756347656,9955.2001953125,25166.15625,1515.699951171875,73.86,6.322,5.955,0.9509999752044678,0.7170000076293945,-6027.58,5867.9,126.2353,111.834453591118,-15.38956,5.4,4.0,2.944913039690533,968.0,7737.0
2020-03-16,389.6798706054687,9197.400390625,23100.8828125,1485.9000244140625,74.01,6.208,5.948,0.7279999852180481,0.492000013589859,-3809.93,2614.54,126.2353,111.834453591118,-15.38956,5.4,4.0,2.944913039690533,968.0,7737.0
2020-03-17,355.1996154785156,8967.0498046875,22154.892578125,1524.9000244140625,74.26,6.265,6.075,0.996999979019165,0.6499999761581421,-4044.69,3422.12,126.2353,111.834453591118,-15.38956,5.4,4.0,2.944913039690533,968.0,7737.0
2020-03-18,343.39996337890625,8468.7998046875,20579.9609375,1477.300048828125,74.55,6.296,6.052,1.2660000324249268,0.8199999928474426,-5085.35,3636.44,126.2353,111.834453591118,-15.38956,5.4,4.0,2.944913039690533,968.0,7737.0
2020-03-19,327.44134521484375,8263.4501953125,20083.265625,1478.5999755859375,74.78,6.41,6.233,1.11899995803833,0.6480000019073486,-4622.93,4367.43,126.2353,111.834453591118,-15.38956,5.4,4.0,2.944913039690533,968.0,7737.0
2020-03-20,334.35675048828125,8745.4501953125,20317.36328125,1484.0,75.31,6.259,6.002,0.9380000233650208,0.5199999809265137,-3345.95,2431.24,126.2353,111.834453591118,-15.38956,5.4,4.0,2.944913039690533,968.0,7737.0
2020-03-23,274.6812438964844,7610.25,16917.453125,1567.0,76.29,6.379,6.181,0.7639999985694885,0.395000010728836,-2989.29,1082.24,126.2353,111.834453591118,-15.38956,5.4,4.0,2.944913039690533,968.0,7737.0
2020-03-24,286.7711181640625,7801.0498046875,17107.1015625,1660.199951171875,76.37,6.304,6.014,0.8159999847412109,0.4959999918937683,-2153.35,1553.66,126.2353,111.834453591118,-15.38956,5.4,4.0,2.944913039690533,968.0,7737.0
2020-03-25,306.5017395019531,8317.849609375,18480.8359375,1632.300048828125,76.36,6.304,6.014,0.8579999804496765,0.5210000276565552,-1893.36,737.98,126.2353,111.834453591118,-15.38956,5.4,4.0,2.944913039690533,968.0,7737.0
2020-03-26,319.4136962890625,8641.4501953125,19613.671875,1650.0999755859375,74.89,6.225,5.952,0.8109999895095825,0.4779999852180481,-484.78,-769.93,126.2353,111.834453591118,-15.38956,5.4,4.0,2.944913039690533,968.0,7737.0
2020-03-27,328.6986999511719,8660.25,19968.767578125,1623.9000244140625,75.47,6.144,5.591,0.7490000128746033,0.4259999990463257,355.78,1703.72,126.2353,111.834453591118,-15.38956,5.4,4.0,2.944913039690533,968.0,7737.0
2020-03-30,303.1166076660156,8281.099609375,18782.181640625,1622.0,75.33,6.209,5.715,0.6700000166893005,0.3779999911785126,-4363.61,3550.33,126.2353,111.834453591118,-15.38956,5.4,4.0,2.944913039690533,968.0,7737.0
2020-03-31,313.126953125,8597.75,19143.77734375,1583.4000244140625,75.39,6.138,5.578,0.6980000138282776,0.375,-3044.94,3576.23,126.2353,111.834453591118,-15.38956,5.4,4.0,2.944913039690533,968.0,7737.0
2020-04-01,300.9403991699219,8253.7998046875,18208.138671875,1578.199951171875,76.4,6.138,5.578,0.6349999904632568,0.3689999878406524,-3044.94,3576.23,125.8527,108.028094554792,-7.099327,4.65,3.0,-23.13412896615129,2327.0,8112.0
2020-04-02,300.9403991699219,8253.7998046875,18208.138671875,1625.699951171875,76.34,6.138,5.578,0.6269999742507935,0.3860000073909759,366.21,601.86,125.8527,108.028094554792,-7.099327,4.65,3.0,-23.13412896615129,2327.0,8112.0
2020-04-03,277.24432373046875,8083.7998046875,17249.099609375,1633.699951171875,76.24,6.306,5.776,0.5870000123977661,0.367000013589859,-878.38,764.13,125.8527,108.028094554792,-7.099327,4.65,3.0,-23.13412896615129,2327.0,8112.0
2020-04-06,277.24432373046875,8083.7998046875,17249.099609375,1677.0,75.95,6.306,5.776,0.6759999990463257,0.4440000057220459,2905.04,-847.31,125.8527,108.028094554792,-7.099327,4.65,3.0,-23.13412896615129,2327.0,8112.0
2020-04-07,315.3998718261719,8792.2001953125,19062.279296875,1664.800048828125,75.64,6.414,5.876,0.7360000014305115,0.4830000102519989,2905.04,-847.31,125.8527,108.028094554792,-7.099327,4.65,3.0,-23.13412896615129,2327.0,8112.0
2020-04-08,308.48443603515625,8748.75,18946.228515625,1665.4000244140625,75.96,6.441,5.913,0.7639999985694885,0.4670000076293945,703.74,-665.69,125.8527,108.028094554792,-7.099327,4.65,3.0,-23.13412896615129,2327.0,8112.0
2020-04-09,331.4552001953125,9111.900390625,19913.3671875,1736.199951171875,76.3,6.49,5.938,0.7289999723434448,0.4110000133514404,-1888.78,-456.88,125.8527,108.028094554792,-7.099327,4.65,3.0,-23.13412896615129,2327.0,8112.0
2020-04-10,331.4552001953125,9111.900390625,19913.3671875,1736.199951171875,75.87,6.49,5.938,0.7289999723434448,0.4110000133514404,-1888.78,-456.88,125.8527,108.028094554792,-7.099327,4.65,3.0,-23.13412896615129,2327.0,8112.0
2020-04-13,319.8005676269531,8993.849609375,19487.7734375,1744.800048828125,76.25,6.495,5.95,0.7490000128746033,0.4300000071525574,-1243.74,-1096.89,125.8527,108.028094554792,-7.099327,4.65,3.0,-23.13412896615129,2327.0,8112.0
2020-04-14,319.8005676269531,8993.849609375,19487.7734375,1756.699951171875,76.11,6.495,5.95,0.7519999742507935,0.4189999997615814,-1243.74,-1096.89,125.8527,108.028094554792,-7.099327,4.65,3.0,-23.13412896615129,2327.0,8112.0
2020-04-15,316.6088562011719,8925.2998046875,19056.830078125,1727.199951171875,76.56,6.425,5.769,0.6380000114440918,0.3389999866485595,1359.31,-1097.86,125.8527,108.028094554792,-7.099327,4.65,3.0,-23.13412896615129,2327.0,8112.0
2020-04-16,330.77813720703125,8992.7998046875,19399.775390625,1720.4000244140625,76.75,6.44,5.739,0.609000027179718,0.3409999907016754,-2920.36,1321.44,125.8527,108.028094554792,-7.099327,4.65,3.0,-23.13412896615129,2327.0,8112.0
2020-04-17,363.2272644042969,9266.75,20681.208984375,1689.199951171875,76.56,6.347,5.482,0.6539999842643738,0.363999992609024,-1391.98,534.24,125.8527,108.028094554792,-7.099327,4.65,3.0,-23.13412896615129,2327.0,8112.0
2020-04-20,349.4448547363281,9261.849609375,20522.412109375,1701.5999755859375,76.56,6.209,5.277,0.6259999871253967,0.3519999980926513,-265.89,-788.87,125.8527,108.028094554792,-7.099327,4.65,3.0,-23.13412896615129,2327.0,8112.0
2020-04-21,320.961181640625,8981.4501953125,19409.123046875,1678.199951171875,76.95,6.212,5.298,0.5709999799728394,0.3339999914169311,-2095.23,-68.46,125.8527,108.028094554792,-7.099327,4.65,3.0,-23.13412896615129,2327.0,8112.0
2020-04-22,324.92669677734375,9187.2998046875,19701.62109375,1728.699951171875,76.44,6.224,5.156,0.6190000176429749,0.363999992609024,-1326.09,863.82,125.8527,108.028094554792,-7.099327,4.65,3.0,-23.13412896615129,2327.0,8112.0
2020-04-23,341.3688659667969,9313.900390625,20267.712890625,1733.300048828125,75.84,6.06,5.099,0.6129999756813049,0.3689999878406524,-114.58,338.27,125.8527,108.028094554792,-7.099327,4.65,3.0,-23.13412896615129,2327.0,8112.0
2020-04-24,323.86279296875,9154.400390625,19586.421875,1723.5,76.26,6.167,5.188,0.5960000157356262,0.363999992609024,-207.29,-993.98,125.8527,108.028094554792,-7.099327,4.65,3.0,-23.13412896615129,2327.0,8112.0
2020-04-27,336.4845275878906,9282.2998046875,20080.916015625,1711.9000244140625,76.23,6.153,5.212,0.656000018119812,0.4009999930858612,-916.42,1141.97,125.8527,108.028094554792,-7.099327,4.65,3.0,-23.13412896615129,2327.0,8112.0
2020-04-28,348.04248046875,9380.900390625,20670.859375,1710.5,75.96,6.137,5.187,0.6100000143051147,0.3689999878406524,-122.15,389.0,125.8527,108.028094554792,-7.099327,4.65,3.0,-23.13412896615129,2327.0,8112.0
2020-04-29,358.2946472167969,9553.349609375,21089.953125,1703.4000244140625,75.45,6.125,5.191,0.6269999742507935,0.3619999885559082,722.08,786.4,125.8527,108.028094554792,-7.099327,4.65,3.0,-23.13412896615129,2327.0,8112.0
2020-04-30,367.6763610839844,9859.900390625,21534.25,1684.199951171875,75.08,6.11,5.15,0.621999979019165,0.3449999988079071,1968.8,579.03,125.8527,108.028094554792,-7.099327,4.65,3.0,-23.13412896615129,2327.0,8112.0
2020-05-01,367.6763610839844,9859.900390625,21534.25,1694.5,75.75,6.11,5.15,0.6420000195503235,0.3689999878406524,1968.8,579.03,126.2353,106.487425421041,-3.26483,4.49,3.0,-23.13412896615129,2327.0,8112.0
2020-05-04,326.9577331542969,9293.5,19743.521484375,1706.9000244140625,75.64,6.084,5.685,0.6370000243186951,0.3580000102519989,1968.8,579.03,126.2353,106.487425421041,-3.26483,4.49,3.0,-23.13412896615129,2327.0,8112.0
2020-05-05,319.9939880371094,9205.599609375,19271.525390625,1704.4000244140625,75.72,6.073,5.636,0.6570000052452087,0.3689999878406524,-323.86,-58.21,126.2353,106.487425421041,-3.26483,4.49,3.0,-23.13412896615129,2327.0,8112.0
2020-05-06,330.1978454589844,9270.900390625,19694.322265625,1684.199951171875,76.08,6.028,5.558,0.7110000252723694,0.3770000040531158,97.61,47.29,126.2353,106.487425421041,-3.26483,4.49,3.0,-23.13412896615129,2327.0,8112.0
2020-05-07,325.700439453125,9199.0498046875,19491.57421875,1721.800048828125,75.78,6.028,5.558,0.6309999823570251,0.2960000038146972,97.61,47.29,126.2353,106.487425421041,-3.26483,4.49,3.0,-23.13412896615129,2327.0,8112.0
2020-05-08,326.6192321777344,9251.5,19352.67578125,1709.9000244140625,75.58,5.967,5.5,0.6819999814033508,0.3260000050067901,-60.18,-425.98,126.2353,106.487425421041,-3.26483,4.49,3.0,-23.13412896615129,2327.0,8112.0
2020-05-11,309.6450500488281,9239.2001953125,18950.279296875,1695.300048828125,75.87,6.167,5.6,0.7260000109672546,0.3580000102519989,5368.31,-2208.18,126.2353,106.487425421041,-3.26483,4.49,3.0,-23.13412896615129,2327.0,8112.0
2020-05-12,310.6606750488281,9196.5498046875,18862.630859375,1704.4000244140625,75.03,6.163,5.651,0.6779999732971191,0.3350000083446502,5368.31,-2208.18,126.2353,106.487425421041,-3.26483,4.49,3.0,-23.13412896615129,2327.0,8112.0
2020-05-13,326.9577331542969,9383.5498046875,19634.720703125,1713.9000244140625,75.33,6.095,5.618,0.6489999890327454,0.3149999976158142,-283.43,232.65,126.2353,106.487425421041,-3.26483,4.49,3.0,-23.13412896615129,2327.0,8112.0
2020-05-14,316.6571960449219,9142.75,19068.279296875,1738.0999755859375,75.48,6.056,5.584,0.6190000176429749,0.3000000119209289,-2152.52,802.36,126.2353,106.487425421041,-3.26483,4.49,3.0,-23.13412896615129,2327.0,8112.0
2020-05-15,312.1114501953125,9136.849609375,18833.73046875,1753.4000244140625,75.82,6.081,5.592,0.6399999856948853,0.3079999983310699,-2388.04,1225.53,126.2353,106.487425421041,-3.26483,4.49,3.0,-23.13412896615129,2327.0,8112.0
2020-05-18,288.7054748535156,8823.25,17572.994140625,1731.800048828125,75.74,6.05,5.593,0.7440000176429749,0.3779999911785126,-2512.82,-152.42,126.2353,106.487425421041,-3.26483,4.49,3.0,-23.13412896615129,2327.0,8112.0
2020-05-19,290.4464111328125,8879.099609375,17486.046875,1744.199951171875,75.67,6.035,5.568,0.7110000252723694,0.3479999899864197,-1328.31,1659.74,126.2353,106.487425421041,-3.26483,4.49,3.0,-23.13412896615129,2327.0,8112.0
2020-05-20,295.62091064453125,9066.5498046875,17839.9921875,1750.5999755859375,75.47,6.041,5.545,0.6800000071525574,0.3300000131130218,-1466.52,2373.19,126.2353,106.487425421041,-3.26483,4.49,3.0,-23.13412896615129,2327.0,8112.0
2020-05-21,294.4118957519531,9106.25,17734.892578125,1720.5,75.63,6.034,5.505,0.6769999861717224,0.3400000035762787,-258.73,401.78,126.2353,106.487425421041,-3.26483,4.49,3.0,-23.13412896615129,2327.0,8112.0
2020-05-22,281.49993896484375,9039.25,17278.69921875,1734.5999755859375,75.99,5.961,5.431,0.6570000052452087,0.3330000042915344,-1353.9,-344.16,126.2353,106.487425421041,-3.26483,4.49,3.0,-23.13412896615129,2327.0,8112.0
2020-05-25,281.49993896484375,9039.25,17278.69921875,1734.5999755859375,75.99,5.961,5.431,0.6570000052452087,0.3330000042915344,-1353.9,-344.16,126.2353,106.487425421041,-3.26483,4.49,3.0,-23.13412896615129,2327.0,8112.0
2020-05-26,283.09576416015625,9029.0498046875,17440.146484375,1704.800048828125,75.43,5.975,5.417,0.6980000138282776,0.3510000109672546,4716.13,2841.09,126.2353,106.487425421041,-3.26483,4.49,3.0,-23.13412896615129,2327.0,8112.0
2020-05-27,308.38775634765625,9314.9501953125,18710.333984375,1710.300048828125,75.88,5.984,5.416,0.6800000071525574,0.3429999947547912,-334.74,2408.85,126.2353,106.487425421041,-3.26483,4.49,3.0,-23.13412896615129,2327.0,8112.0
2020-05-28,316.1252746582031,9490.099609375,19169.578125,1713.300048828125,75.67,5.99,5.428,0.7049999833106995,0.3459999859333038,2354.14,144.83,126.2353,106.487425421041,-3.26483,4.49,3.0,-23.13412896615129,2327.0,8112.0
2020-05-29,321.05792236328125,9580.2998046875,19297.025390625,1736.9000244140625,75.59,6.013,5.426,0.6480000019073486,0.3039999902248382,1460.71,967.43,126.2353,106.487425421041,-3.26483,4.49,3.0,-23.13412896615129,2327.0,8112.0
2020-06-01,328.1183776855469,9826.150390625,19959.66796875,1737.800048828125,75.56,6.042,5.457,0.6620000004768372,0.3019999861717224,-103.84,-23.7,127.0003,108.118722150895,0.5471745,4.25,3.0,-23.13412896615129,2327.0,8112.0
2020-06-02,336.9681091308594,9979.099609375,20529.9609375,1725.199951171875,75.03,5.998,5.456,0.6800000071525574,0.3199999928474426,-560.36,304.01,127.0003,108.118722150895,0.5471745,4.25,3.0,-23.13412896615129,2327.0,8112.0
2020-06-03,345.140869140625,10061.5498046875,20940.455078125,1697.800048828125,75.32,6.031,5.484,0.7609999775886536,0.3770000040531158,-3594.84,2543.78,127.0003,108.118722150895,0.5471745,4.25,3.0,-23.13412896615129,2327.0,8112.0
2020-06-04,336.43621826171875,10029.099609375,20390.212890625,1718.9000244140625,75.43,5.796,5.426,0.8199999928474426,0.4040000140666961,-3594.84,2543.78,127.0003,108.118722150895,0.5471745,4.25,3.0,-23.13412896615129,2327.0,8112.0
2020-06-05,345.47943115234375,10142.150390625,21034.255859375,1676.199951171875,75.61,5.821,5.44,0.9039999842643738,0.4760000109672546,-493.68,322.47,127.0003,108.118722150895,0.5471745,4.25,3.0,-23.13412896615129,2327.0,8112.0
2020-06-08,347.9940490722656,10167.4501953125,21187.103515625,1698.300048828125,75.44,5.807,5.428,0.8840000033378601,0.4539999961853027,637.43,-468.0,127.0003,108.118722150895,0.5471745,4.25,3.0,-23.13412896615129,2327.0,8112.0
2020-06-09,337.11322021484375,10046.650390625,20724.66015625,1714.699951171875,75.44,5.775,5.416,0.8289999961853027,0.4059999883174896,637.43,-468.0,127.0003,108.118722150895,0.5471745,4.25,3.0,-23.13412896615129,2327.0,8112.0
2020-06-10,341.4172058105469,10116.150390625,21099.853515625,1713.300048828125,75.65,5.772,5.417,0.7480000257492065,0.3370000123977661,1101.76,-934.84,127.0003,108.118722150895,0.5471745,4.25,3.0,-23.13412896615129,2327.0,8112.0
2020-06-11,330.0527648925781,9902.0,20524.912109375,1732.0,75.97,5.781,5.42,0.652999997138977,0.3019999861717224,4869.87,-2938.66,127.0003,108.118722150895,0.5471745,4.25,3.0,-23.13412896615129,2327.0,8112.0
2020-06-12,332.90594482421875,9972.900390625,20654.310546875,1729.300048828125,76.03,5.796,5.421,0.6990000009536743,0.328000009059906,4869.87,-2938.66,127.0003,108.118722150895,0.5471745,4.25,3.0,-23.13412896615129,2327.0,8112.0
2020-06-15,320.2358093261719,9813.7001953125,19912.66796875,1720.300048828125,75.97,5.792,5.424,0.7020000219345093,0.328000009059906,-2960.33,1076.38,127.0003,108.118722150895,0.5471745,4.25,3.0,-23.13412896615129,2327.0,8112.0
2020-06-16,331.697021484375,9914.0,20296.462890625,1729.5999755859375,76.19,5.846,5.463,0.7559999823570251,0.3499999940395355,-1478.52,1161.51,127.0003,108.118722150895,0.5471745,4.25,3.0,-23.13412896615129,2327.0,8112.0
2020-06-17,330.72979736328125,9881.150390625,20201.515625,1729.199951171875,76.25,5.835,5.449,0.7329999804496765,0.3389999866485595,-486.62,168.05,127.0003,108.118722150895,0.5471745,4.25,3.0,-23.13412896615129,2327.0,8112.0
2020-06-18,340.4500427246094,10091.650390625,20956.056640625,1724.800048828125,76.32,5.822,5.428,0.6940000057220459,0.328000009059906,366.57,1131.27,127.0003,108.118722150895,0.5471745,4.25,3.0,-23.13412896615129,2327.0,8112.0
2020-06-19,351.8628234863281,10244.400390625,21337.8515625,1745.9000244140625,76.21,5.849,5.402,0.6970000267028809,0.3269999921321869,1237.0,-880.66,127.0003,108.118722150895,0.5471745,4.25,3.0,-23.13412896615129,2327.0,8112.0
2020-06-22,355.48974609375,10311.2001953125,21708.09765625,1756.699951171875,75.76,5.877,5.39,0.7039999961853027,0.3350000083446502,424.21,-1287.69,127.0003,108.118722150895,0.5471745,4.25,3.0,-23.13412896615129,2327.0,8112.0
2020-06-23,363.8076171875,10471.0,22264.642578125,1772.0999755859375,75.48,5.903,5.411,0.7089999914169312,0.324999988079071,168.96,454.48,127.0003,108.118722150895,0.5471745,4.25,3.0,-23.13412896615129,2327.0,8112.0
2020-06-24,336.677978515625,10305.2998046875,21426.55078125,1765.800048828125,75.65,5.918,5.428,0.6840000152587891,0.3160000145435333,1766.9,-1524.9,127.0003,108.118722150895,0.5471745,4.25,3.0,-23.13412896615129,2327.0,8112.0
2020-06-25,339.4828186035156,10288.900390625,21505.900390625,1762.0999755859375,75.58,5.891,5.358,0.6740000247955322,0.3269999921321869,-1050.61,-255.59,127.0003,108.118722150895,0.5471745,4.25,3.0,-23.13412896615129,2327.0,8112.0
2020-06-26,337.64520263671875,10383.0,21591.80078125,1772.5,75.63,5.913,5.361,0.6359999775886536,0.2989999949932098,-753.18,1304.18,127.0003,108.118722150895,0.5471745,4.25,3.0,-23.13412896615129,2327.0,8112.0
2020-06-29,331.842041015625,10312.400390625,21358.751953125,1774.800048828125,75.52,5.903,5.305,0.6359999775886536,0.2820000052452087,-1937.06,1036.13,127.0003,108.118722150895,0.5471745,4.25,3.0,-23.13412896615129,2327.0,8112.0
2020-06-30,339.9180908203125,10302.099609375,21369.90234375,1793.0,75.53,5.888,5.281,0.652999997138977,0.289000004529953,-2000.08,2051.31,127.0003,108.118722150895,0.5471745,4.25,3.0,-23.13412896615129,2327.0,8112.0
2020-07-01,352.1046142578125,10430.0498046875,21977.34375,1773.199951171875,75.5,5.838,5.047,0.6819999814033508,0.3129999935626983,-682.23,311.19,128.5304,109.659391284646,-4.300642,4.25,3.0,-5.839217609145663,2394.0,8545.0
2020-07-02,350.9440002441406,10551.7001953125,21952.943359375,1784.0,74.78,5.841,5.042,0.6690000295639038,0.2939999997615814,161.93,-178.59,128.5304,109.659391284646,-4.300642,4.25,3.0,-5.839217609145663,2394.0,8545.0
2020-07-03,349.1546936035156,10607.349609375,21852.146484375,1784.0,74.78,5.845,5.072,0.6690000295639038,0.2939999997615814,161.93,-178.59,128.5304,109.659391284646,-4.300642,4.25,3.0,-5.839217609145663,2394.0,8545.0
2020-07-06,349.9768371582031,10763.650390625,22198.69140625,1788.5,74.62,5.836,5.065,0.6840000152587891,0.3070000112056732,161.93,-178.59,128.5304,109.659391284646,-4.300642,4.25,3.0,-5.839217609145663,2394.0,8545.0
2020-07-07,363.71087646484375,10799.650390625,22627.736328125,1804.199951171875,74.81,5.792,4.991,0.6499999761581421,0.2930000126361847,829.9,-784.47,128.5304,109.659391284646,-4.300642,4.25,3.0,-5.839217609145663,2394.0,8545.0
2020-07-08,356.8438720703125,10705.75,22584.388671875,1815.5,74.94,5.778,4.978,0.652999997138977,0.2910000085830688,397.32,-438.62,128.5304,109.659391284646,-4.300642,4.25,3.0,-5.839217609145663,2394.0,8545.0
2020-07-09,358.19793701171875,10813.4501953125,22906.93359375,1799.199951171875,75.12,5.772,4.943,0.6050000190734863,0.2739999890327453,-6.93,-815.82,128.5304,109.659391284646,-4.300642,4.25,3.0,-5.839217609145663,2394.0,8545.0
2020-07-10,348.52606201171875,10768.0498046875,22398.189453125,1798.199951171875,75.14,5.76,4.84,0.6330000162124634,0.2980000078678131,1093.81,-1129.49,128.5304,109.659391284646,-4.300642,4.25,3.0,-5.839217609145663,2394.0,8545.0
2020-07-13,341.9975280761719,10802.7001953125,22088.994140625,1811.0,75.16,5.786,4.844,0.6399999856948853,0.2980000078678131,221.76,-1485.59,128.5304,109.659391284646,-4.300642,4.25,3.0,-5.839217609145663,2394.0,8545.0
2020-07-14,334.2116394042969,10607.349609375,21391.951171875,1810.5999755859375,75.38,5.825,4.874,0.6150000095367432,0.2820000052452087,-1565.62,-649.7,128.5304,109.659391284646,-4.300642,4.25,3.0,-5.839217609145663,2394.0,8545.0
2020-07-15,334.4534606933594,10618.2001953125,21340.501953125,1811.4000244140625,75.11,5.815,4.88,0.6299999952316284,0.2849999964237213,-221.7,-899.37,128.5304,109.659391284646,-4.300642,4.25,3.0,-5.839217609145663,2394.0,8545.0
2020-07-16,333.3411865234375,10739.9501953125,21596.8984375,1798.699951171875,75.11,5.813,4.885,0.6119999885559082,0.2750000059604645,-1091.08,1659.91,128.5304,109.659391284646,-4.300642,4.25,3.0,-5.839217609145663,2394.0,8545.0
2020-07-17,342.19097900390625,10901.7001953125,21966.544921875,1808.300048828125,74.93,5.805,4.884,0.628000020980835,0.2820000052452087,697.08,-209.42,128.5304,109.659391284646,-4.300642,4.25,3.0,-5.839217609145663,2394.0,8545.0
2020-07-20,351.089111328125,11022.2001953125,22321.58984375,1815.9000244140625,74.77,5.799,4.903,0.6200000047683716,0.2849999964237213,1709.97,-1521.99,128.5304,109.659391284646,-4.300642,4.25,3.0,-5.839217609145663,2394.0,8545.0
2020-07-21,366.37060546875,11162.25,22781.734375,1842.4000244140625,74.54,5.829,4.937,0.6069999933242798,0.2709999978542328,2265.88,-727.39,128.5304,109.659391284646,-4.300642,4.25,3.0,-5.839217609145663,2394.0,8545.0
2020-07-22,368.59521484375,11132.599609375,22882.333984375,1864.0999755859375,74.56,5.814,4.939,0.5950000286102295,0.2689999938011169,1665.57,-1138.83,128.5304,109.659391284646,-4.300642,4.25,3.0,-5.839217609145663,2394.0,8545.0
2020-07-23,379.3793029785156,11215.4501953125,23083.6328125,1889.0999755859375,74.81,5.805,4.925,0.5820000171661377,0.2660000026226043,1740.5,-931.91,128.5304,109.659391284646,-4.300642,4.25,3.0,-5.839217609145663,2394.0,8545.0
2020-07-24,369.272216796875,11194.150390625,22661.787109375,1897.300048828125,74.77,5.817,4.941,0.5889999866485596,0.2739999890327453,409.88,-1002.98,128.5304,109.659391284646,-4.300642,4.25,3.0,-5.839217609145663,2394.0,8545.0
2020-07-27,346.7367248535156,11131.7998046875,21848.49609375,1931.0,74.77,5.859,5.01,0.609000027179718,0.2849999964237213,-453.31,-977.88,128.5304,109.659391284646,-4.300642,4.25,3.0,-5.839217609145663,2394.0,8545.0
2020-07-28,340.5467834472656,11300.5498046875,22104.94140625,1944.699951171875,74.91,5.85,5.01,0.5809999704360962,0.2660000026226043,245.95,-1017.4,128.5304,109.659391284646,-4.300642,4.25,3.0,-5.839217609145663,2394.0,8545.0
2020-07-29,339.5311279296875,11202.849609375,22076.34375,1953.5,74.92,5.835,5.013,0.5789999961853027,0.2529999911785126,-352.62,-505.62,128.5304,109.659391284646,-4.300642,4.25,3.0,-5.839217609145663,2394.0,8545.0
2020-07-30,333.6313781738281,11102.150390625,21646.59765625,1942.300048828125,74.88,5.825,4.991,0.5410000085830688,0.2300000041723251,207.3,-387.24,128.5304,109.659391284646,-4.300642,4.25,3.0,-5.839217609145663,2394.0,8545.0
2020-07-31,335.4206237792969,11073.4501953125,21639.798828125,1962.800048828125,74.9,5.837,4.988,0.5360000133514404,0.2150000035762787,-958.64,442.73,128.5304,109.659391284646,-4.300642,4.25,3.0,-5.839217609145663,2394.0,8545.0
2020-08-03,331.98712158203125,10891.599609375,21071.85546875,1966.0,75.2,5.837,5.0,0.5630000233650208,0.2249999940395355,-958.64,442.73,128.5304,109.659391284646,-4.300642,4.25,3.0,-5.839217609145663,2394.0,8545.0
2020-08-04,339.4828186035156,11095.25,21490.25,2001.199951171875,75.06,5.833,5.0,0.5149999856948853,0.1949999928474426,1943.41,-1757.79,128.5304,109.659391284646,-4.300642,4.25,3.0,-5.839217609145663,2394.0,8545.0
2020-08-05,340.64349365234375,11101.650390625,21509.69921875,2031.0999755859375,74.8,5.826,4.981,0.5429999828338623,0.2179999947547912,1724.71,-1503.14,128.5304,109.659391284646,-4.300642,4.25,3.0,-5.839217609145663,2394.0,8545.0
2020-08-06,346.9785461425781,11200.150390625,21642.34765625,2051.5,74.87,5.862,5.03,0.5360000133514404,0.2140000015497207,813.27,-1238.23,128.5304,109.659391284646,-4.300642,4.25,3.0,-5.839217609145663,2394.0,8545.0
2020-08-07,346.204833984375,11214.0498046875,21753.748046875,2010.0999755859375,75.04,5.886,5.109,0.5619999766349792,0.2290000021457672,-994.87,-853.41,128.5304,109.659391284646,-4.300642,4.25,3.0,-5.839217609145663,2394.0,8545.0
2020-08-10,351.6210632324219,11270.150390625,21899.99609375,2024.4000244140625,74.91,5.893,5.128,0.5740000009536743,0.2339999973773956,978.37,19.85,128.5304,109.659391284646,-4.300642,4.25,3.0,-5.839217609145663,2394.0,8545.0
2020-08-11,355.29632568359375,11322.5,22226.94140625,1932.5999755859375,74.61,5.903,5.14,0.6579999923706055,0.2910000085830688,978.37,19.85,128.5304,109.659391284646,-4.300642,4.25,3.0,-5.839217609145663,2394.0,8545.0
2020-08-12,354.8127746582031,11308.400390625,22263.7421875,1934.9000244140625,74.73,5.884,5.159,0.6700000166893005,0.2960000038146972,2909.6,-2640.93,128.5304,109.659391284646,-4.300642,4.25,3.0,-5.839217609145663,2394.0,8545.0
2020-08-13,355.973388671875,11300.4501953125,22196.091796875,1956.699951171875,74.81,5.895,5.147,0.7160000205039978,0.3179999887943268,416.28,-763.54,128.5304,109.659391284646,-4.300642,4.25,3.0,-5.839217609145663,2394.0,8545.0
2020-08-14,349.54156494140625,11178.400390625,21679.1484375,1937.0,74.87,5.965,5.234,0.7089999914169312,0.2989999949932098,46.39,-797.08,128.5304,109.659391284646,-4.300642,4.25,3.0,-5.839217609145663,2394.0,8545.0
2020-08-17,348.3809509277344,11247.099609375,21700.59765625,1985.0,74.74,5.975,5.246,0.6830000281333923,0.2849999964237213,332.9,-717.62,128.5304,109.659391284646,-4.300642,4.25,3.0,-5.839217609145663,2394.0,8545.0
2020-08-18,357.4241027832031,11385.349609375,22170.341796875,1999.4000244140625,74.62,5.986,5.263,0.6690000295639038,0.2790000140666961,1134.57,-379.38,128.5304,109.659391284646,-4.300642,4.25,3.0,-5.839217609145663,2394.0,8545.0
2020-08-19,362.1633911132813,11408.400390625,22285.640625,1958.699951171875,74.85,6.008,5.234,0.675000011920929,0.2770000100135803,459.01,-97.13,128.5304,109.659391284646,-4.300642,4.25,3.0,-5.839217609145663,2394.0,8545.0
2020-08-20,355.6832275390625,11312.2001953125,21999.193359375,1933.800048828125,75.01,6.0,5.215,0.6439999938011169,0.2680000066757202,-268.46,-672.23,128.5304,109.659391284646,-4.300642,4.25,3.0,-5.839217609145663,2394.0,8545.0
2020-08-21,358.9716491699219,11371.599609375,22299.33984375,1934.5999755859375,74.92,6.14,5.407,0.6399999856948853,0.2720000147819519,410.16,-250.65,128.5304,109.659391284646,-4.300642,4.25,3.0,-5.839217609145663,2394.0,8545.0
2020-08-24,367.8698120117187,11466.4501953125,22832.734375,1927.699951171875,74.17,6.221,5.469,0.6460000276565552,0.2800000011920929,219.07,-335.64,128.5304,109.659391284646,-4.300642,4.25,3.0,-5.839217609145663,2394.0,8545.0
2020-08-25,373.67291259765625,11472.25,23091.8828125,1911.800048828125,74.2,6.157,5.433,0.6819999814033508,0.2919999957084656,1481.2,-172.97,128.5304,109.659391284646,-4.300642,4.25,3.0,-5.839217609145663,2394.0,8545.0
2020-08-26,376.5744934082031,11549.599609375,23413.927734375,1940.699951171875,74.22,6.203,5.552,0.6869999766349792,0.2899999916553497,1581.31,-1194.62,128.5304,109.659391284646,-4.300642,4.25,3.0,-5.839217609145663,2394.0,8545.0
2020-08-27,379.33099365234375,11559.25,23600.076171875,1921.5999755859375,73.89,6.147,5.518,0.7459999918937683,0.3100000023841858,1164.32,-809.27,128.5304,109.659391284646,-4.300642,4.25,3.0,-5.839217609145663,2394.0,8545.0
2020-08-28,396.25677490234375,11647.599609375,24523.515625,1964.5999755859375,73.11,6.097,5.527,0.7289999723434448,0.2750000059604645,1004.11,-543.56,128.5304,109.659391284646,-4.300642,4.25,3.0,-5.839217609145663,2394.0,8545.0
2020-08-31,381.6522216796875,11387.5,23754.07421875,1967.5999755859375,73.25,6.078,5.472,0.6930000185966492,0.2639999985694885,-3395.49,680.88,128.5304,109.659391284646,-4.300642,4.25,3.0,-5.839217609145663,2394.0,8545.0
2020-09-01,378.1219787597656,11470.25,23811.72265625,1968.199951171875,73.0,5.943,5.201,0.671999990940094,0.2549999952316284,-431.11,419.22,130.1179,111.381315610603,-2.620327,4.25,3.0,-5.839217609145663,2394.0,8545.0
2020-09-02,379.52435302734375,11535.0,23874.2734375,1934.4000244140625,73.27,5.92,5.172,0.6510000228881836,0.2560000121593475,-431.11,419.22,130.1179,111.381315610603,-2.620327,4.25,3.0,-5.839217609145663,2394.0,8545.0
2020-09-03,370.1910400390625,11527.4501953125,23530.576171875,1927.5999755859375,73.39,5.896,5.179,0.621999979019165,0.2370000034570694,-6595.56,4974.8,130.1179,111.381315610603,-2.620327,4.25,3.0,-5.839217609145663,2394.0,8545.0
2020-09-04,360.32574462890625,11333.849609375,23011.232421875,1923.9000244140625,73.29,5.93,5.239,0.7210000157356262,0.3039999902248382,1737.62,-466.02,130.1179,111.381315610603,-2.620327,4.25,3.0,-5.839217609145663,2394.0,8545.0
2020-09-07,361.1478271484375,11355.0498046875,22944.783203125,1923.9000244140625,73.29,5.993,5.35,0.7210000157356262,0.3039999902248382,212.77,-803.39,130.1179,111.381315610603,-2.620327,4.25,3.0,-5.839217609145663,2394.0,8545.0
2020-09-08,363.3724060058594,11317.349609375,22744.13671875,1933.0,73.78,6.056,5.458,0.6840000152587891,0.2720000147819519,212.77,-803.39,130.1179,111.381315610603,-2.620327,4.25,3.0,-5.839217609145663,2394.0,8545.0
2020-09-09,355.53814697265625,11278.0,22266.740234375,1944.699951171875,73.38,5.989,5.435,0.703000009059906,0.2790000140666961,-959.09,-263.97,130.1179,111.381315610603,-2.620327,4.25,3.0,-5.839217609145663,2394.0,8545.0
2020-09-10,358.53643798828125,11449.25,22465.9375,1954.199951171875,73.43,6.053,5.473,0.6850000023841858,0.2660000026226043,-39.39,126.61,130.1179,111.381315610603,-2.620327,4.25,3.0,-5.839217609145663,2394.0,8545.0
2020-09-11,358.34295654296875,11464.4501953125,22479.6875,1937.800048828125,73.45,6.041,5.508,0.6690000295639038,0.2529999911785126,4548.39,-3036.31,130.1179,111.381315610603,-2.620327,4.25,3.0,-5.839217609145663,2394.0,8545.0
2020-09-14,351.76611328125,11440.0498046875,22100.9921875,1953.0999755859375,73.42,6.031,5.467,0.6710000038146973,0.2630000114440918,298.22,-120.35,130.1179,111.381315610603,-2.620327,4.25,3.0,-5.839217609145663,2394.0,8545.0
2020-09-15,359.3585510253906,11521.7998046875,22465.388671875,1956.300048828125,73.57,6.029,5.428,0.6790000200271606,0.2689999938011169,1170.89,-895.63,130.1179,111.381315610603,-2.620327,4.25,3.0,-5.839217609145663,2394.0,8545.0
2020-09-16,362.40521240234375,11604.5498046875,22573.2890625,1960.199951171875,73.54,5.992,5.358,0.6869999766349792,0.2739999890327453,264.66,-212.21,130.1179,111.381315610603,-2.620327,4.25,3.0,-5.839217609145663,2394.0,8545.0
2020-09-17,356.8922424316406,11516.099609375,22320.08984375,1940.0,73.6,6.033,5.431,0.6840000152587891,0.2709999978542328,-249.82,-1067.83,130.1179,111.381315610603,-2.620327,4.25,3.0,-5.839217609145663,2394.0,8545.0
2020-09-18,357.4241027832031,11504.9501953125,22030.794921875,1952.0999755859375,73.54,6.014,5.412,0.6940000057220459,0.2790000140666961,205.15,-100.83,130.1179,111.381315610603,-2.620327,4.25,3.0,-5.839217609145663,2394.0,8545.0
2020-09-21,339.1927185058594,11250.5498046875,21366.552734375,1901.199951171875,73.58,6.016,5.397,0.6710000038146973,0.2680000066757202,-539.81,-517.95,130.1179,111.381315610603,-2.620327,4.25,3.0,-5.839217609145663,2394.0,8545.0
2020-09-22,342.77130126953125,11153.650390625,21138.853515625,1898.5999755859375,73.5,6.01,5.38,0.6639999747276306,0.2599999904632568,-2072.76,878.91,130.1179,111.381315610603,-2.620327,4.25,3.0,-5.839217609145663,2394.0,8545.0
2020-09-23,340.3049621582031,11131.849609375,21178.25390625,1859.9000244140625,73.53,5.99,5.354,0.6759999990463257,0.2709999978542328,-3912.44,1629.23,130.1179,111.381315610603,-2.620327,4.25,3.0,-5.839217609145663,2394.0,8545.0
2020-09-24,324.68487548828125,10805.5498046875,20456.611328125,1868.300048828125,73.9,5.992,5.357,0.6660000085830688,0.2750000059604645,-1885.69,188.64,130.1179,111.381315610603,-2.620327,4.25,3.0,-5.839217609145663,2394.0,8545.0
2020-09-25,337.2099914550781,11050.25,20982.10546875,1857.699951171875,73.71,6.038,5.374,0.6589999794960022,0.2669999897480011,-2080.21,2070.63,130.1179,111.381315610603,-2.620327,4.25,3.0,-5.839217609145663,2394.0,8545.0
2020-09-28,351.089111328125,11227.5498046875,21665.248046875,1872.800048828125,73.79,6.056,5.416,0.6629999876022339,0.2660000026226043,-26.98,542.34,130.1179,111.381315610603,-2.620327,4.25,3.0,-5.839217609145663,2394.0,8545.0
2020-09-29,345.3343200683594,11222.400390625,21411.052734375,1894.300048828125,73.78,6.037,5.411,0.6449999809265137,0.25,-1456.66,576.5,130.1179,111.381315610603,-2.620327,4.25,3.0,-5.839217609145663,2394.0,8545.0
2020-09-30,343.10980224609375,11247.5498046875,21451.55078125,1887.5,73.54,6.015,5.391,0.6769999861717224,0.2720000147819519,-712.48,409.47,130.1179,111.381315610603,-2.620327,4.25,3.0,-5.839217609145663,2394.0,8545.0
2020-10-01,357.085693359375,11416.9501953125,22245.7421875,1908.4000244140625,73.18,5.996,5.297,0.6769999861717224,0.2720000147819519,578.28,-251.74,131.6603,112.015708783325,-7.228985,4.25,3.0,1.775082372853953,3168.0,8927.0
2020-10-02,357.085693359375,11416.9501953125,22245.7421875,1900.199951171875,73.35,5.996,5.297,0.6959999799728394,0.2849999964237213,-184.58,-735.79,131.6603,112.015708783325,-7.228985,4.25,3.0,1.775082372853953,3168.0,8927.0
2020-10-05,360.857666015625,11503.349609375,22370.689453125,1912.5,73.09,6.004,5.268,0.7620000243186951,0.3240000009536743,-184.58,-735.79,131.6603,112.015708783325,-7.228985,4.25,3.0,1.775082372853953,3168.0,8927.0
2020-10-06,368.111572265625,11662.400390625,22853.43359375,1901.0999755859375,73.4,6.026,5.29,0.7419999837875366,0.3160000145435333,-919.26,500.7,131.6603,112.015708783325,-7.228985,4.25,3.0,1.775082372853953,3168.0,8927.0
2020-10-07,370.0943298339844,11738.849609375,22964.533203125,1883.5999755859375,73.28,6.014,5.273,0.7850000262260437,0.3440000116825104,-1031.0,-431.21,131.6603,112.015708783325,-7.228985,4.25,3.0,1.775082372853953,3168.0,8927.0
2020-10-08,374.78521728515625,11834.599609375,23191.080078125,1888.5999755859375,73.33,6.015,5.263,0.7649999856948853,0.3260000050067901,302.88,-504.92,131.6603,112.015708783325,-7.228985,4.25,3.0,1.775082372853953,3168.0,8927.0
2020-10-09,388.3258056640625,11914.2001953125,23846.5234375,1919.5,72.98,5.937,5.197,0.7749999761581421,0.335999995470047,838.37,-317.3,131.6603,112.015708783325,-7.228985,4.25,3.0,1.775082372853953,3168.0,8927.0
2020-10-12,390.7921142578125,11930.9501953125,23712.525390625,1922.5,72.98,5.899,5.161,0.7770000100135803,0.3389999866485595,2259.98,-2275.22,131.6603,112.015708783325,-7.228985,4.25,3.0,1.775082372853953,3168.0,8927.0
2020-10-13,383.248046875,11934.5,23491.92578125,1888.5,73.45,5.904,5.173,0.7269999980926514,0.3019999861717224,832.14,-1674.46,131.6603,112.015708783325,-7.228985,4.25,3.0,1.775082372853953,3168.0,8927.0
2020-10-14,393.451904296875,11971.0498046875,23874.373046875,1901.300048828125,73.24,5.9,5.171,0.722000002861023,0.3019999861717224,821.86,-1276.14,131.6603,112.015708783325,-7.228985,4.25,3.0,1.775082372853953,3168.0,8927.0
2020-10-15,378.17034912109375,11680.349609375,23072.1328125,1903.199951171875,73.48,5.898,5.161,0.7310000061988831,0.3140000104904175,-604.07,-808.29,131.6603,112.015708783325,-7.228985,4.25,3.0,1.775082372853953,3168.0,8927.0
2020-10-16,383.10302734375,11762.4501953125,23532.9765625,1900.800048828125,73.42,5.935,5.266,0.7440000176429749,0.3190000057220459,-479.59,-429.81,131.6603,112.015708783325,-7.228985,4.25,3.0,1.775082372853953,3168.0,8927.0
2020-10-19,403.4139404296875,11873.0498046875,24266.46875,1906.4000244140625,73.31,5.94,5.23,0.7609999775886536,0.3300000131130218,1656.78,-1621.73,131.6603,112.015708783325,-7.228985,4.25,3.0,1.775082372853953,3168.0,8927.0
2020-10-20,400.9959716796875,11896.7998046875,24311.517578125,1910.4000244140625,73.47,5.931,5.208,0.796999990940094,0.3429999947547912,1585.07,-1633.23,131.6603,112.015708783325,-7.228985,4.25,3.0,1.775082372853953,3168.0,8927.0
2020-10-21,406.5089111328125,11937.650390625,24634.763671875,1924.5999755859375,73.62,5.912,5.195,0.8159999847412109,0.3510000109672546,2108.48,-1633.53,131.6603,112.015708783325,-7.228985,4.25,3.0,1.775082372853953,3168.0,8927.0
2020-10-22,399.3517456054687,11896.4501953125,24483.865234375,1901.0999755859375,73.65,5.915,5.213,0.8479999899864197,0.375,1118.46,-2019.87,131.6603,112.015708783325,-7.228985,4.25,3.0,1.775082372853953,3168.0,8927.0
2020-10-23,403.2688293457031,11930.349609375,24478.015625,1902.0,73.86,5.844,5.132,0.8410000205039978,0.3700000047683716,906.93,-891.86,131.6603,112.015708783325,-7.228985,4.25,3.0,1.775082372853953,3168.0,8927.0
2020-10-26,391.1790161132813,11767.75,24075.169921875,1902.699951171875,73.93,5.834,5.142,0.8009999990463257,0.3490000069141388,-119.42,-979.16,131.6603,112.015708783325,-7.228985,4.25,3.0,1.775082372853953,3168.0,8927.0
2020-10-27,396.49853515625,11889.400390625,24769.212890625,1908.800048828125,73.62,5.846,5.144,0.777999997138977,0.3350000083446502,3514.89,-1570.8,131.6603,112.015708783325,-7.228985,4.25,3.0,1.775082372853953,3168.0,8927.0
2020-10-28,383.0545959472656,11729.599609375,24232.21875,1876.199951171875,74.19,5.859,5.171,0.781000018119812,0.3330000042915344,-1130.98,1.48,131.6603,112.015708783325,-7.228985,4.25,3.0,1.775082372853953,3168.0,8927.0
2020-10-29,386.7783203125,11670.7998046875,24091.720703125,1865.5999755859375,74.42,5.881,5.165,0.8349999785423279,0.3720000088214874,-420.95,-253.41,131.6603,112.015708783325,-7.228985,4.25,3.0,1.775082372853953,3168.0,8927.0
2020-10-30,379.7178649902344,11642.400390625,23900.623046875,1877.4000244140625,74.59,5.881,5.165,0.8600000143051147,0.3810000121593475,-870.88,631.11,131.6603,112.015708783325,-7.228985,4.25,3.0,1.775082372853953,3168.0,8927.0
2020-11-02,403.75244140625,11669.150390625,24892.2109375,1890.4000244140625,74.51,5.89,5.178,0.8489999771118164,0.3770000040531158,-209.39,344.63,131.6603,112.015708783325,-7.228985,4.25,3.0,1.775082372853953,3168.0,8927.0
2020-11-03,429.28619384765625,11813.5,25682.501953125,1908.5,74.61,5.898,5.188,0.8820000290870667,0.3930000066757202,-3515.38,2835.46,131.6603,112.015708783325,-7.228985,4.25,3.0,1.775082372853953,3168.0,8927.0
2020-11-04,422.7092895507813,11908.5,25771.30078125,1894.5999755859375,74.36,5.886,5.168,0.7680000066757202,0.3230000138282776,-3515.38,2835.46,131.6603,112.015708783325,-7.228985,4.25,3.0,1.775082372853953,3168.0,8927.0
2020-11-05,424.11175537109375,12120.2998046875,26312.79296875,1945.300048828125,73.93,5.86,5.116,0.7760000228881836,0.3350000083446502,534.87,-821.6,131.6603,112.015708783325,-7.228985,4.25,3.0,1.775082372853953,3168.0,8927.0
2020-11-06,428.2706298828125,12263.5498046875,26798.638671875,1950.300048828125,73.96,5.871,5.136,0.8199999928474426,0.3630000054836273,-805.14,-874.35,131.6603,112.015708783325,-7.228985,4.25,3.0,1.775082372853953,3168.0,8927.0
2020-11-09,447.5177001953125,12461.0498046875,27533.779296875,1853.199951171875,74.03,5.876,5.156,0.9580000042915344,0.4469999969005584,1175.81,-724.31,131.6603,112.015708783325,-7.228985,4.25,3.0,1.775082372853953,3168.0,8927.0
2020-11-10,467.9736633300781,12631.099609375,28605.66796875,1875.4000244140625,74.31,5.916,5.188,0.972000002861023,0.4600000083446502,1175.81,-724.31,131.6603,112.015708783325,-7.228985,4.25,3.0,1.775082372853953,3168.0,8927.0
2020-11-11,470.5851135253906,12749.150390625,28844.6640625,1860.699951171875,74.31,5.903,5.176,0.9580000042915344,0.4539999961853027,6207.19,-3463.86,131.6603,112.015708783325,-7.228985,4.25,3.0,1.775082372853953,3168.0,8927.0
2020-11-12,461.0583190917969,12690.7998046875,28278.47265625,1872.5999755859375,74.63,5.903,5.156,0.8849999904632568,0.3959999978542328,4195.43,-2359.0,131.6603,112.015708783325,-7.228985,4.25,3.0,1.775082372853953,3168.0,8927.0
2020-11-13,469.6178894042969,12719.9501953125,28465.369140625,1885.699951171875,74.56,5.878,5.109,0.8930000066757202,0.402999997138977,1935.92,-2462.42,131.6603,112.015708783325,-7.228985,4.25,3.0,1.775082372853953,3168.0,8927.0
2020-11-16,469.6178894042969,12719.9501953125,28465.369140625,1887.300048828125,74.41,5.878,5.109,0.906000018119812,0.4079999923706054,1935.92,-2462.42,131.6603,112.015708783325,-7.228985,4.25,3.0,1.775082372853953,3168.0,8927.0
2020-11-17,470.4400329589844,12874.2001953125,29180.9609375,1884.5,74.42,5.877,5.087,0.871999979019165,0.3860000073909759,4905.35,-3829.16,131.6603,112.015708783325,-7.228985,4.25,3.0,1.775082372853953,3168.0,8927.0
2020-11-18,481.32086181640625,12938.25,29749.50390625,1873.5,74.1,5.878,5.095,0.8820000290870667,0.3989999890327453,3071.93,-2789.85,131.6603,112.015708783325,-7.228985,4.25,3.0,1.775082372853953,3168.0,8927.0
2020-11-19,463.041015625,12771.7001953125,28902.71484375,1861.0999755859375,74.16,5.876,5.097,0.8539999723434448,0.3860000073909759,1180.61,-2854.94,131.6603,112.015708783325,-7.228985,4.25,3.0,1.775082372853953,3168.0,8927.0
2020-11-20,464.4434814453125,12859.0498046875,29235.66015625,1872.5999755859375,74.12,5.877,5.055,0.8289999961853027,0.3759999871253967,3860.78,-2868.66,131.6603,112.015708783325,-7.228985,4.25,3.0,1.775082372853953,3168.0,8927.0
2020-11-23,452.8855895996094,12926.4501953125,29023.861328125,1837.800048828125,74.21,5.9,5.077,0.8569999933242798,0.3880000114440918,4738.44,-2944.05,131.6603,112.015708783325,-7.228985,4.25,3.0,1.775082372853953,3168.0,8927.0
2020-11-24,462.5090942382813,13055.150390625,29736.904296875,1804.800048828125,74.08,5.88,5.055,0.8820000290870667,0.3970000147819519,4563.18,-2522.11,131.6603,112.015708783325,-7.228985,4.25,3.0,1.775082372853953,3168.0,8927.0
2020-11-25,457.1895751953125,12858.400390625,29196.060546875,1805.699951171875,73.75,5.885,5.048,0.878000020980835,0.3889999985694885,24.2,-1840.33,131.6603,112.015708783325,-7.228985,4.25,3.0,1.775082372853953,3168.0,8927.0
2020-11-26,459.7042541503906,12987.0,29549.40625,1805.699951171875,73.75,5.872,5.048,0.878000020980835,0.3889999985694885,2027.31,-3400.1,131.6603,112.015708783325,-7.228985,4.25,3.0,1.775082372853953,3168.0,8927.0
2020-11-27,457.8182678222656,12968.9501953125,29608.70703125,1781.9000244140625,73.75,5.911,5.075,0.8420000076293945,0.367000013589859,7712.98,-4968.9,131.6603,112.015708783325,-7.228985,4.25,3.0,1.775082372853953,3168.0,8927.0
2020-11-30,457.8182678222656,12968.9501953125,29608.70703125,1775.699951171875,74.01,5.911,5.075,0.843999981880188,0.3619999885559082,7712.98,-4968.9,131.6603,112.015708783325,-7.228985,4.25,3.0,1.775082372853953,3168.0,8927.0
2020-12-01,469.18267822265625,13109.0498046875,29817.50390625,1814.0999755859375,73.51,5.93,5.11,0.9340000152587892,0.4269999861717224,7712.98,-4968.9,130.8891,113.647005513179,-15.13838,4.25,3.0,1.775082372853953,3168.0,8927.0
2020-12-02,464.6852416992187,13113.75,29462.80859375,1825.699951171875,73.72,5.92,5.119,0.9480000138282776,0.4230000078678131,48.81,339.19,130.8891,113.647005513179,-15.13838,4.25,3.0,1.775082372853953,3168.0,8927.0
2020-12-03,466.039306640625,13133.900390625,29448.408203125,1836.800048828125,73.8,5.932,5.126,0.9200000166893004,0.4050000011920929,-3475.29,3918.24,130.8891,113.647005513179,-15.13838,4.25,3.0,1.775082372853953,3168.0,8927.0
2020-12-04,485.5765075683594,13258.5498046875,30052.05078125,1835.9000244140625,73.78,5.897,5.063,0.968999981880188,0.4230000078678131,-3475.29,3918.24,130.8891,113.647005513179,-15.13838,4.25,3.0,1.775082372853953,3168.0,8927.0
2020-12-07,493.7008972167969,13355.75,30211.19921875,1861.800048828125,73.83,5.924,5.089,0.9279999732971193,0.3889999985694885,-3475.29,3918.24,130.8891,113.647005513179,-15.13838,4.25,3.0,1.775082372853953,3168.0,8927.0
2020-12-08,491.7181396484375,13392.9501953125,30261.548828125,1870.800048828125,73.68,5.939,5.105,0.912999987602234,0.3880000114440918,351.15,-939.67,130.8891,113.647005513179,-15.13838,4.25,3.0,1.775082372853953,3168.0,8927.0
2020-12-09,494.7164306640625,13529.099609375,30709.04296875,1834.5999755859375,73.71,5.917,5.091,0.9409999847412108,0.4079999923706054,351.15,-939.67,130.8891,113.647005513179,-15.13838,4.25,3.0,1.775082372853953,3168.0,8927.0
2020-12-10,490.3157348632813,13478.2998046875,30509.994140625,1833.5999755859375,73.72,5.916,5.079,0.9079999923706056,0.382999986410141,615.17,-1028.77,130.8891,113.647005513179,-15.13838,4.25,3.0,1.775082372853953,3168.0,8927.0
2020-12-11,498.5368347167969,13513.849609375,30604.494140625,1839.800048828125,73.73,5.956,5.14,0.8930000066757202,0.3610000014305115,1514.12,-2239.43,130.8891,113.647005513179,-15.13838,4.25,3.0,1.775082372853953,3168.0,8927.0
2020-12-14,508.5472717285156,13558.150390625,30745.54296875,1828.699951171875,73.64,5.946,5.121,0.8920000195503235,0.3580000102519989,2264.38,-1721.11,130.8891,113.647005513179,-15.13838,4.25,3.0,1.775082372853953,3168.0,8927.0
2020-12-15,501.0514831542969,13567.849609375,30690.693359375,1852.300048828125,73.56,5.941,5.097,0.9229999780654908,0.375,2484.09,-2666.79,130.8891,113.647005513179,-15.13838,4.25,3.0,1.775082372853953,3168.0,8927.0
2020-12-16,495.6352844238281,13682.7001953125,30698.04296875,1856.0999755859375,73.65,5.944,5.093,0.9200000166893004,0.3700000047683716,1981.77,-1718.45,130.8891,113.647005513179,-15.13838,4.25,3.0,1.775082372853953,3168.0,8927.0
2020-12-17,493.6525268554687,13740.7001953125,30846.69140625,1887.199951171875,73.53,5.952,5.09,0.9300000071525574,0.3770000040531158,2355.25,-2494.36,130.8891,113.647005513179,-15.13838,4.25,3.0,1.775082372853953,3168.0,8927.0
2020-12-18,500.1810607910156,13760.5498046875,30714.29296875,1885.699951171875,73.53,5.959,5.09,0.9480000138282776,0.3810000121593475,2720.95,-2424.61,130.8891,113.647005513179,-15.13838,4.25,3.0,1.775082372853953,3168.0,8927.0
2020-12-21,478.2742614746094,13328.400390625,29456.107421875,1879.199951171875,74.03,5.957,5.097,0.9409999847412108,0.382999986410141,-323.55,486.12,130.8891,113.647005513179,-15.13838,4.25,3.0,1.775082372853953,3168.0,8927.0
2020-12-22,483.8839111328125,13466.2998046875,29625.60546875,1866.5999755859375,73.85,5.951,5.09,0.9179999828338624,0.363999992609024,1153.0,-661.51,130.8891,113.647005513179,-15.13838,4.25,3.0,1.775082372853953,3168.0,8927.0
2020-12-23,487.0756530761719,13601.099609375,29882.953125,1874.699951171875,73.77,5.95,5.106,0.9549999833106996,0.3770000040531158,536.13,-1326.92,130.8891,113.647005513179,-15.13838,4.25,3.0,1.775082372853953,3168.0,8927.0
2020-12-24,496.6991882324219,13749.25,30401.845703125,1879.9000244140625,73.77,5.929,5.13,0.9279999732971193,0.363999992609024,1225.69,-1897.92,130.8891,113.647005513179,-15.13838,4.25,3.0,1.775082372853953,3168.0,8927.0
2020-12-25,496.6991882324219,13749.25,30401.845703125,1879.9000244140625,73.77,5.929,5.13,0.9279999732971193,0.363999992609024,1225.69,-1897.92,130.8891,113.647005513179,-15.13838,4.25,3.0,1.775082372853953,3168.0,8927.0
2020-12-28,503.0342712402344,13873.2001953125,30880.58984375,1877.199951171875,73.5,5.925,5.125,0.9330000281333924,0.363999992609024,1588.93,-1386.55,130.8891,113.647005513179,-15.13838,4.25,3.0,1.775082372853953,3168.0,8927.0
2020-12-29,511.44879150390625,13932.599609375,31322.13671875,1879.699951171875,73.33,5.927,5.127,0.9350000023841858,0.3779999911785126,2349.53,-2010.5,130.8891,113.647005513179,-15.13838,4.25,3.0,1.775082372853953,3168.0,8927.0
2020-12-30,511.4004211425781,13981.9501953125,31302.6875,1891.0,73.13,5.899,5.109,0.9259999990463256,0.3700000047683716,1824.52,-587.43,130.8891,113.647005513179,-15.13838,4.25,3.0,1.775082372853953,3168.0,8927.0
2020-12-31,517.4937133789062,13981.75,31263.6875,1893.0999755859375,73.01,5.894,5.099,0.9169999957084656,0.3610000014305115,1135.59,-257.64,130.8891,113.647005513179,-15.13838,4.25,3.0,1.775082372853953,3168.0,8927.0
2021-01-01,510.1914367675781,14018.5,31225.486328125,1893.0999755859375,73.01,5.898,5.099,0.9169999957084656,0.3610000014305115,506.21,69.4,130.22799999999998,114.643909070312,-15.33864,4.25,3.0,3.2897928706141055,269.0,8927.0
2021-01-04,514.253662109375,14132.900390625,31212.0859375,1944.699951171875,73.08,5.858,5.038,0.9169999957084656,0.3540000021457672,149.41,-296.84,130.22799999999998,114.643909070312,-15.33864,4.25,3.0,3.2897928706141055,269.0,8927.0
2021-01-05,519.6215209960938,14199.5,31721.880859375,1952.699951171875,73.15,5.85,5.033,0.9549999833106996,0.3770000040531158,149.41,-296.84,130.22799999999998,114.643909070312,-15.33864,4.25,3.0,3.2897928706141055,269.0,8927.0
2021-01-06,528.7614135742188,14146.25,31797.53125,1906.9000244140625,73.15,5.894,5.071,1.0420000553131104,0.4320000112056732,-449.86,230.49,130.22799999999998,114.643909070312,-15.33864,4.25,3.0,3.2897928706141055,269.0,8927.0
2021-01-07,523.3451538085938,14137.349609375,31955.62890625,1912.300048828125,73.43,5.892,5.075,1.0709999799728394,0.4539999961853027,-1245.29,880.6,130.22799999999998,114.643909070312,-15.33864,4.25,3.0,3.2897928706141055,269.0,8927.0
2021-01-08,524.2639770507812,14347.25,32083.826171875,1834.0999755859375,73.31,5.892,5.106,1.1050000190734863,0.4790000021457672,-1245.29,880.6,130.22799999999998,114.643909070312,-15.33864,4.25,3.0,3.2897928706141055,269.0,8927.0
2021-01-11,526.8270874023438,14484.75,31998.529296875,1849.5999755859375,73.5,5.924,5.2,1.131999969482422,0.4979999959468841,-202.13,116.01,130.22799999999998,114.643909070312,-15.33864,4.25,3.0,3.2897928706141055,269.0,8927.0
2021-01-12,530.018798828125,14563.4501953125,32338.625,1842.9000244140625,73.26,5.931,5.241,1.1380000114440918,0.503000020980835,-2765.84,3467.02,130.22799999999998,114.643909070312,-15.33864,4.25,3.0,3.2897928706141055,269.0,8927.0
2021-01-13,538.2398071289062,14564.849609375,32574.271484375,1853.5999755859375,73.07,5.947,5.267,1.0880000591278076,0.4760000109672546,1879.06,-2370.17,130.22799999999998,114.643909070312,-15.33864,4.25,3.0,3.2897928706141055,269.0,8927.0
2021-01-14,535.144775390625,14595.599609375,32519.37109375,1850.300048828125,73.11,5.924,5.236,1.128999948501587,0.4839999973773956,1076.62,-188.1,130.22799999999998,114.643909070312,-15.33864,4.25,3.0,3.2897928706141055,269.0,8927.0
2021-01-15,525.182861328125,14433.7001953125,32246.42578125,1829.300048828125,73.08,5.988,5.332,1.097000002861023,0.4550000131130218,971.06,-942.07,130.22799999999998,114.643909070312,-15.33864,4.25,3.0,3.2897928706141055,269.0,8927.0
2021-01-18,515.6560668945312,14281.2998046875,31811.380859375,1829.300048828125,73.08,5.957,5.301,1.097000002861023,0.4550000131130218,650.6,-42.51,130.22799999999998,114.643909070312,-15.33864,4.25,3.0,3.2897928706141055,269.0,8927.0
2021-01-19,528.5197143554688,14521.150390625,32424.47265625,1839.5,73.2,5.936,5.286,1.0920000076293943,0.4490000009536743,257.55,-199.3,130.22799999999998,114.643909070312,-15.33864,4.25,3.0,3.2897928706141055,269.0,8927.0
2021-01-20,532.9203491210938,14644.7001953125,32543.3203125,1865.9000244140625,73.2,5.942,5.267,1.090000033378601,0.4490000009536743,2289.05,-864.62,130.22799999999998,114.643909070312,-15.33864,4.25,3.0,3.2897928706141055,269.0,8927.0
2021-01-21,534.5645751953125,14590.349609375,32186.525390625,1865.300048828125,72.96,5.956,5.289,1.1089999675750732,0.4469999969005584,1614.66,-1039.48,130.22799999999998,114.643909070312,-15.33864,4.25,3.0,3.2897928706141055,269.0,8927.0
2021-01-22,516.28466796875,14371.900390625,31166.888671875,1855.699951171875,72.98,5.939,5.308,1.090999960899353,0.4339999854564667,-635.69,-1290.35,130.22799999999998,114.643909070312,-15.33864,4.25,3.0,3.2897928706141055,269.0,8927.0
2021-01-25,520.3953247070312,14238.900390625,31198.037109375,1854.9000244140625,73.01,5.954,5.337,1.0399999618530271,0.4099999964237213,-765.3,-387.76,130.22799999999998,114.643909070312,-15.33864,4.25,3.0,3.2897928706141055,269.0,8927.0
2021-01-26,520.3953247070312,14238.900390625,31198.037109375,1850.699951171875,72.9,5.954,5.337,1.0399999618530271,0.4120000004768371,-765.3,-387.76,130.22799999999998,114.643909070312,-15.33864,4.25,3.0,3.2897928706141055,269.0,8927.0
2021-01-27,505.2104187011719,13967.5,30284.19921875,1844.9000244140625,73.05,5.954,5.335,1.0140000581741333,0.4070000052452087,-1688.22,-3.38,130.22799999999998,114.643909070312,-15.33864,4.25,3.0,3.2897928706141055,269.0,8927.0
2021-01-28,510.9168090820313,13817.5498046875,30357.947265625,1837.9000244140625,72.91,5.933,5.292,1.0570000410079956,0.4300000071525574,-3712.51,1736.92,130.22799999999998,114.643909070312,-15.33864,4.25,3.0,3.2897928706141055,269.0,8927.0
2021-01-29,519.3797607421875,13634.599609375,30565.14453125,1847.300048828125,72.84,5.949,5.297,1.093000054359436,0.4429999887943268,-5930.66,2443.2,130.22799999999998,114.643909070312,-15.33864,4.25,3.0,3.2897928706141055,269.0,8927.0
2021-02-01,583.9878540039062,14281.2001953125,33088.66796875,1860.800048828125,73.11,6.06,5.568,1.0770000219345093,0.4239999949932098,-5930.66,2443.2,131.1094,116.09395060796,-16.41356,4.25,3.0,3.2897928706141055,269.0,8927.0
2021-02-02,597.0932006835938,14647.849609375,34267.5,1830.5,72.95,6.127,5.657,1.1050000190734863,0.4449999928474426,6181.56,-2035.2,131.1094,116.09395060796,-16.41356,4.25,3.0,3.2897928706141055,269.0,8927.0
2021-02-03,601.92919921875,14789.9501953125,34758.046875,1832.199951171875,72.84,6.084,5.537,1.13100004196167,0.4589999914169311,2223.16,-854.04,131.1094,116.09395060796,-16.41356,4.25,3.0,3.2897928706141055,269.0,8927.0
2021-02-04,607.6840209960938,14895.650390625,35344.390625,1788.9000244140625,72.93,6.074,5.491,1.1390000581741333,0.4589999914169311,2223.16,-854.04,131.1094,116.09395060796,-16.41356,4.25,3.0,3.2897928706141055,269.0,8927.0
2021-02-05,593.998291015625,14924.25,35654.0859375,1810.9000244140625,72.85,6.071,5.584,1.1699999570846558,0.4670000076293945,2223.16,-854.04,131.1094,116.09395060796,-16.41356,4.25,3.0,3.2897928706141055,269.0,8927.0
2021-02-08,608.9412231445312,15115.7998046875,35983.23046875,1831.9000244140625,72.9,6.04,5.577,1.159999966621399,0.4749999940395355,-1539.88,1505.82,131.1094,116.09395060796,-16.41356,4.25,3.0,3.2897928706141055,269.0,8927.0
2021-02-09,612.5682373046875,15109.2998046875,36056.08203125,1835.300048828125,72.83,6.074,5.627,1.156999945640564,0.4740000069141388,348.52,381.7,131.1094,116.09395060796,-16.41356,4.25,3.0,3.2897928706141055,269.0,8927.0
2021-02-10,611.4075927734375,15106.5,35782.6875,1840.5999755859375,72.82,6.01,5.6,1.1330000162124634,0.4560000002384186,348.52,381.7,131.1094,116.09395060796,-16.41356,4.25,3.0,3.2897928706141055,269.0,8927.0
2021-02-11,609.9568481445312,15173.2998046875,35751.6875,1824.9000244140625,72.69,5.962,5.531,1.1579999923706057,0.460999995470047,244.87,-6.0,131.1094,116.09395060796,-16.41356,4.25,3.0,3.2897928706141055,269.0,8927.0
2021-02-12,626.3506469726562,15163.2998046875,36108.48046875,1821.5999755859375,72.6,5.99,5.502,1.2000000476837158,0.4850000143051147,-909.71,1372.65,131.1094,116.09395060796,-16.41356,4.25,3.0,3.2897928706141055,269.0,8927.0
2021-02-15,651.8361206054688,15314.7001953125,37305.81640625,1821.5999755859375,72.6,6.022,5.537,1.2000000476837158,0.4850000143051147,1234.15,-1048.55,131.1094,116.09395060796,-16.41356,4.25,3.0,3.2897928706141055,269.0,8927.0
2021-02-16,636.7478637695312,15313.4501953125,37097.96875,1797.199951171875,72.86,6.022,5.552,1.2990000247955322,0.5609999895095825,1144.09,-1559.53,131.1094,116.09395060796,-16.41356,4.25,3.0,3.2897928706141055,269.0,8927.0
2021-02-17,635.7807006835938,15208.900390625,36910.51953125,1771.0999755859375,72.81,6.03,5.587,1.3009999990463257,0.5659999847412109,1008.2,-1283.38,131.1094,116.09395060796,-16.41356,4.25,3.0,3.2897928706141055,269.0,8927.0
2021-02-18,623.4974975585938,15118.9501953125,36586.57421875,1773.4000244140625,72.65,6.132,5.699,1.2869999408721924,0.5479999780654907,903.07,-1217.34,131.1094,116.09395060796,-16.41356,4.25,3.0,3.2897928706141055,269.0,8927.0
2021-02-19,603.5733642578125,14981.75,35841.18359375,1775.800048828125,72.5,6.132,5.699,1.3450000286102295,0.5809999704360962,118.75,-1174.98,131.1094,116.09395060796,-16.41356,4.25,3.0,3.2897928706141055,269.0,8927.0
2021-02-22,589.8392944335938,14675.7001953125,35256.7890625,1806.699951171875,72.48,6.202,5.766,1.3700000047683716,0.597000002861023,-893.25,-919.88,131.1094,116.09395060796,-16.41356,4.25,3.0,3.2897928706141055,269.0,8927.0
2021-02-23,596.0776977539062,14707.7998046875,35116.54296875,1804.4000244140625,72.44,6.172,5.724,1.3619999885559082,0.5789999961853027,-1569.04,216.67,131.1094,116.09395060796,-16.41356,4.25,3.0,3.2897928706141055,269.0,8927.0
2021-02-24,620.0639038085938,14982.0,36451.87890625,1796.4000244140625,72.38,6.147,5.695,1.3890000581741333,0.6119999885559082,28739.17,230.44,131.1094,116.09395060796,-16.41356,4.25,3.0,3.2897928706141055,269.0,8927.0
2021-02-25,607.393798828125,15097.349609375,36548.57421875,1774.4000244140625,72.74,6.182,5.715,1.5180000066757202,0.8019999861717224,188.08,-746.57,131.1094,116.09395060796,-16.41356,4.25,3.0,3.2897928706141055,269.0,8927.0
2021-02-26,578.1364135742188,14529.150390625,34803.1953125,1728.0999755859375,73.92,6.229,5.771,1.4600000381469729,0.7760000228881836,-8295.17,1499.7,131.1094,116.09395060796,-16.41356,4.25,3.0,3.2897928706141055,269.0,8927.0
2021-03-01,588.3885498046875,14761.5498046875,35295.58984375,1722.5,73.4,6.209,5.762,1.4459999799728394,0.7110000252723694,-8295.17,1499.7,131.7705,117.725247337814,-16.65888,4.25,3.0,3.2897928706141055,269.0,8927.0
2021-03-02,590.4679565429688,14919.099609375,35419.2890625,1733.0999755859375,73.29,6.236,5.777,1.4149999618530271,0.675000011920929,2520.92,-399.74,131.7705,117.725247337814,-16.65888,4.25,3.0,3.2897928706141055,269.0,8927.0
2021-03-03,611.3592529296875,15245.599609375,36367.62890625,1715.300048828125,72.85,6.238,5.798,1.4700000286102295,0.7269999980926514,2088.7,392.91,131.7705,117.725247337814,-16.65888,4.25,3.0,3.2897928706141055,269.0,8927.0
2021-03-04,600.3816528320312,15080.75,35802.08203125,1700.199951171875,72.73,6.212,5.79,1.5499999523162842,0.7820000052452087,2088.7,392.91,131.7705,117.725247337814,-16.65888,4.25,3.0,3.2897928706141055,269.0,8927.0
2021-03-05,589.452392578125,14938.099609375,35227.73828125,1698.0,73.21,6.232,5.849,1.5540000200271606,0.7850000262260437,-2289.46,552.92,131.7705,117.725247337814,-16.65888,4.25,3.0,3.2897928706141055,269.0,8927.0
2021-03-08,588.098388671875,14956.2001953125,35275.33984375,1677.699951171875,73.32,6.223,5.845,1.5959999561309814,0.8500000238418579,2116.6,-298.54,131.7705,117.725247337814,-16.65888,4.25,3.0,3.2897928706141055,269.0,8927.0
2021-03-09,604.5889282226562,15098.400390625,35865.23046875,1716.5999755859375,72.89,6.206,5.855,1.5460000038146973,0.8209999799728394,768.58,668.6,131.7705,117.725247337814,-16.65888,4.25,3.0,3.2897928706141055,269.0,8927.0
2021-03-10,605.072509765625,15174.7998046875,35937.8828125,1721.5,72.86,6.247,5.881,1.5199999809265137,0.7919999957084656,768.58,668.6,131.7705,117.725247337814,-16.65888,4.25,3.0,3.2897928706141055,269.0,8927.0
2021-03-11,605.072509765625,15174.7998046875,35937.8828125,1722.300048828125,72.69,6.247,5.881,1.5269999504089355,0.777999997138977,-401.48,195.56,131.7705,117.725247337814,-16.65888,4.25,3.0,3.2897928706141055,269.0,8927.0
2021-03-12,592.7408447265625,15030.9501953125,35496.234375,1719.5,72.71,6.232,5.872,1.6349999904632568,0.847000002861023,-3356.17,1648.79,131.7705,117.725247337814,-16.65888,4.25,3.0,3.2897928706141055,269.0,8927.0
2021-03-15,583.6976928710938,14929.5,35182.140625,1728.9000244140625,72.58,6.201,5.845,1.6069999933242798,0.8309999704360962,-1101.35,-749.71,131.7705,117.725247337814,-16.65888,4.25,3.0,3.2897928706141055,269.0,8927.0
2021-03-16,575.4282836914062,14910.4501953125,34804.1953125,1730.5999755859375,72.52,6.18,5.822,1.621000051498413,0.8240000009536743,1692.31,-1168.59,131.7705,117.725247337814,-16.65888,4.25,3.0,3.2897928706141055,269.0,8927.0
2021-03-17,570.1571044921875,14721.2998046875,34228.8515625,1726.800048828125,72.56,6.185,5.833,1.6410000324249268,0.7799999713897705,2625.82,-562.15,131.7705,117.725247337814,-16.65888,4.25,3.0,3.2897928706141055,269.0,8927.0
2021-03-18,559.6146240234375,14557.849609375,33856.40625,1732.199951171875,72.63,6.202,5.803,1.7300000190734863,0.8690000176429749,1258.47,-1116.17,131.7705,117.725247337814,-16.65888,4.25,3.0,3.2897928706141055,269.0,8927.0
2021-03-19,567.400634765625,14744.0,34161.203125,1741.4000244140625,72.45,6.193,5.761,1.7319999933242798,0.8809999823570251,1418.43,559.62,131.7705,117.725247337814,-16.65888,4.25,3.0,3.2897928706141055,269.0,8927.0
2021-03-22,554.6337890625,14736.400390625,33603.05859375,1737.800048828125,72.37,6.18,5.713,1.684000015258789,0.8600000143051147,-786.98,542.7,131.7705,117.725247337814,-16.65888,4.25,3.0,3.2897928706141055,269.0,8927.0
2021-03-23,567.1588745117188,14814.75,34184.0,1724.699951171875,72.52,6.144,5.671,1.6380000114440918,0.8289999961853027,-108.24,-529.69,131.7705,117.725247337814,-16.65888,4.25,3.0,3.2897928706141055,269.0,8927.0
2021-03-24,548.8789672851562,14549.400390625,33292.86328125,1732.9000244140625,72.59,6.152,5.684,1.6139999628067017,0.8140000104904175,-1951.9,612.8,131.7705,117.725247337814,-16.65888,4.25,3.0,3.2897928706141055,269.0,8927.0
2021-03-25,552.7960205078125,14324.900390625,33006.06640625,1724.9000244140625,72.69,6.131,5.641,1.6139999628067017,0.8190000057220459,-3383.6,2267.69,131.7705,117.725247337814,-16.65888,4.25,3.0,3.2897928706141055,269.0,8927.0
2021-03-26,559.5663452148438,14507.2998046875,33317.8125,1732.199951171875,72.65,6.123,5.622,1.659999966621399,0.8560000061988831,-50.13,1703.14,131.7705,117.725247337814,-16.65888,4.25,3.0,3.2897928706141055,269.0,8927.0
2021-03-29,559.5663452148438,14507.2998046875,33317.8125,1712.0999755859375,72.75,6.123,5.622,1.7209999561309814,0.890999972820282,-50.13,1703.14,131.7705,117.725247337814,-16.65888,4.25,3.0,3.2897928706141055,269.0,8927.0
2021-03-30,572.0430908203125,14845.099609375,33874.70703125,1683.9000244140625,73.45,6.143,5.678,1.72599995136261,0.9100000262260436,769.47,2181.01,131.7705,117.725247337814,-16.65888,4.25,3.0,3.2897928706141055,269.0,8927.0
2021-03-31,562.9998779296875,14690.7001953125,33303.51171875,1713.800048828125,73.14,6.177,5.705,1.746000051498413,0.9380000233650208,-1685.91,2081.52,131.7705,117.725247337814,-16.65888,4.25,3.0,3.2897928706141055,269.0,8927.0
2021-04-01,574.896240234375,14867.349609375,33857.60546875,1726.5,73.32,6.177,5.705,1.6790000200271606,0.9070000052452089,1843.22,-715.21,132.3214,119.628426855978,-15.87262,4.25,3.0,22.633772720002643,2599.0,9280.0
2021-04-02,574.896240234375,14867.349609375,33857.60546875,1726.5,73.37,6.177,5.705,1.6790000200271606,0.9070000052452089,1936.74,-768.55,132.3214,119.628426855978,-15.87262,4.25,3.0,22.633772720002643,2599.0,9280.0
2021-04-05,552.505859375,14637.7998046875,32678.470703125,1727.0,73.29,6.123,5.573,1.7200000286102295,0.9409999847412108,-1772.37,987.34,132.3214,119.628426855978,-15.87262,4.25,3.0,22.633772720002643,2599.0,9280.0
2021-04-06,547.3314819335938,14683.5,32500.97265625,1741.5,73.49,6.122,5.574,1.656000018119812,0.871999979019165,1499.37,-1175.01,132.3214,119.628426855978,-15.87262,4.25,3.0,22.633772720002643,2599.0,9280.0
2021-04-07,558.6959228515625,14819.0498046875,32990.81640625,1740.0999755859375,74.35,6.082,5.609,1.652999997138977,0.8560000061988831,1499.37,-1175.01,132.3214,119.628426855978,-15.87262,4.25,3.0,22.633772720002643,2599.0,9280.0
2021-04-08,557.7770385742188,14873.7998046875,32782.46875,1756.800048828125,74.57,6.031,5.569,1.631999969482422,0.8399999737739563,2828.57,-411.36,132.3214,119.628426855978,-15.87262,4.25,3.0,22.633772720002643,2599.0,9280.0
2021-04-09,547.6216430664062,14834.849609375,32447.673828125,1743.300048828125,74.72,6.017,5.583,1.6660000085830688,0.8679999709129333,2828.57,-411.36,132.3214,119.628426855978,-15.87262,4.25,3.0,22.633772720002643,2599.0,9280.0
2021-04-12,520.8788452148438,14310.7998046875,30791.642578125,1731.199951171875,75.03,6.011,5.589,1.6749999523162842,0.8899999856948853,2828.57,-411.36,132.3214,119.628426855978,-15.87262,4.25,3.0,22.633772720002643,2599.0,9280.0
2021-04-13,542.205322265625,14504.7998046875,31771.23046875,1746.199951171875,75.27,6.011,5.589,1.6230000257492063,0.8399999737739563,-730.81,243.8,132.3214,119.628426855978,-15.87262,4.25,3.0,22.633772720002643,2599.0,9280.0
2021-04-14,542.205322265625,14504.7998046875,31771.23046875,1734.9000244140625,75.07,6.011,5.589,1.6380000114440918,0.8600000143051147,-730.81,243.8,132.3214,119.628426855978,-15.87262,4.25,3.0,22.633772720002643,2599.0,9280.0
2021-04-15,556.3262939453125,14581.4501953125,32112.4765625,1765.4000244140625,74.81,6.126,5.637,1.5299999713897705,0.7919999957084656,979.7,-526.63,132.3214,119.628426855978,-15.87262,4.25,3.0,22.633772720002643,2599.0,9280.0
2021-04-16,548.3470458984375,14617.849609375,31977.078125,1779.0,74.48,6.088,5.59,1.5729999542236328,0.8209999799728394,437.51,657.55,132.3214,119.628426855978,-15.87262,4.25,3.0,22.633772720002643,2599.0,9280.0
2021-04-19,541.3832397460938,14359.4501953125,31208.037109375,1769.4000244140625,74.87,6.081,5.536,1.60099995136261,0.8309999704360962,-1633.7,2355.56,132.3214,119.628426855978,-15.87262,4.25,3.0,22.633772720002643,2599.0,9280.0
2021-04-20,540.7545166015625,14296.400390625,31112.337890625,1777.300048828125,75.38,6.074,5.545,1.562000036239624,0.7950000166893005,-1082.33,1323.01,132.3214,119.628426855978,-15.87262,4.25,3.0,22.633772720002643,2599.0,9280.0
2021-04-21,540.7545166015625,14296.400390625,31112.337890625,1792.300048828125,75.42,6.074,5.545,1.5640000104904177,0.8019999861717224,-1082.33,1323.01,132.3214,119.628426855978,-15.87262,4.25,3.0,22.633772720002643,2599.0,9280.0
2021-04-22,560.1951293945312,14406.150390625,31782.23046875,1781.199951171875,75.11,6.05,5.527,1.5540000200271606,0.8019999861717224,-909.56,849.98,132.3214,119.628426855978,-15.87262,4.25,3.0,22.633772720002643,2599.0,9280.0
2021-04-23,551.2485961914062,14341.349609375,31721.931640625,1777.0,74.97,6.035,5.439,1.5670000314712524,0.8159999847412109,-1360.76,1695.59,132.3214,119.628426855978,-15.87262,4.25,3.0,22.633772720002643,2599.0,9280.0
2021-04-26,571.70458984375,14485.0,32274.775390625,1779.199951171875,74.75,6.038,5.416,1.5700000524520874,0.8309999704360962,-1111.89,1022.57,132.3214,119.628426855978,-15.87262,4.25,3.0,22.633772720002643,2599.0,9280.0
2021-04-27,579.1035766601562,14653.0498046875,32734.96875,1778.0,74.58,6.055,5.424,1.621999979019165,0.878000020980835,-1454.75,1463.44,132.3214,119.628426855978,-15.87262,4.25,3.0,22.633772720002643,2599.0,9280.0
2021-04-28,600.9619140625,14864.5498046875,33722.41015625,1773.199951171875,74.49,6.053,5.427,1.6200000047683716,0.8640000224113464,766.02,436.2,132.3214,119.628426855978,-15.87262,4.25,3.0,22.633772720002643,2599.0,9280.0
2021-04-29,601.0587768554688,14894.900390625,33714.109375,1768.0999755859375,74.07,6.059,5.427,1.6399999856948853,0.8669999837875366,809.37,-942.35,132.3214,119.628426855978,-15.87262,4.25,3.0,22.633772720002643,2599.0,9280.0
2021-04-30,580.796142578125,14631.099609375,32781.41796875,1767.300048828125,74.0,6.03,5.42,1.63100004196167,0.8569999933242798,-3465.07,1419.31,132.3214,119.628426855978,-15.87262,4.25,3.0,22.633772720002643,2599.0,9280.0
2021-05-03,577.1692504882812,14634.150390625,32465.373046875,1791.4000244140625,73.82,6.001,5.573,1.6069999933242798,0.8289999961853027,-2014.16,-1191.19,132.3214,119.628426855978,-15.87262,4.25,3.0,22.633772720002643,2599.0,9280.0
2021-05-04,572.1397705078125,14496.5,32269.974609375,1775.800048828125,73.8,6.015,5.594,1.5920000076293943,0.8209999799728394,-931.66,75.48,132.3214,119.628426855978,-15.87262,4.25,3.0,22.633772720002643,2599.0,9280.0
2021-05-05,583.0206298828125,14617.849609375,32783.31640625,1784.0999755859375,73.81,5.978,5.566,1.5839999914169312,0.8029999732971191,-1110.5,-240.61,132.3214,119.628426855978,-15.87262,4.25,3.0,22.633772720002643,2599.0,9280.0
2021-05-06,588.2434692382812,14724.7998046875,32827.41796875,1815.5,73.64,5.974,5.519,1.5609999895095823,0.796999990940094,-1110.5,-240.61,132.3214,119.628426855978,-15.87262,4.25,3.0,22.633772720002643,2599.0,9280.0
2021-05-07,587.1795043945312,14823.150390625,32904.1171875,1831.0999755859375,73.27,6.015,5.537,1.5770000219345093,0.7710000276565552,-338.43,645.59,132.3214,119.628426855978,-15.87262,4.25,3.0,22.633772720002643,2599.0,9280.0
2021-05-10,593.1278076171875,14942.349609375,33142.01171875,1837.5,73.41,6.014,5.54,1.6019999980926514,0.7820000052452087,-1915.08,1868.23,132.3214,119.628426855978,-15.87262,4.25,3.0,22.633772720002643,2599.0,9280.0
2021-05-11,589.8392944335938,14850.75,32871.81640625,1835.9000244140625,73.39,6.008,5.549,1.6239999532699585,0.8009999990463257,-1915.08,1868.23,132.3214,119.628426855978,-15.87262,4.25,3.0,22.633772720002643,2599.0,9280.0
2021-05-12,575.2348022460938,14696.5,32451.923828125,1822.5999755859375,73.53,6.01,5.551,1.6950000524520874,0.8640000224113464,-1915.08,1868.23,132.3214,119.628426855978,-15.87262,4.25,3.0,22.633772720002643,2599.0,9280.0
2021-05-13,575.2348022460938,14696.5,32451.923828125,1823.800048828125,73.48,6.01,5.551,1.6679999828338623,0.8370000123977661,-1915.08,1868.23,132.3214,119.628426855978,-15.87262,4.25,3.0,22.633772720002643,2599.0,9280.0
2021-05-14,577.7011108398438,14677.7998046875,32169.177734375,1837.9000244140625,73.23,5.986,5.574,1.6349999904632568,0.8159999847412109,-2607.85,613.26,132.3214,119.628426855978,-15.87262,4.25,3.0,22.633772720002643,2599.0,9280.0
2021-05-17,603.1381225585938,14923.150390625,33458.859375,1867.5,73.3,5.972,5.555,1.6399999856948853,0.8289999961853027,-2255.84,1948.48,132.3214,119.628426855978,-15.87262,4.25,3.0,22.633772720002643,2599.0,9280.0
2021-05-18,612.4232177734375,15108.099609375,33922.00390625,1867.800048828125,73.04,5.976,5.577,1.6419999599456787,0.8190000057220459,618.49,449.52,132.3214,119.628426855978,-15.87262,4.25,3.0,22.633772720002643,2599.0,9280.0
2021-05-19,604.927490234375,15030.150390625,33684.80859375,1881.300048828125,73.2,5.975,5.565,1.6829999685287476,0.8629999756813049,-697.75,-852.52,132.3214,119.628426855978,-15.87262,4.25,3.0,22.633772720002643,2599.0,9280.0
2021-05-20,598.3021850585938,14906.0498046875,33334.1640625,1881.800048828125,73.03,5.968,5.543,1.633999943733215,0.8149999976158142,71.04,-876.06,132.3214,119.628426855978,-15.87262,4.25,3.0,22.633772720002643,2599.0,9280.0
2021-05-21,621.3696899414062,15175.2998046875,34606.49609375,1876.699951171875,72.82,5.977,5.546,1.631999969482422,0.828000009059906,510.16,649.1,132.3214,119.628426855978,-15.87262,4.25,3.0,22.633772720002643,2599.0,9280.0
2021-05-24,626.1088256835938,15197.7001953125,34943.1953125,1884.5999755859375,72.86,5.972,5.541,1.6080000400543213,0.8069999814033508,585.36,-707.69,132.3214,119.628426855978,-15.87262,4.25,3.0,22.633772720002643,2599.0,9280.0
2021-05-25,628.9620361328125,15208.4501953125,34661.59765625,1898.0999755859375,72.78,5.972,5.498,1.5640000104904177,0.7739999890327454,959.77,-563.59,132.3214,119.628426855978,-15.87262,4.25,3.0,22.633772720002643,2599.0,9280.0
2021-05-26,631.08984375,15301.4501953125,34683.796875,1901.300048828125,72.71,5.972,5.498,1.5740000009536743,0.777999997138977,241.6,-438.59,132.3214,119.628426855978,-15.87262,4.25,3.0,22.633772720002643,2599.0,9280.0
2021-05-27,630.8480834960938,15337.849609375,35094.64453125,1895.699951171875,72.59,5.987,5.534,1.6100000143051147,0.8140000104904175,-660.9,112.38,132.3214,119.628426855978,-15.87262,4.25,3.0,22.633772720002643,2599.0,9280.0
2021-05-28,621.9500122070312,15435.650390625,35141.0390625,1902.5,72.42,6.003,5.54,1.5809999704360962,0.7879999876022339,913.59,1275.22,132.3214,119.628426855978,-15.87262,4.25,3.0,22.633772720002643,2599.0,9280.0
2021-05-31,641.0035400390625,15582.7998046875,35526.234375,1902.5,72.42,6.022,5.588,1.5809999704360962,0.7879999876022339,2412.39,179.78,132.3214,119.628426855978,-15.87262,4.25,3.0,22.633772720002643,2599.0,9280.0
2021-06-01,628.7686157226562,15574.849609375,35336.7890625,1902.9000244140625,72.83,6.025,5.607,1.6150000095367432,0.8090000152587891,-483.64,-380.41,134.0842,121.169095989729,-10.05856,4.25,3.0,22.633772720002643,2599.0,9280.0
2021-06-02,627.0760498046875,15576.2001953125,35373.33984375,1907.5,72.97,6.005,5.583,1.590999960899353,0.7960000038146973,-483.64,-380.41,134.0842,121.169095989729,-10.05856,4.25,3.0,22.633772720002643,2599.0,9280.0
2021-06-03,628.9137573242188,15690.349609375,35648.5859375,1871.199951171875,73.01,5.997,5.557,1.625,0.8450000286102295,-483.64,-380.41,134.0842,121.169095989729,-10.05856,4.25,3.0,22.633772720002643,2599.0,9280.0
2021-06-04,621.6114501953125,15670.25,35291.23828125,1889.800048828125,72.87,6.028,5.59,1.559999942779541,0.7839999794960022,-1092.75,416.59,134.0842,121.169095989729,-10.05856,4.25,3.0,22.633772720002643,2599.0,9280.0
2021-06-07,626.9310302734375,15751.650390625,35443.23828125,1896.800048828125,72.8,6.022,5.559,1.569000005722046,0.7929999828338623,-543.3,521.3,134.0842,121.169095989729,-10.05856,4.25,3.0,22.633772720002643,2599.0,9280.0
2021-06-08,621.3213500976562,15740.099609375,35084.89453125,1892.199951171875,72.93,6.006,5.514,1.527999997138977,0.765999972820282,-69.37,-631.0,134.0842,121.169095989729,-10.05856,4.25,3.0,22.633772720002643,2599.0,9280.0
2021-06-09,615.22802734375,15635.349609375,34800.09375,1893.199951171875,72.98,6.016,5.518,1.4889999628067017,0.7450000047683716,-589.36,547.31,134.0842,121.169095989729,-10.05856,4.25,3.0,22.633772720002643,2599.0,9280.0
2021-06-10,619.3870239257812,15737.75,35130.7890625,1894.199951171875,73.1,6.019,5.495,1.4589999914169312,0.7310000061988831,-802.81,-998.69,134.0842,121.169095989729,-10.05856,4.25,3.0,22.633772720002643,2599.0,9280.0
2021-06-11,614.8411254882812,15799.349609375,35046.9921875,1877.4000244140625,73.24,6.006,5.513,1.462000012397766,0.7480000257492065,-802.81,-998.69,134.0842,121.169095989729,-10.05856,4.25,3.0,22.633772720002643,2599.0,9280.0
2021-06-14,614.3092041015625,15811.849609375,34950.1953125,1864.0,73.16,6.004,5.542,1.5010000467300415,0.7870000004768372,-503.51,544.26,134.0842,121.169095989729,-10.05856,4.25,3.0,22.633772720002643,2599.0,9280.0
2021-06-15,624.1261596679688,15869.25,35247.33984375,1854.5,73.35,6.04,5.642,1.4989999532699585,0.7850000262260437,633.69,-649.29,134.0842,121.169095989729,-10.05856,4.25,3.0,22.633772720002643,2599.0,9280.0
2021-06-16,619.0968017578125,15767.5498046875,35003.09375,1859.5,73.31,6.045,5.676,1.569000005722046,0.8820000290870667,-870.29,-874.2,134.0842,121.169095989729,-10.05856,4.25,3.0,22.633772720002643,2599.0,9280.0
2021-06-17,612.229736328125,15691.400390625,34604.99609375,1773.800048828125,74.16,6.019,5.664,1.5110000371932983,0.8790000081062317,-879.73,45.24,134.0842,121.169095989729,-10.05856,4.25,3.0,22.633772720002643,2599.0,9280.0
2021-06-18,609.715087890625,15683.349609375,34557.59765625,1767.9000244140625,74.14,6.006,5.616,1.4500000476837158,0.8859999775886536,2680.57,446.2,134.0842,121.169095989729,-10.05856,4.25,3.0,22.633772720002643,2599.0,9280.0
2021-06-21,610.5372314453125,15746.5,34870.89453125,1781.800048828125,74.18,6.029,5.652,1.4839999675750732,0.8840000033378601,-1244.71,138.09,134.0842,121.169095989729,-10.05856,4.25,3.0,22.633772720002643,2599.0,9280.0
2021-06-22,610.1502685546875,15772.75,34744.59765625,1776.300048828125,74.37,6.025,5.652,1.472000002861023,0.859000027179718,-1027.94,302.45,134.0842,121.169095989729,-10.05856,4.25,3.0,22.633772720002643,2599.0,9280.0
2021-06-23,604.2020874023438,15686.9501953125,34573.59765625,1782.300048828125,74.13,6.018,5.652,1.4869999885559082,0.8799999952316284,3156.53,1317.2,134.0842,121.169095989729,-10.05856,4.25,3.0,22.633772720002643,2599.0,9280.0
2021-06-24,613.2453002929688,15790.4501953125,34826.59375,1775.5999755859375,74.14,6.012,5.645,1.4869999885559082,0.9070000052452089,-2890.94,1138.76,134.0842,121.169095989729,-10.05856,4.25,3.0,22.633772720002643,2599.0,9280.0
2021-06-25,627.7047119140625,15860.349609375,35364.23828125,1776.5999755859375,74.14,6.028,5.695,1.5360000133514404,0.9300000071525574,-678.84,1832.76,134.0842,121.169095989729,-10.05856,4.25,3.0,22.633772720002643,2599.0,9280.0
2021-06-28,628.9620361328125,15814.7001953125,35359.0390625,1779.5999755859375,74.29,6.056,5.727,1.4780000448226929,0.8960000276565552,-1658.72,1277.08,134.0842,121.169095989729,-10.05856,4.25,3.0,22.633772720002643,2599.0,9280.0
2021-06-29,619.0968017578125,15748.4501953125,35009.89453125,1762.800048828125,74.29,6.036,5.676,1.4800000190734863,0.890999972820282,116.63,1810.05,134.0842,121.169095989729,-10.05856,4.25,3.0,22.633772720002643,2599.0,9280.0
2021-06-30,610.1986694335938,15721.5,34771.796875,1770.800048828125,74.33,6.051,5.72,1.4429999589920044,0.8730000257492065,-1646.66,1520.18,134.0842,121.169095989729,-10.05856,4.25,3.0,22.633772720002643,2599.0,9280.0
2021-07-01,610.1502685546875,15680.0,34683.59765625,1775.9000244140625,74.56,6.039,5.7,1.4800000190734863,0.9020000100135804,382.3,-989.5,135.2961,122.347254739068,-9.337746,4.25,3.0,9.865857763484254,4251.0,9366.0
2021-07-02,619.2418212890625,15722.2001953125,34809.4921875,1782.5999755859375,74.51,6.065,5.751,1.430999994277954,0.859000027179718,382.3,-989.5,135.2961,122.347254739068,-9.337746,4.25,3.0,9.865857763484254,4251.0,9366.0
2021-07-05,626.5924682617188,15834.349609375,35211.58984375,1782.5999755859375,74.51,6.088,5.759,1.430999994277954,0.859000027179718,-1142.75,1468.09,135.2961,122.347254739068,-9.337746,4.25,3.0,9.865857763484254,4251.0,9366.0
2021-07-06,628.9620361328125,15818.25,35578.734375,1793.5,74.58,6.175,5.834,1.3700000047683716,0.8090000152587891,-186.46,983.97,135.2961,122.347254739068,-9.337746,4.25,3.0,9.865857763484254,4251.0,9366.0
2021-07-07,632.5405883789062,15879.650390625,35770.88671875,1801.5,74.81,6.164,5.798,1.3209999799728394,0.7799999713897705,532.94,-231.8,135.2961,122.347254739068,-9.337746,4.25,3.0,9.865857763484254,4251.0,9366.0
2021-07-08,620.8377685546875,15727.900390625,35273.69140625,1799.5999755859375,74.76,6.124,5.701,1.287999987602234,0.7360000014305115,532.94,-231.8,135.2961,122.347254739068,-9.337746,4.25,3.0,9.865857763484254,4251.0,9366.0
2021-07-09,617.5975952148438,15689.7998046875,35071.54296875,1810.0,74.53,6.186,5.73,1.3559999465942385,0.7870000004768372,-145.45,-136.57,135.2961,122.347254739068,-9.337746,4.25,3.0,9.865857763484254,4251.0,9366.0
2021-07-12,625.0449829101562,15692.599609375,35198.48828125,1805.5,74.56,6.22,5.749,1.3630000352859497,0.7960000038146973,-2584.97,2605.81,135.2961,122.347254739068,-9.337746,4.25,3.0,9.865857763484254,4251.0,9366.0
2021-07-13,643.13134765625,15812.349609375,35672.984375,1809.4000244140625,74.51,6.103,5.72,1.4149999618530271,0.8479999899864197,113.83,344.19,135.2961,122.347254739068,-9.337746,4.25,3.0,9.865857763484254,4251.0,9366.0
2021-07-14,642.551025390625,15853.9501953125,35667.8359375,1824.300048828125,74.54,6.109,5.691,1.3559999465942385,0.7990000247955322,-1303.95,1335.91,135.2961,122.347254739068,-9.337746,4.25,3.0,9.865857763484254,4251.0,9366.0
2021-07-15,645.54931640625,15924.2001953125,35907.23046875,1828.4000244140625,74.55,6.117,5.691,1.2970000505447388,0.7749999761581421,-264.77,439.41,135.2961,122.347254739068,-9.337746,4.25,3.0,9.865857763484254,4251.0,9366.0
2021-07-16,638.6339721679688,15923.400390625,35751.38671875,1814.5,74.61,6.13,5.681,1.2999999523162842,0.777999997138977,-466.3,666.07,135.2961,122.347254739068,-9.337746,4.25,3.0,9.865857763484254,4251.0,9366.0
2021-07-19,634.3783569335938,15752.400390625,35078.79296875,1808.699951171875,74.85,6.127,5.655,1.180999994277954,0.6899999976158142,-2198.71,1047.66,135.2961,122.347254739068,-9.337746,4.25,3.0,9.865857763484254,4251.0,9366.0
2021-07-20,620.8377685546875,15632.099609375,34415.05078125,1810.9000244140625,74.6,6.119,5.635,1.2089999914169312,0.6740000247955322,-2834.96,873.14,135.2961,122.347254739068,-9.337746,4.25,3.0,9.865857763484254,4251.0,9366.0
2021-07-21,620.8377685546875,15632.099609375,34415.05078125,1802.9000244140625,74.49,6.119,5.635,1.2799999713897705,0.7310000061988831,-2834.96,873.14,135.2961,122.347254739068,-9.337746,4.25,3.0,9.865857763484254,4251.0,9366.0
2021-07-22,634.4266967773438,15824.0498046875,34676.8984375,1805.0,74.46,6.138,5.681,1.2649999856948853,0.7120000123977661,-247.59,942.55,135.2961,122.347254739068,-9.337746,4.25,3.0,9.865857763484254,4251.0,9366.0
2021-07-23,654.447509765625,15856.0498046875,35033.9921875,1801.4000244140625,74.44,6.165,5.686,1.2860000133514404,0.7179999947547913,-163.31,2187.8,135.2961,122.347254739068,-9.337746,4.25,3.0,9.865857763484254,4251.0,9366.0
2021-07-26,654.544189453125,15824.4501953125,34949.29296875,1798.699951171875,74.35,6.169,5.682,1.2760000228881836,0.7129999995231628,-2376.79,1551.27,135.2961,122.347254739068,-9.337746,4.25,3.0,9.865857763484254,4251.0,9366.0
2021-07-27,655.2212524414062,15746.4501953125,34797.04296875,1799.5,74.5,6.178,5.689,1.2339999675750732,0.6940000057220459,-1459.08,729.96,135.2961,122.347254739068,-9.337746,4.25,3.0,9.865857763484254,4251.0,9366.0
2021-07-28,662.5718383789062,15709.400390625,34532.49609375,1799.5,74.52,6.188,5.706,1.2610000371932983,0.7400000095367432,-2274.77,921.45,135.2961,122.347254739068,-9.337746,4.25,3.0,9.865857763484254,4251.0,9366.0
2021-07-29,666.8883666992188,15778.4501953125,34691.09765625,1831.199951171875,74.25,6.198,5.721,1.2690000534057615,0.7300000190734863,-866.26,2046.96,135.2961,122.347254739068,-9.337746,4.25,3.0,9.865857763484254,4251.0,9366.0
2021-07-30,662.038330078125,15763.0498046875,34583.94921875,1812.5999755859375,74.34,6.204,5.726,1.2389999628067017,0.703000009059906,-3848.31,2956.68,135.2961,122.347254739068,-9.337746,4.25,3.0,9.865857763484254,4251.0,9366.0
2021-08-02,660.9713134765625,15885.150390625,34709.59765625,1818.0999755859375,74.35,6.197,5.731,1.1740000247955322,0.6510000228881836,1876.6,-504.86,135.2961,122.347254739068,-9.337746,4.25,3.0,9.865857763484254,4251.0,9366.0
2021-08-03,669.7014770507812,16130.75,35207.0390625,1810.0999755859375,74.25,6.2,5.734,1.1759999990463257,0.6510000228881836,-1494.49,483.62,135.2961,122.347254739068,-9.337746,4.25,3.0,9.865857763484254,4251.0,9366.0
2021-08-04,693.2244873046875,16258.7998046875,36027.6328125,1810.5,74.15,6.199,5.709,1.184000015258789,0.675000011920929,110.85,552.78,135.2961,122.347254739068,-9.337746,4.25,3.0,9.865857763484254,4251.0,9366.0
2021-08-05,681.3902587890625,16294.599609375,35834.33203125,1805.0999755859375,74.1,6.207,5.712,1.2170000076293943,0.718999981880188,110.85,552.78,135.2961,122.347254739068,-9.337746,4.25,3.0,9.865857763484254,4251.0,9366.0
2021-08-06,676.7340698242188,16238.2001953125,35808.83203125,1760.0,74.19,6.234,5.779,1.2899999618530271,0.7649999856948853,1422.71,-1626.98,135.2961,122.347254739068,-9.337746,4.25,3.0,9.865857763484254,4251.0,9366.0
2021-08-09,681.7781982421875,16258.25,36028.53125,1723.4000244140625,74.31,6.221,5.729,1.3170000314712524,0.7919999957084656,-802.51,0.6,135.2961,122.347254739068,-9.337746,4.25,3.0,9.865857763484254,4251.0,9366.0
2021-08-10,679.88671875,16280.099609375,36033.68359375,1728.800048828125,74.5,6.233,5.741,1.3420000076293943,0.8230000138282776,-64.01,-168.19,135.2961,122.347254739068,-9.337746,4.25,3.0,9.865857763484254,4251.0,9366.0
2021-08-11,672.757080078125,16282.25,35805.98046875,1750.4000244140625,74.25,6.236,5.752,1.3289999961853027,0.8019999861717224,-860.65,1911.77,135.2961,122.347254739068,-9.337746,4.25,3.0,9.865857763484254,4251.0,9366.0
2021-08-12,680.3231811523438,16364.400390625,35936.6328125,1749.0,74.31,6.226,5.744,1.3669999837875366,0.8309999704360962,-579.27,1735.5,135.2961,122.347254739068,-9.337746,4.25,3.0,9.865857763484254,4251.0,9366.0
2021-08-13,683.6697998046875,16529.099609375,36168.9296875,1775.199951171875,74.24,6.241,5.732,1.2970000505447388,0.7879999876022339,819.77,149.5,135.2961,122.347254739068,-9.337746,4.25,3.0,9.865857763484254,4251.0,9366.0
2021-08-16,681.5842895507812,16563.05078125,36094.08203125,1786.9000244140625,74.19,6.241,5.732,1.256999969482422,0.7509999871253967,-1088.32,506.21,135.2961,122.347254739068,-9.337746,4.25,3.0,9.865857763484254,4251.0,9366.0
2021-08-17,680.177734375,16614.599609375,35867.03125,1785.0,74.38,6.234,5.695,1.2580000162124634,0.7639999985694885,-343.73,266.43,135.2961,122.347254739068,-9.337746,4.25,3.0,9.865857763484254,4251.0,9366.0
2021-08-18,667.6644287109375,16568.849609375,35554.0859375,1781.5999755859375,74.27,6.228,5.658,1.2730000019073486,0.777999997138977,-595.32,-729.49,135.2961,122.347254739068,-9.337746,4.25,3.0,9.865857763484254,4251.0,9366.0
2021-08-19,667.6644287109375,16568.849609375,35554.0859375,1780.199951171875,74.38,6.228,5.658,1.2419999837875366,0.7649999856948853,-595.32,-729.49,135.2961,122.347254739068,-9.337746,4.25,3.0,9.865857763484254,4251.0,9366.0
2021-08-20,660.2922973632812,16450.5,35033.4453125,1781.0,74.35,6.234,5.69,1.2599999904632568,0.7850000262260437,-2287.03,119.3,135.2961,122.347254739068,-9.337746,4.25,3.0,9.865857763484254,4251.0,9366.0
2021-08-23,662.2322998046875,16496.44921875,35123.98828125,1803.199951171875,74.12,6.243,5.69,1.2549999952316284,0.7720000147819519,-1363.36,1452.51,135.2961,122.347254739068,-9.337746,4.25,3.0,9.865857763484254,4251.0,9366.0
2021-08-24,673.6300659179688,16624.599609375,35711.6875,1805.5999755859375,74.13,6.25,5.698,1.2899999618530271,0.7929999828338623,-1644.91,2380.05,135.2961,122.347254739068,-9.337746,4.25,3.0,9.865857763484254,4251.0,9366.0
2021-08-25,670.3319702148438,16634.650390625,35585.8359375,1788.199951171875,74.23,6.241,5.685,1.3420000076293943,0.8190000057220459,-1071.83,-151.39,135.2961,122.347254739068,-9.337746,4.25,3.0,9.865857763484254,4251.0,9366.0
2021-08-26,677.8496704101562,16636.900390625,35617.13671875,1792.199951171875,74.13,6.251,5.698,1.3420000076293943,0.8429999947547913,-1974.48,1055.21,135.2961,122.347254739068,-9.337746,4.25,3.0,9.865857763484254,4251.0,9366.0
2021-08-27,678.771240234375,16705.19921875,35627.38671875,1816.5999755859375,73.47,6.254,5.683,1.312000036239624,0.800000011920929,-778.75,1646.19,135.2961,122.347254739068,-9.337746,4.25,3.0,9.865857763484254,4251.0,9366.0
2021-08-30,692.2544555664062,16931.05078125,36347.2265625,1809.0,73.29,6.225,5.651,1.284999966621399,0.7710000276565552,1202.81,688.85,135.2961,122.347254739068,-9.337746,4.25,3.0,9.865857763484254,4251.0,9366.0
2021-08-31,697.4925537109375,17132.19921875,36424.1796875,1815.0,72.95,6.215,5.651,1.3040000200271606,0.7720000147819519,3881.16,-1872.4,135.2961,122.347254739068,-9.337746,4.25,3.0,9.865857763484254,4251.0,9366.0
2021-09-01,698.317138671875,17076.25,36573.875,1813.0999755859375,72.99,6.199,5.611,1.3020000457763672,0.7799999713897705,3881.16,-1872.4,135.847,124.52231704554,-21.50543,4.25,3.0,9.865857763484254,4251.0,9366.0
2021-09-02,703.4097290039062,17234.150390625,36830.87109375,1808.699951171875,72.99,6.171,5.586,1.2940000295639038,0.7760000228881836,1300.65,-1756.24,135.847,124.52231704554,-21.50543,4.25,3.0,9.865857763484254,4251.0,9366.0
2021-09-03,702.5851440429688,17323.599609375,36760.72265625,1830.9000244140625,72.98,6.156,5.574,1.3220000267028809,0.7850000262260437,2801.87,1250.22,135.847,124.52231704554,-21.50543,4.25,3.0,9.865857763484254,4251.0,9366.0
2021-09-06,699.5296630859375,17377.80078125,36591.92578125,1830.9000244140625,72.98,6.173,5.596,1.3220000267028809,0.7850000262260437,-846.37,-271.7,135.847,124.52231704554,-21.50543,4.25,3.0,9.865857763484254,4251.0,9366.0
2021-09-07,695.4070434570312,17362.099609375,36468.375,1795.9000244140625,73.44,6.195,5.631,1.3700000047683716,0.8190000057220459,-1124.65,106.55,135.847,124.52231704554,-21.50543,4.25,3.0,9.865857763484254,4251.0,9366.0
2021-09-08,699.3355712890625,17353.5,36767.7734375,1790.699951171875,73.84,6.188,5.614,1.3339999914169312,0.8059999942779541,211.91,-716.15,135.847,124.52231704554,-21.50543,4.25,3.0,9.865857763484254,4251.0,9366.0
2021-09-09,698.6566162109375,17369.25,36682.7734375,1797.4000244140625,73.52,6.178,5.609,1.2990000247955322,0.7870000004768372,423.44,704.21,135.847,124.52231704554,-21.50543,4.25,3.0,9.865857763484254,4251.0,9366.0
2021-09-10,698.6566162109375,17369.25,36682.7734375,1789.5999755859375,73.52,6.178,5.609,1.340999960899353,0.8159999847412109,423.44,704.21,135.847,124.52231704554,-21.50543,4.25,3.0,9.865857763484254,4251.0,9366.0
2021-09-13,686.1918334960938,17355.30078125,36471.375,1792.0,73.58,6.192,5.626,1.3240000009536743,0.8050000071525574,1419.31,-559.59,135.847,124.52231704554,-21.50543,4.25,3.0,9.865857763484254,4251.0,9366.0
2021-09-14,686.2402954101562,17380.0,36612.625,1804.699951171875,73.64,6.198,5.636,1.2769999504089355,0.7789999842643738,1649.6,-310.31,135.847,124.52231704554,-21.50543,4.25,3.0,9.865857763484254,4251.0,9366.0
2021-09-15,692.9334716796875,17519.44921875,36851.8203125,1792.4000244140625,73.47,6.163,5.599,1.3040000200271606,0.800000011920929,232.84,167.67,135.847,124.52231704554,-21.50543,4.25,3.0,9.865857763484254,4251.0,9366.0
2021-09-16,705.398193359375,17629.5,37668.1640625,1754.5999755859375,73.56,6.169,5.601,1.3309999704360962,0.8339999914169312,1621.88,-795.13,135.847,124.52231704554,-21.50543,4.25,3.0,9.865857763484254,4251.0,9366.0
2021-09-17,698.5595703125,17585.150390625,37811.5078125,1749.4000244140625,73.64,6.167,5.616,1.3700000047683716,0.8659999966621399,1552.59,-1398.55,135.847,124.52231704554,-21.50543,4.25,3.0,9.865857763484254,4251.0,9366.0
2021-09-20,688.7138671875,17396.900390625,37145.265625,1761.800048828125,73.65,6.138,5.559,1.309000015258789,0.8209999799728394,92.54,-1626.58,135.847,124.52231704554,-21.50543,4.25,3.0,9.865857763484254,4251.0,9366.0
2021-09-21,690.5083618164062,17562.0,37235.41796875,1776.0,73.71,6.122,5.586,1.3240000009536743,0.8289999961853027,1041.92,2167.62,135.847,124.52231704554,-21.50543,4.25,3.0,9.865857763484254,4251.0,9366.0
2021-09-22,682.2632446289062,17546.650390625,36944.21875,1776.699951171875,73.8,6.138,5.594,1.3359999656677246,0.871999979019165,-1943.26,1850.02,135.847,124.52231704554,-21.50543,4.25,3.0,9.865857763484254,4251.0,9366.0
2021-09-23,695.5039672851562,17822.94921875,37771.26171875,1747.699951171875,73.7,6.14,5.579,1.409999966621399,0.9290000200271606,357.93,1173.09,135.847,124.52231704554,-21.50543,4.25,3.0,9.865857763484254,4251.0,9366.0
2021-09-24,701.275634765625,17853.19921875,37829.859375,1749.699951171875,73.81,6.181,5.649,1.4600000381469729,0.9570000171661376,442.49,-515.85,135.847,124.52231704554,-21.50543,4.25,3.0,9.865857763484254,4251.0,9366.0
2021-09-27,708.1142578125,17855.099609375,38170.8046875,1750.0,73.86,6.209,5.688,1.4839999675750732,0.9829999804496764,-594.63,1397.69,135.847,124.52231704554,-21.50543,4.25,3.0,9.865857763484254,4251.0,9366.0
2021-09-28,695.6494750976562,17748.599609375,37944.55859375,1735.800048828125,74.21,6.228,5.675,1.534000039100647,1.0230000019073486,-1957.7,161.45,135.847,124.52231704554,-21.50543,4.25,3.0,9.865857763484254,4251.0,9366.0
2021-09-29,688.2288818359375,17711.30078125,37742.5625,1721.5,74.28,6.206,5.647,1.5410000085830688,1.0119999647140503,-1446.02,3262.16,135.847,124.52231704554,-21.50543,4.25,3.0,9.865857763484254,4251.0,9366.0
2021-09-30,679.8381958007812,17618.150390625,37424.66796875,1755.300048828125,74.16,6.223,5.66,1.5290000438690186,0.996999979019165,-2225.6,97.18,135.847,124.52231704554,-21.50543,4.25,3.0,9.865857763484254,4251.0,9366.0
2021-10-01,671.5929565429688,17532.05078125,37225.46484375,1757.0,74.15,6.244,5.787,1.4789999723434448,0.9409999847412108,-2225.6,97.18,137.6098,127.51302771694,-15.31223,4.25,3.0,5.5290748298364,4940.0,9912.0
2021-10-04,679.2076416015625,17691.25,37579.2109375,1766.199951171875,74.46,6.248,5.784,1.4809999465942385,0.944000005722046,-2225.6,97.18,137.6098,127.51302771694,-15.31223,4.25,3.0,5.5290748298364,4940.0,9912.0
2021-10-05,676.2005615234375,17822.30078125,37740.5625,1759.5999755859375,74.51,6.26,5.788,1.5290000438690186,0.977999985218048,583.69,-476.26,137.6098,127.51302771694,-15.31223,4.25,3.0,5.5290748298364,4940.0,9912.0
2021-10-06,668.8284912109375,17646.0,37521.11328125,1760.5,74.82,6.276,5.794,1.52400004863739,0.9850000143051147,1329.7,-575.19,137.6098,127.51302771694,-15.31223,4.25,3.0,5.5290748298364,4940.0,9912.0
2021-10-07,681.1477661132812,17790.349609375,37752.76171875,1757.9000244140625,74.85,6.267,5.839,1.5709999799728394,1.0190000534057615,1329.7,-575.19,137.6098,127.51302771694,-15.31223,4.25,3.0,5.5290748298364,4940.0,9912.0
2021-10-08,682.3117065429688,17895.19921875,37774.8125,1756.300048828125,75.05,6.318,5.805,1.6050000190734863,1.0479999780654907,-178.51,689.0,137.6098,127.51302771694,-15.31223,4.25,3.0,5.5290748298364,4940.0,9912.0
2021-10-11,691.9149169921875,17945.94921875,38293.35546875,1754.5999755859375,75.05,6.34,5.814,1.6139999628067017,1.059999942779541,-469.5,766.95,137.6098,127.51302771694,-15.31223,4.25,3.0,5.5290748298364,4940.0,9912.0
2021-10-12,687.3558349609375,17991.94921875,38521.05078125,1758.300048828125,75.46,6.326,5.825,1.5800000429153442,1.0740000009536743,-1092.4,386.63,137.6098,127.51302771694,-15.31223,4.25,3.0,5.5290748298364,4940.0,9912.0
2021-10-13,688.6654052734375,18161.75,38635.30078125,1793.699951171875,75.33,6.314,5.781,1.5490000247955322,1.087000012397766,937.31,-431.72,137.6098,127.51302771694,-15.31223,4.25,3.0,5.5290748298364,4940.0,9912.0
2021-10-14,705.4952392578125,18338.55078125,39340.44140625,1796.699951171875,75.18,6.328,5.78,1.5190000534057615,1.0499999523162842,1681.6,-1750.59,137.6098,127.51302771694,-15.31223,4.25,3.0,5.5290748298364,4940.0,9912.0
2021-10-15,705.4952392578125,18338.55078125,39340.44140625,1767.199951171875,74.98,6.328,5.78,1.5759999752044678,1.121999979019165,1681.6,-1750.59,137.6098,127.51302771694,-15.31223,4.25,3.0,5.5290748298364,4940.0,9912.0
2021-10-18,723.10107421875,18477.05078125,39684.33984375,1764.800048828125,75.32,6.387,5.846,1.5839999914169312,1.1619999408721924,512.44,-1703.87,137.6098,127.51302771694,-15.31223,4.25,3.0,5.5290748298364,4940.0,9912.0
2021-10-19,725.0411376953125,18418.75,39540.0390625,1769.699951171875,75.06,6.387,5.846,1.6349999904632568,1.156999945640564,-505.79,-2578.22,137.6098,127.51302771694,-15.31223,4.25,3.0,5.5290748298364,4940.0,9912.0
2021-10-20,723.4890747070312,18266.599609375,39517.73828125,1784.0999755859375,74.83,6.373,5.846,1.6360000371932983,1.1469999551773071,-1843.09,-1680.73,137.6098,127.51302771694,-15.31223,4.25,3.0,5.5290748298364,4940.0,9912.0
2021-10-21,732.8497314453125,18178.099609375,40029.734375,1781.199951171875,74.8,6.338,5.829,1.6759999990463257,1.212000012397766,-2818.9,428.45,137.6098,127.51302771694,-15.31223,4.25,3.0,5.5290748298364,4940.0,9912.0
2021-10-22,736.5357666015625,18114.900390625,40323.1796875,1795.5,74.87,6.364,5.86,1.6549999713897705,1.2109999656677246,-2697.7,1029.97,137.6098,127.51302771694,-15.31223,4.25,3.0,5.5290748298364,4940.0,9912.0
2021-10-25,816.4654541015625,18125.400390625,41191.91796875,1806.0,75.05,6.35,5.843,1.6349999904632568,1.1759999990463257,-2459.1,2390.23,137.6098,127.51302771694,-15.31223,4.25,3.0,5.5290748298364,4940.0,9912.0
2021-10-26,804.5342407226562,18268.400390625,41237.8203125,1792.699951171875,74.9,6.362,5.842,1.61899995803833,1.1829999685287476,-2368.66,1385.41,137.6098,127.51302771694,-15.31223,4.25,3.0,5.5290748298364,4940.0,9912.0
2021-10-27,809.9663696289062,18210.94921875,40873.875,1797.9000244140625,75.01,6.336,5.832,1.5290000438690186,1.1380000114440918,-1913.36,472.48,137.6098,127.51302771694,-15.31223,4.25,3.0,5.5290748298364,4940.0,9912.0
2021-10-28,774.7545776367188,17857.25,39508.48828125,1801.5999755859375,74.77,6.367,5.841,1.5679999589920044,1.187999963760376,-3818.51,836.6,137.6098,127.51302771694,-15.31223,4.25,3.0,5.5290748298364,4940.0,9912.0
2021-10-29,778.004150390625,17671.650390625,39115.1484375,1783.0,75.0,6.388,5.864,1.5570000410079956,1.187999963760376,-5142.63,4342.51,137.6098,127.51302771694,-15.31223,4.25,3.0,5.5290748298364,4940.0,9912.0
2021-11-01,779.7987670898438,17929.650390625,39763.2890625,1795.0999755859375,74.83,6.387,5.872,1.5750000476837158,1.1979999542236328,3138.9,-2610.13,138.4912,130.23185560003,-18.88228,4.25,3.0,5.5290748298364,4940.0,9912.0
2021-11-02,776.9371337890625,17888.94921875,39937.984375,1788.699951171875,74.63,6.36,5.851,1.5490000247955322,1.14900004863739,944.36,-707.68,138.4912,130.23185560003,-18.88228,4.25,3.0,5.5290748298364,4940.0,9912.0
2021-11-03,762.3868408203125,17829.19921875,39401.59375,1763.5999755859375,74.51,6.357,5.841,1.5789999961853027,1.184999942779541,944.36,-707.68,138.4912,130.23185560003,-18.88228,4.25,3.0,5.5290748298364,4940.0,9912.0
2021-11-04,758.6522827148438,17916.80078125,39573.23828125,1793.0,74.53,6.357,5.841,1.52400004863739,1.1039999723434448,944.36,-707.68,138.4912,130.23185560003,-18.88228,4.25,3.0,5.5290748298364,4940.0,9912.0
2021-11-05,758.6522827148438,17916.80078125,39573.23828125,1816.4000244140625,74.22,6.357,5.841,1.4529999494552612,1.0540000200271606,-336.0,-676.67,138.4912,130.23185560003,-18.88228,4.25,3.0,5.5290748298364,4940.0,9912.0
2021-11-08,756.7607421875,18068.55078125,39437.79296875,1827.4000244140625,73.91,6.301,5.803,1.496999979019165,1.1200000047683716,238.14,206.28,138.4912,130.23185560003,-18.88228,4.25,3.0,5.5290748298364,4940.0,9912.0
2021-11-09,762.9688720703125,18044.25,39368.34375,1830.199951171875,74.1,6.293,5.8,1.4320000410079956,1.0679999589920044,238.14,206.28,138.4912,130.23185560003,-18.88228,4.25,3.0,5.5290748298364,4940.0,9912.0
2021-11-10,757.48828125,18017.19921875,39022.796875,1847.5999755859375,74.26,6.336,5.813,1.559999942779541,1.2139999866485596,-1303.22,-373.28,138.4912,130.23185560003,-18.88228,4.25,3.0,5.5290748298364,4940.0,9912.0
2021-11-11,748.3215942382812,17873.599609375,38559.75,1863.199951171875,74.26,6.367,5.857,1.559999942779541,1.2209999561309814,-1637.46,445.76,138.4912,130.23185560003,-18.88228,4.25,3.0,5.5290748298364,4940.0,9912.0
2021-11-12,753.317138671875,18102.75,38732.90234375,1867.9000244140625,74.4,6.368,5.837,1.5820000171661377,1.2359999418258667,-1637.46,445.76,138.4912,130.23185560003,-18.88228,4.25,3.0,5.5290748298364,4940.0,9912.0
2021-11-15,750.1161499023438,18109.44921875,38701.90234375,1866.0999755859375,74.35,6.342,5.796,1.6230000257492063,1.256999969482422,424.74,1524.67,138.4912,130.23185560003,-18.88228,4.25,3.0,5.5290748298364,4940.0,9912.0
2021-11-16,741.1434326171875,17999.19921875,38306.65625,1853.5999755859375,74.48,6.364,5.824,1.633999943733215,1.2669999599456787,-560.67,577.34,138.4912,130.23185560003,-18.88228,4.25,3.0,5.5290748298364,4940.0,9912.0
2021-11-17,738.4758911132812,17898.650390625,38041.109375,1869.699951171875,74.28,6.361,5.737,1.6039999723434448,1.2359999418258667,-344.35,-61.14,138.4912,130.23185560003,-18.88228,4.25,3.0,5.5290748298364,4940.0,9912.0
2021-11-18,740.0278930664062,17764.80078125,37975.80859375,1861.0,74.25,6.345,5.746,1.5889999866485596,1.2230000495910645,-3930.62,1885.66,138.4912,130.23185560003,-18.88228,4.25,3.0,5.5290748298364,4940.0,9912.0
2021-11-19,740.0278930664062,17764.80078125,37975.80859375,1851.199951171875,74.25,6.345,5.746,1.5360000133514404,1.2029999494552612,-3930.62,1885.66,138.4912,130.23185560003,-18.88228,4.25,3.0,5.5290748298364,4940.0,9912.0
2021-11-22,729.4546508789062,17416.55078125,37128.37109375,1806.0,74.37,6.351,5.799,1.625,1.309999942779541,-3438.76,2051.18,138.4912,130.23185560003,-18.88228,4.25,3.0,5.5290748298364,4940.0,9912.0
2021-11-23,729.3091430664062,17503.349609375,37272.3671875,1783.5,74.49,6.364,5.768,1.6670000553131104,1.3339999914169312,-4477.06,1412.05,138.4912,130.23185560003,-18.88228,4.25,3.0,5.5290748298364,4940.0,9912.0
2021-11-24,737.4088745117188,17415.05078125,37441.515625,1784.0999755859375,74.57,6.367,5.808,1.6449999809265137,1.343999981880188,-5122.65,3809.62,138.4912,130.23185560003,-18.88228,4.25,3.0,5.5290748298364,4940.0,9912.0
2021-11-25,728.5331420898438,17536.25,37364.31640625,1784.0999755859375,74.57,6.367,5.767,1.6449999809265137,1.343999981880188,-2300.65,1367.8,138.4912,130.23185560003,-18.88228,4.25,3.0,5.5290748298364,4940.0,9912.0
2021-11-26,700.5481567382812,17026.44921875,36025.08203125,1785.300048828125,74.89,6.33,5.751,1.4819999933242798,1.1690000295639038,-5785.83,2294.11,138.4912,130.23185560003,-18.88228,4.25,3.0,5.5290748298364,4940.0,9912.0
2021-11-29,696.862060546875,17053.94921875,35976.03125,1782.300048828125,75.12,6.335,5.734,1.5299999713897705,1.184999942779541,-3332.21,4611.41,138.4912,130.23185560003,-18.88228,4.25,3.0,5.5290748298364,4940.0,9912.0
2021-11-30,692.9334716796875,16983.19921875,35694.88671875,1773.5999755859375,75.1,6.326,5.693,1.4429999589920044,1.149999976158142,-5445.25,5350.23,138.4912,130.23185560003,-18.88228,4.25,3.0,5.5290748298364,4940.0,9912.0
2021-12-01,705.8831787109375,17166.900390625,36364.4765625,1781.5999755859375,74.83,6.353,5.72,1.434000015258789,1.1549999713897705,571.47,-1334.5,138.1607,129.869345215618,-20.31247,4.25,3.0,5.5290748298364,4940.0,9912.0
2021-12-02,700.7421264648438,17401.650390625,36507.82421875,1760.699951171875,74.89,6.352,5.709,1.4479999542236328,1.2079999446868896,-37.33,-597.62,138.1607,129.869345215618,-20.31247,4.25,3.0,5.5290748298364,4940.0,9912.0
2021-12-03,694.8250732421875,17196.69921875,36196.7265625,1782.0,75.24,6.369,5.725,1.343000054359436,1.1239999532699585,-942.6,-163.87,138.1607,129.869345215618,-20.31247,4.25,3.0,5.5290748298364,4940.0,9912.0
2021-12-06,688.27734375,16912.25,35735.484375,1777.5,75.39,6.359,5.713,1.434000015258789,1.2130000591278076,-942.6,-163.87,138.1607,129.869345215618,-20.31247,4.25,3.0,5.5290748298364,4940.0,9912.0
2021-12-07,712.6248168945312,17176.69921875,36617.97265625,1782.5999755859375,75.43,6.391,5.741,1.4800000190734863,1.256999969482422,-745.97,447.42,138.1607,129.869345215618,-20.31247,4.25,3.0,5.5290748298364,4940.0,9912.0
2021-12-08,730.812744140625,17469.75,37284.265625,1783.4000244140625,75.4,6.347,5.694,1.508999943733215,1.2610000371932983,-212.11,307.75,138.1607,129.869345215618,-20.31247,4.25,3.0,5.5290748298364,4940.0,9912.0
2021-12-09,732.36474609375,17516.849609375,37082.01953125,1774.5999755859375,75.58,6.348,5.701,1.4869999885559082,1.256999969482422,-212.11,307.75,138.1607,129.869345215618,-20.31247,4.25,3.0,5.5290748298364,4940.0,9912.0
2021-12-10,735.2748413085938,17511.30078125,37105.21875,1782.9000244140625,75.66,6.37,5.706,1.4889999628067017,1.2519999742507937,-278.32,-741.22,138.1607,129.869345215618,-20.31247,4.25,3.0,5.5290748298364,4940.0,9912.0
2021-12-13,731.3947143554688,17368.25,36924.8203125,1786.300048828125,75.78,6.37,5.715,1.4240000247955322,1.2130000591278076,-2743.44,1351.03,138.1607,129.869345215618,-20.31247,4.25,3.0,5.5290748298364,4940.0,9912.0
2021-12-14,735.9053955078125,17324.900390625,36893.51953125,1770.4000244140625,75.98,6.356,5.713,1.437999963760376,1.2339999675750732,-763.18,425.43,138.1607,129.869345215618,-20.31247,4.25,3.0,5.5290748298364,4940.0,9912.0
2021-12-15,729.6972045898438,17221.400390625,36789.125,1762.5999755859375,76.38,6.364,5.732,1.4630000591278076,1.2610000371932983,-3407.04,1553.01,138.1607,129.869345215618,-20.31247,4.25,3.0,5.5290748298364,4940.0,9912.0
2021-12-16,718.9300537109375,17248.400390625,36548.22265625,1796.5999755859375,76.18,6.374,5.734,1.4220000505447388,1.1729999780654907,-1468.71,1533.15,138.1607,129.869345215618,-20.31247,4.25,3.0,5.5290748298364,4940.0,9912.0
2021-12-17,706.4652099609375,16985.19921875,35618.234375,1803.800048828125,75.98,6.411,5.76,1.4019999504089355,1.1770000457763672,-2069.9,1478.52,138.1607,129.869345215618,-20.31247,4.25,3.0,5.5290748298364,4940.0,9912.0
2021-12-20,688.6654052734375,16614.19921875,34439.453125,1793.699951171875,75.82,6.435,5.795,1.4190000295639038,1.1640000343322754,-3565.36,2764.02,138.1607,129.869345215618,-20.31247,4.25,3.0,5.5290748298364,4940.0,9912.0
2021-12-21,698.7536010742188,16770.849609375,34607.44921875,1787.9000244140625,75.67,6.468,5.826,1.4869999885559082,1.2350000143051147,-1209.82,1404.89,138.1607,129.869345215618,-20.31247,4.25,3.0,5.5290748298364,4940.0,9912.0
2021-12-22,710.8302612304688,16955.44921875,35029.09375,1801.5999755859375,75.45,6.464,5.822,1.4570000171661377,1.222000002861023,-827.26,1593.41,138.1607,129.869345215618,-20.31247,4.25,3.0,5.5290748298364,4940.0,9912.0
2021-12-23,709.375244140625,17072.599609375,35190.73828125,1811.199951171875,75.02,6.46,5.819,1.493000030517578,1.243000030517578,-271.59,1196.48,138.1607,129.869345215618,-20.31247,4.25,3.0,5.5290748298364,4940.0,9912.0
2021-12-24,705.3012084960938,17003.75,34856.64453125,1811.199951171875,75.02,6.462,5.853,1.493000030517578,1.243000030517578,-715.0,-43.24,138.1607,129.869345215618,-20.31247,4.25,3.0,5.5290748298364,4940.0,9912.0
2021-12-27,713.9343872070312,17086.25,35057.4921875,1808.0999755859375,74.97,6.465,5.858,1.4809999465942385,1.2519999742507937,-1038.25,955.79,138.1607,129.869345215618,-20.31247,4.25,3.0,5.5290748298364,4940.0,9912.0
2021-12-28,713.7404174804688,17233.25,35183.390625,1810.199951171875,74.67,6.478,5.872,1.4809999465942385,1.2450000047683716,207.31,567.47,138.1607,129.869345215618,-20.31247,4.25,3.0,5.5290748298364,4940.0,9912.0
2021-12-29,713.6433715820312,17213.599609375,35044.9921875,1805.0999755859375,74.58,6.461,5.865,1.5429999828338623,1.2940000295639038,-975.23,1006.93,138.1607,129.869345215618,-20.31247,4.25,3.0,5.5290748298364,4940.0,9912.0
2021-12-30,713.6433715820312,17203.94921875,35063.1953125,1812.699951171875,74.39,6.469,5.874,1.5149999856948853,1.27400004863739,-986.32,577.74,138.1607,129.869345215618,-20.31247,4.25,3.0,5.5290748298364,4940.0,9912.0
2021-12-31,717.9600219726562,17354.05078125,35481.28515625,1827.5,74.39,6.454,5.862,1.5119999647140503,1.2630000114440918,575.39,1165.62,138.1607,129.869345215618,-20.31247,4.25,3.0,5.5290748298364,4940.0,9912.0
2022-01-03,741.77392578125,17625.69921875,36421.4765625,1799.4000244140625,74.32,6.46,5.872,1.628000020980835,1.3650000095367432,575.39,1165.62,138.1607,129.869345215618,-20.31247,4.25,3.0,5.5290748298364,4940.0,9912.0
2022-01-04,749.6796264648438,17805.25,36839.71875,1814.0,74.52,6.518,5.939,1.6679999828338623,1.375,1909.78,-183.79,138.1607,129.869345215618,-20.31247,4.25,3.0,5.5290748298364,4940.0,9912.0
2022-01-05,764.423828125,17925.25,37695.4609375,1824.5999755859375,74.31,6.508,5.93,1.7050000429153442,1.4329999685287476,1909.78,-183.79,138.1607,129.869345215618,-20.31247,4.25,3.0,5.5290748298364,4940.0,9912.0
2022-01-06,761.5137939453125,17745.900390625,37489.8125,1788.699951171875,74.4,6.525,5.94,1.7330000400543213,1.4769999980926514,-1930.16,984.11,138.1607,129.869345215618,-20.31247,4.25,3.0,5.5290748298364,4940.0,9912.0
2022-01-07,769.468017578125,17812.69921875,37739.1640625,1797.0,74.27,6.542,5.988,1.7710000276565552,1.5049999952316284,-2324.74,1310.71,138.1607,129.869345215618,-20.31247,4.25,3.0,5.5290748298364,4940.0,9912.0
2022-01-10,786.443359375,18003.30078125,38347.453125,1798.4000244140625,74.06,6.59,6.032,1.7799999713897705,1.537999987602234,-2324.74,1310.71,138.1607,129.869345215618,-20.31247,4.25,3.0,5.5290748298364,4940.0,9912.0
2022-01-11,786.3463745117188,18055.75,38441.75390625,1818.5999755859375,73.81,6.57,6.008,1.746000051498413,1.506999969482422,-2324.74,1310.71,138.1607,129.869345215618,-20.31247,4.25,3.0,5.5290748298364,4940.0,9912.0
2022-01-12,799.0535278320312,18212.349609375,38727.1015625,1827.199951171875,73.77,6.593,6.018,1.725000023841858,1.493000030517578,-2324.74,1310.71,138.1607,129.869345215618,-20.31247,4.25,3.0,5.5290748298364,4940.0,9912.0
2022-01-13,799.97509765625,18257.80078125,38469.50390625,1821.199951171875,73.96,6.561,5.967,1.7109999656677246,1.4809999465942385,-1390.85,1065.32,138.1607,129.869345215618,-20.31247,4.25,3.0,5.5290748298364,4940.0,9912.0
2022-01-14,795.4160766601562,18255.75,38369.953125,1816.5,74.08,6.582,5.97,1.7719999551773071,1.5479999780654907,-1598.2,371.41,138.1607,129.869345215618,-20.31247,4.25,3.0,5.5290748298364,4940.0,9912.0
2022-01-17,794.7369384765625,18308.099609375,38215.703125,1816.5,74.08,6.636,6.035,1.7719999551773071,1.5479999780654907,-855.47,-115.31,138.1607,129.869345215618,-20.31247,4.25,3.0,5.5290748298364,4940.0,9912.0
2022-01-18,798.4230346679688,18113.05078125,38209.85546875,1812.300048828125,74.56,6.627,6.057,1.8650000095367432,1.6480000019073486,-1254.95,-220.2,138.1607,129.869345215618,-20.31247,4.25,3.0,5.5290748298364,4940.0,9912.0
2022-01-19,784.3577880859375,17938.400390625,38040.91015625,1843.0999755859375,74.39,6.598,6.057,1.8270000219345093,1.6109999418258667,-2704.77,-195.07,138.1607,129.869345215618,-20.31247,4.25,3.0,5.5290748298364,4940.0,9912.0
2022-01-20,785.9583740234375,17757.0,37850.41015625,1842.5,74.32,6.608,6.053,1.8329999446868896,1.618000030517578,-4679.84,769.26,138.1607,129.869345215618,-20.31247,4.25,3.0,5.5290748298364,4940.0,9912.0
2022-01-21,780.3806762695312,17617.150390625,37573.86328125,1831.800048828125,74.28,6.62,6.058,1.746999979019165,1.5470000505447388,-3148.58,269.36,138.1607,129.869345215618,-20.31247,4.25,3.0,5.5290748298364,4940.0,9912.0
2022-01-24,774.5120849609375,17149.099609375,36947.12109375,1841.699951171875,74.72,6.652,6.073,1.7350000143051147,1.5140000581741333,-3751.58,74.88,138.1607,129.869345215618,-20.31247,4.25,3.0,5.5290748298364,4940.0,9912.0
2022-01-25,777.6161499023438,17277.94921875,37706.3125,1852.699951171875,74.73,6.662,6.049,1.7829999923706057,1.565999984741211,-7094.48,4534.53,138.1607,129.869345215618,-20.31247,4.25,3.0,5.5290748298364,4940.0,9912.0
2022-01-26,777.6161499023438,17277.94921875,37706.3125,1829.9000244140625,74.87,6.662,6.049,1.8480000495910645,1.649999976158142,-7094.48,4534.53,138.1607,129.869345215618,-20.31247,4.25,3.0,5.5290748298364,4940.0,9912.0
2022-01-27,770.8260498046875,17110.150390625,37981.66015625,1793.300048828125,75.18,6.746,6.12,1.8070000410079956,1.6619999408721924,-6266.75,2881.32,138.1607,129.869345215618,-20.31247,4.25,3.0,5.5290748298364,4940.0,9912.0
2022-01-28,757.7308349609375,17101.94921875,37688.9609375,1784.9000244140625,75.0,6.768,6.12,1.781999945640564,1.6239999532699585,-5045.34,3358.67,138.1607,129.869345215618,-20.31247,4.25,3.0,5.5290748298364,4940.0,9912.0
2022-01-31,765.1514282226562,17339.849609375,37974.91015625,1795.0,74.6,6.684,6.03,1.781999945640564,1.6139999628067017,-3624.48,3648.65,138.1607,129.869345215618,-20.31247,4.25,3.0,5.5290748298364,4940.0,9912.0
2022-02-01,786.0068969726562,17576.849609375,38505.05078125,1800.300048828125,74.78,6.828,6.131,1.7999999523162842,1.6239999532699585,-3624.48,3648.65,137.72,131.681897137678,-23.34113,4.25,3.0,5.5290748298364,4940.0,9912.0
2022-02-02,789.3533325195312,17780.0,39330.04296875,1809.199951171875,74.77,6.88,6.227,1.7660000324249268,1.600000023841858,-183.6,425.96,137.72,131.681897137678,-23.34113,4.25,3.0,5.5290748298364,4940.0,9912.0
2022-02-03,784.6973266601562,17560.19921875,39009.546875,1803.0,74.71,6.889,6.24,1.8270000219345093,1.6610000133514404,-4338.94,3061.7,137.72,131.681897137678,-23.34113,4.25,3.0,5.5290748298364,4940.0,9912.0
2022-02-04,780.9142456054688,17516.30078125,38788.90234375,1806.5999755859375,74.61,6.879,6.194,1.9299999475479128,1.787999987602234,-4338.94,3061.7,137.72,131.681897137678,-23.34113,4.25,3.0,5.5290748298364,4940.0,9912.0
2022-02-07,762.8233642578125,17213.599609375,37995.0078125,1820.5999755859375,74.68,6.879,6.194,1.9160000085830688,1.7649999856948853,-4338.94,3061.7,137.72,131.681897137678,-23.34113,4.25,3.0,5.5290748298364,4940.0,9912.0
2022-02-08,768.7404174804688,17266.75,38028.0078125,1826.5999755859375,74.71,6.81,6.122,1.9539999961853027,1.8079999685287476,825.18,117.79,137.72,131.681897137678,-23.34113,4.25,3.0,5.5290748298364,4940.0,9912.0
2022-02-09,778.731689453125,17463.80078125,38609.80078125,1835.199951171875,74.8,6.798,6.095,1.9290000200271609,1.8020000457763672,825.18,117.79,137.72,131.681897137678,-23.34113,4.25,3.0,5.5290748298364,4940.0,9912.0
2022-02-10,781.3507690429688,17605.849609375,39010.49609375,1836.199951171875,75.07,6.725,5.92,2.0309998989105225,1.944000005722046,825.18,117.79,137.72,131.681897137678,-23.34113,4.25,3.0,5.5290748298364,4940.0,9912.0
2022-02-11,767.0914306640625,17374.75,38516.80078125,1840.800048828125,75.34,6.698,5.877,1.955000042915344,1.868000030517578,825.18,117.79,137.72,131.681897137678,-23.34113,4.25,3.0,5.5290748298364,4940.0,9912.0
2022-02-14,731.1036987304688,16842.80078125,36908.12109375,1868.0,75.63,6.667,5.855,1.996000051498413,1.9179999828338623,-4253.7,2170.29,137.72,131.681897137678,-23.34113,4.25,3.0,5.5290748298364,4940.0,9912.0
2022-02-15,752.7836303710938,17352.44921875,38169.65625,1854.800048828125,75.2,6.673,5.884,2.0450000762939453,1.934999942779541,-2298.76,4411.6,137.72,131.681897137678,-23.34113,4.25,3.0,5.5290748298364,4940.0,9912.0
2022-02-16,741.1434326171875,17322.19921875,37953.359375,1870.199951171875,75.03,6.686,5.926,2.046999931335449,1.919999957084656,-1890.96,1180.14,137.72,131.681897137678,-23.34113,4.25,3.0,5.5290748298364,4940.0,9912.0
2022-02-17,727.8541870117188,17304.599609375,37531.2109375,1900.699951171875,75.02,6.674,5.919,1.972000002861023,1.8480000495910645,-1242.1,901.1,137.72,131.681897137678,-23.34113,4.25,3.0,5.5290748298364,4940.0,9912.0
2022-02-18,726.4476318359375,17276.30078125,37598.7109375,1898.5999755859375,74.63,6.663,5.902,1.9320000410079956,1.8240000009536743,-2529.96,1929.08,137.72,131.681897137678,-23.34113,4.25,3.0,5.5290748298364,4940.0,9912.0
2022-02-21,731.8312377929688,17206.650390625,37685.1640625,1898.5999755859375,74.63,6.693,5.934,1.9320000410079956,1.8240000009536743,-2261.9,2392.85,137.72,131.681897137678,-23.34113,4.25,3.0,5.5290748298364,4940.0,9912.0
2022-02-22,728.7756958007812,17092.19921875,37371.21484375,1906.0999755859375,74.65,6.749,5.993,1.9479999542236328,1.866000056266785,-3245.52,4108.58,137.72,131.681897137678,-23.34113,4.25,3.0,5.5290748298364,4940.0,9912.0
2022-02-23,722.276611328125,17063.25,37391.6171875,1909.199951171875,74.6,6.739,5.998,1.9769999980926511,1.89300000667572,-3417.16,3024.37,137.72,131.681897137678,-23.34113,4.25,3.0,5.5290748298364,4940.0,9912.0
2022-02-24,686.1918334960938,16247.9501953125,35227.69140625,1925.0999755859375,75.61,6.759,6.046,1.968999981880188,1.850000023841858,-6448.24,7667.75,137.72,131.681897137678,-23.34113,4.25,3.0,5.5290748298364,4940.0,9912.0
2022-02-25,708.1627807617188,16658.400390625,36430.328125,1886.5,75.09,6.749,6.011,1.9859999418258667,1.8849999904632568,-4470.7,4318.24,137.72,131.681897137678,-23.34113,4.25,3.0,5.5290748298364,4940.0,9912.0
2022-02-28,720.4334716796875,16793.900390625,36204.87890625,1899.4000244140625,75.49,6.77,6.047,1.8389999866485596,1.7209999561309814,-3948.47,4142.82,137.72,131.681897137678,-23.34113,4.25,3.0,5.5290748298364,4940.0,9912.0
2022-03-01,720.4334716796875,16793.900390625,36204.87890625,1942.4000244140625,75.79,6.77,6.047,1.7070000171661377,1.5490000247955322,902.64,803.11,138.8218,134.944490597387,-22.26836,4.25,3.0,5.5290748298364,4940.0,9912.0
2022-03-02,693.4183959960938,16605.94921875,35372.390625,1920.9000244140625,75.61,6.814,6.097,1.8650000095367432,1.7519999742507937,-1597.54,-370.58,138.8218,134.944490597387,-22.26836,4.25,3.0,5.5290748298364,4940.0,9912.0
2022-03-03,677.3646240234375,16498.05078125,34943.89453125,1934.4000244140625,75.94,6.826,6.112,1.843999981880188,1.7369999885559082,-6644.65,4799.24,138.8218,134.944490597387,-22.26836,4.25,3.0,5.5290748298364,4940.0,9912.0
2022-03-04,667.4219360351562,16245.349609375,34407.40234375,1965.0999755859375,76.42,6.813,6.113,1.7239999771118164,1.63100004196167,-6644.65,4799.24,138.8218,134.944490597387,-22.26836,4.25,3.0,5.5290748298364,4940.0,9912.0
2022-03-07,634.1502685546875,15863.150390625,32870.8671875,1993.9000244140625,76.91,6.888,6.208,1.7510000467300415,1.690999984741211,-6644.65,4799.24,138.8218,134.944490597387,-22.26836,4.25,3.0,5.5290748298364,4940.0,9912.0
2022-03-08,645.06298828125,16013.4501953125,33157.71484375,2040.0999755859375,77.07,6.895,6.216,1.871999979019165,1.805999994277954,765.17,-518.42,138.8218,134.944490597387,-22.26836,4.25,3.0,5.5290748298364,4940.0,9912.0
2022-03-09,647.4395141601562,16345.349609375,33815.0546875,1985.9000244140625,76.36,6.845,6.169,1.9479999542236328,1.8799999952316284,765.17,-518.42,138.8218,134.944490597387,-22.26836,4.25,3.0,5.5290748298364,4940.0,9912.0
2022-03-10,656.315185546875,16594.900390625,34475.19921875,1998.0999755859375,76.37,6.809,6.131,2.010999917984009,1.940999984741211,765.17,-518.42,138.8218,134.944490597387,-22.26836,4.25,3.0,5.5290748298364,4940.0,9912.0
2022-03-11,657.5762939453125,16630.44921875,34545.84765625,1982.699951171875,76.48,6.855,6.172,2.003999948501587,1.9600000381469729,765.17,-518.42,138.8218,134.944490597387,-22.26836,4.25,3.0,5.5290748298364,4940.0,9912.0
2022-03-14,675.2791137695312,16871.30078125,35311.73828125,1959.5999755859375,76.45,6.854,6.155,2.140000104904175,2.0920000076293945,-176.52,1098.62,138.8218,134.944490597387,-22.26836,4.25,3.0,5.5290748298364,4940.0,9912.0
2022-03-15,676.4431762695312,16663.0,35022.2421875,1928.5,76.41,6.821,6.112,2.1600000858306885,2.114000082015991,-1249.74,98.25,138.8218,134.944490597387,-22.26836,4.25,3.0,5.5290748298364,4940.0,9912.0
2022-03-16,686.7738647460938,16975.349609375,35747.8359375,1908.0,76.17,6.788,6.08,2.187999963760376,2.197999954223633,311.99,772.55,138.8218,134.944490597387,-22.26836,4.25,3.0,5.5290748298364,4940.0,9912.0
2022-03-17,698.5110473632812,17287.05078125,36428.12890625,1942.0999755859375,75.94,6.778,6.025,2.191999912261963,2.1679999828338623,2800.14,-678.45,138.8218,134.944490597387,-22.26836,4.25,3.0,5.5290748298364,4940.0,9912.0
2022-03-18,698.5110473632812,17287.05078125,36428.12890625,1928.199951171875,76.03,6.778,6.025,2.1480000019073486,2.1429998874664307,2800.14,-678.45,138.8218,134.944490597387,-22.26836,4.25,3.0,5.5290748298364,4940.0,9912.0
2022-03-21,689.44140625,17117.599609375,36018.08203125,1928.5999755859375,76.19,6.781,6.04,2.315000057220459,2.3399999141693115,-2962.12,252.91,138.8218,134.944490597387,-22.26836,4.25,3.0,5.5290748298364,4940.0,9912.0
2022-03-22,696.6680297851562,17315.5,36348.12890625,1920.699951171875,76.06,6.831,6.103,2.372999906539917,2.385999917984009,384.48,-602.05,138.8218,134.944490597387,-22.26836,4.25,3.0,5.5290748298364,4940.0,9912.0
2022-03-23,696.7650146484375,17245.650390625,36146.9296875,1936.5999755859375,76.46,6.831,6.089,2.321000099182129,2.3399999141693115,481.33,-294.23,138.8218,134.944490597387,-22.26836,4.25,3.0,5.5290748298364,4940.0,9912.0
2022-03-24,683.0878295898438,17222.75,35526.6875,1961.5999755859375,76.18,6.834,6.094,2.3410000801086426,2.372999906539917,-1740.71,2091.07,138.8218,134.944490597387,-22.26836,4.25,3.0,5.5290748298364,4940.0,9912.0
2022-03-25,678.2861938476562,17153.0,35409.69140625,1953.800048828125,76.25,6.811,6.082,2.492000102996826,2.572999954223633,-1507.37,1373.02,138.8218,134.944490597387,-22.26836,4.25,3.0,5.5290748298364,4940.0,9912.0
2022-03-28,689.0533447265625,17222.0,35710.0859375,1939.5999755859375,76.06,6.836,6.112,2.4769999980926514,2.565000057220459,-801.41,1161.7,138.8218,134.944490597387,-22.26836,4.25,3.0,5.5290748298364,4940.0,9912.0
2022-03-29,693.8549194335938,17325.30078125,35846.98046875,1912.0,75.58,6.821,6.097,2.4000000953674316,2.484999895095825,35.47,1713.31,138.8218,134.944490597387,-22.26836,4.25,3.0,5.5290748298364,4940.0,9912.0
2022-03-30,708.9873657226562,17498.25,36333.87890625,1933.5,75.76,6.784,6.044,2.3580000400543213,2.447999954223633,1357.47,1216.0,138.8218,134.944490597387,-22.26836,4.25,3.0,5.5290748298364,4940.0,9912.0
2022-03-31,708.4052124023438,17464.75,36373.1796875,1949.199951171875,75.87,6.843,6.101,2.3269999027252197,2.421999931335449,3088.73,1145.28,138.8218,134.944490597387,-22.26836,4.25,3.0,5.5290748298364,4940.0,9912.0
2022-04-01,714.1769409179688,17670.44921875,37148.06640625,1919.0999755859375,75.96,6.843,6.101,2.377000093460083,2.549000024795532,1273.86,532.97,140.6947,138.025828864889,-19.6982,4.25,3.0,15.655222599975094,4616.0,10936.0
2022-04-04,724.216552734375,18053.400390625,38634.75,1929.199951171875,75.42,6.898,6.162,2.4119999408721924,2.555000066757202,1152.21,1675.01,140.6947,138.025828864889,-19.6982,4.25,3.0,15.655222599975094,4616.0,10936.0
2022-04-05,719.5604858398438,17957.400390625,38067.45703125,1922.9000244140625,75.31,6.899,6.165,2.555999994277954,2.696000099182129,-3288.18,1338.0,140.6947,138.025828864889,-19.6982,4.25,3.0,15.655222599975094,4616.0,10936.0
2022-04-06,719.3665161132812,17807.650390625,37632.36328125,1918.4000244140625,75.92,6.917,6.186,2.6089999675750732,2.7019999027252197,-3288.18,1338.0,140.6947,138.025828864889,-19.6982,4.25,3.0,15.655222599975094,4616.0,10936.0
2022-04-07,726.108154296875,17639.55078125,37556.9140625,1933.800048828125,75.9,6.914,6.171,2.6519999504089355,2.690999984741211,-2149.56,1688.39,140.6947,138.025828864889,-19.6982,4.25,3.0,15.655222599975094,4616.0,10936.0
2022-04-08,731.685791015625,17784.349609375,37751.61328125,1941.5999755859375,75.93,7.119,6.465,2.7130000591278076,2.75600004196167,1474.77,-46.79,140.6947,138.025828864889,-19.6982,4.25,3.0,15.655222599975094,4616.0,10936.0
2022-04-11,736.8268432617188,17674.94921875,37613.36328125,1944.300048828125,75.85,7.149,6.538,2.7799999713897705,2.7850000858306885,1474.77,-46.79,140.6947,138.025828864889,-19.6982,4.25,3.0,15.655222599975094,4616.0,10936.0
2022-04-12,740.9493408203125,17530.30078125,37746.9609375,1972.0999755859375,76.02,7.189,6.596,2.7249999046325684,2.6760001182556152,1474.77,-46.79,140.6947,138.025828864889,-19.6982,4.25,3.0,15.655222599975094,4616.0,10936.0
2022-04-13,739.3974609375,17475.650390625,37462.96484375,1981.0,76.14,7.215,6.677,2.687000036239624,2.6419999599456787,-2061.04,1410.85,140.6947,138.025828864889,-19.6982,4.25,3.0,15.655222599975094,4616.0,10936.0
2022-04-14,739.3974609375,17475.650390625,37462.96484375,1970.9000244140625,76.19,7.215,6.677,2.828000068664551,2.7860000133514404,-2061.04,1410.85,140.6947,138.025828864889,-19.6982,4.25,3.0,15.655222599975094,4616.0,10936.0
2022-04-15,739.3974609375,17475.650390625,37462.96484375,1970.9000244140625,76.32,7.215,6.677,2.828000068664551,2.7860000133514404,-2061.04,1410.85,140.6947,138.025828864889,-19.6982,4.25,3.0,15.655222599975094,4616.0,10936.0
2022-04-18,735.080810546875,17173.650390625,36728.57421875,1982.9000244140625,76.22,7.153,6.594,2.861999988555908,2.7960000038146973,-6387.45,3341.96,140.6947,138.025828864889,-19.6982,4.25,3.0,15.655222599975094,4616.0,10936.0
2022-04-19,743.325927734375,16958.650390625,36341.1796875,1955.699951171875,76.39,7.151,6.589,2.913000106811523,2.888999938964844,-5871.69,3980.81,140.6947,138.025828864889,-19.6982,4.25,3.0,15.655222599975094,4616.0,10936.0
2022-04-20,732.8982543945312,17136.55078125,36314.4765625,1952.300048828125,76.24,7.105,6.53,2.8399999141693115,2.859999895095825,-3009.26,2645.82,140.6947,138.025828864889,-19.6982,4.25,3.0,15.655222599975094,4616.0,10936.0
2022-04-21,739.4943237304688,17392.599609375,36815.671875,1944.9000244140625,76.23,7.144,6.603,2.9170000553131104,2.9790000915527344,-713.69,2823.43,140.6947,138.025828864889,-19.6982,4.25,3.0,15.655222599975094,4616.0,10936.0
2022-04-22,725.2351684570312,17171.94921875,36044.33203125,1931.0,76.49,7.167,6.652,2.9059998989105225,2.9489998817443848,-2461.72,1602.35,140.6947,138.025828864889,-19.6982,4.25,3.0,15.655222599975094,4616.0,10936.0
2022-04-25,729.648681640625,16953.94921875,36081.93359375,1893.199951171875,76.72,7.043,6.553,2.825999975204468,2.8589999675750732,-3302.85,1870.45,140.6947,138.025828864889,-19.6982,4.25,3.0,15.655222599975094,4616.0,10936.0
2022-04-26,731.1522827148438,17200.80078125,36404.37890625,1901.4000244140625,76.61,7.053,6.58,2.7720000743865967,2.796999931335449,-1174.05,1643.84,140.6947,138.025828864889,-19.6982,4.25,3.0,15.655222599975094,4616.0,10936.0
2022-04-27,714.6134643554688,17038.400390625,36028.43359375,1885.9000244140625,76.61,7.083,6.607,2.818000078201294,2.815000057220459,-4064.54,1917.51,140.6947,138.025828864889,-19.6982,4.25,3.0,15.655222599975094,4616.0,10936.0
2022-04-28,724.7501220703125,17245.05078125,36421.77734375,1888.699951171875,76.66,7.155,6.67,2.86299991607666,2.880000114440918,743.22,780.94,140.6947,138.025828864889,-19.6982,4.25,3.0,15.655222599975094,4616.0,10936.0
2022-04-29,721.0155639648438,17102.55078125,36087.73046875,1909.300048828125,76.48,7.139,6.683,2.88700008392334,2.9119999408721924,-3648.3,3490.3,140.6947,138.025828864889,-19.6982,4.25,3.0,15.655222599975094,4616.0,10936.0
2022-05-02,718.784423828125,17069.099609375,36163.328125,1861.800048828125,76.49,7.119,6.823,2.996000051498413,3.009999990463257,-3648.3,3490.3,140.6947,138.025828864889,-19.6982,4.25,3.0,15.655222599975094,4616.0,10936.0
2022-05-03,718.784423828125,17069.099609375,36163.328125,1868.800048828125,76.49,7.119,6.823,2.9600000381469727,3.003000020980835,-3648.3,3490.3,140.6947,138.025828864889,-19.6982,4.25,3.0,15.655222599975094,4616.0,10936.0
2022-05-04,702.5366821289062,16677.599609375,35264.140625,1867.0,76.24,7.378,7.137,2.9170000553131104,2.8959999084472656,374.89,105.42,140.6947,138.025828864889,-19.6982,4.25,3.0,15.655222599975094,4616.0,10936.0
2022-05-05,706.9501953125,16682.650390625,35232.44140625,1874.0,76.54,7.403,7.181,3.065999984741211,3.0239999294281006,-2074.74,2229.31,140.6947,138.025828864889,-19.6982,4.25,3.0,15.655222599975094,4616.0,10936.0
2022-05-06,697.6865844726562,16411.25,34590.796875,1881.199951171875,76.9,7.451,7.273,3.122999906539917,3.0429999828338623,-2074.74,2229.31,140.6947,138.025828864889,-19.6982,4.25,3.0,15.655222599975094,4616.0,10936.0
2022-05-09,689.0533447265625,16301.849609375,34275.0,1857.0999755859375,77.45,7.465,7.273,3.0789999961853027,2.9830000400543213,-2074.74,2229.31,140.6947,138.025828864889,-19.6982,4.25,3.0,15.655222599975094,4616.0,10936.0
2022-05-10,689.974853515625,16240.0498046875,34482.24609375,1839.9000244140625,77.31,7.301,7.175,2.993000030517578,2.9179999828338623,-2074.74,2229.31,140.6947,138.025828864889,-19.6982,4.25,3.0,15.655222599975094,4616.0,10936.0
2022-05-11,692.7879638671875,16167.099609375,34692.74609375,1852.5999755859375,77.28,7.215,7.103,2.9210000038146973,2.878999948501587,-2074.74,2229.31,140.6947,138.025828864889,-19.6982,4.25,3.0,15.655222599975094,4616.0,10936.0
2022-05-12,674.9395141601562,15808.0,33531.7578125,1823.800048828125,77.39,7.244,7.127,2.816999912261963,2.7820000648498535,-2074.74,2229.31,140.6947,138.025828864889,-19.6982,4.25,3.0,15.655222599975094,4616.0,10936.0
2022-05-13,657.042724609375,15782.150390625,33120.96484375,1807.4000244140625,77.42,7.318,7.072,2.934999942779541,2.888000011444092,-3780.08,3169.62,140.6947,138.025828864889,-19.6982,4.25,3.0,15.655222599975094,4616.0,10936.0
2022-05-16,662.5233154296875,15842.2998046875,33597.2109375,1813.5,77.82,7.318,7.072,2.877000093460083,2.819999933242798,-1788.93,1428.39,140.6947,138.025828864889,-19.6982,4.25,3.0,15.655222599975094,4616.0,10936.0
2022-05-17,688.7138671875,16259.2998046875,34301.5,1818.199951171875,77.46,7.366,7.165,2.9679999351501465,2.946000099182129,-2192.44,2294.42,140.6947,138.025828864889,-19.6982,4.25,3.0,15.655222599975094,4616.0,10936.0
2022-05-18,686.143310546875,16240.2998046875,34163.30078125,1815.9000244140625,77.71,7.355,7.15,2.885999917984009,2.8910000324249268,-1254.64,375.61,140.6947,138.025828864889,-19.6982,4.25,3.0,15.655222599975094,4616.0,10936.0
2022-05-19,669.6044921875,15809.400390625,33315.26171875,1841.199951171875,77.45,7.32,7.162,2.8550000190734863,2.8469998836517334,-4899.92,3225.54,140.6947,138.025828864889,-19.6982,4.25,3.0,15.655222599975094,4616.0,10936.0
2022-05-20,688.27734375,16266.150390625,34276.0,1841.800048828125,77.79,7.359,7.177,2.7869999408721924,2.805999994277954,-1265.41,2148.95,140.6947,138.025828864889,-19.6982,4.25,3.0,15.655222599975094,4616.0,10936.0
2022-05-23,689.7323608398438,16214.7001953125,34247.203125,1847.800048828125,77.51,7.386,7.158,2.8589999675750732,2.875,-1951.17,1445.39,140.6947,138.025828864889,-19.6982,4.25,3.0,15.655222599975094,4616.0,10936.0
2022-05-24,686.9193725585938,16125.150390625,34289.75,1865.0999755859375,77.5,7.359,7.077,2.759999990463257,2.756999969482422,-2393.45,1948.49,140.6947,138.025828864889,-19.6982,4.25,3.0,15.655222599975094,4616.0,10936.0
2022-05-25,691.9635009765625,16025.7998046875,34339.1015625,1846.199951171875,77.58,7.305,7.104,2.749000072479248,2.7209999561309814,-1803.06,2229.82,140.6947,138.025828864889,-19.6982,4.25,3.0,15.655222599975094,4616.0,10936.0
2022-05-26,706.6592407226562,16170.150390625,35094.4921875,1847.4000244140625,77.66,7.294,7.104,2.75600004196167,2.7160000801086426,-1597.84,2906.46,140.6947,138.025828864889,-19.6982,4.25,3.0,15.655222599975094,4616.0,10936.0
2022-05-27,717.6204223632812,16352.4501953125,35612.88671875,1851.300048828125,77.58,7.35,7.141,2.743000030517578,2.7239999771118164,-1943.1,2727.47,140.6947,138.025828864889,-19.6982,4.25,3.0,15.655222599975094,4616.0,10936.0
2022-05-30,726.0596313476562,16661.400390625,35826.53125,1851.300048828125,77.58,7.409,7.171,2.743000030517578,2.7239999771118164,502.08,1524.49,140.6947,138.025828864889,-19.6982,4.25,3.0,15.655222599975094,4616.0,10936.0
2022-05-31,730.2791748046875,16584.55078125,35486.984375,1842.699951171875,77.59,7.415,7.21,2.8440001010894775,2.811000108718872,-1003.56,1845.15,140.6947,138.025828864889,-19.6982,4.25,3.0,15.655222599975094,4616.0,10936.0
2022-06-01,730.085205078125,16522.75,35620.38671875,1843.300048828125,77.59,7.414,7.191,2.930999994277954,2.937999963760376,-1926.77,800.91,142.3474,140.835284344083,-22.85149,5.03,4.5,15.655222599975094,4616.0,10936.0
2022-06-02,727.2720947265625,16628.0,35613.234375,1866.5,77.41,7.434,7.23,2.913000106811523,2.9089999198913574,-1926.77,800.91,142.3474,140.835284344083,-22.85149,5.03,4.5,15.655222599975094,4616.0,10936.0
2022-06-03,721.9855346679688,16584.30078125,35274.640625,1845.4000244140625,77.59,7.456,7.29,2.9570000171661377,2.950999975204468,-1926.77,800.91,142.3474,140.835284344083,-22.85149,5.03,4.5,15.655222599975094,4616.0,10936.0
2022-06-06,724.362060546875,16569.55078125,35309.7890625,1839.199951171875,77.83,7.5,7.337,3.038000106811523,3.0350000858306885,-2397.65,1940.0,142.3474,140.835284344083,-22.85149,5.03,4.5,15.655222599975094,4616.0,10936.0
2022-06-07,713.2069702148438,16416.349609375,34995.59375,1847.5,77.66,7.518,7.35,2.9719998836517334,2.9839999675750732,-330.13,1464.33,142.3474,140.835284344083,-22.85149,5.03,4.5,15.655222599975094,4616.0,10936.0
2022-06-08,707.6292724609375,16356.25,34945.7421875,1851.9000244140625,77.65,7.494,7.291,3.0290000438690186,3.0320000648498535,-330.13,1464.33,142.3474,140.835284344083,-22.85149,5.03,4.5,15.655222599975094,4616.0,10936.0
2022-06-09,710.7817993164062,16478.099609375,35085.04296875,1848.800048828125,77.84,7.496,7.271,3.0439999103546143,3.062999963760376,-330.13,1464.33,142.3474,140.835284344083,-22.85149,5.03,4.5,15.655222599975094,4616.0,10936.0
2022-06-10,698.4140625,16201.7998046875,34483.3984375,1871.5,78.08,7.519,7.304,3.1559998989105225,3.25,-330.13,1464.33,142.3474,140.835284344083,-22.85149,5.03,4.5,15.655222599975094,4616.0,10936.0
2022-06-13,667.3734130859375,15774.400390625,33405.46484375,1828.0,78.08,7.604,7.398,3.365999937057495,3.4749999046325684,-4164.01,2814.5,142.3474,140.835284344083,-22.85149,5.03,4.5,15.655222599975094,4616.0,10936.0
2022-06-14,664.9484252929688,15732.099609375,33310.96484375,1809.5,78.01,7.581,7.379,3.4830000400543213,3.5959999561309814,-4502.25,3807.6,142.3474,140.835284344083,-22.85149,5.03,4.5,15.655222599975094,4616.0,10936.0
2022-06-15,666.6459350585938,15692.150390625,33338.61328125,1815.300048828125,78.12,7.592,7.394,3.3949999809265137,3.4719998836517334,-3531.15,2588.0,142.3474,140.835284344083,-22.85149,5.03,4.5,15.655222599975094,4616.0,10936.0
2022-06-16,658.1582641601562,15360.599609375,32616.720703125,1845.699951171875,78.0,7.617,7.404,3.306999921798706,3.377000093460083,-3257.65,1929.14,142.3474,140.835284344083,-22.85149,5.03,4.5,15.655222599975094,4616.0,10936.0
2022-06-17,666.2578735351562,15293.5,32742.669921875,1835.5999755859375,78.0,7.546,7.35,3.239000082015991,3.3399999141693115,-7818.61,6086.92,142.3474,140.835284344083,-22.85149,5.03,4.5,15.655222599975094,4616.0,10936.0
2022-06-20,665.3848876953125,15350.150390625,32684.419921875,1835.5999755859375,78.0,7.427,7.253,3.239000082015991,3.3399999141693115,-1217.12,2093.39,142.3474,140.835284344083,-22.85149,5.03,4.5,15.655222599975094,4616.0,10936.0
2022-06-21,675.2305908203125,15638.7998046875,33191.36328125,1834.5999755859375,78.08,7.482,7.28,3.306999921798706,3.378999948501587,-2701.21,3066.41,142.3474,140.835284344083,-22.85149,5.03,4.5,15.655222599975094,4616.0,10936.0
2022-06-22,666.015380859375,15413.2998046875,32844.91796875,1834.300048828125,78.21,7.396,7.221,3.1559998989105225,3.2269999980926514,-2920.61,1859.07,142.3474,140.835284344083,-22.85149,5.03,4.5,15.655222599975094,4616.0,10936.0
2022-06-23,678.1891479492188,15556.650390625,33134.61328125,1825.699951171875,78.14,7.419,7.221,3.068000078201294,3.132999897003174,-2319.06,2438.31,142.3474,140.835284344083,-22.85149,5.03,4.5,15.655222599975094,4616.0,10936.0
2022-06-24,692.0604858398438,15699.25,33627.05859375,1826.5,78.25,7.444,7.239,3.125,3.174999952316284,-2353.77,2213.44,142.3474,140.835284344083,-22.85149,5.03,4.5,15.655222599975094,4616.0,10936.0
2022-06-27,695.843505859375,15832.0498046875,33810.85546875,1820.9000244140625,78.45,7.407,7.229,3.194000005722046,3.257999897003174,-1278.42,1184.47,142.3474,140.835284344083,-22.85149,5.03,4.5,15.655222599975094,4616.0,10936.0
2022-06-28,689.0048828125,15850.2001953125,33642.05859375,1817.5,78.97,7.466,7.282,3.2060000896453857,3.259999990463257,-1244.44,1205.63,142.3474,140.835284344083,-22.85149,5.03,4.5,15.655222599975094,4616.0,10936.0
2022-06-29,681.6812133789062,15799.099609375,33269.51171875,1813.699951171875,78.91,7.459,7.269,3.0929999351501465,3.1510000228881836,-851.06,847.46,142.3474,140.835284344083,-22.85149,5.03,4.5,15.655222599975094,4616.0,10936.0
2022-06-30,685.997802734375,15780.25,33424.71484375,1804.0999755859375,79.02,7.45,7.255,2.9719998836517334,3.003999948501587,-1138.05,1378.2,142.3474,140.835284344083,-22.85149,5.03,4.5,15.655222599975094,4616.0,10936.0
2022-07-01,682.7967529296875,15752.0498046875,33539.05859375,1798.9000244140625,78.89,7.424,7.208,2.888999938964844,2.884000062942505,496.27,-115.66,143.1186,139.566497998641,-24.46829,5.15,4.5,3.83865932351819,5511.0,11690.0
2022-07-04,698.5110473632812,15835.349609375,33940.50390625,1798.9000244140625,78.89,7.374,7.158,2.888999938964844,2.884000062942505,-5009.62,1774.7,143.1186,139.566497998641,-24.46829,5.15,4.5,3.83865932351819,5511.0,11690.0
2022-07-05,697.880615234375,15810.849609375,33815.50390625,1761.800048828125,79.27,7.391,7.17,2.809000015258789,2.815000057220459,-5009.62,1774.7,143.1186,139.566497998641,-24.46829,5.15,4.5,3.83865932351819,5511.0,11690.0
2022-07-06,704.1856079101562,15989.7998046875,34323.8515625,1734.9000244140625,79.02,7.294,7.093,2.913000106811523,2.950999975204468,-2293.98,1311.14,143.1186,139.566497998641,-24.46829,5.15,4.5,3.83865932351819,5511.0,11690.0
2022-07-07,719.7545166015625,16132.900390625,34919.89453125,1737.9000244140625,79.12,7.354,7.148,3.007999897003174,3.053999900817871,-925.22,980.59,143.1186,139.566497998641,-24.46829,5.15,4.5,3.83865932351819,5511.0,11690.0
2022-07-08,733.0437622070312,16220.599609375,35123.640625,1740.5999755859375,79.25,7.415,7.174,3.1010000705718994,3.1419999599456787,-925.22,980.59,143.1186,139.566497998641,-24.46829,5.15,4.5,3.83865932351819,5511.0,11690.0
2022-07-11,746.4299926757812,16216.0,35469.234375,1730.0,79.46,7.427,7.216,2.990999937057495,3.049999952316284,-925.22,980.59,143.1186,139.566497998641,-24.46829,5.15,4.5,3.83865932351819,5511.0,11690.0
2022-07-12,737.1178588867188,16058.2998046875,35131.83984375,1723.300048828125,79.45,7.391,7.179,2.9579999446868896,3.0160000324249268,-925.22,980.59,143.1186,139.566497998641,-24.46829,5.15,4.5,3.83865932351819,5511.0,11690.0
2022-07-13,730.61865234375,15966.650390625,34827.39453125,1734.199951171875,79.68,7.337,7.097,2.9040000438690186,3.0190000534057617,-2839.52,1799.22,143.1186,139.566497998641,-24.46829,5.15,4.5,3.83865932351819,5511.0,11690.0
2022-07-14,729.8427124023438,15938.650390625,34650.796875,1704.5,79.94,7.384,7.149,2.9600000381469727,3.062999963760376,309.06,-556.4,143.1186,139.566497998641,-24.46829,5.15,4.5,3.83865932351819,5511.0,11690.0
2022-07-15,728.6786499023438,16049.2001953125,34682.24609375,1702.4000244140625,79.74,7.438,7.197,2.930000066757202,3.0510001182556152,-1649.36,1059.46,143.1186,139.566497998641,-24.46829,5.15,4.5,3.83865932351819,5511.0,11690.0
2022-07-18,748.8551025390625,16278.5,35358.2890625,1709.199951171875,79.99,7.437,7.2,2.9600000381469727,3.069999933242798,156.08,844.33,143.1186,139.566497998641,-24.46829,5.15,4.5,3.83865932351819,5511.0,11690.0
2022-07-19,757.2457275390625,16340.5498046875,35719.9375,1710.0,79.88,7.434,7.185,3.0190000534057617,3.1500000953674316,976.4,-100.73,143.1186,139.566497998641,-24.46829,5.15,4.5,3.83865932351819,5511.0,11690.0
2022-07-20,759.6222534179688,16520.849609375,35971.68359375,1699.5,79.96,7.449,7.198,3.0360000133514404,3.177999973297119,1780.94,-230.22,143.1186,139.566497998641,-24.46829,5.15,4.5,3.83865932351819,5511.0,11690.0
2022-07-21,762.4354248046875,16605.25,36200.578125,1712.699951171875,79.85,7.44,7.191,2.9100000858306885,3.009999990463257,1799.32,-312.29,143.1186,139.566497998641,-24.46829,5.15,4.5,3.83865932351819,5511.0,11690.0
2022-07-22,776.0641479492188,16719.44921875,36738.5234375,1727.0999755859375,79.83,7.414,7.148,2.7829999923706055,2.872999906539917,-675.45,739.38,143.1186,139.566497998641,-24.46829,5.15,4.5,3.83865932351819,5511.0,11690.0
2022-07-25,776.8886108398438,16631.0,36725.97265625,1719.0,79.79,7.391,7.128,2.819999933242798,2.9000000953674316,-844.78,-72.26,143.1186,139.566497998641,-24.46829,5.15,4.5,3.83865932351819,5511.0,11690.0
2022-07-26,772.426513671875,16483.849609375,36408.078125,1717.699951171875,79.82,7.367,7.144,2.7869999408721924,2.884999990463257,-1548.29,999.36,143.1186,139.566497998641,-24.46829,5.15,4.5,3.83865932351819,5511.0,11690.0
2022-07-27,776.5006713867188,16641.80078125,36783.32421875,1719.0999755859375,79.92,7.338,7.121,2.7339999675750732,2.796999931335449,-436.81,712.03,143.1186,139.566497998641,-24.46829,5.15,4.5,3.83865932351819,5511.0,11690.0
2022-07-28,790.1778564453125,16929.599609375,37377.71484375,1750.300048828125,79.64,7.332,7.101,2.680999994277954,2.703000068664551,1637.69,600.29,143.1186,139.566497998641,-24.46829,5.15,4.5,3.83865932351819,5511.0,11690.0
2022-07-29,794.0579223632812,17158.25,37490.9609375,1762.9000244140625,79.33,7.32,7.074,2.6419999599456787,2.694999933242798,1046.32,-0.91,143.1186,139.566497998641,-24.46829,5.15,4.5,3.83865932351819,5511.0,11690.0
2022-08-01,798.714111328125,17340.05078125,37902.7578125,1769.0,78.93,7.24,6.949,2.6059999465942383,2.6679999828338623,1046.32,-0.91,143.4492,138.841477229816,-22.91541,5.65,4.5,3.83865932351819,5511.0,11690.0
2022-08-02,793.2334594726562,17345.44921875,38023.55859375,1771.0999755859375,78.49,7.196,6.934,2.740999937057495,2.861999988555908,-1967.89,1115.0,143.4492,138.841477229816,-22.91541,5.65,4.5,3.83865932351819,5511.0,11690.0
2022-08-03,800.0720825195312,17388.150390625,37988.80859375,1758.0,79.13,7.242,6.984,2.747999906539917,2.871999979019165,-8142.6,6489.59,143.4492,138.841477229816,-22.91541,5.65,4.5,3.83865932351819,5511.0,11690.0
2022-08-04,795.6585083007812,17382.0,37755.11328125,1788.5,79.23,7.157,6.88,2.6760001182556152,2.7739999294281006,-575.04,-16.51,143.4492,138.841477229816,-22.91541,5.65,4.5,3.83865932351819,5511.0,11690.0
2022-08-05,813.0703735351562,17397.5,37920.16015625,1772.9000244140625,79.36,7.3,7.015,2.8399999141693115,2.9760000705718994,-575.04,-16.51,143.4492,138.841477229816,-22.91541,5.65,4.5,3.83865932351819,5511.0,11690.0
2022-08-08,816.7297973632812,17525.099609375,38236.953125,1786.800048828125,79.58,7.348,7.054,2.765000104904175,2.9110000133514404,1449.7,-140.73,143.4492,138.841477229816,-22.91541,5.65,4.5,3.83865932351819,5511.0,11690.0
2022-08-09,816.7297973632812,17525.099609375,38236.953125,1794.0,79.65,7.348,7.054,2.796999931335449,2.9800000190734863,1449.7,-140.73,143.4492,138.841477229816,-22.91541,5.65,4.5,3.83865932351819,5511.0,11690.0
2022-08-10,828.24462890625,17534.75,38287.40625,1795.5999755859375,79.07,7.31,7.007,2.7860000133514404,2.9230000972747803,1449.7,-140.73,143.4492,138.841477229816,-22.91541,5.65,4.5,3.83865932351819,5511.0,11690.0
2022-08-11,838.93017578125,17659.0,38879.3984375,1789.699951171875,79.54,7.267,6.968,2.888000011444092,2.98799991607666,1449.7,-140.73,143.4492,138.841477229816,-22.91541,5.65,4.5,3.83865932351819,5511.0,11690.0
2022-08-12,853.2750854492188,17698.150390625,39041.84765625,1798.5999755859375,79.65,7.289,6.962,2.8489999771118164,2.9769999980926514,1449.7,-140.73,143.4492,138.841477229816,-22.91541,5.65,4.5,3.83865932351819,5511.0,11690.0
2022-08-15,853.2750854492188,17698.150390625,39041.84765625,1781.4000244140625,79.48,7.289,6.962,2.7909998893737793,2.913000106811523,1449.7,-140.73,143.4492,138.841477229816,-22.91541,5.65,4.5,3.83865932351819,5511.0,11690.0
2022-08-16,858.0078735351562,17825.25,39239.19140625,1773.199951171875,79.31,7.289,6.962,2.8239998817443848,2.9579999446868896,1376.84,-136.24,143.4492,138.841477229816,-22.91541,5.65,4.5,3.83865932351819,5511.0,11690.0
2022-08-17,861.9111938476562,17944.25,39461.2421875,1760.300048828125,79.41,7.182,6.872,2.8929998874664307,3.0480000972747803,2347.22,-510.23,143.4492,138.841477229816,-22.91541,5.65,4.5,3.83865932351819,5511.0,11690.0
2022-08-18,863.7164916992188,17956.5,39655.6875,1755.300048828125,79.66,7.242,6.935,2.880000114440918,3.0309998989105225,-1706.0,470.79,143.4492,138.841477229816,-22.91541,5.65,4.5,3.83865932351819,5511.0,11690.0
2022-08-19,849.3716430664062,17758.44921875,38985.49609375,1747.5999755859375,79.89,7.264,6.968,2.989000082015991,3.115999937057495,1110.9,-1633.21,143.4492,138.841477229816,-22.91541,5.65,4.5,3.83865932351819,5511.0,11690.0
2022-08-22,831.66015625,17490.69921875,38297.3046875,1734.0,79.86,7.27,6.978,3.0369999408721924,3.178999900817871,-453.77,-85.06,143.4492,138.841477229816,-22.91541,5.65,4.5,3.83865932351819,5511.0,11690.0
2022-08-23,843.0287475585938,17577.5,38697.19921875,1746.800048828125,79.81,7.281,6.992,3.053999900817871,3.180999994277954,563.0,-215.2,143.4492,138.841477229816,-22.91541,5.65,4.5,3.83865932351819,5511.0,11690.0
2022-08-24,852.2015991210938,17604.94921875,39038.046875,1747.800048828125,79.82,7.286,7.012,3.1059999465942383,3.2309999465942383,23.19,-322.34,143.4492,138.841477229816,-22.91541,5.65,4.5,3.83865932351819,5511.0,11690.0
2022-08-25,851.2745361328125,17522.44921875,38950.296875,1757.699951171875,79.9,7.292,7.036,3.0260000228881836,3.1570000648498535,369.06,-334.31,143.4492,138.841477229816,-22.91541,5.65,4.5,3.83865932351819,5511.0,11690.0
2022-08-26,849.8107299804688,17558.900390625,38986.6953125,1736.0999755859375,79.87,7.217,6.991,3.0350000858306885,3.194999933242798,-51.12,453.59,143.4492,138.841477229816,-22.91541,5.65,4.5,3.83865932351819,5511.0,11690.0
2022-08-29,835.1731567382812,17312.900390625,38276.25390625,1736.5999755859375,79.96,7.253,7.03,3.109999895095825,3.263000011444092,-561.22,144.08,143.4492,138.841477229816,-22.91541,5.65,4.5,3.83865932351819,5511.0,11690.0
2022-08-30,865.8633422851562,17759.30078125,39536.2890625,1723.199951171875,79.6,7.188,6.986,3.109999895095825,3.2769999504089355,4165.86,-656.72,143.4492,138.841477229816,-22.91541,5.65,4.5,3.83865932351819,5511.0,11690.0
2022-08-31,865.8633422851562,17759.30078125,39536.2890625,1712.800048828125,79.45,7.188,6.986,3.132999897003174,3.2839999198913574,4165.86,-656.72,143.4492,138.841477229816,-22.91541,5.65,4.5,3.83865932351819,5511.0,11690.0
2022-09-01,853.2261962890625,17542.80078125,39300.79296875,1696.5999755859375,79.65,7.215,6.998,3.265000104904175,3.4059998989105225,4165.86,-656.72,144.6611,137.663318480477,-26.74142,5.75,4.5,3.83865932351819,5511.0,11690.0
2022-09-02,851.3233642578125,17539.44921875,39420.54296875,1709.800048828125,79.7,7.232,7.057,3.193000078201294,3.2980000972747803,-892.64,1793.35,144.6611,137.663318480477,-26.74142,5.75,4.5,3.83865932351819,5511.0,11690.0
2022-09-05,861.1305541992188,17665.80078125,39805.2890625,1709.800048828125,79.7,7.218,7.037,3.193000078201294,3.2980000972747803,-3361.8,3077.24,144.6611,137.663318480477,-26.74142,5.75,4.5,3.83865932351819,5511.0,11690.0
2022-09-06,862.301513671875,17655.599609375,39666.0390625,1700.4000244140625,79.86,7.179,7.014,3.3399999141693115,3.443000078201294,-1512.64,1624.9,144.6611,137.663318480477,-26.74142,5.75,4.5,3.83865932351819,5511.0,11690.0
2022-09-07,855.0315551757812,17624.400390625,39455.44140625,1715.300048828125,79.82,7.185,7.036,3.265000104904175,3.359999895095825,-1512.64,1624.9,144.6611,137.663318480477,-26.74142,5.75,4.5,3.83865932351819,5511.0,11690.0
2022-09-08,877.0855712890625,17798.75,40208.48046875,1708.0,79.71,7.135,6.984,3.2920000553131104,3.3970000743865967,-1512.64,1624.9,144.6611,137.663318480477,-26.74142,5.75,4.5,3.83865932351819,5511.0,11690.0
2022-09-09,879.476318359375,17833.349609375,40415.23046875,1716.199951171875,79.61,7.167,6.954,3.321000099182129,3.446000099182129,-1512.64,1624.9,144.6611,137.663318480477,-26.74142,5.75,4.5,3.83865932351819,5511.0,11690.0
2022-09-12,885.2825927734375,17936.349609375,40573.52734375,1728.0999755859375,79.35,7.181,6.993,3.361999988555908,3.4579999446868896,-1512.64,1624.9,144.6611,137.663318480477,-26.74142,5.75,4.5,3.83865932351819,5511.0,11690.0
2022-09-13,888.0149536132812,18070.05078125,40872.625,1705.0,79.49,7.108,6.966,3.421999931335449,3.5889999866485596,-1512.64,1624.9,144.6611,137.663318480477,-26.74142,5.75,4.5,3.83865932351819,5511.0,11690.0
2022-09-14,895.919189453125,18003.75,41404.91796875,1696.5,79.41,7.155,7.043,3.4119999408721924,3.5950000286102295,-1512.64,1624.9,144.6611,137.663318480477,-26.74142,5.75,4.5,3.83865932351819,5511.0,11690.0
2022-09-15,895.4313354492188,17877.400390625,41208.71875,1665.4000244140625,79.82,7.238,7.14,3.4590001106262207,3.674000024795532,-1512.64,1624.9,144.6611,137.663318480477,-26.74142,5.75,4.5,3.83865932351819,5511.0,11690.0
2022-09-16,887.1365966796875,17530.849609375,40776.328125,1671.699951171875,79.66,7.266,7.189,3.447999954223633,3.625999927520752,-1512.64,1624.9,144.6611,137.663318480477,-26.74142,5.75,4.5,3.83865932351819,5511.0,11690.0
2022-09-19,877.475830078125,17622.25,40903.921875,1666.199951171875,79.71,7.277,7.202,3.490000009536743,3.693000078201294,-1512.64,1624.9,144.6611,137.663318480477,-26.74142,5.75,4.5,3.83865932351819,5511.0,11690.0
2022-09-20,894.6018676757812,17816.25,41467.8203125,1659.699951171875,79.72,7.294,7.232,3.571000099182129,3.75,-1512.64,1624.9,144.6611,137.663318480477,-26.74142,5.75,4.5,3.83865932351819,5511.0,11690.0
2022-09-21,893.1381225585938,17718.349609375,41202.96875,1664.5999755859375,79.96,7.233,7.189,3.509999990463257,3.713000059127808,-1512.64,1624.9,144.6611,137.663318480477,-26.74142,5.75,4.5,3.83865932351819,5511.0,11690.0
2022-09-22,881.5744018554688,17629.80078125,40630.12890625,1670.800048828125,81.0,7.312,7.295,3.7079999446868896,3.928999900817871,-1512.64,1624.9,144.6611,137.663318480477,-26.74142,5.75,4.5,3.83865932351819,5511.0,11690.0
2022-09-23,860.9353637695312,17327.349609375,39545.7890625,1645.300048828125,81.11,7.393,7.366,3.697000026702881,3.9839999675750737,-1512.64,1624.9,144.6611,137.663318480477,-26.74142,5.75,4.5,3.83865932351819,5511.0,11690.0
2022-09-26,840.2474975585938,17016.30078125,38615.80078125,1623.300048828125,81.6,7.359,7.363,3.878000020980835,4.158999919891357,-1512.64,1624.9,144.6611,137.663318480477,-26.74142,5.75,4.5,3.83865932351819,5511.0,11690.0
2022-09-27,831.952880859375,17007.400390625,38358.703125,1626.699951171875,81.63,7.292,7.297,3.96399998664856,4.210000038146973,-1512.64,1624.9,144.6611,137.663318480477,-26.74142,5.75,4.5,3.83865932351819,5511.0,11690.0
2022-09-28,828.9765625,16858.599609375,37759.4140625,1660.4000244140625,81.61,7.333,7.34,3.7049999237060542,3.921999931335449,-1512.64,1624.9,144.6611,137.663318480477,-26.74142,5.75,4.5,3.83865932351819,5511.0,11690.0
2022-09-29,823.5119018554688,16818.099609375,37647.3125,1658.5,81.54,7.34,7.31,3.746999979019165,3.9790000915527344,-1512.64,1624.9,144.6611,137.663318480477,-26.74142,5.75,4.5,3.83865932351819,5511.0,11690.0
2022-09-30,841.1746215820312,17094.349609375,38631.5,1662.4000244140625,81.37,7.398,7.317,3.803999900817871,4.040999889373779,-1512.64,1624.9,144.6611,137.663318480477,-26.74142,5.75,4.5,3.83865932351819,5511.0,11690.0
2022-10-03,827.8543701171875,16887.349609375,38029.20703125,1692.9000244140625,81.56,7.468,7.389,3.651000022888184,3.882999897003174,-1981.15,945.71,144.6611,137.663318480477,-26.74142,5.75,4.5,3.83865932351819,5511.0,11690.0
2022-10-04,846.6880493164062,17274.30078125,39109.59765625,1721.0999755859375,81.45,7.362,7.272,3.617000102996826,3.839999914169311,-1981.15,945.71,144.6611,137.663318480477,-26.74142,5.75,4.5,3.83865932351819,5511.0,11690.0
2022-10-05,846.6880493164062,17274.30078125,39109.59765625,1711.4000244140625,81.5,7.362,7.272,3.759000062942505,3.9590001106262207,-3960.59,2958.4,144.6611,137.663318480477,-26.74142,5.75,4.5,3.83865932351819,5511.0,11690.0
2022-10-06,864.0580444335938,17331.80078125,39282.39453125,1711.699951171875,82.06,7.454,7.338,3.825999975204468,4.059999942779541,-3973.95,2831.07,144.6611,137.663318480477,-26.74142,5.75,4.5,3.83865932351819,5511.0,11690.0
2022-10-07,861.2280883789062,17314.650390625,39177.59375,1700.5,82.32,7.46,7.396,3.882999897003174,4.135000228881836,-3973.95,2831.07,144.6611,137.663318480477,-26.74142,5.75,4.5,3.83865932351819,5511.0,11690.0
2022-10-10,860.447509765625,17241.0,39092.6484375,1667.300048828125,82.32,7.476,7.445,3.888000011444092,4.14900016784668,-3973.95,2831.07,144.6611,137.663318480477,-26.74142,5.75,4.5,3.83865932351819,5511.0,11690.0
2022-10-11,849.5667724609375,16983.55078125,38712.0,1678.699951171875,82.22,7.426,7.394,3.938999891281128,4.169000148773193,-3973.95,2831.07,144.6611,137.663318480477,-26.74142,5.75,4.5,3.83865932351819,5511.0,11690.0
2022-10-12,847.3711547851562,17123.599609375,39118.09765625,1670.300048828125,82.25,7.435,7.407,3.901999950408935,4.111999988555908,-3973.95,2831.07,144.6611,137.663318480477,-26.74142,5.75,4.5,3.83865932351819,5511.0,11690.0
2022-10-13,832.9774780273438,17014.349609375,38623.55078125,1670.0,82.28,7.422,7.368,3.95199990272522,4.206999778747559,-3973.95,2831.07,144.6611,137.663318480477,-26.74142,5.75,4.5,3.83865932351819,5511.0,11690.0
2022-10-14,849.2252807617188,17185.69921875,39305.14453125,1641.699951171875,82.28,7.47,7.425,4.010000228881836,4.269000053405762,-3973.95,2831.07,144.6611,137.663318480477,-26.74142,5.75,4.5,3.83865932351819,5511.0,11690.0
2022-10-17,863.8141479492188,17311.80078125,39919.984375,1657.0,82.16,7.407,7.315,4.014999866485596,4.238999843597412,-3973.95,2831.07,144.6611,137.663318480477,-26.74142,5.75,4.5,3.83865932351819,5511.0,11690.0
2022-10-18,875.2314453125,17486.94921875,40318.28125,1649.0,82.29,7.426,7.356,3.997999906539917,4.215000152587891,-3973.95,2831.07,144.6611,137.663318480477,-26.74142,5.75,4.5,3.83865932351819,5511.0,11690.0
2022-10-19,870.54736328125,17512.25,40372.73046875,1627.5,82.95,7.451,7.376,4.126999855041504,4.349999904632568,-3973.95,2831.07,144.6611,137.663318480477,-26.74142,5.75,4.5,3.83865932351819,5511.0,11690.0
2022-10-20,867.1807250976562,17563.94921875,40099.0859375,1630.800048828125,82.66,7.476,7.394,4.22599983215332,4.447999954223633,-3973.95,2831.07,144.6611,137.663318480477,-26.74142,5.75,4.5,3.83865932351819,5511.0,11690.0
2022-10-21,885.2338256835938,17576.30078125,40783.578125,1651.0,82.58,7.511,7.436,4.2129998207092285,4.354000091552734,-3973.95,2831.07,144.6611,137.663318480477,-26.74142,5.75,4.5,3.83865932351819,5511.0,11690.0
2022-10-24,903.921142578125,17730.75,41304.41796875,1648.699951171875,82.68,7.511,7.436,4.234000205993652,4.359000205993652,-3973.95,2831.07,144.6611,137.663318480477,-26.74142,5.75,4.5,3.83865932351819,5511.0,11690.0
2022-10-25,902.7012939453124,17656.349609375,41122.2734375,1652.800048828125,82.44,7.442,7.335,4.107999801635742,4.256999969482422,-3973.95,2831.07,144.6611,137.663318480477,-26.74142,5.75,4.5,3.83865932351819,5511.0,11690.0
2022-10-26,902.7012939453124,17656.349609375,41122.2734375,1664.0,82.73,7.442,7.335,4.014999866485596,4.193999767303467,-3973.95,2831.07,144.6611,137.663318480477,-26.74142,5.75,4.5,3.83865932351819,5511.0,11690.0
2022-10-27,902.0670776367188,17736.94921875,41298.8203125,1660.699951171875,82.36,7.412,7.32,3.937000036239624,4.0879998207092285,-3973.95,2831.07,144.6611,137.663318480477,-26.74142,5.75,4.5,3.83865932351819,5511.0,11690.0
2022-10-28,885.9168701171875,17786.80078125,40990.375,1639.5999755859375,82.33,7.416,7.34,4.010000228881836,4.190000057220459,-3973.95,2831.07,144.6611,137.663318480477,-26.74142,5.75,4.5,3.83865932351819,5511.0,11690.0
2022-10-31,886.7463989257812,18012.19921875,41307.41796875,1635.9000244140625,82.73,7.445,7.377,4.077000141143799,4.248000144958496,-3973.95,2831.07,144.6611,137.663318480477,-26.74142,5.75,4.5,3.83865932351819,5511.0,11690.0
2022-11-01,886.6487426757812,18145.400390625,41289.0703125,1645.0,82.62,7.396,7.325,4.052000045776367,4.257999897003174,111.91,378.74,145.9832,138.207084057095,-19.4991,6.15,4.5,3.83865932351819,5511.0,11690.0
2022-11-02,882.8429565429688,18082.849609375,41146.171875,1645.699951171875,82.72,7.404,7.325,4.059000015258789,4.249000072479248,108.53,-696.9,145.9832,138.207084057095,-19.4991,6.15,4.5,3.83865932351819,5511.0,11690.0
2022-11-03,886.6975708007812,18052.69921875,41297.87109375,1627.300048828125,82.76,7.482,7.423,4.124000072479248,4.349999904632568,-2263.9,1686.85,145.9832,138.207084057095,-19.4991,6.15,4.5,3.83865932351819,5511.0,11690.0
2022-11-04,883.428466796875,18117.150390625,41257.96875,1672.5,82.03,7.469,7.421,4.156000137329102,4.326000213623047,-1145.2,-486.5,145.9832,138.207084057095,-19.4991,6.15,4.5,3.83865932351819,5511.0,11690.0
2022-11-07,895.3338012695312,18202.80078125,41686.21484375,1676.5,81.95,7.434,7.387,4.214000225067139,4.39300012588501,-170.51,-296.99,145.9832,138.207084057095,-19.4991,6.15,4.5,3.83865932351819,5511.0,11690.0
2022-11-08,895.3338012695312,18202.80078125,41686.21484375,1712.0999755859375,81.27,7.434,7.387,4.125999927520752,4.306000232696533,2298.08,-729.56,145.9832,138.207084057095,-19.4991,6.15,4.5,3.83865932351819,5511.0,11690.0
2022-11-09,888.5028686523438,18157.0,41782.71484375,1710.0999755859375,81.25,7.387,7.348,4.151000022888184,4.284999847412109,2298.08,-729.56,145.9832,138.207084057095,-19.4991,6.15,4.5,3.83865932351819,5511.0,11690.0
2022-11-10,888.6980590820312,18028.19921875,41603.265625,1750.300048828125,80.72,7.346,7.273,3.8289999961853023,3.943000078201294,2298.08,-729.56,145.9832,138.207084057095,-19.4991,6.15,4.5,3.83865932351819,5511.0,11690.0
2022-11-11,884.6482543945312,18349.69921875,42136.5625,1766.0,80.72,7.307,7.201,3.812999963760376,3.937999963760376,2298.08,-729.56,145.9832,138.207084057095,-19.4991,6.15,4.5,3.83865932351819,5511.0,11690.0
2022-11-14,873.3285522460938,18329.150390625,42076.26171875,1773.5999755859375,80.98,7.287,7.178,3.865000009536743,3.996999979019165,2298.08,-729.56,145.9832,138.207084057095,-19.4991,6.15,4.5,3.83865932351819,5511.0,11690.0
2022-11-15,889.6738891601562,18403.400390625,42372.20703125,1773.800048828125,80.94,7.261,7.121,3.799000024795532,3.921999931335449,2298.08,-729.56,145.9832,138.207084057095,-19.4991,6.15,4.5,3.83865932351819,5511.0,11690.0
2022-11-16,891.5279541015625,18409.650390625,42534.8046875,1773.0,81.46,7.274,7.144,3.691999912261963,3.849999904632568,2298.08,-729.56,145.9832,138.207084057095,-19.4991,6.15,4.5,3.83865932351819,5511.0,11690.0
2022-11-17,897.5781860351562,18343.900390625,42457.55859375,1760.800048828125,81.69,7.281,7.141,3.775000095367432,3.937000036239624,2298.08,-729.56,145.9832,138.207084057095,-19.4991,6.15,4.5,3.83865932351819,5511.0,11690.0
2022-11-18,898.1148681640625,18307.650390625,42436.95703125,1751.9000244140625,81.76,7.307,7.175,3.818000078201294,4.0,2298.08,-729.56,145.9832,138.207084057095,-19.4991,6.15,4.5,3.83865932351819,5511.0,11690.0
2022-11-21,899.1394653320312,18159.94921875,42346.05859375,1737.4000244140625,81.68,7.32,7.185,3.825000047683716,4.007999897003174,2298.08,-729.56,145.9832,138.207084057095,-19.4991,6.15,4.5,3.83865932351819,5511.0,11690.0
2022-11-22,901.3839721679688,18244.19921875,42456.55859375,1738.300048828125,81.69,7.285,7.165,3.757999897003174,3.937999963760376,2298.08,-729.56,145.9832,138.207084057095,-19.4991,6.15,4.5,3.83865932351819,5511.0,11690.0
2022-11-23,905.0433349609376,18267.25,42728.60546875,1744.9000244140625,81.71,7.291,7.175,3.7060000896453857,3.8919999599456783,2298.08,-729.56,145.9832,138.207084057095,-19.4991,6.15,4.5,3.83865932351819,5511.0,11690.0
2022-11-24,916.1679077148438,18484.099609375,43074.8984375,1744.9000244140625,81.71,7.255,7.11,3.7060000896453857,3.8919999599456783,2298.08,-729.56,145.9832,138.207084057095,-19.4991,6.15,4.5,3.83865932351819,5511.0,11690.0
2022-11-25,907.824462890625,18512.75,42983.44921875,1753.300048828125,81.73,7.301,7.156,3.690999984741211,3.869999885559082,2298.08,-729.56,145.9832,138.207084057095,-19.4991,6.15,4.5,3.83865932351819,5511.0,11690.0
2022-11-28,914.7529907226562,18562.75,43019.94921875,1740.0999755859375,81.61,7.274,7.123,3.703000068664551,3.8959999084472656,2298.08,-729.56,145.9832,138.207084057095,-19.4991,6.15,4.5,3.83865932351819,5511.0,11690.0
2022-11-29,923.8770751953124,18618.05078125,43052.94921875,1748.4000244140625,81.61,7.279,7.138,3.747999906539917,3.9200000762939458,2298.08,-729.56,145.9832,138.207084057095,-19.4991,6.15,4.5,3.83865932351819,5511.0,11690.0
2022-11-30,929.8785400390624,18758.349609375,43230.49609375,1746.0,81.43,7.28,7.13,3.703000068664551,3.8320000171661377,2298.08,-729.56,145.9832,138.207084057095,-19.4991,6.15,4.5,3.83865932351819,5511.0,11690.0
2022-12-01,917.4853515625,18812.5,43260.14453125,1801.0999755859375,81.17,7.21,7.068,3.5290000438690186,3.680000066757202,-1001.57,1332.01,145.7628,136.303904538932,-22.89474,6.43,4.5,3.83865932351819,5511.0,11690.0
2022-12-02,908.1172485351562,18696.099609375,43103.25,1795.9000244140625,81.41,7.221,7.078,3.50600004196167,3.6659998893737793,-1001.57,1332.01,145.7628,136.303904538932,-22.89474,6.43,4.5,3.83865932351819,5511.0,11690.0
2022-12-05,911.0447387695312,18701.05078125,43332.4453125,1767.4000244140625,81.77,7.226,7.083,3.5989999771118164,3.7929999828338623,-5255.75,4815.64,145.7628,136.303904538932,-22.89474,6.43,4.5,3.83865932351819,5511.0,11690.0
2022-12-06,900.359375,18642.75,43138.05078125,1769.300048828125,82.42,7.249,7.104,3.513000011444092,3.7330000400543217,-5255.75,4815.64,145.7628,136.303904538932,-22.89474,6.43,4.5,3.83865932351819,5511.0,11690.0
2022-12-07,899.8713989257812,18560.5,43098.19921875,1785.5,82.31,7.269,7.138,3.4079999923706055,3.614000082015991,-1565.68,140.71,145.7628,136.303904538932,-22.89474,6.43,4.5,3.83865932351819,5511.0,11690.0
2022-12-08,909.3858642578124,18609.349609375,43596.34375,1788.699951171875,82.29,7.288,7.174,3.490999937057495,3.7100000381469727,3040.46,-839.45,145.7628,136.303904538932,-22.89474,6.43,4.5,3.83865932351819,5511.0,11690.0
2022-12-09,907.4342041015624,18496.599609375,43632.94140625,1798.0999755859375,82.46,7.299,7.18,3.566999912261963,3.756999969482422,3040.46,-839.45,145.7628,136.303904538932,-22.89474,6.43,4.5,3.83865932351819,5511.0,11690.0
2022-12-12,907.824462890625,18497.150390625,43708.2421875,1780.5,82.67,7.294,7.169,3.611000061035156,3.802000045776367,3040.46,-839.45,145.7628,136.303904538932,-22.89474,6.43,4.5,3.83865932351819,5511.0,11690.0
2022-12-13,910.4104614257812,18608.0,43946.0390625,1813.9000244140625,82.49,7.265,7.132,3.500999927520752,3.6470000743865967,3040.46,-839.45,145.7628,136.303904538932,-22.89474,6.43,4.5,3.83865932351819,5511.0,11690.0
2022-12-14,899.4810180664062,18660.30078125,44048.58984375,1807.5,82.5,7.221,7.104,3.503000020980835,3.6540000438690186,3040.46,-839.45,145.7628,136.303904538932,-22.89474,6.43,4.5,3.83865932351819,5511.0,11690.0
2022-12-15,886.8439331054688,18414.900390625,43497.6953125,1777.199951171875,82.75,7.268,7.124,3.450000047683716,3.625999927520752,3040.46,-839.45,145.7628,136.303904538932,-22.89474,6.43,4.5,3.83865932351819,5511.0,11690.0
2022-12-16,880.208251953125,18269.0,43218.99609375,1790.0,82.71,7.281,7.149,3.4820001125335693,3.617000102996826,3040.46,-839.45,145.7628,136.303904538932,-22.89474,6.43,4.5,3.83865932351819,5511.0,11690.0
2022-12-19,884.5507202148438,18420.44921875,43413.24609375,1787.699951171875,82.65,7.297,7.174,3.5810000896453857,3.7109999656677246,3040.46,-839.45,145.7628,136.303904538932,-22.89474,6.43,4.5,3.83865932351819,5511.0,11690.0
2022-12-20,887.72216796875,18385.30078125,43358.99609375,1815.9000244140625,82.58,7.299,7.184,3.684000015258789,3.7839999198913574,3040.46,-839.45,145.7628,136.303904538932,-22.89474,6.43,4.5,3.83865932351819,5511.0,11690.0
2022-12-21,870.6937866210938,18199.099609375,42617.453125,1815.9000244140625,82.81,7.287,7.168,3.684000015258789,3.775000095367432,3040.46,-839.45,145.7628,136.303904538932,-22.89474,6.43,4.5,3.83865932351819,5511.0,11690.0
2022-12-22,869.1324462890625,18127.349609375,42408.30859375,1787.0,82.93,7.316,7.205,3.6689999103546143,3.786999940872192,3040.46,-839.45,145.7628,136.303904538932,-22.89474,6.43,4.5,3.83865932351819,5511.0,11690.0
2022-12-23,857.6663208007812,17806.80078125,41667.56640625,1795.9000244140625,82.86,7.318,7.228,3.750999927520752,3.861999988555908,3040.46,-839.45,145.7628,136.303904538932,-22.89474,6.43,4.5,3.83865932351819,5511.0,11690.0
2022-12-26,871.620849609375,18014.599609375,42629.65234375,1795.9000244140625,82.86,7.319,7.233,3.750999927520752,3.861999988555908,3040.46,-839.45,145.7628,136.303904538932,-22.89474,6.43,4.5,3.83865932351819,5511.0,11690.0
2022-12-27,878.890869140625,18132.30078125,42859.0,1814.800048828125,82.88,7.308,7.217,3.859999895095825,3.963000059127808,3040.46,-839.45,145.7628,136.303904538932,-22.89474,6.43,4.5,3.83865932351819,5511.0,11690.0
2022-12-28,877.23193359375,18122.5,42827.203125,1807.9000244140625,82.74,7.314,7.236,3.88700008392334,3.9790000915527344,3040.46,-839.45,145.7628,136.303904538932,-22.89474,6.43,4.5,3.83865932351819,5511.0,11690.0
2022-12-29,886.1119995117188,18191.0,43251.84765625,1819.5,82.83,7.311,7.212,3.8350000381469727,3.9549999237060542,3040.46,-839.45,145.7628,136.303904538932,-22.89474,6.43,4.5,3.83865932351819,5511.0,11690.0
2022-12-30,869.3275756835938,18105.30078125,42985.94921875,1819.699951171875,82.72,7.327,7.227,3.878999948501587,4.0,3040.46,-839.45,145.7628,136.303904538932,-22.89474,6.43,4.5,3.83865932351819,5511.0,11690.0
2023-01-02,880.6473388671875,18197.44921875,43203.1015625,1819.699951171875,82.72,7.34,7.24,3.878999948501587,4.0,3040.46,-839.45,145.7628,136.303904538932,-22.89474,6.43,4.5,3.83865932351819,5511.0,11690.0
2023-01-03,879.5739135742188,18232.55078125,43425.25,1839.699951171875,82.86,7.321,7.235,3.7929999828338623,3.944999933242798,3040.46,-839.45,145.7628,136.303904538932,-22.89474,6.43,4.5,3.83865932351819,5511.0,11690.0
2023-01-04,877.3782348632812,18042.94921875,42958.80078125,1852.800048828125,82.72,7.321,7.229,3.7090001106262207,3.875,3040.46,-839.45,145.7628,136.303904538932,-22.89474,6.43,4.5,3.83865932351819,5511.0,11690.0
2023-01-05,857.9103393554688,17992.150390625,42608.69921875,1834.800048828125,82.57,7.327,7.229,3.7200000286102295,3.910000085830689,3040.46,-839.45,145.7628,136.303904538932,-22.89474,6.43,4.5,3.83865932351819,5511.0,11690.0
2023-01-06,849.078857421875,17859.44921875,42188.80078125,1864.199951171875,82.72,7.373,7.277,3.569000005722046,3.711999893188477,3040.46,-839.45,145.7628,136.303904538932,-22.89474,6.43,4.5,3.83865932351819,5511.0,11690.0
2023-01-09,852.2503051757812,18101.19921875,42582.75,1872.699951171875,82.36,7.342,7.215,3.5169999599456787,3.651000022888184,3040.46,-839.45,145.7628,136.303904538932,-22.89474,6.43,4.5,3.83865932351819,5511.0,11690.0
2023-01-10,840.540283203125,17914.150390625,42014.75,1871.5999755859375,81.6,7.313,7.173,3.621000051498413,3.7339999675750737,3040.46,-839.45,145.7628,136.303904538932,-22.89474,6.43,4.5,3.83865932351819,5511.0,11690.0
2023-01-11,845.3707275390625,17895.69921875,42232.69921875,1874.5999755859375,81.6,7.291,7.151,3.553999900817871,3.6700000762939458,3040.46,-839.45,145.7628,136.303904538932,-22.89474,6.43,4.5,3.83865932351819,5511.0,11690.0
2023-01-12,839.8572387695312,17858.19921875,42082.25,1895.5,81.19,7.286,7.143,3.4489998817443848,3.5460000038146973,3040.46,-839.45,145.7628,136.303904538932,-22.89474,6.43,4.5,3.83865932351819,5511.0,11690.0
2023-01-13,852.3480224609375,17956.599609375,42371.25,1918.4000244140625,81.31,7.299,7.132,3.510999917984009,3.614000082015991,3040.46,-839.45,145.7628,136.303904538932,-22.89474,6.43,4.5,3.83865932351819,5511.0,11690.0
2023-01-16,844.3461303710938,17894.849609375,42167.55078125,1918.4000244140625,81.31,7.327,7.169,3.510999917984009,3.614000082015991,3040.46,-839.45,145.7628,136.303904538932,-22.89474,6.43,4.5,3.83865932351819,5511.0,11690.0
2023-01-17,844.2484741210938,18053.30078125,42235.05078125,1907.199951171875,81.57,7.333,7.18,3.5350000858306885,3.60700011253357,3040.46,-839.45,145.7628,136.303904538932,-22.89474,6.43,4.5,3.83865932351819,5511.0,11690.0
2023-01-18,848.493408203125,18165.349609375,42458.0,1904.4000244140625,81.33,7.325,7.155,3.375,3.433000087738037,3040.46,-839.45,145.7628,136.303904538932,-22.89474,6.43,4.5,3.83865932351819,5511.0,11690.0
2023-01-19,845.2244262695312,18107.849609375,42328.8515625,1922.0999755859375,81.28,7.313,7.123,3.3970000743865967,3.484999895095825,3040.46,-839.45,145.7628,136.303904538932,-22.89474,6.43,4.5,3.83865932351819,5511.0,11690.0
2023-01-20,849.3228759765625,18027.650390625,42506.80078125,1926.4000244140625,80.99,7.347,7.168,3.4839999675750732,3.566999912261963,3040.46,-839.45,145.7628,136.303904538932,-22.89474,6.43,4.5,3.83865932351819,5511.0,11690.0
2023-01-23,850.6401977539062,18118.55078125,42821.25,1927.0999755859375,81.41,7.352,7.157,3.5250000953674316,3.625,3040.46,-839.45,145.7628,136.303904538932,-22.89474,6.43,4.5,3.83865932351819,5511.0,11690.0
2023-01-24,849.7131958007812,18118.30078125,42733.44921875,1933.9000244140625,81.53,7.346,7.152,3.4690001010894775,3.5840001106262207,3040.46,-839.45,145.7628,136.303904538932,-22.89474,6.43,4.5,3.83865932351819,5511.0,11690.0
2023-01-25,834.6364135742188,17891.94921875,41647.6484375,1941.199951171875,81.49,7.347,7.156,3.461999893188477,3.561000108718872,3040.46,-839.45,145.7628,136.303904538932,-22.89474,6.43,4.5,3.83865932351819,5511.0,11690.0
2023-01-26,834.6364135742188,17891.94921875,41647.6484375,1929.0999755859375,81.59,7.347,7.156,3.493000030517578,3.5880000591278076,3040.46,-839.45,145.7628,136.303904538932,-22.89474,6.43,4.5,3.83865932351819,5511.0,11690.0
2023-01-27,797.45703125,17604.349609375,40345.30078125,1928.5999755859375,81.54,7.387,7.204,3.5179998874664307,3.621000051498413,3040.46,-839.45,145.7628,136.303904538932,-22.89474,6.43,4.5,3.83865932351819,5511.0,11690.0
2023-01-30,803.6046752929688,17648.94921875,40387.44921875,1922.9000244140625,81.47,7.401,7.258,3.5510001182556152,3.683000087738037,3040.46,-839.45,145.7628,136.303904538932,-22.89474,6.43,4.5,3.83865932351819,5511.0,11690.0
2023-01-31,811.8018188476562,17662.150390625,40655.05078125,1929.5,81.69,7.343,7.215,3.5290000438690186,3.638000011444092,3040.46,-839.45,145.7628,136.303904538932,-22.89474,6.43,4.5,3.83865932351819,5511.0,11690.0
2023-02-01,827.4640502929688,17616.30078125,40513.0,1927.800048828125,81.73,7.277,7.232,3.3970000743865967,3.494999885559082,3040.46,-839.45,146.2036,136.303904538932,-21.04515,6.69,4.5,3.83865932351819,5511.0,11690.0
2023-02-02,837.1736450195312,17610.400390625,40669.30078125,1916.300048828125,82.03,7.296,7.156,3.3959999084472656,3.4830000400543213,3040.46,-839.45,146.2036,136.303904538932,-21.04515,6.69,4.5,3.83865932351819,5511.0,11690.0
2023-02-03,842.9310913085938,17854.05078125,41499.69921875,1862.9000244140625,82.21,7.277,7.156,3.5320000648498535,3.6659998893737793,3040.46,-839.45,146.2036,136.303904538932,-21.04515,6.69,4.5,3.83865932351819,5511.0,11690.0
2023-02-06,833.0750732421875,17764.599609375,41374.6484375,1866.199951171875,82.77,7.32,7.214,3.634000062942505,3.813999891281128,3040.46,-839.45,146.2036,136.303904538932,-21.04515,6.69,4.5,3.83865932351819,5511.0,11690.0
2023-02-07,832.1480712890625,17721.5,41490.94921875,1871.699951171875,82.81,7.309,7.209,3.674000024795532,3.8440001010894775,3040.46,-839.45,146.2036,136.303904538932,-21.04515,6.69,4.5,3.83865932351819,5511.0,11690.0
2023-02-08,838.3446044921875,17871.69921875,41537.6484375,1877.4000244140625,82.65,7.344,7.271,3.6530001163482666,3.818000078201294,3040.46,-839.45,146.2036,136.303904538932,-21.04515,6.69,4.5,3.83865932351819,5511.0,11690.0
2023-02-09,840.0036010742188,17893.44921875,41554.30078125,1866.199951171875,82.44,7.344,7.281,3.683000087738037,3.881999969482422,3040.46,-839.45,146.2036,136.303904538932,-21.04515,6.69,4.5,3.83865932351819,5511.0,11690.0
2023-02-10,833.2214965820312,17856.5,41559.3984375,1862.800048828125,82.47,7.363,7.315,3.74399995803833,3.924000024795532,3040.46,-839.45,146.2036,136.303904538932,-21.04515,6.69,4.5,3.83865932351819,5511.0,11690.0
2023-02-13,830.0988159179688,17770.900390625,41282.19921875,1851.9000244140625,82.72,7.366,7.33,3.7170000076293945,3.9260001182556152,3040.46,-839.45,146.2036,136.303904538932,-21.04515,6.69,4.5,3.83865932351819,5511.0,11690.0
2023-02-14,844.3948364257812,17929.849609375,41648.3515625,1854.0,82.86,7.371,7.323,3.760999917984009,4.002999782562256,3040.46,-839.45,146.2036,136.303904538932,-21.04515,6.69,4.5,3.83865932351819,5511.0,11690.0
2023-02-15,849.761962890625,18015.849609375,41731.05078125,1834.199951171875,82.78,7.347,7.325,3.809000015258789,4.039999961853027,3040.46,-839.45,146.2036,136.303904538932,-21.04515,6.69,4.5,3.83865932351819,5511.0,11690.0
2023-02-16,848.4446411132812,18035.849609375,41631.3515625,1842.0,82.74,7.342,7.32,3.8429999351501465,4.047999858856201,3040.46,-839.45,146.2036,136.303904538932,-21.04515,6.69,4.5,3.83865932351819,5511.0,11690.0
2023-02-17,841.8088989257812,17944.19921875,41131.75,1840.4000244140625,82.73,7.388,7.346,3.828000068664551,4.035999774932861,3040.46,-839.45,146.2036,136.303904538932,-21.04515,6.69,4.5,3.83865932351819,5511.0,11690.0
2023-02-20,831.5137329101562,17844.599609375,40701.69921875,1840.4000244140625,82.73,7.37,7.325,3.828000068664551,4.035999774932861,3040.46,-839.45,146.2036,136.303904538932,-21.04515,6.69,4.5,3.83865932351819,5511.0,11690.0
2023-02-21,833.5630493164062,17826.69921875,40673.6015625,1833.0,82.85,7.391,7.351,3.9549999237060542,4.175000190734863,3040.46,-839.45,146.2036,136.303904538932,-21.04515,6.69,4.5,3.83865932351819,5511.0,11690.0
2023-02-22,818.9742431640625,17554.30078125,39995.8984375,1832.0,82.78,7.429,7.413,3.92300009727478,4.151000022888184,3040.46,-839.45,146.2036,136.303904538932,-21.04515,6.69,4.5,3.83865932351819,5511.0,11690.0
2023-02-23,819.462158203125,17511.25,40001.55078125,1818.0,82.59,7.391,7.393,3.878999948501587,4.105000019073486,3040.46,-839.45,146.2036,136.303904538932,-21.04515,6.69,4.5,3.83865932351819,5511.0,11690.0
2023-02-24,819.413330078125,17465.80078125,39909.3984375,1808.800048828125,82.97,7.419,7.4,3.9489998817443848,4.210000038146973,3040.46,-839.45,146.2036,136.303904538932,-21.04515,6.69,4.5,3.83865932351819,5511.0,11690.0
2023-02-27,835.7099609375,17392.69921875,40307.1015625,1817.0,82.69,7.448,7.444,3.921999931335449,4.172999858856201,3040.46,-839.45,146.2036,136.303904538932,-21.04515,6.69,4.5,3.83865932351819,5511.0,11690.0
2023-02-28,834.1973266601562,17303.94921875,40269.05078125,1828.9000244140625,82.57,7.457,7.438,3.9159998893737793,4.168000221252441,3040.46,-839.45,146.2036,136.303904538932,-21.04515,6.69,4.5,3.83865932351819,5511.0,11690.0
2023-03-01,835.6123046875,17450.900390625,40698.1484375,1837.699951171875,82.43,7.434,7.416,3.99399995803833,4.263000011444092,3040.46,-839.45,146.8646,136.303904538932,-22.43019,6.75,4.5,3.83865932351819,5511.0,11690.0
2023-03-02,833.367919921875,17321.900390625,40389.80078125,1833.5,82.41,7.43,7.426,4.072999954223633,4.324999809265137,3040.46,-839.45,146.8646,136.303904538932,-22.43019,6.75,4.5,3.83865932351819,5511.0,11690.0
2023-03-03,847.56640625,17594.349609375,41251.3515625,1847.699951171875,81.98,7.416,7.399,3.96399998664856,4.252999782562256,3040.46,-839.45,146.8646,136.303904538932,-22.43019,6.75,4.5,3.83865932351819,5511.0,11690.0
2023-03-06,846.7857055664062,17711.44921875,41350.3984375,1847.9000244140625,81.77,7.418,7.389,3.9830000400543217,4.270999908447266,3040.46,-839.45,146.8646,136.303904538932,-22.43019,6.75,4.5,3.83865932351819,5511.0,11690.0
2023-03-07,846.7857055664062,17711.44921875,41350.3984375,1813.9000244140625,81.93,7.418,7.389,3.974999904632568,4.315000057220459,3040.46,-839.45,146.8646,136.303904538932,-22.43019,6.75,4.5,3.83865932351819,5511.0,11690.0
2023-03-08,851.0305786132812,17754.400390625,41577.1015625,1812.699951171875,81.86,7.459,7.439,3.9760000705718994,4.335999965667725,3040.46,-839.45,146.8646,136.303904538932,-22.43019,6.75,4.5,3.83865932351819,5511.0,11690.0
2023-03-09,835.270751953125,17589.599609375,41256.75,1829.300048828125,82.02,7.441,7.413,3.924999952316284,4.2210001945495605,3040.46,-839.45,146.8646,136.303904538932,-22.43019,6.75,4.5,3.83865932351819,5511.0,11690.0
2023-03-10,822.2921142578125,17412.900390625,40485.44921875,1862.0,81.93,7.429,7.4,3.694999933242798,3.9539999961853023,3040.46,-839.45,146.8646,136.303904538932,-22.43019,6.75,4.5,3.83865932351819,5511.0,11690.0
2023-03-13,808.3863525390625,17154.30078125,39564.69921875,1911.699951171875,82.19,7.365,7.292,3.515000104904175,3.6659998893737793,3040.46,-839.45,146.8646,136.303904538932,-22.43019,6.75,4.5,3.83865932351819,5511.0,11690.0
2023-03-14,810.2892456054688,17043.30078125,39411.3984375,1906.199951171875,82.25,7.378,7.241,3.638000011444092,3.79800009727478,3040.46,-839.45,146.8646,136.303904538932,-22.43019,6.75,4.5,3.83865932351819,5511.0,11690.0
2023-03-15,805.94677734375,16972.150390625,39051.5,1926.5999755859375,82.84,7.363,7.22,3.492000102996826,3.578000068664551,3040.46,-839.45,146.8646,136.303904538932,-22.43019,6.75,4.5,3.83865932351819,5511.0,11690.0
2023-03-16,803.9951171875,16985.599609375,39132.6015625,1919.0,82.63,7.352,7.253,3.5850000381469727,3.742000102996826,3040.46,-839.45,146.8646,136.303904538932,-22.43019,6.75,4.5,3.83865932351819,5511.0,11690.0
2023-03-17,816.0466918945312,17100.05078125,39598.1015625,1969.800048828125,82.56,7.354,7.234,3.3949999809265137,3.4660000801086426,3040.46,-839.45,146.8646,136.303904538932,-22.43019,6.75,4.5,3.83865932351819,5511.0,11690.0
2023-03-20,816.2418823242188,16988.400390625,39361.94921875,1979.199951171875,82.55,7.334,7.204,3.4809999465942383,3.575000047683716,3040.46,-839.45,146.8646,136.303904538932,-22.43019,6.75,4.5,3.83865932351819,5511.0,11690.0
2023-03-21,831.8065795898438,17107.5,39894.69921875,1938.0,82.59,7.354,7.239,3.6059999465942383,3.746000051498413,3040.46,-839.45,146.8646,136.303904538932,-22.43019,6.75,4.5,3.83865932351819,5511.0,11690.0
2023-03-22,839.4180908203125,17151.900390625,39999.05078125,1946.800048828125,82.66,7.354,7.239,3.5,3.572999954223633,3040.46,-839.45,146.8646,136.303904538932,-22.43019,6.75,4.5,3.83865932351819,5511.0,11690.0
2023-03-23,834.7828369140625,17076.900390625,39616.8984375,1993.800048828125,82.07,7.345,7.214,3.4059998989105225,3.4170000553131104,3040.46,-839.45,146.8646,136.303904538932,-22.43019,6.75,4.5,3.83865932351819,5511.0,11690.0
2023-03-24,831.8065795898438,16945.05078125,39395.3515625,1982.0999755859375,82.34,7.318,7.167,3.380000114440918,3.4089999198913574,3040.46,-839.45,146.8646,136.303904538932,-22.43019,6.75,4.5,3.83865932351819,5511.0,11690.0
2023-03-27,828.1959228515625,16985.69921875,39431.30078125,1952.4000244140625,82.24,7.312,7.204,3.5280001163482666,3.5950000286102295,3040.46,-839.45,146.8646,136.303904538932,-22.43019,6.75,4.5,3.83865932351819,5511.0,11690.0
2023-03-28,834.0997924804688,16951.69921875,39567.8984375,1972.4000244140625,82.17,7.321,7.219,3.563999891281128,3.661999940872192,3040.46,-839.45,146.8646,136.303904538932,-22.43019,6.75,4.5,3.83865932351819,5511.0,11690.0
2023-03-29,830.4403076171875,17080.69921875,39910.1484375,1966.0999755859375,82.18,7.296,7.184,3.565999984741211,3.674999952316284,3040.46,-839.45,146.8646,136.303904538932,-22.43019,6.75,4.5,3.83865932351819,5511.0,11690.0
2023-03-30,830.4403076171875,17080.69921875,39910.1484375,1980.300048828125,82.34,7.296,7.184,3.5510001182556152,3.663000106811523,3040.46,-839.45,146.8646,136.303904538932,-22.43019,6.75,4.5,3.83865932351819,5511.0,11690.0
2023-03-31,856.05615234375,17359.75,40608.6484375,1969.0,82.19,7.315,7.167,3.49399995803833,3.611000061035156,3040.46,-839.45,146.8646,136.303904538932,-22.43019,6.75,4.5,3.83865932351819,5511.0,11690.0
2023-04-03,862.4478759765625,17398.05078125,40813.05078125,1983.9000244140625,82.24,7.315,7.172,3.430000066757202,3.5290000438690186,3040.46,-839.45,146.8646,136.303904538932,-22.43019,6.75,4.5,3.83865932351819,5511.0,11690.0
2023-04-04,862.4478759765625,17398.05078125,40813.05078125,2022.199951171875,82.33,7.315,7.172,3.336999893188477,3.388000011444092,3040.46,-839.45,146.8646,136.303904538932,-22.43019,6.75,4.5,3.83865932351819,5511.0,11690.0
2023-04-05,863.228515625,17557.05078125,40999.1484375,2020.9000244140625,81.89,7.273,7.129,3.2869999408721924,3.3440001010894775,3040.46,-839.45,146.8646,136.303904538932,-22.43019,6.75,4.5,3.83865932351819,5511.0,11690.0
2023-04-06,853.8605346679688,17599.150390625,41041.0,2011.9000244140625,81.86,7.219,7.057,3.288000106811523,3.3570001125335693,3040.46,-839.45,146.8646,136.303904538932,-22.43019,6.75,4.5,3.83865932351819,5511.0,11690.0
2023-04-07,853.8605346679688,17599.150390625,41041.0,2011.9000244140625,81.85,7.219,7.057,3.288000106811523,3.3570001125335693,3040.46,-839.45,146.8646,136.303904538932,-22.43019,6.75,4.5,3.83865932351819,5511.0,11690.0
2023-04-10,847.46875,17624.05078125,40834.6484375,1989.0999755859375,82.01,7.227,7.051,3.4149999618530273,3.5190000534057617,3040.46,-839.45,146.8646,136.303904538932,-22.43019,6.75,4.5,3.83865932351819,5511.0,11690.0
2023-04-11,860.5938720703125,17722.30078125,41366.5,2004.800048828125,82.04,7.224,7.06,3.434000015258789,3.549999952316284,3040.46,-839.45,146.8646,136.303904538932,-22.43019,6.75,4.5,3.83865932351819,5511.0,11690.0
2023-04-12,868.64453125,17812.400390625,41557.94921875,2010.9000244140625,81.98,7.213,7.043,3.4210000038146973,3.4760000705718994,3040.46,-839.45,146.8646,136.303904538932,-22.43019,6.75,4.5,3.83865932351819,5511.0,11690.0
2023-04-13,877.2807006835938,17828.0,42132.55078125,2041.300048828125,81.65,7.229,7.066,3.4519999027252197,3.506999969482422,3040.46,-839.45,146.8646,136.303904538932,-22.43019,6.75,4.5,3.83865932351819,5511.0,11690.0
2023-04-14,877.2807006835938,17828.0,42132.55078125,2002.199951171875,81.88,7.229,7.066,3.5220000743865967,3.611000061035156,3040.46,-839.45,146.8646,136.303904538932,-22.43019,6.75,4.5,3.83865932351819,5511.0,11690.0
2023-04-17,879.525146484375,17706.849609375,42262.55078125,1994.199951171875,81.98,7.247,7.088,3.5910000801086426,3.693000078201294,3040.46,-839.45,146.8646,136.303904538932,-22.43019,6.75,4.5,3.83865932351819,5511.0,11690.0
2023-04-18,875.1825561523438,17660.150390625,42265.19921875,2007.4000244140625,82.08,7.221,7.052,3.572000026702881,3.674999952316284,3040.46,-839.45,146.8646,136.303904538932,-22.43019,6.75,4.5,3.83865932351819,5511.0,11690.0
2023-04-19,870.3522338867188,17618.75,42154.0,1995.199951171875,82.18,7.227,7.056,3.6019999980926514,3.7219998836517334,3040.46,-839.45,146.8646,136.303904538932,-22.43019,6.75,4.5,3.83865932351819,5511.0,11690.0
2023-04-20,872.7918701171875,17624.44921875,42269.5,2007.5999755859375,82.1,7.22,7.04,3.5450000762939453,3.640000104904175,3040.46,-839.45,146.8646,136.303904538932,-22.43019,6.75,4.5,3.83865932351819,5511.0,11690.0
2023-04-21,864.2532348632812,17624.05078125,42118.0,1979.5,82.06,7.185,7.036,3.569999933242798,3.66100001335144,3040.46,-839.45,146.8646,136.303904538932,-22.43019,6.75,4.5,3.83865932351819,5511.0,11690.0
2023-04-24,882.8917846679688,17743.400390625,42635.75,1989.0999755859375,81.9,7.111,7.009,3.515000104904175,3.6050000190734863,3040.46,-839.45,146.8646,136.303904538932,-22.43019,6.75,4.5,3.83865932351819,5511.0,11690.0
2023-04-25,891.3816528320312,17769.25,42678.5,1994.0,81.92,7.11,6.993,3.3959999084472656,3.441999912261963,3040.46,-839.45,146.8646,136.303904538932,-22.43019,6.75,4.5,3.83865932351819,5511.0,11690.0
2023-04-26,892.8453979492188,17813.599609375,42829.8984375,1985.699951171875,81.74,7.116,7.011,3.431999921798706,3.4800000190734863,3040.46,-839.45,146.8646,136.303904538932,-22.43019,6.75,4.5,3.83865932351819,5511.0,11690.0
2023-04-27,896.1632080078125,17915.05078125,43000.8515625,1989.9000244140625,81.84,7.097,7.014,3.5280001163482666,3.6019999980926514,3040.46,-839.45,146.8646,136.303904538932,-22.43019,6.75,4.5,3.83865932351819,5511.0,11690.0
2023-04-28,895.4801635742188,18065.0,43233.8984375,1990.0999755859375,81.84,7.116,7.031,3.4519999027252197,3.5360000133514404,3040.46,-839.45,146.8646,136.303904538932,-22.43019,6.75,4.5,3.83865932351819,5511.0,11690.0
2023-05-01,895.4801635742188,18065.0,43233.8984375,1983.4000244140625,81.84,7.116,7.031,3.5739998817443848,3.632999897003174,3040.46,-839.45,148.4071,136.303904538932,-20.86285,6.75,4.5,3.83865932351819,5511.0,11690.0
2023-05-02,899.8225708007812,18147.650390625,43352.1015625,2014.300048828125,81.89,7.106,7.0,3.438999891281128,3.4660000801086426,3040.46,-839.45,148.4071,136.303904538932,-20.86285,6.75,4.5,3.83865932351819,5511.0,11690.0
2023-05-03,900.554443359375,18089.849609375,43312.69921875,2028.5999755859375,81.83,7.011,6.948,3.4030001163482666,3.4110000133514404,3040.46,-839.45,148.4071,136.303904538932,-20.86285,6.75,4.5,3.83865932351819,5511.0,11690.0
2023-05-04,899.4323120117188,18255.80078125,43685.44921875,2048.0,81.73,7.014,6.95,3.3510000705718994,3.2760000228881836,3040.46,-839.45,148.4071,136.303904538932,-20.86285,6.75,4.5,3.83865932351819,5511.0,11690.0
2023-05-05,904.555419921875,18069.0,42661.19921875,2017.4000244140625,81.81,7.014,6.95,3.446000099182129,3.4189999103546143,3040.46,-839.45,148.4071,136.303904538932,-20.86285,6.75,4.5,3.83865932351819,5511.0,11690.0
2023-05-08,915.2409057617188,18264.400390625,43284.0,2026.300048828125,81.78,7.047,6.981,3.5209999084472656,3.5,3040.46,-839.45,148.4071,136.303904538932,-20.86285,6.75,4.5,3.83865932351819,5511.0,11690.0
2023-05-09,911.8255004882812,18265.94921875,43198.1484375,2036.199951171875,82.04,7.046,6.983,3.5209999084472656,3.494999885559082,3040.46,-839.45,148.4071,136.303904538932,-20.86285,6.75,4.5,3.83865932351819,5511.0,11690.0
2023-05-10,913.435546875,18315.099609375,43331.05078125,2030.5,81.94,7.036,6.989,3.438999891281128,3.372999906539917,3040.46,-839.45,148.4071,136.303904538932,-20.86285,6.75,4.5,3.83865932351819,5511.0,11690.0
2023-05-11,916.5094604492188,18297.0,43475.30078125,2014.699951171875,82.13,7.023,6.971,3.3970000743865967,3.3589999675750732,3040.46,-839.45,148.4071,136.303904538932,-20.86285,6.75,4.5,3.83865932351819,5511.0,11690.0
2023-05-12,921.095947265625,18314.80078125,43793.55078125,2014.5,82.17,6.995,6.951,3.4630000591278076,3.450999975204468,3040.46,-839.45,148.4071,136.303904538932,-20.86285,6.75,4.5,3.83865932351819,5511.0,11690.0
2023-05-15,922.9012451171876,18398.849609375,44072.1015625,2018.0,82.3,7.001,6.963,3.507999897003174,3.4690001010894775,3040.46,-839.45,148.4071,136.303904538932,-20.86285,6.75,4.5,3.83865932351819,5511.0,11690.0
2023-05-16,923.4866943359376,18286.5,43903.69921875,1988.4000244140625,82.26,6.963,6.922,3.549000024795532,3.5220000743865967,3040.46,-839.45,148.4071,136.303904538932,-20.86285,6.75,4.5,3.83865932351819,5511.0,11690.0
2023-05-17,916.6558837890624,18181.75,43698.69921875,1980.699951171875,82.39,6.972,6.906,3.5810000896453857,3.5920000076293945,3040.46,-839.45,148.4071,136.303904538932,-20.86285,6.75,4.5,3.83865932351819,5511.0,11690.0
2023-05-18,923.6331176757812,18129.94921875,43752.30078125,1956.5,82.77,6.983,6.918,3.6480000019073486,3.697999954223633,3040.46,-839.45,148.4071,136.303904538932,-20.86285,6.75,4.5,3.83865932351819,5511.0,11690.0
2023-05-19,931.2446899414062,18203.400390625,43969.3984375,1978.699951171875,82.65,7.004,6.946,3.691999912261963,3.747999906539917,3040.46,-839.45,148.4071,136.303904538932,-20.86285,6.75,4.5,3.83865932351819,5511.0,11690.0
2023-05-22,927.39013671875,18314.400390625,43885.1015625,1974.800048828125,82.83,6.985,6.871,3.7190001010894775,3.7669999599456783,3040.46,-839.45,148.4071,136.303904538932,-20.86285,6.75,4.5,3.83865932351819,5511.0,11690.0
2023-05-23,930.366455078125,18348.0,43954.44921875,1972.4000244140625,82.84,7.016,6.919,3.697999954223633,3.747999906539917,3040.46,-839.45,148.4071,136.303904538932,-20.86285,6.75,4.5,3.83865932351819,5511.0,11690.0
2023-05-24,917.9244384765624,18285.400390625,43677.8515625,1962.800048828125,82.66,6.99,6.916,3.7190001010894775,3.7820000648498535,3040.46,-839.45,148.4071,136.303904538932,-20.86285,6.75,4.5,3.83865932351819,5511.0,11690.0
2023-05-25,917.1437377929688,18321.150390625,43681.3984375,1943.0999755859375,82.76,7.007,6.937,3.813999891281128,3.8959999084472656,3040.46,-839.45,148.4071,136.303904538932,-20.86285,6.75,4.5,3.83865932351819,5511.0,11690.0
2023-05-26,927.7316284179688,18499.349609375,44018.0,1944.0999755859375,82.58,7.003,6.93,3.809999942779541,3.937999963760376,3040.46,-839.45,148.4071,136.303904538932,-20.86285,6.75,4.5,3.83865932351819,5511.0,11690.0
2023-05-29,925.2432861328124,18598.650390625,44311.8984375,1944.0999755859375,82.58,7.024,6.967,3.809999942779541,3.937999963760376,3040.46,-839.45,148.4071,136.303904538932,-20.86285,6.75,4.5,3.83865932351819,5511.0,11690.0
2023-05-30,926.9998168945312,18633.849609375,44436.3515625,1958.0,82.67,7.011,6.947,3.700000047683716,3.825999975204468,3040.46,-839.45,148.4071,136.303904538932,-20.86285,6.75,4.5,3.83865932351819,5511.0,11690.0
2023-05-31,926.2191162109376,18534.400390625,44128.1484375,1963.9000244140625,82.68,6.989,6.916,3.63700008392334,3.743000030517578,3040.46,-839.45,148.4071,136.303904538932,-20.86285,6.75,4.5,3.83865932351819,5511.0,11690.0
2023-06-01,913.484375,18487.75,43790.19921875,1978.0,82.41,6.979,6.906,3.6080000400543217,3.700999975204468,3040.46,-839.45,150.2801,136.303904538932,-19.53362,6.75,4.5,3.83865932351819,5511.0,11690.0
2023-06-02,915.48486328125,18534.099609375,43937.8515625,1952.4000244140625,82.35,6.984,6.893,3.690999984741211,3.8420000076293945,3040.46,-839.45,150.2801,136.303904538932,-19.53362,6.75,4.5,3.83865932351819,5511.0,11690.0
2023-06-05,923.8770751953124,18593.849609375,44101.6484375,1958.0,82.67,6.997,6.918,3.693000078201294,3.8299999237060542,3040.46,-839.45,150.2801,136.303904538932,-19.53362,6.75,4.5,3.83865932351819,5511.0,11690.0
2023-06-06,919.3394165039062,18599.0,44164.55078125,1965.5,82.61,6.977,6.908,3.6989998817443848,3.8559999465942383,3040.46,-839.45,150.2801,136.303904538932,-19.53362,6.75,4.5,3.83865932351819,5511.0,11690.0
2023-06-07,917.4853515625,18726.400390625,44275.30078125,1942.699951171875,82.5,6.982,6.92,3.7839999198913574,3.9189999103546143,3040.46,-839.45,150.2801,136.303904538932,-19.53362,6.75,4.5,3.83865932351819,5511.0,11690.0
2023-06-08,915.2409057617188,18634.55078125,43995.25,1963.5999755859375,82.57,7.021,6.972,3.71399998664856,3.8559999465942383,3040.46,-839.45,150.2801,136.303904538932,-19.53362,6.75,4.5,3.83865932351819,5511.0,11690.0
2023-06-09,915.3872680664062,18563.400390625,43989.0,1962.199951171875,82.46,7.039,6.976,3.744999885559082,3.9200000762939458,3040.46,-839.45,150.2801,136.303904538932,-19.53362,6.75,4.5,3.83865932351819,5511.0,11690.0
2023-06-12,913.3380126953124,18601.5,43944.19921875,1955.300048828125,82.43,7.016,6.948,3.765000104904175,3.9170000553131104,3040.46,-839.45,150.2801,136.303904538932,-19.53362,6.75,4.5,3.83865932351819,5511.0,11690.0
2023-06-13,920.75439453125,18716.150390625,44079.8515625,1944.5999755859375,82.38,7.002,6.94,3.83899998664856,4.020999908447266,3040.46,-839.45,150.2801,136.303904538932,-19.53362,6.75,4.5,3.83865932351819,5511.0,11690.0
2023-06-14,917.094970703125,18755.900390625,43988.0,1955.300048828125,82.1,7.011,6.961,3.7960000038146977,4.008999824523926,3040.46,-839.45,150.2801,136.303904538932,-19.53362,6.75,4.5,3.83865932351819,5511.0,11690.0
2023-06-15,904.2138671875,18688.099609375,43443.6015625,1957.800048828125,82.18,7.036,6.984,3.7279999256134033,3.924000024795532,3040.46,-839.45,150.2801,136.303904538932,-19.53362,6.75,4.5,3.83865932351819,5511.0,11690.0
2023-06-16,911.6303100585938,18826.0,43938.1484375,1958.4000244140625,81.89,7.034,6.968,3.7690000534057617,3.992000102996826,3040.46,-839.45,150.2801,136.303904538932,-19.53362,6.75,4.5,3.83865932351819,5511.0,11690.0
2023-06-19,900.8472900390624,18755.44921875,43633.75,1958.4000244140625,81.89,7.053,6.995,3.7690000534057617,3.992000102996826,3040.46,-839.45,150.2801,136.303904538932,-19.53362,6.75,4.5,3.83865932351819,5511.0,11690.0
2023-06-20,903.1892700195312,18816.69921875,43766.5,1935.5,82.11,7.059,6.994,3.7290000915527344,3.9600000381469727,3040.46,-839.45,150.2801,136.303904538932,-19.53362,6.75,4.5,3.83865932351819,5511.0,11690.0
2023-06-21,902.3598022460938,18856.849609375,43859.19921875,1933.300048828125,82.04,7.067,7.003,3.723000049591065,3.9549999237060542,3040.46,-839.45,150.2801,136.303904538932,-19.53362,6.75,4.5,3.83865932351819,5511.0,11690.0
2023-06-22,903.3844604492188,18771.25,43724.8515625,1912.699951171875,81.93,7.086,7.032,3.799000024795532,4.046000003814697,3040.46,-839.45,150.2801,136.303904538932,-19.53362,6.75,4.5,3.83865932351819,5511.0,11690.0
2023-06-23,901.1887817382812,18665.5,43622.8984375,1919.0999755859375,82.01,7.074,7.029,3.739000082015991,3.994999885559082,3040.46,-839.45,150.2801,136.303904538932,-19.53362,6.75,4.5,3.83865932351819,5511.0,11690.0
2023-06-26,905.0433349609376,18691.19921875,43641.05078125,1923.699951171875,82.0,7.066,7.02,3.7190001010894775,3.963000059127808,3040.46,-839.45,150.2801,136.303904538932,-19.53362,6.75,4.5,3.83865932351819,5511.0,11690.0
2023-06-27,913.484375,18817.400390625,44121.5,1914.0,81.98,7.063,7.014,3.76799988746643,4.033999919891357,3040.46,-839.45,150.2801,136.303904538932,-19.53362,6.75,4.5,3.83865932351819,5511.0,11690.0
2023-06-28,914.8017578125,18972.099609375,44327.80078125,1912.300048828125,82.0,7.056,7.016,3.7100000381469727,3.9719998836517334,3040.46,-839.45,150.2801,136.303904538932,-19.53362,6.75,4.5,3.83865932351819,5511.0,11690.0
2023-06-29,914.8017578125,18972.099609375,44327.80078125,1909.199951171875,82.05,7.056,7.016,3.8540000915527344,4.14300012588501,3040.46,-839.45,150.2801,136.303904538932,-19.53362,6.75,4.5,3.83865932351819,5511.0,11690.0
2023-06-30,912.0205688476562,19189.05078125,44747.3515625,1921.0999755859375,82.06,7.11,7.078,3.819000005722046,4.132999897003174,3040.46,-839.45,150.2801,136.303904538932,-19.53362,6.75,4.5,3.83865932351819,5511.0,11690.0
2023-07-03,919.7785034179688,19322.55078125,45158.1015625,1921.699951171875,81.96,7.117,7.085,3.8580000400543217,4.190999984741211,3040.46,-839.45,150.2801,136.303904538932,-19.53362,6.75,4.5,3.83865932351819,5511.0,11690.0
2023-07-04,921.8765869140624,19389.0,45301.44921875,1921.699951171875,81.96,7.119,7.09,3.8580000400543217,4.190999984741211,3040.46,-839.45,150.2801,136.303904538932,-19.53362,6.75,4.5,3.83865932351819,5511.0,11690.0
2023-07-05,934.8552856445312,19398.5,45151.80078125,1919.5999755859375,82.34,7.105,7.072,3.944999933242798,4.255000114440918,3040.46,-839.45,150.2801,136.303904538932,-19.53362,6.75,4.5,3.83865932351819,5511.0,11690.0
2023-07-06,936.2214965820312,19497.30078125,45339.8984375,1908.699951171875,82.49,7.147,7.107,4.040999889373779,4.366000175476074,3040.46,-839.45,150.2801,136.303904538932,-19.53362,6.75,4.5,3.83865932351819,5511.0,11690.0
2023-07-07,923.5355224609376,19331.80078125,44925.0,1926.199951171875,82.74,7.159,7.13,4.050000190734863,4.336999893188477,3040.46,-839.45,150.2801,136.303904538932,-19.53362,6.75,4.5,3.83865932351819,5511.0,11690.0
2023-07-10,925.4872436523438,19355.900390625,44860.8515625,1925.0,82.57,7.149,7.127,4.00600004196167,4.245999813079834,3040.46,-839.45,150.2801,136.303904538932,-19.53362,6.75,4.5,3.83865932351819,5511.0,11690.0
2023-07-11,922.1205444335938,19439.400390625,44745.05078125,1931.300048828125,82.39,7.095,7.077,3.9800000190734863,4.238999843597412,3040.46,-839.45,150.2801,136.303904538932,-19.53362,6.75,4.5,3.83865932351819,5511.0,11690.0
2023-07-12,921.5839233398438,19384.30078125,44639.44921875,1956.199951171875,82.03,7.118,7.107,3.861000061035156,4.070000171661377,3040.46,-839.45,150.2801,136.303904538932,-19.53362,6.75,4.5,3.83865932351819,5511.0,11690.0
2023-07-13,932.61083984375,19413.75,44665.05078125,1959.199951171875,82.04,7.071,7.055,3.760999917984009,3.934999942779541,3040.46,-839.45,150.2801,136.303904538932,-19.53362,6.75,4.5,3.83865932351819,5511.0,11690.0
2023-07-14,936.8557739257812,19564.5,44819.30078125,1960.0999755859375,82.16,7.089,7.068,3.819000005722046,4.031000137329102,3040.46,-839.45,150.2801,136.303904538932,-19.53362,6.75,4.5,3.83865932351819,5511.0,11690.0
2023-07-17,945.296875,19711.44921875,45449.75,1952.4000244140625,82.03,7.074,7.046,3.796999931335449,4.000999927520752,3040.46,-839.45,150.2801,136.303904538932,-19.53362,6.75,4.5,3.83865932351819,5511.0,11690.0
2023-07-18,951.8837280273438,19749.25,45410.8515625,1977.199951171875,82.03,7.058,7.02,3.7890000343322754,4.000999927520752,3040.46,-839.45,150.2801,136.303904538932,-19.53362,6.75,4.5,3.83865932351819,5511.0,11690.0
2023-07-19,949.9320068359376,19833.150390625,45669.30078125,1977.5,82.09,7.072,7.037,3.742000102996826,3.9719998836517334,3040.46,-839.45,150.2801,136.303904538932,-19.53362,6.75,4.5,3.83865932351819,5511.0,11690.0
2023-07-20,971.546875,19979.150390625,46186.8984375,1968.300048828125,81.99,7.083,7.059,3.8540000915527344,4.099999904632568,3040.46,-839.45,150.2801,136.303904538932,-19.53362,6.75,4.5,3.83865932351819,5511.0,11690.0
2023-07-21,972.9130249023438,19745.0,46075.19921875,1964.300048828125,81.99,7.087,7.076,3.836999893188477,4.0929999351501465,3040.46,-839.45,150.2801,136.303904538932,-19.53362,6.75,4.5,3.83865932351819,5511.0,11690.0
2023-07-24,968.0338134765624,19672.349609375,45923.05078125,1960.300048828125,81.81,7.071,7.057,3.85700011253357,4.126999855041504,3040.46,-839.45,150.2801,136.303904538932,-19.53362,6.75,4.5,3.83865932351819,5511.0,11690.0
2023-07-25,970.6686401367188,19680.599609375,45845.0,1962.0999755859375,81.87,7.1,7.097,3.911999940872192,4.192999839782715,3040.46,-839.45,150.2801,136.303904538932,-19.53362,6.75,4.5,3.83865932351819,5511.0,11690.0
2023-07-26,972.3764038085938,19778.30078125,46062.3515625,1968.9000244140625,81.99,7.096,7.082,3.8510000705718994,4.083000183105469,3040.46,-839.45,150.2801,136.303904538932,-19.53362,6.75,4.5,3.83865932351819,5511.0,11690.0
2023-07-27,966.326171875,19659.900390625,45679.30078125,1945.4000244140625,82.15,7.12,7.111,4.01200008392334,4.250999927520752,3040.46,-839.45,150.2801,136.303904538932,-19.53362,6.75,4.5,3.83865932351819,5511.0,11690.0
2023-07-28,972.1324462890624,19646.05078125,45468.1015625,1960.4000244140625,82.22,7.161,7.148,3.9690001010894775,4.195000171661377,3040.46,-839.45,150.2801,136.303904538932,-19.53362,6.75,4.5,3.83865932351819,5511.0,11690.0
2023-07-31,974.181640625,19753.80078125,45651.1015625,1970.5,82.24,7.172,7.156,3.9590001106262207,4.178999900817871,3040.46,-839.45,150.2801,136.303904538932,-19.53362,6.75,4.5,3.83865932351819,5511.0,11690.0
2023-08-01,970.5222778320312,19733.55078125,45592.5,1940.699951171875,82.25,7.156,7.13,4.051000118255615,4.249000072479248,3040.46,-839.45,153.365,136.303904538932,-21.70016,6.75,4.5,3.83865932351819,5511.0,11690.0
2023-08-02,963.1058959960938,19526.55078125,44995.69921875,1937.4000244140625,82.58,7.154,7.13,4.078000068664551,4.241000175476074,3040.46,-839.45,153.365,136.303904538932,-21.70016,6.75,4.5,3.83865932351819,5511.0,11690.0
2023-08-03,941.6862182617188,19381.650390625,44513.44921875,1932.0,82.74,7.194,7.175,4.189000129699707,4.301000118255615,3040.46,-839.45,153.365,136.303904538932,-21.70016,6.75,4.5,3.83865932351819,5511.0,11690.0
2023-08-04,947.0533447265624,19517.0,44879.5,1939.5999755859375,82.83,7.193,7.172,4.059999942779541,4.163000106811523,3040.46,-839.45,153.365,136.303904538932,-21.70016,6.75,4.5,3.83865932351819,5511.0,11690.0
2023-08-07,952.0789184570312,19597.30078125,44837.5,1933.5,82.75,7.197,7.177,4.078000068664551,4.151000022888184,3040.46,-839.45,153.365,136.303904538932,-21.70016,6.75,4.5,3.83865932351819,5511.0,11690.0
2023-08-08,956.2261962890624,19570.849609375,44964.44921875,1924.0999755859375,82.85,7.168,7.131,4.026000022888184,4.11299991607666,3040.46,-839.45,153.365,136.303904538932,-21.70016,6.75,4.5,3.83865932351819,5511.0,11690.0
2023-08-09,957.0133056640624,19632.55078125,44880.69921875,1915.4000244140625,82.84,7.178,7.15,4.01200008392334,4.127999782562256,3040.46,-839.45,153.365,136.303904538932,-21.70016,6.75,4.5,3.83865932351819,5511.0,11690.0
2023-08-10,948.552001953125,19543.099609375,44541.80078125,1914.4000244140625,82.69,7.154,7.139,4.079999923706055,4.202000141143799,3040.46,-839.45,153.365,136.303904538932,-21.70016,6.75,4.5,3.83865932351819,5511.0,11690.0
2023-08-11,937.4833984375,19428.30078125,44199.1015625,1912.9000244140625,82.87,7.198,7.185,4.168000221252441,4.308000087738037,3040.46,-839.45,153.365,136.303904538932,-21.70016,6.75,4.5,3.83865932351819,5511.0,11690.0
2023-08-14,944.0753173828124,19434.55078125,44090.94921875,1910.5999755859375,83.17,7.209,7.188,4.184000015258789,4.355999946594238,3040.46,-839.45,153.365,136.303904538932,-21.70016,6.75,4.5,3.83865932351819,5511.0,11690.0
2023-08-15,944.0753173828124,19434.55078125,44090.94921875,1902.5,82.94,7.209,7.188,4.2210001945495605,4.380000114440918,3040.46,-839.45,153.365,136.303904538932,-21.70016,6.75,4.5,3.83865932351819,5511.0,11690.0
2023-08-16,941.0745849609376,19465.0,43946.3984375,1896.0999755859375,83.19,7.209,7.188,4.257999897003174,4.4079999923706055,3040.46,-839.45,153.365,136.303904538932,-21.70016,6.75,4.5,3.83865932351819,5511.0,11690.0
2023-08-17,936.3027954101562,19365.25,43891.3515625,1884.0999755859375,83.09,7.25,7.245,4.308000087738037,4.439000129699707,3040.46,-839.45,153.365,136.303904538932,-21.70016,6.75,4.5,3.83865932351819,5511.0,11690.0
2023-08-18,935.3189086914062,19310.150390625,43851.05078125,1886.0999755859375,83.14,7.214,7.203,4.250999927520752,4.381999969482422,3040.46,-839.45,153.365,136.303904538932,-21.70016,6.75,4.5,3.83865932351819,5511.0,11690.0
2023-08-21,939.7955322265624,19393.599609375,44002.0,1893.300048828125,83.1,7.22,7.206,4.3420000076293945,4.459000110626221,3040.46,-839.45,153.365,136.303904538932,-21.70016,6.75,4.5,3.83865932351819,5511.0,11690.0
2023-08-22,936.6471557617188,19396.44921875,43993.25,1896.4000244140625,82.94,7.218,7.199,4.328000068664551,4.479000091552734,3040.46,-839.45,153.365,136.303904538932,-21.70016,6.75,4.5,3.83865932351819,5511.0,11690.0
2023-08-23,951.2576293945312,19444.0,44479.05078125,1918.5,82.69,7.194,7.176,4.197999954223633,4.361000061035156,3040.46,-839.45,153.365,136.303904538932,-21.70016,6.75,4.5,3.83865932351819,5511.0,11690.0
2023-08-24,953.3237915039062,19386.69921875,44496.19921875,1918.199951171875,82.57,7.193,7.169,4.235000133514404,4.4039998054504395,3040.46,-839.45,153.365,136.303904538932,-21.70016,6.75,4.5,3.83865932351819,5511.0,11690.0
2023-08-25,954.7504272460938,19265.80078125,44231.44921875,1911.0999755859375,82.64,7.206,7.196,4.238999843597412,4.433000087738037,3040.46,-839.45,153.365,136.303904538932,-21.70016,6.75,4.5,3.83865932351819,5511.0,11690.0
2023-08-28,954.89794921875,19306.05078125,44494.6484375,1917.9000244140625,82.6,7.178,7.177,4.211999893188477,4.4120001792907715,3040.46,-839.45,153.365,136.303904538932,-21.70016,6.75,4.5,3.83865932351819,5511.0,11690.0
2023-08-29,952.1431274414062,19342.650390625,44495.25,1936.5,82.7,7.18,7.18,4.122000217437744,4.2769999504089355,3040.46,-839.45,153.365,136.303904538932,-21.70016,6.75,4.5,3.83865932351819,5511.0,11690.0
2023-08-30,943.4359130859376,19347.44921875,44232.6015625,1944.300048828125,82.73,7.185,7.182,4.118000030517578,4.2729997634887695,3040.46,-839.45,153.365,136.303904538932,-21.70016,6.75,4.5,3.83865932351819,5511.0,11690.0
2023-08-31,943.2882690429688,19253.80078125,43989.1484375,1938.199951171875,82.78,7.166,7.156,4.0929999351501465,4.24399995803833,3040.46,-839.45,153.365,136.303904538932,-21.70016,6.75,4.5,3.83865932351819,5511.0,11690.0
2023-09-01,953.077880859375,19435.30078125,44436.1015625,1939.800048828125,82.69,7.175,7.164,4.172999858856201,4.290999889373779,3040.46,-839.45,151.492,136.303904538932,-19.16584,6.75,4.5,3.83865932351819,5511.0,11690.0
2023-09-04,951.7495727539062,19528.80078125,44578.30078125,1939.800048828125,82.69,7.204,7.182,4.172999858856201,4.290999889373779,3040.46,-839.45,151.492,136.303904538932,-19.16584,6.75,4.5,3.83865932351819,5511.0,11690.0
2023-09-05,952.7826538085938,19574.900390625,44532.1484375,1926.199951171875,83.03,7.206,7.187,4.26800012588501,4.383999824523926,3040.46,-839.45,151.492,136.303904538932,-19.16584,6.75,4.5,3.83865932351819,5511.0,11690.0
2023-09-06,942.0584716796876,19611.05078125,44409.1015625,1918.0999755859375,83.14,7.21,7.188,4.289999961853027,4.438000202178955,3040.46,-839.45,151.492,136.303904538932,-19.16584,6.75,4.5,3.83865932351819,5511.0,11690.0
2023-09-07,950.0770263671876,19727.05078125,44878.3515625,1917.5,83.21,7.173,7.176,4.260000228881836,4.380000114440918,3040.46,-839.45,151.492,136.303904538932,-19.16584,6.75,4.5,3.83865932351819,5511.0,11690.0
2023-09-08,954.89794921875,19819.94921875,45156.3984375,1918.4000244140625,82.93,7.199,7.204,4.257999897003174,4.395999908447266,3040.46,-839.45,151.492,136.303904538932,-19.16584,6.75,4.5,3.83865932351819,5511.0,11690.0
2023-09-11,962.4737548828124,19996.349609375,45570.69921875,1923.300048828125,83.03,7.209,7.241,4.288000106811523,4.414000034332275,3040.46,-839.45,151.492,136.303904538932,-19.16584,6.75,4.5,3.83865932351819,5511.0,11690.0
2023-09-12,974.5262451171876,19993.19921875,45511.3515625,1911.300048828125,82.86,7.203,7.239,4.263999938964844,4.409999847412109,3040.46,-839.45,151.492,136.303904538932,-19.16584,6.75,4.5,3.83865932351819,5511.0,11690.0
2023-09-13,973.8374633789062,20070.0,45909.44921875,1909.0999755859375,82.93,7.172,7.158,4.249000072479248,4.390999794006348,3040.46,-839.45,151.492,136.303904538932,-19.16584,6.75,4.5,3.83865932351819,5511.0,11690.0
2023-09-14,971.7714233398438,20103.099609375,46000.8515625,1910.0,83.02,7.101,7.109,4.288000106811523,4.419000148773193,3040.46,-839.45,151.492,136.303904538932,-19.16584,6.75,4.5,3.83865932351819,5511.0,11690.0
2023-09-15,976.44482421875,20192.349609375,46231.5,1923.699951171875,83.15,7.158,7.168,4.322000026702881,4.453000068664551,3040.46,-839.45,151.492,136.303904538932,-19.16584,6.75,4.5,3.83865932351819,5511.0,11690.0
2023-09-18,974.2310791015624,20133.30078125,45979.8515625,1931.5,83.27,7.149,7.167,4.318999767303467,4.461999893188477,3040.46,-839.45,151.492,136.303904538932,-19.16584,6.75,4.5,3.83865932351819,5511.0,11690.0
2023-09-19,974.2310791015624,20133.30078125,45979.8515625,1932.0,83.27,7.149,7.167,4.364999771118164,4.520999908447266,3040.46,-839.45,151.492,136.303904538932,-19.16584,6.75,4.5,3.83865932351819,5511.0,11690.0
2023-09-20,971.2302856445312,19901.400390625,45384.6015625,1945.5999755859375,83.07,7.153,7.156,4.348999977111816,4.514999866485596,3040.46,-839.45,151.492,136.303904538932,-19.16584,6.75,4.5,3.83865932351819,5511.0,11690.0
2023-09-21,943.8294067382812,19742.349609375,44623.8515625,1919.199951171875,83.11,7.136,7.139,4.480000019073486,4.616000175476074,3040.46,-839.45,151.492,136.303904538932,-19.16584,6.75,4.5,3.83865932351819,5511.0,11690.0
2023-09-22,934.9745483398438,19674.25,44612.05078125,1925.4000244140625,82.95,7.15,7.182,4.438000202178955,4.568999767303467,3040.46,-839.45,151.492,136.303904538932,-19.16584,6.75,4.5,3.83865932351819,5511.0,11690.0
2023-09-25,940.9269409179688,19674.55078125,44766.1015625,1916.5999755859375,83.11,7.15,7.181,4.541999816894531,4.619999885559082,3040.46,-839.45,151.492,136.303904538932,-19.16584,6.75,4.5,3.83865932351819,5511.0,11690.0
2023-09-26,933.400390625,19664.69921875,44624.19921875,1900.4000244140625,83.24,7.146,7.171,4.558000087738037,4.625,3040.46,-839.45,151.492,136.303904538932,-19.16584,6.75,4.5,3.83865932351819,5511.0,11690.0
2023-09-27,927.890625,19716.44921875,44588.30078125,1871.5999755859375,83.18,7.173,7.182,4.625999927520752,4.703000068664551,3040.46,-839.45,151.492,136.303904538932,-19.16584,6.75,4.5,3.83865932351819,5511.0,11690.0
2023-09-28,927.3987426757812,19523.55078125,44300.94921875,1860.4000244140625,83.13,7.238,7.254,4.5970001220703125,4.64300012588501,3040.46,-839.45,151.492,136.303904538932,-19.16584,6.75,4.5,3.83865932351819,5511.0,11690.0
2023-09-29,936.5487670898438,19638.30078125,44584.55078125,1848.0999755859375,83.08,7.21,7.233,4.572999954223633,4.605999946594238,3040.46,-839.45,151.492,136.303904538932,-19.16584,6.75,4.5,3.83865932351819,5511.0,11690.0
2023-10-02,936.5487670898438,19638.30078125,44584.55078125,1830.0,83.04,7.21,7.233,4.683000087738037,4.7170000076293945,3040.46,-839.45,151.492,136.303904538932,-19.16584,6.75,4.5,3.83865932351819,5511.0,11690.0
2023-10-03,925.1358032226562,19528.75,44399.05078125,1824.5999755859375,83.22,7.235,7.249,4.802000045776367,4.801000118255615,3040.46,-839.45,151.492,136.303904538932,-19.16584,6.75,4.5,3.83865932351819,5511.0,11690.0
2023-10-04,915.0510864257812,19436.099609375,43964.05078125,1818.5,83.25,7.238,7.262,4.735000133514404,4.718999862670898,3040.46,-839.45,151.492,136.303904538932,-19.16584,6.75,4.5,3.83865932351819,5511.0,11690.0
2023-10-05,925.6768798828124,19545.75,44213.3515625,1816.5999755859375,83.24,7.214,7.246,4.7170000076293945,4.683000087738037,3040.46,-839.45,151.492,136.303904538932,-19.16584,6.75,4.5,3.83865932351819,5511.0,11690.0
2023-10-06,929.9568481445312,19653.5,44360.6015625,1830.199951171875,83.25,7.339,7.394,4.783999919891357,4.748000144958496,3040.46,-839.45,151.492,136.303904538932,-19.16584,6.75,4.5,3.83865932351819,5511.0,11690.0
2023-10-09,923.4632568359376,19512.349609375,43886.5,1849.5,83.25,7.386,7.437,4.796999931335449,4.755000114440918,3040.46,-839.45,151.492,136.303904538932,-19.16584,6.75,4.5,3.83865932351819,5511.0,11690.0
2023-10-10,935.8600463867188,19689.849609375,44360.1484375,1861.0,83.25,7.351,7.397,4.65500020980835,4.61899995803833,3040.46,-839.45,151.492,136.303904538932,-19.16584,6.75,4.5,3.83865932351819,5511.0,11690.0
2023-10-11,937.7293701171876,19811.349609375,44516.8984375,1872.800048828125,83.18,7.307,7.351,4.59499979019165,4.605000019073486,3040.46,-839.45,151.492,136.303904538932,-19.16584,6.75,4.5,3.83865932351819,5511.0,11690.0
2023-10-12,938.86083984375,19794.0,44599.19921875,1869.300048828125,83.28,7.302,7.323,4.711999893188477,4.701000213623047,3040.46,-839.45,151.492,136.303904538932,-19.16584,6.75,4.5,3.83865932351819,5511.0,11690.0
2023-10-13,935.9583740234376,19751.05078125,44287.94921875,1927.4000244140625,83.26,7.32,7.331,4.629000186920166,4.644000053405762,3040.46,-839.45,151.492,136.303904538932,-19.16584,6.75,4.5,3.83865932351819,5511.0,11690.0
2023-10-16,936.0568237304688,19731.75,44225.8984375,1921.0999755859375,83.28,7.333,7.339,4.711999893188477,4.7170000076293945,3040.46,-839.45,151.492,136.303904538932,-19.16584,6.75,4.5,3.83865932351819,5511.0,11690.0
2023-10-17,938.5164794921876,19811.5,44409.5,1922.699951171875,83.22,7.328,7.33,4.8470001220703125,4.872000217437744,3040.46,-839.45,151.492,136.303904538932,-19.16584,6.75,4.5,3.83865932351819,5511.0,11690.0
2023-10-18,928.5302124023438,19671.099609375,43888.69921875,1955.300048828125,83.25,7.353,7.358,4.9039998054504395,4.925000190734863,3040.46,-839.45,151.492,136.303904538932,-19.16584,6.75,4.5,3.83865932351819,5511.0,11690.0
2023-10-19,920.6591796875,19624.69921875,43754.5,1968.4000244140625,83.1,7.369,7.378,4.98799991607666,4.960999965667725,3040.46,-839.45,151.492,136.303904538932,-19.16584,6.75,4.5,3.83865932351819,5511.0,11690.0
2023-10-20,917.7075805664062,19542.650390625,43723.05078125,1982.5,83.14,7.365,7.365,4.923999786376953,4.861999988555908,3040.46,-839.45,151.492,136.303904538932,-19.16584,6.75,4.5,3.83865932351819,5511.0,11690.0
2023-10-23,914.9527587890624,19281.75,43151.19921875,1976.300048828125,83.19,7.382,7.365,4.8379998207092285,4.793000221252441,3040.46,-839.45,151.492,136.303904538932,-19.16584,6.75,4.5,3.83865932351819,5511.0,11690.0
2023-10-24,914.9527587890624,19281.75,43151.19921875,1975.0,83.19,7.382,7.365,4.840000152587891,4.823999881744385,3040.46,-839.45,151.492,136.303904538932,-19.16584,6.75,4.5,3.83865932351819,5511.0,11690.0
2023-10-25,901.3260498046876,19122.150390625,42832.0,1984.0999755859375,83.18,7.343,7.335,4.953000068664551,4.918000221252441,3040.46,-839.45,151.492,136.303904538932,-19.16584,6.75,4.5,3.83865932351819,5511.0,11690.0
2023-10-26,893.9962768554688,18857.25,42280.1484375,1987.199951171875,83.24,7.366,7.358,4.84499979019165,4.796999931335449,3040.46,-839.45,151.492,136.303904538932,-19.16584,6.75,4.5,3.83865932351819,5511.0,11690.0
2023-10-27,898.0301513671875,19047.25,42782.0,1988.5999755859375,83.27,7.351,7.347,4.84499979019165,4.769999980926514,3040.46,-839.45,151.492,136.303904538932,-19.16584,6.75,4.5,3.83865932351819,5511.0,11690.0
2023-10-30,909.9841918945312,19140.900390625,43039.1484375,1996.199951171875,83.25,7.369,7.361,4.875,4.803999900817871,3040.46,-839.45,151.492,136.303904538932,-19.16584,6.75,4.5,3.83865932351819,5511.0,11690.0
2023-10-31,900.588134765625,19079.599609375,42845.94921875,1985.199951171875,83.26,7.351,7.348,4.875,4.815999984741211,3040.46,-839.45,151.492,136.303904538932,-19.16584,6.75,4.5,3.83865932351819,5511.0,11690.0
2023-11-01,899.30908203125,18989.150390625,42700.94921875,1978.800048828125,83.24,7.358,7.377,4.789000034332275,4.704999923706055,3040.46,-839.45,153.2548,136.303904538932,-18.53802,6.75,4.5,3.83865932351819,5511.0,11690.0
2023-11-02,905.114013671875,19133.25,43017.19921875,1985.5999755859375,83.22,7.322,7.35,4.669000148773193,4.636000156402588,3040.46,-839.45,153.2548,136.303904538932,-18.53802,6.75,4.5,3.83865932351819,5511.0,11690.0
2023-11-03,918.7406616210938,19230.599609375,43318.25,1991.5,83.14,7.317,7.336,4.558000087738037,4.48799991607666,3040.46,-839.45,153.2548,136.303904538932,-18.53802,6.75,4.5,3.83865932351819,5511.0,11690.0
2023-11-06,930.2027587890624,19411.75,43619.3984375,1981.5999755859375,83.19,7.305,7.325,4.6620001792907715,4.609000205993652,3040.46,-839.45,153.2548,136.303904538932,-18.53802,6.75,4.5,3.83865932351819,5511.0,11690.0
2023-11-07,932.8099975585938,19406.69921875,43737.8984375,1966.800048828125,83.22,7.28,7.314,4.571000099182129,4.538000106811523,3040.46,-839.45,153.2548,136.303904538932,-18.53802,6.75,4.5,3.83865932351819,5511.0,11690.0
2023-11-08,920.6591796875,19443.5,43658.6484375,1951.5,83.28,7.266,7.291,4.5229997634887695,4.521999835968018,3040.46,-839.45,153.2548,136.303904538932,-18.53802,6.75,4.5,3.83865932351819,5511.0,11690.0
2023-11-09,922.2333374023438,19395.30078125,43683.6015625,1964.199951171875,83.25,7.269,7.293,4.630000114440918,4.639999866485596,3040.46,-839.45,153.2548,136.303904538932,-18.53802,6.75,4.5,3.83865932351819,5511.0,11690.0
2023-11-10,923.4632568359376,19425.349609375,43820.1015625,1932.5999755859375,83.25,7.3,7.322,4.627999782562256,4.665999889373779,3040.46,-839.45,153.2548,136.303904538932,-18.53802,6.75,4.5,3.83865932351819,5511.0,11690.0
2023-11-13,919.3801879882812,19443.55078125,43891.25,1945.5,83.32,7.283,7.306,4.631999969482422,4.663000106811523,3040.46,-839.45,153.2548,136.303904538932,-18.53802,6.75,4.5,3.83865932351819,5511.0,11690.0
2023-11-14,919.3801879882812,19443.55078125,43891.25,1961.800048828125,83.32,7.283,7.306,4.440999984741211,4.421000003814697,3040.46,-839.45,153.2548,136.303904538932,-18.53802,6.75,4.5,3.83865932351819,5511.0,11690.0
2023-11-15,925.9229125976562,19675.44921875,44201.69921875,1960.0999755859375,83.11,7.225,7.254,4.534999847412109,4.526000022888184,3040.46,-839.45,153.2548,136.303904538932,-18.53802,6.75,4.5,3.83865932351819,5511.0,11690.0
2023-11-16,920.9051513671876,19765.19921875,44161.55078125,1983.9000244140625,83.22,7.232,7.261,4.445000171661377,4.427999973297119,3040.46,-839.45,153.2548,136.303904538932,-18.53802,6.75,4.5,3.83865932351819,5511.0,11690.0
2023-11-17,906.9833374023438,19731.80078125,43583.94921875,1981.5999755859375,83.25,7.212,7.245,4.440999984741211,4.454999923706055,3040.46,-839.45,153.2548,136.303904538932,-18.53802,6.75,4.5,3.83865932351819,5511.0,11690.0
2023-11-20,906.58984375,19694.0,43584.94921875,1977.699951171875,83.33,7.252,7.266,4.421999931335449,4.440999984741211,3040.46,-839.45,153.2548,136.303904538932,-18.53802,6.75,4.5,3.83865932351819,5511.0,11690.0
2023-11-21,911.164794921875,19783.400390625,43689.1484375,1999.300048828125,83.26,7.269,7.296,4.418000221252441,4.419000148773193,3040.46,-839.45,153.2548,136.303904538932,-18.53802,6.75,4.5,3.83865932351819,5511.0,11690.0
2023-11-22,907.8688354492188,19811.849609375,43449.6015625,1991.4000244140625,83.29,7.247,7.281,4.415999889373779,4.440000057220459,3040.46,-839.45,153.2548,136.303904538932,-18.53802,6.75,4.5,3.83865932351819,5511.0,11690.0
2023-11-23,908.1148071289062,19802.0,43577.5,1991.4000244140625,83.29,7.253,7.276,4.415999889373779,4.440000057220459,3040.46,-839.45,153.2548,136.303904538932,-18.53802,6.75,4.5,3.83865932351819,5511.0,11690.0
2023-11-24,914.41162109375,19794.69921875,43769.1015625,2002.199951171875,83.34,7.272,7.302,4.4720001220703125,4.492000102996826,3040.46,-839.45,153.2548,136.303904538932,-18.53802,6.75,4.5,3.83865932351819,5511.0,11690.0
2023-11-27,914.41162109375,19794.69921875,43769.1015625,2011.800048828125,83.34,7.272,7.302,4.388999938964844,4.413000106811523,3040.46,-839.45,153.2548,136.303904538932,-18.53802,6.75,4.5,3.83865932351819,5511.0,11690.0
2023-11-28,910.5745239257812,19889.69921875,43880.94921875,2039.699951171875,83.33,7.273,7.284,4.335999965667725,4.285999774932861,3040.46,-839.45,153.2548,136.303904538932,-18.53802,6.75,4.5,3.83865932351819,5511.0,11690.0
2023-11-29,924.4470825195312,20096.599609375,44566.44921875,2047.0999755859375,83.31,7.252,7.267,4.270999908447266,4.218999862670898,3040.46,-839.45,153.2548,136.303904538932,-18.53802,6.75,4.5,3.83865932351819,5511.0,11690.0
2023-11-30,919.8721313476562,20133.150390625,44481.75,2038.0999755859375,83.36,7.279,7.289,4.3520002365112305,4.297999858856201,3040.46,-839.45,153.2548,136.303904538932,-18.53802,6.75,4.5,3.83865932351819,5511.0,11690.0
2023-12-01,931.4326171875,20267.900390625,44814.19921875,2071.0,83.27,7.29,7.267,4.22599983215332,4.156000137329102,3040.46,-839.45,152.9243,136.303904538932,-18.88644,6.75,4.5,3.83865932351819,5511.0,11690.0
2023-12-04,975.2149658203124,20686.80078125,46431.3984375,2024.0999755859375,83.4,7.271,7.246,4.288000106811523,4.23799991607666,3040.46,-839.45,152.9243,136.303904538932,-18.88644,6.75,4.5,3.83865932351819,5511.0,11690.0
2023-12-05,997.106201171875,20855.099609375,47012.25,2018.5,83.33,7.262,7.233,4.171000003814697,4.13700008392334,3040.46,-839.45,152.9243,136.303904538932,-18.88644,6.75,4.5,3.83865932351819,5511.0,11690.0
2023-12-06,987.0706176757812,20937.69921875,46834.55078125,2030.5,83.32,7.248,7.22,4.120999813079834,4.120999813079834,3040.46,-839.45,152.9243,136.303904538932,-18.88644,6.75,4.5,3.83865932351819,5511.0,11690.0
2023-12-07,982.88916015625,20901.150390625,46841.3984375,2029.9000244140625,83.32,7.236,7.212,4.129000186920166,4.110000133514404,3040.46,-839.45,152.9243,136.303904538932,-18.88644,6.75,4.5,3.83865932351819,5511.0,11690.0
2023-12-08,994.5480346679688,20969.400390625,47262.0,1998.300048828125,83.38,7.266,7.24,4.244999885559082,4.255000114440918,3040.46,-839.45,152.9243,136.303904538932,-18.88644,6.75,4.5,3.83865932351819,5511.0,11690.0
2023-12-11,1000.697265625,20997.099609375,47314.25,1978.0,83.38,7.281,7.246,4.238999843597412,4.250999927520752,3040.46,-839.45,152.9243,136.303904538932,-18.88644,6.75,4.5,3.83865932351819,5511.0,11690.0
2023-12-12,999.31982421875,20906.400390625,47097.55078125,1977.800048828125,83.37,7.275,7.243,4.205999851226807,4.2270002365112305,3040.46,-839.45,152.9243,136.303904538932,-18.88644,6.75,4.5,3.83865932351819,5511.0,11690.0
2023-12-13,997.5488891601562,20926.349609375,47092.25,1982.300048828125,83.4,7.259,7.22,4.0329999923706055,4.002999782562256,3040.46,-839.45,152.9243,136.303904538932,-18.88644,6.75,4.5,3.83865932351819,5511.0,11690.0
2023-12-14,1016.9803466796876,21182.69921875,47732.30078125,2030.199951171875,83.28,7.194,7.123,3.930000066757202,3.910000085830689,3040.46,-839.45,152.9243,136.303904538932,-18.88644,6.75,4.5,3.83865932351819,5511.0,11690.0
2023-12-15,1020.669921875,21456.650390625,48143.55078125,2021.0999755859375,83.02,7.163,7.063,3.927999973297119,3.930000066757202,3040.46,-839.45,152.9243,136.303904538932,-18.88644,6.75,4.5,3.83865932351819,5511.0,11690.0
2023-12-18,1004.9771118164062,21418.650390625,47867.69921875,2026.300048828125,83.04,7.153,7.069,3.9539999961853023,3.947999954223633,3040.46,-839.45,152.9243,136.303904538932,-18.88644,6.75,4.5,3.83865932351819,5511.0,11690.0
2023-12-19,999.0739135742188,21453.099609375,47870.8984375,2038.4000244140625,83.18,7.171,7.091,3.921999931335449,3.933000087738037,3040.46,-839.45,152.9243,136.303904538932,-18.88644,6.75,4.5,3.83865932351819,5511.0,11690.0
2023-12-20,990.4158325195312,21150.150390625,47445.30078125,2034.5,83.14,7.171,7.083,3.877000093460083,3.874000072479248,3040.46,-839.45,152.9243,136.303904538932,-18.88644,6.75,4.5,3.83865932351819,5511.0,11690.0
2023-12-21,988.2020874023438,21255.05078125,47840.1484375,2039.0999755859375,83.27,7.184,7.087,3.8940000534057617,3.881999969482422,3040.46,-839.45,152.9243,136.303904538932,-18.88644,6.75,4.5,3.83865932351819,5511.0,11690.0
2023-12-22,978.2649536132812,21349.400390625,47491.8515625,2057.10009765625,83.12,7.188,7.082,3.901000022888184,3.878999948501587,3040.46,-839.45,152.9243,136.303904538932,-18.88644,6.75,4.5,3.83865932351819,5511.0,11690.0
2023-12-25,978.2649536132812,21349.400390625,47491.8515625,2057.10009765625,83.12,7.188,7.082,3.901000022888184,3.878999948501587,3040.46,-839.45,152.9243,136.303904538932,-18.88644,6.75,4.5,3.83865932351819,5511.0,11690.0
2023-12-26,979.0520629882812,21441.349609375,47724.8515625,2058.199951171875,83.17,7.183,7.081,3.885999917984009,3.875,3040.46,-839.45,152.9243,136.303904538932,-18.88644,6.75,4.5,3.83865932351819,5511.0,11690.0
2023-12-27,986.0867919921876,21654.75,48282.19921875,2081.89990234375,83.35,7.205,7.103,3.7890000343322754,3.7950000762939458,3040.46,-839.45,152.9243,136.303904538932,-18.88644,6.75,4.5,3.83865932351819,5511.0,11690.0
2023-12-28,989.6779174804688,21778.69921875,48508.55078125,2073.89990234375,83.15,7.207,7.099,3.849999904632568,3.8469998836517334,3040.46,-839.45,152.9243,136.303904538932,-18.88644,6.75,4.5,3.83865932351819,5511.0,11690.0
2023-12-29,980.52783203125,21731.400390625,48292.25,2062.39990234375,83.19,7.176,7.065,3.865999937057495,3.839999914169311,3040.46,-839.45,152.9243,136.303904538932,-18.88644,6.75,4.5,3.83865932351819,5511.0,11690.0
2024-01-01,983.28271484375,21741.900390625,48234.30078125,2062.39990234375,83.19,7.196,7.07,3.865999937057495,3.839999914169311,3040.46,-839.45,153.0345,136.303904538932,-16.62766,6.75,4.5,7.510228593970392,9122.0,17667.0
2024-01-02,966.4093017578124,21665.80078125,47761.6484375,2064.39990234375,83.31,7.206,7.078,3.946000099182129,3.9260001182556152,3040.46,-839.45,153.0345,136.303904538932,-16.62766,6.75,4.5,7.510228593970392,9122.0,17667.0
2024-01-03,968.1802368164062,21517.349609375,47704.94921875,2034.199951171875,83.3,7.216,7.07,3.9070000648498535,3.8910000324249263,3040.46,-839.45,153.0345,136.303904538932,-16.62766,6.75,4.5,7.510228593970392,9122.0,17667.0
2024-01-04,971.2302856445312,21658.599609375,48195.8515625,2042.300048828125,83.21,7.22,7.087,3.990999937057495,3.973000049591065,3040.46,-839.45,153.0345,136.303904538932,-16.62766,6.75,4.5,7.510228593970392,9122.0,17667.0
2024-01-05,977.6746215820312,21710.80078125,48159.0,2042.4000244140625,83.16,7.235,7.103,4.041999816894531,4.007999897003174,3040.46,-839.45,153.0345,136.303904538932,-16.62766,6.75,4.5,7.510228593970392,9122.0,17667.0
2024-01-08,966.163330078125,21513.0,47450.25,2026.5999755859375,83.13,7.203,7.072,4.001999855041504,3.9560000896453857,3040.46,-839.45,153.0345,136.303904538932,-16.62766,6.75,4.5,7.510228593970392,9122.0,17667.0
2024-01-09,963.9495849609376,21544.849609375,47242.6484375,2026.4000244140625,83.09,7.189,7.069,4.019000053405762,3.9790000915527344,3040.46,-839.45,153.0345,136.303904538932,-16.62766,6.75,4.5,7.510228593970392,9122.0,17667.0
2024-01-10,977.0350952148438,21618.69921875,47360.8515625,2021.699951171875,83.01,7.178,7.056,4.03000020980835,3.9809999465942383,3040.46,-839.45,153.0345,136.303904538932,-16.62766,6.75,4.5,7.510228593970392,9122.0,17667.0
2024-01-11,975.165771484375,21647.19921875,47438.3515625,2014.300048828125,83.03,7.165,7.055,3.9769999980926514,3.89299988746643,3040.46,-839.45,153.0345,136.303904538932,-16.62766,6.75,4.5,7.510228593970392,9122.0,17667.0
2024-01-12,987.3165893554688,21894.55078125,47709.80078125,2046.699951171875,82.92,7.178,7.058,3.950000047683716,3.8320000171661377,3040.46,-839.45,153.0345,136.303904538932,-16.62766,6.75,4.5,7.510228593970392,9122.0,17667.0
2024-01-15,993.5641479492188,22097.44921875,48158.30078125,2046.699951171875,82.92,7.148,7.023,3.950000047683716,3.8320000171661377,3040.46,-839.45,153.0345,136.303904538932,-16.62766,6.75,4.5,7.510228593970392,9122.0,17667.0
2024-01-16,992.777099609375,22032.30078125,48125.1015625,2026.0,83.05,7.146,7.021,4.065999984741211,3.944000005722046,3040.46,-839.45,153.0345,136.303904538932,-16.62766,6.75,4.5,7.510228593970392,9122.0,17667.0
2024-01-17,965.9173583984376,21571.94921875,46064.44921875,2002.5999755859375,83.14,7.163,7.039,4.105999946594238,4.025000095367432,3040.46,-839.45,153.0345,136.303904538932,-16.62766,6.75,4.5,7.510228593970392,9122.0,17667.0
2024-01-18,970.443115234375,21462.25,45713.55078125,2018.5999755859375,83.15,7.178,7.05,4.144000053405762,4.048999786376953,3040.46,-839.45,153.0345,136.303904538932,-16.62766,6.75,4.5,7.510228593970392,9122.0,17667.0
2024-01-19,983.0859375,21622.400390625,45701.1484375,2026.5,83.09,7.184,7.06,4.145999908447266,4.072000026702881,3040.46,-839.45,153.0345,136.303904538932,-16.62766,6.75,4.5,7.510228593970392,9122.0,17667.0
2024-01-22,983.0859375,21622.400390625,45701.1484375,2019.800048828125,83.08,7.184,7.06,4.093999862670898,4.017000198364258,3040.46,-839.45,153.0345,136.303904538932,-16.62766,6.75,4.5,7.510228593970392,9122.0,17667.0
2024-01-23,1012.45458984375,21238.80078125,45015.05078125,2023.699951171875,83.15,7.174,7.046,4.142000198364258,4.051000118255615,3040.46,-839.45,153.0345,136.303904538932,-16.62766,6.75,4.5,7.510228593970392,9122.0,17667.0
2024-01-24,983.0859375,21453.94921875,45082.3984375,2013.9000244140625,83.09,7.181,7.049,4.177999973297119,4.083000183105469,3040.46,-839.45,153.0345,136.303904538932,-16.62766,6.75,4.5,7.510228593970392,9122.0,17667.0
2024-01-25,993.66259765625,21352.599609375,44866.1484375,2016.9000244140625,83.08,7.171,7.041,4.131999969482422,4.017000198364258,3040.46,-839.45,153.0345,136.303904538932,-16.62766,6.75,4.5,7.510228593970392,9122.0,17667.0
2024-01-26,993.66259765625,21352.599609375,44866.1484375,2016.800048828125,83.11,7.171,7.041,4.159999847412109,4.060999870300293,3040.46,-839.45,153.0345,136.303904538932,-16.62766,6.75,4.5,7.510228593970392,9122.0,17667.0
2024-01-29,1000.008544921875,21737.599609375,45442.3515625,2025.199951171875,83.12,7.171,7.043,4.091000080108643,3.993000030517578,3040.46,-839.45,153.0345,136.303904538932,-16.62766,6.75,4.5,7.510228593970392,9122.0,17667.0
2024-01-30,1000.5005493164062,21522.099609375,45367.75,2031.5,83.11,7.155,7.029,4.059000015258789,3.996999979019165,3040.46,-839.45,153.0345,136.303904538932,-16.62766,6.75,4.5,7.510228593970392,9122.0,17667.0
2024-01-31,1011.569091796875,21725.69921875,45996.80078125,2048.39990234375,83.02,7.144,7.028,3.9670000076293945,3.881999969482422,3040.46,-839.45,153.0345,136.303904538932,-16.62766,6.75,4.5,7.510228593970392,9122.0,17667.0
2024-02-01,1008.6174926757812,21697.44921875,46188.6484375,2053.0,82.95,7.064,6.991,3.86299991607666,3.799000024795532,3040.46,-839.45,153.365,136.303904538932,-21.50607,6.75,4.5,7.510228593970392,9122.0,17667.0
2024-02-02,1007.4859619140624,21853.80078125,45970.94921875,2036.0999755859375,82.92,7.05,6.968,4.0329999923706055,3.993000030517578,3040.46,-839.45,153.365,136.303904538932,-21.50607,6.75,4.5,7.510228593970392,9122.0,17667.0
2024-02-05,1006.9940795898438,21771.69921875,45825.55078125,2025.699951171875,83.04,7.091,7.016,4.164000034332275,4.120999813079834,3040.46,-839.45,153.365,136.303904538932,-21.50607,6.75,4.5,7.510228593970392,9122.0,17667.0
2024-02-06,1009.8472900390624,21929.400390625,45690.80078125,2034.5,83.03,7.092,7.014,4.090000152587891,4.041999816894531,3040.46,-839.45,153.365,136.303904538932,-21.50607,6.75,4.5,7.510228593970392,9122.0,17667.0
2024-02-07,1005.6658325195312,21930.5,45818.5,2035.199951171875,82.97,7.074,7.005,4.110000133514404,4.060999870300293,3040.46,-839.45,153.365,136.303904538932,-21.50607,6.75,4.5,7.510228593970392,9122.0,17667.0
2024-02-08,973.3455810546876,21717.94921875,45012.0,2032.199951171875,82.97,7.082,7.021,4.170000076293945,4.124000072479248,3040.46,-839.45,153.365,136.303904538932,-21.50607,6.75,4.5,7.510228593970392,9122.0,17667.0
2024-02-09,994.4005126953124,21782.5,45634.55078125,2023.300048828125,83.0,7.114,7.075,4.186999797821045,4.151000022888184,3040.46,-839.45,153.365,136.303904538932,-21.50607,6.75,4.5,7.510228593970392,9122.0,17667.0
2024-02-12,980.035888671875,21616.05078125,44882.25,2018.199951171875,82.95,7.097,7.061,4.171999931335449,4.127999782562256,3040.46,-839.45,153.365,136.303904538932,-21.50607,6.75,4.5,7.510228593970392,9122.0,17667.0
2024-02-13,1003.3536987304688,21743.25,45502.3984375,1992.9000244140625,83.06,7.097,7.074,4.315999984741211,4.317999839782715,3040.46,-839.45,153.365,136.303904538932,-21.50607,6.75,4.5,7.510228593970392,9122.0,17667.0
2024-02-14,1006.2069702148438,21840.05078125,45908.30078125,1990.300048828125,83.02,7.114,7.102,4.267000198364258,4.244999885559082,3040.46,-839.45,153.365,136.303904538932,-21.50607,6.75,4.5,7.510228593970392,9122.0,17667.0
2024-02-15,1000.2545166015624,21910.75,46218.8984375,2002.0999755859375,83.0,7.085,7.073,4.239999771118164,4.2170000076293945,3040.46,-839.45,153.365,136.303904538932,-21.50607,6.75,4.5,7.510228593970392,9122.0,17667.0
2024-02-16,1006.7481079101562,22040.69921875,46384.8515625,2011.5,83.02,7.099,7.074,4.295000076293945,4.288000106811523,3040.46,-839.45,153.365,136.303904538932,-21.50607,6.75,4.5,7.510228593970392,9122.0,17667.0
2024-02-19,1026.91748046875,22122.25,46535.5,2011.5,83.02,7.099,7.074,4.295000076293945,4.288000106811523,3040.46,-839.45,153.365,136.303904538932,-21.50607,6.75,4.5,7.510228593970392,9122.0,17667.0
2024-02-20,1031.8367919921875,22196.94921875,47094.19921875,2027.5,82.88,7.062,7.056,4.275000095367432,4.250999927520752,3040.46,-839.45,153.365,136.303904538932,-21.50607,6.75,4.5,7.510228593970392,9122.0,17667.0
2024-02-21,1034.985107421875,22055.05078125,47019.69921875,2022.300048828125,82.96,7.045,7.039,4.324999809265137,4.302999973297119,3040.46,-839.45,153.365,136.303904538932,-21.50607,6.75,4.5,7.510228593970392,9122.0,17667.0
2024-02-22,1045.5618896484375,22217.44921875,46919.80078125,2019.699951171875,82.86,7.062,7.049,4.327000141143799,4.330999851226807,3040.46,-839.45,153.365,136.303904538932,-21.50607,6.75,4.5,7.510228593970392,9122.0,17667.0
2024-02-23,1044.1845703125,22212.69921875,46811.75,2038.5999755859375,82.86,7.077,7.063,4.260000228881836,4.284999847412109,3040.46,-839.45,153.365,136.303904538932,-21.50607,6.75,4.5,7.510228593970392,9122.0,17667.0
2024-02-26,1037.1988525390625,22122.05078125,46576.5,2028.5,82.85,7.063,7.051,4.298999786376953,4.327000141143799,3040.46,-839.45,153.365,136.303904538932,-21.50607,6.75,4.5,7.510228593970392,9122.0,17667.0
2024-02-27,1043.1021728515625,22198.349609375,46588.05078125,2034.0,82.88,7.068,7.052,4.315000057220459,4.322000026702881,3040.46,-839.45,153.365,136.303904538932,-21.50607,6.75,4.5,7.510228593970392,9122.0,17667.0
2024-02-28,1029.327880859375,21951.150390625,45963.1484375,2033.0,82.88,7.065,7.047,4.27400016784668,4.2729997634887695,3040.46,-839.45,153.365,136.303904538932,-21.50607,6.75,4.5,7.510228593970392,9122.0,17667.0
2024-02-29,1035.231201171875,21982.80078125,46120.8984375,2045.699951171875,82.87,7.078,7.059,4.251999855041504,4.26200008392334,3040.46,-839.45,153.365,136.303904538932,-21.50607,6.75,4.5,7.510228593970392,9122.0,17667.0
2024-03-01,1069.37158203125,22338.75,47286.8984375,2086.89990234375,82.91,7.06,7.054,4.179999828338623,4.158999919891357,3040.46,-839.45,153.0345,136.303904538932,-19.52492,6.75,4.5,7.510228593970392,9122.0,17667.0
2024-03-04,1074.733642578125,22405.599609375,47456.1015625,2117.699951171875,82.88,7.06,7.064,4.218999862670898,4.210000038146973,3040.46,-839.45,153.0345,136.303904538932,-19.52492,6.75,4.5,7.510228593970392,9122.0,17667.0
2024-03-05,1070.503173828125,22356.30078125,47581.0,2133.5,82.86,7.057,7.059,4.13700008392334,4.138000011444092,3040.46,-839.45,153.0345,136.303904538932,-19.52492,6.75,4.5,7.510228593970392,9122.0,17667.0
2024-03-06,1079.4071044921875,22474.05078125,47965.3984375,2150.300048828125,82.78,7.054,7.05,4.104000091552734,4.117000102996826,3040.46,-839.45,153.0345,136.303904538932,-19.52492,6.75,4.5,7.510228593970392,9122.0,17667.0
2024-03-07,1070.4046630859375,22493.55078125,47835.80078125,2158.0,82.78,7.031,7.031,4.0920000076293945,4.084000110626221,3040.46,-839.45,153.0345,136.303904538932,-19.52492,6.75,4.5,7.510228593970392,9122.0,17667.0
2024-03-08,1070.4046630859375,22493.55078125,47835.80078125,2178.60009765625,82.73,7.031,7.031,4.089000225067139,4.061999797821045,3040.46,-839.45,153.0345,136.303904538932,-19.52492,6.75,4.5,7.510228593970392,9122.0,17667.0
2024-03-11,1061.3037109375,22332.650390625,47327.8515625,2182.5,82.72,7.014,7.023,4.104000091552734,4.0879998207092285,3040.46,-839.45,153.0345,136.303904538932,-19.52492,6.75,4.5,7.510228593970392,9122.0,17667.0
2024-03-12,1059.483642578125,22335.69921875,47282.3984375,2160.39990234375,82.77,7.026,7.029,4.15500020980835,4.15500020980835,3040.46,-839.45,153.0345,136.303904538932,-19.52492,6.75,4.5,7.510228593970392,9122.0,17667.0
2024-03-13,1066.4691162109375,21997.69921875,46981.30078125,2175.39990234375,82.81,7.039,7.036,4.191999912261963,4.185999870300293,3040.46,-839.45,153.0345,136.303904538932,-19.52492,6.75,4.5,7.510228593970392,9122.0,17667.0
2024-03-14,1066.124755859375,22146.650390625,46789.94921875,2163.0,82.82,7.041,7.042,4.297999858856201,4.296000003814697,3040.46,-839.45,153.0345,136.303904538932,-19.52492,6.75,4.5,7.510228593970392,9122.0,17667.0
2024-03-15,1062.92724609375,22023.349609375,46594.1015625,2157.300048828125,82.86,7.062,7.057,4.303999900817871,4.322000026702881,3040.46,-839.45,153.0345,136.303904538932,-19.52492,6.75,4.5,7.510228593970392,9122.0,17667.0
2024-03-18,1063.7635498046875,22055.69921875,46575.8984375,2160.699951171875,82.89,7.087,7.075,4.340000152587891,4.355999946594238,3040.46,-839.45,153.0345,136.303904538932,-19.52492,6.75,4.5,7.510228593970392,9122.0,17667.0
2024-03-19,1066.4691162109375,21817.44921875,46384.80078125,2156.300048828125,83.01,7.095,7.085,4.296999931335449,4.302999973297119,3040.46,-839.45,153.0345,136.303904538932,-19.52492,6.75,4.5,7.510228593970392,9122.0,17667.0
2024-03-20,1067.0103759765625,21839.099609375,46310.8984375,2157.89990234375,83.18,7.097,7.098,4.2729997634887695,4.242000102996826,3040.46,-839.45,153.0345,136.303904538932,-19.52492,6.75,4.5,7.510228593970392,9122.0,17667.0
2024-03-21,1064.3538818359375,22011.94921875,46684.8984375,2182.39990234375,83.15,7.05,7.063,4.270999908447266,4.252999782562256,3040.46,-839.45,153.0345,136.303904538932,-19.52492,6.75,4.5,7.510228593970392,9122.0,17667.0
2024-03-22,1072.716796875,22096.75,46863.75,2158.10009765625,83.53,7.087,7.1,4.2179999351501465,4.199999809265137,3040.46,-839.45,153.0345,136.303904538932,-19.52492,6.75,4.5,7.510228593970392,9122.0,17667.0
2024-03-25,1072.716796875,22096.75,46863.75,2174.800048828125,83.42,7.087,7.1,4.252999782562256,4.232999801635742,3040.46,-839.45,153.0345,136.303904538932,-19.52492,6.75,4.5,7.510228593970392,9122.0,17667.0
2024-03-26,1066.22314453125,22004.69921875,46600.19921875,2175.60009765625,83.32,7.089,7.106,4.234000205993652,4.224999904632568,3040.46,-839.45,153.0345,136.303904538932,-19.52492,6.75,4.5,7.510228593970392,9122.0,17667.0
2024-03-27,1066.2724609375,22123.650390625,46785.94921875,2190.60009765625,83.34,7.072,7.09,4.196000099182129,4.188000202178955,3040.46,-839.45,153.0345,136.303904538932,-19.52492,6.75,4.5,7.510228593970392,9122.0,17667.0
2024-03-28,1075.66845703125,22326.900390625,47124.6015625,2217.39990234375,83.35,7.052,7.051,4.205999851226807,4.21999979019165,3040.46,-839.45,153.0345,136.303904538932,-19.52492,6.75,4.5,7.510228593970392,9122.0,17667.0
2024-03-29,1075.66845703125,22326.900390625,47124.6015625,2217.39990234375,83.34,7.052,7.051,4.205999851226807,4.21999979019165,3040.46,-839.45,153.0345,136.303904538932,-19.52492,6.75,4.5,7.510228593970392,9122.0,17667.0
2024-04-01,1081.916015625,22462.0,47578.25,2236.5,83.36,7.052,7.051,4.328999996185303,4.3379998207092285,3040.46,-839.45,153.5853,136.303904538932,-15.63707,6.75,4.5,7.456116364981313,9648.0,18227.0
2024-04-02,1063.7635498046875,22453.30078125,47545.44921875,2261.0,83.32,7.108,7.094,4.364999771118164,4.354000091552734,3040.46,-839.45,153.5853,136.303904538932,-15.63707,6.75,4.5,7.456116364981313,9648.0,18227.0
2024-04-03,1059.827880859375,22434.650390625,47624.25,2294.39990234375,83.43,7.104,7.108,4.355000019073486,4.3379998207092285,3040.46,-839.45,153.5853,136.303904538932,-15.63707,6.75,4.5,7.456116364981313,9648.0,18227.0
2024-04-04,1061.451416015625,22514.650390625,48060.80078125,2288.800048828125,83.44,7.094,7.082,4.309000015258789,4.291999816894531,3040.46,-839.45,153.5853,136.303904538932,-15.63707,6.75,4.5,7.456116364981313,9648.0,18227.0
2024-04-05,1065.9281005859375,22513.69921875,48493.05078125,2325.699951171875,83.29,7.117,7.089,4.377999782562256,4.368000030517578,3040.46,-839.45,153.5853,136.303904538932,-15.63707,6.75,4.5,7.456116364981313,9648.0,18227.0
2024-04-08,1069.6175537109375,22666.30078125,48581.69921875,2331.699951171875,83.25,7.154,7.126,4.423999786376953,4.434000015258789,3040.46,-839.45,153.5853,136.303904538932,-15.63707,6.75,4.5,7.456116364981313,9648.0,18227.0
2024-04-09,1089.1966552734375,22642.75,48730.55078125,2343.5,83.18,7.154,7.126,4.366000175476074,4.376999855041504,3040.46,-839.45,153.5853,136.303904538932,-15.63707,6.75,4.5,7.456116364981313,9648.0,18227.0
2024-04-10,1091.5087890625,22753.80078125,48986.6015625,2329.60009765625,83.37,7.116,7.107,4.559999942779541,4.614999771118164,3040.46,-839.45,153.5853,136.303904538932,-15.63707,6.75,4.5,7.456116364981313,9648.0,18227.0
2024-04-11,1091.5087890625,22753.80078125,48986.6015625,2354.800048828125,83.19,7.116,7.107,4.576000213623047,4.623000144958496,3040.46,-839.45,153.5853,136.303904538932,-15.63707,6.75,4.5,7.456116364981313,9648.0,18227.0
2024-04-12,1086.58935546875,22519.400390625,48564.55078125,2356.199951171875,83.59,7.179,7.177,4.499000072479248,4.5329999923706055,3040.46,-839.45,153.5853,136.303904538932,-15.63707,6.75,4.5,7.456116364981313,9648.0,18227.0
2024-04-15,1060.95947265625,22272.5,47773.25,2365.800048828125,83.48,7.175,7.174,4.627999782562256,4.644999980926514,3040.46,-839.45,153.5853,136.303904538932,-15.63707,6.75,4.5,7.456116364981313,9648.0,18227.0
2024-04-16,1049.841796875,22147.900390625,47484.80078125,2390.800048828125,83.54,7.193,7.2,4.658999919891357,4.682000160217285,3040.46,-839.45,153.5853,136.303904538932,-15.63707,6.75,4.5,7.456116364981313,9648.0,18227.0
2024-04-17,1049.841796875,22147.900390625,47484.80078125,2371.699951171875,83.54,7.193,7.2,4.585000038146973,4.617000102996826,3040.46,-839.45,153.5853,136.303904538932,-15.63707,6.75,4.5,7.456116364981313,9648.0,18227.0
2024-04-18,1038.4288330078125,21995.849609375,47069.44921875,2382.300048828125,83.53,7.18,7.183,4.646999835968018,4.685999870300293,3040.46,-839.45,153.5853,136.303904538932,-15.63707,6.75,4.5,7.456116364981313,9648.0,18227.0
2024-04-19,1050.03857421875,22147.0,47574.1484375,2398.39990234375,83.46,7.225,7.246,4.614999771118164,4.6570000648498535,3040.46,-839.45,153.5853,136.303904538932,-15.63707,6.75,4.5,7.456116364981313,9648.0,18227.0
2024-04-22,1069.125732421875,22336.400390625,47924.8984375,2332.199951171875,83.47,7.192,7.206,4.623000144958496,4.660999774932861,3040.46,-839.45,153.5853,136.303904538932,-15.63707,6.75,4.5,7.456116364981313,9648.0,18227.0
2024-04-23,1072.6676025390625,22368.0,47970.44921875,2327.699951171875,83.36,7.167,7.176,4.5980000495910645,4.622000217437744,3040.46,-839.45,153.5853,136.303904538932,-15.63707,6.75,4.5,7.456116364981313,9648.0,18227.0
2024-04-24,1079.062744140625,22402.400390625,48189.0,2324.5,83.34,7.186,7.189,4.6519999504089355,4.666999816894531,3040.46,-839.45,153.5853,136.303904538932,-15.63707,6.75,4.5,7.456116364981313,9648.0,18227.0
2024-04-25,1095.78857421875,22570.349609375,48494.94921875,2329.800048828125,83.31,7.204,7.207,4.705999851226807,4.7170000076293945,3040.46,-839.45,153.5853,136.303904538932,-15.63707,6.75,4.5,7.456116364981313,9648.0,18227.0
2024-04-26,1090.032958984375,22419.94921875,48201.05078125,2334.800048828125,83.38,7.199,7.2,4.669000148773193,4.691999912261963,3040.46,-839.45,153.5853,136.303904538932,-15.63707,6.75,4.5,7.456116364981313,9648.0,18227.0
2024-04-29,1141.4403076171875,22643.400390625,49424.05078125,2345.39990234375,83.46,7.196,7.206,4.613999843597412,4.638999938964844,3040.46,-839.45,153.5853,136.303904538932,-15.63707,6.75,4.5,7.456116364981313,9648.0,18227.0
2024-04-30,1131.8475341796875,22604.849609375,49396.75,2291.39990234375,83.44,7.195,7.209,4.685999870300293,4.7230000495910645,3040.46,-839.45,153.5853,136.303904538932,-15.63707,6.75,4.5,7.456116364981313,9648.0,18227.0
2024-05-01,1131.8475341796875,22604.849609375,49396.75,2299.89990234375,83.45,7.195,7.209,4.59499979019165,4.613999843597412,3040.46,-839.45,154.1362,136.303904538932,-21.21041,6.75,4.5,7.456116364981313,9648.0,18227.0
2024-05-02,1121.0740966796875,22648.19921875,49231.05078125,2299.199951171875,83.44,7.162,7.172,4.571000099182129,4.566999912261963,3040.46,-839.45,154.1362,136.303904538932,-21.21041,6.75,4.5,7.456116364981313,9648.0,18227.0
2024-05-03,1123.63232421875,22475.849609375,48923.55078125,2299.0,83.43,7.149,7.158,4.5,4.48199987411499,3040.46,-839.45,154.1362,136.303904538932,-21.21041,6.75,4.5,7.456116364981313,9648.0,18227.0
2024-05-06,1127.813720703125,22442.69921875,48895.30078125,2321.60009765625,83.48,7.108,7.108,4.488999843597412,4.482999801635742,3040.46,-839.45,154.1362,136.303904538932,-21.21041,6.75,4.5,7.456116364981313,9648.0,18227.0
2024-05-07,1113.6458740234375,22302.5,48285.3515625,2315.199951171875,83.51,7.129,7.134,4.4629998207092285,4.4710001945495605,3040.46,-839.45,154.1362,136.303904538932,-21.21041,6.75,4.5,7.456116364981313,9648.0,18227.0
2024-05-08,1104.8895263671875,22302.5,48021.1015625,2313.60009765625,83.45,7.138,7.141,4.492000102996826,4.500999927520752,3040.46,-839.45,154.1362,136.303904538932,-21.21041,6.75,4.5,7.456116364981313,9648.0,18227.0
2024-05-09,1097.7071533203125,21957.5,47487.8984375,2332.10009765625,83.51,7.135,7.137,4.448999881744385,4.460000038146973,3040.46,-839.45,154.1362,136.303904538932,-21.21041,6.75,4.5,7.456116364981313,9648.0,18227.0
2024-05-10,1099.035400390625,22055.19921875,47421.1015625,2367.300048828125,83.54,7.127,7.121,4.504000186920166,4.51800012588501,3040.46,-839.45,154.1362,136.303904538932,-21.21041,6.75,4.5,7.456116364981313,9648.0,18227.0
2024-05-13,1109.808837890625,22104.05078125,47754.1015625,2336.10009765625,83.48,7.116,7.12,4.480999946594238,4.499000072479248,3040.46,-839.45,154.1362,136.303904538932,-21.21041,6.75,4.5,7.456116364981313,9648.0,18227.0
2024-05-14,1102.47900390625,22217.849609375,47859.44921875,2353.39990234375,83.5,7.109,7.118,4.445000171661377,4.458000183105469,3040.46,-839.45,154.1362,136.303904538932,-21.21041,6.75,4.5,7.456116364981313,9648.0,18227.0
2024-05-15,1106.2176513671875,22200.55078125,47687.44921875,2388.699951171875,83.46,7.086,7.092,4.355999946594238,4.355999946594238,3040.46,-839.45,154.1362,136.303904538932,-21.21041,6.75,4.5,7.456116364981313,9648.0,18227.0
2024-05-16,1112.8096923828125,22403.849609375,47977.05078125,2380.0,83.46,7.076,7.077,4.376999855041504,4.39900016784668,3040.46,-839.45,154.1362,136.303904538932,-21.21041,6.75,4.5,7.456116364981313,9648.0,18227.0
2024-05-17,1112.2684326171875,22466.099609375,48115.6484375,2412.199951171875,83.34,7.095,7.088,4.420000076293945,4.440999984741211,3040.46,-839.45,154.1362,136.303904538932,-21.21041,6.75,4.5,7.456116364981313,9648.0,18227.0
2024-05-20,1112.2684326171875,22466.099609375,48115.6484375,2433.89990234375,83.34,7.095,7.088,4.436999797821045,4.456999778747559,3040.46,-839.45,154.1362,136.303904538932,-21.21041,6.75,4.5,7.456116364981313,9648.0,18227.0
2024-05-21,1102.8724365234375,22529.05078125,48048.19921875,2421.699951171875,83.31,7.078,7.061,4.414000034332275,4.435999870300293,3040.46,-839.45,154.1362,136.303904538932,-21.21041,6.75,4.5,7.456116364981313,9648.0,18227.0
2024-05-22,1093.1812744140625,22597.80078125,47781.94921875,2389.199951171875,83.26,6.997,7.036,4.434000015258789,4.4730000495910645,3040.46,-839.45,154.1362,136.303904538932,-21.21041,6.75,4.5,7.456116364981313,9648.0,18227.0
2024-05-23,1116.2039794921875,22967.650390625,48768.6015625,2335.0,83.27,6.997,7.036,4.474999904632568,4.526000022888184,3040.46,-839.45,154.1362,136.303904538932,-21.21041,6.75,4.5,7.456116364981313,9648.0,18227.0
2024-05-24,1113.695068359375,22957.099609375,48971.6484375,2332.5,83.09,6.998,7.04,4.4670000076293945,4.5279998779296875,3040.46,-839.45,154.1362,136.303904538932,-21.21041,6.75,4.5,7.456116364981313,9648.0,18227.0
2024-05-27,1111.579833984375,22932.44921875,49281.80078125,2332.5,83.09,6.981,7.037,4.4670000076293945,4.5279998779296875,3040.46,-839.45,154.1362,136.303904538932,-21.21041,6.75,4.5,7.456116364981313,9648.0,18227.0
2024-05-28,1108.775634765625,22888.150390625,49142.1484375,2355.199951171875,83.16,6.995,7.044,4.541999816894531,4.5879998207092285,3040.46,-839.45,154.1362,136.303904538932,-21.21041,6.75,4.5,7.456116364981313,9648.0,18227.0
2024-05-29,1084.2281494140625,22704.69921875,48501.3515625,2340.300048828125,83.33,7.008,7.059,4.624000072479248,4.642000198364258,3040.46,-839.45,154.1362,136.303904538932,-21.21041,6.75,4.5,7.456116364981313,9648.0,18227.0
2024-05-30,1095.7393798828125,22488.650390625,48682.3515625,2342.89990234375,83.28,7.003,7.056,4.553999900817871,4.572000026702881,3040.46,-839.45,154.1362,136.303904538932,-21.21041,6.75,4.5,7.456116364981313,9648.0,18227.0
2024-05-31,1102.970947265625,22530.69921875,48983.94921875,2322.89990234375,83.43,6.986,7.054,4.513999938964844,4.5279998779296875,3040.46,-839.45,154.1362,136.303904538932,-21.21041,6.75,4.5,7.456116364981313,9648.0,18227.0
2024-06-03,1141.292724609375,23263.900390625,50979.94921875,2346.60009765625,83.14,6.947,7.028,4.4019999504089355,4.416999816894531,3040.46,-839.45,154.1362,136.303904538932,-21.21041,6.75,4.5,7.456116364981313,9648.0,18227.0
2024-06-04,1054.170654296875,21884.5,46928.6015625,2325.5,83.52,7.033,7.106,4.335999965667725,4.3520002365112305,3040.46,-839.45,154.1362,136.303904538932,-21.21041,6.75,4.5,7.456116364981313,9648.0,18227.0
2024-06-05,1090.7708740234375,22620.349609375,49054.6015625,2354.10009765625,83.37,7.026,7.09,4.289000034332275,4.306000232696533,3040.46,-839.45,154.1362,136.303904538932,-21.21041,6.75,4.5,7.456116364981313,9648.0,18227.0
2024-06-06,1092.49267578125,22821.400390625,49291.8984375,2370.300048828125,83.47,7.015,7.039,4.281000137329102,4.291999816894531,3040.46,-839.45,154.1362,136.303904538932,-21.21041,6.75,4.5,7.456116364981313,9648.0,18227.0
2024-06-07,1103.6103515625,23290.150390625,49803.19921875,2305.199951171875,83.38,7.018,7.023,4.429999828338623,4.455999851226807,3040.46,-839.45,154.1362,136.303904538932,-21.21041,6.75,4.5,7.456116364981313,9648.0,18227.0
2024-06-10,1105.676513671875,23259.19921875,49780.8984375,2307.699951171875,83.5,7.032,7.032,4.468999862670898,4.484000205993652,3040.46,-839.45,154.1362,136.303904538932,-21.21041,6.75,4.5,7.456116364981313,9648.0,18227.0
2024-06-11,1100.1668701171875,23264.849609375,49705.75,2307.5,83.5,7.014,7.024,4.4039998054504395,4.418000221252441,3040.46,-839.45,154.1362,136.303904538932,-21.21041,6.75,4.5,7.456116364981313,9648.0,18227.0
2024-06-12,1101.4951171875,23322.94921875,49895.1015625,2336.0,83.57,7.012,7.029,4.295000076293945,4.302000045776367,3040.46,-839.45,154.1362,136.303904538932,-21.21041,6.75,4.5,7.456116364981313,9648.0,18227.0
2024-06-13,1089.49169921875,23398.900390625,49846.69921875,2300.199951171875,83.52,6.986,7.01,4.23799991607666,4.234000205993652,3040.46,-839.45,154.1362,136.303904538932,-21.21041,6.75,4.5,7.456116364981313,9648.0,18227.0
2024-06-14,1087.8192138671875,23465.599609375,50002.0,2331.39990234375,83.54,6.984,7.004,4.2129998207092285,4.22599983215332,3040.46,-839.45,154.1362,136.303904538932,-21.21041,6.75,4.5,7.456116364981313,9648.0,18227.0
2024-06-17,1087.8192138671875,23465.599609375,50002.0,2312.39990234375,83.52,6.984,7.004,4.2789998054504395,4.300000190734863,3040.46,-839.45,154.1362,136.303904538932,-21.21041,6.75,4.5,7.456116364981313,9648.0,18227.0
2024-06-18,1104.7418212890625,23557.900390625,50440.8984375,2330.39990234375,83.42,6.981,7.01,4.2170000076293945,4.234000205993652,3040.46,-839.45,154.1362,136.303904538932,-21.21041,6.75,4.5,7.456116364981313,9648.0,18227.0
2024-06-19,1125.993408203125,23516.0,51398.05078125,2330.39990234375,83.42,6.974,7.0,4.2170000076293945,4.234000205993652,3040.46,-839.45,154.1362,136.303904538932,-21.21041,6.75,4.5,7.456116364981313,9648.0,18227.0
2024-06-20,1138.144287109375,23567.0,51783.25,2353.800048828125,83.62,6.976,7.0,4.254000186920166,4.265999794006348,3040.46,-839.45,154.1362,136.303904538932,-21.21041,6.75,4.5,7.456116364981313,9648.0,18227.0
2024-06-21,1139.9644775390625,23501.099609375,51661.44921875,2316.39990234375,83.53,6.973,6.999,4.256999969482422,4.270999908447266,3040.46,-839.45,154.1362,136.303904538932,-21.21041,6.75,4.5,7.456116364981313,9648.0,18227.0
2024-06-24,1151.229736328125,23537.849609375,51703.94921875,2330.0,83.42,6.971,6.997,4.248000144958496,4.270999908447266,3040.46,-839.45,154.1362,136.303904538932,-21.21041,6.75,4.5,7.456116364981313,9648.0,18227.0
2024-06-25,1178.630615234375,23721.30078125,52606.0,2316.60009765625,83.4,6.983,7.01,4.23799991607666,4.263000011444092,3040.46,-839.45,154.1362,136.303904538932,-21.21041,6.75,4.5,7.456116364981313,9648.0,18227.0
2024-06-26,1198.357421875,23868.80078125,52870.5,2299.199951171875,83.55,6.997,7.018,4.315999984741211,4.335999965667725,3040.46,-839.45,154.1362,136.303904538932,-21.21041,6.75,4.5,7.456116364981313,9648.0,18227.0
2024-06-27,1200.2266845703125,24044.5,52811.30078125,2324.5,83.44,7.0,7.018,4.288000106811523,4.301000118255615,3040.46,-839.45,154.1362,136.303904538932,-21.21041,6.75,4.5,7.456116364981313,9648.0,18227.0
2024-06-28,1180.254150390625,24010.599609375,52342.25,2327.699951171875,83.33,7.008,7.022,4.3429999351501465,4.328999996185303,3040.46,-839.45,154.1362,136.303904538932,-21.21041,6.75,4.5,7.456116364981313,9648.0,18227.0
2024-07-01,1192.3065185546875,24141.94921875,52574.75,2327.60009765625,83.44,7.013,7.02,4.479000091552734,4.440000057220459,3040.46,-839.45,157.2212,136.303904538932,-24.77655,6.75,4.5,6.585873921966945,10261.0,18308.0
2024-07-02,1171.399169921875,24123.849609375,52168.1015625,2323.0,83.5,7.009,7.029,4.435999870300293,4.395999908447266,3040.46,-839.45,157.2212,136.303904538932,-24.77655,6.75,4.5,6.585873921966945,10261.0,18308.0
2024-07-03,1182.2218017578125,24286.5,53089.25,2359.800048828125,83.48,7.001,7.002,4.355000019073486,4.322000026702881,3040.46,-839.45,157.2212,136.303904538932,-24.77655,6.75,4.5,6.585873921966945,10261.0,18308.0
2024-07-04,1213.115478515625,24302.150390625,53103.69921875,2359.800048828125,83.48,6.998,6.997,4.355000019073486,4.322000026702881,3040.46,-839.45,157.2212,136.303904538932,-24.77655,6.75,4.5,6.585873921966945,10261.0,18308.0
2024-07-05,1213.509033203125,24323.849609375,52660.3515625,2388.5,83.47,6.993,6.994,4.271999835968018,4.2179999351501465,3040.46,-839.45,157.2212,136.303904538932,-24.77655,6.75,4.5,6.585873921966945,10261.0,18308.0
2024-07-08,1215.1324462890625,24320.55078125,52425.80078125,2355.199951171875,83.45,6.989,6.988,4.269000053405762,4.224999904632568,3040.46,-839.45,157.2212,136.303904538932,-24.77655,6.75,4.5,6.585873921966945,10261.0,18308.0
2024-07-09,1228.1195068359375,24433.19921875,52568.80078125,2360.10009765625,83.47,6.989,6.988,4.300000190734863,4.248000144958496,3040.46,-839.45,157.2212,136.303904538932,-24.77655,6.75,4.5,6.585873921966945,10261.0,18308.0
2024-07-10,1223.15087890625,24324.44921875,52189.30078125,2372.199951171875,83.5,6.976,6.982,4.28000020980835,4.238999843597412,3040.46,-839.45,157.2212,136.303904538932,-24.77655,6.75,4.5,6.585873921966945,10261.0,18308.0
2024-07-11,1218.4775390625,24315.94921875,52270.6484375,2415.0,83.57,6.982,6.984,4.192999839782715,4.123000144958496,3040.46,-839.45,157.2212,136.303904538932,-24.77655,6.75,4.5,6.585873921966945,10261.0,18308.0
2024-07-12,1213.01708984375,24502.150390625,52278.8984375,2414.0,83.48,6.986,6.979,4.189000129699707,4.111000061035156,3040.46,-839.45,157.2212,136.303904538932,-24.77655,6.75,4.5,6.585873921966945,10261.0,18308.0
2024-07-15,1210.1146240234375,24586.69921875,52455.8984375,2422.89990234375,83.55,6.981,6.959,4.229000091552734,4.131999969482422,3040.46,-839.45,157.2212,136.303904538932,-24.77655,6.75,4.5,6.585873921966945,10261.0,18308.0
2024-07-16,1219.9041748046875,24613.0,52396.80078125,2462.39990234375,83.6,6.966,6.935,4.166999816894531,4.090000152587891,3040.46,-839.45,157.2212,136.303904538932,-24.77655,6.75,4.5,6.585873921966945,10261.0,18308.0
2024-07-17,1219.9041748046875,24613.0,52396.80078125,2454.800048828125,83.55,6.966,6.935,4.145999908447266,4.072000026702881,3040.46,-839.45,157.2212,136.303904538932,-24.77655,6.75,4.5,6.585873921966945,10261.0,18308.0
2024-07-18,1230.1365966796875,24800.849609375,52620.69921875,2451.800048828125,83.58,6.966,6.92,4.189000129699707,4.105000019073486,3040.46,-839.45,157.2212,136.303904538932,-24.77655,6.75,4.5,6.585873921966945,10261.0,18308.0
2024-07-19,1228.5130615234375,24530.900390625,52265.6015625,2395.5,83.7,6.965,6.918,4.238999843597412,4.163000106811523,3040.46,-839.45,157.2212,136.303904538932,-24.77655,6.75,4.5,6.585873921966945,10261.0,18308.0
2024-07-22,1221.1341552734375,24509.25,52280.3984375,2392.0,83.65,6.967,6.934,4.260000228881836,4.178999900817871,3040.46,-839.45,157.2212,136.303904538932,-24.77655,6.75,4.5,6.585873921966945,10261.0,18308.0
2024-07-23,1206.96630859375,24479.05078125,51778.30078125,2404.60009765625,83.68,6.97,6.922,4.238999843597412,4.150000095367432,3040.46,-839.45,157.2212,136.303904538932,-24.77655,6.75,4.5,6.585873921966945,10261.0,18308.0
2024-07-24,1203.2767333984375,24413.5,51317.0,2413.300048828125,83.72,6.964,6.902,4.285999774932861,4.160999774932861,3040.46,-839.45,157.2212,136.303904538932,-24.77655,6.75,4.5,6.585873921966945,10261.0,18308.0
2024-07-25,1178.58154296875,24406.099609375,50888.75,2351.89990234375,83.7,6.952,6.883,4.25600004196167,4.146999835968018,3040.46,-839.45,157.2212,136.303904538932,-24.77655,6.75,4.5,6.585873921966945,10261.0,18308.0
2024-07-26,1187.7314453125,24834.849609375,51295.94921875,2380.0,83.7,6.94,6.844,4.199999809265137,4.081999778747559,3040.46,-839.45,157.2212,136.303904538932,-24.77655,6.75,4.5,6.585873921966945,10261.0,18308.0
2024-07-29,1193.142822265625,24836.099609375,51406.25,2377.300048828125,83.75,6.919,6.841,4.177999973297119,4.067999839782715,3040.46,-839.45,157.2212,136.303904538932,-24.77655,6.75,4.5,6.585873921966945,10261.0,18308.0
2024-07-30,1189.9451904296875,24857.30078125,51499.30078125,2405.0,83.7,6.931,6.85,4.14300012588501,4.0370001792907715,3040.46,-839.45,157.2212,136.303904538932,-24.77655,6.75,4.5,6.585873921966945,10261.0,18308.0
2024-07-31,1195.307373046875,24951.150390625,51553.3984375,2426.5,83.73,6.924,6.846,4.109000205993652,4.0,3040.46,-839.45,157.2212,136.303904538932,-24.77655,6.75,4.5,6.585873921966945,10261.0,18308.0
2024-08-01,1190.584716796875,25010.900390625,51564.0,2435.0,83.7,6.916,6.823,3.9760000705718994,3.8420000076293945,3040.46,-839.45,157.111,136.303904538932,-34.19886,6.75,4.5,6.585873921966945,10261.0,18308.0
2024-08-02,1177.2532958984375,24717.69921875,51350.1484375,2425.699951171875,83.79,6.9,6.8,3.7920000553131104,3.615000009536743,3040.46,-839.45,157.111,136.303904538932,-34.19886,6.75,4.5,6.585873921966945,10261.0,18308.0
2024-08-05,1153.689453125,24055.599609375,50092.1015625,2401.699951171875,83.83,6.86,6.783,3.785000085830689,3.628000020980835,3040.46,-839.45,157.111,136.303904538932,-34.19886,6.75,4.5,6.585873921966945,10261.0,18308.0
2024-08-06,1148.0322265625,23992.55078125,49748.30078125,2389.10009765625,83.91,6.872,6.787,3.888000011444092,3.7300000190734863,3040.46,-839.45,157.111,136.303904538932,-34.19886,6.75,4.5,6.585873921966945,10261.0,18308.0
2024-08-07,1153.5418701171875,24297.5,50119.0,2390.5,83.96,6.862,6.778,3.9679999351501465,3.7950000762939458,3040.46,-839.45,157.111,136.303904538932,-34.19886,6.75,4.5,6.585873921966945,10261.0,18308.0
2024-08-08,1145.8184814453125,24117.0,50156.69921875,2422.199951171875,83.95,6.877,6.791,3.996999979019165,3.8329999446868896,3040.46,-839.45,157.111,136.303904538932,-34.19886,6.75,4.5,6.585873921966945,10261.0,18308.0
2024-08-09,1152.70556640625,24367.5,50484.5,2432.10009765625,83.92,6.88,6.791,3.941999912261963,3.7960000038146977,3040.46,-839.45,157.111,136.303904538932,-34.19886,6.75,4.5,6.585873921966945,10261.0,18308.0
2024-08-12,1163.8199462890625,24347.0,50577.94921875,2462.39990234375,83.92,6.879,6.793,3.9089999198913574,3.749000072479248,3040.46,-839.45,157.111,136.303904538932,-34.19886,6.75,4.5,6.585873921966945,10261.0,18308.0
2024-08-13,1159.4039306640625,24139.0,49831.8515625,2466.699951171875,83.97,6.88,6.789,3.8519999980926514,3.681999921798706,3040.46,-839.45,157.111,136.303904538932,-34.19886,6.75,4.5,6.585873921966945,10261.0,18308.0
2024-08-14,1152.7552490234375,24143.75,49727.30078125,2439.39990234375,83.91,6.858,6.777,3.819999933242798,3.6659998893737793,3040.46,-839.45,157.111,136.303904538932,-34.19886,6.75,4.5,6.585873921966945,10261.0,18308.0
2024-08-15,1152.7552490234375,24143.75,49727.30078125,2453.10009765625,83.94,6.858,6.777,3.9260001182556152,3.799000024795532,3040.46,-839.45,157.111,136.303904538932,-34.19886,6.75,4.5,6.585873921966945,10261.0,18308.0
2024-08-16,1178.1591796875,24541.150390625,50516.8984375,2498.60009765625,83.95,6.867,6.789,3.8919999599456783,3.76799988746643,3040.46,-839.45,157.111,136.303904538932,-34.19886,6.75,4.5,6.585873921966945,10261.0,18308.0
2024-08-19,1166.8961181640625,24572.650390625,50368.3515625,2501.800048828125,83.82,6.864,6.783,3.867000102996826,3.759000062942505,3040.46,-839.45,157.111,136.303904538932,-34.19886,6.75,4.5,6.585873921966945,10261.0,18308.0
2024-08-20,1170.4189453125,24698.849609375,50803.1484375,2511.300048828125,83.79,6.856,6.785,3.818000078201294,3.700000047683716,3040.46,-839.45,157.111,136.303904538932,-34.19886,6.75,4.5,6.585873921966945,10261.0,18308.0
2024-08-21,1165.8541259765625,24770.19921875,50685.55078125,2508.39990234375,83.93,6.853,6.781,3.7780001163482666,3.638999938964844,3040.46,-839.45,157.111,136.303904538932,-34.19886,6.75,4.5,6.585873921966945,10261.0,18308.0
2024-08-22,1181.979736328125,24811.5,50985.69921875,2478.89990234375,83.93,6.852,6.778,3.861999988555908,3.7269999980926514,3040.46,-839.45,157.111,136.303904538932,-34.19886,6.75,4.5,6.585873921966945,10261.0,18308.0
2024-08-23,1194.2847900390625,24823.150390625,50933.44921875,2508.39990234375,83.91,6.859,6.784,3.806999921798706,3.650000095367432,3040.46,-839.45,157.111,136.303904538932,-34.19886,6.75,4.5,6.585873921966945,10261.0,18308.0
2024-08-26,1204.009765625,25010.599609375,51148.1015625,2517.699951171875,83.87,6.851,6.773,3.818000078201294,3.6640000343322754,3040.46,-839.45,157.111,136.303904538932,-34.19886,6.75,4.5,6.585873921966945,10261.0,18308.0
2024-08-27,1216.9598388671875,25017.75,51278.75,2516.0,83.91,6.861,6.782,3.8329999446868896,3.6570000648498535,3040.46,-839.45,157.111,136.303904538932,-34.19886,6.75,4.5,6.585873921966945,10261.0,18308.0
2024-08-28,1214.47900390625,25052.349609375,51143.8515625,2501.0,83.9,6.861,6.777,3.8410000801086426,3.6649999618530273,3040.46,-839.45,157.111,136.303904538932,-34.19886,6.75,4.5,6.585873921966945,10261.0,18308.0
2024-08-29,1212.5439453125,25151.94921875,51152.75,2525.699951171875,83.84,6.864,6.775,3.867000102996826,3.6679999828338623,3040.46,-839.45,157.111,136.303904538932,-34.19886,6.75,4.5,6.585873921966945,10261.0,18308.0
2024-08-30,1219.7879638671875,25235.900390625,51351.0,2493.800048828125,83.83,6.863,6.772,3.91100001335144,3.714999914169311,3040.46,-839.45,157.111,136.303904538932,-34.19886,6.75,4.5,6.585873921966945,10261.0,18308.0
2024-09-02,1220.5322265625,25278.69921875,51439.55078125,2493.800048828125,83.83,6.876,6.775,3.91100001335144,3.714999914169311,3040.46,-839.45,157.111,136.303904538932,-34.19886,6.75,4.5,6.585873921966945,10261.0,18308.0
2024-09-03,1238.1463623046875,25279.849609375,51689.1015625,2489.89990234375,83.94,6.87,6.774,3.8440001010894775,3.6559998989105225,3040.46,-839.45,157.111,136.303904538932,-34.19886,6.75,4.5,6.585873921966945,10261.0,18308.0
2024-09-04,1226.88330078125,25198.69921875,51400.25,2493.39990234375,83.95,6.859,6.763,3.76799988746643,3.565999984741211,3040.46,-839.45,157.111,136.303904538932,-34.19886,6.75,4.5,6.585873921966945,10261.0,18308.0
2024-09-05,1226.486328125,25145.099609375,51473.05078125,2511.39990234375,83.96,6.855,6.759,3.7309999465942383,3.5399999618530273,3040.46,-839.45,157.111,136.303904538932,-34.19886,6.75,4.5,6.585873921966945,10261.0,18308.0
2024-09-06,1198.899169921875,24852.150390625,50576.8515625,2493.5,83.91,6.854,6.752,3.7100000381469727,3.489000082015991,3040.46,-839.45,157.111,136.303904538932,-34.19886,6.75,4.5,6.585873921966945,10261.0,18308.0
2024-09-09,1225.5435791015625,24936.400390625,51117.80078125,2501.800048828125,83.93,6.854,6.748,3.697000026702881,3.486999988555908,3040.46,-839.45,157.111,136.303904538932,-34.19886,6.75,4.5,6.585873921966945,10261.0,18308.0
2024-09-10,1227.8260498046875,25041.099609375,51272.30078125,2512.300048828125,83.95,6.851,6.74,3.6459999084472656,3.427999973297119,3040.46,-839.45,157.111,136.303904538932,-34.19886,6.75,4.5,6.585873921966945,10261.0,18308.0
2024-09-11,1226.88330078125,24918.44921875,51010.0,2512.10009765625,83.95,6.83,6.723,3.6530001163482666,3.447000026702881,3040.46,-839.45,157.111,136.303904538932,-34.19886,6.75,4.5,6.585873921966945,10261.0,18308.0
2024-09-12,1242.5623779296875,25388.900390625,51772.3984375,2551.199951171875,83.92,6.811,6.718,3.680000066757202,3.4660000801086426,3040.46,-839.45,157.111,136.303904538932,-34.19886,6.75,4.5,6.585873921966945,10261.0,18308.0
2024-09-13,1240.7760009765625,25356.5,51938.05078125,2581.300048828125,83.88,6.792,6.701,3.650000095367432,3.424000024795532,3040.46,-839.45,157.111,136.303904538932,-34.19886,6.75,4.5,6.585873921966945,10261.0,18308.0
2024-09-16,1253.1802978515625,25383.75,52153.1484375,2580.39990234375,83.89,6.762,6.685,3.621000051498413,3.4049999713897705,3040.46,-839.45,157.111,136.303904538932,-34.19886,6.75,4.5,6.585873921966945,10261.0,18308.0
2024-09-17,1258.39013671875,25418.55078125,52188.6484375,2564.300048828125,83.75,6.779,6.688,3.6419999599456783,3.433000087738037,3040.46,-839.45,157.111,136.303904538932,-34.19886,6.75,4.5,6.585873921966945,10261.0,18308.0
2024-09-18,1278.485107421875,25377.55078125,52750.3984375,2570.699951171875,83.75,6.779,6.688,3.684999942779541,3.4649999141693115,3040.46,-839.45,157.111,136.303904538932,-34.19886,6.75,4.5,6.585873921966945,10261.0,18308.0
2024-09-19,1282.107177734375,25415.80078125,53037.6015625,2588.0,83.68,6.758,6.671,3.740000009536743,3.503000020980835,3040.46,-839.45,157.111,136.303904538932,-34.19886,6.75,4.5,6.585873921966945,10261.0,18308.0
2024-09-20,1328.201416015625,25790.94921875,53793.19921875,2619.89990234375,83.57,6.761,6.681,3.7279999256134033,3.4839999675750732,3040.46,-839.45,157.111,136.303904538932,-34.19886,6.75,4.5,6.585873921966945,10261.0,18308.0
2024-09-23,1311.7781982421875,25939.05078125,54105.80078125,2626.5,83.53,6.767,6.681,3.739000082015991,3.496000051498413,3040.46,-839.45,157.111,136.303904538932,-34.19886,6.75,4.5,6.585873921966945,10261.0,18308.0
2024-09-24,1308.50341796875,25940.400390625,53968.6015625,2651.199951171875,83.66,6.761,6.682,3.736000061035156,3.4790000915527344,3040.46,-839.45,157.111,136.303904538932,-34.19886,6.75,4.5,6.585873921966945,10261.0,18308.0
2024-09-25,1313.7132568359375,26004.150390625,54101.6484375,2659.199951171875,83.56,6.738,6.673,3.7809998989105225,3.5179998874664307,3040.46,-839.45,157.111,136.303904538932,-34.19886,6.75,4.5,6.585873921966945,10261.0,18308.0
2024-09-26,1318.87353515625,26216.05078125,54375.3515625,2669.89990234375,83.6,6.718,6.663,3.7909998893737793,3.559000015258789,3040.46,-839.45,157.111,136.303904538932,-34.19886,6.75,4.5,6.585873921966945,10261.0,18308.0
2024-09-27,1296.5953369140625,26178.94921875,53834.30078125,2644.300048828125,83.68,6.759,6.677,3.749000072479248,3.503000020980835,3040.46,-839.45,157.111,136.303904538932,-34.19886,6.75,4.5,6.585873921966945,10261.0,18308.0
2024-09-30,1263.252685546875,25810.849609375,52978.1015625,2636.10009765625,83.76,6.75,6.669,3.802000045776367,3.5769999027252197,3040.46,-839.45,157.111,136.303904538932,-34.19886,6.75,4.5,6.585873921966945,10261.0,18308.0
2024-10-01,1264.6419677734375,25796.900390625,52922.6015625,2667.300048828125,83.81,6.732,6.661,3.743000030517578,3.5209999084472656,3040.46,-839.45,159.2043,136.303904538932,-21.78575,6.75,4.5,7.360325080384933,10272.0,18678.0
2024-10-02,1264.6419677734375,25796.900390625,52922.6015625,2647.10009765625,83.81,6.732,6.661,3.785000085830689,3.552999973297119,3040.46,-839.45,159.2043,136.303904538932,-21.78575,6.75,4.5,7.360325080384933,10272.0,18678.0
2024-10-03,1246.7301025390625,25250.099609375,51845.19921875,2657.10009765625,84.0,6.777,6.694,3.849999904632568,3.634999990463257,3040.46,-839.45,159.2043,136.303904538932,-21.78575,6.75,4.5,7.360325080384933,10272.0,18678.0
2024-10-04,1230.2572021484375,25014.599609375,51462.05078125,2645.800048828125,83.99,6.829,6.739,3.9809999465942383,3.812999963760376,3040.46,-839.45,159.2043,136.303904538932,-21.78575,6.75,4.5,7.360325080384933,10272.0,18678.0
2024-10-07,1224.4520263671875,24795.75,50478.8984375,2644.800048828125,83.96,6.846,6.755,4.026000022888184,3.86899995803833,3040.46,-839.45,159.2043,136.303904538932,-21.78575,6.75,4.5,7.360325080384933,10272.0,18678.0
2024-10-08,1227.13134765625,25013.150390625,51021.0,2615.0,83.95,6.806,6.728,4.0329999923706055,3.864000082015991,3040.46,-839.45,159.2043,136.303904538932,-21.78575,6.75,4.5,7.360325080384933,10272.0,18678.0
2024-10-09,1234.62353515625,24981.94921875,51007.0,2606.0,83.93,6.766,6.685,4.066999912261963,3.9079999923706055,3040.46,-839.45,159.2043,136.303904538932,-21.78575,6.75,4.5,7.360325080384933,10272.0,18678.0
2024-10-10,1233.978515625,24998.44921875,51530.8984375,2620.60009765625,83.94,6.776,6.694,4.0960001945495605,3.9189999103546143,3040.46,-839.45,159.2043,136.303904538932,-21.78575,6.75,4.5,7.360325080384933,10272.0,18678.0
2024-10-11,1213.635498046875,24964.25,51172.30078125,2657.60009765625,84.08,6.788,6.695,4.072999954223633,3.878999948501587,3040.46,-839.45,159.2043,136.303904538932,-21.78575,6.75,4.5,7.360325080384933,10272.0,18678.0
2024-10-14,1222.3184814453125,25127.94921875,51816.8984375,2647.800048828125,84.08,6.782,6.687,4.0980000495910645,3.900000095367432,3040.46,-839.45,159.2043,136.303904538932,-21.78575,6.75,4.5,7.360325080384933,10272.0,18678.0
2024-10-15,1245.8865966796875,25057.349609375,51906.0,2661.39990234375,84.04,6.769,6.681,4.038000106811523,3.859999895095825,3040.46,-839.45,159.2043,136.303904538932,-21.78575,6.75,4.5,7.360325080384933,10272.0,18678.0
2024-10-16,1233.6312255859375,24971.30078125,51801.05078125,2674.0,84.01,6.773,6.682,4.015999794006348,3.8420000076293945,3040.46,-839.45,159.2043,136.303904538932,-21.78575,6.75,4.5,7.360325080384933,10272.0,18678.0
2024-10-17,1221.8223876953125,24749.849609375,51288.80078125,2691.0,84.04,6.784,6.692,4.0960001945495605,3.9089999198913574,3040.46,-839.45,159.2043,136.303904538932,-21.78575,6.75,4.5,7.360325080384933,10272.0,18678.0
2024-10-18,1254.8177490234375,24854.05078125,52094.19921875,2713.699951171875,84.03,6.809,6.717,4.072999954223633,3.875999927520752,3040.46,-839.45,159.2043,136.303904538932,-21.78575,6.75,4.5,7.360325080384933,10272.0,18678.0
2024-10-21,1249.4095458984375,24781.099609375,51962.69921875,2723.10009765625,84.07,6.837,6.739,4.182000160217285,3.9760000705718994,3040.46,-839.45,159.2043,136.303904538932,-21.78575,6.75,4.5,7.360325080384933,10272.0,18678.0
2024-10-22,1257.7947998046875,24472.099609375,51257.1484375,2744.199951171875,84.06,6.832,6.743,4.203999996185303,4.005000114440918,3040.46,-839.45,159.2043,136.303904538932,-21.78575,6.75,4.5,7.360325080384933,10272.0,18678.0
2024-10-23,1242.0164794921875,24435.5,51239.0,2714.39990234375,84.06,6.818,6.741,4.242000102996826,4.057000160217285,3040.46,-839.45,159.2043,136.303904538932,-21.78575,6.75,4.5,7.360325080384933,10272.0,18678.0
2024-10-24,1243.15771484375,24399.400390625,51531.1484375,2734.89990234375,84.05,6.822,6.745,4.199999809265137,4.019000053405762,3040.46,-839.45,159.2043,136.303904538932,-21.78575,6.75,4.5,7.360325080384933,10272.0,18678.0
2024-10-25,1245.8370361328125,24180.80078125,50787.44921875,2740.89990234375,84.06,6.845,6.763,4.23199987411499,4.051000118255615,3040.46,-839.45,159.2043,136.303904538932,-21.78575,6.75,4.5,7.360325080384933,10272.0,18678.0
2024-10-28,1282.95068359375,24339.150390625,51259.30078125,2742.89990234375,84.05,6.861,6.78,4.2779998779296875,4.107999801635742,3040.46,-839.45,159.2043,136.303904538932,-21.78575,6.75,4.5,7.360325080384933,10272.0,18678.0
2024-10-29,1321.6519775390625,24466.849609375,52320.69921875,2768.39990234375,84.04,6.847,6.766,4.27400016784668,4.104000091552734,3040.46,-839.45,159.2043,136.303904538932,-21.78575,6.75,4.5,7.360325080384933,10272.0,18678.0
2024-10-30,1302.1029052734375,24340.849609375,51807.5,2788.5,84.07,6.827,6.75,4.265999794006348,4.126999855041504,3040.46,-839.45,159.2043,136.303904538932,-21.78575,6.75,4.5,7.360325080384933,10272.0,18678.0
2024-10-31,1282.355224609375,24205.349609375,51475.3515625,2738.300048828125,84.06,6.841,6.774,4.283999919891357,4.15500020980835,3040.46,-839.45,159.2043,136.303904538932,-21.78575,6.75,4.5,7.360325080384933,10272.0,18678.0
2024-11-01,1281.90869140625,24304.349609375,51673.8984375,2738.60009765625,84.03,6.841,6.774,4.361000061035156,4.209000110626221,3040.46,-839.45,159.2043,136.303904538932,-30.24935,6.75,4.5,7.360325080384933,10272.0,18678.0
2024-11-04,1267.42041015625,23995.349609375,51215.25,2736.10009765625,84.11,6.797,6.767,4.309000015258789,4.166999816894531,3040.46,-839.45,159.2043,136.303904538932,-30.24935,6.75,4.5,7.360325080384933,10272.0,18678.0
2024-11-05,1286.7711181640625,24213.30078125,52207.25,2740.300048828125,84.1,6.799,6.763,4.289000034332275,4.171999931335449,3040.46,-839.45,159.2043,136.303904538932,-30.24935,6.75,4.5,7.360325080384933,10272.0,18678.0
2024-11-06,1292.3779296875,24484.05078125,52317.3984375,2667.60009765625,84.31,6.798,6.771,4.426000118255615,4.271999835968018,3040.46,-839.45,159.2043,136.303904538932,-30.24935,6.75,4.5,7.360325080384933,10272.0,18678.0
2024-11-07,1268.908935546875,24199.349609375,51916.5,2698.39990234375,84.37,6.796,6.767,4.341000080108643,4.191999912261963,3040.46,-839.45,159.2043,136.303904538932,-30.24935,6.75,4.5,7.360325080384933,10272.0,18678.0
2024-11-08,1249.2109375,24148.19921875,51561.19921875,2687.5,84.34,6.774,6.751,4.306000232696533,4.191999912261963,3040.46,-839.45,159.2043,136.303904538932,-30.24935,6.75,4.5,7.360325080384933,10272.0,18678.0
2024-11-11,1259.5810546875,24141.30078125,51876.75,2611.199951171875,84.34,6.785,6.761,4.308000087738037,4.195000171661377,3040.46,-839.45,159.2043,136.303904538932,-30.24935,6.75,4.5,7.360325080384933,10272.0,18678.0
2024-11-12,1260.8709716796875,23883.44921875,51157.80078125,2600.0,84.38,6.795,6.774,4.432000160217285,4.314000129699707,3040.46,-839.45,159.2043,136.303904538932,-30.24935,6.75,4.5,7.360325080384933,10272.0,18678.0
2024-11-13,1244.100341796875,23559.05078125,50088.3515625,2580.800048828125,84.39,6.804,6.772,4.451000213623047,4.301000118255615,3040.46,-839.45,159.2043,136.303904538932,-30.24935,6.75,4.5,7.360325080384933,10272.0,18678.0
2024-11-14,1247.325439453125,23532.69921875,50179.55078125,2568.199951171875,84.42,6.827,6.807,4.418000221252441,4.291999816894531,3040.46,-839.45,159.2043,136.303904538932,-30.24935,6.75,4.5,7.360325080384933,10272.0,18678.0
2024-11-15,1247.325439453125,23532.69921875,50179.55078125,2565.699951171875,84.41,6.827,6.807,4.427999973297119,4.297999858856201,3040.46,-839.45,159.2043,136.303904538932,-30.24935,6.75,4.5,7.360325080384933,10272.0,18678.0
2024-11-18,1243.852294921875,23453.80078125,50363.80078125,2610.60009765625,84.37,6.821,6.797,4.414000034332275,4.2769999504089355,3040.46,-839.45,159.2043,136.303904538932,-30.24935,6.75,4.5,7.360325080384933,10272.0,18678.0
2024-11-19,1239.53564453125,23518.5,50626.5,2627.10009765625,84.36,6.811,6.788,4.379000186920166,4.245999813079834,3040.46,-839.45,159.2043,136.303904538932,-30.24935,6.75,4.5,7.360325080384933,10272.0,18678.0
2024-11-20,1239.53564453125,23518.5,50626.5,2648.199951171875,84.41,6.811,6.788,4.406000137329102,4.275000095367432,3040.46,-839.45,159.2043,136.303904538932,-30.24935,6.75,4.5,7.360325080384933,10272.0,18678.0
2024-11-21,1240.974609375,23349.900390625,50372.8984375,2672.10009765625,84.48,6.831,6.799,4.432000160217285,4.304999828338623,3040.46,-839.45,159.2043,136.303904538932,-30.24935,6.75,4.5,7.360325080384933,10272.0,18678.0
2024-11-22,1268.2640380859375,23907.25,51135.3984375,2709.89990234375,84.44,6.85,6.816,4.409999847412109,4.297999858856201,3040.46,-839.45,159.2043,136.303904538932,-30.24935,6.75,4.5,7.360325080384933,10272.0,18678.0
2024-11-25,1290.9886474609375,24221.900390625,52207.5,2616.800048828125,84.24,6.822,6.793,4.264999866485596,4.171999931335449,3040.46,-839.45,159.2043,136.303904538932,-30.24935,6.75,4.5,7.360325080384933,10272.0,18678.0
2024-11-26,1294.9580078125,24194.5,52191.5,2620.300048828125,84.27,6.827,6.793,4.302000045776367,4.190000057220459,3040.46,-839.45,159.2043,136.303904538932,-30.24935,6.75,4.5,7.360325080384933,10272.0,18678.0
2024-11-27,1290.740478515625,24274.900390625,52301.80078125,2639.89990234375,84.41,6.812,6.783,4.242000102996826,4.11299991607666,3040.46,-839.45,159.2043,136.303904538932,-30.24935,6.75,4.5,7.360325080384933,10272.0,18678.0
2024-11-28,1276.5003662109375,23914.150390625,51906.8515625,2639.89990234375,84.41,6.805,6.77,4.242000102996826,4.11299991607666,3040.46,-839.45,159.2043,136.303904538932,-30.24935,6.75,4.5,7.360325080384933,10272.0,18678.0
2024-11-29,1290.1451416015625,24131.099609375,52055.6015625,2657.0,84.48,6.751,6.705,4.177999973297119,4.054999828338623,3040.46,-839.45,159.2043,136.303904538932,-30.24935,6.75,4.5,7.360325080384933,10272.0,18678.0
2024-12-02,1294.6602783203125,24276.05078125,52109.0,2634.89990234375,84.74,6.71,6.63,4.196000099182129,4.09499979019165,3040.46,-839.45,159.2043,136.303904538932,-30.24935,6.75,4.5,7.360325080384933,10272.0,18678.0
2024-12-03,1298.381591796875,24457.150390625,52695.75,2644.699951171875,84.68,6.714,6.63,4.2230000495910645,4.105999946594238,3040.46,-839.45,159.2043,136.303904538932,-30.24935,6.75,4.5,7.360325080384933,10272.0,18678.0
2024-12-04,1305.9730224609375,24467.44921875,53266.8984375,2653.800048828125,84.69,6.686,6.619,4.179999828338623,4.061999797821045,3040.46,-839.45,159.2043,136.303904538932,-30.24935,6.75,4.5,7.360325080384933,10272.0,18678.0
2024-12-05,1326.2664794921875,24708.400390625,53603.55078125,2626.60009765625,84.68,6.68,6.615,4.179999828338623,4.076000213623047,3040.46,-839.45,159.2043,136.303904538932,-30.24935,6.75,4.5,7.360325080384933,10272.0,18678.0
2024-12-06,1318.5758056640625,24677.80078125,53509.5,2638.60009765625,84.67,6.74,6.675,4.151000022888184,4.033999919891357,3040.46,-839.45,159.2043,136.303904538932,-30.24935,6.75,4.5,7.360325080384933,10272.0,18678.0
2024-12-09,1312.1751708984375,24619.0,53407.75,2664.89990234375,84.72,6.717,6.661,4.198999881744385,4.072000026702881,3040.46,-839.45,159.2043,136.303904538932,-30.24935,6.75,4.5,7.360325080384933,10272.0,18678.0
2024-12-10,1320.2626953125,24610.05078125,53577.69921875,2697.60009765625,84.84,6.705,6.634,4.2210001945495605,4.0970001220703125,3040.46,-839.45,159.2043,136.303904538932,-30.24935,6.75,4.5,7.360325080384933,10272.0,18678.0
2024-12-11,1317.3353271484375,24641.80078125,53391.3515625,2733.800048828125,84.8,6.718,6.645,4.270999908447266,4.133999824523926,3040.46,-839.45,159.2043,136.303904538932,-30.24935,6.75,4.5,7.360325080384933,10272.0,18678.0
2024-12-12,1319.0718994140625,24548.69921875,53216.44921875,2687.5,84.84,6.736,6.664,4.323999881744385,4.176000118255615,3040.46,-839.45,159.2043,136.303904538932,-30.24935,6.75,4.5,7.360325080384933,10272.0,18678.0
2024-12-13,1334.6021728515625,24768.30078125,53583.80078125,2656.0,84.78,6.729,6.661,4.39900016784668,4.248000144958496,3040.46,-839.45,159.2043,136.303904538932,-30.24935,6.75,4.5,7.360325080384933,10272.0,18678.0
2024-12-16,1335.7928466796875,24668.25,53581.3515625,2651.39990234375,84.89,6.741,6.668,4.396999835968018,4.254000186920166,3040.46,-839.45,159.2043,136.303904538932,-30.24935,6.75,4.5,7.360325080384933,10272.0,18678.0
2024-12-17,1323.5374755859375,24336.0,52834.80078125,2644.39990234375,84.91,6.759,6.682,4.385000228881836,4.248000144958496,3040.46,-839.45,159.2043,136.303904538932,-30.24935,6.75,4.5,7.360325080384933,10272.0,18678.0
2024-12-18,1304.087646484375,24198.849609375,52139.55078125,2636.5,84.95,6.751,6.68,4.49399995803833,4.380000114440918,3040.46,-839.45,159.2043,136.303904538932,-30.24935,6.75,4.5,7.360325080384933,10272.0,18678.0
2024-12-19,1277.0462646484375,23951.69921875,51575.69921875,2592.199951171875,85.09,6.787,6.726,4.570000171661377,4.425000190734863,3040.46,-839.45,159.2043,136.303904538932,-30.24935,6.75,4.5,7.360325080384933,10272.0,18678.0
2024-12-20,1278.5347900390625,23587.5,50759.19921875,2628.699951171875,85.02,6.791,6.736,4.52400016784668,4.380000114440918,3040.46,-839.45,159.2043,136.303904538932,-30.24935,6.75,4.5,7.360325080384933,10272.0,18678.0
2024-12-23,1286.8704833984375,23753.44921875,51317.6015625,2612.300048828125,85.1,6.776,6.725,4.598999977111816,4.445000171661377,3040.46,-839.45,159.2043,136.303904538932,-30.24935,6.75,4.5,7.360325080384933,10272.0,18678.0
2024-12-24,1287.3170166015625,23727.650390625,51233.0,2620.0,85.14,6.776,6.732,4.591000080108643,4.438000202178955,3040.46,-839.45,159.2043,136.303904538932,-30.24935,6.75,4.5,7.360325080384933,10272.0,18678.0
2024-12-25,1287.3170166015625,23727.650390625,51233.0,2620.0,85.14,6.776,6.732,4.591000080108643,4.438000202178955,3040.46,-839.45,159.2043,136.303904538932,-30.24935,6.75,4.5,7.360325080384933,10272.0,18678.0
2024-12-26,1287.4161376953125,23750.19921875,51170.69921875,2638.800048828125,85.25,6.784,6.736,4.578999996185303,4.433000087738037,3040.46,-839.45,159.2043,136.303904538932,-30.24935,6.75,4.5,7.360325080384933,10272.0,18678.0
2024-12-27,1297.5382080078125,23813.400390625,51311.30078125,2617.199951171875,85.53,6.787,6.747,4.61899995803833,4.455999851226807,3040.46,-839.45,159.2043,136.303904538932,-30.24935,6.75,4.5,7.360325080384933,10272.0,18678.0
2024-12-30,1284.7369384765625,23644.900390625,50952.75,2606.10009765625,85.47,6.775,6.741,4.545000076293945,4.369999885559082,3040.46,-839.45,159.2043,136.303904538932,-30.24935,6.75,4.5,7.360325080384933,10272.0,18678.0
2024-12-31,1271.83642578125,23644.80078125,50860.19921875,2629.199951171875,85.55,6.759,6.724,4.572999954223633,4.380000114440918,3040.46,-839.45,159.2043,136.303904538932,-30.24935,6.75,4.5,7.360325080384933,10272.0,18678.0
2025-01-01,1273.8211669921875,23742.900390625,51060.6015625,2629.199951171875,85.55,6.779,6.726,4.572999954223633,4.380000114440918,3040.46,-839.45,157.772,136.303904538932,-23.38833,6.75,4.5,6.981049926220506,10708.0,19093.0
2025-01-02,1280.7178955078125,24188.650390625,51605.55078125,2658.89990234375,85.75,6.787,6.719,4.574999809265137,4.380000114440918,3040.46,-839.45,157.772,136.303904538932,-23.38833,6.75,4.5,6.981049926220506,10708.0,19093.0
2025-01-03,1255.363525390625,24004.75,50988.80078125,2645.0,85.75,6.779,6.717,4.5960001945495605,4.409999847412109,3040.46,-839.45,157.772,136.303904538932,-23.38833,6.75,4.5,6.981049926220506,10708.0,19093.0
2025-01-06,1254.4207763671875,23616.05078125,49922.0,2638.39990234375,85.7,6.763,6.699,4.618000030517578,4.421999931335449,3040.46,-839.45,157.772,136.303904538932,-23.38833,6.75,4.5,6.981049926220506,10708.0,19093.0
2025-01-07,1269.454833984375,23707.900390625,50202.1484375,2656.699951171875,85.74,6.746,6.682,4.683000087738037,4.465000152587891,3040.46,-839.45,157.772,136.303904538932,-23.38833,6.75,4.5,6.981049926220506,10708.0,19093.0
2025-01-08,1254.073486328125,23688.94921875,49835.05078125,2664.5,85.89,6.767,6.705,4.692999839782715,4.4670000076293945,3040.46,-839.45,157.772,136.303904538932,-23.38833,6.75,4.5,6.981049926220506,10708.0,19093.0
2025-01-09,1252.73388671875,23526.5,49503.5,2683.800048828125,85.87,6.764,6.704,4.692999839782715,4.4670000076293945,3040.46,-839.45,157.772,136.303904538932,-23.38833,6.75,4.5,6.981049926220506,10708.0,19093.0
2025-01-10,1240.2799072265625,23431.5,48734.1484375,2708.5,85.96,6.769,6.717,4.776000022888184,4.5929999351501465,3040.46,-839.45,157.772,136.303904538932,-23.38833,6.75,4.5,6.981049926220506,10708.0,19093.0
2025-01-13,1220.3338623046875,23085.94921875,48041.25,2673.5,86.69,6.843,6.811,4.802999973297119,4.617000102996826,3040.46,-839.45,157.772,136.303904538932,-23.38833,6.75,4.5,6.981049926220506,10708.0,19093.0
2025-01-14,1230.8031005859375,23176.05078125,48729.1484375,2677.5,86.63,6.829,6.792,4.788000106811523,4.590000152587891,3040.46,-839.45,157.772,136.303904538932,-23.38833,6.75,4.5,6.981049926220506,10708.0,19093.0
2025-01-15,1228.7686767578125,23213.19921875,48751.69921875,2712.5,86.37,6.813,6.761,4.6529998779296875,4.443999767303467,3040.46,-839.45,157.772,136.303904538932,-23.38833,6.75,4.5,6.981049926220506,10708.0,19093.0
2025-01-16,1239.53564453125,23311.80078125,49278.69921875,2746.39990234375,86.57,6.754,6.696,4.605999946594238,4.395999908447266,3040.46,-839.45,157.772,136.303904538932,-23.38833,6.75,4.5,6.981049926220506,10708.0,19093.0
2025-01-17,1216.066650390625,23203.19921875,48540.6015625,2744.300048828125,86.55,6.774,6.724,4.609000205993652,4.414000034332275,3040.46,-839.45,157.772,136.303904538932,-23.38833,6.75,4.5,6.981049926220506,10708.0,19093.0
2025-01-20,1223.50927734375,23344.75,49350.80078125,2744.300048828125,86.55,6.763,6.708,4.609000205993652,4.414000034332275,3040.46,-839.45,157.772,136.303904538932,-23.38833,6.75,4.5,6.981049926220506,10708.0,19093.0
2025-01-21,1186.9910888671875,23024.650390625,48570.8984375,2755.0,86.58,6.734,6.679,4.573999881744385,4.396999835968018,3040.46,-839.45,157.772,136.303904538932,-23.38833,6.75,4.5,6.981049926220506,10708.0,19093.0
2025-01-22,1191.258056640625,23155.349609375,48724.3984375,2767.60009765625,86.34,6.719,6.66,4.598999977111816,4.426000118255615,3040.46,-839.45,157.772,136.303904538932,-23.38833,6.75,4.5,6.981049926220506,10708.0,19093.0
2025-01-23,1192.5482177734375,23205.349609375,48589.0,2763.10009765625,86.42,6.736,6.666,4.638000011444092,4.441999912261963,3040.46,-839.45,157.772,136.303904538932,-23.38833,6.75,4.5,6.981049926220506,10708.0,19093.0
2025-01-24,1199.941162109375,23092.19921875,48367.80078125,2777.300048828125,86.2,6.72,6.646,4.625999927520752,4.427999973297119,3040.46,-839.45,157.772,136.303904538932,-23.38833,6.75,4.5,6.981049926220506,10708.0,19093.0
2025-01-27,1218.547607421875,22829.150390625,48064.6484375,2737.5,86.34,6.675,6.615,4.5279998779296875,4.326000213623047,3040.46,-839.45,157.772,136.303904538932,-23.38833,6.75,4.5,6.981049926220506,10708.0,19093.0
2025-01-28,1237.3525390625,22957.25,48866.8515625,2766.800048828125,86.52,6.681,6.626,4.551000118255615,4.34499979019165,3040.46,-839.45,157.772,136.303904538932,-23.38833,6.75,4.5,6.981049926220506,10708.0,19093.0
2025-01-29,1242.066162109375,23163.099609375,49165.94921875,2769.10009765625,86.61,6.683,6.629,4.554999828338623,4.35699987411499,3040.46,-839.45,157.772,136.303904538932,-23.38833,6.75,4.5,6.981049926220506,10708.0,19093.0
2025-01-30,1245.98583984375,23249.5,49311.94921875,2823.0,86.55,6.678,6.616,4.51200008392334,4.310999870300293,3040.46,-839.45,157.772,136.303904538932,-23.38833,6.75,4.5,6.981049926220506,10708.0,19093.0
2025-01-31,1243.2073974609375,23508.400390625,49587.19921875,2812.5,86.54,6.694,6.624,4.568999767303467,4.363999843597412,3040.46,-839.45,157.772,136.303904538932,-23.38833,6.75,4.5,6.981049926220506,10708.0,19093.0
2025-02-03,1243.40576171875,23361.05078125,49210.55078125,2833.89990234375,87.19,6.67,6.602,4.543000221252441,4.35699987411499,3040.46,-839.45,157.772,136.303904538932,-23.38833,6.75,4.5,6.981049926220506,10708.0,19093.0
2025-02-04,1258.4893798828125,23739.25,50157.94921875,2853.300048828125,87.06,6.672,6.593,4.513000011444092,4.317999839782715,3040.46,-839.45,157.772,136.303904538932,-23.38833,6.75,4.5,6.981049926220506,10708.0,19093.0
2025-02-05,1257.9931640625,23696.30078125,50343.05078125,2871.60009765625,87.08,6.664,6.589,4.421999931335449,4.243000030517578,3040.46,-839.45,157.772,136.303904538932,-23.38833,6.75,4.5,6.981049926220506,10708.0,19093.0
2025-02-06,1262.6572265625,23603.349609375,50382.1015625,2856.0,87.57,6.657,6.593,4.440000057220459,4.2729997634887695,3040.46,-839.45,157.772,136.303904538932,-23.38833,6.75,4.5,6.981049926220506,10708.0,19093.0
2025-02-07,1247.2760009765625,23559.94921875,50158.8515625,2867.300048828125,87.43,6.699,6.635,4.486999988555908,4.334000110626221,3040.46,-839.45,157.772,136.303904538932,-23.38833,6.75,4.5,6.981049926220506,10708.0,19093.0
2025-02-10,1252.9322509765625,23381.599609375,49981.0,2914.300048828125,87.45,6.713,6.631,4.493000030517578,4.333000183105469,3040.46,-839.45,157.772,136.303904538932,-23.38833,6.75,4.5,6.981049926220506,10708.0,19093.0
2025-02-11,1243.15771484375,23071.80078125,49403.3984375,2912.5,86.76,6.697,6.616,4.5370001792907715,4.369999885559082,3040.46,-839.45,157.772,136.303904538932,-23.38833,6.75,4.5,6.981049926220506,10708.0,19093.0
2025-02-12,1242.2149658203125,23045.25,49479.44921875,2909.0,86.9,6.697,6.632,4.63700008392334,4.484000205993652,3040.46,-839.45,157.772,136.303904538932,-23.38833,6.75,4.5,6.981049926220506,10708.0,19093.0
2025-02-13,1239.337158203125,23031.400390625,49359.8515625,2925.89990234375,86.89,6.712,6.633,4.525000095367432,4.386000156402588,3040.46,-839.45,157.772,136.303904538932,-23.38833,6.75,4.5,6.981049926220506,10708.0,19093.0
2025-02-14,1250.451416015625,22929.25,49099.44921875,2883.60009765625,86.82,6.705,6.629,4.4720001220703125,4.323999881744385,3040.46,-839.45,157.772,136.303904538932,-23.38833,6.75,4.5,6.981049926220506,10708.0,19093.0
2025-02-17,1241.5699462890625,22959.5,49258.8984375,2883.60009765625,86.82,6.692,6.644,4.4720001220703125,4.323999881744385,3040.46,-839.45,157.772,136.303904538932,-23.38833,6.75,4.5,6.981049926220506,10708.0,19093.0
2025-02-18,1233.531982421875,22945.30078125,49087.30078125,2931.60009765625,86.96,6.682,6.642,4.544000148773193,4.39300012588501,3040.46,-839.45,157.772,136.303904538932,-23.38833,6.75,4.5,6.981049926220506,10708.0,19093.0
2025-02-19,1251.9896240234375,22932.900390625,49570.1015625,2919.39990234375,86.96,6.682,6.642,4.534999847412109,4.369999885559082,3040.46,-839.45,157.772,136.303904538932,-23.38833,6.75,4.5,6.981049926220506,10708.0,19093.0
2025-02-20,1240.379150390625,22913.150390625,49334.55078125,2940.0,86.65,6.703,6.651,4.5,4.3420000076293945,3040.46,-839.45,157.772,136.303904538932,-23.38833,6.75,4.5,6.981049926220506,10708.0,19093.0
2025-02-21,1223.50927734375,22795.900390625,48981.19921875,2937.60009765625,86.7,6.708,6.66,4.420000076293945,4.257999897003174,3040.46,-839.45,157.772,136.303904538932,-23.38833,6.75,4.5,6.981049926220506,10708.0,19093.0
2025-02-24,1209.0211181640625,22553.349609375,48651.94921875,2947.89990234375,86.72,6.7,6.64,4.39300012588501,4.230000019073486,3040.46,-839.45,157.772,136.303904538932,-23.38833,6.75,4.5,6.981049926220506,10708.0,19093.0
2025-02-25,1214.7767333984375,22547.55078125,48608.3515625,2904.5,87.2,6.706,6.619,4.297999858856201,4.132999897003174,3040.46,-839.45,157.772,136.303904538932,-23.38833,6.75,4.5,6.981049926220506,10708.0,19093.0
2025-02-26,1214.7767333984375,22547.55078125,48608.3515625,2916.800048828125,87.2,6.706,6.619,4.249000072479248,4.077000141143799,3040.46,-839.45,157.772,136.303904538932,-23.38833,6.75,4.5,6.981049926220506,10708.0,19093.0
2025-02-27,1213.0897216796875,22545.05078125,48743.80078125,2883.199951171875,87.17,6.71,6.62,4.284999847412109,4.103000164031982,3040.46,-839.45,157.772,136.303904538932,-23.38833,6.75,4.5,6.981049926220506,10708.0,19093.0
2025-02-28,1194.8802490234375,22124.69921875,48344.69921875,2836.800048828125,87.5,6.72,6.64,4.230999946594238,4.0279998779296875,3040.46,-839.45,157.772,136.303904538932,-23.38833,6.75,4.5,6.981049926220506,10708.0,19093.0
2025-03-03,1196.964111328125,22119.30078125,48114.30078125,2890.199951171875,87.35,6.73,6.65,4.179999828338623,3.990999937057495,3040.46,-839.45,157.772,136.303904538932,-23.38833,6.75,4.5,6.981049926220506,10708.0,19093.0
2025-03-04,1201.1319580078125,22082.650390625,48245.19921875,2909.60009765625,87.26,6.74,6.65,4.210000038146973,4.002999782562256,3040.46,-839.45,157.772,136.303904538932,-23.38833,6.75,4.5,6.981049926220506,10708.0,19093.0
2025-03-05,1206.391357421875,22337.30078125,48489.94921875,2915.300048828125,86.95,6.71,6.62,4.264999866485596,4.056000232696533,3040.46,-839.45,157.772,136.303904538932,-23.38833,6.75,4.5,6.981049926220506,10708.0,19093.0
2025-03-06,1208.7235107421875,22544.69921875,48627.69921875,2916.60009765625,87.11,6.68,6.6,4.285999774932861,4.060999870300293,3040.46,-839.45,157.772,136.303904538932,-23.38833,6.75,4.5,6.981049926220506,10708.0,19093.0
2025-03-07,1205.250244140625,22552.5,48497.5,2904.699951171875,86.88,6.68,6.6,4.316999912261963,4.0929999351501465,3040.46,-839.45,157.772,136.303904538932,-23.38833,6.75,4.5,6.981049926220506,10708.0,19093.0
2025-03-10,1205.5478515625,22460.30078125,48216.80078125,2891.0,87.27,6.7,6.61,4.2129998207092285,3.973999977111816,3040.46,-839.45,157.772,136.303904538932,-23.38833,6.75,4.5,6.981049926220506,10708.0,19093.0
2025-03-11,1235.864013671875,22497.900390625,47853.94921875,2912.89990234375,87.16,6.69,6.59,4.288000106811523,4.041999816894531,3040.46,-839.45,157.772,136.303904538932,-23.38833,6.75,4.5,6.981049926220506,10708.0,19093.0
2025-03-12,1234.425048828125,22470.5,48056.6484375,2939.10009765625,87.16,6.68,6.59,4.317999839782715,4.078999996185303,3040.46,-839.45,157.772,136.303904538932,-23.38833,6.75,4.5,6.981049926220506,10708.0,19093.0
2025-03-13,1240.4783935546875,22397.19921875,48060.3984375,2984.300048828125,87.0,6.69,6.58,4.27400016784668,4.0279998779296875,3040.46,-839.45,157.772,136.303904538932,-23.38833,6.75,4.5,6.981049926220506,10708.0,19093.0
2025-03-14,1240.4783935546875,22397.19921875,48060.3984375,2994.5,87.0,6.69,6.58,4.308000087738037,4.081999778747559,3040.46,-839.45,157.772,136.303904538932,-23.38833,6.75,4.5,6.981049926220506,10708.0,19093.0
2025-03-17,1259.2833251953125,22508.75,48354.1484375,3000.0,86.79,6.69,6.59,4.306000232696533,4.0980000495910645,3040.46,-839.45,157.772,136.303904538932,-23.38833,6.75,4.5,6.981049926220506,10708.0,19093.0
2025-03-18,1259.2833251953125,22834.30078125,49314.5,3035.10009765625,86.5,6.67,6.57,4.281000137329102,4.070000171661377,3040.46,-839.45,157.772,136.303904538932,-23.38833,6.75,4.5,6.981049926220506,10708.0,19093.0
2025-03-19,1303.0455322265625,22907.599609375,49702.6015625,3035.89990234375,86.43,6.66,6.57,4.25600004196167,4.03000020980835,3040.46,-839.45,157.772,136.303904538932,-23.38833,6.75,4.5,6.981049926220506,10708.0,19093.0
2025-03-20,1311.5797119140625,23190.650390625,50062.8515625,3040.0,86.31,6.64,6.53,4.232999801635742,4.006999969482422,3040.46,-839.45,157.772,136.303904538932,-23.38833,6.75,4.5,6.981049926220506,10708.0,19093.0
2025-03-21,1332.81591796875,23350.400390625,50593.55078125,3018.199951171875,86.01,6.62,6.5,4.251999855041504,4.007999897003174,3040.46,-839.45,157.772,136.303904538932,-23.38833,6.75,4.5,6.981049926220506,10708.0,19093.0
2025-03-24,1347.750732421875,23658.349609375,51704.94921875,3013.10009765625,85.56,6.62,6.5,4.330999851226807,4.0970001220703125,3040.46,-839.45,157.772,136.303904538932,-23.38833,6.75,4.5,6.981049926220506,10708.0,19093.0
2025-03-25,1333.4112548828125,23668.650390625,51607.94921875,3023.699951171875,85.77,6.63,6.5,4.307000160217285,4.058000087738037,3040.46,-839.45,157.772,136.303904538932,-23.38833,6.75,4.5,6.981049926220506,10708.0,19093.0
2025-03-26,1325.6710205078125,23486.849609375,51209.0,3020.89990234375,85.71,6.6,6.48,4.3379998207092285,4.083000183105469,3040.46,-839.45,157.772,136.303904538932,-23.38833,6.75,4.5,6.981049926220506,10708.0,19093.0
2025-03-27,1326.415283203125,23591.94921875,51575.8515625,3060.199951171875,85.79,6.59,6.48,4.36899995803833,4.0980000495910645,3040.46,-839.45,157.772,136.303904538932,-23.38833,6.75,4.5,6.981049926220506,10708.0,19093.0
2025-03-28,1338.025634765625,23519.349609375,51564.8515625,3086.5,85.51,6.58,6.45,4.255000114440918,3.9809999465942383,3040.46,-839.45,157.772,136.303904538932,-23.38833,6.75,4.5,6.981049926220506,10708.0,19093.0
2025-03-31,1338.025634765625,23519.349609375,51564.8515625,3122.800048828125,85.43,6.58,6.45,4.245999813079834,3.9830000400543217,3040.46,-839.45,157.772,136.303904538932,-23.38833,6.75,4.5,6.981049926220506,10708.0,19093.0
2025-04-01,1308.3546142578125,23165.69921875,50827.5,3118.89990234375,85.46,6.58,6.45,4.156000137329102,3.910000085830689,3040.46,-839.45,157.772,136.303904538932,-28.20966,6.75,4.5,6.723407507650769,11059.0,19553.0
2025-04-02,1321.056640625,23332.349609375,51348.05078125,3139.89990234375,85.52,6.48,6.36,4.196000099182129,3.950999975204468,3040.46,-839.45,157.772,136.303904538932,-28.20966,6.75,4.5,6.723407507650769,11059.0,19553.0
2025-04-03,1319.3697509765625,23250.099609375,51597.3515625,3097.0,85.44,6.5,6.36,4.054999828338623,3.760999917984009,3040.46,-839.45,157.772,136.303904538932,-28.20966,6.75,4.5,6.723407507650769,11059.0,19553.0
2025-04-04,1325.07568359375,22904.44921875,51502.69921875,3012.0,85.24,6.46,6.3,3.984999895095825,3.7090001106262207,3040.46,-839.45,157.772,136.303904538932,-28.20966,6.75,4.5,6.723407507650769,11059.0,19553.0
2025-04-07,1277.6912841796875,22161.599609375,49860.1015625,2951.300048828125,85.85,6.48,6.33,4.15500020980835,3.839999914169311,3040.46,-839.45,157.772,136.303904538932,-28.20966,6.75,4.5,6.723407507650769,11059.0,19553.0
2025-04-08,1289.9466552734375,22535.849609375,50511.0,2968.39990234375,86.24,6.47,6.32,4.26200008392334,3.9140000343322754,3040.46,-839.45,157.772,136.303904538932,-28.20966,6.75,4.5,6.723407507650769,11059.0,19553.0
2025-04-09,1290.83984375,22399.150390625,50240.1484375,3056.5,86.64,6.44,6.26,4.400000095367432,4.10099983215332,3040.46,-839.45,157.772,136.303904538932,-28.20966,6.75,4.5,6.723407507650769,11059.0,19553.0
2025-04-10,1290.83984375,22399.150390625,50240.1484375,3155.199951171875,86.69,6.44,6.26,4.394000053405762,4.038000106811523,3040.46,-839.45,157.772,136.303904538932,-28.20966,6.75,4.5,6.723407507650769,11059.0,19553.0
2025-04-11,1301.606689453125,22828.55078125,51002.3515625,3222.199951171875,86.06,6.44,6.23,4.493000030517578,4.159999847412109,3040.46,-839.45,157.772,136.303904538932,-28.20966,6.75,4.5,6.723407507650769,11059.0,19553.0
2025-04-14,1301.606689453125,22828.55078125,51002.3515625,3204.800048828125,86.02,6.44,6.23,4.363999843597412,3.997999906539917,3040.46,-839.45,157.772,136.303904538932,-28.20966,6.75,4.5,6.723407507650769,11059.0,19553.0
2025-04-15,1339.8614501953125,23328.55078125,52379.5,3218.699951171875,85.76,6.41,6.18,4.322999954223633,3.963000059127808,3040.46,-839.45,157.772,136.303904538932,-28.20966,6.75,4.5,6.723407507650769,11059.0,19553.0
2025-04-16,1346.0140380859375,23437.19921875,53117.75,3326.60009765625,85.67,6.39,6.12,4.2789998054504395,3.9089999198913574,3040.46,-839.45,157.772,136.303904538932,-28.20966,6.75,4.5,6.723407507650769,11059.0,19553.0
2025-04-17,1395.9288330078125,23851.650390625,54290.19921875,3308.699951171875,85.37,6.37,6.1,4.333000183105469,3.941999912261963,3040.46,-839.45,157.772,136.303904538932,-28.20966,6.75,4.5,6.723407507650769,11059.0,19553.0
2025-04-18,1395.9288330078125,23851.650390625,54290.19921875,3308.699951171875,85.43,6.37,6.1,4.333000183105469,3.941999912261963,3040.46,-839.45,157.772,136.303904538932,-28.20966,6.75,4.5,6.723407507650769,11059.0,19553.0
2025-04-21,1399.0052490234375,24125.55078125,55304.5,3406.199951171875,85.18,6.32,6.08,4.40500020980835,3.9590001106262207,3040.46,-839.45,157.772,136.303904538932,-28.20966,6.75,4.5,6.723407507650769,11059.0,19553.0
2025-04-22,1405.6539306640625,24167.25,55647.19921875,3400.800048828125,85.19,6.32,6.08,4.388999938964844,3.9769999980926514,3040.46,-839.45,157.772,136.303904538932,-28.20966,6.75,4.5,6.723407507650769,11059.0,19553.0
2025-04-23,1413.493408203125,24328.94921875,55370.05078125,3276.300048828125,85.42,6.33,6.09,4.38700008392334,4.013999938964844,3040.46,-839.45,157.772,136.303904538932,-28.20966,6.75,4.5,6.723407507650769,11059.0,19553.0
2025-04-24,1391.95947265625,24246.69921875,55201.3984375,3332.0,85.3,6.32,6.1,4.304999828338623,3.927000045776367,3040.46,-839.45,157.772,136.303904538932,-28.20966,6.75,4.5,6.723407507650769,11059.0,19553.0
2025-04-25,1394.04345703125,24039.349609375,54664.05078125,3282.39990234375,85.43,6.36,6.14,4.265999794006348,3.884000062942505,3040.46,-839.45,157.772,136.303904538932,-28.20966,6.75,4.5,6.723407507650769,11059.0,19553.0
2025-04-28,1417.8597412109375,24328.5,55432.80078125,3332.5,85.02,6.342,6.15,4.216000080108643,3.815999984741211,3040.46,-839.45,157.772,136.303904538932,-28.20966,6.75,4.5,6.723407507650769,11059.0,19553.0
2025-04-29,1418.85205078125,24335.94921875,55391.25,3318.800048828125,85.27,6.358,6.08,4.172999858856201,3.775000095367432,3040.46,-839.45,157.772,136.303904538932,-28.20966,6.75,4.5,6.723407507650769,11059.0,19553.0
2025-04-30,1416.073486328125,24334.19921875,55087.1484375,3305.0,84.49,6.358,6.08,4.177000045776367,3.752000093460083,3040.46,-839.45,157.772,136.303904538932,-28.20966,6.75,4.5,6.723407507650769,11059.0,19553.0
2025-05-01,1416.073486328125,24334.19921875,55087.1484375,3210.0,84.58,6.356,6.08,4.230999946594238,3.811000108718872,3040.46,-839.45,157.772,136.303904538932,-21.44628,6.75,4.0,6.723407507650769,11059.0,19553.0
2025-05-02,1419.149658203125,24346.69921875,55115.3515625,3231.89990234375,84.5,6.356,6.08,4.322000026702881,3.931999921798706,3040.46,-839.45,157.772,136.303904538932,-21.44628,6.75,4.0,6.723407507650769,11059.0,19553.0
2025-05-05,1418.455078125,24461.150390625,54919.5,3311.300048828125,84.27,6.35,6.06,4.3429999351501465,3.943000078201294,3040.46,-839.45,157.772,136.303904538932,-21.44628,6.75,4.0,6.723407507650769,11059.0,19553.0
2025-05-06,1420.63818359375,24379.599609375,54271.3984375,3411.39990234375,84.45,6.337,6.043,4.308000087738037,3.8980000019073486,3040.46,-839.45,157.772,136.303904538932,-21.44628,6.75,4.0,6.723407507650769,11059.0,19553.0
2025-05-07,1424.4091796875,24414.400390625,54610.8984375,3381.39990234375,84.82,6.395,6.115,4.275000095367432,3.872999906539917,3040.46,-839.45,157.772,136.303904538932,-21.44628,6.75,4.0,6.723407507650769,11059.0,19553.0
2025-05-08,1424.5084228515625,24273.80078125,54365.6484375,3296.60009765625,85.67,6.377,6.083,4.373000144958496,3.99399995803833,3040.46,-839.45,157.772,136.303904538932,-21.44628,6.75,4.0,6.723407507650769,11059.0,19553.0
2025-05-09,1378.2652587890625,24008.0,53595.25,3335.39990234375,85.38,6.377,6.083,4.375,3.986999988555908,3040.46,-839.45,157.772,136.303904538932,-21.44628,6.75,4.0,6.723407507650769,11059.0,19553.0
2025-05-12,1437.4088134765625,24924.69921875,55382.8515625,3220.0,85.38,6.285,6.021,4.456999778747559,4.10099983215332,3040.46,-839.45,157.772,136.303904538932,-21.44628,6.75,4.0,6.723407507650769,11059.0,19553.0
2025-05-13,1419.6458740234375,24578.349609375,54940.8515625,3240.300048828125,85.35,6.242,5.99,4.499000072479248,4.120999813079834,3040.46,-839.45,157.772,136.303904538932,-21.44628,6.75,4.0,6.723407507650769,11059.0,19553.0
2025-05-14,1415.279541015625,24666.900390625,54801.30078125,3181.39990234375,85.29,6.231,5.968,4.5279998779296875,4.1620001792907715,3040.46,-839.45,157.772,136.303904538932,-21.44628,6.75,4.0,6.723407507650769,11059.0,19553.0
2025-05-15,1439.6912841796875,25062.099609375,55355.6015625,3220.699951171875,85.52,6.22,5.955,4.454999923706055,4.072999954223633,3040.46,-839.45,157.772,136.303904538932,-21.44628,6.75,4.0,6.723407507650769,11059.0,19553.0
2025-05-16,1442.86669921875,25019.80078125,55354.8984375,3182.0,85.49,6.22,5.955,4.440999984741211,4.064000129699707,3040.46,-839.45,157.772,136.303904538932,-21.44628,6.75,4.0,6.723407507650769,11059.0,19553.0
2025-05-19,1437.905029296875,24945.44921875,55420.69921875,3228.89990234375,85.37,6.23,5.955,4.474999904632568,4.080999851226807,3040.46,-839.45,157.772,136.303904538932,-21.44628,6.75,4.0,6.723407507650769,11059.0,19553.0
2025-05-20,1427.1876220703125,24683.900390625,54877.3515625,3280.300048828125,85.63,6.22,5.955,4.480999946594238,4.066999912261963,3040.46,-839.45,157.772,136.303904538932,-21.44628,6.75,4.0,6.723407507650769,11059.0,19553.0
2025-05-21,1433.637939453125,24813.44921875,55075.1015625,3309.300048828125,85.65,6.19,5.955,4.5960001945495605,4.1570000648498535,3040.46,-839.45,157.772,136.303904538932,-21.44628,6.75,4.0,6.723407507650769,11059.0,19553.0
2025-05-22,1431.057861328125,24609.69921875,54941.30078125,3292.300048828125,85.97,6.21,5.955,4.552999973297119,4.11299991607666,3040.46,-839.45,157.772,136.303904538932,-21.44628,6.75,4.0,6.723407507650769,11059.0,19553.0
2025-05-23,1438.698974609375,24853.150390625,55398.25,3363.60009765625,85.17,6.21,5.84,4.508999824523926,4.078000068664551,3040.46,-839.45,157.772,136.303904538932,-21.44628,6.75,4.0,6.723407507650769,11059.0,19553.0
2025-05-26,1449.4161376953125,25001.150390625,55572.0,3363.60009765625,85.17,6.2,5.83,4.508999824523926,4.078000068664551,3040.46,-839.45,157.772,136.303904538932,-21.44628,6.75,4.0,6.723407507650769,11059.0,19553.0
2025-05-27,1435.324951171875,24826.19921875,55352.80078125,3299.10009765625,85.3,6.2,5.84,4.434000015258789,4.0229997634887695,3040.46,-839.45,157.772,136.303904538932,-21.44628,6.75,4.0,6.723407507650769,11059.0,19553.0
2025-05-28,1442.6683349609375,24752.44921875,55417.0,3293.60009765625,85.39,6.16,5.82,4.4770002365112305,4.065000057220459,3040.46,-839.45,157.772,136.303904538932,-21.44628,6.75,4.0,6.723407507650769,11059.0,19553.0
2025-05-29,1445.3475341796875,24833.599609375,55546.05078125,3317.10009765625,85.49,6.18,5.82,4.423999786376953,3.997999906539917,3040.46,-839.45,157.772,136.303904538932,-21.44628,6.75,4.0,6.723407507650769,11059.0,19553.0
2025-05-30,1434.7296142578125,24750.69921875,55749.69921875,3288.89990234375,85.5,6.2,5.85,4.415999889373779,3.9790000915527344,3040.46,-839.45,157.772,136.303904538932,-21.44628,6.75,4.0,6.723407507650769,11059.0,19553.0
2025-06-02,1439.3935546875,24716.599609375,55903.3984375,3370.60009765625,85.33,6.22,5.83,4.461999893188477,4.017000198364258,3040.46,-839.45,157.772,136.303904538932,-21.44628,6.75,4.0,6.723407507650769,11059.0,19553.0
2025-06-03,1426.8900146484375,24542.5,55599.94921875,3350.199951171875,85.59,6.2,5.82,4.460000038146973,4.0279998779296875,3040.46,-839.45,157.772,136.303904538932,-21.44628,6.75,4.0,6.723407507650769,11059.0,19553.0
2025-06-04,1420.0428466796875,24620.19921875,55676.8515625,3373.5,85.85,6.21,5.83,4.364999771118164,3.931999921798706,3040.46,-839.45,157.772,136.303904538932,-21.44628,6.75,4.0,6.723407507650769,11059.0,19553.0
2025-06-05,1443.66064453125,24750.900390625,55760.8515625,3350.699951171875,85.8,6.18,5.82,4.394000053405762,3.989000082015991,3040.46,-839.45,157.772,136.303904538932,-21.44628,6.75,4.0,6.723407507650769,11059.0,19553.0
2025-06-06,1448.5230712890625,25003.05078125,56578.3984375,3322.699951171875,85.66,6.23,5.78,4.510000228881836,4.125999927520752,3040.46,-839.45,157.772,136.303904538932,-21.44628,6.75,4.0,6.723407507650769,11059.0,19553.0
2025-06-09,1423.8138427734375,25103.19921875,56839.6015625,3332.10009765625,85.64,6.27,5.86,4.48199987411499,4.085999965667725,3040.46,-839.45,157.772,136.303904538932,-21.44628,6.75,4.0,6.723407507650769,11059.0,19553.0
2025-06-10,1412.0048828125,25104.25,56629.1015625,3320.89990234375,85.57,6.28,5.89,4.473999977111816,4.084000110626221,3040.46,-839.45,157.772,136.303904538932,-21.44628,6.75,4.0,6.723407507650769,11059.0,19553.0
2025-06-11,1420.0428466796875,25141.400390625,56459.75,3321.300048828125,85.51,6.29,5.97,4.4120001792907715,4.008999824523926,3040.46,-839.45,157.772,136.303904538932,-21.44628,6.75,4.0,6.723407507650769,11059.0,19553.0
2025-06-12,1414.2872314453125,24888.19921875,56082.55078125,3380.89990234375,85.55,6.28,5.96,4.35699987411499,3.9600000381469727,3040.46,-839.45,157.772,136.303904538932,-21.44628,6.75,4.0,6.723407507650769,11059.0,19553.0
2025-06-13,1405.2569580078125,24718.599609375,55527.3515625,3431.199951171875,86.08,6.29,5.96,4.423999786376953,4.02400016784668,3040.46,-839.45,157.772,136.303904538932,-21.44628,6.75,4.0,6.723407507650769,11059.0,19553.0
2025-06-16,1415.9742431640625,24946.5,55944.8984375,3396.39990234375,86.05,6.26,5.95,4.452000141143799,4.034999847412109,3040.46,-839.45,157.772,136.303904538932,-21.44628,6.75,4.0,6.723407507650769,11059.0,19553.0
2025-06-17,1412.302490234375,24853.400390625,55714.1484375,3386.60009765625,86.29,6.25,5.92,4.39300012588501,3.989000082015991,3040.46,-839.45,157.772,136.303904538932,-21.44628,6.75,4.0,6.723407507650769,11059.0,19553.0
2025-06-18,1401.78369140625,24812.05078125,55828.75,3389.800048828125,86.49,6.25,5.93,4.396999835968018,3.993000030517578,3040.46,-839.45,157.772,136.303904538932,-21.44628,6.75,4.0,6.723407507650769,11059.0,19553.0
2025-06-19,1400.4937744140625,24793.25,55577.44921875,3389.800048828125,86.49,6.3,5.99,4.396999835968018,3.993000030517578,3040.46,-839.45,157.772,136.303904538932,-21.44628,6.75,4.0,6.723407507650769,11059.0,19553.0
2025-06-20,1416.1727294921875,25112.400390625,56252.8515625,3368.10009765625,86.58,6.31,5.99,4.375,3.9609999656677246,3040.46,-839.45,157.772,136.303904538932,-21.44628,6.75,4.0,6.723407507650769,11059.0,19553.0
2025-06-23,1409.226318359375,24971.900390625,56059.3515625,3377.699951171875,86.73,6.3,6.01,4.320000171661377,3.884000062942505,3040.46,-839.45,157.772,136.303904538932,-21.44628,6.75,4.0,6.723407507650769,11059.0,19553.0
2025-06-24,1413.1956787109375,25044.349609375,56461.8984375,3317.39990234375,85.92,6.24,5.97,4.293000221252441,3.8559999465942383,3040.46,-839.45,157.772,136.303904538932,-21.44628,6.75,4.0,6.723407507650769,11059.0,19553.0
2025-06-25,1414.8826904296875,25244.75,56621.1484375,3327.10009765625,86.04,6.28,6.0,4.293000221252441,3.8469998836517334,3040.46,-839.45,157.772,136.303904538932,-21.44628,6.75,4.0,6.723407507650769,11059.0,19553.0
2025-06-26,1428.080810546875,25549.0,57206.69921875,3333.5,85.66,6.27,6.0,4.252999782562256,3.799000024795532,3040.46,-839.45,157.772,136.303904538932,-21.44628,6.75,4.0,6.723407507650769,11059.0,19553.0
2025-06-27,1451.00390625,25637.80078125,57443.8984375,3273.699951171875,85.45,6.31,6.01,4.2829999923706055,3.828000068664551,3040.46,-839.45,157.772,136.303904538932,-21.44628,6.75,4.0,6.723407507650769,11059.0,19553.0
2025-06-30,1434.7296142578125,25517.05078125,57312.75,3294.39990234375,85.74,6.31,5.99,4.230000019073486,3.7950000762939458,3040.46,-839.45,157.772,136.303904538932,-21.44628,6.75,4.0,6.723407507650769,11059.0,19553.0
2025-07-01,1421.03515625,25541.80078125,57459.44921875,3336.699951171875,85.58,6.29,6.09,4.250999927520752,3.8420000076293945,3040.46,-839.45,157.772,136.303904538932,-25.64272,6.75,4.0,8.409534427331945,11746.0,20048.0
2025-07-02,1416.867431640625,25453.400390625,56999.19921875,3348.0,85.7,6.28,6.07,4.293000221252441,3.869999885559082,3040.46,-839.45,157.772,136.303904538932,-25.64272,6.75,4.0,8.409534427331945,11746.0,20048.0
2025-07-03,1414.98193359375,25405.30078125,56791.94921875,3331.60009765625,85.3,6.28,6.06,4.3480000495910645,3.938999891281128,3040.46,-839.45,157.772,136.303904538932,-25.64272,6.75,4.0,8.409534427331945,11746.0,20048.0
2025-07-04,1431.7525634765625,25461.0,57031.8984375,3332.5,85.3,6.29,6.04,4.3480000495910645,3.938999891281128,3040.46,-839.45,157.772,136.303904538932,-25.64272,6.75,4.0,8.409534427331945,11746.0,20048.0
2025-07-07,1424.706787109375,25461.30078125,56949.19921875,3332.199951171875,85.86,6.294,6.056,4.394999980926514,3.9660000801086426,3040.46,-839.45,157.772,136.303904538932,-25.64272,6.75,4.0,8.409534427331945,11746.0,20048.0
2025-07-08,1430.9586181640625,25522.5,57256.30078125,3307.0,85.75,6.306,6.064,4.414999961853027,3.984999895095825,3040.46,-839.45,157.772,136.303904538932,-25.64272,6.75,4.0,8.409534427331945,11746.0,20048.0
2025-07-09,1420.93603515625,25476.099609375,57213.55078125,3311.60009765625,85.69,6.314,6.07,4.3420000076293945,3.9200000762939458,3040.46,-839.45,157.772,136.303904538932,-25.64272,6.75,4.0,8.409534427331945,11746.0,20048.0
2025-07-10,1413.1956787109375,25355.25,56956.0,3317.39990234375,85.65,6.318,6.069,4.3460001945495605,3.930999994277954,3040.46,-839.45,157.772,136.303904538932,-25.64272,6.75,4.0,8.409534427331945,11746.0,20048.0
2025-07-11,1411.0125732421875,25149.849609375,56754.69921875,3356.0,85.8,6.304,6.089,4.422999858856201,3.992000102996826,3040.46,-839.45,157.772,136.303904538932,-25.64272,6.75,4.0,8.409534427331945,11746.0,20048.0
2025-07-14,1412.1041259765625,25082.30078125,56765.3515625,3351.5,85.99,6.311,6.11,4.427000045776367,3.984999895095825,3040.46,-839.45,157.772,136.303904538932,-25.64272,6.75,4.0,8.409534427331945,11746.0,20048.0
2025-07-15,1419.844482421875,25195.80078125,57006.6484375,3329.800048828125,85.82,6.313,6.097,4.488999843597412,4.050000190734863,3040.46,-839.45,157.772,136.303904538932,-25.64272,6.75,4.0,8.409534427331945,11746.0,20048.0
2025-07-16,1415.4781494140625,25212.05078125,57168.94921875,3352.5,85.96,6.313,6.1,4.454999923706055,3.984999895095825,3040.46,-839.45,157.772,136.303904538932,-25.64272,6.75,4.0,8.409534427331945,11746.0,20048.0
2025-07-17,1407.8370361328125,25111.44921875,56828.80078125,3340.10009765625,86.08,6.302,6.079,4.4629998207092285,4.00600004196167,3040.46,-839.45,157.772,136.303904538932,-25.64272,6.75,4.0,8.409534427331945,11746.0,20048.0
2025-07-18,1414.8826904296875,24968.400390625,56283.0,3353.0,86.1,6.305,6.047,4.432000160217285,3.961999893188477,3040.46,-839.45,157.772,136.303904538932,-25.64272,6.75,4.0,8.409534427331945,11746.0,20048.0
2025-07-21,1454.576416015625,25090.69921875,56952.75,3401.89990234375,86.3,6.299,6.058,4.372000217437744,3.9079999923706055,3040.46,-839.45,157.772,136.303904538932,-25.64272,6.75,4.0,8.409534427331945,11746.0,20048.0
2025-07-22,1462.316650390625,25060.900390625,56756.0,3439.199951171875,86.37,6.308,6.057,4.335999965667725,3.875999927520752,3040.46,-839.45,157.772,136.303904538932,-25.64272,6.75,4.0,8.409534427331945,11746.0,20048.0
2025-07-23,1477.2017822265625,25219.900390625,57210.44921875,3394.10009765625,86.41,6.312,6.064,4.388000011444092,3.934000015258789,3040.46,-839.45,157.772,136.303904538932,-25.64272,6.75,4.0,8.409534427331945,11746.0,20048.0
2025-07-24,1472.0416259765625,25062.099609375,57066.05078125,3371.0,86.39,6.329,6.076,4.4079999923706055,3.9709999561309814,3040.46,-839.45,157.772,136.303904538932,-25.64272,6.75,4.0,8.409534427331945,11746.0,20048.0
2025-07-25,1465.789794921875,24837.0,56528.8984375,3334.0,86.48,6.353,6.084,4.386000156402588,3.95199990272522,3040.46,-839.45,157.772,136.303904538932,-25.64272,6.75,4.0,8.409534427331945,11746.0,20048.0
2025-07-28,1477.00341796875,24680.900390625,56084.8984375,3309.10009765625,86.67,6.373,6.107,4.420000076293945,3.9769999980926514,3040.46,-839.45,157.772,136.303904538932,-25.64272,6.75,4.0,8.409534427331945,11746.0,20048.0
2025-07-29,1474.8201904296875,24821.099609375,56222.0,3323.39990234375,86.83,6.369,6.087,4.329999923706055,3.9059998989105225,3040.46,-839.45,157.772,136.303904538932,-25.64272,6.75,4.0,8.409534427331945,11746.0,20048.0
2025-07-30,1471.04931640625,24855.05078125,56150.69921875,3295.800048828125,87.44,6.365,6.102,4.375999927520752,3.964999914169311,3040.46,-839.45,157.772,136.303904538932,-25.64272,6.75,4.0,8.409534427331945,11746.0,20048.0
2025-07-31,1470.0570068359375,24768.349609375,55961.94921875,3293.199951171875,87.6,6.376,6.107,4.360000133514404,3.9600000381469727,3040.46,-839.45,157.772,136.303904538932,-25.64272,6.75,4.0,8.409534427331945,11746.0,20048.0
2025-08-01,1460.3319091796875,24565.349609375,55617.6015625,3347.699951171875,87.54,6.371,6.101,4.21999979019165,3.7709999084472656,3040.46,-839.45,157.772,136.303904538932,-26.31631,6.75,4.0,8.409534427331945,11746.0,20048.0
2025-08-04,1451.9962158203125,24722.75,55619.3515625,3374.39990234375,87.63,6.313,6.07,4.199999809265137,3.743000030517578,3040.46,-839.45,157.772,136.303904538932,-26.31631,6.75,4.0,8.409534427331945,11746.0,20048.0
2025-08-05,1433.3402099609375,24649.55078125,55360.25,3381.89990234375,87.8,6.324,6.072,4.196000099182129,3.76200008392334,3040.46,-839.45,157.772,136.303904538932,-26.31631,6.75,4.0,8.409534427331945,11746.0,20048.0
2025-08-06,1432.54638671875,24574.19921875,55411.1484375,3380.0,87.71,6.407,6.125,4.21999979019165,3.763999938964844,3040.46,-839.45,157.772,136.303904538932,-26.31631,6.75,4.0,8.409534427331945,11746.0,20048.0
2025-08-07,1429.271728515625,24596.150390625,55521.1484375,3400.300048828125,87.71,6.39,6.127,4.24399995803833,3.7899999618530273,3040.46,-839.45,157.772,136.303904538932,-26.31631,6.75,4.0,8.409534427331945,11746.0,20048.0
2025-08-08,1424.9053955078125,24363.30078125,55004.8984375,3439.10009765625,87.67,6.399,6.121,4.284999847412109,3.8299999237060542,3040.46,-839.45,157.772,136.303904538932,-26.31631,6.75,4.0,8.409534427331945,11746.0,20048.0
2025-08-11,1425.5999755859375,24585.05078125,55510.75,3353.10009765625,87.63,6.428,6.202,4.2729997634887695,3.822999954223633,3040.46,-839.45,157.772,136.303904538932,-26.31631,6.75,4.0,8.409534427331945,11746.0,20048.0
2025-08-12,1422.0,24487.400390625,55043.69921875,3348.89990234375,87.71,6.483,6.286,4.293000221252441,3.822000026702881,3040.46,-839.45,157.772,136.303904538932,-26.31631,6.75,4.0,8.409534427331945,11746.0,20048.0
2025-08-13,1420.800048828125,24619.349609375,55181.44921875,3358.699951171875,87.48,6.481,6.291,4.23799991607666,3.7699999809265137,3040.46,-839.45,157.772,136.303904538932,-26.31631,6.75,4.0,8.409534427331945,11746.0,20048.0
2025-08-14,1427.300048828125,24631.30078125,55341.8515625,3335.199951171875,87.56,6.404,6.234,4.293000221252441,3.821000099182129,3040.46,-839.45,157.772,136.303904538932,-26.31631,6.75,4.0,8.409534427331945,11746.0,20048.0
2025-08-15,1427.300048828125,24631.30078125,55341.8515625,3336.0,87.56,6.402,6.249,4.328000068664551,3.8450000286102295,3040.46,-839.45,157.772,136.303904538932,-26.31631,6.75,4.0,8.409534427331945,11746.0,20048.0
2025-08-18,1434.5999755859375,24876.94921875,55734.8984375,3331.699951171875,87.3,6.484,6.336,4.341000080108643,3.8550000190734863,3040.46,-839.45,157.772,136.303904538932,-26.31631,6.75,4.0,8.409534427331945,11746.0,20048.0
2025-08-19,1436.300048828125,24980.650390625,55865.1484375,3313.39990234375,87.02,6.512,6.358,4.302000045776367,3.822000026702881,3040.46,-839.45,157.772,136.303904538932,-26.31631,6.75,4.0,8.409534427331945,11746.0,20048.0
2025-08-20,1430.5999755859375,25050.55078125,55698.5,3343.39990234375,87.02,6.497,6.33,4.296000003814697,3.809999942779541,3040.46,-839.45,157.772,136.303904538932,-26.31631,6.75,4.0,8.409534427331945,11746.0,20048.0
2025-08-21,1446.0,25083.75,55755.44921875,3336.89990234375,87.31,6.525,6.326,4.329999923706055,3.85700011253357,3040.46,-839.45,157.772,136.303904538932,-26.31631,6.75,4.0,8.409534427331945,11746.0,20048.0
2025-08-22,1436.4000244140625,24870.099609375,55149.3984375,3374.39990234375,87.53,6.549,6.315,4.260000228881836,3.759000062942505,3040.46,-839.45,157.772,136.303904538932,-26.31631,6.75,4.0,8.409534427331945,11746.0,20048.0
2025-08-25,1433.199951171875,24967.75,55139.30078125,3373.800048828125,87.55,6.592,6.341,4.275000095367432,3.785000085830689,3040.46,-839.45,157.772,136.303904538932,-26.31631,6.75,4.0,8.409534427331945,11746.0,20048.0
2025-08-26,1416.5999755859375,24712.05078125,54450.44921875,3388.60009765625,87.68,6.617,6.378,4.257999897003174,3.740000009536743,3040.46,-839.45,157.772,136.303904538932,-26.31631,6.75,4.0,8.409534427331945,11746.0,20048.0
2025-08-27,1416.5999755859375,24712.05078125,54450.44921875,3404.60009765625,87.74,6.6,6.387,4.23799991607666,3.7049999237060542,3040.46,-839.45,157.772,136.303904538932,-26.31631,6.75,4.0,8.409534427331945,11746.0,20048.0
2025-08-28,1399.0999755859375,24500.900390625,53820.3515625,3431.800048828125,87.63,6.538,6.33,4.206999778747559,3.696000099182129,3040.46,-839.45,157.772,136.303904538932,-26.31631,6.75,4.0,8.409534427331945,11746.0,20048.0
2025-08-29,1397.800048828125,24426.849609375,53655.6484375,3473.699951171875,88.18,6.588,6.353,4.2270002365112305,3.6989998817443848,3040.46,-839.45,157.772,136.303904538932,-26.31631,6.75,4.0,8.409534427331945,11746.0,20048.0
2025-09-01,1411.0,24625.05078125,54002.44921875,3473.699951171875,88.18,6.585,6.357,4.2270002365112305,3.6989998817443848,3040.46,-839.45,157.772,136.303904538932,-31.38972,6.75,4.0,8.409534427331945,11746.0,20048.0
2025-09-02,1394.199951171875,24579.599609375,53661.0,3549.39990234375,88.15,6.569,6.357,4.2769999504089355,3.743000030517578,3040.46,-839.45,157.772,136.303904538932,-31.38972,6.75,4.0,8.409534427331945,11746.0,20048.0
2025-09-03,1397.0,24715.05078125,54067.55078125,3593.199951171875,88.06,6.541,6.354,4.210999965667725,3.684999942779541,3040.46,-839.45,157.772,136.303904538932,-31.38972,6.75,4.0,8.409534427331945,11746.0,20048.0
2025-09-04,1405.5,24734.30078125,54075.44921875,3565.800048828125,88.17,6.494,6.342,4.176000118255615,3.6530001163482666,3040.46,-839.45,157.772,136.303904538932,-31.38972,6.75,4.0,8.409534427331945,11746.0,20048.0
2025-09-05,1402.800048828125,24741.0,54114.55078125,3613.199951171875,88.25,6.461,6.316,4.085999965667725,3.5829999446868896,3040.46,-839.45,157.772,136.303904538932,-31.38972,6.75,4.0,8.409534427331945,11746.0,20048.0
2025-09-08,1402.699951171875,24773.150390625,54186.8984375,3638.10009765625,88.25,6.463,6.364,4.046000003814697,3.569999933242798,3040.46,-839.45,157.772,136.303904538932,-31.38972,6.75,4.0,8.409534427331945,11746.0,20048.0
2025-09-09,1403.699951171875,24868.599609375,54216.1015625,3643.300048828125,88.12,6.486,6.361,4.073999881744385,3.6010000705718994,3040.46,-839.45,157.772,136.303904538932,-31.38972,6.75,4.0,8.409534427331945,11746.0,20048.0
2025-09-10,1403.9000244140625,24973.099609375,54536.0,3643.60009765625,88.09,6.483,6.349,4.0320000648498535,3.5820000171661377,3040.46,-839.45,157.772,136.303904538932,-31.38972,6.75,4.0,8.409534427331945,11746.0,20048.0
2025-09-11,1401.5999755859375,25005.5,54669.6015625,3636.89990234375,88.44,6.472,6.376,4.011000156402588,3.578000068664551,3040.46,-839.45,157.772,136.303904538932,-31.38972,6.75,4.0,8.409534427331945,11746.0,20048.0
2025-09-12,1417.699951171875,25114.0,54809.30078125,3649.39990234375,88.28,6.483,6.314,4.060999870300293,3.625,3040.46,-839.45,157.772,136.303904538932,-31.38972,6.75,4.0,8.409534427331945,11746.0,20048.0
2025-09-15,1419.4000244140625,25069.19921875,54887.8515625,3682.199951171875,88.22,6.492,6.336,4.033999919891357,3.6019999980926514,3040.46,-839.45,157.772,136.303904538932,-31.38972,6.75,4.0,8.409534427331945,11746.0,20048.0
2025-09-16,1421.5999755859375,25239.099609375,55147.6015625,3688.89990234375,88.05,6.49,6.339,4.026000022888184,3.5829999446868896,3040.46,-839.45,157.772,136.303904538932,-31.38972,6.75,4.0,8.409534427331945,11746.0,20048.0
2025-09-17,1419.199951171875,25330.25,55493.30078125,3681.800048828125,87.77,6.466,6.278,4.076000213623047,3.6489999294281006,3040.46,-839.45,157.772,136.303904538932,-31.38972,6.75,4.0,8.409534427331945,11746.0,20048.0
2025-09-18,1421.699951171875,25423.599609375,55727.44921875,3643.699951171875,88.17,6.509,6.277,4.104000091552734,3.663000106811523,3040.46,-839.45,157.772,136.303904538932,-31.38972,6.75,4.0,8.409534427331945,11746.0,20048.0
2025-09-19,1402.199951171875,25327.05078125,55458.8515625,3671.5,88.06,6.489,6.223,4.138999938964844,3.690999984741211,3040.46,-839.45,157.772,136.303904538932,-31.38972,6.75,4.0,8.409534427331945,11746.0,20048.0
2025-09-22,1401.5,25202.349609375,55284.75,3740.699951171875,88.29,6.481,6.256,4.14300012588501,3.696000099182129,3040.46,-839.45,157.772,136.303904538932,-31.38972,6.75,4.0,8.409534427331945,11746.0,20048.0
2025-09-23,1394.300048828125,25169.5,55509.75,3780.60009765625,88.76,6.467,6.203,4.119999885559082,3.677000045776367,3040.46,-839.45,157.772,136.303904538932,-31.38972,6.75,4.0,8.409534427331945,11746.0,20048.0
2025-09-24,1382.699951171875,25056.900390625,55121.5,3732.10009765625,88.73,6.483,6.199,4.146999835968018,3.7100000381469727,3040.46,-839.45,157.772,136.303904538932,-31.38972,6.75,4.0,8.409534427331945,11746.0,20048.0
2025-09-25,1375.800048828125,24890.849609375,54976.19921875,3736.89990234375,88.7,6.492,6.211,4.171999931335449,3.7669999599456783,3040.46,-839.45,157.772,136.303904538932,-31.38972,6.75,4.0,8.409534427331945,11746.0,20048.0
2025-09-26,1359.5999755859375,24654.69921875,54389.3515625,3775.300048828125,88.65,6.517,6.222,4.186999797821045,3.7699999809265137,3040.46,-839.45,157.772,136.303904538932,-31.38972,6.75,4.0,8.409534427331945,11746.0,20048.0
2025-09-29,1348.0999755859375,24634.900390625,54461.0,3820.89990234375,88.76,6.563,6.267,4.140999794006348,3.740999937057495,3040.46,-839.45,157.772,136.303904538932,-31.38972,6.75,4.0,8.409534427331945,11746.0,20048.0
2025-09-30,1348.0,24611.099609375,54635.8515625,3840.800048828125,88.78,6.571,6.267,4.1479997634887695,3.73200011253357,3040.46,-839.45,157.772,136.303904538932,-31.38972,6.75,4.0,8.409534427331945,11746.0,20048.0
2025-10-01,1372.0,24836.30078125,55347.94921875,3867.5,88.69,6.523,6.115,4.105999946594238,3.680000066757202,3040.46,-839.45,157.772,136.303904538932,-37.15669,6.75,4.0,7.818079373214193,11792.0,20371.0
2025-10-02,1372.0,24836.30078125,55347.94921875,3839.699951171875,88.74,6.519,6.114,4.0879998207092285,3.67300009727478,3040.46,-839.45,157.772,136.303904538932,-37.15669,6.75,4.0,7.818079373214193,11792.0,20371.0
2025-10-03,1365.199951171875,24894.25,55589.25,3880.800048828125,88.78,6.514,6.102,4.11899995803833,3.7079999446868896,3040.46,-839.45,157.772,136.303904538932,-37.15669,6.75,4.0,7.818079373214193,11792.0,20371.0
2025-10-06,1363.4000244140625,25077.650390625,56104.8515625,3948.5,88.79,6.519,6.116,4.1620001792907715,3.744999885559082,3040.46,-839.45,157.772,136.303904538932,-37.15669,6.75,4.0,7.818079373214193,11792.0,20371.0
2025-10-07,1375.9000244140625,25108.30078125,56239.3515625,3976.60009765625,88.72,6.51,6.112,4.126999855041504,3.7060000896453857,3040.46,-839.45,157.772,136.303904538932,-37.15669,6.75,4.0,7.818079373214193,11792.0,20371.0
2025-10-08,1370.300048828125,25046.150390625,56018.25,4043.300048828125,88.77,6.504,6.106,4.129000186920166,3.7200000286102295,3040.46,-839.45,157.772,136.303904538932,-37.15669,6.75,4.0,7.818079373214193,11792.0,20371.0
2025-10-09,1376.199951171875,25181.80078125,56192.05078125,3946.300048828125,88.84,6.521,6.128,4.1479997634887695,3.740999937057495,3040.46,-839.45,157.772,136.303904538932,-37.15669,6.75,4.0,7.818079373214193,11792.0,20371.0
2025-10-10,1380.300048828125,25285.349609375,56609.75,3975.89990234375,88.72,6.531,6.138,4.051000118255615,3.6459999084472656,3040.46,-839.45,157.772,136.303904538932,-37.15669,6.75,4.0,7.818079373214193,11792.0,20371.0
2025-10-13,1379.4000244140625,25227.349609375,56625.0,4108.60009765625,88.72,6.518,6.148,4.051000118255615,3.6459999084472656,3040.46,-839.45,157.772,136.303904538932,-37.15669,6.75,4.0,7.818079373214193,11792.0,20371.0
2025-10-14,1384.0999755859375,25145.5,56496.44921875,4138.7001953125,88.76,6.507,6.125,4.021999835968018,3.6040000915527344,3040.46,-839.45,157.772,136.303904538932,-37.15669,6.75,4.0,7.818079373214193,11792.0,20371.0
2025-10-15,1398.4000244140625,25323.55078125,56799.8984375,4176.89990234375,87.98,6.484,6.109,4.046000003814697,3.630000114440918,3040.46,-839.45,157.772,136.303904538932,-37.15669,6.75,4.0,7.818079373214193,11792.0,20371.0
2025-10-16,1417.300048828125,25585.30078125,57422.55078125,4280.2001953125,87.81,6.503,6.134,3.9760000705718994,3.549999952316284,3040.46,-839.45,157.772,136.303904538932,-37.15669,6.75,4.0,7.818079373214193,11792.0,20371.0
2025-10-17,1436.5999755859375,25709.849609375,57713.3515625,4189.89990234375,87.99,6.506,6.119,4.006999969482422,3.5920000076293945,3040.46,-839.45,157.772,136.303904538932,-37.15669,6.75,4.0,7.818079373214193,11792.0,20371.0
2025-10-20,1390.300048828125,25843.150390625,58033.19921875,4336.39990234375,87.92,6.508,6.107,3.986000061035156,3.578000068664551,3040.46,-839.45,157.772,136.303904538932,-37.15669,6.75,4.0,7.818079373214193,11792.0,20371.0
2025-10-21,1382.0,25868.599609375,58007.19921875,4087.699951171875,87.97,6.507,6.111,3.963000059127808,3.559999942779541,3040.46,-839.45,157.772,136.303904538932,-37.15669,6.75,4.0,7.818079373214193,11792.0,20371.0
2025-10-22,1382.0,25868.599609375,58007.19921875,4044.39990234375,87.92,6.508,6.107,3.953000068664551,3.552000045776367,3040.46,-839.45,157.772,136.303904538932,-37.15669,6.75,4.0,7.818079373214193,11792.0,20371.0
2025-10-23,1363.699951171875,25891.400390625,58078.05078125,4125.5,87.85,6.539,6.135,3.990999937057495,3.5969998836517334,3040.46,-839.45,157.772,136.303904538932,-37.15669,6.75,4.0,7.818079373214193,11792.0,20371.0
2025-10-24,1377.699951171875,25795.150390625,57699.6015625,4118.39990234375,87.83,6.533,6.134,3.996999979019165,3.6019999980926514,3040.46,-839.45,157.772,136.303904538932,-37.15669,6.75,4.0,7.818079373214193,11792.0,20371.0
2025-10-27,1377.5999755859375,25966.05078125,58114.25,4001.89990234375,88.24,6.542,6.165,3.996999979019165,3.614000082015991,3040.46,-839.45,157.772,136.303904538932,-37.15669,6.75,4.0,7.818079373214193,11792.0,20371.0
2025-10-28,1363.0999755859375,25936.19921875,58214.1015625,3966.199951171875,88.21,6.533,6.174,3.9830000400543217,3.61299991607666,3040.46,-839.45,157.772,136.303904538932,-37.15669,6.75,4.0,7.818079373214193,11792.0,20371.0
2025-10-29,1370.4000244140625,26053.900390625,58385.25,3983.699951171875,88.2,6.537,6.16,4.058000087738037,3.697000026702881,3040.46,-839.45,157.772,136.303904538932,-37.15669,6.75,4.0,7.818079373214193,11792.0,20371.0
2025-10-30,1362.4000244140625,25877.849609375,58031.1015625,4001.300048828125,88.64,6.573,6.194,4.0929999351501465,3.7200000286102295,3040.46,-839.45,157.772,136.303904538932,-37.15669,6.75,4.0,7.818079373214193,11792.0,20371.0
2025-10-31,1345.300048828125,25722.099609375,57776.3515625,3982.199951171875,88.75,6.529,6.173,4.10099983215332,3.7170000076293945,3040.46,-839.45,157.772,136.303904538932,-37.15669,6.75,4.0,7.818079373214193,11792.0,20371.0
2025-11-03,1346.4000244140625,25763.349609375,58101.44921875,4000.300048828125,88.78,6.528,6.173,4.105999946594238,3.714999914169311,3040.46,-839.45,157.772,136.303904538932,-37.15669,6.75,4.0,7.818079373214193,11792.0,20371.0
2025-11-04,1336.9000244140625,25597.650390625,57827.05078125,3947.699951171875,88.67,6.53,6.16,4.089000225067139,3.700999975204468,3040.46,-839.45,157.772,136.303904538932,-37.15669,6.75,4.0,7.818079373214193,11792.0,20371.0
2025-11-05,1336.9000244140625,25597.650390625,57827.05078125,3980.300048828125,88.66,6.533,6.165,4.1570000648498535,3.765000104904175,3040.46,-839.45,157.772,136.303904538932,-37.15669,6.75,4.0,7.818079373214193,11792.0,20371.0
2025-11-06,1320.4000244140625,25509.69921875,57554.25,3979.89990234375,88.65,6.514,6.152,4.0929999351501465,3.688999891281128,3040.46,-839.45,157.772,136.303904538932,-37.15669,6.75,4.0,7.818079373214193,11792.0,20371.0
2025-11-07,1343.0,25492.30078125,57876.80078125,3999.39990234375,88.68,6.521,6.152,4.0929999351501465,3.680000066757202,3040.46,-839.45,157.772,136.303904538932,-37.15669,6.75,4.0,7.818079373214193,11792.0,20371.0
2025-11-10,1348.0,25574.349609375,57937.55078125,4111.7998046875,88.7,6.49,6.146,4.110000133514404,3.7100000381469727,3040.46,-839.45,157.772,136.303904538932,-37.15669,6.75,4.0,7.818079373214193,11792.0,20371.0
2025-11-11,1358.300048828125,25694.94921875,58138.1484375,4106.7998046875,88.7,6.499,6.157,4.119999885559082,3.7190001010894775,3040.46,-839.45,157.772,136.303904538932,-37.15669,6.75,4.0,7.818079373214193,11792.0,20371.0
2025-11-12,1358.9000244140625,25875.80078125,58274.6484375,4204.39990234375,88.58,6.483,6.162,4.065000057220459,3.6679999828338623,3040.46,-839.45,157.772,136.303904538932,-37.15669,6.75,4.0,7.818079373214193,11792.0,20371.0
2025-11-13,1385.9000244140625,25879.150390625,58381.94921875,4186.89990234375,88.66,6.511,6.166,4.111999988555908,3.703000068664551,3040.46,-839.45,157.772,136.303904538932,-37.15669,6.75,4.0,7.818079373214193,11792.0,20371.0
2025-11-14,1373.0,25910.05078125,58517.55078125,4087.60009765625,88.74,6.527,6.173,4.1479997634887695,3.734999895095825,3040.46,-839.45,157.772,136.303904538932,-37.15669,6.75,4.0,7.818079373214193,11792.0,20371.0
2025-11-17,1379.0,26013.44921875,58962.69921875,4068.300048828125,88.58,6.536,6.213,4.132999897003174,3.7209999561309814,3040.46,-839.45,157.772,136.303904538932,-37.15669,6.75,4.0,7.818079373214193,11792.0,20371.0
2025-11-18,1373.4000244140625,25910.05078125,58899.25,4061.300048828125,88.6,6.523,6.201,4.123000144958496,3.694000005722046,3040.46,-839.45,157.772,136.303904538932,-37.15669,6.75,4.0,7.818079373214193,11792.0,20371.0
2025-11-19,1383.0999755859375,26052.650390625,59216.05078125,4077.699951171875,88.58,6.532,6.198,4.132999897003174,3.7079999446868896,3040.46,-839.45,157.772,136.303904538932,-37.15669,6.75,4.0,7.818079373214193,11792.0,20371.0
2025-11-20,1383.0,26192.150390625,59347.69921875,4056.5,88.69,6.536,6.195,4.105999946594238,3.67300009727478,3040.46,-839.45,157.772,136.303904538932,-37.15669,6.75,4.0,7.818079373214193,11792.0,20371.0
2025-11-21,1369.5,26068.150390625,58867.69921875,4076.699951171875,89.54,6.56,6.206,4.063000202178955,3.618000030517578,3040.46,-839.45,157.772,136.303904538932,-37.15669,6.75,4.0,7.818079373214193,11792.0,20371.0
2025-11-24,1368.4000244140625,25959.5,58835.3515625,4091.89990234375,89.23,6.525,6.19,4.038000106811523,3.6050000190734863,3040.46,-839.45,157.772,136.303904538932,-37.15669,6.75,4.0,7.818079373214193,11792.0,20371.0
2025-11-25,1357.800048828125,25884.80078125,58820.30078125,4139.2001953125,89.16,6.491,6.117,4.001999855041504,3.565000057220459,3040.46,-839.45,157.772,136.303904538932,-37.15669,6.75,4.0,7.818079373214193,11792.0,20371.0
2025-11-26,1375.0,26205.30078125,59528.05078125,4165.2001953125,89.27,6.486,6.126,3.997999906539917,3.572000026702881,3040.46,-839.45,157.772,136.303904538932,-37.15669,6.75,4.0,7.818079373214193,11792.0,20371.0
2025-11-27,1392.199951171875,26215.55078125,59737.30078125,4165.2001953125,89.27,6.513,6.154,3.997999906539917,3.572000026702881,3040.46,-839.45,157.772,136.303904538932,-37.15669,6.75,4.0,7.818079373214193,11792.0,20371.0
2025-11-28,1388.800048828125,26202.94921875,59752.69921875,4218.2998046875,89.43,6.528,6.196,4.017000198364258,3.5999999046325684,3040.46,-839.45,157.772,136.303904538932,-37.15669,6.75,4.0,7.818079373214193,11792.0,20371.0
2025-12-01,1390.0999755859375,26175.75,59681.3515625,4239.2998046875,89.59,6.575,6.251,4.0960001945495605,3.67300009727478,3040.46,-839.45,157.772,136.303904538932,-24.2486,6.75,4.0,7.818079373214193,11792.0,20371.0
2025-12-02,1373.0,26032.19921875,59273.80078125,4186.60009765625,89.92,6.503,6.203,4.085999965667725,3.6589999198913574,3040.46,-839.45,157.772,136.303904538932,-24.2486,6.75,4.0,7.818079373214193,11792.0,20371.0
2025-12-03,1391.5,25986.0,59348.25,4199.2998046875,90.15,6.526,6.227,4.057000160217285,3.624000072479248,3040.46,-839.45,157.772,136.303904538932,-24.2486,6.75,4.0,7.818079373214193,11792.0,20371.0
2025-12-04,1386.699951171875,26033.75,59288.69921875,4211.7998046875,89.97,6.531,6.233,4.107999801635742,3.681999921798706,3040.46,-839.45,157.772,136.303904538932,-24.2486,6.75,4.0,7.818079373214193,11792.0,20371.0
2025-12-05,1392.5,26186.44921875,59777.19921875,4212.89990234375,89.97,6.5,6.185,4.138999938964844,3.714999914169311,3040.46,-839.45,157.772,136.303904538932,-24.2486,6.75,4.0,7.818079373214193,11792.0,20371.0
2025-12-08,1389.5999755859375,25960.55078125,59238.55078125,4187.2001953125,90.12,6.567,6.225,4.171999931335449,3.753000020980835,3040.46,-839.45,157.772,136.303904538932,-24.2486,6.75,4.0,7.818079373214193,11792.0,20371.0
2025-12-09,1375.199951171875,25839.650390625,59222.3515625,4206.7001953125,89.9,6.618,6.299,4.185999870300293,3.7799999713897705,3040.46,-839.45,157.772,136.303904538932,-24.2486,6.75,4.0,7.818079373214193,11792.0,20371.0
2025-12-10,1363.5999755859375,25758.0,58960.3984375,4196.39990234375,89.98,6.663,6.328,4.164000034332275,3.756999969482422,3040.46,-839.45,157.772,136.303904538932,-24.2486,6.75,4.0,7.818079373214193,11792.0,20371.0
2025-12-11,1360.0,25898.55078125,59209.8515625,4285.5,90.35,6.611,6.29,4.140999794006348,3.714999914169311,3040.46,-839.45,157.772,136.303904538932,-24.2486,6.75,4.0,7.818079373214193,11792.0,20371.0
2025-12-12,1366.0,26046.94921875,59389.94921875,4300.10009765625,90.41,6.596,6.318,4.193999767303467,3.750999927520752,3040.46,-839.45,157.772,136.303904538932,-24.2486,6.75,4.0,7.818079373214193,11792.0,20371.0
2025-12-15,1365.199951171875,26027.30078125,59461.80078125,4306.7001953125,90.7,6.594,6.323,4.182000160217285,3.7330000400543217,3040.46,-839.45,157.772,136.303904538932,-24.2486,6.75,4.0,7.818079373214193,11792.0,20371.0
2025-12-16,1366.0,25860.099609375,59034.6015625,4304.5,91.03,6.573,6.317,4.14900016784668,3.693000078201294,3040.46,-839.45,157.772,136.303904538932,-24.2486,6.75,4.0,7.818079373214193,11792.0,20371.0
2025-12-17,1352.4000244140625,25818.55078125,58926.75,4347.5,90.4,6.601,6.314,4.151000022888184,3.694999933242798,3040.46,-839.45,157.772,136.303904538932,-24.2486,6.75,4.0,7.818079373214193,11792.0,20371.0
2025-12-18,1356.800048828125,25815.55078125,58912.8515625,4339.5,90.25,6.57,6.314,4.116000175476074,3.660000085830689,3040.46,-839.45,157.772,136.303904538932,-24.2486,6.75,4.0,7.818079373214193,11792.0,20371.0
2025-12-19,1354.0999755859375,25966.400390625,59069.19921875,4361.39990234375,89.54,6.606,6.349,4.151000022888184,3.693000078201294,3040.46,-839.45,157.772,136.303904538932,-24.2486,6.75,4.0,7.818079373214193,11792.0,20371.0
2025-12-22,1368.5,26172.400390625,59304.0,4444.60009765625,89.64,6.669,6.433,4.169000148773193,3.7179999351501465,3040.46,-839.45,157.772,136.303904538932,-24.2486,6.75,4.0,7.818079373214193,11792.0,20371.0
2025-12-23,1363.0,26177.150390625,59299.55078125,4482.7998046875,89.67,6.637,6.402,4.169000148773193,3.7339999675750737,3040.46,-839.45,157.772,136.303904538932,-24.2486,6.75,4.0,7.818079373214193,11792.0,20371.0
2025-12-24,1359.800048828125,26142.099609375,59183.6015625,4480.60009765625,89.81,6.538,6.308,4.136000156402588,3.7170000076293945,3040.46,-839.45,157.772,136.303904538932,-24.2486,6.75,4.0,7.818079373214193,11792.0,20371.0
2025-12-25,1359.800048828125,26142.099609375,59183.6015625,4480.60009765625,89.81,6.538,6.308,4.136000156402588,3.7170000076293945,3040.46,-839.45,157.772,136.303904538932,-24.2486,6.75,4.0,7.818079373214193,11792.0,20371.0
2025-12-26,1350.4000244140625,26042.30078125,59011.3515625,4529.10009765625,89.78,6.56,6.332,4.136000156402588,3.697000026702881,3040.46,-839.45,157.772,136.303904538932,-24.2486,6.75,4.0,7.818079373214193,11792.0,20371.0
2025-12-29,1343.300048828125,25942.099609375,58932.3515625,4325.10009765625,89.97,6.595,6.338,4.116000175476074,3.677000045776367,3040.46,-839.45,157.772,136.303904538932,-24.2486,6.75,4.0,7.818079373214193,11792.0,20371.0
2025-12-30,1342.5,25938.849609375,59171.25,4370.10009765625,89.78,6.576,6.323,4.130000114440918,3.681999921798706,3040.46,-839.45,157.772,136.303904538932,-24.2486,6.75,4.0,7.818079373214193,11792.0,20371.0
2025-12-31,1342.9000244140625,26129.599609375,59581.8515625,4325.60009765625,89.84,6.588,6.309,4.163000106811523,3.7219998836517334,3040.46,-839.45,157.772,136.303904538932,-24.2486,6.75,4.0,7.818079373214193,11792.0,20371.0
2026-01-01,1338.0,26146.55078125,59711.55078125,4325.60009765625,89.84,6.581,6.314,4.163000106811523,3.7219998836517334,3040.46,-839.45,157.772,136.303904538932,-24.2486,6.75,4.0,7.818079373214193,12630.0,21193.0
2026-01-02,1355.4000244140625,26328.55078125,60150.94921875,4314.39990234375,90.19,6.609,6.332,4.186999797821045,3.739000082015991,3040.46,-839.45,157.772,136.303904538932,-24.2486,6.75,4.0,7.818079373214193,12630.0,21193.0
2026-01-05,1371.5,26250.30078125,60044.19921875,4436.89990234375,90.28,6.633,6.364,4.164999961853027,3.7100000381469727,3040.46,-839.45,157.772,136.303904538932,-24.2486,6.75,4.0,7.818079373214193,12630.0,21193.0
2026-01-06,1411.199951171875,26178.69921875,60118.3984375,4482.2001953125,90.18,6.612,6.344,4.178999900817871,3.7200000286102295,3040.46,-839.45,157.772,136.303904538932,-24.2486,6.75,4.0,7.818079373214193,12630.0,21193.0
2026-01-07,1427.699951171875,26140.75,59990.8515625,4449.2998046875,89.9,6.611,6.342,4.138000011444092,3.694000005722046,3040.46,-839.45,157.772,136.303904538932,-24.2486,6.75,4.0,7.818079373214193,12630.0,21193.0
2026-01-08,1435.0,25876.849609375,59686.5,4449.7001953125,90.02,6.63,6.357,4.183000087738037,3.736000061035156,3040.46,-839.45,157.772,136.303904538932,-24.2486,6.75,4.0,7.818079373214193,12630.0,21193.0
2026-01-09,1404.300048828125,25683.30078125,59251.55078125,4490.2998046875,90.16,6.636,6.375,4.171000003814697,3.756999969482422,3040.46,-839.45,157.772,136.303904538932,-24.2486,6.75,4.0,7.818079373214193,12630.0,21193.0
2026-01-12,1413.0999755859375,25790.25,59450.5,4604.2998046875,90.12,6.605,6.363,4.186999797821045,3.7669999599456783,3040.46,-839.45,157.772,136.303904538932,-24.2486,6.75,4.0,7.818079373214193,12630.0,21193.0
2026-01-13,1437.0,25732.30078125,59578.80078125,4589.2001953125,90.19,6.627,6.399,4.171000003814697,3.743000030517578,3040.46,-839.45,157.772,136.303904538932,-24.2486,6.75,4.0,7.818079373214193,12630.0,21193.0
2026-01-14,1418.4000244140625,25665.599609375,59580.1484375,4626.2998046875,90.24,6.647,6.432,4.139999866485596,3.7170000076293945,3040.46,-839.45,157.772,136.303904538932,-24.2486,6.75,4.0,7.818079373214193,12630.0,21193.0
2026-01-15,1418.4000244140625,25665.599609375,59580.1484375,4616.2998046875,90.26,6.647,6.431,4.159999847412109,3.76200008392334,3040.46,-839.45,157.772,136.303904538932,-24.2486,6.75,4.0,7.818079373214193,12630.0,21193.0
2026-01-16,1410.800048828125,25694.349609375,60095.1484375,4588.39990234375,90.87,6.678,6.47,4.230999946594238,3.828000068664551,3040.46,-839.45,157.772,136.303904538932,-24.2486,6.75,4.0,7.818079373214193,12630.0,21193.0
2026-01-19,1380.5999755859375,25585.5,59891.3515625,4588.39990234375,90.87,6.684,6.471,4.230999946594238,3.828000068664551,3040.46,-839.45,157.772,136.303904538932,-24.2486,6.75,4.0,7.818079373214193,12630.0,21193.0
2026-01-20,1375.800048828125,25232.5,59404.19921875,4759.60009765625,91.01,6.673,6.45,4.295000076293945,3.8580000400543217,3040.46,-839.45,157.772,136.303904538932,-24.2486,6.75,4.0,7.818079373214193,12630.0,21193.0
2026-01-21,1349.0,25157.5,58800.30078125,4831.7998046875,91.68,6.655,6.414,4.252999782562256,3.8310000896453857,3040.46,-839.45,157.772,136.303904538932,-24.2486,6.75,4.0,7.818079373214193,12630.0,21193.0
2026-01-22,1345.5,25289.900390625,59200.1015625,4908.7998046875,91.62,6.636,6.388,4.249000072479248,3.8469998836517334,3040.46,-839.45,157.772,136.303904538932,-24.2486,6.75,4.0,7.818079373214193,12630.0,21193.0
2026-01-23,1343.4000244140625,25048.650390625,58473.1015625,4976.2001953125,91.95,6.664,6.405,4.238999843597412,3.83899998664856,3040.46,-839.45,157.772,136.303904538932,-24.2486,6.75,4.0,7.818079373214193,12630.0,21193.0
2026-01-26,1343.4000244140625,25048.650390625,58473.1015625,5079.7001953125,91.95,6.664,6.405,4.2129998207092285,3.818000078201294,3040.46,-839.45,157.772,136.303904538932,-24.2486,6.75,4.0,7.818079373214193,12630.0,21193.0
2026-01-27,1361.4000244140625,25175.400390625,59205.44921875,5079.89990234375,91.72,6.719,6.448,4.2230000495910645,3.813999891281128,3040.46,-839.45,157.772,136.303904538932,-24.2486,6.75,4.0,7.818079373214193,12630.0,21193.0
2026-01-28,1367.699951171875,25342.75,59598.80078125,5301.60009765625,91.78,6.703,6.426,4.250999927520752,3.8420000076293945,3040.46,-839.45,157.772,136.303904538932,-24.2486,6.75,4.0,7.818079373214193,12630.0,21193.0
2026-01-29,1383.5999755859375,25418.900390625,59957.8515625,5318.39990234375,91.95,6.699,6.394,4.2270002365112305,3.805000066757202,3040.46,-839.45,157.772,136.303904538932,-24.2486,6.75,4.0,7.818079373214193,12630.0,21193.0
2026-01-30,1355.0,25320.650390625,59610.44921875,4713.89990234375,91.98,6.695,6.358,4.241000175476074,3.796999931335449,3040.46,-839.45,157.772,136.303904538932,-24.2486,6.75,4.0,7.818079373214193,12630.0,21193.0
2026-02-02,1352.800048828125,25088.400390625,58619.0,4622.5,91.51,6.769,6.576,4.275000095367432,3.8350000381469727,3040.46,-839.45,157.772,136.303904538932,-24.2486,6.75,4.0,7.818079373214193,12630.0,21193.0
2026-02-03,1389.699951171875,25727.55078125,60041.30078125,4903.7001953125,90.3,6.721,6.503,4.27400016784668,3.836999893188477,3040.46,-839.45,157.772,136.303904538932,-24.2486,6.75,4.0,7.818079373214193,12630.0,21193.0
2026-02-04,1408.4000244140625,25776.0,60238.1484375,4920.39990234375,90.36,6.695,6.458,4.275000095367432,3.8329999446868896,3040.46,-839.45,157.772,136.303904538932,-24.2486,6.75,4.0,7.818079373214193,12630.0,21193.0
2026-02-05,1396.5,25642.80078125,60063.6484375,4861.39990234375,90.33,6.651,6.445,4.210000038146973,3.75,3040.46,-839.45,157.772,136.303904538932,-24.2486,6.75,4.0,7.818079373214193,12630.0,21193.0
2026-02-06,1406.0999755859375,25693.69921875,60120.55078125,4951.2001953125,90.65,6.733,6.525,4.205999851226807,3.755000114440918,3040.46,-839.45,157.772,136.303904538932,-24.2486,6.75,4.0,7.818079373214193,12630.0,21193.0
2026-02-09,1396.300048828125,25867.30078125,60669.3515625,5050.89990234375,90.77,6.761,6.57,4.197999954223633,3.740999937057495,3040.46,-839.45,157.772,136.303904538932,-24.2486,6.75,4.0,7.818079373214193,12630.0,21193.0
2026-02-10,1406.5,25935.150390625,60626.3984375,5003.7998046875,90.57,6.727,6.481,4.146999835968018,3.6989998817443848,3040.46,-839.45,157.772,136.303904538932,-24.2486,6.75,4.0,7.818079373214193,12630.0,21193.0
2026-02-11,1406.0999755859375,25953.849609375,60745.3515625,5071.60009765625,90.69,6.71,6.496,4.171999931335449,3.740999937057495,3040.46,-839.45,157.772,136.303904538932,-24.2486,6.75,4.0,7.818079373214193,12630.0,21193.0
2026-02-12,1430.0,25807.19921875,60739.75,4923.7001953125,90.63,6.686,6.45,4.104000091552734,3.6679999828338623,3040.46,-839.45,157.772,136.303904538932,-24.2486,6.75,4.0,7.818079373214193,12630.0,21193.0
2026-02-13,1414.5999755859375,25471.099609375,60186.6484375,5022.0,90.64,6.677,6.428,4.056000232696533,3.6089999675750737,3040.46,-839.45,157.772,136.303904538932,-24.2486,6.75,4.0,7.818079373214193,12630.0,21193.0
2026-02-16,1411.5999755859375,25682.75,60949.1015625,5022.0,90.64,6.668,6.421,4.056000232696533,3.6089999675750737,3040.46,-839.45,157.772,136.303904538932,-24.2486,6.75,4.0,7.818079373214193,12630.0,21193.0
2026-02-17,1407.5,25725.400390625,61174.0,4882.89990234375,90.63,6.659,6.405,4.052000045776367,3.621000051498413,3040.46,-839.45,157.772,136.303904538932,-24.2486,6.75,4.0,7.818079373214193,12630.0,21193.0
2026-02-18,1408.199951171875,25819.349609375,61550.80078125,4986.5,90.7,6.674,6.417,4.078999996185303,3.6449999809265137,3040.46,-839.45,157.772,136.303904538932,-24.2486,6.75,4.0,7.818079373214193,12630.0,21193.0
2026-02-19,1388.800048828125,25454.349609375,60739.55078125,4975.89990234375,90.68,6.674,6.417,4.074999809265137,3.6470000743865967,3040.46,-839.45,157.772,136.303904538932,-24.2486,6.75,4.0,7.818079373214193,12630.0,21193.0
2026-02-20,1394.5,25571.25,61172.0,5059.2998046875,90.98,6.725,6.456,4.085999965667725,3.650000095367432,3040.46,-839.45,157.772,136.303904538932,-24.2486,6.75,4.0,7.818079373214193,12630.0,21193.0
2026-02-23,1399.4000244140625,25713.0,61264.25,5204.7001953125,90.88,6.699,6.443,4.0289998054504395,3.5820000171661377,3040.46,-839.45,157.772,136.303904538932,-24.2486,6.75,4.0,7.818079373214193,12630.0,21193.0
2026-02-24,1384.800048828125,25424.650390625,61047.30078125,5155.7998046875,90.95,6.685,6.384,4.0329999923706055,3.5980000495910645,3040.46,-839.45,157.772,136.303904538932,-24.2486,6.75,4.0,7.818079373214193,12630.0,21193.0
2026-02-25,1400.5,25482.5,61043.3515625,5206.39990234375,90.95,6.682,6.387,4.047999858856201,3.61899995803833,3040.46,-839.45,157.772,136.303904538932,-24.2486,6.75,4.0,7.818079373214193,12630.0,21193.0
2026-02-26,1404.9000244140625,25496.55078125,61187.69921875,5176.5,90.92,6.69,6.39,4.017000198364258,3.5829999446868896,3040.46,-839.45,157.772,136.303904538932,-24.2486,6.75,4.0,7.818079373214193,12630.0,21193.0
2026-02-27,1378.9000244140625,25178.650390625,60529.0,5230.5,91.03,6.661,6.374,3.961999893188477,3.51200008392334,3040.46,-839.45,157.772,136.303904538932,-24.2486,6.75,4.0,7.818079373214193,12630.0,21193.0
2026-03-02,1374.0,24865.69921875,59839.6484375,5294.39990234375,91.47,6.68,6.311,4.047999858856201,3.621000051498413,3040.46,-839.45,157.772,136.303904538932,-24.2486,6.75,4.0,7.818079373214193,12630.0,21193.0
2026-03-03,1374.0,24865.69921875,59839.6484375,5107.39990234375,91.47,6.68,6.311,4.056000232696533,3.63100004196167,3040.46,-839.45,157.772,136.303904538932,-24.2486,6.75,4.0,7.818079373214193,12630.0,21193.0
2026-03-04,1365.4000244140625,24480.5,58755.25,5120.2001953125,92.08,6.669,6.345,4.079999923706055,3.6679999828338623,3040.46,-839.45,157.772,136.303904538932,-24.2486,6.75,4.0,7.818079373214193,12630.0,21193.0
2026-03-05,1357.5999755859375,24765.900390625,59055.8515625,5065.2998046875,91.58,6.638,6.332,4.145999908447266,3.743000030517578,3040.46,-839.45,157.772,136.303904538932,-24.2486,6.75,4.0,7.818079373214193,12630.0,21193.0
2026-03-06,1313.4000244140625,24450.44921875,57783.25,5146.10009765625,91.73,6.688,6.38,4.132999897003174,3.714999914169311,3040.46,-839.45,157.772,136.303904538932,-24.2486,6.75,4.0,7.818079373214193,12630.0,21193.0
2026-03-09,1278.4000244140625,24028.05078125,56019.80078125,5091.5,92.31,6.723,6.399,4.136000156402588,3.736000061035156,3040.46,-839.45,157.772,136.303904538932,-24.2486,6.75,4.0,7.818079373214193,12630.0,21193.0
2026-03-10,1311.9000244140625,24261.599609375,56950.80078125,5229.7001953125,91.85,6.671,6.342,4.136000156402588,3.714999914169311,3040.46,-839.45,157.772,136.303904538932,-24.2486,6.75,4.0,7.818079373214193,12630.0,21193.0
2026-03-11,1294.5999755859375,23866.849609375,55735.75,5167.39990234375,92.03,6.634,6.352,4.208000183105469,3.7820000648498535,3040.46,-839.45,157.772,136.303904538932,-24.2486,6.75,4.0,7.818079373214193,12630.0,21193.0
2026-03-12,1266.5,23639.150390625,55100.94921875,5115.7998046875,92.18,6.669,6.358,4.2729997634887695,3.884000062942505,3040.46,-839.45,157.772,136.303904538932,-24.2486,6.75,4.0,7.818079373214193,12630.0,21193.0
2026-03-13,1254.800048828125,23151.099609375,53757.8515625,5052.5,92.47,6.679,6.354,4.284999847412109,3.874000072479248,3040.46,-839.45,157.772,136.303904538932,-24.2486,6.75,4.0,7.818079373214193,12630.0,21193.0
2026-03-16,1272.9000244140625,23408.80078125,54413.3984375,4994.0,92.42,6.706,6.433,4.21999979019165,3.802999973297119,3040.46,-839.45,157.772,136.303904538932,-24.2486,6.75,4.0,7.818079373214193,12630.0,21193.0
2026-03-17,1288.699951171875,23581.150390625,54876.0,5001.0,92.36,6.717,6.416,4.202000141143799,3.78600001335144,3040.46,-839.45,157.772,136.303904538932,-24.2486,6.75,4.0,7.818079373214193,12630.0,21193.0
2026-03-18,1289.300048828125,23777.80078125,55326.05078125,4889.89990234375,92.87,6.729,6.41,4.258999824523926,3.861999988555908,3040.46,-839.45,157.772,136.303904538932,-24.2486,6.75,4.0,7.818079373214193,12630.0,21193.0
2026-03-19,1250.0999755859375,23002.150390625,53451.0,4600.7001953125,92.62,6.729,6.41,4.281000137329102,3.9189999103546143,3040.46,-839.45,157.772,136.303904538932,-24.2486,6.75,4.0,7.818079373214193,12630.0,21193.0
2026-03-20,1245.4000244140625,23114.5,53427.05078125,4570.39990234375,93.73,6.737,6.458,4.390999794006348,4.01200008392334,3040.46,-839.45,157.772,136.303904538932,-24.2486,6.75,4.0,7.818079373214193,12630.0,21193.0
2026-03-23,1222.699951171875,22512.650390625,51437.75,4404.10009765625,93.96,6.839,6.51,4.334000110626221,3.950000047683716,3040.46,-839.45,157.772,136.303904538932,-24.2486,6.75,4.0,7.818079373214193,12630.0,21193.0
2026-03-24,1251.199951171875,22912.400390625,52605.6484375,4399.2998046875,93.86,6.867,6.585,4.392000198364258,4.03000020980835,3040.46,-839.45,157.772,136.303904538932,-24.2486,6.75,4.0,7.818079373214193,12630.0,21193.0
2026-03-25,1259.699951171875,23306.44921875,53708.1015625,4549.7998046875,93.97,6.874,6.602,4.328000068664551,3.9700000286102295,3040.46,-839.45,157.772,136.303904538932,-24.2486,6.75,4.0,7.818079373214193,12630.0,21193.0
2026-03-26,1259.699951171875,23306.44921875,53708.1015625,4375.5,93.97,6.874,6.602,4.415999889373779,4.09499979019165,3040.46,-839.45,157.772,136.303904538932,-24.2486,6.75,4.0,7.818079373214193,12630.0,21193.0
2026-03-27,1233.800048828125,22819.599609375,52274.6015625,4492.0,94.83,6.932,6.662,4.440000057220459,4.070000171661377,3040.46,-839.45,157.772,136.303904538932,-24.2486,6.75,4.0,7.818079373214193,12630.0,21193.0
2026-03-30,1205.9000244140625,22331.400390625,50275.3515625,4526.0,94.41,6.961,6.684,4.3420000076293945,3.9790000915527344,3040.46,-839.45,157.772,136.303904538932,-24.2486,6.75,4.0,7.818079373214193,12630.0,21193.0
2026-03-31,1205.9000244140625,22331.400390625,50275.3515625,4647.60009765625,93.83,6.961,6.684,4.310999870300293,3.944999933242798,3040.46,-839.45,157.772,136.303904538932,-24.2486,6.75,4.0,7.818079373214193,12630.0,21193.0
2026-04-01,1212.699951171875,22679.400390625,51448.6484375,4783.2001953125,93.21,6.96,6.684,4.318999767303467,3.9549999237060542,3040.46,-839.45,157.772,136.303904538932,-24.2486,6.75,4.0,7.818079373214193,12768.0,21000.0
2026-04-02,1215.800048828125,22713.099609375,51548.75,4651.5,93.09,7.129,6.839,4.313000202178955,3.947999954223633,3040.46,-839.45,157.772,136.303904538932,-24.2486,6.75,4.0,7.818079373214193,12768.0,21000.0
2026-04-03,1215.800048828125,22713.099609375,51548.75,4651.5,93.09,7.129,6.839,4.313000202178955,3.947999954223633,3040.46,-839.45,157.772,136.303904538932,-24.2486,6.75,4.0,7.818079373214193,12768.0,21000.0
2026-04-06,1231.4000244140625,22968.25,52609.1015625,4656.7998046875,93.06,7.043,6.794,4.335000038146973,3.9809999465942383,3040.46,-839.45,157.772,136.303904538932,-24.2486,6.75,4.0,7.818079373214193,12768.0,21000.0
2026-04-07,1245.5,23123.650390625,52716.25,4657.10009765625,92.96,7.042,6.765,4.3429999351501465,3.9760000705718994,3040.46,-839.45,157.772,136.303904538932,-24.2486,6.75,4.0,7.818079373214193,12768.0,21000.0
2026-04-08,1309.199951171875,23997.349609375,55703.8984375,4749.5,92.25,6.898,6.49,4.290999889373779,3.9200000762939458,3040.46,-839.45,157.772,136.303904538932,-24.2486,6.75,4.0,7.818079373214193,12768.0,21000.0
2026-04-09,1281.300048828125,23775.099609375,54821.69921875,4792.2001953125,92.69,6.958,6.556,4.293000221252441,3.9149999618530273,3040.46,-839.45,157.772,136.303904538932,-24.2486,6.75,4.0,7.818079373214193,12768.0,21000.0
2026-04-10,1321.9000244140625,24050.599609375,55912.75,4761.89990234375,92.72,6.914,6.518,4.316999912261963,3.938999891281128,3040.46,-839.45,157.772,136.303904538932,-24.2486,6.75,4.0,7.818079373214193,12768.0,21000.0
2026-04-13,1351.0999755859375,23842.650390625,55605.05078125,4742.39990234375,93.39,6.938,6.573,4.296999931335449,3.9170000553131104,3040.46,-839.45,157.772,136.303904538932,-24.2486,6.75,4.0,7.818079373214193,12768.0,21000.0
2026-04-14,1351.0999755859375,23842.650390625,55605.05078125,4825.0,93.37,6.938,6.573,4.25600004196167,3.871000051498413,3040.46,-839.45,157.772,136.303904538932,-24.2486,6.75,4.0,7.818079373214193,12768.0,21000.0
2026-04-15,1348.0999755859375,24231.30078125,56301.94921875,4800.0,93.37,6.865,6.527,4.2820000648498535,3.8959999084472656,3040.46,-839.45,157.772,136.303904538932,-24.2486,6.75,4.0,7.818079373214193,12768.0,21000.0
2026-04-16,1345.5,24196.75,56086.3984375,4785.39990234375,93.2,6.892,6.559,4.309000015258789,3.913000106811523,3040.46,-839.45,157.772,136.303904538932,-24.2486,6.75,4.0,7.818079373214193,12768.0,21000.0
2026-04-17,1346.800048828125,24353.55078125,56565.69921875,4857.60009765625,92.9,6.905,6.582,4.245999813079834,3.838000059127808,3040.46,-839.45,157.772,136.303904538932,-24.2486,6.75,4.0,7.818079373214193,12768.0,21000.0
2026-04-20,1356.199951171875,24364.849609375,56582.3515625,4806.60009765625,93.13,6.89,6.579,4.25,3.849999904632568,3040.46,-839.45,157.772,136.303904538932,-24.2486,6.75,4.0,7.818079373214193,12768.0,21000.0
2026-04-21,1388.4000244140625,24576.599609375,57371.44921875,4698.39990234375,93.5,6.891,6.573,4.291999816894531,3.9079999923706055,3040.46,-839.45,157.772,136.303904538932,-24.2486,6.75,4.0,7.818079373214193,12768.0,21000.0
2026-04-22,1367.5999755859375,24378.099609375,57124.44921875,4732.5,93.79,6.923,6.604,4.294000148773193,3.9149999618530273,3040.46,-839.45,157.772,136.303904538932,-24.2486,6.75,4.0,7.818079373214193,12768.0,21000.0
2026-04-23,1348.0,24173.05078125,56305.0,4705.10009765625,94.11,6.951,6.658,4.322999954223633,3.95199990272522,3040.46,-839.45,157.772,136.303904538932,-24.2486,6.75,4.0,7.818079373214193,12768.0,21000.0
2026-04-24,1326.199951171875,23897.94921875,56089.75,4722.2998046875,94.25,6.933,6.667,4.309999942779541,3.9200000762939458,3040.46,-839.45,157.772,136.303904538932,-24.2486,6.75,4.0,7.818079373214193,12768.0,21000.0
2026-04-27,1314.0999755859375,24092.69921875,56264.30078125,4675.39990234375,94.25,6.943,6.68,4.335999965667725,3.947000026702881,3040.46,-839.45,157.772,136.303904538932,-24.2486,6.75,4.0,7.818079373214193,12768.0,21000.0
2026-04-28,1292.0,23995.69921875,55400.3515625,4591.5,94.25,6.98,6.727,4.354000091552734,3.9830000400543217,3040.46,-839.45,157.772,136.303904538932,-24.2486,6.75,4.0,7.818079373214193,12768.0,21000.0
2026-04-29,1281.0,24177.650390625,55403.6015625,4545.2001953125,94.25,6.995,6.745,4.418000221252441,4.065000057220459,3040.46,-839.45,157.772,136.303904538932,-24.2486,6.75,4.0,7.818079373214193,12768.0,21000.0
2026-04-30,1263.4000244140625,23997.55078125,54863.3515625,4614.7001953125,94.25,7.018,6.741,4.389999866485596,4.0229997634887695,3040.46,-839.45,157.772,136.303904538932,-24.2486,6.75,4.0,7.818079373214193,12768.0,21000.0
2026-05-01,1263.4000244140625,23997.55078125,54863.3515625,4629.89990234375,94.25,7.018,6.741,4.377999782562256,4.020999908447266,3040.46,-839.45,157.772,136.303904538932,-24.2486,6.75,4.0,7.818079373214193,12768.0,21000.0
2026-05-04,1270.800048828125,24119.30078125,54878.5,4519.5,94.25,7.023,6.767,4.446000099182129,4.0929999351501465,3040.46,-839.45,157.772,136.303904538932,-24.2486,6.75,4.0,7.818079373214193,12768.0,21000.0
2026-05-05,1251.300048828125,24032.80078125,54547.05078125,4555.7998046875,94.25,7.016,6.728,4.415999889373779,4.072000026702881,3040.46,-839.45,157.772,136.303904538932,-24.2486,6.75,4.0,7.818079373214193,12768.0,21000.0
2026-05-06,1279.5,24330.94921875,55981.05078125,4681.89990234375,94.25,6.926,6.625,4.355999946594238,4.001999855041504,3040.46,-839.45,157.772,136.303904538932,-24.2486,6.75,4.0,7.818079373214193,12768.0,21000.0
2026-05-07,1279.0,24326.650390625,56047.3984375,4699.7998046875,94.25,6.933,6.623,4.392000198364258,4.044000148773193,3040.46,-839.45,157.772,136.303904538932,-24.2486,6.75,4.0,7.818079373214193,12768.0,21000.0
2026-05-08,1264.800048828125,24176.150390625,55310.55078125,4720.39990234375,94.25,6.984,6.692,4.363999843597412,4.013000011444092,3040.46,-839.45,157.772,136.303904538932,-24.2486,6.75,4.0,7.818079373214193,12768.0,21000.0
2026-05-11,1266.4000244140625,23815.849609375,54439.8984375,4718.7001953125,94.25,7.031,6.773,4.409999847412109,4.067999839782715,3040.46,-839.45,157.772,136.303904538932,-24.2486,6.75,4.0,7.818079373214193,12768.0,21000.0
