Date,ICICI_Close,Predicted_Close,Residual
2010-01-21,155.03636169433594,126.93731667377034,28.099045020565597
2010-01-22,152.8545379638672,122.3664028428907,30.488135120976494
2010-01-25,151.05455017089844,119.94127280972884,31.113277361169594
2010-01-27,143.14544677734375,107.00008583082649,36.14536094651726
2010-01-28,143.2818145751953,102.92234675589413,40.35946781930119
2010-01-29,150.97271728515625,128.46099730057313,22.511719984583124
2010-02-01,151.96363830566406,129.65780069161394,22.30583761405012
2010-02-02,148.90908813476562,122.03067502868367,26.87841310608195
2010-02-03,152.6272735595703,117.71318714053086,34.91408641903945
2010-02-04,150.69090270996094,117.63706240693193,33.053840303029006
2010-02-05,145.11817932128906,114.55375169434478,30.56442762694428
2010-02-08,146.42727661132812,114.12937341815405,32.29790319317408
2010-02-09,147.70909118652344,113.65530448160507,34.053786704918366
2010-02-10,145.41818237304688,109.63770234191912,35.78048003112775
2010-02-11,150.19090270996094,117.13356281136419,33.05733989859675
2010-02-15,148.6090850830078,112.88841213530594,35.72067294770187
2010-02-16,151.3545379638672,112.71989675363238,38.634641210234804
2010-02-17,152.89999389648438,111.45013365880203,41.449860237682344
2010-02-18,152.73635864257812,114.01151810074055,38.72484054183758
2010-02-19,151.55455017089844,109.12407970878957,42.43047046210887
2010-02-22,151.1999969482422,111.59329499220752,39.60670195603467
2010-02-23,154.13636779785156,113.83623082294508,40.30013697490648
2010-02-24,152.9363555908203,111.05898451572659,41.87737107509372
2010-02-25,154.83636474609375,111.46348466504679,43.37288008104696
2010-02-26,158.57272338867188,112.8546087802514,45.71811460842048
2010-03-02,163.11817932128906,164.85159518378327,-1.733415862494212
2010-03-03,165.154541015625,166.18327257315372,-1.0287315575287153
2010-03-04,163.345458984375,160.05892166840334,3.286537315971657
2010-03-05,163.9545440673828,162.12189822684343,1.832645840539385
2010-03-08,167.9545440673828,171.62419238002752,-3.6696483126447106
2010-03-09,168.20909118652344,177.59612319790386,-9.387032011380427
2010-03-10,166.8727264404297,168.97654952431225,-2.10382308388256
2010-03-11,169.24545288085938,170.68003829489408,-1.4345854140347
2010-03-12,170.3000030517578,170.50761509623146,-0.2076120444736489
2010-03-15,167.9545440673828,162.22977819877622,5.724765868606596
2010-03-16,169.18182373046875,160.0216333997846,9.160190330684145
2010-03-17,172.46363830566406,161.74337740371942,10.720260901944641
2010-03-18,175.20909118652344,164.2999588682207,10.909132318302738
2010-03-19,173.91818237304688,156.45855883182185,17.459623541225028
2010-03-22,170.0454559326172,154.5833845531518,15.462071379465385
2010-03-23,168.27272033691406,149.7318632620864,18.54085707482767
2010-03-25,169.79090881347656,148.2900705324751,21.50083828100145
2010-03-26,172.27272033691406,150.7400580487423,21.532662288171764
2010-03-29,173.1999969482422,156.67067738549684,16.529319562745343
2010-03-30,174.50909423828125,161.14194342920013,13.367150809081124
2010-03-31,173.18182373046875,158.50769837929658,14.674125351172165
2010-04-01,173.20909118652344,162.85366999215432,10.355421194369114
2010-04-05,179.154541015625,172.0300178454961,7.124523170128896
2010-04-06,181.41818237304688,175.42422415110713,5.993958221939749
2010-04-07,179.5181884765625,168.33756054624666,11.180627930315836
2010-04-08,174.74545288085938,170.6299850339621,4.115467846897275
2010-04-09,177.8727264404297,176.18132635008766,1.6914000903420288
2010-04-12,175.3909149169922,174.43453116579127,0.9563837512009172
2010-04-13,171.30909729003906,164.4872627557064,6.821834534332652
2010-04-15,166.90908813476562,165.11978544580944,1.7893026889561838
2010-04-16,167.7181854248047,168.75427928629824,-1.0360938614935549
2010-04-19,167.23635864257812,142.66533044927831,24.57102819329981
2010-04-20,169.63636779785156,146.75426048853888,22.882107309312687
2010-04-21,173.07272338867188,149.0792769307094,23.993446457962477
2010-04-22,171.6090850830078,145.80910344766858,25.799981635339236
2010-04-23,177.76364135742188,153.1797981802472,24.583843177174685
2010-04-26,174.57272338867188,147.27905822271384,27.293665165958032
2010-04-27,172.1727294921875,151.57891925990037,20.593810232287126
2010-04-28,167.1727294921875,152.90600409778983,14.266725394397668
2010-04-29,172.19090270996094,158.54826942652966,13.64263328343128
2010-04-30,173.08181762695312,161.8138023458759,11.268015281077226
2010-05-03,170.345458984375,159.83359402677206,10.511864957602938
2010-05-04,166.39999389648438,165.02959440173714,1.3703994947472324
2010-05-05,164.3000030517578,164.2239207905326,0.0760822612252241
2010-05-06,164.154541015625,164.92657766209294,-0.7720366464679387
2010-05-07,159.38182067871094,159.1097703215538,0.2720503571571271
2010-05-10,167.654541015625,163.35781985405464,4.29672116157036
2010-05-11,166.654541015625,167.5548035767731,-0.9002625611481108
2010-05-12,166.31817626953125,168.62194303971376,-2.3037667701825058
2010-05-13,168.5454559326172,160.6517944313618,7.893661501255394
2010-05-14,165.64544677734375,160.72307050568907,4.922376271654684
2010-05-17,163.83636474609375,158.6872195596021,5.149145186491637
2010-05-18,161.6727294921875,152.7187131925001,8.954016299687396
2010-05-19,149.89999389648438,138.84533484164996,11.054659054834417
2010-05-20,151.20909118652344,135.80220257527162,15.406888611251816
2010-05-21,151.7818145751953,131.46033493561617,20.321479639579138
2010-05-24,151.29090881347656,129.40301132839636,21.887897485080202
2010-05-25,147.154541015625,124.17871453243862,22.97582648318638
2010-05-26,154.13636779785156,126.5155814012349,27.620786396616666
2010-05-27,155.7818145751953,124.39939432508652,31.382420250108794
2010-05-28,157.22726440429688,127.50801198888735,29.719252415409528
2010-05-31,157.8727264404297,125.92067975404899,31.952046686380697
2010-06-01,152.35455322265625,141.33478896235084,11.019764260305408
2010-06-02,153.14544677734375,140.62544439752207,12.520002379821676
2010-06-03,155.29090881347656,144.57372628699278,10.717182526483782
2010-06-04,157.42727661132812,145.87495431267513,11.552322298652996
2010-06-07,153.08181762695312,141.46690763830082,11.6149099886523
2010-06-08,148.63636779785156,133.37270980720905,15.263657990642514
2010-06-09,149.91818237304688,135.22672156624338,14.69146080680349
2010-06-10,150.73635864257812,137.21551976469374,13.520838877884387
2010-06-11,153.81817626953125,141.39524134239525,12.422934927135998
2010-06-14,155.20909118652344,143.91848251690624,11.2906086696172
2010-06-15,156.38182067871094,144.00458391693763,12.377236761773304
2010-06-16,159.40908813476562,150.51212086885937,8.896967265906255
2010-06-17,160.6999969482422,150.35669247661554,10.343304471626652
2010-06-18,158.05455017089844,144.79869688736272,13.255853283535714
2010-06-21,163.60000610351562,154.92584613705304,8.674159966462582
2010-06-22,162.1090850830078,152.70129083139898,9.407794251608834
2010-06-23,163.70909118652344,155.25565044110652,8.453440745416913
2010-06-24,161.03636169433594,146.00076886547993,15.03559282885601
2010-06-25,155.73635864257812,142.1174874971503,13.618871145427818
2010-06-28,158.20909118652344,141.61193161491474,16.5971595716087
2010-06-29,154.23635864257812,138.9757250739341,15.260633568644039
2010-06-30,156.6727294921875,138.5333038253899,18.139425666797592
2010-07-01,152.99090576171875,133.50528515318962,19.485620608529132
2010-07-02,152.73635864257812,138.38919072294289,14.34716791963524
2010-07-05,152.83636474609375,137.38290741631073,15.45345732978302
2010-07-06,156.14544677734375,141.98571939044564,14.159727386898112
2010-07-07,153.8545379638672,141.410607483977,12.443930479890184
2010-07-08,156.7818145751953,150.09336074094642,6.6884538342488895
2010-07-09,159.25454711914062,153.1941077932246,6.060439325916036
2010-07-12,162.44544982910156,161.22371160188453,1.2217382272170312
2010-07-13,163.53636169433594,164.12434089624497,-0.587979201909036
2010-07-14,162.0454559326172,164.39720885332235,-2.3517529207051666
2010-07-15,160.33636474609375,160.808613069792,-0.47224832369823844
2010-07-16,164.07272338867188,167.8125113673923,-3.7397879787204147
2010-07-19,163.64544677734375,169.36407453934964,-5.7186277620058945
2010-07-20,161.24545288085938,163.88689219846975,-2.641439317610377
2010-07-21,164.1090850830078,165.00176737814974,-0.892682295141924
2010-07-22,165.2181854248047,166.34245139849725,-1.1242659736925589
2010-07-23,165.9727325439453,168.98001404989685,-3.007281505951539
2010-07-26,166.6727294921875,174.92846374585645,-8.255734253668948
2010-07-27,168.03636169433594,174.72828356297993,-6.691921868643988
2010-07-28,165.24545288085938,171.98670109830346,-6.741248217444081
2010-07-29,168.8545379638672,176.58509652521604,-7.730558561348857
2010-07-30,164.5272674560547,167.57864496196294,-3.051377505908249
2010-08-02,170.8272705078125,172.03937711149234,-1.2121066036798425
2010-08-03,174.90908813476562,185.4981254916416,-10.589037356875963
2010-08-04,176.22726440429688,180.03494505669852,-3.8076806524016433
2010-08-05,173.70909118652344,173.89517876534677,-0.18608757882333293
2010-08-06,172.69090270996094,170.52595767776296,2.164945032197977
2010-08-09,178.1999969482422,171.677587527007,6.5224094212351815
2010-08-10,179.8000030517578,178.43678869434893,1.3632143574088786
2010-08-11,176.6999969482422,177.76601580336882,-1.0660188551266288
2010-08-12,175.14544677734375,175.04886334670636,0.09658343063739494
2010-08-13,177.5272674560547,168.175513115044,9.35175434101069
2010-08-16,174.0181884765625,161.94079906809077,12.077389408471731
2010-08-17,174.345458984375,164.1723366761222,10.1731223082528
2010-08-18,175.9818115234375,157.18188635901748,18.799925164420017
2010-08-19,184.18182373046875,163.64470570259294,20.537118027875806
2010-08-20,180.72726440429688,154.93625543439208,25.791008969904794
2010-08-23,183.9090881347656,159.93712113864234,23.971966996123257
2010-08-24,182.1272735595703,160.9594681066825,21.16780545288782
2010-08-25,178.96363830566406,160.30617691581193,18.65746138985213
2010-08-26,178.8272705078125,153.39519386285878,25.432076644953725
2010-08-27,174.08181762695312,156.77074469478794,17.31107293216519
2010-08-30,175.9818115234375,158.89345555660236,17.088355966835138
2010-08-31,177.76364135742188,162.84103770366858,14.9226036537533
2010-09-01,180.9090881347656,168.22774391037456,12.68134422439104
2010-09-02,182.5272674560547,172.10649146963925,10.420775986415435
2010-09-03,182.0,175.28438030535239,6.715619694647614
2010-09-06,188.99090576171875,176.42764760978065,12.5632581519381
2010-09-07,188.83636474609375,172.07668297715202,16.759681768941732
2010-09-08,186.83636474609375,165.94211145214905,20.8942532939447
2010-09-09,190.94544982910156,169.6408796965879,21.304570132513675
2010-09-13,199.63636779785156,179.51747870065878,20.118889097192778
2010-09-14,200.0272674560547,179.2538397562572,20.77342769979748
2010-09-15,200.70909118652344,183.89381007739104,16.8152811091324
2010-09-16,200.64544677734375,189.96149052440876,10.68395625293499
2010-09-17,202.58181762695312,192.66658045569693,9.915237171256194
2010-09-20,205.0454559326172,193.43541059585044,11.610045336766746
2010-09-21,204.9363555908203,194.05514737061924,10.881208220201074
2010-09-22,204.74545288085935,191.12298104677393,13.622471834085417
2010-09-23,200.0454559326172,179.1377618398986,20.9076940927186
2010-09-24,202.56362915039065,184.597481412145,17.966147738245667
2010-09-27,202.74545288085935,179.78071476620437,22.964738114654978
2010-09-28,201.94544982910156,176.8768081052558,25.068641723845758
2010-09-29,200.3545379638672,176.82253448331187,23.532003480555318
2010-09-30,202.3545379638672,181.77916602130466,20.575371942562526
2010-10-01,206.3999938964844,187.7226697322252,18.677324164259204
2010-10-04,210.20909118652344,191.31064160256403,18.898449583959405
2010-10-05,208.6727294921875,190.1674486484277,18.505280843759806
2010-10-06,208.9363555908203,187.69227246019113,21.24408313062918
2010-10-07,206.83636474609375,193.6427033469168,13.19366139917696
2010-10-08,204.76364135742188,190.94253643818013,13.821104919241748
2010-10-11,205.92727661132812,192.69769394033716,13.229582670990965
2010-10-12,207.0363616943359,204.11876965053142,2.9175920438044898
2010-10-13,210.6727294921875,207.54618785813102,3.12654163405648
2010-10-14,207.2181854248047,204.333584977359,2.8846004474456777
2010-10-15,204.4818115234375,214.096049013404,-9.614237489966513
2010-10-18,202.9363555908203,205.04437453560513,-2.108018944784817
2010-10-19,203.55455017089844,211.48789594703322,-7.933345776134786
2010-10-20,202.5272674560547,213.73108707196388,-11.203819615909197
2010-10-21,205.38182067871097,220.37782420831456,-14.996003529603598
2010-10-22,205.79090881347656,224.66493651439458,-18.87402770091802
2010-10-25,207.654541015625,222.18769465390506,-14.533153638280055
2010-10-26,205.66363525390625,217.0146068478859,-11.350971593979637
2010-10-27,201.22726440429688,211.53670024913282,-10.309435844835946
2010-10-28,198.00909423828125,207.84078118011365,-9.831686941832402
2010-10-29,211.4545440673828,233.47579828662975,-22.02125421924694
2010-11-01,224.0,254.57901785373292,-30.57901785373292
2010-11-02,223.88182067871097,251.90966514611193,-28.027844467400968
2010-11-03,225.20909118652344,258.61474083788084,-33.40564965135741
2010-11-04,230.19090270996097,250.09208659142934,-19.90118388146837
2010-11-08,228.23635864257812,245.43445920646008,-17.19810056388195
2010-11-09,230.75454711914065,244.58432255231725,-13.829775433176593
2010-11-10,228.2181854248047,244.71289388603384,-16.494708461229152
2010-11-11,224.92727661132812,243.61408222242437,-18.686805611096247
2010-11-12,218.26364135742188,235.3989644411925,-17.13532308377063
2010-11-15,222.3999938964844,240.3230372522102,-17.92304335572581
2010-11-16,218.6000061035156,232.80214337793092,-14.202137274415321
2010-11-18,211.70909118652344,224.32988852823445,-12.620797341711011
2010-11-19,208.8545379638672,217.1702638800333,-8.315725916166116
2010-11-22,214.55455017089844,221.34193772142345,-6.787387550525011
2010-11-23,210.3545379638672,215.97578754463285,-5.621249580765664
2010-11-24,204.56362915039065,208.12595163921026,-3.5623224888196034
2010-11-25,202.9545440673828,206.57153348770902,-3.616989420326206
2010-11-26,204.3909149169922,205.4980098323382,-1.1070949153460106
2010-11-29,209.8727264404297,207.10065675409675,2.772069686332941
2010-11-30,207.654541015625,204.06194489412377,3.5925961215012308
2010-12-01,212.26364135742188,213.2794485552625,-1.0158071978406156
2010-12-02,216.57272338867188,216.17571851126525,0.39700487740662993
2010-12-03,214.80909729003903,221.82503710367376,-7.015939813634731
2010-12-06,209.30909729003903,209.03551836697176,0.2735789230672765
2010-12-07,201.9090881347656,197.71154742977592,4.197540704989677
2010-12-08,200.8000030517578,196.1035214989006,4.696481552857222
2010-12-09,192.41818237304688,184.56282731058724,7.855355062459637
2010-12-10,203.1090850830078,197.96936747919534,5.139717603812471
2010-12-13,203.70909118652344,203.26082105867624,0.448270127847195
2010-12-14,203.5454559326172,206.9702335028348,-3.4247775702176
2010-12-15,196.1272735595703,200.89958345057943,-4.772309891009115
2010-12-16,201.0454559326172,211.3331695695676,-10.2877136369504
2010-12-20,200.00909423828125,205.4747584633878,-5.465664225106536
2010-12-21,206.9727325439453,207.04297077006538,-0.07023822612006825
2010-12-22,205.7727203369141,203.55161680963113,2.2211035272829633
2010-12-23,205.3909149169922,203.5635772841095,1.8273376328826885
2010-12-24,203.3000030517578,198.53780976838715,4.762193283370664
2010-12-27,204.64544677734375,198.55674057800474,6.088706199339015
2010-12-28,202.154541015625,198.49899692540265,3.6555440902223495
2010-12-29,205.3545379638672,196.42705251428862,8.927485449578569
2010-12-30,206.6999969482422,193.86921899662445,12.830777951617733
2010-12-31,208.1999969482422,194.66295398156342,13.537042966678769
2011-01-03,208.154541015625,197.76938059846503,10.385160417159966
2011-01-04,200.73635864257812,191.30050451909386,9.435854123484262
2011-01-05,194.42727661132812,190.14628643550571,4.28099017582241
2011-01-06,191.5363616943359,183.90881106767614,7.627550626659769
2011-01-07,190.76364135742188,196.7219724602217,-5.958331102799832
2011-01-10,184.36363220214844,192.98530920294127,-8.621677000792829
2011-01-11,185.99090576171875,196.66502302458372,-10.674117262864968
2011-01-12,194.44544982910156,202.49393878870114,-8.048488959599581
2011-01-13,186.5454559326172,196.1986380996816,-9.653182167064415
2011-01-14,183.49090576171875,194.96911964932247,-11.478213887603715
2011-01-17,182.0272674560547,193.8367803959917,-11.809512939937008
2011-01-18,183.8999938964844,192.29806337446865,-8.39806947798425
2011-01-19,186.0454559326172,195.10506407191616,-9.059608139298973
2011-01-20,191.00909423828125,202.45441120404757,-11.445316965766324
2011-01-21,193.73635864257812,204.89477097957183,-11.158412336993706
2011-01-24,197.07272338867188,207.48754381317536,-10.414820424503489
2011-01-25,188.70909118652344,195.9161472907643,-7.2070561042408485
2011-01-27,184.42727661132812,195.46964448631735,-11.042367874989225
2011-01-28,185.1727294921875,196.75686535235548,-11.584135860167976
2011-01-31,185.74545288085935,200.37303241432448,-14.627579533465138
2011-02-01,180.8727264404297,199.41443171265615,-18.541705272226466
2011-02-02,183.8909149169922,200.49792918158897,-16.607014264596785
2011-02-03,186.72726440429688,195.88075501482325,-9.153490610526376
2011-02-04,181.0909118652344,189.52899419517252,-8.438082329938112
2011-02-07,177.9545440673828,185.1460842785434,-7.1915402111606
2011-02-08,173.00909423828125,177.59011808001162,-4.581023841730371
2011-02-09,174.00909423828125,177.97939258005857,-3.9702983417773225
2011-02-10,174.5181884765625,176.64764795617026,-2.1294594796077604
2011-02-11,181.91818237304688,179.04390843509822,2.874273937948658
2011-02-14,188.0454559326172,176.9550255041559,11.090430428461275
2011-02-15,191.6727294921875,184.57568597541575,7.097043516771748
2011-02-16,191.0181884765625,182.68572003141003,8.332468445152472
2011-02-17,192.18182373046875,183.77383137059735,8.4079923598714
2011-02-18,186.58181762695312,181.04955337950815,5.532264247444971
2011-02-21,188.66363525390625,181.09023575368974,7.57339950021651
2011-02-22,186.74545288085935,179.63564908545902,7.109803795400325
2011-02-23,182.92727661132812,172.78105602102067,10.14622059030745
2011-02-24,172.9727325439453,156.6716050754507,16.3011274684946
2011-02-25,179.31817626953125,166.82019037154606,12.497985897985188
2011-02-28,176.5181884765625,162.15542990464672,14.362758571915776
2011-03-01,186.58181762695312,180.22558353685417,6.356234090098951
2011-03-03,185.3727264404297,177.87243292115795,7.500293519271736
2011-03-04,184.79090881347656,182.8315416267186,1.9593671867579587
2011-03-07,183.66363525390625,184.41506799795457,-0.7514327440483157
2011-03-08,185.56362915039065,188.52025808574257,-2.9566289353519153
2011-03-09,188.22726440429688,190.86053427082226,-2.6332698665253815
2011-03-10,184.4636383056641,188.81275176304104,-4.349113457376944
2011-03-11,183.07272338867188,189.86653560418512,-6.793812215513242
2011-03-14,185.29090881347656,191.77269775005453,-6.481788936577971
2011-03-15,181.1999969482422,187.18813538835929,-5.988138440117098
2011-03-16,186.80909729003903,192.41713588228833,-5.608038592249301
2011-03-17,183.9727325439453,190.42300939525006,-6.45027685130475
2011-03-18,182.2818145751953,187.36436117452968,-5.082546599334364
2011-03-21,182.4727325439453,184.61029841834977,-2.1375658744044586
2011-03-22,182.57272338867188,181.63437845714435,0.9383449315275243
2011-03-23,189.25454711914065,191.21527681909214,-1.9607296999514858
2011-03-24,191.4727325439453,192.23536013457561,-0.7626275906303022
2011-03-25,198.38182067871097,195.64409284175315,2.7377278369578164
2011-03-28,200.14544677734375,195.194253273686,4.951193503657748
2011-03-29,199.9090881347656,197.31930816775343,2.589779967012163
2011-03-30,201.654541015625,197.55166274679357,4.102878268831432
2011-03-31,202.94544982910156,195.4524537187719,7.4929961103296705
2011-04-01,200.5272674560547,192.78340743327414,7.743860022780552
2011-04-04,203.49090576171875,199.5417348544995,3.9491709072192407
2011-04-05,202.0454559326172,194.71304039370062,7.332415538916564
2011-04-06,200.0909118652344,194.93255646897512,5.158355396259282
2011-04-07,200.72726440429688,202.02016511781449,-1.2929007135176107
2011-04-08,199.69090270996097,202.11794780728292,-2.427045097321951
2011-04-11,200.1090850830078,208.13266795158415,-8.02358286857634
2011-04-13,204.88182067871097,213.58395828282977,-8.702137604118803
2011-04-15,200.30909729003903,203.82348004122292,-3.514382751183888
2011-04-18,197.1090850830078,204.31161661570184,-7.2025315326940245
2011-04-19,198.19090270996097,202.82840720309065,-4.637504493129683
2011-04-20,202.24545288085935,204.71917816347292,-2.4737252826135716
2011-04-21,203.36363220214844,205.2715570757399,-1.907924873591469
2011-04-25,202.3000030517578,203.6714655744869,-1.3714625227290753
2011-04-26,203.8999938964844,201.8999108754939,2.000083020990502
2011-04-27,201.24545288085935,201.8472667893211,-0.6018139084617644
2011-04-28,203.18182373046875,205.52721522730752,-2.345391496838772
2011-04-29,202.6272735595703,206.94615563189336,-4.318882072323049
2011-05-02,199.69090270996097,200.4737637952532,-0.7828610852922395
2011-05-03,194.14544677734375,188.67641768876274,5.46902908858101
2011-05-04,192.3000030517578,178.96861093133663,13.331392120421185
2011-05-05,187.2727203369141,169.73047913472539,17.542241202188706
2011-05-06,197.05455017089844,186.35748100512546,10.697069165772973
2011-05-09,196.9090881347656,188.92921421018968,7.979873924575912
2011-05-10,195.6727294921875,187.40330337910507,8.269426113082432
2011-05-11,195.76364135742188,186.3255494138562,9.438091943565666
2011-05-12,191.3000030517578,186.7775007300545,4.522502321703314
2011-05-13,195.1000061035156,189.72007605233466,5.379930051180935
2011-05-16,192.31817626953125,185.13548820013523,7.182688069396022
2011-05-17,189.0454559326172,179.88187443010372,9.163581502513466
2011-05-18,187.68182373046875,176.38794408362247,11.293879646846278
2011-05-19,187.29090881347656,176.39981645974763,10.891092353728936
2011-05-20,189.6727294921875,175.9173371352478,13.755392356939694
2011-05-23,183.07272338867188,168.03032234450126,15.042401044170617
2011-05-24,185.23635864257812,172.0520670545909,13.184291587987218
2011-05-25,183.4090881347656,173.89995309580792,9.50913503895768
2011-05-26,186.5909118652344,171.84938611791029,14.741525747324118
2011-05-27,194.20909118652344,184.52854688869314,9.680544297830295
2011-05-30,195.94544982910156,185.98155396429001,9.963895864811548
2011-06-01,197.2181854248047,183.15954980255083,14.05863562225386
2011-06-02,190.70909118652344,178.00991976926207,12.699171417261368
2011-06-03,190.4363555908203,181.80655095863852,8.629804632181788
2011-06-06,192.3727264404297,187.1405199314288,5.232206509000889
2011-06-07,192.0272674560547,188.63303673434189,3.394230721712802
2011-06-08,190.73635864257812,190.34138169128636,0.3949769512917669
2011-06-09,190.5454559326172,186.68212584434042,3.8633300882767685
2011-06-10,188.345458984375,185.98608844367413,2.3593705407008656
2011-06-13,189.0181884765625,186.41958270648144,2.5986057700810647
2011-06-14,191.91818237304688,192.69180129687436,-0.7736189238274847
2011-06-15,187.4818115234375,186.61810579935656,0.863705724080944
2011-06-16,187.0,191.0235058525413,-4.023505852541291
2011-06-17,187.6727294921875,194.31006524529272,-6.637335753105219
2011-06-20,186.33636474609375,200.05674860257375,-13.720383856479998
2011-06-21,184.36363220214844,193.33108278653424,-8.967450584385801
2011-06-22,185.25454711914065,197.29826546873062,-12.043718349589966
2011-06-23,187.30909729003903,197.7620818338305,-10.452984543791473
2011-06-24,193.4727325439453,200.99442074651017,-7.52168820256486
2011-06-27,196.25454711914065,204.0125846128147,-7.758037493674038
2011-06-28,196.9636383056641,200.49701362523518,-3.5333753195710926
2011-06-29,197.68182373046875,196.34641425063108,1.335409479837665
2011-06-30,199.0272674560547,196.73174929372243,2.2955181623322574
2011-07-01,199.06362915039065,213.4259000447626,-14.36227089437196
2011-07-04,199.9545440673828,215.57085108076438,-15.616307013381572
2011-07-05,199.50909423828125,221.59536899109503,-22.08627475281378
2011-07-06,195.5363616943359,208.19195527210047,-12.655593577764563
2011-07-07,198.154541015625,205.08037857904827,-6.925837563423272
2011-07-08,192.76364135742188,201.96599006152235,-9.202348704100473
2011-07-11,191.63636779785156,202.21443269548098,-10.578064897629417
2011-07-12,190.3000030517578,206.59471911532745,-16.294716063569638
2011-07-13,191.63636779785156,206.50823470348809,-14.871866905636523
2011-07-15,192.845458984375,215.33303581496955,-22.48757683059455
2011-07-18,190.4727325439453,213.24227739915602,-22.76954485521071
2011-07-19,193.05455017089844,213.13427930119093,-20.079729130292492
2011-07-20,190.06362915039065,211.48152101762986,-21.417891867239206
2011-07-21,189.2727203369141,212.68505593571172,-23.412335598797625
2011-07-22,194.19090270996097,216.50509967455486,-22.31419696459389
2011-07-25,195.42727661132812,219.67112731643738,-24.243850705109253
2011-07-26,189.00909423828125,209.34002886867256,-20.33093463039131
2011-07-27,186.345458984375,202.24999052991728,-15.904531545542284
2011-07-28,184.99090576171875,198.08752953478665,-13.096623773067904
2011-07-29,188.5,207.811584229718,-19.311584229717994
2011-08-01,190.06362915039065,210.6897182880851,-20.626089137694436
2011-08-02,185.76364135742188,200.41833439129198,-14.654693033870103
2011-08-03,182.1727294921875,193.45316440778277,-11.280434915595265
2011-08-04,180.57272338867188,189.04754588259908,-8.474822493927206
2011-08-05,175.72726440429688,185.33594889576784,-9.608684491470967
2011-08-08,172.8909149169922,174.9483847023493,-2.057469785357114
2011-08-09,170.9363555908203,174.1044944499298,-3.16813885910949
2011-08-10,175.2181854248047,173.46593469007462,1.7522507347300689
2011-08-11,171.3727264404297,187.38792044936298,-16.015194008933292
2011-08-12,170.89999389648438,179.08840542835264,-8.188411531868269
2011-08-16,170.1090850830078,174.55336759707626,-4.444282514068448
2011-08-17,165.41818237304688,161.57188714054416,3.8462952325027118
2011-08-18,157.05455017089844,147.6750959526447,9.379454218253727
2011-08-19,151.3000030517578,141.0351556368836,10.264847414874225
2011-08-22,154.72726440429688,143.42548343479712,11.30178096949976
2011-08-23,154.9363555908203,145.58226827498873,9.354087315831578
2011-08-24,153.1272735595703,151.87738068245716,1.2498928771131546
2011-08-25,151.6090850830078,149.35388975121157,2.2551953317962443
2011-08-26,149.13636779785156,149.40312975419175,-0.26676195634018995
2011-08-29,156.00909423828125,154.6273701308932,1.3817241073880382
2011-08-30,158.77272033691406,151.35535135549793,7.417368981416132
2011-09-02,161.3000030517578,142.31548818995418,18.984514861803632
2011-09-05,160.58181762695312,144.02002885458427,16.561788772368857
2011-09-06,161.68182373046875,140.36122139285283,21.320602337615924
2011-09-07,163.154541015625,144.80358947282457,18.35095154280043
2011-09-08,167.08181762695312,151.92641773685733,15.155399890095794
2011-09-09,163.05455017089844,145.22562616536186,17.828924005536578
2011-09-12,156.79090881347656,134.6423958601299,22.148512953346653
2011-09-13,154.9818115234375,135.73039603850594,19.251415484931556
2011-09-14,157.10000610351562,136.0312385634245,21.06876754009113
2011-09-15,159.30909729003906,142.10480126755886,17.204296022480207
2011-09-16,160.70909118652344,145.91202729427903,14.79706389224441
2011-09-19,156.27272033691406,134.61462593724292,21.658094399671143
2011-09-20,160.42727661132812,138.54157497762134,21.885701633706788
2011-09-21,163.8545379638672,135.12282793519768,28.73171002866951
2011-09-22,156.79090881347656,120.73633479243568,36.05457402104088
2011-09-23,153.40908813476562,121.01009464640083,32.398993488364795
2011-09-26,156.00909423828125,133.1346116157614,22.87448262251985
2011-09-27,161.10000610351562,141.00015137622034,20.09985472729528
2011-09-28,157.9545440673828,136.64982262700363,21.304721440379183
2011-09-29,161.94544982910156,130.71134781687795,31.234102012223616
2011-09-30,159.16363525390625,124.811764776097,34.35187047780926
2011-10-03,152.56362915039062,105.7133799881035,46.85024916228713
2011-10-04,145.6272735595703,99.37021686082687,46.25705669874344
2011-10-05,141.68182373046875,100.30439864270534,41.37742508776341
2011-10-07,149.89999389648438,111.70519435591143,38.194799540572944
2011-10-10,153.20909118652344,114.37350329174461,38.835587894778826
2011-10-11,151.36363220214844,111.97658483953228,39.38704736261616
2011-10-12,156.30909729003906,120.85677158590346,35.4523257041356
2011-10-13,159.9727325439453,129.05244601279327,30.920286531152044
2011-10-14,161.8909149169922,135.4471251345957,26.443789782396493
2011-10-17,163.42727661132812,133.72132727941835,29.70594933190978
2011-10-18,159.36363220214844,131.45028821651317,27.913343985635265
2011-10-19,164.3909149169922,136.27071889781274,28.120196019179446
2011-10-20,159.64544677734375,130.47291987202044,29.17252690532331
2011-10-21,158.2818145751953,135.25964599746385,23.022168577731463
2011-10-24,157.89999389648438,131.20022026894435,26.699773627540026
2011-10-25,159.70909118652344,127.11723533532063,32.59185585120281
2011-10-28,169.6999969482422,143.6383322181179,26.061664730124278
2011-10-31,169.3000030517578,142.07817526353506,27.221827788222754
2011-11-01,162.72726440429688,128.67709552535746,34.05016887893942
2011-11-02,160.90908813476562,128.40856478784224,32.50052334692339
2011-11-03,159.64544677734375,133.67543951934005,25.970007258003704
2011-11-04,160.7818145751953,135.5156410699119,25.266173505283405
2011-11-08,160.23635864257812,132.4642065838479,27.772152058730228
2011-11-09,156.75454711914062,122.82216610906465,33.93238101007597
2011-11-11,149.27272033691406,117.83057601284929,31.44214432406477
2011-11-14,149.27272033691406,120.20651877161214,29.066201565301924
2011-11-15,143.6090850830078,119.87045786158973,23.738627221418085
2011-11-16,143.42727661132812,119.32208511901996,24.105191492308165
2011-11-17,141.49090576171875,114.76509236694523,26.725813394773525
2011-11-18,140.0181884765625,113.17939314985995,26.838795326702552
2011-11-21,133.0181884765625,102.22107296500883,30.79711551155367
2011-11-22,135.53636169433594,104.62963397227088,30.906727722065057
2011-11-23,132.1272735595703,96.75722792005678,35.370045639513535
2011-11-25,130.58181762695312,98.45268074110123,32.12913688585189
2011-11-28,136.33636474609375,106.98371419559123,29.352650550502517
2011-11-29,133.44544982910156,107.35515071228775,26.09029911681381
2011-11-30,129.53636169433594,107.06737932050447,22.468982373831466
2011-12-01,138.57272338867188,126.47167238444484,12.101051004227031
2011-12-02,143.2181854248047,129.94375600755143,13.274429417253259
2011-12-05,141.73635864257812,130.64697228541922,11.0893863571589
2011-12-07,139.6090850830078,134.84126428911065,4.767820793897158
2011-12-08,135.3272705078125,133.96709477279364,1.3601757350188564
2011-12-09,132.9363555908203,135.95302819378838,-3.0166726029680717
2011-12-12,128.56362915039062,129.9697394174466,-1.4061102670559649
2011-12-13,128.44544982910156,123.68690670590473,4.75854312319683
2011-12-14,128.07272338867188,115.8586862521509,12.214037136520972
2011-12-15,127.01818084716795,114.54677795745846,12.471402889709495
2011-12-16,122.90908813476562,110.92418183205143,11.984906302714194
2011-12-19,119.49090576171876,103.49807234991476,15.992833411804
2011-12-20,118.8000030517578,110.66906082517255,8.130942226585248
2011-12-21,127.6999969482422,125.42929607180173,2.270700876440472
2011-12-22,132.3909149169922,129.24544644624,3.145468470752178
2011-12-23,131.22726440429688,127.81946996269374,3.40779444160313
2011-12-27,132.0181884765625,123.72998169049146,8.288206786071044
2011-12-28,126.79090881347656,113.57243219119329,13.218476622283276
2011-12-29,124.71817779541016,113.90396854285905,10.814209252551109
2011-12-30,124.48181915283205,113.2194627080284,11.262356444803643
2012-01-03,131.96363830566406,127.76996554724019,4.193672758423872
2012-01-04,135.1090850830078,139.33265984573723,-4.223574762729413
2012-01-05,136.0181884765625,142.50217559613588,-6.483987119573385
2012-01-06,136.6727294921875,140.90428497138606,-4.231555479198562
2012-01-09,135.96363830566406,143.20075269326105,-7.237114387596989
2012-01-10,140.81817626953125,145.33278182314984,-4.514605553618594
2012-01-11,141.845458984375,143.6171443782181,-1.7716853938430859
2012-01-12,142.07272338867188,148.10419401386366,-6.031470625191787
2012-01-13,143.53636169433594,144.5669269052836,-1.0305652109476569
2012-01-16,143.92727661132812,145.99754536414008,-2.0702687528119554
2012-01-17,142.8272705078125,137.05466901413712,5.772601493675381
2012-01-18,139.9363555908203,134.67203666564296,5.264318925177349
2012-01-19,144.94544982910156,146.8276031849431,-1.882153355841524
2012-01-20,153.1727294921875,160.78603392714592,-7.6133044349584225
2012-01-23,155.77272033691406,166.31577005084563,-10.543049713931566
2012-01-24,161.46363830566406,170.71806431589414,-9.254426010230077
2012-01-25,160.00909423828125,168.83385821839556,-8.824763980114312
2012-01-27,161.44544982910156,161.18607707609112,0.25937275301043883
2012-01-30,154.94544982910156,149.60877209256785,5.336677736533716
2012-01-31,164.0272674560547,157.33833159771365,6.68893585834104
2012-02-01,161.8000030517578,174.35822133897858,-12.558218287220768
2012-02-02,164.06362915039062,175.579217452651,-11.515588302260369
2012-02-03,166.60000610351562,185.0270520557391,-18.427045952223466
2012-02-06,168.73635864257812,185.7929277216399,-17.056569079061774
2012-02-07,170.5,191.10441286761738,-20.604412867617384
2012-02-08,167.3545379638672,181.68266403419108,-14.32812607032389
2012-02-09,170.8727264404297,188.56073656207923,-17.68801012164954
2012-02-10,169.1727294921875,184.48641954099753,-15.313690048810031
2012-02-13,169.9363555908203,183.93868391112818,-14.002328320307868
2012-02-14,171.58181762695312,180.93745779490223,-9.355640167949105
2012-02-15,178.3909149169922,191.21564187332916,-12.824726956336974
2012-02-16,176.14544677734375,185.7659817307827,-9.620534953438948
2012-02-17,178.4727325439453,189.44775826998267,-10.975025726037359
2012-02-21,180.23635864257812,189.83594515134445,-9.599586508766322
2012-02-22,174.1272735595703,186.93566138401752,-12.808387824447209
2012-02-23,171.6272735595703,177.98318228210036,-6.355908722530046
2012-02-24,169.3909149169922,175.25089810069397,-5.859983183701786
2012-02-27,161.3545379638672,168.02331781608348,-6.668779852216289
2012-02-28,165.60000610351562,173.3393823396711,-7.739376236155465
2012-02-29,164.7818145751953,172.3186658546519,-7.5368512794565845
2012-03-01,160.63636779785156,219.48950964553762,-58.85314184768606
2012-03-02,164.1272735595703,225.132138171338,-61.00486461176769
2012-03-05,158.24545288085938,219.93105537588445,-61.68560249502508
2012-03-06,155.13636779785156,215.6834109765091,-60.54704317865753
2012-03-07,156.3909149169922,219.1550822791723,-62.7641673621801
2012-03-09,166.2181854248047,230.2111225745889,-63.99293714978421
2012-03-12,168.89999389648438,230.89926755019172,-61.99927365370735
2012-03-13,169.06362915039062,229.21021089547048,-60.14658174507986
2012-03-14,173.4363555908203,238.06744117306812,-64.6310855822478
2012-03-15,169.1272735595703,237.7086956380607,-68.58142207849039
2012-03-16,166.8545379638672,234.8688576053582,-68.014319641491
2012-03-19,165.07272338867188,234.66070178178052,-69.58797839310864
2012-03-20,165.1999969482422,232.35950269278288,-67.1595057445407
2012-03-21,169.8272705078125,232.81228893934264,-62.985018431530136
2012-03-22,163.57272338867188,227.8875204969799,-64.31479710830803
2012-03-23,165.55455017089844,227.8191902313069,-62.26464006040845
2012-03-26,158.63636779785156,222.72050606256664,-64.08413826471508
2012-03-27,159.61817932128906,221.78623097547154,-62.16805165418248
2012-03-28,156.24545288085938,219.11368021314757,-62.8682273322882
2012-03-29,155.59091186523438,214.10240616814627,-58.5114943029119
2012-03-30,161.8545379638672,222.7207362295377,-60.866198265670505
2012-04-02,161.89999389648438,221.93145805475802,-60.03146415827365
2012-04-03,165.1272735595703,227.29063356116944,-62.16336000159913
2012-04-04,161.86363220214844,224.30910488636982,-62.445472684221386
2012-04-09,157.64544677734375,211.7435631626791,-54.098116385335345
2012-04-10,157.05455017089844,209.37780490252953,-52.323254731631096
2012-04-11,157.2181854248047,212.43999050152843,-55.22180507672374
2012-04-12,159.88182067871094,218.50472780358854,-58.6229071248776
2012-04-13,157.27272033691406,216.66340605632047,-59.390685719406406
2012-04-16,158.83636474609375,219.36476252497215,-60.5283977788784
2012-04-17,160.99090576171875,224.24809474607258,-63.25718898435383
2012-04-18,160.22726440429688,222.87401117281337,-62.64674676851649
2012-04-19,159.6090850830078,219.26932055141316,-59.66023546840535
2012-04-20,156.55455017089844,218.2817373324943,-61.72718716159585
2012-04-23,153.4363555908203,216.13462803231806,-62.69827244149775
2012-04-24,154.14544677734375,216.7008256525084,-62.55537887516465
2012-04-25,152.4363555908203,223.48519955845182,-71.04884396763151
2012-04-26,152.99090576171875,220.1326224534443,-67.14171669172555
2012-04-27,156.5181884765625,227.80100103897678,-71.28281256241428
2012-04-30,160.42727661132812,233.31361638698314,-72.88633977565502
2012-05-02,160.3727264404297,193.14676455135208,-32.77403811092239
2012-05-03,155.91818237304688,186.82882981159622,-30.910647438549347
2012-05-04,151.5181884765625,181.5513146700842,-30.033126193521696
2012-05-07,154.22726440429688,186.87135930353702,-32.644094899240145
2012-05-08,150.9363555908203,178.8870261478716,-27.950670557051296
2012-05-09,149.44544982910156,175.10359807343002,-25.65814824432846
2012-05-10,148.0272674560547,178.04576024865844,-30.01849279260375
2012-05-11,147.8545379638672,175.80034831638324,-27.945810352516048
2012-05-14,145.58181762695312,168.75278276356335,-23.17096513661022
2012-05-15,148.5181884765625,169.24807835421927,-20.729889877656774
2012-05-16,144.4363555908203,163.23808126256176,-18.80172567174145
2012-05-17,143.1727294921875,152.14200143212275,-8.969271939935254
2012-05-18,146.39999389648438,160.54678086493442,-14.146786968450044
2012-05-22,145.60000610351562,166.782564250019,-21.182558146503368
2012-05-23,144.23635864257812,160.9844863842228,-16.74812774164468
2012-05-24,149.1999969482422,162.43211900514189,-13.232122056899698
2012-05-25,148.1090850830078,158.99798068172555,-10.888895598717738
2012-05-28,151.70909118652344,162.55054795258962,-10.841456766066187
2012-05-29,152.49090576171875,161.95016759615675,-9.459261834437996
2012-05-30,148.59091186523438,151.52508270078073,-2.934170835546354
2012-05-31,142.40908813476562,138.11129059038268,4.297797544382945
2012-06-01,142.1272735595703,135.4100010603807,6.717272499189619
2012-06-04,143.42727661132812,141.1770944302957,2.2501821810324145
2012-06-05,144.00909423828125,146.4153869624792,-2.4062927241979537
2012-06-06,146.9818115234375,146.4947552682995,0.4870562551379862
2012-06-07,150.91818237304688,155.4396504012272,-4.521468028180323
2012-06-08,150.75454711914062,152.2316352940756,-1.477088174934977
2012-06-11,150.31817626953125,149.51437868588613,0.803797583645121
2012-06-12,152.55455017089844,155.04628645512116,-2.491736284222725
2012-06-13,154.42727661132812,156.50368540675277,-2.0764087954246406
2012-06-14,148.88182067871094,147.60770859956443,1.274112079146505
2012-06-15,153.76364135742188,154.94254129212885,-1.1788999347069762
2012-06-18,148.46363830566406,145.25761198302138,3.2060263226426855
2012-06-19,150.3272705078125,148.10346060579337,2.223809902019127
2012-06-20,151.4545440673828,147.22689878437956,4.227645283003255
2012-06-21,154.4818115234375,150.84716047748412,3.634651045953376
2012-06-22,154.8545379638672,157.7309410293608,-2.876403065493605
2012-06-25,153.9818115234375,156.82750563441658,-2.845694110979082
2012-06-26,153.4727325439453,158.55861605165887,-5.085883507713561
2012-06-27,155.0,160.13822775660321,-5.138227756603214
2012-06-28,155.80909729003906,159.2760037352208,-3.466906445181735
2012-06-29,163.5454559326172,172.60828495885664,-9.062829026239456
2012-07-02,162.61817932128906,165.80522184004036,-3.187042518751298
2012-07-03,163.92727661132812,164.75788725823884,-0.8306106469107135
2012-07-04,164.14544677734375,166.23506396240998,-2.0896171850662313
2012-07-05,167.42727661132812,169.78472717172588,-2.3574505603977514
2012-07-06,170.0181884765625,171.09433501084686,-1.0761465342843621
2012-07-09,169.09091186523438,171.7195305466738,-2.628618681439434
2012-07-10,171.4363555908203,169.28493796275046,2.1514176280698507
2012-07-11,170.2818145751953,172.05007146885623,-1.7682568936609186
2012-07-12,168.6999969482422,173.20956464616398,-4.509567697921796
2012-07-13,168.3727264404297,175.54677907615303,-7.174052635723342
2012-07-16,167.29090881347656,175.41539198806686,-8.124483174590296
2012-07-17,167.8000030517578,182.15136240345993,-14.351359351702115
2012-07-18,170.76364135742188,183.66598766122365,-12.902346303801778
2012-07-19,172.88182067871094,187.1317447342633,-14.249924055552356
2012-07-20,170.0272674560547,178.96160304785184,-8.93433559179715
2012-07-23,166.0,175.80025746297775,-9.800257462977754
2012-07-24,166.6090850830078,172.10602626628975,-5.496941183281933
2012-07-25,166.89999389648438,174.8332405208779,-7.933246624393519
2012-07-26,164.86363220214844,172.64732287279503,-7.7836906706465925
2012-07-27,168.77272033691406,181.04586155269436,-12.2731412157803
2012-07-30,175.36363220214844,183.19817483610763,-7.834542633959188
2012-07-31,174.8000030517578,174.81403059855944,-0.014027546801628432
2012-08-01,174.4727325439453,178.01166320471577,-3.538930660770461
2012-08-02,174.345458984375,175.06189079750283,-0.7164318131278264
2012-08-03,170.89999389648438,170.16983028345294,0.7301636130314364
2012-08-06,173.4545440673828,170.32674345363,3.127800613752811
2012-08-07,177.14544677734375,177.26279124483057,-0.11734446748681648
2012-08-08,174.22726440429688,167.56765228497733,6.659612119319547
2012-08-09,173.20909118652344,171.78915473711254,1.4199364494108977
2012-08-10,173.59091186523438,172.1438617055337,1.447050159700666
2012-08-13,172.53636169433594,165.80409456056134,6.732267133774599
2012-08-14,176.3272705078125,175.05859008106916,1.2686804267433445
2012-08-16,173.8909149169922,175.40122519611793,-1.510310279125747
2012-08-17,174.9363555908203,176.73124357848036,-1.7948879876600472
2012-08-21,177.30909729003906,176.32260361002318,0.986493680015883
2012-08-22,177.06362915039062,176.3024961584204,0.7611329919702143
2012-08-23,177.06362915039062,171.12512747854487,5.938501671845756
2012-08-24,173.5181884765625,165.12855542586146,8.389633050701036
2012-08-27,170.0454559326172,161.25716519203047,8.788290740586717
2012-08-29,166.61817932128906,162.2082284564803,4.4099508648087635
2012-08-30,167.26364135742188,159.1606430980283,8.102998259393587
2012-08-31,164.0272674560547,157.38030345081296,6.646964005241728
2012-09-03,164.14544677734375,158.6781764448565,5.46727033248726
2012-09-04,165.9363555908203,161.77737042093906,4.158985169881248
2012-09-05,159.9363555908203,157.90021612611002,2.0361394647102884
2012-09-06,162.99090576171875,168.31924655172105,-5.328340790002301
2012-09-07,170.51817321777344,174.71773872209678,-4.1995655043233455
2012-09-10,169.8727264404297,172.49483655970363,-2.622110119273941
2012-09-11,171.96363830566406,174.96290689870898,-2.999268593044917
2012-09-12,172.56362915039062,177.64417508539657,-5.080545935005944
2012-09-13,174.44544982910156,186.23764899833958,-11.792199169238017
2012-09-14,183.2727203369141,199.72355245796194,-16.450832121047853
2012-09-17,192.845458984375,206.52268056935355,-13.677221584978554
2012-09-18,190.73635864257812,202.45746917393922,-11.721110531361091
2012-09-20,185.91818237304688,195.39987103468695,-9.481688661640078
2012-09-21,193.72726440429688,201.35959962092153,-7.632335216624654
2012-09-24,194.7181854248047,201.2799705840908,-6.561785159286103
2012-09-25,193.9818115234375,194.8443820498543,-0.8625705264167891
2012-09-26,193.72726440429688,192.35663717072237,1.3706272335745098
2012-09-27,191.88182067871097,190.19661067184495,1.685210006866015
2012-09-28,192.50909423828125,188.82513225644885,3.6839619818323968
2012-10-01,191.0272674560547,176.23778572765946,14.78948172839523
2012-10-03,191.4545440673828,179.5609654551185,11.89357861226432
2012-10-04,196.9818115234375,189.47763434108492,7.504177182352578
2012-10-05,193.94544982910156,190.35668909842354,3.5887607306780183
2012-10-08,191.30909729003903,195.37518498322095,-4.066087693181913
2012-10-09,193.4818115234375,196.97095347526624,-3.489141951828742
2012-10-10,191.6727294921875,195.05528456012865,-3.382555067941155
2012-10-11,192.3545379638672,189.67884228073302,2.6756956831341654
2012-10-12,189.9545440673828,186.98829119009628,2.9662528772865357
2012-10-15,191.5272674560547,189.14705514826494,2.3802123077897477
2012-10-16,189.68182373046875,192.89732403688186,-3.215500306413105
2012-10-17,190.8272705078125,196.1384011024677,-5.3111305946551965
2012-10-18,193.6272735595703,198.8859345091683,-5.2586609495979815
2012-10-19,192.23635864257812,195.62952381057153,-3.393165167993402
2012-10-22,195.56362915039065,199.974422284868,-4.410793134477359
2012-10-23,196.26364135742188,203.43294745732163,-7.169306099899757
2012-10-25,197.66363525390625,206.7365661863504,-9.072930932444137
2012-10-29,194.26364135742188,199.11953214399688,-4.855890786575003
2012-10-30,190.0272674560547,192.1908175555281,-2.1635500994734116
2012-10-31,190.94544982910156,187.3824356598343,3.5630141692672623
2012-11-01,192.24545288085935,191.27686964641885,0.9685832344405014
2012-11-02,196.3000030517578,195.7188410211363,0.5811620306214991
2012-11-05,195.9363555908203,192.7576004374293,3.178755153391023
2012-11-06,196.49090576171875,194.96706903803118,1.523836723687566
2012-11-07,198.7181854248047,192.47057791589845,6.247607508906242
2012-11-08,195.63636779785156,188.87471386569598,6.761653932155582
2012-11-09,192.58181762695312,185.0767008407518,7.505116786201313
2012-11-12,192.4363555908203,183.55339495136957,8.882960639450744
2012-11-15,191.75454711914065,189.43122121950506,2.3233258996355914
2012-11-16,186.7818145751953,181.21701290755766,5.564801667637653
2012-11-19,185.66363525390625,180.6542225395799,5.009412714326345
2012-11-20,186.1999969482422,184.62436414979834,1.5756327984438485
2012-11-21,189.8999938964844,190.15917648161894,-0.25918258513453907
2012-11-22,187.74545288085935,182.57979516312793,5.1656577177314205
2012-11-23,186.38182067871097,179.37494363551764,7.006877043193327
2012-11-26,185.14544677734375,175.11613073658907,10.02931604075468
2012-11-27,188.0181884765625,172.9734869014087,15.044701575153795
2012-11-29,196.68182373046875,185.3580990568435,11.323724673625236
2012-11-30,199.9727325439453,189.09284157988964,10.879890964055676
2012-12-03,200.41818237304688,192.38813478991477,8.030047583132102
2012-12-04,203.5181884765625,195.83382231877732,7.684366157785178
2012-12-05,203.6000061035156,196.05020388828365,7.549802215231949
2012-12-06,206.49090576171875,199.32900865371403,7.161897108004723
2012-12-07,205.76364135742188,205.61615636964564,0.14748498777623809
2012-12-10,203.8999938964844,198.6854088021335,5.214585094350895
2012-12-11,204.11817932128903,202.47135184739108,1.6468274738979574
2012-12-12,202.3999938964844,202.8038804166722,-0.4038865201877968
2012-12-13,203.86363220214844,212.66214444058318,-8.79851223843474
2012-12-14,206.55455017089844,215.8396614456671,-9.285111274768667
2012-12-17,208.0181884765625,224.6855097217279,-16.667321245165397
2012-12-18,208.8999938964844,224.253730167249,-15.353736270764585
2012-12-19,207.0454559326172,209.7988039300489,-2.7533479974317174
2012-12-20,207.20909118652344,212.7609850544968,-5.5518938679733765
2012-12-21,204.345458984375,210.98867511626952,-6.643216131894519
2012-12-24,203.9090881347656,208.71959269568606,-4.810504560920464
2012-12-26,208.845458984375,213.6889679105489,-4.843508926173911
2012-12-27,206.6272735595703,212.43996661597726,-5.812693056406943
2012-12-28,207.55455017089844,211.1771848607317,-3.622634689833262
2012-12-31,206.9545440673828,215.43014646682957,-8.475602399446757
2013-01-02,213.4545440673828,235.97380269200926,-22.519258624626445
2013-01-03,213.1000061035156,238.60450125427604,-25.504495150760448
2013-01-04,214.9818115234375,243.3751426237663,-28.393331100328794
2013-01-07,214.9363555908203,246.25275909311046,-31.316403502290143
2013-01-08,214.4636383056641,242.72272097883717,-28.259082673173083
2013-01-09,214.6272735595703,249.4094404906525,-34.7821669310822
2013-01-10,214.4545440673828,251.074910300012,-36.62036623262918
2013-01-11,211.55455017089844,240.9128473354927,-29.358297164594262
2013-01-14,215.4818115234375,245.4517025115902,-29.969890988152713
2013-01-15,218.9727325439453,240.67597487917726,-21.70324233523195
2013-01-16,214.5181884765625,231.04088215157105,-16.522693675008554
2013-01-17,211.36363220214844,219.75983226854413,-8.396200066395693
2013-01-18,213.8545379638672,221.2885482112573,-7.43401024739012
2013-01-21,214.1000061035156,220.44581236544752,-6.345806261931926
2013-01-22,212.75454711914065,221.16899320363802,-8.41444608449737
2013-01-23,214.72726440429688,224.11532091986453,-9.388056515567655
2013-01-24,211.72726440429688,223.32857365587898,-11.601309251582109
2013-01-25,213.26364135742188,224.3388308396909,-11.075189482269025
2013-01-28,216.4090881347656,232.57661437746202,-16.167526242696425
2013-01-29,218.3999938964844,245.7182916331779,-27.318297736693495
2013-01-30,220.49090576171875,248.2883915397324,-27.79748577801365
2013-01-31,216.57272338867188,236.95480242013406,-20.382079031462183
2013-02-01,212.9363555908203,234.26423269464817,-21.32787710382786
2013-02-04,214.86363220214844,237.09128993202722,-22.227657729878786
2013-02-05,212.00909423828125,236.892189867149,-24.88309562886775
2013-02-06,210.0454559326172,230.62808187202916,-20.58262593941197
2013-02-07,208.154541015625,228.956406295389,-20.801865279764
2013-02-08,205.4818115234375,228.68353013519788,-23.201718611760384
2013-02-11,204.1272735595703,224.3436224605888,-20.216348901018478
2013-02-12,205.24545288085935,222.31527239015895,-17.069819509299606
2013-02-13,207.74545288085935,229.58208935660787,-21.83663647574852
2013-02-14,204.76364135742188,231.75815900258482,-26.994517645162944
2013-02-15,203.9727325439453,230.88301627309022,-26.910283729144908
2013-02-18,204.0,228.11395726330068,-24.113957263300676
2013-02-19,205.70909118652344,225.34773856481138,-19.638647378287942
2013-02-20,203.91818237304688,222.4345907016836,-18.516408328636714
2013-02-21,196.29090881347656,219.27355121667642,-22.98264240319986
2013-02-22,198.64544677734375,226.66054124026095,-28.015094462917205
2013-02-25,198.8909149169922,222.72569284332508,-23.83477792633289
2013-02-26,193.4545440673828,222.3015004449977,-28.8469563776149
2013-02-27,196.9363555908203,227.12823501249426,-30.191879421673946
2013-02-28,189.16363525390625,219.3197893261061,-30.156154072199854
2013-03-01,192.06362915039065,189.44098971990798,2.6226394304826783
2013-03-04,192.4818115234375,196.8219865425271,-4.3401750190896
2013-03-05,198.83636474609375,199.3740590038342,-0.5376942577404407
2013-03-06,201.5181884765625,202.02498671392448,-0.506798237361977
2013-03-07,203.11817932128903,201.89136071871008,1.226818602578959
2013-03-08,207.14544677734375,205.23776300820958,1.9076837691341666
2013-03-11,205.80909729003903,202.25121613146564,3.5578811585733945
2013-03-12,204.1999969482422,201.48889850409677,2.7110984441454207
2013-03-13,197.3999938964844,193.10929844836124,4.290695448123159
2013-03-14,201.9363555908203,200.07923705806633,1.8571185327539865
2013-03-15,194.0909118652344,192.5398269742799,1.5510848909545132
2013-03-18,191.16363525390625,188.65198072897277,2.5116545249334763
2013-03-19,187.74545288085935,186.5014338031852,1.244019077674153
2013-03-20,182.1000061035156,182.71214222179816,-0.6121361182825638
2013-03-21,188.24545288085935,193.63272149031184,-5.387268609452491
2013-03-22,186.9727325439453,190.61987336608473,-3.64714082213942
2013-03-25,184.1090850830078,188.69187370545552,-4.582788622447708
2013-03-26,185.61817932128903,190.42746506843469,-4.809285747145651
2013-03-28,190.0363616943359,188.5014156073164,1.534946087019506
2013-04-01,191.19090270996097,176.03376437408735,15.157138335873611
2013-04-02,190.345458984375,171.63745982947376,18.707999154901245
2013-04-03,187.5272674560547,171.95422802662927,15.573039429425421
2013-04-04,183.41818237304688,167.33180149527294,16.086380877773934
2013-04-05,181.4818115234375,160.72638616132247,20.755425362115034
2013-04-08,179.83636474609375,164.68683343870435,15.149531307389395
2013-04-09,180.00909423828125,168.8072313277484,11.201862910532839
2013-04-10,182.6000061035156,177.7989902005001,4.801015903015497
2013-04-11,189.1272735595703,186.96879410674018,2.158479452830136
2013-04-12,190.06362915039065,185.2879328343954,4.775696315995248
2013-04-15,190.38182067871097,179.80882999138151,10.572990687329451
2013-04-16,196.16363525390625,184.03084723278153,12.132788021124725
2013-04-17,199.57272338867188,190.8569687272876,8.715754661384267
2013-04-18,204.11817932128903,189.48483171898653,14.633347602302507
2013-04-22,208.80909729003903,198.28081195207068,10.528285337968356
2013-04-23,211.14544677734375,201.3838218667762,9.761624910567548
2013-04-25,214.06362915039065,201.44501524280622,12.618613907584432
2013-04-26,208.0909118652344,190.31236999627924,17.77854186895516
2013-04-29,209.6727294921875,192.46457075188596,17.208158740301542
2013-04-30,211.57272338867188,197.9809914006566,13.591731988015283
2013-05-02,213.0363616943359,190.41667979025317,22.61968190408274
2013-05-03,205.44544982910156,184.75362695686948,20.69182287223208
2013-05-06,207.75454711914065,187.18381522624065,20.5707318929
2013-05-07,211.6272735595703,191.85220218951446,19.775071370055855
2013-05-08,210.5363616943359,187.6030990018732,22.933262692462705
2013-05-09,209.57272338867188,197.01908577783956,12.553637610832311
2013-05-10,211.88182067871097,200.0575342018857,11.824286476825279
2013-05-13,208.8727264404297,203.92815140645615,4.9445750339735355
2013-05-14,208.6272735595703,210.72605938077902,-2.0987858212087076
2013-05-15,216.5909118652344,218.41444735302332,-1.8235354877889165
2013-05-16,219.5454559326172,220.5740456434794,-1.0285897108622066
2013-05-17,223.7181854248047,226.1205507097945,-2.4023652849897985
2013-05-20,219.9636383056641,222.5700151007373,-2.606376795073203
2013-05-21,220.18182373046875,224.9987286612568,-4.816904930788041
2013-05-22,220.0181884765625,230.0176533410642,-9.999464864501704
2013-05-23,213.14544677734375,222.48783460262143,-9.342387825277683
2013-05-24,218.9363555908203,230.79631816322876,-11.859962572408449
2013-05-27,221.70909118652344,228.7293881230937,-7.020296936570276
2013-05-28,223.99090576171875,233.4912857745652,-9.500380012846449
2013-05-29,220.8909149169922,224.45204400719172,-3.561129090199529
2013-05-30,215.05455017089844,207.8249112503786,7.229638920519847
2013-05-31,209.8999938964844,208.56608514239417,1.3339087540902312
2013-06-03,208.20909118652344,200.25798660821914,7.951104578304296
2013-06-04,206.94544982910156,199.94933128773346,6.996118541368105
2013-06-05,206.25454711914065,196.2130724961532,10.041474622987465
2013-06-06,209.92727661132812,202.71400300394146,7.213273607386668
2013-06-07,207.58181762695312,200.8252686810318,6.756548945921338
2013-06-10,203.23635864257812,192.84460518187285,10.391753460705274
2013-06-11,195.72726440429688,182.6874169244719,13.03984747982497
2013-06-12,196.5909118652344,186.45403705854636,10.136874806688041
2013-06-13,194.33636474609375,184.14950744886346,10.18685729723029
2013-06-14,200.3909149169922,189.6724635355988,10.718451381393379
2013-06-17,200.26364135742188,190.4438016674277,9.819839689994183
2013-06-18,198.3545379638672,187.7545063028033,10.600031661063895
2013-06-19,197.58181762695312,181.19594936019183,16.385868266761292
2013-06-20,190.20909118652344,171.41598154005885,18.793109646464586
2013-06-21,189.9727325439453,173.5193932420114,16.45333930193391
2013-06-24,190.75454711914065,174.36466206607992,16.389885053060738
2013-06-25,187.79090881347656,170.16539039769486,17.6255184157817
2013-06-26,186.57272338867188,160.41281639242135,26.159906996250527
2013-06-27,187.3727264404297,153.01104713461575,34.36167930581394
2013-06-28,194.68182373046875,171.169356806988,23.51246692348076
2013-07-01,194.16363525390625,200.94573316381155,-6.782097909905303
2013-07-02,196.1999969482422,202.22289987573146,-6.02290292748927
2013-07-03,193.4545440673828,197.18397044210036,-3.729426374717548
2013-07-04,193.3999938964844,199.83966890573112,-6.439675009246713
2013-07-05,191.19090270996097,196.67640056575988,-5.485497855798911
2013-07-08,186.8999938964844,191.58570816393365,-4.685714267449242
2013-07-09,188.06362915039065,190.78834442262314,-2.724715272232487
2013-07-10,188.8272705078125,200.5057894460005,-11.678518938188006
2013-07-11,192.3545379638672,207.6163036192915,-15.261765655424313
2013-07-12,192.8000030517578,203.45501265578952,-10.655009604031704
2013-07-15,192.91818237304688,199.5948413158372,-6.676658942790311
2013-07-16,182.44544982910156,151.39580887339753,31.049640955704035
2013-07-17,178.22726440429688,150.51026946037132,27.716994943925556
2013-07-18,178.99090576171875,159.36449955965185,19.626406202066903
2013-07-19,174.41818237304688,154.23269467137737,20.1854877016695
2013-07-22,177.1727294921875,154.66669007281547,22.50603941937203
2013-07-23,179.9363555908203,152.18893156466106,27.74742402615925
2013-07-24,173.05455017089844,134.87954190247603,38.1750082684224
2013-07-25,169.9727325439453,142.08027873205356,27.892453811891755
2013-07-26,169.3727264404297,148.0856736324738,21.287052807955888
2013-07-29,168.83636474609375,145.72600321415536,23.110361531938395
2013-07-30,168.3727264404297,143.01124694539368,25.361479495036008
2013-07-31,165.2818145751953,132.63063615444594,32.651178420749375
2013-08-01,166.2181854248047,176.53774571335987,-10.31956028855518
2013-08-02,161.29090881347656,177.4547054386441,-16.16379662516755
2013-08-05,164.08181762695312,184.05085864895483,-19.969041022001704
2013-08-06,157.5181884765625,177.06365166688096,-19.545463190318458
2013-08-07,157.86363220214844,175.95541824838057,-18.09178604623213
2013-08-08,159.10000610351562,178.5930410011474,-19.493034897631787
2013-08-12,157.64544677734375,163.35967056086622,-5.7142237835224705
2013-08-13,162.2818145751953,171.94282551688508,-9.661010941689767
2013-08-14,164.7181854248047,172.90084222453623,-8.182656799731546
2013-08-16,156.1090850830078,162.8937147186258,-6.784629635617989
2013-08-19,148.24545288085938,141.7169977677264,6.528455113132964
2013-08-20,150.9818115234375,158.36503614627281,-7.383224622835314
2013-08-21,150.8272705078125,173.5568499109903,-22.72957940317781
2013-08-22,151.1090850830078,160.12310427507146,-9.014019192063643
2013-08-23,155.10000610351562,158.92289072119206,-3.8228846176764364
2013-08-26,150.99090576171875,161.1038558226751,-10.112950060956337
2013-08-27,145.92727661132812,147.29629476048018,-1.3690181491520548
2013-08-28,144.79090881347656,141.71598636472692,3.0749224487496463
2013-08-29,146.76364135742188,133.35166442191826,13.411976935503617
2013-08-30,146.13636779785156,121.98095493176845,24.15541286608311
2013-09-02,150.29090881347656,142.13508064918648,8.155828164290085
2013-09-03,142.46363830566406,141.14136102753923,1.3222772781248295
2013-09-04,148.68182373046875,149.21487108938925,-0.5330473589204985
2013-09-05,162.49090576171875,178.2319208115049,-15.741015049786142
2013-09-06,174.25454711914062,193.1819210890498,-18.927373969909183
2013-09-10,176.29090881347656,188.71841278080865,-12.427503967332086
2013-09-11,176.31817626953125,195.94405257420408,-19.62587630467283
2013-09-12,172.94544982910156,188.52310325614746,-15.577653427045902
2013-09-13,171.26364135742188,185.64124471591873,-14.377603358496856
2013-09-16,176.3545379638672,199.34150878747738,-22.986970823610193
2013-09-17,174.99090576171875,197.4137484661203,-22.422842704401546
2013-09-18,176.92727661132812,211.42344725983304,-34.496170648504915
2013-09-19,188.4090881347656,233.7239071734254,-45.314819038659806
2013-09-20,179.5,207.3686790367189,-27.868679036718902
2013-09-23,171.50909423828125,201.09772894996485,-29.588634711683596
2013-09-24,171.79090881347656,210.62227973849014,-38.83137092501357
2013-09-25,170.03636169433594,204.99888364081056,-34.962521946474624
2013-09-26,172.0181884765625,207.82526462249916,-35.80707614593666
2013-09-27,167.8727264404297,204.07083160850215,-36.19810516807246
2013-09-30,160.66363525390625,195.35818557778384,-34.69455032387759
2013-10-01,165.59091186523438,191.78326974401818,-26.19235787878381
2013-10-03,170.5181884765625,203.20755689903905,-32.68936842247655
2013-10-04,169.1999969482422,203.90585831284187,-34.705861364599684
2013-10-07,166.58181762695312,198.53746397072723,-31.955646343774106
2013-10-08,170.38182067871094,210.23091638258995,-39.849095703879016
2013-10-09,172.8000030517578,212.98114526235304,-40.181142210595226
2013-10-10,172.3727264404297,212.5350621879162,-40.16233574748651
2013-10-11,181.2818145751953,226.8559210961717,-45.574106520976386
2013-10-14,181.3000030517578,224.13603707059303,-42.83603401883522
2013-10-15,177.19090270996094,216.30335045606392,-39.11244774610299
2013-10-17,175.4363555908203,211.387560393037,-35.951204802216694
2013-10-18,183.42727661132812,220.65873880698365,-37.231462195655524
2013-10-21,183.68182373046875,222.59054139635953,-38.90871766589078
2013-10-22,183.66363525390625,219.48381850801786,-35.82018325411161
2013-10-23,186.5,221.09761139409488,-34.59761139409488
2013-10-24,185.61817932128903,222.20133070616015,-36.583151384871115
2013-10-25,185.8545379638672,225.2645054513664,-39.409967487499216
2013-10-28,184.5454559326172,225.6602059096861,-41.114749977068925
2013-10-29,195.3909149169922,239.01399017296472,-43.62307525597254
2013-10-30,199.81817626953125,239.6880020103079,-39.86982574077666
2013-10-31,203.80909729003903,244.39541573293565,-40.58631844289661
2013-11-01,206.08181762695312,238.28564208108543,-32.2038244541323
2013-11-05,199.2727203369141,233.9139184416676,-34.6411981047535
2013-11-06,196.4363555908203,231.81142553083748,-35.37506994001717
2013-11-07,191.1727294921875,225.24927309657147,-34.07654360438397
2013-11-08,190.8909149169922,230.32716861787225,-39.43625370088006
2013-11-11,188.58181762695312,226.0020315548777,-37.42021392792458
2013-11-12,184.13636779785156,218.10791026895197,-33.971542471100406
2013-11-13,184.5272674560547,223.75908261278244,-39.23181515672775
2013-11-14,191.29090881347656,230.0012584325181,-38.71034961904155
2013-11-18,195.20909118652344,242.28915989781376,-47.08006871129032
2013-11-19,197.2727203369141,249.40233252591565,-52.12961218900156
2013-11-20,190.75454711914065,253.65381064600035,-62.8992635268597
2013-11-21,187.31817626953125,253.56043312953437,-66.24225686000312
2013-11-22,185.55455017089844,248.83162281673032,-63.27707264583188
2013-11-25,195.38182067871097,251.7867823604726,-56.40496168176165
2013-11-26,189.7727203369141,242.15537341146847,-52.38265307455438
2013-11-27,189.57272338867188,241.42381593870442,-51.85109255003255
2013-11-28,188.74545288085935,235.20893657221671,-46.46348369135737
2013-11-29,194.3000030517578,241.92136400462647,-47.621360952868656
2013-12-02,197.8727264404297,245.2778681820506,-47.40514174162092
2013-12-03,197.345458984375,249.8853271784144,-52.5398681940394
2013-12-04,193.86363220214844,249.21081564558773,-55.34718344343929
2013-12-05,206.5181884765625,262.42319865150773,-55.90501017494523
2013-12-06,207.9818115234375,258.93902886421904,-50.95721734078154
2013-12-09,218.49090576171875,236.2745979439739,-17.78369218225515
2013-12-10,210.6090850830078,226.4101477570643,-15.801062674056482
2013-12-11,210.6090850830078,227.82421867139635,-17.21513358838854
2013-12-12,205.92727661132812,224.85879456703384,-18.931517955705715
2013-12-13,197.2727203369141,212.82833724731228,-15.555616910398186
2013-12-16,199.55455017089844,217.81758968586348,-18.263039514965044
2013-12-17,199.69090270996097,216.4522561265979,-16.761353416636922
2013-12-18,199.23635864257812,218.56831609207887,-19.33195744950075
2013-12-19,193.36363220214844,205.79415885354632,-12.430526651397884
2013-12-20,197.76364135742188,197.25695917642958,0.5066821809922999
2013-12-23,199.64544677734375,198.89068068576825,0.7547660915755046
2013-12-24,199.79090881347656,200.2132535871196,-0.422344773643033
2013-12-26,199.9363555908203,200.0072216991378,-0.07086610831748885
2013-12-27,201.86363220214844,200.69308014080292,1.1705520613455178
2013-12-30,199.3999938964844,202.66311581440652,-3.2631219179221205
2013-12-31,199.7727203369141,204.32692940437698,-4.554209067462892
2014-01-02,195.56362915039065,208.63190807885786,-13.068278928467208
2014-01-03,193.9636383056641,207.27192371313993,-13.308285407475836
2014-01-06,189.23635864257812,202.24058777472914,-13.00422913215101
2014-01-07,190.9090881347656,207.3299566860661,-16.420868551300515
2014-01-08,191.69090270996097,204.0466483795572,-12.355745669596246
2014-01-09,191.06362915039065,202.4757448274823,-11.412115677091634
2014-01-10,186.2727203369141,196.85168212028935,-10.578961783375263
2014-01-13,191.8000030517578,201.92385274701132,-10.123849695253512
2014-01-14,188.44544982910156,198.0967062221232,-9.65125639302164
2014-01-15,192.42727661132812,202.9095646406136,-10.482288029285485
2014-01-16,192.5272674560547,203.23779905361363,-10.71053159755894
2014-01-17,188.1000061035156,201.77759840700725,-13.67759230349165
2014-01-20,189.81817626953125,209.11153232522884,-19.293356055697586
2014-01-21,196.00909423828125,217.29658387783917,-21.28748963955792
2014-01-22,197.80909729003903,213.2898499920064,-15.480752701967361
2014-01-23,196.26364135742188,207.82404870409334,-11.560407346671468
2014-01-24,192.3999938964844,203.8448818210897,-11.444887924605297
2014-01-27,183.6000061035156,198.01078361388892,-14.410777510373322
2014-01-28,185.20909118652344,200.39360189539542,-15.184510708871983
2014-01-29,182.07272338867188,193.04740989054983,-10.974686501877954
2014-01-30,177.19090270996094,186.98554996526872,-9.79464725530778
2014-01-31,179.58181762695312,186.63273352193136,-7.050915894978232
2014-02-03,175.18182373046875,184.33320687647733,-9.151383146008584
2014-02-04,176.11817932128906,191.77450754340606,-15.656328222116997
2014-02-05,175.68182373046875,191.22360778801772,-15.541784057548966
2014-02-06,174.19090270996094,187.53050487349452,-13.339602163533584
2014-02-07,174.6272735595703,188.1481345283433,-13.520860968772979
2014-02-10,174.64544677734375,187.1140685409286,-12.46862176358485
2014-02-11,176.154541015625,185.85970900250692,-9.705167986881918
2014-02-12,181.6727294921875,193.82769349105314,-12.15496399886564
2014-02-13,178.83636474609375,197.35568617337714,-18.519321427283387
2014-02-14,179.7181854248047,194.87907655522963,-15.160891130424943
2014-02-18,188.69090270996097,206.1552529437808,-17.46435023381983
2014-02-19,187.4363555908203,200.16892886787605,-12.732573277055735
2014-02-20,183.24545288085935,197.22585815899635,-13.980405278136999
2014-02-21,186.41818237304688,197.11958979663694,-10.70140742359007
2014-02-24,188.3999938964844,194.4263069491156,-6.026313052631195
2014-02-25,187.4727325439453,190.42425902725262,-2.9515264833073047
2014-02-26,188.44544982910156,187.11003303644242,1.3354167926591458
2014-02-28,189.79090881347656,185.74033285574075,4.050575957735816
2014-03-03,187.23635864257812,183.92463919908727,3.3117194434908583
2014-03-04,194.38182067871097,195.62777819263124,-1.245957513920274
2014-03-05,199.8909149169922,201.57519416961702,-1.6842792526248331
2014-03-06,206.1727294921875,208.219093680742,-2.0463641885544916
2014-03-07,218.5272674560547,214.98571586463981,3.5415515914148727
2014-03-10,217.0181884765625,213.4726462726603,3.545542203902187
2014-03-11,217.845458984375,218.92900843044083,-1.083549446065831
2014-03-12,220.3000030517578,220.46525186135386,-0.1652488095960507
2014-03-13,221.81817626953125,223.27132066245582,-1.453144392924571
2014-03-14,220.9090881347656,217.5365638558909,3.3725242788746925
2014-03-18,219.0,214.23183291419218,4.768167085807818
2014-03-19,219.99090576171875,209.8394435979519,10.151462163766837
2014-03-20,218.31817626953125,210.04437730614717,8.273798963384081
2014-03-21,218.1000061035156,206.30622743760762,11.793778665907979
2014-03-24,225.8545379638672,207.16495713307694,18.68958083079025
2014-03-25,227.73635864257812,210.46743840114425,17.268920241433875
2014-03-26,228.4545440673828,213.55613727528265,14.898406792100161
2014-03-27,228.9090881347656,206.46559807519662,22.443490059568973
2014-03-28,228.94544982910156,206.93406336123758,22.011386467863986
2014-03-31,226.3727264404297,200.01652671927434,26.35619972115535
2014-04-01,222.5363616943359,187.50985410880713,35.026507585528776
2014-04-02,226.00909423828125,185.86472502365905,40.1443692146222
2014-04-03,224.31817626953125,183.602755043998,40.71542122553325
2014-04-04,223.7181854248047,190.86698174368047,32.85120368112422
2014-04-07,219.845458984375,180.66073820126957,39.18472078310543
2014-04-09,229.05455017089844,196.84811532973924,32.206434841159194
2014-04-10,226.79090881347656,192.33282005947035,34.45808875400621
2014-04-11,224.73635864257812,193.11910964074616,31.617249001831965
2014-04-15,221.7181854248047,189.4389260250196,32.279259399785076
2014-04-16,222.2818145751953,197.26640012381728,25.015414451378035
2014-04-17,229.6090850830078,207.9601153078874,21.648969775120406
2014-04-21,233.0909118652344,212.14088489697951,20.95002696825489
2014-04-22,234.5272674560547,213.6078488726418,20.91941858341289
2014-04-23,236.2818145751953,214.14969231118715,22.13212226400816
2014-04-25,231.0,202.93228446147123,28.067715538528773
2014-04-28,231.9090881347656,208.82730752249591,23.081780612269682
2014-04-29,229.6000061035156,211.83315049220585,17.76685561130975
2014-04-30,226.07272338867188,206.79757217573803,19.27515121293385
2014-05-02,227.70909118652344,205.6221926819034,22.086898504620024
2014-05-05,227.7181854248047,208.03056375520885,19.687621669595842
2014-05-06,231.92727661132812,211.52684123744274,20.400435373885387
2014-05-07,231.0272674560547,218.06117289980097,12.966094556253722
2014-05-08,234.36363220214844,228.9393394728795,5.424292729268927
2014-05-09,250.654541015625,236.6887512898412,13.965789725783793
2014-05-12,254.30909729003903,237.478337193931,16.830760096108037
2014-05-13,254.69090270996097,236.4804785313856,18.21042417857538
2014-05-14,256.2545471191406,235.54993739150325,20.704609727637376
2014-05-15,253.654541015625,229.07132436125403,24.583216654370972
2014-05-16,266.4181823730469,239.5704755234235,26.847706849623364
2014-05-19,266.9818115234375,250.08876536566862,16.89304615776888
2014-05-20,263.6181945800781,242.9546233134564,20.663571266621716
2014-05-21,261.9181823730469,244.58998171165268,17.32820066139419
2014-05-22,263.9090881347656,248.19308779977678,15.716000334988848
2014-05-23,265.6000061035156,252.26970212092175,13.330303982593875
2014-05-26,264.463623046875,248.5004731952497,15.963149851625303
2014-05-27,263.1091003417969,251.273970455856,11.835129885940887
2014-05-28,264.7636413574219,249.85890433125923,14.90473702616265
2014-05-29,261.2636413574219,249.3159599944118,11.947681363010076
2014-05-30,257.8272705078125,241.74968068494854,16.077589822863956
2014-06-02,266.2181701660156,250.84051560292886,15.377654563086764
2014-06-03,265.154541015625,254.78244188903102,10.37209912659398
2014-06-04,267.16363525390625,262.1866194303631,4.977015823543127
2014-06-05,266.02728271484375,258.43930547496507,7.587977239878683
2014-06-06,270.2363586425781,265.26410532500984,4.972253317568288
2014-06-09,271.30908203125,262.2638037691231,9.045278262126885
2014-06-10,269.31817626953125,255.1249436881519,14.193232581379363
2014-06-11,267.2545471191406,255.7463514209077,11.508195698232925
2014-06-12,265.345458984375,246.44714597009386,18.898313014281143
2014-06-13,259.70001220703125,241.8744541855949,17.825558021436336
2014-06-16,257.0818176269531,236.39095475528393,20.690862871669196
2014-06-17,263.5454406738281,247.46349770528724,16.081942968540886
2014-06-18,258.4545593261719,240.14684097599837,18.307718350173502
2014-06-19,256.68182373046875,242.8352652364767,13.846558493992063
2014-06-20,253.9727325439453,239.07127214030174,14.901460403643568
2014-06-23,257.12725830078125,242.47160162715693,14.655656673624321
2014-06-24,261.69091796875,246.53282968966636,15.158088279083643
2014-06-25,258.2727355957031,242.08043636803308,16.19229922767005
2014-06-26,255.0272674560547,239.24632309344537,15.780944362609318
2014-06-27,251.75454711914065,234.98095895400633,16.773588165134328
2014-06-30,257.845458984375,239.6458490642047,18.199609920170303
2014-07-01,261.463623046875,251.06589834460453,10.397724702270466
2014-07-02,264.0,256.2774122050446,7.722587794955416
2014-07-03,264.37274169921875,256.2423669097212,8.130374789497523
2014-07-04,265.97271728515625,258.19923422688464,7.773483058271609
2014-07-07,263.8818054199219,249.41859569838186,14.46320972154001
2014-07-08,256.5818176269531,246.84913002393864,9.732687603014483
2014-07-09,255.1000061035156,246.33853344577562,8.761472657739972
2014-07-10,252.5454559326172,242.71470179199412,9.830754140623071
2014-07-11,246.654541015625,238.9213722789886,7.733168736636401
2014-07-14,244.4090881347656,235.671285973841,8.737802160924588
2014-07-15,253.56362915039065,249.53955653793446,4.0240726124561945
2014-07-16,265.6091003417969,259.2230272612789,6.386073080517974
2014-07-17,263.7454528808594,254.10087727993744,9.64457560092194
2014-07-18,269.1727294921875,258.88653197028873,10.286197521898771
2014-07-21,269.5636291503906,256.6126992977652,12.95092985262545
2014-07-22,269.68182373046875,256.25046638814126,13.431357342327487
2014-07-23,273.81817626953125,264.2759197322818,9.542256537249443
2014-07-24,273.8908996582031,266.87092468086627,7.019974977336858
2014-07-25,268.29998779296875,258.23483894268793,10.06514885028082
2014-07-28,263.81817626953125,253.10724605627985,10.710930213251402
2014-07-30,270.62725830078125,262.3910001551041,8.23625814567714
2014-07-31,267.5,263.47269606085445,4.027303939145554
2014-08-01,268.29998779296875,277.24794051145733,-8.94795271848858
2014-08-04,271.16363525390625,275.85536506008805,-4.691729806181797
2014-08-05,270.2818298339844,263.34743944895195,6.9343903850324295
2014-08-06,263.1091003417969,248.7319659486589,14.377134393137965
2014-08-07,262.70001220703125,249.45337242806983,13.246639778961423
2014-08-08,261.29998779296875,248.32566770693603,12.97432008603272
2014-08-11,261.9818115234375,248.08384288704775,13.897968636389749
2014-08-12,266.0545349121094,252.31756217789405,13.736972734215328
2014-08-13,264.036376953125,249.9820101317705,14.054366821354506
2014-08-14,269.02728271484375,257.81226674137747,11.21501597346628
2014-08-18,278.30908203125,266.5793854429502,11.729696588299817
2014-08-19,280.52728271484375,259.89683143715087,20.630451277692885
2014-08-20,280.5,264.0436275206364,16.45637247936361
2014-08-21,280.8999938964844,262.4690007212161,18.43099317526827
2014-08-22,279.9181823730469,256.5151561404274,23.40302623261948
2014-08-25,275.3272705078125,241.22264855157465,34.10462195623785
2014-08-26,274.19091796875,240.74162675786903,33.44929121088097
2014-08-27,280.0545349121094,247.48274710725906,32.57178780485032
2014-08-28,283.0545349121094,247.73624833181907,35.318286580290305
2014-09-01,290.6000061035156,249.5581826223924,41.04182348112323
2014-09-02,289.2909240722656,248.04914187701286,41.24178219525277
2014-09-03,287.4181823730469,241.60790311609765,45.81027925694923
2014-09-04,285.7545471191406,242.92986574159175,42.82468137754887
2014-09-05,281.2818298339844,239.53678261578494,41.74504721819943
2014-09-08,285.0545349121094,241.64332247113106,43.41121244097832
2014-09-09,281.0454406738281,235.37751760181163,45.66792307201649
2014-09-10,285.47271728515625,250.51706457883648,34.95565270631977
2014-09-11,284.70001220703125,250.8928858086179,33.807126398413345
2014-09-12,284.4363708496094,254.97611407224568,29.460256777363696
2014-09-15,282.4272766113281,258.8826609208477,23.54461569048044
2014-09-16,277.4090881347656,262.1220774598669,15.287010674898738
2014-09-17,278.1363525390625,259.02134612906497,19.115006409997534
2014-09-18,284.5454406738281,261.4903804533983,23.055060220429823
2014-09-19,285.85455322265625,261.9648170562218,23.88973616643443
2014-09-22,287.0636291503906,263.79161821997377,23.272010930416855
2014-09-23,279.7272644042969,257.7237630589293,22.003501345367567
2014-09-24,275.7090759277344,251.58820506140182,24.120870866332552
2014-09-25,266.4181823730469,239.8879341542755,26.530248218771362
2014-09-26,268.7181701660156,241.22057461413283,27.497595551882796
2014-09-29,265.18182373046875,233.63736896929248,31.54445476117627
2014-09-30,260.64544677734375,228.36669215405874,32.27875462328501
2014-10-01,259.7909240722656,234.57160896396744,25.21931510829819
2014-10-07,259.9363708496094,239.76704896238698,20.169321887222395
2014-10-08,263.37274169921875,254.85969551346398,8.513046185754774
2014-10-09,270.6181945800781,259.7864038421338,10.831790737944345
2014-10-10,265.2636413574219,256.8895608493074,8.374080508114503
2014-10-13,268.7090759277344,262.32045901274216,6.3886169149922125
2014-10-14,268.7363586425781,265.420632219348,3.315726423230103
2014-10-16,265.5545349121094,269.39243167307575,-3.837896760966373
2014-10-17,273.6727294921875,282.0105694202781,-8.337839928090602
2014-10-20,279.4363708496094,286.3566121089082,-6.920241259298848
2014-10-21,287.654541015625,295.49086047294304,-7.836319457318041
2014-10-22,285.6363525390625,286.92976670740745,-1.2934141683449525
2014-10-27,286.00909423828125,288.9051085720499,-2.896014333768676
2014-10-28,291.1363525390625,293.5151518132232,-2.3787992741607127
2014-10-29,291.97271728515625,285.5973065317588,6.375410753397432
2014-10-30,293.463623046875,286.129277123572,7.334345923302976
2014-10-31,295.7545471191406,287.9239612438423,7.830585875298311
2014-11-03,299.2181701660156,291.19382693435483,8.024343231660794
2014-11-05,303.8818054199219,301.03013352580683,2.851671894115043
2014-11-07,306.30908203125,302.118766613406,4.190315417843976
2014-11-10,303.0909118652344,294.87098791599954,8.21992394923484
2014-11-11,306.463623046875,296.713475268054,9.750147778820974
2014-11-12,310.536376953125,301.7384544700048,8.797922483120203
2014-11-13,307.7272644042969,295.06508656761764,12.662177836679234
2014-11-14,307.69091796875,293.08459635251563,14.606321616234368
2014-11-17,304.33636474609375,286.53737131450134,17.798993431592407
2014-11-18,305.6727294921875,290.3053074152927,15.367422076894798
2014-11-19,305.9818115234375,296.3576531545865,9.624158368850999
2014-11-20,306.8999938964844,296.0680939574494,10.831899939034997
2014-11-21,314.6727294921875,305.9031623465578,8.769567145629708
2014-11-24,322.4181823730469,312.753623675446,9.664558697600853
2014-11-25,315.8636474609375,304.130472624041,11.733174836896524
2014-11-26,310.9818115234375,292.273303854852,18.708507668585526
2014-11-27,313.30908203125,293.63718127616073,19.67190075508927
2014-11-28,318.9818115234375,299.1596387451988,19.822172778238723
2014-12-01,319.66363525390625,289.58187523161905,30.0817600222872
2014-12-02,321.9090881347656,300.5819068935084,21.32718124125722
2014-12-03,326.20001220703125,301.83791353828633,24.36209866874492
2014-12-04,329.2727355957031,302.7383579895286,26.53437760617453
2014-12-05,327.0909118652344,297.3061013815412,29.78481048369315
2014-12-08,321.6363525390625,291.18171618988015,30.45463634918235
2014-12-09,318.5454406738281,293.1305502177223,25.41489045610581
2014-12-10,320.0454406738281,294.4824551057503,25.562985568077806
2014-12-11,316.31817626953125,291.62415291743116,24.69402335210009
2014-12-12,314.81817626953125,293.6167423170856,21.201433952445655
2014-12-15,313.8636474609375,286.6456390121336,27.218008448803914
2014-12-16,300.6363525390625,263.2507588012362,37.3855937378263
2014-12-17,302.1363525390625,265.64920624942624,36.48714628963626
2014-12-18,314.31817626953125,276.63219662665574,37.68597964287551
2014-12-19,323.6363525390625,277.6110969380052,46.025255601057324
2014-12-22,326.5454406738281,275.72878986276567,50.81665081106246
2014-12-23,320.9090881347656,276.6749887265544,44.23409940821125
2014-12-24,321.0,275.6838222550792,45.31617774492082
2014-12-26,319.0454406738281,269.0599550145288,49.98548565929934
2014-12-29,317.4090881347656,265.618601762972,51.790486371793634
2014-12-30,318.4090881347656,269.90093350730837,48.50815462745726
2014-12-31,321.0,273.7245517006975,47.275448299302525
2015-01-02,329.3636474609375,262.2754898182819,67.08815764265557
2015-01-05,330.0454406738281,259.06646953332404,70.97897114050409
2015-01-06,316.0454406738281,245.86764640133316,70.17779427249496
2015-01-07,307.5,238.78084444173066,68.71915555826934
2015-01-08,315.8636474609375,250.50038038043886,65.36326708049864
2015-01-09,310.7727355957031,244.76888404758654,66.00385154811659
2015-01-12,315.0454406738281,250.656258368867,64.38918230496114
2015-01-13,309.9090881347656,249.15342031957772,60.755667815187905
2015-01-14,306.2727355957031,245.06405781046954,61.20867778523359
2015-01-15,320.7727355957031,265.82003946722926,54.95269612847386
2015-01-16,321.68182373046875,266.9094250475094,54.77239868295936
2015-01-19,328.0,272.0451724278498,55.95482757215018
2015-01-20,334.31817626953125,276.82766915312527,57.49050711640598
2015-01-21,334.9545593261719,279.951760657018,55.00279866915389
2015-01-22,336.18182373046875,281.5508961988952,54.63092753157355
2015-01-23,337.0,281.83420476629306,55.165795233706945
2015-01-27,348.6363525390625,291.92924986819435,56.70710267086815
2015-01-28,349.1363525390625,289.9011357330275,59.235216806035
2015-01-29,345.7272644042969,282.86899538572504,62.85826901857183
2015-01-30,327.9090881347656,270.67423742832057,57.23485070644506
2015-02-02,319.8636474609375,266.2120683471653,53.651579113772186
2015-02-03,315.0909118652344,260.09944134107093,54.99147052416345
2015-02-04,313.31817626953125,259.0472257032765,54.270950566254726
2015-02-05,305.0909118652344,254.385820146226,50.70509171900838
2015-02-06,299.4090881347656,249.07606030684377,50.33302782792185
2015-02-09,290.9545593261719,246.50187611164455,44.452683214527326
2015-02-10,300.9545593261719,259.09275992040523,41.86179940576665
2015-02-11,304.2727355957031,259.30186654319164,44.97086905251149
2015-02-12,308.31817626953125,261.3429622238143,46.97521404571694
2015-02-13,312.5909118652344,269.1290434793956,43.461868385838784
2015-02-16,307.31817626953125,262.94112534433907,44.37705092519218
2015-02-18,311.2727355957031,270.5672428689847,40.70549272671843
2015-02-19,307.7727355957031,265.7284795358769,42.04425605982624
2015-02-20,300.8636474609375,263.3043103379878,37.55933712294973
2015-02-23,299.0909118652344,263.1856066836026,35.905305181631775
2015-02-24,296.4090881347656,260.8977982047293,35.5112899300363
2015-02-25,293.18182373046875,254.88126189934871,38.300561831120035
2015-02-26,292.0909118652344,254.90307388043723,37.18783798479714
2015-02-27,304.7727355957031,266.56533418856947,38.20740140713366
2015-03-02,317.31817626953125,280.67950614902315,36.638670120508095
2015-03-03,316.9545593261719,277.89647286717775,39.058086458994126
2015-03-04,317.5909118652344,288.1018269797122,29.489084885522175
2015-03-05,316.1363525390625,287.8049832264734,28.331369312589118
2015-03-09,302.5454406738281,278.666532308928,23.8789083649001
2015-03-10,303.31817626953125,276.19295339717553,27.12522287235572
2015-03-11,302.4090881347656,272.740551718652,29.668536416113625
2015-03-12,307.4545593261719,279.720085429448,27.734473896723898
2015-03-13,300.18182373046875,272.58968491077076,27.592138819697993
2015-03-16,301.31817626953125,274.8417340661422,26.47644220338907
2015-03-17,304.4090881347656,272.86457723195224,31.544510902813386
2015-03-18,304.3636474609375,277.581777418838,26.781870042099513
2015-03-19,300.18182373046875,270.98927427189784,29.19254945857091
2015-03-20,289.6363525390625,265.38772317196333,24.24862936709917
2015-03-23,285.2727355957031,261.50407121086016,23.768664384842964
2015-03-24,283.5454406738281,258.14955453419543,25.395886139632694
2015-03-25,288.0909118652344,266.21164459161946,21.879267273614914
2015-03-26,279.9545593261719,264.2033581932788,15.751201132893073
2015-03-27,285.9545593261719,273.6732920380963,12.281267288075583
2015-03-30,289.7272644042969,272.6084397558092,17.118824648487703
2015-03-31,286.81817626953125,272.442982418967,14.375193850564244
2015-04-01,293.7727355957031,265.58836345064583,28.184372145057296
2015-04-06,292.0454406738281,268.50091133052877,23.54452934329936
2015-04-07,288.5454406738281,256.6264140110587,31.919026662769397
2015-04-08,286.4545593261719,250.5710709364128,35.883488389759066
2015-04-09,291.4545593261719,261.7358631539295,29.718696172242403
2015-04-10,289.3636474609375,257.02004762763033,32.34359983330717
2015-04-13,288.0909118652344,255.2453110311853,32.845600834049065
2015-04-16,284.0909118652344,259.64508677442234,24.445825090812036
2015-04-17,281.9090881347656,257.01423545965054,24.89485267511509
2015-04-20,282.8636474609375,263.6398077105855,19.223839750352
2015-04-21,282.5909118652344,266.68153882394483,15.909373041289541
2015-04-22,284.5,269.9878300952089,14.512169904791108
2015-04-23,283.5,269.3369542041462,14.163045795853805
2015-04-24,280.2272644042969,264.1199272687643,16.10733713553259
2015-04-27,274.81817626953125,255.35482943190195,19.463346837629302
2015-04-28,297.1363525390625,288.1279741465463,9.008378392516192
2015-04-29,300.1363525390625,293.96133163380216,6.1750209052603395
2015-04-30,301.0454406738281,292.4423461400679,8.603094533760213
2015-05-04,299.3636474609375,292.9270632273426,6.4365842335948855
2015-05-05,298.5909118652344,291.95696532597265,6.6339465392617285
2015-05-06,283.7727355957031,275.5181445391539,8.254591056549202
2015-05-07,276.9090881347656,256.02485615979447,20.884231974971158
2015-05-08,288.18182373046875,269.0327794051603,19.149044325308466
2015-05-11,294.0909118652344,281.47334038850124,12.617571476733133
2015-05-12,280.18182373046875,266.75459455904826,13.427229171420493
2015-05-13,288.7727355957031,278.76459819328306,10.008137402420061
2015-05-14,286.31817626953125,278.06183219073216,8.256344078799088
2015-05-15,283.9545593261719,270.251578331111,13.702980995060898
2015-05-18,287.5,277.29742586002646,10.202574139973535
2015-05-19,286.68182373046875,275.7306033088374,10.951220421631376
2015-05-20,289.7727355957031,280.7054516182915,9.067283977411648
2015-05-21,285.0454406738281,271.32733427314275,13.718106400685372
2015-05-22,285.0909118652344,268.73662679495243,16.354285070281946
2015-05-25,283.7727355957031,269.23916068078745,14.533574914915675
2015-05-26,281.5454406738281,261.929944394093,19.615496279735112
2015-05-27,284.68182373046875,266.9803214929033,17.701502237565478
2015-05-28,285.9090881347656,272.03707375744557,13.872014377320056
2015-05-29,288.4090881347656,272.1670103094567,16.24207782530891
2015-06-01,287.68182373046875,264.71983326479125,22.961990465677502
2015-06-02,276.81817626953125,255.59095531562076,21.22722095391049
2015-06-03,268.8636474609375,250.15744769419882,18.706199766738678
2015-06-04,263.7272644042969,241.5683092183384,22.15895518595846
2015-06-05,258.2727355957031,238.64109725178787,19.631638343915256
2015-06-08,257.4090881347656,233.7767725846699,23.63231555009571
2015-06-09,261.0,244.188396831666,16.81160316833399
2015-06-10,265.9090881347656,245.14775013024092,20.761338004524703
2015-06-11,262.2727355957031,235.7302685463394,26.542467049363722
2015-06-12,269.0454406738281,243.18900611068017,25.856434563147957
2015-06-15,272.0,247.2464412516618,24.753558748338207
2015-06-16,274.5909118652344,247.80716606483344,26.783745800400936
2015-06-17,273.9545593261719,249.70518838671194,24.249370939459936
2015-06-18,275.7727355957031,255.28579591350373,20.48693968219939
2015-06-19,276.8636474609375,257.1566157275328,19.707031733404676
2015-06-22,286.4090881347656,267.807612625261,18.60147550950461
2015-06-23,285.0,265.72270818852337,19.27729181147663
2015-06-24,288.8636474609375,267.3972757363578,21.466371724579687
2015-06-25,286.18182373046875,257.6335176191657,28.548306111303077
2015-06-26,283.3636474609375,255.25928462698477,28.104362833952734
2015-06-29,282.9090881347656,257.83817008756034,25.070918047205282
2015-06-30,280.0,252.06939809493713,27.930601905062872
2015-07-01,283.81817626953125,253.29346644826597,30.524709821265276
2015-07-02,284.5454406738281,260.57509113763547,23.970349536192657
2015-07-03,285.9545593261719,262.47139722203985,23.48316210413202
2015-07-06,286.5,261.8484804197874,24.651519580212607
2015-07-07,284.18182373046875,254.62182283586625,29.560000894602496
2015-07-08,279.5909118652344,256.49510274128386,23.095809123950517
2015-07-09,281.3636474609375,265.40949156717363,15.954155893763868
2015-07-10,284.68182373046875,273.18962912782206,11.492194602646691
2015-07-13,287.6363525390625,268.3377809253427,19.298571613719787
2015-07-14,284.9545593261719,264.3683433419135,20.586215984258388
2015-07-15,286.0454406738281,261.20066383455577,24.844776839272356
2015-07-16,288.2727355957031,261.2324100656722,27.04032553003094
2015-07-17,288.5909118652344,259.65310007482225,28.937811790412127
2015-07-20,287.0909118652344,253.3452182313403,33.745693633894064
2015-07-21,283.1363525390625,251.14899412260974,31.987358416452764
2015-07-22,288.0,255.40344938178004,32.596550618219965
2015-07-23,284.4545593261719,250.15501786623054,34.29954145994134
2015-07-24,273.2727355957031,237.76338980883372,35.5093457868694
2015-07-27,264.6363525390625,234.6930790657433,29.94327347331921
2015-07-28,259.0909118652344,235.81711296093897,23.273798904295404
2015-07-29,262.9545593261719,242.15324931108063,20.801310015091246
2015-07-30,264.5454406738281,239.4980330028962,25.047407670931932
2015-07-31,274.9090881347656,253.21924277663862,21.689845358127002
2015-08-03,284.4545593261719,261.45839694561346,22.996162380558417
2015-08-04,285.5,261.6740009728778,23.82599902712218
2015-08-05,283.0454406738281,256.2209520362231,26.824488637605043
2015-08-06,282.7727355957031,255.99513784353715,26.777597752165974
2015-08-07,281.9545593261719,252.62476426515207,29.32979506101981
2015-08-10,281.4545593261719,258.59407468424257,22.860484641929304
2015-08-11,274.7727355957031,250.80610153061673,23.966634065086396
2015-08-12,265.1363525390625,245.05888763156094,20.077464907501565
2015-08-13,265.3636474609375,246.41403854791275,18.949608913024747
2015-08-14,275.0909118652344,252.65931439292513,22.43159747230925
2015-08-17,275.3636474609375,255.37195428592824,19.99169317500926
2015-08-18,273.7272644042969,256.0806415020618,17.646622902235094
2015-08-19,276.81817626953125,260.9697188940306,15.84845737550063
2015-08-20,271.1363525390625,253.2174212727299,17.918931266332606
2015-08-21,269.5454406738281,253.5312600817797,16.014180592048433
2015-08-24,245.4090881347656,227.28423776812923,18.124850366636366
2015-08-25,257.7272644042969,247.2018875767755,10.52537682752137
2015-08-26,252.7727203369141,249.64778757298228,3.1249327639318096
2015-08-27,256.7727355957031,247.56144052543522,9.211295070267909
2015-08-28,257.9090881347656,244.12954171820422,13.779546416561402
2015-08-31,252.63636779785156,238.5646646693209,14.071703128530658
2015-09-01,246.31817626953125,224.8040029888195,21.51417328071176
2015-09-02,240.7727203369141,220.15422897548547,20.618491361428624
2015-09-03,242.5909118652344,220.78224271516586,21.80866915006854
2015-09-04,234.31817626953125,210.01124324171343,24.30693302781782
2015-09-07,226.4545440673828,202.03926842847733,24.415275638905484
2015-09-08,237.0909118652344,216.8139397263722,20.27697213886219
2015-09-09,240.5,217.4267028540845,23.07329714591549
2015-09-10,243.0909118652344,222.34646351723273,20.74444834800167
2015-09-11,243.22726440429688,222.33987092196043,20.88739348233645
2015-09-14,247.63636779785156,226.31635626755053,21.32001153030103
2015-09-15,244.0909118652344,223.964725172076,20.126186693158417
2015-09-16,248.0454559326172,228.67139938762733,19.374056544989855
2015-09-18,252.5909118652344,235.96851012824249,16.622401736991918
2015-09-21,253.9090881347656,241.08005093918024,12.829037195585357
2015-09-22,245.9545440673828,230.35633140702674,15.598212660356069
2015-09-23,248.5,233.88410503930817,14.615894960691833
2015-09-24,243.9090881347656,225.11490951068595,18.79417862407965
2015-09-28,243.72726440429688,224.6678929655352,19.059371438761673
2015-09-29,244.5454559326172,232.928178389349,11.617277543268187
2015-09-30,245.7727203369141,236.1815546919019,9.591165645012182
2015-10-01,242.81817626953125,222.44596216708783,20.372214102443422
2015-10-05,255.4090881347656,243.7978694685052,11.611218666260385
2015-10-06,257.0454406738281,243.17845538467043,13.866985289157697
2015-10-07,257.2727355957031,240.24391766225614,17.028817933446987
2015-10-08,253.13636779785156,238.74539215502983,14.39097564282173
2015-10-09,260.0909118652344,243.88769072577588,16.203221139458492
2015-10-12,261.4545593261719,247.24427217398534,14.210287152186538
2015-10-13,261.31817626953125,247.56267245351643,13.755503816014823
2015-10-14,257.18182373046875,243.15238563831622,14.029438092152532
2015-10-15,260.31817626953125,244.9344334684568,15.383742801074447
2015-10-16,263.1363525390625,245.68781655504637,17.448535984016132
2015-10-19,261.0909118652344,241.82380513190395,19.267106733330422
2015-10-20,260.18182373046875,242.00176785892359,18.180055871545164
2015-10-21,257.0,234.5613795984492,22.438620401550793
2015-10-23,260.2272644042969,239.1926462849858,21.034618119311062
2015-10-26,259.4090881347656,237.59912921567673,21.8099589190889
2015-10-27,257.9090881347656,238.90696470341356,19.00212343135206
2015-10-28,246.5454559326172,221.70945219447788,24.83600373813931
2015-10-29,246.7727203369141,225.59079376189067,21.181926575023425
2015-10-30,251.81817626953125,235.97686490727733,15.841311362253919
2015-11-02,254.13636779785156,241.66517572234784,12.471192075503723
2015-11-03,254.0454559326172,240.68199226946302,13.363463663154164
2015-11-04,248.5,229.1257096401099,19.374290359890097
2015-11-05,245.5,229.56195648366486,15.938043516335142
2015-11-06,242.81817626953125,226.15428735998643,16.663888909544823
2015-11-09,239.22726440429688,221.3785597660771,17.848704638219772
2015-11-10,238.9090881347656,226.99026573443905,11.918822400326547
2015-11-13,237.9545440673828,226.64488631865726,11.309657748725556
2015-11-16,242.9545440673828,234.64138881388754,8.313155253495268
2015-11-17,243.5,230.1203369907534,13.379663009246599
2015-11-18,236.7727203369141,220.90741836647027,15.865301970443824
2015-11-19,242.18182373046875,220.54948190719642,21.632341823272327
2015-11-20,240.86363220214844,216.47723483972447,24.386397362423963
2015-11-23,241.7727203369141,216.4343497691974,25.33837056771668
2015-11-24,239.4090881347656,215.49579639352464,23.913291741240954
2015-11-26,240.0,210.29289560744337,29.70710439255663
2015-11-27,245.5,217.57994596822726,27.920054031772736
2015-11-30,248.68182373046875,222.03038751101792,26.65143621945083
2015-12-01,249.0,216.3412460942423,32.65875390575769
2015-12-02,245.81817626953125,210.2350496625146,35.58312660701665
2015-12-03,241.63636779785156,217.064001364638,24.572366433213574
2015-12-04,237.68182373046875,210.77479228189577,26.90703144857298
2015-12-07,239.13636779785156,209.31974689865933,29.81662089919223
2015-12-08,237.68182373046875,211.10123729064725,26.580586439821502
2015-12-09,235.86363220214844,212.81632222615855,23.04730997598989
2015-12-10,235.4090881347656,205.4151615767134,29.99392655805221
2015-12-11,226.63636779785156,195.5553886932043,31.08097910464727
2015-12-14,226.36363220214844,192.32687332047726,34.036758881671176
2015-12-15,224.0,185.13488668657436,38.86511331342564
2015-12-16,229.13636779785156,191.66672712074927,37.46964067710229
2015-12-17,230.13636779785156,185.13504954449616,45.00131825335541
2015-12-18,227.36363220214844,184.76105299582008,42.60257920632836
2015-12-21,234.72726440429688,197.63976335376992,37.08750105052695
2015-12-22,235.9545440673828,203.43059243476011,32.5239516326227
2015-12-23,238.0454559326172,206.79066384505677,31.254792087560418
2015-12-24,234.5,198.6285194884884,35.871480511511606
2015-12-28,240.0454559326172,202.9305639083717,37.11489202424548
2015-12-29,240.68182373046875,206.61335279867893,34.06847093178982
2015-12-30,238.5,202.94077299584757,35.55922700415243
2015-12-31,237.5909118652344,198.8988478977701,38.69206396746429
2016-01-04,232.31817626953125,189.12321879307103,43.19495747646022
2016-01-05,233.36363220214844,193.89295240055196,39.470679801596475
2016-01-06,227.36363220214844,187.1384194832646,40.225212718883824
2016-01-07,224.31817626953125,190.13414417401412,34.184032095517125
2016-01-08,222.7727203369141,187.0486511938384,35.724069143075695
2016-01-11,217.68182373046875,185.58207583811878,32.09974789234997
2016-01-12,215.22726440429688,180.48379580687885,34.74346859741803
2016-01-13,217.72726440429688,180.9953728324635,36.73189157183339
2016-01-14,214.31817626953125,178.2545236725685,36.063652596962754
2016-01-15,204.0454559326172,168.48566932204562,35.559786610571564
2016-01-18,202.81817626953125,167.86331305876809,34.954863210763165
2016-01-19,207.9545440673828,173.83151481853952,34.123029248843295
2016-01-20,204.0,172.66625387982475,31.33374612017525
2016-01-21,205.72726440429688,180.21162094557093,25.515643458725947
2016-01-22,211.5909118652344,181.426840182639,30.16407168259539
2016-01-25,214.5909118652344,185.0645114525368,29.526400412697598
2016-01-27,215.72726440429688,190.27832040842617,25.448943995870707
2016-01-28,212.0,185.51464408541773,26.48535591458227
2016-01-29,209.22726440429688,177.15032521054252,32.076939193754356
2016-02-01,197.4545440673828,159.840170084551,37.61437398283181
2016-02-02,191.2727203369141,155.42769029539073,35.84503004152336
2016-02-03,185.5,157.22941522347378,28.27058477652622
2016-02-04,185.4090881347656,155.89870394268115,29.510384192084445
2016-02-05,190.36363220214844,160.10305654255262,30.260575659595816
2016-02-08,189.5909118652344,155.94499409221618,33.645917773018226
2016-02-09,190.36363220214844,158.09877143551904,32.2648607666294
2016-02-10,188.4090881347656,154.2083950633443,34.200693071421284
2016-02-11,181.13636779785156,143.50661948726287,37.629748310588695
2016-02-12,175.9545440673828,140.6834239332183,35.271120134164505
2016-02-15,185.0,148.71140320093792,36.28859679906208
2016-02-16,178.72726440429688,141.9174511495271,36.80981325476978
2016-02-17,173.40908813476562,132.36053317595702,41.04855495880861
2016-02-18,178.31817626953125,136.61133460730832,41.70684166222293
2016-02-19,180.72726440429688,136.9709819249199,43.75628247937698
2016-02-22,180.4090881347656,134.1281053717882,46.2809827629774
2016-02-23,174.5454559326172,124.70266820435683,49.84278772826036
2016-02-24,170.0,117.77286881700564,52.227131182994356
2016-02-25,166.36363220214844,106.04672550756999,60.31690669457845
2016-02-26,168.0,111.69851290510877,56.30148709489123
2016-02-29,172.77272033691406,134.03367184710544,38.739048489808624
2016-03-01,186.31817626953125,151.01951805504217,35.29865821448908
2016-03-02,200.0,163.1310206516335,36.86897934836651
2016-03-03,198.18182373046875,158.28165365611676,39.90017007435199
2016-03-04,200.4545440673828,159.8913370875647,40.56320697981812
2016-03-08,197.13636779785156,150.21355465395732,46.922813143894246
2016-03-09,196.68182373046875,153.52928968553806,43.15253404493069
2016-03-10,195.9090881347656,152.06262680527283,43.84646132949277
2016-03-11,194.4090881347656,148.77244248915173,45.63664564561387
2016-03-14,201.5,158.1960346726009,43.30396532739911
2016-03-15,201.22726440429688,159.81471533192905,41.412549072367824
2016-03-16,205.81817626953125,171.94520427493,33.872971994601244
2016-03-17,207.0454559326172,173.37746123326895,33.66799469934824
2016-03-18,209.2727203369141,175.30197813189966,33.97074220501443
2016-03-21,213.5,180.85868456968444,32.64131543031556
2016-03-22,212.36363220214844,177.7099386035593,34.65369359858914
2016-03-23,212.9090881347656,178.21070734206893,34.69838079269667
2016-03-28,204.9545440673828,170.8884936188237,34.06605044855911
2016-03-29,203.0909118652344,170.40472203242678,32.68618983280763
2016-03-30,215.9090881347656,190.42857888175314,25.480509253012457
2016-03-31,215.13636779785156,191.25121631985672,23.88515147799484
2016-04-01,216.63636779785156,186.72220352856175,29.914164269289813
2016-04-04,217.0454559326172,188.92012055844742,28.125335374169765
2016-04-05,205.0909118652344,175.74061212556745,29.35029973966695
2016-04-06,202.31817626953125,177.3135797306851,25.004596538846158
2016-04-07,200.2727203369141,176.72344918785836,23.549271149055727
2016-04-08,201.13636779785156,179.1186741664908,22.01769363136077
2016-04-11,204.2727203369141,183.1406007161064,21.132119620807686
2016-04-12,207.9545440673828,186.78042587382708,21.174118193555728
2016-04-13,218.7727203369141,190.92978485122558,27.842935485688514
2016-04-18,215.5909118652344,184.86118540661295,30.729726458621457
2016-04-20,216.4090881347656,183.62838941942954,32.78069871533606
2016-04-21,230.0454559326172,196.1499836810607,33.8954722515565
2016-04-22,229.0909118652344,198.1029565488065,30.9879553164279
2016-04-25,229.9545440673828,202.3036774013002,27.650866666082607
2016-04-26,230.9545440673828,201.5457049982902,29.408839069092608
2016-04-27,222.36363220214844,183.75961673865243,38.60401546349601
2016-04-28,218.2727203369141,189.72082778928655,28.551892547627546
2016-04-29,215.4090881347656,187.18753327215666,28.22155486260894
2016-05-02,206.13636779785156,178.47892961380376,27.657438184047805
2016-05-03,201.0,176.07382135161566,24.926178648384337
2016-05-04,194.9545440673828,172.75448156553801,22.200062501844798
2016-05-05,195.13636779785156,170.73800406229668,24.39836373555488
2016-05-06,198.72726440429688,178.2574912949239,20.469773109372966
2016-05-09,204.81817626953125,183.4434254954591,21.37475077407214
2016-05-10,205.0,182.97019076521264,22.029809234787365
2016-05-11,203.5909118652344,182.32107780432426,21.269834060910142
2016-05-12,210.72726440429688,189.4606417008082,21.26662270348868
2016-05-13,205.9090881347656,185.72572042919887,20.183367705566724
2016-05-16,203.4090881347656,180.21587318900407,23.193214945761525
2016-05-17,205.4090881347656,179.47144596750155,25.937642167264045
2016-05-18,205.86363220214844,181.36537311648152,24.498259085666916
2016-05-19,205.0454559326172,185.6669886334368,19.378467299180386
2016-05-20,200.0909118652344,180.342567086153,19.748344779081407
2016-05-23,201.0,181.6850135862615,19.314986413738495
2016-05-24,204.13636779785156,186.0129560853569,18.123411712494658
2016-05-25,213.63636779785156,191.37989497705001,22.256472820801548
2016-05-26,219.22726440429688,197.12891162681763,22.09835277747925
2016-05-27,221.0454559326172,196.74822582540975,24.29723010720744
2016-05-30,222.2727203369141,197.9205151898396,24.3522051470745
2016-05-31,222.4090881347656,201.11288095512464,21.29620717964096
2016-06-01,218.22726440429688,194.57529349286102,23.651970911435853
2016-06-02,219.4090881347656,195.4315606756702,23.9775274590954
2016-06-03,221.5909118652344,200.64173373696553,20.94917812826887
2016-06-06,221.36363220214844,205.34836694028928,16.015265261859156
2016-06-07,231.0,216.10325696013143,14.896743039868568
2016-06-08,234.22726440429688,217.89867711225446,16.328587292042414
2016-06-09,231.4090881347656,219.62087039116926,11.788217743596334
2016-06-10,229.63636779785156,219.808517077884,9.827850719967557
2016-06-13,221.5909118652344,210.11023689173385,11.480674973500555
2016-06-14,222.68182373046875,212.47212864537562,10.20969508509313
2016-06-15,225.4090881347656,214.14560967540643,11.263478459359163
2016-06-16,217.31817626953125,204.8755268416773,12.44264942785395
2016-06-17,216.7727203369141,204.47994548666952,12.29277485024457
2016-06-20,216.4545440673828,198.85982793758376,17.594716129799053
2016-06-21,216.22726440429688,199.96342872120016,16.263835683096715
2016-06-22,217.2727203369141,201.27262824346883,16.00009209344526
2016-06-23,219.0,203.26551384739003,15.734486152609975
2016-06-24,209.9545440673828,198.48360909315113,11.470934974231682
2016-06-27,211.5454559326172,199.241812791842,12.303643140775193
2016-06-28,211.9545440673828,198.34722457589766,13.607319491485157
2016-06-29,215.13636779785156,201.3916669317333,13.74470086611825
2016-06-30,218.68182373046875,207.6162058833345,11.065617847134263
2016-07-01,218.5,202.35181116111852,16.14818883888148
2016-07-04,225.5909118652344,213.64558885418268,11.945323011051727
2016-07-05,222.81817626953125,212.43999120576245,10.378185063768797
2016-07-07,222.5909118652344,213.31805599219956,9.272855873034842
2016-07-08,219.9545440673828,208.35595633705776,11.59858773032505
2016-07-11,227.13636779785156,215.7498750869471,11.386492710904463
2016-07-12,237.9090881347656,231.92556828842993,5.983519846335668
2016-07-13,237.4090881347656,232.65517687517195,4.75391125959365
2016-07-14,244.18182373046875,242.2480188436905,1.9338048867782618
2016-07-15,241.5909118652344,241.61903836783574,-0.028126502601338643
2016-07-18,239.4545440673828,240.80259149437927,-1.3480474269964589
2016-07-19,244.68182373046875,243.52013454278415,1.1616891876846012
2016-07-20,243.18182373046875,240.19493931749452,2.9868844129742342
2016-07-21,238.0909118652344,238.58037211392303,-0.4894602486886299
2016-07-22,239.5,237.60377701665368,1.8962229833463198
2016-07-25,244.22726440429688,238.88223733397422,5.345027070322658
2016-07-26,237.86363220214844,230.44891562951756,7.41471657263088
2016-07-27,246.0,238.0754083324868,7.924591667513198
2016-07-28,247.2727203369141,239.44089216735694,7.831828169557156
2016-07-29,239.0,230.0899277524432,8.910072247556798
2016-08-01,226.81817626953125,215.8909939077917,10.92718236173954
2016-08-02,223.0,214.3622130029517,8.637786997048295
2016-08-03,220.0909118652344,220.15239295914506,-0.06148109391065759
2016-08-04,218.5,218.94707785401096,-0.44707785401095634
2016-08-05,223.5909118652344,217.7938179261448,5.797093939089592
2016-08-08,222.9545440673828,215.24613114409942,7.70841292328339
2016-08-09,223.0454559326172,218.71104752859458,4.334408404022611
2016-08-10,217.5909118652344,221.32843311961233,-3.737521254377924
2016-08-11,220.63636779785156,223.0108257090301,-2.3744579111785242
2016-08-16,225.9545440673828,229.58979208842067,-3.635248021037853
2016-08-17,225.0909118652344,229.53515381457356,-4.444241949339158
2016-08-18,229.9090881347656,235.98247607611341,-6.073387941347818
2016-08-19,230.81817626953125,237.745924819572,-6.9277485500407465
2016-08-22,229.31817626953125,236.1498855381136,-6.831709268582358
2016-08-23,227.4545440673828,234.17053174575972,-6.715987678376905
2016-08-24,225.86363220214844,231.0990029604481,-5.235370758299666
2016-08-25,224.5,235.926804087343,-11.426804087342987
2016-08-26,223.0,233.01992157117968,-10.01992157117968
2016-08-29,227.72726440429688,237.37211042499,-9.644846020693137
2016-08-30,232.9545440673828,238.40127897888078,-5.44673491149797
2016-08-31,234.5454559326172,240.58495539085226,-6.0394994582350705
2016-09-01,237.22726440429688,246.62057003272866,-9.39330562843179
2016-09-02,237.5454559326172,248.63932434578794,-11.093868413170753
2016-09-06,247.9090881347656,261.7461364042533,-13.837048269487724
2016-09-07,252.86363220214844,270.63489901021336,-17.771266808064922
2016-09-08,251.22726440429688,266.4981318589978,-15.27086745470092
2016-09-09,249.18182373046875,275.65445925979145,-26.4726355293227
2016-09-12,243.81817626953125,277.7047964419088,-33.88662017237755
2016-09-14,246.7727203369141,283.4664761762702,-36.6937558393561
2016-09-15,246.0,282.96358270136915,-36.96358270136915
2016-09-16,243.0454559326172,272.3162874896025,-29.270831556985286
2016-09-19,246.9090881347656,275.6494811916027,-28.74039305683712
2016-09-20,247.36363220214844,277.9873652229148,-30.623733020766338
2016-09-21,245.36363220214844,271.14196632232023,-25.77833412017179
2016-09-22,250.4545440673828,274.07829607039713,-23.623752003014317
2016-09-23,246.5909118652344,269.83957942278596,-23.248667557551556
2016-09-26,238.68182373046875,265.2558214081465,-26.573997677677767
2016-09-27,236.36363220214844,260.8690570340706,-24.50542483192214
2016-09-28,237.0454559326172,259.1602554162745,-22.114799483657293
2016-09-29,227.5909118652344,250.51054052887014,-22.919628663635734
2016-09-30,229.22726440429688,254.29980522103492,-25.07254081673804
2016-10-03,232.86363220214844,258.2705997789024,-25.40696757675397
2016-10-04,234.72726440429688,267.23795759191137,-32.51069318761449
2016-10-05,232.22726440429688,264.89948010667456,-32.672215702377684
2016-10-06,228.4090881347656,259.2912395560218,-30.882151421256225
2016-10-07,227.81817626953125,258.31342766786634,-30.495251398335085
2016-10-10,227.36363220214844,257.9177830128457,-30.55415081069725
2016-10-13,219.22726440429688,254.7585529040328,-35.53128849973592
2016-10-14,219.7727203369141,258.4931575794245,-38.72043724251043
2016-10-17,235.22726440429688,287.4179503206584,-52.19068591636153
2016-10-18,245.7727203369141,291.0309931475418,-45.25827281062769
2016-10-19,240.9545440673828,286.43739449436896,-45.48285042698615
2016-10-20,252.36363220214844,293.4978774106678,-41.13424520851936
2016-10-21,252.18182373046875,292.594175781633,-40.41235205116425
2016-10-24,258.68182373046875,297.4414374902312,-38.75961375976243
2016-10-25,262.9545593261719,304.3503749946103,-41.395815668438445
2016-10-26,253.0909118652344,294.84302754706755,-41.752115681833146
2016-10-27,258.4545593261719,300.67324974128064,-42.21869041510877
2016-10-28,251.68182373046875,293.06657205833994,-41.38474832787119
2016-11-01,250.31817626953125,288.41049456849146,-38.09231829896021
2016-11-02,247.18182373046875,290.6679656129978,-43.48614188252907
2016-11-03,245.22726440429688,288.67929196447994,-43.45202756018307
2016-11-04,245.2727203369141,287.60294965725836,-42.33022932034427
2016-11-07,253.36363220214844,291.94241241436737,-38.57878021221893
2016-11-08,257.4545593261719,292.585838181448,-35.13127885527615
2016-11-09,255.86363220214844,308.3015956592591,-52.43796345711064
2016-11-10,266.0,317.8963412032872,-51.89634120328719
2016-11-11,251.2727203369141,303.49443815540496,-52.22171781849087
2016-11-15,245.22726440429688,302.75311477374714,-57.52585036945027
2016-11-16,242.0,290.43570038364913,-48.435700383649134
2016-11-17,243.31817626953125,296.17010724440627,-52.85193097487502
2016-11-18,240.5454559326172,292.32155613887954,-51.776100206262356
2016-11-21,237.4545440673828,290.12413943979055,-52.66959537240774
2016-11-22,238.81817626953125,286.5602878243641,-47.74211155483283
2016-11-23,240.86363220214844,286.77501524315363,-45.911383041005195
2016-11-24,235.72726440429688,285.5355767665703,-49.8083123622734
2016-11-25,236.4545440673828,278.0873555560445,-41.63281148866167
2016-11-28,232.0909118652344,265.89954216156127,-33.80863029632687
2016-11-29,232.22726440429688,265.1341586613454,-32.90689425704852
2016-11-30,241.4090881347656,279.9454662160707,-38.536378081305116
2016-12-01,235.5909118652344,277.047298492678,-41.45638662744361
2016-12-02,235.9090881347656,279.04724048869673,-43.13815235393113
2016-12-05,237.13636779785156,279.50356888463944,-42.36720108678787
2016-12-06,237.2727203369141,281.4708947635638,-44.19817442664973
2016-12-07,235.18182373046875,266.7862119969302,-31.604388266461456
2016-12-08,238.86363220214844,269.0468189806798,-30.183186778531365
2016-12-09,244.0454559326172,278.9374528878103,-34.89199695519312
2016-12-12,240.7727203369141,277.19294850373706,-36.420228166822966
2016-12-13,240.36363220214844,273.2101027635738,-32.84647056142535
2016-12-14,236.86363220214844,265.33555962964215,-28.47192742749371
2016-12-15,236.63636779785156,256.81808699178436,-20.181719193932793
2016-12-16,232.36363220214844,251.84609436666182,-19.48246216451338
2016-12-19,233.72726440429688,249.75934635932282,-16.032081955025944
2016-12-20,228.72726440429688,241.172542274198,-12.445277869901133
2016-12-21,230.22726440429688,244.59224695601534,-14.36498255171847
2016-12-22,229.9545440673828,245.9044105967572,-15.94986652937439
2016-12-23,228.9545440673828,240.74925597739008,-11.794711910007265
2016-12-26,225.5909118652344,236.7753121697122,-11.184400304477805
2016-12-27,230.5,238.37886456779137,-7.878864567791368
2016-12-28,228.86363220214844,236.0112118353477,-7.147579633199257
2016-12-29,228.2727203369141,230.91179113698973,-2.6390708000756433
2016-12-30,232.0909118652344,237.15954905589354,-5.068637190659132
2017-01-02,229.0454559326172,237.20240573572318,-8.156949803105988
2017-01-03,231.2727203369141,234.1914309066679,-2.918710569753813
2017-01-04,228.2727203369141,230.40352019505633,-2.1307998581422396
2017-01-05,233.86363220214844,239.76840364202747,-5.904771439879028
2017-01-06,234.68182373046875,243.08162228817895,-8.399798557710199
2017-01-09,235.18182373046875,245.1192876889046,-9.937463958435842
2017-01-10,236.5454559326172,245.61627700371753,-9.07082107110034
2017-01-11,240.63636779785156,250.34040317909086,-9.704035381239294
2017-01-12,243.9545440673828,253.84476121753585,-9.890217150153035
2017-01-13,243.68182373046875,253.74710117111346,-10.065277440644707
2017-01-16,244.81817626953125,256.8095431753258,-11.991366905794564
2017-01-17,244.0,256.3008165397788,-12.300816539778793
2017-01-18,244.0454559326172,257.6201215901856,-13.574665657568403
2017-01-19,245.18182373046875,257.64864543045985,-12.466821699991101
2017-01-20,239.5,254.45854857014234,-14.95854857014234
2017-01-23,234.13636779785156,240.76133294036697,-6.624965142515407
2017-01-24,233.7727203369141,236.17250502608834,-2.399784689174254
2017-01-25,236.31817626953125,241.80891054441355,-5.4907342748823
2017-01-27,247.2727203369141,262.57241006202224,-15.299689725108152
2017-01-30,246.18182373046875,261.8849318311247,-15.703108100655925
2017-01-31,244.5,263.70280883540534,-19.202808835405335
2017-02-01,255.4545440673828,284.68655124824625,-29.232007180863434
2017-02-02,259.81817626953125,288.252639140043,-28.434462870511766
2017-02-03,255.9545440673828,283.2360726613089,-27.28152859392611
2017-02-06,263.9090881347656,288.5707145528055,-24.661626418039873
2017-02-07,261.9090881347656,288.7748907804187,-26.865802645653048
2017-02-08,259.81817626953125,275.42822093333984,-15.610044663808594
2017-02-09,259.0909118652344,273.5269594025374,-14.436047537303011
2017-02-10,256.0,265.3331652815208,-9.333165281520792
2017-02-13,256.0454406738281,265.79823266906715,-9.752791995239022
2017-02-14,258.7727355957031,270.93000705218026,-12.157271456477133
2017-02-15,255.22726440429688,263.28821219667634,-8.060947792379466
2017-02-16,253.4545440673828,260.01949528401167,-6.564951216628856
2017-02-17,257.2727355957031,265.62451763777653,-8.35178204207341
2017-02-20,256.68182373046875,261.5571515937046,-4.875327863235839
2017-02-21,258.9090881347656,264.56556668413555,-5.656478549369922
2017-02-22,260.1363525390625,265.1751809688985,-5.038828429835974
2017-02-23,258.6363525390625,260.7200187687851,-2.08366622972261
2017-02-27,253.5,255.7626832485327,-2.26268324853271
2017-02-28,251.22726440429688,249.27184111733055,1.9554232869663224
2017-03-01,253.72726440429688,251.24179384042537,2.485470563871502
2017-03-02,253.31817626953125,252.00730764752603,1.3108686220052164
2017-03-03,250.86363220214844,247.22529530057415,3.6383369015742915
2017-03-06,251.5909118652344,245.94055582154846,5.650356043685946
2017-03-07,250.9090881347656,242.0067477584759,8.902340376289686
2017-03-08,249.4545440673828,245.35237106052995,4.1021730068528655
2017-03-09,248.63636779785156,244.18064069885008,4.455727099001479
2017-03-10,245.9545440673828,238.26812809092706,7.6864159764557485
2017-03-14,261.1363525390625,259.89135886238785,1.2449936766746532
2017-03-15,259.2272644042969,259.52608229342627,-0.29881788912939555
2017-03-16,258.6363525390625,258.37964067325333,0.25671186580916583
2017-03-17,255.0909118652344,250.00843872925356,5.082473135980848
2017-03-20,250.0454559326172,247.86655616638416,2.1788997662330303
2017-03-21,247.31817626953125,244.9216637923912,2.3965124771400497
2017-03-22,240.9090881347656,249.8818054650635,-8.972717330297911
2017-03-23,242.68182373046875,253.70745555341068,-11.025631822941932
2017-03-24,249.7727203369141,265.30187102045625,-15.529150683542156
2017-03-27,248.31817626953125,269.89453501502953,-21.576358745498283
2017-03-28,251.81817626953125,272.2611274264107,-20.442951156879474
2017-03-29,256.5454406738281,279.9652253333237,-23.419784659495576
2017-03-30,255.7727203369141,277.3100453917626,-21.537325054848537
2017-03-31,251.68182373046875,269.4668188245897,-17.784995094120973
2017-04-03,260.6363525390625,281.1046210141669,-20.468268475104423
2017-04-05,258.9545593261719,280.02669667305247,-21.072137346880595
2017-04-06,255.31817626953125,269.8204897127338,-14.502313443202524
2017-04-07,252.13636779785156,267.86870501521605,-15.732337217364488
2017-04-10,252.4090881347656,271.36314137963876,-18.954053244873165
2017-04-11,257.8636474609375,278.70078313923733,-20.83713567829983
2017-04-12,255.2727203369141,278.2824976733339,-23.00977733641983
2017-04-13,257.0909118652344,289.26269786893437,-32.17178600369999
2017-04-17,256.7272644042969,290.2095157641314,-33.48225135983455
2017-04-18,257.6363525390625,294.28910496070125,-36.65275242163875
2017-04-19,255.0454559326172,290.7044385347803,-35.65898260216312
2017-04-20,247.9545440673828,275.99486592199287,-28.040321854610056
2017-04-21,244.68182373046875,273.6297884419838,-28.947964711515056
2017-04-24,244.22726440429688,265.06140763490953,-20.834143230612653
2017-04-25,247.72726440429688,270.1231580251788,-22.395893620881907
2017-04-26,251.72726440429688,274.0313792882448,-22.304114883947932
2017-04-27,249.22726440429688,271.21353973732926,-21.98627533303238
2017-04-28,253.18182373046875,280.70325063674073,-27.521426906271984
2017-05-02,250.5454559326172,267.21038894945286,-16.664933016835676
2017-05-03,247.9545440673828,261.2510933036514,-13.296549236268561
2017-05-04,270.7272644042969,290.76309046627557,-20.035826061978696
2017-05-05,271.4090881347656,301.21062384703237,-29.80153571226674
2017-05-08,275.4090881347656,303.2548170937746,-27.845728959008966
2017-05-09,273.2727355957031,298.9376726535503,-25.66493705784717
2017-05-10,271.5,291.31262517645484,-19.812625176454844
2017-05-11,272.9090881347656,291.92381048972135,-19.014722354955722
2017-05-12,269.5909118652344,290.208948549166,-20.61803668393162
2017-05-15,274.3636474609375,294.3233706204367,-19.95972315949922
2017-05-16,275.1363525390625,291.51459918961837,-16.378246650555866
2017-05-17,281.5909118652344,295.32865755090495,-13.737745685670575
2017-05-18,279.9545593261719,304.03090630767065,-24.076346981498773
2017-05-19,279.1363525390625,301.7762834003462,-22.639930861283688
2017-05-22,276.2272644042969,295.4432948215741,-19.21603041727724
2017-05-23,278.2272644042969,302.86560699517554,-24.638342590878665
2017-05-24,278.81817626953125,307.46593163585203,-28.64775536632078
2017-05-25,288.81817626953125,314.0708801727932,-25.25270390326193
2017-05-26,292.31817626953125,314.9028682142545,-22.58469194472326
2017-05-29,286.2727355957031,298.1188156939714,-11.84608009826826
2017-05-30,292.18182373046875,304.60501943553055,-12.4231957050618
2017-05-31,296.7727355957031,308.30273698844314,-11.530001392740019
2017-06-01,291.0,299.90091627335823,-8.900916273358234
2017-06-02,289.2272644042969,293.758241834651,-4.530977430354142
2017-06-05,290.68182373046875,293.0999580075702,-2.4181342771014442
2017-06-06,289.9545593261719,297.40334001063206,-7.448780684460189
2017-06-07,295.18182373046875,304.79783441317466,-9.616010682705905
2017-06-08,291.0909118652344,304.2867448492914,-13.195832984057006
2017-06-09,292.8636474609375,305.94954533483286,-13.085897873895362
2017-06-12,287.0454406738281,302.99919907608614,-15.953758402258018
2017-06-13,286.2272644042969,303.02976251502207,-16.802498110725196
2017-06-14,290.0454406738281,304.32717285703313,-14.281732183205008
2017-06-15,287.9545593261719,305.48354942244885,-17.52899009627697
2017-06-16,287.7272644042969,304.17896250794394,-16.45169810364706
2017-06-19,291.4545593261719,302.90958207758035,-11.455022751408478
2017-06-20,292.45001220703125,303.5521435908489,-11.102131383817664
2017-06-21,291.1000061035156,304.1771945417994,-13.07718843828377
2017-06-22,289.6000061035156,302.66342518929514,-13.063419085779515
2017-06-23,291.8500061035156,314.84293729384905,-22.992931190333422
2017-06-27,287.8999938964844,312.5307482235264,-24.63075432704204
2017-06-28,290.3500061035156,319.91973677259205,-29.56973066907642
2017-06-29,293.25,324.1797200446883,-30.92972004468828
2017-06-30,290.1499938964844,314.1831822680666,-24.03318837158224
2017-07-03,290.04998779296875,301.85968839271925,-11.8097005997505
2017-07-04,289.5,301.4681454391832,-11.968145439183218
2017-07-05,292.8500061035156,305.8825445544625,-13.032538450946902
2017-07-06,293.75,305.8951760629632,-12.145176062963174
2017-07-07,289.70001220703125,300.14175003932957,-10.441737832298315
2017-07-10,291.45001220703125,304.60261992600647,-13.152607718975219
2017-07-11,289.6499938964844,303.04729167700793,-13.397297780523559
2017-07-12,292.3500061035156,307.01575419788827,-14.665748094372645
2017-07-13,297.8999938964844,316.1218061905652,-18.22181229408085
2017-07-14,298.25,317.40646439843596,-19.156464398435958
2017-07-17,303.5,324.7206917744277,-21.220691774427678
2017-07-18,303.8999938964844,337.6020644879211,-33.70207059143672
2017-07-19,302.25,331.1987393158055,-28.948739315805483
2017-07-20,300.6000061035156,329.79480462600327,-29.194798522487645
2017-07-21,302.04998779296875,330.45055407370535,-28.400566280736598
2017-07-24,303.04998779296875,330.8393083597385,-27.78932056676973
2017-07-25,304.1499938964844,333.4962798668466,-29.346285970362203
2017-07-26,310.3500061035156,343.1496342421194,-32.799628138603794
2017-07-27,307.20001220703125,336.13266079705033,-28.932648590019085
2017-07-28,296.1499938964844,312.2572703043978,-16.107276407913446
2017-07-31,302.6000061035156,321.4642139792194,-18.864207875703755
2017-08-01,302.6000061035156,322.784095848519,-20.184089745003348
2017-08-02,301.8500061035156,329.21511757351675,-27.365111470001125
2017-08-03,295.70001220703125,330.5787222278178,-34.87871002078657
2017-08-04,296.25,331.14232647950917,-34.892326479509165
2017-08-07,300.1499938964844,339.57777138722605,-39.427777490741676
2017-08-08,295.5,340.24806704381285,-44.74806704381285
2017-08-09,290.6000061035156,337.6557141026641,-47.05570799914847
2017-08-10,288.75,338.1874187662983,-49.43741876629832
2017-08-11,286.95001220703125,341.59715257486846,-54.64714036783721
2017-08-14,291.79998779296875,344.8958690643426,-53.095881271373855
2017-08-16,294.95001220703125,345.50385272386893,-50.55384051683768
2017-08-17,293.1499938964844,340.12896578473465,-46.97897188825027
2017-08-18,293.1499938964844,342.5000472021093,-49.3500533056249
2017-08-21,293.5,345.7636870800667,-52.26368708006669
2017-08-22,293.95001220703125,346.712160983988,-52.762148776956735
2017-08-23,298.6000061035156,350.97233972857725,-52.37233362506163
2017-08-24,297.70001220703125,347.75398307591763,-50.05397086888638
2017-08-28,300.8999938964844,350.4494838592733,-49.549489962788925
2017-08-29,299.5,353.7370404628116,-54.23704046281159
2017-08-30,300.29998779296875,349.9755159829783,-49.67552819000957
2017-08-31,298.04998779296875,342.3189125280354,-44.26892473506666
2017-09-01,298.29998779296875,344.2106908471533,-45.91070305418452
2017-09-04,297.1000061035156,343.3125287220737,-46.21252261855807
2017-09-05,297.6000061035156,342.4658125201843,-44.86580641666865
2017-09-06,295.3500061035156,338.1812072367696,-42.831201133253956
2017-09-07,292.6499938964844,331.2150870507742,-38.5650931542898
2017-09-08,292.0,329.4251316534565,-37.4251316534565
2017-09-11,290.79998779296875,325.94046592503867,-35.140478132069916
2017-09-12,291.20001220703125,324.0766570983088,-32.87664489127752
2017-09-13,292.0,327.92393755746633,-35.92393755746633
2017-09-14,293.70001220703125,331.9793713513159,-38.279359144284626
2017-09-15,291.6000061035156,324.52767337956635,-32.92766727605073
2017-09-18,293.0,327.73815891333567,-34.73815891333567
2017-09-19,294.6499938964844,334.4160477066278,-39.76605381014343
2017-09-20,290.54998779296875,322.4489987449155,-31.899010951946764
2017-09-21,284.95001220703125,309.7762675212059,-24.82625531417466
2017-09-22,277.1000061035156,308.87841893639313,-31.778412832877507
2017-09-25,279.5,319.9240617933049,-40.42406179330487
2017-09-26,282.75,326.15719415997125,-43.407194159971255
2017-09-27,276.3999938964844,325.32663728680944,-48.92664339032507
2017-09-28,275.95001220703125,323.5461729861952,-47.59616077916394
2017-09-29,276.6000061035156,323.29086946730536,-46.69086336378973
2017-10-03,278.3999938964844,325.62899441191666,-47.22900051543229
2017-10-04,276.1000061035156,316.02697964865973,-39.92697354514411
2017-10-05,271.79998779296875,311.1432459198794,-39.343258126910655
2017-10-06,271.95001220703125,305.8057992021292,-33.85578699509796
2017-10-09,271.75,305.48584338945767,-33.73584338945767
2017-10-10,269.79998779296875,301.84900952215435,-32.0490217291856
2017-10-11,267.6000061035156,299.7327557929965,-32.132749689480875
2017-10-12,267.54998779296875,293.4887042626809,-25.938716469712176
2017-10-13,271.29998779296875,305.25595104800004,-33.95596325503129
2017-10-16,274.25,310.5677777186064,-36.31777771860641
2017-10-17,273.8999938964844,308.2411336968245,-34.3411398003401
2017-10-18,263.1499938964844,294.825967559089,-31.675973662604633
2017-10-19,257.8500061035156,293.04958649192815,-35.19958038841253
2017-10-23,262.54998779296875,304.51366362365786,-41.96367583068911
2017-10-24,266.54998779296875,314.93240352419605,-48.3824157312273
2017-10-25,305.70001220703125,359.07344487995954,-53.37343267292829
2017-10-26,299.25,349.2549659173009,-50.00496591730092
2017-10-27,301.1499938964844,350.5135181063761,-49.36352420989175
2017-10-30,300.54998779296875,345.93039257305384,-45.38040478008509
2017-10-31,300.1000061035156,349.0786865454371,-48.97868044192148
2017-11-01,313.3999938964844,360.2481157667121,-46.848121870227715
2017-11-02,316.6499938964844,363.8242630874034,-47.174269190919006
2017-11-03,315.8999938964844,362.7646111824182,-46.86461728593383
2017-11-06,316.1000061035156,361.3569917609958,-45.256985657480186
2017-11-07,312.45001220703125,364.1418163795462,-51.691804172514935
2017-11-08,305.5,357.96873048056375,-52.46873048056375
2017-11-09,311.29998779296875,364.26336815442255,-52.9633803614538
2017-11-10,318.5,370.8866266478916,-52.3866266478916
2017-11-13,314.25,369.85261184637227,-55.60261184637227
2017-11-14,314.1000061035156,368.0640014309,-53.963995327384396
2017-11-15,315.5,371.35275971201946,-55.85275971201946
2017-11-16,318.95001220703125,365.4197421242882,-46.46972991725693
2017-11-17,325.1000061035156,367.2949113848677,-42.19490528135208
2017-11-20,318.54998779296875,357.8631262654334,-39.31313847246463
2017-11-21,319.8999938964844,353.6862006414129,-33.786206744928506
2017-11-22,318.8999938964844,351.30052938591916,-32.40053548943479
2017-11-23,319.45001220703125,351.35774130742834,-31.90772910039709
2017-11-24,317.20001220703125,345.6737966720747,-28.473784465043423
2017-11-27,317.0,345.6950757352017,-28.695075735201726
2017-11-28,313.20001220703125,341.6528166810233,-28.452804473992046
2017-11-29,314.8500061035156,347.0378219095862,-32.1878158060706
2017-11-30,307.54998779296875,345.13130049530383,-37.58131270233508
2017-12-01,305.25,340.26411297845476,-35.01411297845476
2017-12-04,304.25,336.9156195103652,-32.66561951036522
2017-12-05,305.25,336.7023940754658,-31.452394075465804
2017-12-06,299.5,330.96785613041095,-31.46785613041095
2017-12-07,305.79998779296875,332.17883077740527,-26.378842984436517
2017-12-08,310.75,334.52075873154786,-23.770758731547858
2017-12-11,311.45001220703125,330.6506249024202,-19.20061269538894
2017-12-12,307.6000061035156,328.40745915764194,-20.807453054126313
2017-12-13,302.95001220703125,324.205959172497,-21.25594696546574
2017-12-14,304.3500061035156,320.7565346388574,-16.40652853534175
2017-12-15,303.1499938964844,313.91533661337803,-10.765342716893656
2017-12-18,308.8999938964844,324.9194219786463,-16.019428082161937
2017-12-19,313.70001220703125,332.5797194767291,-18.87970726969786
2017-12-20,315.79998779296875,336.75350921514513,-20.95352142217638
2017-12-21,315.45001220703125,332.8743433998793,-17.424331192848058
2017-12-22,316.6000061035156,332.1835941625743,-15.583588059058684
2017-12-26,318.1499938964844,331.9507981675742,-13.800804271089817
2017-12-27,312.79998779296875,322.33758306882885,-9.537595275860099
2017-12-28,315.29998779296875,319.193981120565,-3.893993327596263
2017-12-29,314.0,318.30023460269445,-4.300234602694445
2018-01-02,309.70001220703125,319.0029462905111,-9.30293408347984
2018-01-03,315.0,327.74722365743423,-12.747223657434233
2018-01-04,314.70001220703125,321.367272133827,-6.667259926795737
2018-01-05,312.8999938964844,318.3403327174593,-5.440338820974944
2018-01-08,314.1499938964844,318.9718697432925,-4.821875846808098
2018-01-09,312.6000061035156,318.0686622378145,-5.468656134298897
2018-01-10,312.0,321.8971341217559,-9.897134121755926
2018-01-11,309.5,315.9246301052116,-6.424630105211577
2018-01-12,317.70001220703125,329.3118448485923,-11.611832641561023
2018-01-15,329.29998779296875,336.98307495900474,-7.683087166035989
2018-01-16,334.1000061035156,340.7399856685622,-6.639979565046588
2018-01-17,343.25,350.91694902673476,-7.6669490267347555
2018-01-18,346.1499938964844,351.7194846979227,-5.569490801438349
2018-01-19,353.6000061035156,359.31500426136483,-5.714998157849209
2018-01-22,351.5,354.59586186944097,-3.0958618694409665
2018-01-23,362.2999877929687,364.62657175641493,-2.3265839634462395
2018-01-24,352.75,343.46311413499075,9.286885865009253
2018-01-25,360.7999877929687,346.51825100403545,14.281736788933244
2018-01-29,357.6499938964844,343.3172864794835,14.332707417000847
2018-01-30,353.25,348.6023876914901,4.647612308509906
2018-01-31,352.95001220703125,350.9677792918047,1.9822329152265752
2018-02-01,346.20001220703125,341.1596936735409,5.0403185334903355
2018-02-02,335.1000061035156,345.952067941903,-10.852061838387385
2018-02-05,329.70001220703125,349.2867930318529,-19.58678082482163
2018-02-06,330.70001220703125,350.931597972836,-20.231585765804766
2018-02-07,332.54998779296875,357.5502585293716,-25.000270736402854
2018-02-08,333.8500061035156,357.27807616752574,-23.428070064010114
2018-02-09,326.75,351.25782963017866,-24.507829630178662
2018-02-12,326.25,347.45218650193993,-21.202186501939934
2018-02-14,318.95001220703125,337.2108356079924,-18.260823400961158
2018-02-15,328.6499938964844,344.1844566018003,-15.534462705315946
2018-02-16,321.04998779296875,340.10578807806485,-19.055800285096097
2018-02-19,319.75,338.512404098842,-18.762404098842012
2018-02-20,317.25,334.2361016383896,-16.986101638389584
2018-02-21,319.20001220703125,336.8378042986001,-17.637792091568826
2018-02-22,318.3500061035156,335.6141719120256,-17.264165808509972
2018-02-23,322.75,336.3461862952117,-13.59618629521168
2018-02-26,327.04998779296875,340.9782614322736,-13.928273639304848
2018-02-27,322.1499938964844,333.38547925564774,-11.235485359163363
2018-02-28,313.25,324.17332951890944,-10.92332951890944
2018-03-01,304.95001220703125,311.8716874785898,-6.92167527155857
2018-03-05,303.3500061035156,314.1923297352464,-10.842323631730778
2018-03-06,295.04998779296875,308.0624337606396,-13.012445967670828
2018-03-07,286.70001220703125,306.9291791736225,-20.229166966591265
2018-03-08,296.95001220703125,315.7401819030399,-18.79016969600866
2018-03-09,292.70001220703125,311.3005879205954,-18.600575713564126
2018-03-12,300.6499938964844,312.1809832695868,-11.530989373102443
2018-03-13,304.3500061035156,310.9514062726121,-6.6014001690964506
2018-03-14,306.04998779296875,317.50026828865305,-11.450280495684297
2018-03-15,301.45001220703125,318.333762963827,-16.883750756795735
2018-03-16,298.1000061035156,316.79739277240833,-18.697386668892705
2018-03-19,294.54998779296875,314.2135570636144,-19.663569270645667
2018-03-20,292.0,310.83146150442735,-18.831461504427352
2018-03-21,289.20001220703125,307.93549285925576,-18.73548065222451
2018-03-22,283.25,301.0242739665797,-17.7742739665797
2018-03-23,275.54998779296875,292.61390866687816,-17.06392087390941
2018-03-26,281.6499938964844,302.63196739945124,-20.981973502966866
2018-03-27,283.8999938964844,303.6202719935656,-19.720278097081234
2018-03-28,278.3500061035156,299.23482708533817,-20.884820981822543
2018-04-02,261.8500061035156,284.6836226569375,-22.833616553421848
2018-04-03,270.04998779296875,297.72594280341684,-27.675955010448092
2018-04-04,268.6499938964844,299.0550142974663,-30.405020400981925
2018-04-05,278.6499938964844,311.64763695400984,-32.997643057525465
2018-04-06,280.6499938964844,305.94237005281127,-25.292376156326895
2018-04-09,280.8500061035156,308.43884896502936,-27.58884286151374
2018-04-10,288.79998779296875,318.13307449794394,-29.333086704975187
2018-04-11,284.54998779296875,311.0387160961162,-26.488728303147468
2018-04-12,286.75,303.4980487026753,-16.748048702675305
2018-04-13,288.25,304.8479144963,-16.597914496300007
2018-04-16,287.6000061035156,300.1754387509201,-12.575432647404455
2018-04-17,291.75,304.93742207755906,-13.187422077559063
2018-04-18,290.04998779296875,303.2084865357491,-13.158498742780353
2018-04-19,289.6000061035156,298.5323526239064,-8.932346520390752
2018-04-20,282.1499938964844,283.3569625367769,-1.20696864029253
2018-04-23,279.3999938964844,276.0217409238899,3.378252972594453
2018-04-24,284.1000061035156,283.01163554874836,1.0883705547672662
2018-04-25,278.8999938964844,282.3237501752244,-3.4237562787400293
2018-04-26,278.8500061035156,278.04578724935914,0.8042188541564883
2018-04-27,287.8999938964844,286.4193971981398,1.4805966983445842
2018-04-30,284.20001220703125,278.8703109434522,5.329701263579068
2018-05-02,276.8999938964844,289.26298499692837,-12.362991100443992
2018-05-03,281.8999938964844,297.31960470769764,-15.41961081121326
2018-05-04,282.8500061035156,304.59583094710695,-21.745824843591322
2018-05-07,289.79998779296875,310.8147451777605,-21.01475738479178
2018-05-08,309.29998779296875,329.79031721394006,-20.490329420971307
2018-05-09,306.79998779296875,323.7135018899387,-16.913514096969948
2018-05-10,306.8500061035156,328.4426547057526,-21.592648602236977
2018-05-11,310.95001220703125,320.10703437914924,-9.15702217211799
2018-05-14,310.1000061035156,318.93025786970463,-8.830251766189008
2018-05-15,308.25,320.33614909894055,-12.086149098940552
2018-05-16,297.25,313.4292810341368,-16.179281034136807
2018-05-17,296.0,323.33180432334433,-27.33180432334433
2018-05-18,286.1000061035156,320.4011971928479,-34.30119108933229
2018-05-21,289.29998779296875,329.7280348464201,-40.42804705345134
2018-05-22,290.29998779296875,329.80874652114244,-39.50875872817369
2018-05-23,292.04998779296875,332.58410879598364,-40.53412100301489
2018-05-24,297.70001220703125,331.0524087919887,-33.35239658495743
2018-05-25,295.6499938964844,326.57820018060113,-30.928206284116754
2018-05-28,299.25,329.8752596870713,-30.62525968707132
2018-05-29,289.8999938964844,318.8240139370753,-28.924020040590904
2018-05-30,284.8999938964844,314.2026740323376,-29.302680135853223
2018-05-31,285.79998779296875,308.036850266575,-22.236862473606266
2018-06-01,289.29998779296875,319.5995661889983,-30.299578396029574
2018-06-04,286.75,319.09852266834133,-32.34852266834133
2018-06-05,284.1000061035156,319.61865732046726,-35.51865121695164
2018-06-06,283.8999938964844,311.9383540813333,-28.038360184848898
2018-06-07,290.8999938964844,317.734329362445,-26.834335465960635
2018-06-08,288.25,311.7846319904221,-23.5346319904221
2018-06-11,286.3999938964844,308.0149278513974,-21.614933954913
2018-06-12,287.3999938964844,304.52589427436055,-17.125900377876178
2018-06-13,290.75,313.8487926840694,-23.098792684069394
2018-06-14,284.75,308.536546279597,-23.78654627959702
2018-06-15,282.5,306.0082559305769,-23.508255930576922
2018-06-18,293.0,320.9691421189683,-27.969142118968307
2018-06-19,292.79998779296875,327.9577563102249,-35.15776851725616
2018-06-20,293.20001220703125,331.1304045311131,-37.93039232408182
2018-06-21,297.95001220703125,337.4862877510534,-39.536275544022146
2018-06-22,300.6499938964844,338.2785653834176,-37.6285714869332
2018-06-25,289.70001220703125,321.5897804303891,-31.889768223357862
2018-06-26,288.1000061035156,321.0159547264313,-32.915948622915664
2018-06-27,279.04998779296875,313.405470923462,-34.35548313049327
2018-06-28,271.3999938964844,306.88862459725334,-35.488630700768965
2018-06-29,275.3999938964844,308.97941530515465,-33.57942140867027
2018-07-02,277.3999938964844,306.1159678020632,-28.715973905578835
2018-07-03,272.8999938964844,297.44296025732694,-24.54296636084257
2018-07-04,273.25,294.3068777888338,-21.056877788833788
2018-07-05,271.54998779296875,292.9757395225209,-21.425751729552132
2018-07-06,270.04998779296875,291.17965176124613,-21.129663968277384
2018-07-09,271.20001220703125,290.1220944876063,-18.92208228057507
2018-07-10,273.3999938964844,291.22734185940135,-17.827347962916974
2018-07-11,268.75,284.5310658050175,-15.781065805017477
2018-07-12,272.29998779296875,294.2042913690781,-21.904303576109328
2018-07-13,267.75,289.7426017352179,-21.992601735217875
2018-07-16,259.25,284.3282404274052,-25.078240427405206
2018-07-17,266.45001220703125,299.16414723404483,-32.71413502701358
2018-07-18,262.70001220703125,295.71522941497835,-33.0152172079471
2018-07-19,261.20001220703125,295.786564523555,-34.58655231652375
2018-07-20,265.79998779296875,302.5506695652168,-36.75068177224807
2018-07-23,275.54998779296875,314.80525060541254,-39.25526281244379
2018-07-24,274.3500061035156,312.9852184663247,-38.63521236280906
2018-07-25,274.6499938964844,312.47591920877636,-37.825925312291986
2018-07-26,285.6499938964844,317.83249328027466,-32.18249938379029
2018-07-27,293.20001220703125,330.57539113732537,-37.37537893029412
2018-07-30,307.3500061035156,342.83967197091533,-35.48966586739971
2018-07-31,304.25,336.40829009009695,-32.158290090096955
2018-08-01,299.29998779296875,342.84923454878833,-43.54924675581958
2018-08-02,298.54998779296875,360.5888314506283,-62.03884365765953
2018-08-03,305.0,358.18451269980096,-53.18451269980096
2018-08-06,315.1000061035156,364.01185858496956,-48.911852481453934
2018-08-07,313.1499938964844,360.9096683928408,-47.75967449635641
2018-08-08,318.70001220703125,363.56902693032754,-44.86901472329629
2018-08-09,333.0,372.0010084345318,-39.0010084345318
2018-08-10,328.6000061035156,377.5004712241545,-48.9004651206389
2018-08-13,324.8999938964844,372.5534473406668,-47.653453444182446
2018-08-14,332.45001220703125,374.8425901833842,-42.392577976352925
2018-08-16,334.29998779296875,375.5703184744504,-41.27033068148165
2018-08-17,340.0,376.0895150319204,-36.08951503192043
2018-08-20,338.45001220703125,374.29728154903455,-35.8472693420033
2018-08-21,338.8500061035156,372.7066666111711,-33.85666050765548
2018-08-23,337.20001220703125,365.4007429137424,-28.20073070671117
2018-08-24,330.1499938964844,357.7001205744392,-27.550126677954836
2018-08-27,339.8999938964844,364.5046906849426,-24.604696788458227
2018-08-28,338.8999938964844,360.59661024124944,-21.69661634476506
2018-08-29,340.6499938964844,369.56770017782094,-28.917706281336564
2018-08-30,344.3500061035156,364.8722375345065,-20.52223143099087
2018-08-31,342.6000061035156,366.45718468906045,-23.85717858554483
2018-09-03,334.1499938964844,359.8377662803746,-25.687772383890206
2018-09-04,328.5,356.59353338475046,-28.093533384750458
2018-09-05,329.6499938964844,360.51612006373443,-30.86612616725006
2018-09-06,328.6499938964844,355.3700586735629,-26.720064777078505
2018-09-07,335.1000061035156,360.0644557511216,-24.96444964760599
2018-09-10,332.8999938964844,364.13126486474243,-31.23127096825806
2018-09-11,326.54998779296875,350.74730675877026,-24.197318965801514
2018-09-12,322.8999938964844,342.1020636270583,-19.202069730573953
2018-09-14,328.3500061035156,343.7950125475197,-15.445006444004093
2018-09-17,325.70001220703125,346.2819784682516,-20.581966261220373
2018-09-18,318.8500061035156,342.6104753400409,-23.760469236525296
2018-09-19,320.95001220703125,353.1633802782618,-32.21336807123055
2018-09-21,317.1000061035156,338.3834422591929,-21.283436155677293
2018-09-24,308.75,329.62625535799344,-20.876255357993443
2018-09-25,311.1000061035156,332.3251499677265,-21.22514386421085
2018-09-26,313.1000061035156,332.93526303455627,-19.835256931040647
2018-09-27,306.6499938964844,321.34903817516897,-14.699044278684596
2018-09-28,305.54998779296875,332.5735465682724,-27.023558775303627
2018-10-01,314.0,352.31870788149325,-38.31870788149325
2018-10-03,303.70001220703125,340.2645781767522,-36.564565969720945
2018-10-04,316.5,356.8723548650297,-40.372354865029706
2018-10-05,307.29998779296875,353.0869834105223,-45.78699561755354
2018-10-08,310.8500061035156,357.50106877831297,-46.651062674797345
2018-10-09,306.25,346.8301401007751,-40.58014010077511
2018-10-10,319.8500061035156,364.8621904597179,-45.01218435620228
2018-10-11,311.70001220703125,352.4025231002156,-40.70251089318435
2018-10-12,319.3999938964844,350.42502235058134,-31.02502845409697
2018-10-15,313.3500061035156,349.37232530154597,-36.022319198030345
2018-10-16,320.6499938964844,357.73058160397716,-37.08058770749278
2018-10-17,314.79998779296875,344.8421683965024,-30.042180603533666
2018-10-19,315.45001220703125,347.12444120225416,-31.67442899522291
2018-10-22,327.1000061035156,357.51786086812996,-30.417854764614333
2018-10-23,322.8500061035156,353.3481117397742,-30.498105636258572
2018-10-24,322.0,357.1243718811744,-35.1243718811744
2018-10-25,319.95001220703125,351.2241214792572,-31.274109272225928
2018-10-26,315.6499938964844,347.5111306724566,-31.861136775972227
2018-10-29,349.3999938964844,373.36719282327886,-23.96719892679448
2018-10-30,345.70001220703125,366.5703187636975,-20.870306556666264
2018-10-31,355.0,367.0429151058521,-12.042915105852103
2018-11-01,353.70001220703125,367.5030933488106,-13.80308114177933
2018-11-02,354.45001220703125,364.07952884314096,-9.629516636109713
2018-11-05,349.6499938964844,362.5236751218431,-12.873681225358723
2018-11-06,353.1000061035156,369.87844805194175,-16.77844194842612
2018-11-07,355.8999938964844,366.0040440921309,-10.10405019564655
2018-11-09,356.8500061035156,370.7304088251494,-13.8804027216338
2018-11-12,352.3500061035156,368.33980922536455,-15.989803121848922
2018-11-13,360.8999938964844,373.09288845498907,-12.19289455850469
2018-11-14,366.6000061035156,378.50004569270146,-11.900039589185837
2018-11-15,370.0,381.3339557231595,-11.333955723159477
2018-11-16,367.5499877929687,372.51058028824326,-4.960592495274568
2018-11-19,362.3999938964844,367.2767989344728,-4.876805037988447
2018-11-20,357.8999938964844,366.70784701604384,-8.807853119559468
2018-11-21,356.75,369.4888052458683,-12.73880524586832
2018-11-22,352.04998779296875,364.0516629270992,-12.001675134130437
2018-11-26,356.3500061035156,368.3396643861647,-11.989658282649089
2018-11-27,354.6499938964844,362.2137844244324,-7.563790527948015
2018-11-28,359.0,369.9354031181457,-10.9354031181457
2018-11-29,362.2000122070313,374.10845517988884,-11.908442972857529
2018-11-30,355.1499938964844,364.9584848621171,-9.8084909656327
2018-12-03,355.5,358.7939026990475,-3.2939026990475213
2018-12-04,357.95001220703125,353.2099683420025,4.740043865028724
2018-12-05,351.3999938964844,356.2322562389106,-4.832262342426247
2018-12-06,347.6499938964844,363.79472097862765,-16.144727082143277
2018-12-07,352.20001220703125,368.7366862023997,-16.53667399536846
2018-12-10,346.3500061035156,353.68031712274194,-7.330311019226315
2018-12-11,342.79998779296875,348.8046561404755,-6.004668347506765
2018-12-12,349.95001220703125,366.9627410848882,-17.012728877856944
2018-12-13,349.54998779296875,365.41578778076234,-15.865799987793594
2018-12-14,351.8999938964844,368.1667981310557,-16.26680423457134
2018-12-17,358.45001220703125,375.9249408829789,-17.474928675947638
2018-12-18,362.25,379.5388028548221,-17.28880285482211
2018-12-19,366.5,387.86505567918755,-21.36505567918755
2018-12-20,362.1499938964844,378.9679212211065,-16.817927324622133
2018-12-21,354.20001220703125,377.85977057133624,-23.65975836430499
2018-12-24,352.75,380.4051286038647,-27.655128603864682
2018-12-26,355.8500061035156,385.24205979183677,-29.39205368832114
2018-12-27,355.6499938964844,376.7622229736396,-21.112229077155234
2018-12-28,360.75,391.33683592741767,-30.586835927417667
2018-12-31,360.1499938964844,387.89511057519707,-27.74511667871269
2019-01-02,364.6000061035156,374.54409528356376,-9.944089180048138
2019-01-03,363.25,373.2349864202945,-9.98498642029449
2019-01-04,365.2000122070313,372.8201623482377,-7.620150141206409
2019-01-07,367.7000122070313,373.00701607953977,-5.30700387250846
2019-01-08,380.1499938964844,392.28405680664605,-12.134062910161674
2019-01-09,382.25,394.69394087269797,-12.443940872697965
2019-01-10,379.5,392.1613937972831,-12.661393797283097
2019-01-11,378.5499877929687,390.1479627181558,-11.597974925187089
2019-01-14,373.3500061035156,385.2587647112924,-11.908758607776747
2019-01-15,372.75,378.06434539440664,-5.314345394406644
2019-01-16,375.2999877929687,377.76031418636205,-2.460326393393359
2019-01-17,374.6000061035156,374.13997771137514,0.46002839214048663
2019-01-18,372.0,369.8320274942419,2.1679725057580868
2019-01-21,371.7000122070313,368.8855212793359,2.814490927695431
2019-01-22,369.0499877929687,363.7025243722726,5.347463420696101
2019-01-23,367.3999938964844,368.3565798740189,-0.9565859775345302
2019-01-24,364.7999877929687,362.4087654649216,2.3912223280470926
2019-01-25,357.20001220703125,353.7709791893758,3.429033017655456
2019-01-28,343.54998779296875,343.83442559990766,-0.28443780693891085
2019-01-29,346.8500061035156,348.6855353597015,-1.8355292561858505
2019-01-30,365.8999938964844,381.92836772071166,-16.028373824227288
2019-01-31,364.4500122070313,366.6454494649096,-2.195437257878268
2019-02-01,354.6499938964844,350.3361562764218,4.3138376200626
2019-02-04,354.54998779296875,347.75515936850286,6.794828424465891
2019-02-05,352.6499938964844,343.45156764432386,9.198426252160516
2019-02-06,359.29998779296875,350.5333451191345,8.76664267383427
2019-02-07,358.6499938964844,356.792152426314,1.8578414701703991
2019-02-08,355.1000061035156,374.49062586190075,-19.390619758385128
2019-02-11,350.04998779296875,369.5939125832981,-19.543924790329356
2019-02-12,344.29998779296875,362.366322394148,-18.06633460117928
2019-02-14,343.95001220703125,371.9577319161955,-28.007719709164235
2019-02-15,342.1499938964844,368.0016356794182,-25.851641782933825
2019-02-18,338.75,366.0536084749756,-27.30360847497559
2019-02-19,343.25,372.68876366149175,-29.43876366149175
2019-02-20,345.20001220703125,365.2225824554996,-20.022570248468355
2019-02-21,351.29998779296875,375.62783394155144,-24.327846148582694
2019-02-22,352.04998779296875,369.5608481377777,-17.510860344808975
2019-02-25,355.6000061035156,379.7667624043943,-24.16675630087866
2019-02-26,348.20001220703125,374.3458188555145,-26.145806648483244
2019-02-27,345.54998779296875,370.851772761283,-25.301784968314223
2019-02-28,350.1499938964844,368.6142439494265,-18.464250052942134
2019-03-01,354.25,386.68108532160863,-32.431085321608634
2019-03-05,363.25,392.6907729266878,-29.440772926687828
2019-03-06,371.9500122070313,394.6669102716892,-22.71689806465787
2019-03-07,370.7999877929687,399.4640383989357,-28.66405060596702
2019-03-08,370.6000061035156,400.9469823951755,-30.34697629165987
2019-03-11,375.8500061035156,404.046876203568,-28.196870100052365
2019-03-12,388.2000122070313,414.1735669958705,-25.97355478883918
2019-03-13,391.8999938964844,409.6401319844092,-17.740138087924834
2019-03-14,387.8999938964844,411.1337842945407,-23.23379039805633
2019-03-15,395.2999877929687,412.4697761158367,-17.169788322867987
2019-03-18,398.0499877929687,418.110589650861,-20.060601857892323
2019-03-19,398.3999938964844,417.36599836071696,-18.966004464232583
2019-03-20,392.8999938964844,410.4474048272584,-17.54741093077405
2019-03-22,391.7999877929687,416.8585712516761,-25.058583458707403
2019-03-25,383.5,416.2078474576336,-32.70784745763359
2019-03-26,394.1000061035156,420.5895769791316,-26.489570875615982
2019-03-27,393.2000122070313,422.29466941788917,-29.09465721085786
2019-03-28,400.5499877929687,420.7315111062233,-20.181523313254615
2019-04-01,398.25,427.4454820044287,-29.195482004428698
2019-04-02,397.1499938964844,427.6100535730778,-30.460059676593403
2019-04-03,392.1000061035156,423.4215925164434,-31.321586412927786
2019-04-04,388.75,419.134357189799,-30.384357189799005
2019-04-05,390.5499877929687,415.6884500529553,-25.138462259986625
2019-04-08,387.1000061035156,410.2578487394346,-23.157842635918996
2019-04-09,397.1499938964844,422.3318743155013,-25.18188041901692
2019-04-10,394.2000122070313,419.3229544022351,-25.12294219520379
2019-04-11,390.0499877929687,409.99065230795685,-19.940664514988157
2019-04-12,394.6000061035156,413.5395245751558,-18.939518471640156
2019-04-15,392.75,407.00240378121646,-14.252403781216458
2019-04-16,407.0,418.4826612213834,-11.48266122138341
2019-04-18,404.3999938964844,415.2914597669672,-10.891465870482818
2019-04-22,394.5,406.6507360633475,-12.150736063347495
2019-04-23,396.5,408.01407193094656,-11.514071930946557
2019-04-24,401.1000061035156,407.0830646800514,-5.983058576535768
2019-04-25,395.3999938964844,389.19576623815925,6.204227658325124
2019-04-26,407.2000122070313,418.0809825241347,-10.88097031710339
2019-04-30,407.5,418.70042341967087,-11.20042341967087
2019-05-02,395.5499877929687,405.4612122016446,-9.911224408675935
2019-05-03,401.7999877929687,413.37993971271686,-11.579951919748169
2019-05-06,401.2999877929687,417.9218045988248,-16.6218168058561
2019-05-07,386.5,405.0276176498022,-18.52761764980221
2019-05-08,382.2000122070313,412.0112277881544,-29.811215581123065
2019-05-09,381.3999938964844,408.3256892793732,-26.92569538288882
2019-05-10,385.1000061035156,414.38291333381846,-29.28290723030284
2019-05-13,376.2999877929687,414.97104071187744,-38.67105291890874
2019-05-14,380.3999938964844,421.50148450067707,-41.10149060419269
2019-05-15,377.0499877929687,413.59703343081105,-36.54704563784236
2019-05-16,382.5,416.9950667650705,-34.495066765070476
2019-05-17,389.7000122070313,423.9401894853643,-34.240177278332965
2019-05-20,407.7000122070313,436.64531692440875,-28.94530471737744
2019-05-21,400.1499938964844,426.89629508488434,-26.74630118839997
2019-05-22,405.3500061035156,438.9558296165553,-33.605823513039695
2019-05-23,410.8500061035156,441.11515617728395,-30.265150073768325
2019-05-24,431.75,456.5403006285303,-24.790300628530304
2019-05-27,435.5,463.0625105538503,-27.562510553850302
2019-05-28,434.2999877929687,462.89242778949745,-28.592439996528753
2019-05-29,423.2999877929687,451.36379544514136,-28.06380765217267
2019-05-30,426.2000122070313,448.5513095731198,-22.351297366088488
2019-05-31,423.7000122070313,453.3558979048501,-29.655885697818803
2019-06-03,422.8999938964844,451.9011843528847,-29.00119045640031
2019-06-04,419.1000061035156,448.0253833371836,-28.925377233667973
2019-06-06,411.5499877929687,450.7581858568068,-39.2081980638381
2019-06-07,416.6000061035156,454.31464749200006,-37.71464138848444
2019-06-10,416.1000061035156,449.1695990341287,-33.069592930613055
2019-06-11,421.3500061035156,453.1218763552063,-31.7718702516907
2019-06-12,418.0,458.0222554653804,-40.0222554653804
2019-06-13,419.6000061035156,457.83020448571915,-38.230198382203525
2019-06-14,417.75,460.3904062613952,-42.640406261395185
2019-06-17,414.2000122070313,458.6811689905519,-44.48115678352059
2019-06-18,422.1499938964844,463.2052200845144,-41.05522618803002
2019-06-19,419.7999877929687,463.30037434777495,-43.500386554806255
2019-06-20,433.3999938964844,477.22112484542686,-43.82113094894248
2019-06-21,430.7999877929687,473.23585283220274,-42.435865039234045
2019-06-24,429.4500122070313,471.38021635015224,-41.93020414312093
2019-06-25,433.6499938964844,467.2904268008238,-33.640432904339434
2019-06-26,438.6499938964844,468.5097795748532,-29.859785678368837
2019-06-27,440.9500122070313,471.8731656329685,-30.923153425937187
2019-06-28,437.1000061035156,468.7899709097907,-31.6899648062751
2019-07-01,439.0,461.78478876828,-22.78478876828001
2019-07-02,436.75,457.1962736731591,-20.446273673159112
2019-07-03,435.9500122070313,451.3439698816819,-15.393957674650608
2019-07-04,436.2000122070313,453.5779661963417,-17.377953989310413
2019-07-05,436.3500061035156,466.55912178491417,-30.209115681398544
2019-07-08,425.8999938964844,454.1895350619495,-28.289541165465153
2019-07-09,428.5,457.03922818315596,-28.539228183155956
2019-07-10,430.8999938964844,467.05619991848596,-36.156206022001584
2019-07-11,426.5499877929687,456.06516244368987,-29.51517465072118
2019-07-12,427.0499877929687,457.6378114866212,-30.587823693652524
2019-07-15,422.2999877929687,453.1094129318146,-30.80942513884588
2019-07-16,424.6000061035156,454.2304684106175,-29.63046230710188
2019-07-17,424.7000122070313,449.9232331100857,-25.22322090305437
2019-07-18,418.6499938964844,448.64813912065233,-29.998145224167956
2019-07-19,410.2999877929687,441.77384151181,-31.473853718841326
2019-07-22,411.5,442.41711279461356,-30.91711279461356
2019-07-23,411.9500122070313,443.83892078177064,-31.888908574739332
2019-07-24,408.5,436.201138619718,-27.701138619717995
2019-07-25,409.0,429.5545031734715,-20.554503173471517
2019-07-26,415.75,446.87377620648476,-31.123776206484763
2019-07-29,429.3500061035156,468.78096816316986,-39.430962059654235
2019-07-30,425.3500061035156,460.8047657783641,-35.45475967484845
2019-07-31,424.6000061035156,458.02169487958093,-33.42168877606531
2019-08-01,417.0499877929687,432.22816295300254,-15.178175160033845
2019-08-02,410.6000061035156,418.6001766436703,-8.00017054015467
2019-08-05,402.6499938964844,409.8531823256776,-7.203188429193233
2019-08-06,410.25,418.42122058286225,-8.171220582862247
2019-08-07,408.3999938964844,419.190787587413,-10.790793690928638
2019-08-08,414.3999938964844,420.9328419361156,-6.532848039631233
2019-08-09,420.1499938964844,423.3942427275322,-3.2442488310477984
2019-08-13,410.25,399.63801009506534,10.61198990493466
2019-08-14,417.2999877929687,398.54647957059467,18.753508222374023
2019-08-16,418.9500122070313,407.73618016225583,11.213832044775472
2019-08-19,423.3999938964844,410.6774124748971,12.722581421587279
2019-08-20,416.8999938964844,404.5719457247513,12.328048171733087
2019-08-21,412.0499877929687,398.8386658676834,13.21132192528529
2019-08-22,399.1000061035156,389.53578083102417,9.564225272491456
2019-08-23,395.3999938964844,383.3548548551073,12.04513904137707
2019-08-26,411.6499938964844,397.9945207074536,13.655473189030772
2019-08-27,418.6000061035156,403.31229543586613,15.287710667649492
2019-08-28,412.9500122070313,393.85738432473966,19.09262788229165
2019-08-29,404.3999938964844,386.4368097870139,17.96318410947049
2019-08-30,409.6499938964844,390.381096638155,19.26889725832939
2019-09-03,392.1499938964844,383.3204772405801,8.829516655904285
2019-09-04,397.5,388.49309805501554,9.006901944984463
2019-09-05,389.0,385.3114688639505,3.688531136049505
2019-09-06,391.3500061035156,386.2745760660385,5.075430037477133
2019-09-09,395.4500122070313,391.11506109059314,4.334951116438162
2019-09-11,394.6000061035156,389.6077265657352,4.992279537780405
2019-09-12,402.7000122070313,398.1608035953207,4.539208611710592
2019-09-13,413.3999938964844,407.356614990034,6.043378906450357
2019-09-16,412.1499938964844,404.7873904600925,7.362603436391851
2019-09-17,400.6499938964844,391.36383266567276,9.286161230811615
2019-09-18,399.3500061035156,392.66230521581645,6.6877008876991795
2019-09-19,386.6000061035156,381.0792513230606,5.520754780455036
2019-09-20,417.5,408.235969194222,9.26403080577802
2019-09-23,446.2999877929687,426.2821696048223,20.017818188146407
2019-09-24,440.8999938964844,423.06363713849794,17.836356757986437
2019-09-25,434.2000122070313,414.178632183946,20.021380023085328
2019-09-26,451.9500122070313,422.63478416870583,29.315228038325472
2019-09-27,449.2000122070313,423.72165432722534,25.47835787980597
2019-09-30,433.7000122070313,410.48067177341136,23.219340433619948
2019-10-01,424.6000061035156,409.39833743984843,15.201668663667192
2019-10-03,427.2999877929687,417.97506536770334,9.324922425265356
2019-10-04,413.8999938964844,407.3034270395951,6.596566856889297
2019-10-07,416.1000061035156,406.27654154149144,9.823464562024185
2019-10-09,436.7000122070313,427.67697756109726,9.023034645934047
2019-10-10,423.7000122070313,415.0947486661956,8.605263540835722
2019-10-11,428.5499877929687,415.3463827596335,13.20360503333518
2019-10-14,428.8500061035156,413.4256236612603,15.424382442255308
2019-10-15,431.8500061035156,419.62671353855836,12.223292564957262
2019-10-16,435.2999877929687,424.5050810581662,10.79490673480251
2019-10-17,440.6000061035156,423.6067475354797,16.993258568035913
2019-10-18,437.7999877929687,426.023926248184,11.776061544784682
2019-10-22,451.1499938964844,435.6699938070906,15.480000089393798
2019-10-23,455.1000061035156,438.6009325535111,16.49907355000454
2019-10-24,454.75,435.46289496177144,19.28710503822856
2019-10-25,469.1000061035156,447.6721501516575,21.427855951858135
2019-10-29,477.3999938964844,449.77226674881086,27.62772714767351
2019-10-30,471.1499938964844,436.1066847680815,35.04330912840288
2019-10-31,463.0499877929687,434.94199849035067,28.107989302618023
2019-11-01,462.25,433.84734551701524,28.402654482984758
2019-11-04,470.5,434.3562347916331,36.143765208366915
2019-11-05,468.3500061035156,437.6761545875544,30.673851515961246
2019-11-06,480.7000122070313,447.9589951734716,32.74101703355973
2019-11-07,478.5499877929687,447.1949278140989,31.355059978869804
2019-11-08,489.4500122070313,458.8282455806927,30.621766626338626
2019-11-11,496.7999877929687,460.25618769683473,36.543800096133964
2019-11-13,485.75,452.2696682610385,33.480331738961524
2019-11-14,498.6499938964844,464.2519824779905,34.398011418493866
2019-11-15,499.8500061035156,465.8340630324674,34.01594307104824
2019-11-18,498.3500061035156,461.50293986909935,36.847066234416275
2019-11-19,493.5,455.860008672737,37.639991327262976
2019-11-20,495.0,455.1552004092306,39.84479959076941
2019-11-21,498.25,456.4092903386004,41.840709661399615
2019-11-22,496.7999877929687,455.9337328525176,40.866254940451086
2019-11-25,497.7999877929687,454.193240540543,43.60674725242569
2019-11-26,510.7000122070313,452.3504615028531,58.34955070417823
2019-11-27,505.5,463.46322918771205,42.036770812287955
2019-11-28,519.1500244140625,469.35414045059196,49.795883963470544
2019-11-29,512.5999755859375,474.321895163664,38.27808042227349
2019-12-02,510.8999938964844,477.6417628533806,33.25823104310376
2019-12-03,509.3500061035156,471.4213482702066,37.928657833309046
2019-12-04,529.25,488.31410905406034,40.93589094593966
2019-12-05,528.0999755859375,480.8596822754268,47.24029331051071
2019-12-06,524.7999877929688,482.2397857111036,42.56020208186516
2019-12-09,526.5,476.2847413676589,50.21525863234109
2019-12-10,528.7000122070312,474.234881635909,54.465130571122245
2019-12-11,533.5499877929688,471.6891122599605,61.860875533008254
2019-12-12,535.3499755859375,476.55313514408016,58.79684044185734
2019-12-13,537.0499877929688,469.0748264510914,67.97516134187737
2019-12-16,539.25,470.10280237917806,69.14719762082194
2019-12-17,541.1500244140625,471.80696435847517,69.34306005558733
2019-12-18,541.4000244140625,472.59349772384223,68.80652669022027
2019-12-19,540.2000122070312,473.33239710642147,66.86761510060978
2019-12-20,546.0999755859375,482.3144308712726,63.78554471466492
2019-12-23,541.2999877929688,467.8973301674015,73.40265762556726
2019-12-24,541.0999755859375,476.0267812801606,65.0731943057769
2019-12-26,538.75,476.76844327589686,61.98155672410314
2019-12-27,549.4000244140625,481.297796847976,68.10222756608653
2019-12-30,543.9500122070312,474.1453369889308,69.80467521810044
2019-12-31,538.9000244140625,475.3915632864793,63.50846112758319
2020-01-01,536.75,479.59886462018204,57.15113537981796
2020-01-02,540.5999755859375,481.0390831200579,59.56089246587959
2020-01-03,538.8499755859375,484.8338038496387,54.016171736298816
2020-01-06,525.7000122070312,463.4949358406145,62.20507636641673
2020-01-07,522.9000244140625,468.89527831849864,54.00474609556386
2020-01-08,525.9500122070312,476.0853610951631,49.86465111186817
2020-01-09,546.2999877929688,487.51500392300403,58.78498386996472
2020-01-10,540.25,476.3183695989153,63.9316304010847
2020-01-13,538.5999755859375,472.88909854974196,65.71087703619554
2020-01-14,537.5999755859375,470.2697430880879,67.33023249784958
2020-01-15,535.5999755859375,466.8147725392528,68.78520304668473
2020-01-16,537.1500244140625,470.75934105445634,66.39068335960616
2020-01-17,532.0499877929688,466.4945062983584,65.55548149461038
2020-01-20,534.8499755859375,471.8797390246544,62.970236561283116
2020-01-21,531.0499877929688,469.69280699639864,61.357180796570105
2020-01-22,522.8499755859375,461.65905503885216,61.19092054708534
2020-01-23,527.7000122070312,460.6364362452042,67.06357596182704
2020-01-24,533.8499755859375,469.40432272770715,64.44565285823035
2020-01-27,537.25,474.298827670475,62.95117232952498
2020-01-28,528.2000122070312,469.03850597268433,59.161506234346916
2020-01-29,526.5999755859375,466.3583229903114,60.24165259562608
2020-01-30,532.2000122070312,471.8649975571391,60.33501464989217
2020-01-31,525.6500244140625,478.99943647617283,46.65058793788967
2020-02-03,515.5499877929688,462.2270832277297,53.32290456523907
2020-02-04,530.7999877929688,472.48880929647856,58.311178496490186
2020-02-05,539.0999755859375,482.2696329901057,56.83034259583178
2020-02-06,541.5999755859375,483.30549215603185,58.294483429905654
2020-02-07,536.4500122070312,491.85338538688814,44.596626820143115
2020-02-10,533.9500122070312,493.3342665240167,40.61574568301455
2020-02-11,539.75,495.7927577715675,43.957242228432506
2020-02-12,549.2999877929688,502.26410715753866,47.03588063543009
2020-02-13,541.0,492.7287353784616,48.27126462153842
2020-02-14,545.7999877929688,498.8571209809305,46.94286681203823
2020-02-17,541.5999755859375,493.76160218961894,47.83837339631856
2020-02-18,541.2000122070312,493.09311271305137,48.10689949397988
2020-02-19,544.7999877929688,495.43009685865707,49.369890934311684
2020-02-20,547.0,491.6997370893514,55.3002629106486
2020-02-24,529.8499755859375,482.9251806726962,46.92479491324133
2020-02-25,530.9500122070312,488.8987778629953,42.05123434403595
2020-02-26,523.7000122070312,490.9478561676109,32.752156039420356
2020-02-27,515.3499755859375,487.0983978660598,28.251577719877673
2020-02-28,497.25,477.6425205025496,19.607479497450413
2020-03-02,506.1000061035156,474.268841315651,31.831164787864623
2020-03-03,514.75,485.96665748088327,28.78334251911673
2020-03-04,508.3500061035156,483.63614318331855,24.713862920197073
2020-03-05,504.5,478.4549187998468,26.04508120015322
2020-03-06,486.3500061035156,440.8041335131164,45.5458725903992
2020-03-09,457.75,404.1787672744381,53.57123272556191
2020-03-11,465.6499938964844,417.3594437210531,48.29055017543129
2020-03-12,425.6499938964844,367.0557467676159,58.59424712886846
2020-03-13,447.2000122070313,404.5820368485822,42.61797535844909
2020-03-16,402.8999938964844,349.1189678110906,53.78102608539376
2020-03-17,367.25,340.17421333507673,27.07578666492327
2020-03-18,355.04998779296875,331.8636674006606,23.186320392308176
2020-03-19,338.54998779296875,314.29198614382165,24.258001649147104
2020-03-20,345.70001220703125,319.0938590018426,26.60615320518866
2020-03-23,284.0,239.15355639006356,44.84644360993644
2020-03-24,296.5,251.84192874757946,44.65807125242054
2020-03-25,316.8999938964844,275.8217624481182,41.07823144836618
2020-03-26,330.25,289.91233564364086,40.33766435635914
2020-03-27,339.8500061035156,322.2855524443438,17.564453659171818
2020-03-30,313.3999938964844,298.5080316221505,14.891962274333878
2020-03-31,323.75,318.7469409720702,5.003059027929794
2020-04-01,311.1499938964844,286.174511271832,24.975482624652386
2020-04-03,286.6499938964844,248.17328109727788,38.476712799206496
2020-04-07,326.1000061035156,278.95063215632445,47.14937394719118
2020-04-08,318.95001220703125,282.2310601031701,36.71895210386117
2020-04-09,342.70001220703125,307.9354901702228,34.764522036808444
2020-04-13,330.6499938964844,297.4103137316753,33.2396801648091
2020-04-15,327.3500061035156,296.8322728499801,30.51773325353554
2020-04-16,342.0,313.85181445640166,28.148185543598345
2020-04-17,375.5499877929687,352.31860006677084,23.231387726197852
2020-04-20,361.2999877929687,351.0592349606351,10.240752832333612
2020-04-21,331.8500061035156,328.6877912541383,3.162214849377335
2020-04-22,335.95001220703125,348.32178533085175,-12.371773123820503
2020-04-23,352.95001220703125,354.51801449970395,-1.568002292672702
2020-04-24,334.8500061035156,335.66574716317484,-0.8157410596592172
2020-04-27,347.8999938964844,350.8443867394606,-2.9443928429762423
2020-04-28,359.8500061035156,356.8807972470178,2.9692088564978008
2020-04-29,370.4500122070313,367.126076047988,3.323936159043285
2020-04-30,380.1499938964844,378.94527732351446,1.2047165729699145
2020-05-04,338.04998779296875,297.3636922496165,40.68629554335223
2020-05-05,330.8500061035156,296.6054139897281,34.24459211378752
2020-05-06,341.3999938964844,313.6403609045911,27.759632991893284
2020-05-07,336.75,309.68584587747205,27.064154122527952
2020-05-08,337.70001220703125,313.6282819117986,24.07173029523267
2020-05-11,320.1499938964844,296.24703548613286,23.902958410351516
2020-05-12,321.20001220703125,288.8194030125985,32.380609194432736
2020-05-13,338.04998779296875,312.2027785757657,25.847209217203044
2020-05-14,327.3999938964844,305.87671929142607,21.523274605058305
2020-05-15,322.70001220703125,305.48686762035743,17.21314458667382
2020-05-18,298.5,287.57499382750643,10.925006172493568
2020-05-19,300.29998779296875,290.66609309348166,9.633894699487087
2020-05-20,305.6499938964844,297.33810872128487,8.311885175199507
2020-05-21,304.3999938964844,291.89877595498854,12.501217941495838
2020-05-22,291.04998779296875,284.76726672297195,6.282721069996796
2020-05-26,292.70001220703125,290.7008949561823,1.9991172508489399
2020-05-27,318.8500061035156,316.6784597565095,2.1715463470061422
2020-05-28,326.8500061035156,318.64056258058207,8.209443522933555
2020-05-29,331.95001220703125,323.5804848427438,8.369527364287478
2020-06-01,339.25,338.56262917631545,0.6873708236845459
2020-06-02,348.3999938964844,348.0169209797931,0.3830729166912761
2020-06-03,356.8500061035156,365.67650441046123,-8.82649830694561
2020-06-04,347.8500061035156,357.9967062437173,-10.146700140201688
2020-06-05,357.20001220703125,361.5539707003534,-4.353958493322125
2020-06-08,359.79998779296875,361.66478811776915,-1.8648003248003988
2020-06-09,348.54998779296875,352.50585674475565,-3.955868951786897
2020-06-10,353.0,354.0887257672629,-1.088725767262872
2020-06-11,341.25,330.510266913421,10.739733086579008
2020-06-12,344.20001220703125,336.135171161538,8.064841045493267
2020-06-15,331.1000061035156,342.4679806854208,-11.367974581905173
2020-06-16,342.95001220703125,353.1307320041014,-10.18071979707014
2020-06-17,341.95001220703125,348.28126939006336,-6.331257183032108
2020-06-18,352.0,357.2299628417487,-5.229962841748716
2020-06-19,363.7999877929687,364.43070749281037,-0.6307196998416771
2020-06-22,367.5499877929687,370.9651996540215,-3.4152118610527964
2020-06-23,376.1499938964844,384.73092375705437,-8.580929860569995
2020-06-24,348.1000061035156,355.9673886494264,-7.8673825459108
2020-06-25,351.0,365.63122286752684,-14.631222867526844
2020-06-26,349.1000061035156,367.0279354086749,-17.927929305159296
2020-06-29,343.1000061035156,369.9481791188458,-26.84817301533019
2020-06-30,351.45001220703125,379.799780908608,-28.34976870157675
2020-07-01,364.0499877929687,360.82199510252286,3.2279926904458307
2020-07-02,362.8500061035156,359.06890335313017,3.7811027503854575
2020-07-03,361.0,355.18764280553285,5.812357194467154
2020-07-06,361.8500061035156,359.22244301007333,2.6275630934422907
2020-07-07,376.0499877929687,369.75363550551685,6.296352287451839
2020-07-08,368.9500122070313,369.33761218736083,-0.3875999803295258
2020-07-09,370.3500061035156,370.59581518262326,-0.24580907910763017
2020-07-10,360.3500061035156,367.11606029970073,-6.7660541961851095
2020-07-13,353.6000061035156,362.07932580015284,-8.47931969663722
2020-07-14,345.54998779296875,359.877306711483,-14.327318918514266
2020-07-15,345.79998779296875,358.3937011689286,-12.593713375959851
2020-07-16,344.6499938964844,362.858073676138,-18.208079779653644
2020-07-17,353.79998779296875,367.5460499925241,-13.746062199555354
2020-07-20,363.0,370.0550341577957,-7.055034157795717
2020-07-21,378.7999877929687,382.82803616449894,-4.028048371530247
2020-07-22,381.1000061035156,383.8279123633434,-2.727906259827762
2020-07-23,392.25,390.94528535117547,1.304714648824529
2020-07-24,381.7999877929687,380.6541326582077,1.1458551347610069
2020-07-27,358.5,360.5031523542996,-2.003152354299573
2020-07-28,352.1000061035156,356.0756557964705,-3.975649692954903
2020-07-29,351.04998779296875,361.3342847562867,-10.284296963317956
2020-07-30,344.95001220703125,357.1223408697175,-12.172328662686255
2020-07-31,346.79998779296875,364.14217835172997,-17.342190558761217
2020-08-03,343.25,364.3115891609659,-21.061589160965923
2020-08-04,351.0,360.68641474030267,-9.686414740302666
2020-08-05,352.20001220703125,364.38508556417264,-12.185073357141391
2020-08-06,358.75,368.38377973239244,-9.63377973239244
2020-08-07,357.95001220703125,367.7430812055409,-9.793068998509625
2020-08-10,363.5499877929687,371.90655680461225,-8.356569011643558
2020-08-11,367.3500061035156,379.7613760782521,-12.411369974736488
2020-08-12,366.8500061035156,371.57842162760585,-4.728415524090224
2020-08-13,368.0499877929687,383.5062045499332,-15.456216756964523
2020-08-14,361.3999938964844,376.6296445230455,-15.229650626561124
2020-08-17,360.20001220703125,371.89984129349534,-11.699829086464092
2020-08-18,369.5499877929687,379.26069422830903,-9.710706435340342
2020-08-19,374.4500122070313,388.825378148814,-14.375365941782718
2020-08-20,367.75,382.1275850926046,-14.37758509260459
2020-08-21,371.1499938964844,375.7688994484024,-4.618905551918033
2020-08-24,380.3500061035156,383.2479324907055,-2.897926387189898
2020-08-25,386.3500061035156,391.59689305189136,-5.246886948375732
2020-08-26,389.3500061035156,386.50850142694213,2.841504676573493
2020-08-27,392.2000122070313,396.5022625687977,-4.302250361766369
2020-08-28,409.7000122070313,412.28195483223544,-2.5819426252041353
2020-08-31,394.6000061035156,410.884686579569,-16.28468047605338
2020-09-01,390.9500122070313,424.2866657028961,-33.336653495864766
2020-09-02,392.3999938964844,423.2480988555684,-30.848104959084026
2020-09-03,382.75,425.6880319226799,-42.9380319226799
2020-09-04,372.5499877929687,401.8329337512662,-29.28294595829749
2020-09-07,373.3999938964844,396.7344646329656,-23.33447073648125
2020-09-08,375.7000122070313,392.0808159847456,-16.380803777714277
2020-09-09,367.6000061035156,386.955306532767,-19.355300429251372
2020-09-10,370.7000122070313,384.644960045882,-13.94494783885068
2020-09-11,370.5,369.3618151937751,1.1381848062248991
2020-09-14,363.7000122070313,374.36137840814973,-10.661366201118426
2020-09-15,371.5499877929687,382.87660650029045,-11.326618707321757
2020-09-16,374.7000122070313,391.4003386991643,-16.700326492133
2020-09-17,369.0,383.491083673701,-14.491083673700984
2020-09-18,369.5499877929687,385.14552232391776,-15.595534530949067
2020-09-21,350.70001220703125,373.5270671648923,-22.827054957861037
2020-09-22,354.3999938964844,383.2519449901706,-28.85195109368624
2020-09-23,351.8500061035156,387.0343160378235,-35.18430993430786
2020-09-24,335.70001220703125,367.47644139051783,-31.776429183486584
2020-09-25,348.6499938964844,380.65158215633164,-32.00158825984727
2020-09-28,363.0,386.2339766081541,-23.23397660815408
2020-09-29,357.04998779296875,381.6144887804294,-24.564500987460633
2020-09-30,354.75,380.8245934276341,-26.074593427634113
2020-10-01,369.2000122070313,381.65576862754256,-12.45575642051125
2020-10-05,373.1000061035156,390.9409091093288,-17.840903005813175
2020-10-06,380.6000061035156,398.82051452031715,-18.220508416801522
2020-10-07,382.6499938964844,401.7992316128255,-19.149237716341133
2020-10-08,387.5,404.9170827287017,-17.4170827287017
2020-10-09,401.5,419.30026385351704,-17.800263853517038
2020-10-12,404.0499877929687,415.5184173690989,-11.468429576130234
2020-10-13,396.25,406.76469690227674,-10.51469690227674
2020-10-14,406.7999877929687,415.20214282967686,-8.402155036708166
2020-10-15,391.0,409.3804979190643,-18.380497919064283
2020-10-16,396.1000061035156,409.90274479309574,-13.80273868958011
2020-10-19,417.1000061035156,423.3199262713327,-6.219920167817065
2020-10-20,414.6000061035156,425.7134531247791,-11.113447021263482
2020-10-21,420.2999877929687,431.4461616283445,-11.146173835375805
2020-10-22,412.8999938964844,426.08632061724893,-13.186326720764555
2020-10-23,416.9500122070313,433.387751721006,-16.43773951397469
2020-10-26,404.4500122070313,423.8866539654997,-19.436641758468397
2020-10-27,409.9500122070313,423.59749274047084,-13.647480533439534
2020-10-28,396.0499877929687,421.8313848410185,-25.781397048049826
2020-10-29,399.8999938964844,426.53589990268006,-26.635906006195682
2020-10-30,392.6000061035156,425.22110718204067,-32.621101078525044
2020-11-02,417.4500122070313,442.6589548003748,-25.208942593343465
2020-11-03,443.8500061035156,466.24313884696056,-22.393132743444937
2020-11-04,437.0499877929687,455.77519859180836,-18.72521079883967
2020-11-05,438.5,449.0147881789934,-10.514788178993399
2020-11-06,442.7999877929687,456.6447753093293,-13.844787516360611
2020-11-09,462.7000122070313,474.1773009723456,-11.477288765314313
2020-11-10,483.8500061035156,488.9987598597242,-5.148753756208578
2020-11-11,486.5499877929687,480.9778361715489,5.572151621419778
2020-11-12,476.7000122070313,475.615582711565,1.0844294954662814
2020-11-13,485.5499877929687,485.1185482757097,0.4314395172589798
2020-11-17,486.3999938964844,486.72609166494476,-0.32609776846038585
2020-11-18,497.6499938964844,498.7939315824254,-1.1439376859410118
2020-11-19,478.75,484.411045300875,-5.661045300875003
2020-11-20,480.2000122070313,485.87633624445203,-5.676324037420727
2020-11-23,468.25,476.4137642565588,-8.163764256558807
2020-11-24,478.2000122070313,491.2625413705303,-13.062529163498994
2020-11-25,472.7000122070313,497.81906385206827,-25.11905164503696
2020-11-26,475.2999877929687,496.2390087250254,-20.939020932056735
2020-11-27,473.3500061035156,483.5646160896262,-10.214609986110588
2020-12-01,485.1000061035156,501.01333775608816,-15.913331652572538
2020-12-02,480.4500122070313,515.5682106077134,-35.11819840068205
2020-12-03,481.8500061035156,525.876208928487,-44.02620282497139
2020-12-04,502.0499877929687,547.6374738527747,-45.587486059806054
2020-12-07,510.4500122070313,550.5322926669738,-40.082280459942524
2020-12-08,508.3999938964844,532.8868976373875,-24.48690374090313
2020-12-09,511.5,539.949693386739,-28.449693386739
2020-12-10,506.9500122070313,536.0477602488929,-29.09774804186162
2020-12-11,515.4500122070312,535.0376047167022,-19.587592509670912
2020-12-14,525.7999877929688,541.9764723795984,-16.176484586629613
2020-12-15,518.0499877929688,535.6022087767979,-17.552220983829102
2020-12-16,512.4500122070312,534.1940290982528,-21.744016891221577
2020-12-17,510.3999938964844,532.7189544124675,-22.31896051598312
2020-12-18,517.1500244140625,537.5821022060336,-20.432077791971096
2020-12-21,494.5,538.2785201181155,-43.778520118115466
2020-12-22,500.2999877929687,537.5124861989513,-37.21249840598256
2020-12-23,503.6000061035156,541.972142607002,-38.37213650348633
2020-12-24,513.5499877929688,545.0212983847501,-31.47131059178139
2020-12-28,520.0999755859375,553.6686744511333,-33.568698865195756
2020-12-29,528.7999877929688,557.7776298350819,-28.97764204211319
2020-12-30,528.75,561.4679395563803,-32.717939556380315
2020-12-31,535.0499877929688,566.3125757062722,-31.26258791330349
2021-01-01,527.5,549.0838095726754,-21.583809572675364
2021-01-04,531.7000122070312,555.2912831881921,-23.591270981160847
2021-01-05,537.25,564.2611180099742,-27.01111800997421
2021-01-06,546.7000122070312,576.9433326575191,-30.243320450487886
2021-01-07,541.0999755859375,575.682755324244,-34.5827797383065
2021-01-08,542.0499877929688,576.7820375908849,-34.73204979791615
2021-01-11,544.7000122070312,571.6770663034845,-26.97705409645323
2021-01-12,548.0,583.7140545395845,-35.71405453958448
2021-01-13,556.5,568.6041790677865,-12.104179067786504
2021-01-14,553.2999877929688,575.6700977319072,-22.370109938938413
2021-01-15,543.0,565.0922742086558,-22.092274208655795
2021-01-18,533.1500244140625,563.0649406505555,-29.914916236493013
2021-01-19,546.4500122070312,575.8474088564667,-29.39739664943545
2021-01-20,551.0,577.3406801323316,-26.340680132331613
2021-01-21,552.7000122070312,580.2611181949508,-27.561105987919518
2021-01-22,533.7999877929688,563.0593813101478,-29.25939351717909
2021-01-25,538.0499877929688,565.5164440191835,-27.466456226214746
2021-01-27,522.3499755859375,550.2314721854232,-27.881496599485672
2021-01-28,528.25,566.3742933964861,-38.12429339648611
2021-01-29,537.0,580.6367274262511,-43.63672742625113
2021-02-01,603.7999877929688,612.9626221589423,-9.162634365973531
2021-02-02,617.3499755859375,601.7011332196005,15.648842366337021
2021-02-03,622.3499755859375,623.6744077687362,-1.3244321827986596
2021-02-04,628.2999877929688,634.6475984910717,-6.347610698102926
2021-02-05,614.1500244140625,623.8190308688453,-9.669006454782789
2021-02-08,629.5999755859375,638.8826301615702,-9.282654575632705
2021-02-09,633.3499755859375,633.3702246581306,-0.020249072193109896
2021-02-10,632.1500244140625,629.8211250260952,2.32889938796734
2021-02-11,630.6500244140625,634.3588477897866,-3.708823375724137
2021-02-12,647.5999755859375,651.5940741435827,-3.994098557645202
2021-02-15,673.9500122070312,659.2684831286567,14.681529078374524
2021-02-16,658.3499755859375,648.6076717516706,9.742303834266863
2021-02-17,657.3499755859375,647.5418222102188,9.808153375718689
2021-02-18,644.6500244140625,635.1006598140665,9.54936459999601
2021-02-19,624.0499877929688,625.5454816345505,-1.4954938415817196
2021-02-22,609.8499755859375,618.2583491284042,-8.408373542466734
2021-02-23,616.2999877929688,626.0046402365634,-9.704652443594682
2021-02-24,641.0999755859375,610.0515245398103,31.048451046127184
2021-02-25,628.0,628.180233259629,-0.18023325962894887
2021-02-26,597.75,612.6240613137189,-14.874061313718926
2021-03-01,608.3499755859375,634.9754419603858,-26.62546637444825
2021-03-02,610.5,621.2485370800349,-10.748537080034907
2021-03-03,632.0999755859375,639.7535602032558,-7.653584617318302
2021-03-04,620.75,634.1625164593264,-13.412516459326412
2021-03-05,609.4500122070312,627.084231114124,-17.63421890709276
2021-03-08,608.0499877929688,617.7332736138239,-9.68328582085519
2021-03-09,625.0999755859375,628.8878925404853,-3.787916954547768
2021-03-10,625.5999755859375,629.5526364152532,-3.9526608293157324
2021-03-12,612.8499755859375,635.7160863579443,-22.866110772006778
2021-03-15,603.5,621.614765830773,-18.114765830772967
2021-03-16,594.9500122070312,614.9082336457227,-19.958221438691453
2021-03-17,589.5,616.1283832096657,-26.628383209665685
2021-03-18,578.5999755859375,612.5615855184628,-33.961609932525334
2021-03-19,586.6500244140625,622.8715459657644,-36.221521551701926
2021-03-22,573.4500122070312,615.4531277763034,-42.003115569272154
2021-03-23,586.4000244140625,623.0529237481927,-36.65289933413021
2021-03-24,567.5,611.9809589757912,-44.48095897579117
2021-03-25,571.5499877929688,618.0346544882201,-46.48466669525135
2021-03-26,578.5499877929688,620.2905161229361,-41.74052832996733
2021-03-30,591.4500122070312,628.9149712584585,-37.464959051427286
2021-03-31,582.0999755859375,621.2868172038867,-39.1868416179492
2021-04-01,594.4000244140625,588.6343483410852,5.765676072977271
2021-04-05,571.25,585.9135861030747,-14.66358610307475
2021-04-06,565.9000244140625,574.5436344198507,-8.643610005788219
2021-04-07,577.6500244140625,581.8442879972781,-4.194263583215616
2021-04-08,576.7000122070312,580.4057058795585,-3.705693672527218
2021-04-09,566.2000122070312,572.9738185975814,-6.773806390550135
2021-04-12,538.5499877929688,547.1918624798319,-8.641874686863162
2021-04-13,560.5999755859375,570.0671521848326,-9.467176598895094
2021-04-15,575.2000122070312,569.9429297460651,5.257082460966103
2021-04-16,566.9500122070312,572.6826703690534,-5.732658162022176
2021-04-19,559.75,575.0380522503851,-15.288052250385135
2021-04-20,559.0999755859375,569.5617837022196,-10.4618081162821
2021-04-22,579.2000122070312,581.0089146305124,-1.808902423481186
2021-04-23,569.9500122070312,584.2943116296296,-14.344299422598397
2021-04-26,591.0999755859375,595.253969118058,-4.153993532120467
2021-04-27,598.75,603.1738960661022,-4.423896066102202
2021-04-28,621.3499755859375,614.9593728246326,6.390602761304876
2021-04-29,621.4500122070312,614.5758017512155,6.874210455815728
2021-04-30,600.5,607.6883328834205,-7.188332883420458
2021-05-03,596.75,585.2586195883465,11.491380411653495
2021-05-04,591.5499877929688,580.9971330146877,10.552854778281016
2021-05-05,602.7999877929688,590.4123579111047,12.387629881864086
2021-05-06,608.2000122070312,593.6643017235123,14.535710483518983
2021-05-07,607.0999755859375,599.3351920161568,7.764783569780661
2021-05-10,613.25,609.4392220524044,3.810777947595625
2021-05-11,609.8499755859375,606.1307194482797,3.719256137657794
2021-05-12,594.75,597.0167032465181,-2.266703246518091
2021-05-14,597.2999877929688,590.6550146100227,6.644973182946046
2021-05-17,623.5999755859375,613.0439576003032,10.556017985634298
2021-05-18,633.2000122070312,613.9849175143054,19.21509469272587
2021-05-19,625.4500122070312,608.1589328326472,17.291079374384026
2021-05-20,618.5999755859375,602.9455660085574,15.654409577380079
2021-05-21,642.4500122070312,622.6495638778217,19.80044832920953
2021-05-24,647.3499755859375,623.8501371710297,23.4998384149078
2021-05-25,650.2999877929688,624.3754679329197,25.92451986004903
2021-05-26,652.5,627.2707180878275,25.229281912172496
2021-05-27,652.25,630.3587608586289,21.891239141371102
2021-05-28,643.0499877929688,623.854300649166,19.19568714380273
2021-05-31,662.75,628.7255250711985,34.02447492880151
2021-06-01,650.0999755859375,630.9589730269373,19.141002559000185
2021-06-02,648.3499755859375,629.6528232894011,18.697152296536387
2021-06-03,650.25,632.7990222969371,17.450977703062904
2021-06-04,642.7000122070312,625.977752145088,16.722260061943302
2021-06-07,648.2000122070312,631.7425791369332,16.45743307009809
2021-06-08,642.4000244140625,623.7539685594834,18.646055854579117
2021-06-09,636.0999755859375,622.5847188241452,13.51525676179233
2021-06-10,640.4000244140625,623.8235061914986,16.57651822256389
2021-06-11,635.7000122070312,616.3301023482203,19.369909858810956
2021-06-14,635.1500244140625,616.1250031130489,19.025021301013567
2021-06-15,645.2999877929688,615.1025945646295,30.19739322833925
2021-06-16,640.0999755859375,610.7249659938939,29.375009592043625
2021-06-17,633.0,600.9953019351635,32.004698064836475
2021-06-18,630.4000244140625,590.3591869005893,40.04083751347321
2021-06-21,631.25,598.4544262334423,32.79557376655771
2021-06-22,630.8499755859375,598.3138891943553,32.53608639158222
2021-06-23,624.7000122070312,592.868436401651,31.831575805380226
2021-06-24,634.0499877929688,604.4332489020145,29.616738890954252
2021-06-25,649.0,616.9977490455249,32.00225095447513
2021-06-28,650.2999877929688,615.5835538793515,34.716433913617266
2021-06-29,640.0999755859375,610.4734362314139,29.62653935452363
2021-06-30,630.9000244140625,599.3474555208578,31.552568893204693
2021-07-01,630.8499755859375,645.605217920918,-14.755242334980494
2021-07-02,640.25,648.669837353447,-8.419837353446951
2021-07-05,647.8499755859375,660.1708103010069,-12.320834715069395
2021-07-06,650.2999877929688,658.7894447783389,-8.489456985370111
2021-07-07,654.0,657.2662982870181,-3.2662982870181168
2021-07-08,641.9000244140625,657.8072661803662,-15.907241766303741
2021-07-09,638.5499877929688,658.7438844995065,-20.19389670653777
2021-07-12,646.25,673.277915152153,-27.027915152153014
2021-07-13,664.9500122070312,675.0503300618735,-10.100317854842274
2021-07-14,664.3499755859375,677.4934743048569,-13.143498718919432
2021-07-15,667.4500122070312,671.7336451380345,-4.28363293100324
2021-07-16,660.2999877929688,665.740417669044,-5.4404298760752
2021-07-19,655.9000244140625,666.7799617122675,-10.87993729820505
2021-07-20,641.9000244140625,662.2639088713362,-20.363884457273684
2021-07-22,655.9500122070312,664.7991669009645,-8.849154693933201
2021-07-23,676.6500244140625,682.455078649884,-5.805054235821444
2021-07-26,676.75,684.2268468011249,-7.476846801124907
2021-07-27,677.4500122070312,680.5994036424233,-3.14939143539209
2021-07-28,685.0499877929688,682.4490408845395,2.6009469084292505
2021-07-29,687.5,684.1775603919087,3.3224396080912584
2021-07-30,682.5,683.6331423203706,-1.1331423203705526
2021-08-02,681.4000244140625,663.261337485522,18.13868692854055
2021-08-03,690.4000244140625,673.2006594442871,17.199364969775388
2021-08-04,714.6500244140625,686.7640857494509,27.885938664611558
2021-08-05,702.4500122070312,673.2208544079272,29.229157799104087
2021-08-06,697.6500244140625,665.7683233933489,31.88170102071365
2021-08-09,702.8499755859375,678.6920272211728,24.157948364764707
2021-08-10,700.9000244140625,674.5172762163154,26.382748197747105
2021-08-11,693.5499877929688,671.930123975164,21.6198638178048
2021-08-12,701.3499755859375,677.1224117169257,24.22756386901176
2021-08-13,704.7999877929688,672.5567054445623,32.24328234840641
2021-08-16,702.6500244140625,672.316621836356,30.333402577706465
2021-08-17,701.2000122070312,669.3098925913085,31.89011961572271
2021-08-18,688.2999877929688,660.0960110710167,28.203976721952017
2021-08-20,680.7000122070312,657.5559657303986,23.14404647663264
2021-08-23,682.7000122070312,661.7985231662394,20.90148904079183
2021-08-24,694.4500122070312,676.454153686842,17.995858520189245
2021-08-25,691.0499877929688,671.1180188273,19.931968965668716
2021-08-26,698.7999877929688,676.7221933963579,22.077794396610898
2021-08-27,699.75,679.0881882323948,20.661811767605172
2021-08-30,713.6500244140625,689.1775864578781,24.47243795618442
2021-08-31,719.0499877929688,687.9680527594437,31.081935033525042
2021-09-01,719.9000244140625,699.4329947612275,20.46702965283498
2021-09-02,725.1500244140625,708.7927637655935,16.357260648469037
2021-09-03,724.2999877929688,715.4432304995589,8.856757293409828
2021-09-06,721.1500244140625,711.4845970070608,9.665427407001744
2021-09-07,716.9000244140625,708.0198212933304,8.880203120732062
2021-09-08,720.9500122070312,708.2522572221524,12.697754984878884
2021-09-09,720.25,707.5326169548715,12.717383045128486
2021-09-13,707.4000244140625,689.5641357784848,17.835888635577703
2021-09-14,707.4500122070312,687.3961470728669,20.05386513416431
2021-09-15,714.3499755859375,700.7871101864325,13.562865399504972
2021-09-16,727.2000122070312,712.7030459826246,14.496966224406606
2021-09-17,720.1500244140625,708.4529497204519,11.697074693610602
2021-09-20,710.0,709.6268555427667,0.37314445723325207
2021-09-21,711.8499755859375,715.8928239447338,-4.042848358796277
2021-09-22,703.3499755859375,706.6885237891157,-3.3385482031782203
2021-09-23,717.0,723.4107176205298,-6.410717620529795
2021-09-24,722.9500122070312,723.9540237830008,-1.004011575969571
2021-09-27,730.0,733.8794032184885,-3.8794032184885054
2021-09-28,717.1500244140625,729.2225535705635,-12.072529156500991
2021-09-29,709.5,733.1379860160707,-23.637986016070727
2021-09-30,700.8499755859375,724.136039998481,-23.28606441254351
2021-10-01,692.3499755859375,751.4167553710424,-59.06677978510493
2021-10-04,700.2000122070312,758.1545523244968,-57.95454011746551
2021-10-05,697.0999755859375,754.0077721719637,-56.907796586026166
2021-10-06,689.5,751.4493243204797,-61.94932432047972
2021-10-07,702.2000122070312,760.4121493881064,-58.21213718107515
2021-10-08,703.4000244140625,770.1600511882516,-66.7600267741891
2021-10-11,713.2999877929688,780.8496816994364,-67.54969390646761
2021-10-12,708.5999755859375,771.3609092626875,-62.76093367675003
2021-10-13,709.9500122070312,766.5897446666162,-56.639732459584934
2021-10-14,727.2999877929688,781.7112291350293,-54.41124134206052
2021-10-18,745.4500122070312,787.9881740478628,-42.53816184083155
2021-10-19,747.4500122070312,796.8770965844786,-49.427084377447386
2021-10-20,745.8499755859375,804.6764721687493,-58.82649658281184
2021-10-21,755.5,818.0868488181333,-62.58684881813326
2021-10-22,759.2999877929688,820.7423815705374,-61.44239377756867
2021-10-25,841.7000122070312,852.116316784342,-10.416304577310711
2021-10-26,829.4000244140625,838.5688404968465,-9.16881608278402
2021-10-27,835.0,831.1485090457545,3.8514909542454916
2021-10-28,798.7000122070312,810.7955887728492,-12.095576565817964
2021-10-29,802.0499877929688,816.5872721840728,-14.537284391104095
2021-11-01,803.9000244140625,809.0249434323823,-5.124919018319815
2021-11-02,800.9500122070312,818.362533936825,-17.412521729793752
2021-11-03,785.9500122070312,807.1365758689219,-21.18656366189066
2021-11-04,782.0999755859375,808.0017722562267,-25.901796670289173
2021-11-08,780.1500244140625,803.0616753987194,-22.911650984656944
2021-11-09,786.5499877929688,803.7705847418911,-17.22059694892232
2021-11-10,780.9000244140625,798.3701273204075,-17.470102906345005
2021-11-11,771.4500122070312,791.0544640314405,-19.60445182440924
2021-11-12,776.5999755859375,794.8232886435331,-18.223313057595647
2021-11-15,773.2999877929688,797.1163512573019,-23.816363464333108
2021-11-16,764.0499877929688,789.0716707986198,-25.021683005651084
2021-11-17,761.2999877929688,791.6429557753194,-30.342967982350615
2021-11-18,762.9000244140625,800.1090739624397,-37.20904954837715
2021-11-22,752.0,778.8082092506133,-26.808209250613345
2021-11-23,751.8499755859375,782.9983643437974,-31.148388757859948
2021-11-24,760.2000122070312,788.8835322080239,-28.683520000992644
2021-11-25,751.0499877929688,775.3663212071008,-24.316333414132032
2021-11-26,722.2000122070312,755.6927521054777,-33.492739898446416
2021-11-29,718.4000244140625,760.7119267865642,-42.31190237250166
2021-11-30,714.3499755859375,756.208653328403,-41.85867774246549
2021-12-01,727.7000122070312,742.3562168340029,-14.656204626971657
2021-12-02,722.4000244140625,736.896889830144,-14.496865416081505
2021-12-03,716.2999877929688,729.4781046518704,-13.178116858901603
2021-12-06,709.5499877929688,722.6911201646246,-13.141132371655885
2021-12-07,734.6500244140625,745.053791465639,-10.403767051576551
2021-12-08,753.4000244140625,763.8280141889179,-10.427989774855405
2021-12-09,755.0,760.5676932544454,-5.56769325444543
2021-12-10,758.0,761.4668383626001,-3.4668383626001287
2021-12-13,754.0,760.4672517139295,-6.4672517139295
2021-12-14,758.6500244140625,757.7427228177478,0.90730159631471
2021-12-15,752.25,756.7393315608705,-4.4893315608704825
2021-12-16,741.1500244140625,751.2263190475674,-10.076294633504858
2021-12-17,728.2999877929688,734.2587229743567,-5.958735181387965
2021-12-20,709.9500122070312,720.5778137873705,-10.627801580339224
2021-12-21,720.3499755859375,720.853100592206,-0.5031250062685331
2021-12-22,732.7999877929688,727.9347338779677,4.8652539150010625
2021-12-23,731.2999877929688,728.4444918848546,2.855495908114108
2021-12-24,727.0999755859375,719.2993237669402,7.800651818997267
2021-12-27,736.0,725.3590804742465,10.640919525753475
2021-12-28,735.7999877929688,723.5084943709652,12.291493422003555
2021-12-29,735.7000122070312,726.6881040392396,9.011908167791603
2021-12-30,735.7000122070312,724.4905160471397,11.2094961598915
2021-12-31,740.1500244140625,730.1970671639324,9.952957250130112
2022-01-03,764.7000122070312,753.2352815931354,11.464730613895881
2022-01-04,772.8499755859375,757.4718663213355,15.378109264602017
2022-01-05,788.0499877929688,768.805508552523,19.2444792404458
2022-01-06,785.0499877929688,771.8888505853189,13.161137207649858
2022-01-07,793.25,776.919945700793,16.33005429920695
2022-01-10,810.75,784.0460439899222,26.70395601007783
2022-01-11,810.6500244140625,785.4586863800519,25.19133803401064
2022-01-12,823.75,791.8303741533189,31.91962584668113
2022-01-13,824.7000122070312,791.6505317791989,33.04948042783235
2022-01-14,820.0,785.3916551641207,34.60834483587928
2022-01-17,819.2999877929688,779.3113346913665,39.98865310160227
2022-01-18,823.0999755859375,783.4385845107931,39.661391075144365
2022-01-19,808.5999755859375,771.131673166806,37.46830241913153
2022-01-20,810.25,777.3592316086192,32.89076839138079
2022-01-21,804.5,766.0691675852825,38.43083241471754
2022-01-24,798.4500122070312,758.384324553114,40.06568765391728
2022-01-25,801.6500244140625,778.8396466929984,22.81037772106413
2022-01-27,794.6500244140625,758.4848173038761,36.16520711018643
2022-01-28,781.1500244140625,747.8681425322433,33.28188188181923
2022-01-31,788.7999877929688,757.3693562549989,31.430631537969816
2022-02-01,810.2999877929688,782.0601593377291,28.239828455239603
2022-02-02,813.75,773.0200985157855,40.72990148421445
2022-02-03,808.9500122070312,777.0295359465757,31.92047626045553
2022-02-04,805.0499877929688,773.2748062458973,31.775181547071497
2022-02-07,786.4000244140625,755.0653449655784,31.334679448484053
2022-02-08,792.5,750.0601650081292,42.43983499187084
2022-02-09,802.7999877929688,759.0922553250973,43.70773246787144
2022-02-10,805.5,769.6217649185728,35.87823508142719
2022-02-11,790.7999877929688,757.80900329663,32.9909844963388
2022-02-14,753.7000122070312,734.4379447111714,19.26206749585981
2022-02-15,776.0499877929688,762.2898087745735,13.760179018395206
2022-02-16,764.0499877929688,748.1489354208883,15.901052372080471
2022-02-17,750.3499755859375,737.8349366288487,12.515038957088791
2022-02-18,748.9000244140625,739.8458714112185,9.054153002844032
2022-02-21,754.4500122070312,742.8400690405699,11.609943166461335
2022-02-22,751.2999877929688,737.8984360199838,13.40155177298493
2022-02-23,744.5999755859375,732.9000047360352,11.699970849902343
2022-02-24,707.4000244140625,710.0908919840842,-2.6908675700217373
2022-02-25,730.0499877929688,723.2188485620509,6.83113923091787
2022-02-28,742.7000122070312,726.6917394540674,16.008272752963876
2022-03-02,714.8499755859375,713.4936919270167,1.3562836589208018
2022-03-03,698.2999877929688,718.9180030661299,-20.618015273161177
2022-03-04,688.0499877929688,706.0263006624723,-17.976312869503545
2022-03-07,653.75,672.8004302968318,-19.05043029683179
2022-03-08,665.0,662.7351686449576,2.264831355042361
2022-03-09,667.4500122070312,671.9511319443055,-4.50111973727428
2022-03-10,676.5999755859375,685.0428005533919,-8.442824967454385
2022-03-11,677.9000244140625,681.8538225409116,-3.953798126849051
2022-03-14,696.1500244140625,705.1386463204415,-8.988621906378967
2022-03-15,697.3499755859375,703.1216826921241,-5.771707106186568
2022-03-16,708.0,710.3429720390959,-2.342972039095912
2022-03-17,720.0999755859375,726.188480976218,-6.088505390280488
2022-03-21,710.75,720.6040522234666,-9.854052223466624
2022-03-22,718.2000122070312,722.065215960062,-3.8652037530307553
2022-03-23,718.2999877929688,720.7587647794289,-2.4587769864601796
2022-03-24,704.2000122070312,715.3147381782773,-11.114725971246003
2022-03-25,699.25,705.7370338680133,-6.487033868013327
2022-03-28,710.3499755859375,710.9049416455009,-0.5549660595634123
2022-03-29,715.2999877929688,715.7151649666342,-0.4151771736654837
2022-03-30,730.9000244140625,727.2893414621439,3.6106829519186476
2022-03-31,730.2999877929688,722.2448106400739,8.055177152894885
2022-04-01,736.25,719.390361345508,16.85963865449196
2022-04-04,746.5999755859375,742.959429638997,3.640545946940506
2022-04-05,741.7999877929688,742.0227271276162,-0.22273933464748552
2022-04-06,741.5999755859375,744.6076870563094,-3.0077114703718735
2022-04-07,748.5499877929688,755.2259694941354,-6.67598170116662
2022-04-08,754.2999877929688,738.3904975184649,15.90949027450381
2022-04-11,759.5999755859375,741.0807214170687,18.51925416886877
2022-04-12,763.8499755859375,747.5240017667023,16.325973819235173
2022-04-13,762.25,745.4824104298051,16.7675895701949
2022-04-18,757.7999877929688,752.4054247654933,5.394563027475442
2022-04-19,766.2999877929688,749.5198639975301,16.780123795438612
2022-04-20,755.5499877929688,730.6906846096767,24.859303183292013
2022-04-21,762.3499755859375,727.7651918758895,34.58478371004799
2022-04-22,747.6500244140625,709.0783015600725,38.57172285398997
2022-04-25,752.2000122070312,716.0641407980827,36.13587140894856
2022-04-26,753.75,715.7880981175581,37.96190188244191
2022-04-27,736.7000122070312,706.5770293783855,30.122982828645718
2022-04-28,747.1500244140625,704.8018651366051,42.3481592774574
2022-04-29,743.2999877929688,707.3115486933216,35.98843909964717
2022-05-02,741.0,697.4455217905415,43.554478209458466
2022-05-04,724.25,656.0827098245298,68.16729017547016
2022-05-05,728.7999877929688,667.4528237738166,61.34716401915216
2022-05-06,719.25,654.5493724512912,64.70062754870878
2022-05-09,710.3499755859375,648.433959157777,61.91601642816045
2022-05-10,711.2999877929688,648.5220213490398,62.777966443928904
2022-05-11,714.2000122070312,649.5811447338111,64.61886747322012
2022-05-12,695.7999877929688,624.716285986754,71.08370180621478
2022-05-13,677.3499755859375,626.4494898690464,50.900485716891126
2022-05-16,683.0,628.6692589068407,54.330741093159304
2022-05-17,710.0,643.1242863421257,66.87571365787426
2022-05-18,707.3499755859375,632.7667725916378,74.58320299429965
2022-05-19,690.2999877929688,623.8138098524859,66.48617794048289
2022-05-20,709.5499877929688,632.0225626324897,77.52742516047908
2022-05-23,711.0499877929688,634.6630299501336,76.38695784283516
2022-05-24,708.1500244140625,640.7410075647183,67.4090168493442
2022-05-25,713.3499755859375,642.5325388218242,70.81743676411327
2022-05-26,728.5,658.1670865937972,70.3329134062028
2022-05-27,739.7999877929688,664.0408987139499,75.75908907901885
2022-05-30,748.5,665.3425934004375,83.15740659956248
2022-05-31,752.8499755859375,666.9265918299683,85.92338375596921
2022-06-01,752.6500244140625,778.5049052048352,-25.854880790772654
2022-06-02,749.75,775.5231452882359,-25.773145288235924
2022-06-03,744.2999877929688,766.0708314681696,-21.77084367520081
2022-06-06,746.75,768.7791359353737,-22.029135935373688
2022-06-07,735.25,752.466141419167,-17.216141419167002
2022-06-08,729.5,753.1231541851278,-23.62315418512776
2022-06-09,732.75,755.3135928882501,-22.563592888250128
2022-06-10,720.0,733.1942855022223,-13.194285502222328
2022-06-13,688.0,710.0115933971016,-22.011593397101592
2022-06-14,685.5,711.2416150413492,-25.741615041349178
2022-06-15,687.25,711.9101149641464,-24.660114964146373
2022-06-16,678.5,698.1857301533087,-19.68573015330867
2022-06-17,686.8499755859375,715.8353461391494,-28.98537055321185
2022-06-20,685.9500122070312,701.8761610560368,-15.926148849005585
2022-06-21,696.0999755859375,717.4448931302219,-21.344917544284385
2022-06-22,686.5999755859375,706.6293015357948,-20.029325949857252
2022-06-23,699.1500244140625,718.0658558578518,-18.91583144378933
2022-06-24,713.4500122070312,730.8003853404227,-17.350373133391486
2022-06-27,717.3499755859375,728.9266680438463,-11.576692457908848
2022-06-28,710.2999877929688,722.5657070731398,-12.265719280171083
2022-06-29,702.75,713.8199101830393,-11.06991018303927
2022-06-30,707.2000122070312,722.1928479046237,-14.992835697592454
2022-07-01,703.9000244140625,758.9206130747754,-55.02058866071286
2022-07-04,720.0999755859375,782.9682852108973,-62.86830962495981
2022-07-05,719.4500122070312,779.7387091448845,-60.288696937853274
2022-07-06,725.9500122070312,780.2868224116603,-54.336810204629046
2022-07-07,742.0,787.4072054481102,-45.407205448110176
2022-07-08,755.7000122070312,795.793665722837,-40.09365351580573
2022-07-11,769.5,797.933196440893,-28.43319644089297
2022-07-12,759.9000244140625,792.3547505220102,-32.45472610794775
2022-07-13,753.2000122070312,787.4412181716475,-34.241205964616256
2022-07-14,752.4000244140625,777.4247315258771,-25.024707111814564
2022-07-15,751.2000122070312,776.4868549354017,-25.286842728370402
2022-07-18,772.0,787.518947286057,-15.518947286057028
2022-07-19,780.6500244140625,789.1741396594842,-8.52411524542174
2022-07-20,783.0999755859375,788.857409505821,-5.7574339198835105
2022-07-21,786.0,795.930061465024,-9.930061465023982
2022-07-22,800.0499877929688,812.6535720803821,-12.603584287413355
2022-07-25,800.9000244140625,815.9657455242653,-15.065721110202844
2022-07-26,796.2999877929688,811.5008422565957,-15.20085446362691
2022-07-27,800.5,818.2296227524275,-17.72962275242753
2022-07-28,814.5999755859375,831.9043320394192,-17.30435645348166
2022-07-29,818.5999755859375,833.2265115644273,-14.626535978489756
2022-08-01,823.4000244140625,852.8094464742942,-29.40942206023169
2022-08-02,817.75,846.7075878052132,-28.957587805213166
2022-08-03,824.7999877929688,864.9069483153602,-40.10696052239143
2022-08-04,820.25,844.6479132234674,-24.397913223467413
2022-08-05,838.2000122070312,844.0479060920047,-5.847893884973473
2022-08-08,836.9500122070312,840.7152694917334,-3.765257284702102
2022-08-10,848.75,848.3936599997096,0.3563400002904018
2022-08-11,859.7000122070312,863.5859092616994,-3.885897054668135
2022-08-12,874.4000244140625,866.2788335949156,8.121190819146932
2022-08-16,879.25,869.5841758879257,9.665824112074347
2022-08-17,883.25,872.8961899418457,10.353810058154295
2022-08-18,885.0999755859375,879.2938161365137,5.806159449423831
2022-08-19,870.4000244140625,863.2078580867259,7.192166327336622
2022-08-22,852.25,853.7710684621612,-1.5210684621612245
2022-08-23,863.9000244140625,861.2144893534831,2.6855350605793546
2022-08-24,873.2999877929688,866.9400525181861,6.359935274782629
2022-08-25,872.3499755859375,864.5279249091957,7.82205067674181
2022-08-26,870.8499755859375,862.658771663657,8.191203922280465
2022-08-29,855.8499755859375,850.8003564851672,5.049619100770315
2022-08-30,887.2999877929688,863.8393781502527,23.46060964271601
2022-09-01,874.3499755859375,850.8989899774277,23.450985608509768
2022-09-02,872.4000244140625,861.2326478178638,11.167376596198665
2022-09-05,882.4500122070312,874.3338536992683,8.116158507762975
2022-09-06,883.6500244140625,870.7571689340839,12.892855479978607
2022-09-07,876.2000122070312,863.5784747661492,12.621537440882094
2022-09-08,898.7999877929688,878.8136496957981,19.986338097170687
2022-09-09,901.25,882.1469642112107,19.10303578878927
2022-09-12,907.2000122070312,886.7996422775834,20.400369929447834
2022-09-13,910.0,881.7673076362064,28.232692363793603
2022-09-14,918.0999755859376,884.4079774027746,33.69199818316304
2022-09-15,917.5999755859376,878.033352046785,39.5666235391526
2022-09-16,909.0999755859376,873.9966549030778,35.10332068285982
2022-09-19,899.2000122070312,862.7310804297167,36.46893177731454
2022-09-20,916.75,875.7363427756924,41.01365722430762
2022-09-21,915.25,871.8190407545285,43.43095924547151
2022-09-22,903.4000244140624,853.9688134393341,49.43121097472829
2022-09-23,882.25,824.067012946044,58.182987053956026
2022-09-26,861.0499877929688,806.9254159833146,54.124571809654185
2022-09-27,852.5499877929688,808.7237037911707,43.82628400179806
2022-09-28,849.5,802.0838585290652,47.416141470934804
2022-09-29,843.9000244140625,799.4818185803048,44.418205833757725
2022-09-30,862.0,815.2075380153694,46.79246198463056
2022-10-03,848.3499755859375,799.7252968883278,48.62467869760974
2022-10-04,867.6500244140625,821.9359069350369,45.71411747902562
2022-10-06,885.4500122070312,835.7229787002724,49.72703350675886
2022-10-07,882.5499877929688,827.781218751105,54.76876904186372
2022-10-10,881.75,822.8688358829709,58.88116411702913
2022-10-11,870.5999755859375,820.0820266894148,50.51794889652274
2022-10-12,868.3499755859375,822.3187547813841,46.03122080455341
2022-10-13,853.5999755859375,808.7899031465961,44.81007243934141
2022-10-14,870.25,819.3173146981444,50.9326853018556
2022-10-17,885.2000122070312,840.6001224547778,44.59988975225349
2022-10-18,896.9000244140625,846.843692490404,50.05633192365849
2022-10-19,892.0999755859375,843.9902300885528,48.109745497384665
2022-10-20,888.6500244140625,840.4368870138426,48.21313740021992
2022-10-21,907.1500244140624,861.1884803696269,45.96154404443553
2022-10-24,926.2999877929688,873.8740104170873,52.425977375881416
2022-10-25,925.0499877929688,874.3660480646246,50.68393972834417
2022-10-27,924.4000244140624,873.7605962804193,50.63942813364304
2022-10-28,907.8499755859376,856.7086986284158,51.14127695752177
2022-10-31,908.7000122070312,859.3816611547367,49.31835105229459
2022-11-01,908.5999755859376,862.5284549945613,46.07152059137627
2022-11-02,904.7000122070312,860.4882247502217,44.21178745680959
2022-11-03,908.6500244140624,863.5649867989221,45.08503761514032
2022-11-04,905.2999877929688,861.91887589626,43.38111189670872
2022-11-07,917.5,871.8168249839619,45.68317501603815
2022-11-09,910.5,871.1534340409814,39.34656595901856
2022-11-10,910.7000122070312,878.182812948692,32.51719925833925
2022-11-11,906.5499877929688,880.9956525441524,25.5543352488163
2022-11-14,894.9500122070312,873.1953672486411,21.754644958390145
2022-11-15,911.7000122070312,890.2125291910204,21.487483016010856
2022-11-16,913.5999755859376,886.3508958348415,27.249079751096133
2022-11-17,919.7999877929688,892.2763292427933,27.52365855017547
2022-11-18,920.3499755859376,890.0088919370169,30.341083648920744
2022-11-21,921.4000244140624,894.1733255899092,27.22669882415323
2022-11-22,923.7000122070312,895.757479171245,27.942533035786255
2022-11-23,927.4500122070312,898.2078752574748,29.242136949556425
2022-11-24,938.8499755859376,909.5388257516595,29.311149834278126
2022-11-25,930.2999877929688,899.2139572561422,31.08603053682657
2022-11-28,937.4000244140624,903.4900495611926,33.90997485286982
2022-11-29,946.75,910.4935360322061,36.256463967793934
2022-11-30,952.9000244140624,920.1695661695446,32.73045824451776
2022-12-01,940.2000122070312,907.9654234509737,32.23458875605752
2022-12-02,930.5999755859376,902.8183255584602,27.78165002747744
2022-12-05,933.5999755859376,914.3322144070411,19.267761178896535
2022-12-06,922.6500244140624,903.0701296835441,19.579894730518276
2022-12-07,922.1500244140624,891.5566839157786,30.593340498283737
2022-12-08,931.9000244140624,890.8201878314139,41.079836582648454
2022-12-09,929.9000244140624,897.4973848735995,32.40263954046293
2022-12-12,930.2999877929688,899.0736833581979,31.226304434770896
2022-12-13,932.9500122070312,906.7444132738174,26.205598933213878
2022-12-14,921.75,896.5550257693512,25.194974230648768
2022-12-15,908.7999877929688,889.8376383364323,18.962349456536458
2022-12-16,902.0,890.6620657898154,11.337934210184585
2022-12-19,906.4500122070312,892.5912984324342,13.85871377459705
2022-12-20,909.7000122070312,899.629564814202,10.070447392829237
2022-12-21,892.25,889.2809045538033,2.969095446196661
2022-12-22,890.6500244140625,882.8241767569258,7.8258476571367055
2022-12-23,878.9000244140625,872.6501848348895,6.249839579172999
2022-12-26,893.2000122070312,886.5617667707484,6.638245436282887
2022-12-27,900.6500244140625,894.5884442257802,6.061580188282278
2022-12-28,898.9500122070312,893.7006697363215,5.249342470709735
2022-12-29,908.0499877929688,900.2895949590516,7.760392833917194
2022-12-30,890.8499755859375,888.4067400344385,2.443235551499015
2023-01-02,902.4500122070312,895.9664017279729,6.48361047905837
2023-01-03,901.3499755859376,891.5754318009535,9.774543784984076
2023-01-04,899.0999755859375,887.7460706181015,11.353904967836002
2023-01-05,879.1500244140625,872.0141839015457,7.135840512516779
2023-01-06,870.0999755859375,868.4415666428877,1.6584089430498352
2023-01-09,873.3499755859375,872.9739864461387,0.3759891397987758
2023-01-10,861.3499755859375,870.1030164012129,-8.753040815275426
2023-01-11,866.2999877929688,875.8299037679244,-9.529915974955657
2023-01-12,860.6500244140625,874.3485179014475,-13.698493487385008
2023-01-13,873.4500122070312,885.4395984877931,-11.989586280761841
2023-01-16,865.25,878.6699006312988,-13.419900631298788
2023-01-17,865.1500244140625,879.189799177575,-14.039774763512469
2023-01-18,869.5,884.8076497736208,-15.307649773620824
2023-01-19,866.1500244140625,881.4209695154179,-15.270945101355437
2023-01-20,870.3499755859375,886.5212737781017,-16.17129819216416
2023-01-23,871.7000122070312,887.2357769473963,-15.535764740365039
2023-01-24,870.75,884.032741761903,-13.282741761903026
2023-01-25,855.2999877929688,872.0958192571131,-16.795831464144385
2023-01-27,817.2000122070312,846.1152763750606,-28.915264168029353
2023-01-30,823.5,844.1950714333902,-20.69507143339024
2023-01-31,831.9000244140625,856.2635628925395,-24.36353847847704
2023-02-01,847.9500122070312,870.7089358679086,-22.75892366087737
2023-02-02,857.9000244140625,885.3727371619682,-27.47271274790569
2023-02-03,863.7999877929688,882.4307434480642,-18.630755655095413
2023-02-06,853.7000122070312,869.5452338637616,-15.84522165673036
2023-02-07,852.75,871.7077420545274,-18.957742054527444
2023-02-08,859.0999755859375,870.2014208511682,-11.101445265230723
2023-02-09,860.7999877929688,866.4981116716638,-5.698123878695014
2023-02-10,853.8499755859375,863.698774270734,-9.84879868479652
2023-02-13,850.6500244140625,856.9270661752,-6.277041761137525
2023-02-14,865.2999877929688,863.0261666831134,2.273821109855362
2023-02-15,870.7999877929688,866.3137336098175,4.486254183151232
2023-02-16,869.4500122070312,867.9015024354118,1.5485097716194787
2023-02-17,862.6500244140625,861.334713204395,1.3153112096674704
2023-02-20,852.0999755859375,854.5415553935931,-2.4415798076555575
2023-02-21,854.2000122070312,854.620767132509,-0.420754925477695
2023-02-22,839.25,840.1600923298018,-0.9100923298018415
2023-02-23,839.75,841.0593151715602,-1.309315171560229
2023-02-24,839.7000122070312,837.3722837073462,2.3277284996850085
2023-02-27,856.4000244140625,852.6371535027447,3.7628709113178047
2023-02-28,854.8499755859375,852.1523607291875,2.697614856749965
2023-03-01,856.2999877929688,848.8657256410788,7.434262151889925
2023-03-02,854.0,847.609375699449,6.390624300551053
2023-03-03,868.5499877929688,853.6115537692453,14.938434023723403
2023-03-06,867.75,852.7919026865568,14.958097313443204
2023-03-08,872.0999755859375,845.9556584776037,26.14431710833378
2023-03-09,855.9500122070312,841.178358382394,14.77165382463727
2023-03-10,842.6500244140625,832.0983400522806,10.551684361781895
2023-03-13,828.4000244140625,835.4038050221461,-7.003780608083616
2023-03-14,830.3499755859375,839.4012621267941,-9.051286540856609
2023-03-15,825.9000244140625,842.9345994010737,-17.034574987011183
2023-03-16,823.9000244140625,831.4547394213756,-7.554715007313121
2023-03-17,836.25,852.8964413945798,-16.646441394579824
2023-03-20,836.4500122070312,850.8226476036212,-14.372635396589999
2023-03-21,852.4000244140625,857.2813779281861,-4.881353514123589
2023-03-22,860.2000122070312,869.3742789853279,-9.17426677829667
2023-03-23,855.4500122070312,871.7907422421968,-16.340730035165507
2023-03-24,852.4000244140625,868.5414538493449,-16.14142943528236
2023-03-27,848.7000122070312,858.3587465586129,-9.658734351581643
2023-03-28,854.75,859.8326665049929,-5.082666504992858
2023-03-29,851.0,855.4640488119553,-4.464048811955308
2023-03-31,877.25,872.4560820908782,4.793917909121774
2023-04-03,883.7999877929688,878.0160149079196,5.783972885049138
2023-04-05,884.5999755859375,884.0804518544157,0.5195237315217582
2023-04-06,875.0,877.5340915123512,-2.5340915123512104
2023-04-10,868.4500122070312,868.1593624896891,0.2906497173421485
2023-04-11,881.9000244140625,876.9205866035215,4.979437810540958
2023-04-12,890.1500244140625,890.1244711506561,0.0255532634064366
2023-04-13,899.0,897.3204253905558,1.6795746094442165
2023-04-17,901.2999877929688,897.734660227432,3.5653275655367906
2023-04-18,896.8499755859375,896.448131613936,0.40184397200152944
2023-04-19,891.9000244140625,890.6216772353621,1.2783471787004146
2023-04-20,894.4000244140625,896.2824859210082,-1.882461506945674
2023-04-21,885.6500244140625,887.292143546164,-1.6421191321014703
2023-04-24,904.75,898.5481117592235,6.201888240776498
2023-04-25,913.4500122070312,908.0100978271173,5.439914379913944
2023-04-26,914.9500122070312,907.8516464583349,7.098365748696324
2023-04-27,918.3499755859376,905.8409946241645,12.50898096177309
2023-04-28,917.6500244140624,903.2358511797344,14.414173234328018
2023-05-02,922.0999755859376,912.6298823825504,9.47009320338725
2023-05-03,922.8499755859376,918.7556578891063,4.094317696831354
2023-05-04,921.7000122070312,928.9210299509085,-7.221017743877269
2023-05-05,926.9500122070312,929.7017496272399,-2.7517374202086557
2023-05-08,937.9000244140624,937.1000753385704,0.7999490754920089
2023-05-09,934.4000244140624,932.4561263559276,1.9438980581347778
2023-05-10,936.0499877929688,937.556926216705,-1.506938423736301
2023-05-11,939.2000122070312,938.2860908463281,0.9139213607031706
2023-05-12,943.9000244140624,940.6349203469235,3.26510406713885
2023-05-15,945.75,945.860903028981,-0.1109030289810562
2023-05-16,946.3499755859376,951.4772295433115,-5.1272539573739095
2023-05-17,939.3499755859376,940.7709890107892,-1.4210134248515942
2023-05-18,946.5,942.8864434047512,3.6135565952488378
2023-05-19,954.2999877929688,945.4347215652274,8.865266227741358
2023-05-22,950.3499755859376,943.3531797232461,6.996795862691556
2023-05-23,953.4000244140624,942.3831864411894,11.016837972872963
2023-05-24,940.6500244140624,925.0742696370528,15.575754777009593
2023-05-25,939.8499755859376,920.9049689907565,18.9450065951811
2023-05-26,950.7000122070312,923.5958882006864,27.10412400634482
2023-05-29,948.1500244140624,919.8070973711499,28.342927042912493
2023-05-30,949.9500122070312,922.3201924257628,27.629819781268452
2023-05-31,949.1500244140624,928.2740787373657,20.875945676696688
2023-06-01,936.0999755859376,912.1292304734595,23.970745112478085
2023-06-02,938.1500244140624,909.0006318634188,29.149392550643597
2023-06-05,946.75,917.0035623378867,29.746437662113294
2023-06-06,942.0999755859376,909.8358776807752,32.26409790516243
2023-06-07,940.2000122070312,909.3846550479383,30.81535715909297
2023-06-08,937.9000244140624,906.783609982614,31.116414431448334
2023-06-09,938.0499877929688,906.9443273300666,31.105660462902165
2023-06-12,935.9500122070312,907.5322647757441,28.417747431287125
2023-06-13,943.5499877929688,911.7433184555277,31.806669337441008
2023-06-14,939.7999877929688,900.8993051208286,38.90068267214019
2023-06-15,926.5999755859376,888.7827751996278,37.817200386309764
2023-06-16,934.2000122070312,895.8394685763136,38.36054363071764
2023-06-19,923.1500244140624,886.7646006552877,36.385423758774664
2023-06-20,925.5499877929688,888.1835627974325,37.36642499553625
2023-06-21,924.7000122070312,886.8462672598869,37.85374494714438
2023-06-22,925.75,889.147185665871,36.60281433412899
2023-06-23,923.5,889.3837997114551,34.11620028854486
2023-06-26,927.4500122070312,895.4396275836089,32.0103846234224
2023-06-27,936.0999755859376,902.8222540947436,33.27772149119403
2023-06-28,937.4500122070312,903.0246117396318,34.42540046739941
2023-06-30,934.5999755859376,893.1385183733257,41.46145721261189
2023-07-03,942.5499877929688,902.1914294880219,40.35855830494688
2023-07-04,944.7000122070312,905.2430526472947,39.45695955973656
2023-07-05,958.0,919.540690316489,38.45930968351104
2023-07-06,959.4000244140624,919.9530870842777,39.446937329784646
2023-07-07,946.4000244140624,912.9431846207119,33.45683979335047
2023-07-10,948.4000244140624,919.4661198335962,28.93390458046622
2023-07-11,944.9500122070312,914.151900477738,30.798111729293282
2023-07-12,944.4000244140624,919.3117986972152,25.088225716847205
2023-07-13,955.7000122070312,935.1635183238413,20.536493883189905
2023-07-14,960.0499877929688,934.3633683631138,25.686619429855
2023-07-17,968.7000122070312,946.4281126137117,22.271899593319517
2023-07-18,975.4500122070312,950.8358111555807,24.61420105145055
2023-07-19,973.4500122070312,946.9558574314228,26.494154775608422
2023-07-20,995.5999755859376,960.3377365729025,35.26223901303513
2023-07-21,997.0,968.2277083481567,28.77229165184326
2023-07-24,992.0,962.750281871138,29.249718128862014
2023-07-25,994.7000122070312,960.8102640445913,33.8897481624399
2023-07-26,996.4500122070312,968.8823532984354,27.56765890859583
2023-07-27,990.25,961.7484216905946,28.50157830940543
2023-07-28,996.2000122070312,964.5797457323872,31.62026647464404
2023-07-31,998.2999877929688,966.1334342138532,32.16655357911554
2023-08-01,994.5499877929688,958.9821503791329,35.56783741383583
2023-08-02,986.9500122070312,956.7452198339329,30.20479237309837
2023-08-03,965.0,940.769574854147,24.23042514585302
2023-08-04,970.5,945.3618367131568,25.138163286843223
2023-08-07,975.6500244140624,951.5717262302223,24.078298183840047
2023-08-08,979.9000244140624,956.6121382090878,23.287886204974598
2023-08-09,972.7000122070312,944.1161701686915,28.583842038339753
2023-08-10,964.0999755859376,937.4096436171001,26.69033196883754
2023-08-11,952.8499755859376,926.6234552890676,26.226520296870035
2023-08-14,959.5499877929688,928.2559727018602,31.294015091108577
2023-08-16,956.5,927.4567261501593,29.043273849840716
2023-08-17,951.6500244140624,926.0279622265346,25.62206218752783
2023-08-18,950.6500244140624,927.6977348977016,22.952289516360793
2023-08-21,955.2000122070312,932.4699802700391,22.73003193699219
2023-08-22,952.0,926.1407990180758,25.859200981924232
2023-08-23,966.8499755859376,939.3093329875646,27.540642598372983
2023-08-24,968.9500122070312,943.0122642144946,25.93774799253663
2023-08-25,970.4000244140624,941.5439227377138,28.856101676348544
2023-08-28,970.5499877929688,940.8335663681548,29.716421424813916
2023-08-29,967.75,940.8749784457262,26.875021554273758
2023-08-30,958.9000244140624,930.6245210087586,28.275503405303766
2023-08-31,958.75,933.687080879818,25.06291912018196
2023-09-01,968.7000122070312,948.0461621334132,20.65385007361806
2023-09-04,967.3499755859376,944.4431125274737,22.906863058463955
2023-09-05,968.4000244140624,944.7295172637548,23.67050715030757
2023-09-06,957.5,928.4644472937025,29.035552706297494
2023-09-07,965.6500244140624,940.0309751835498,25.619049230512587
2023-09-08,970.5499877929688,941.704544719987,28.845443072981766
2023-09-11,978.25,949.0201306327128,29.229869367287165
2023-09-12,990.5,955.0257579116663,35.474242088333654
2023-09-13,989.7999877929688,961.6872578626901,28.112729930278647
2023-09-14,987.7000122070312,962.4644935585511,25.235518648480138
2023-09-15,992.4500122070312,965.1860824156563,27.26392979137495
2023-09-18,990.2000122070312,963.2926900194341,26.907322187597174
2023-09-20,987.1500244140624,965.7135067405512,21.43651767351116
2023-09-21,959.2999877929688,945.105506936856,14.194480856112705
2023-09-22,950.2999877929688,938.589183375009,11.710804417959707
2023-09-25,956.3499755859376,952.2831704448126,4.0668051411249735
2023-09-26,948.7000122070312,948.8573667659787,-0.1573545589474179
2023-09-27,943.0999755859376,942.9671607978158,0.13281478812177738
2023-09-28,942.5999755859376,946.2007578746972,-3.6007822887595466
2023-09-29,951.9000244140624,955.5259034189374,-3.6258790048750598
2023-10-03,940.2999877929688,954.4272853425616,-14.127297549592868
2023-10-04,930.0499877929688,948.0599357302367,-18.009947937267953
2023-10-05,940.8499755859376,958.3866370851538,-17.536661499216166
2023-10-06,945.2000122070312,954.2908426279723,-9.090830420941074
2023-10-09,938.5999755859376,949.060112792476,-10.460137206538434
2023-10-10,951.2000122070312,958.4801495629963,-7.280137355965053
2023-10-11,953.0999755859376,955.195219008703,-2.0952434227654066
2023-10-12,954.25,962.130181875448,-7.880181875447988
2023-10-13,951.2999877929688,955.3464265736354,-4.046438780666676
2023-10-16,951.4000244140624,957.157275112274,-5.757250698211578
2023-10-17,953.9000244140624,957.8948696764685,-3.994845262406102
2023-10-18,943.75,949.5817218701326,-5.831721870132583
2023-10-19,935.75,949.3510995049814,-13.601099504981448
2023-10-20,932.75,953.3318787399153,-20.581878739915282
2023-10-23,929.9500122070312,948.5555421809554,-18.60552997392415
2023-10-25,916.0999755859376,938.9293632769368,-22.82938769099917
2023-10-26,908.6500244140624,930.1100294083551,-21.460004994292717
2023-10-27,912.75,936.2288413322485,-23.47884133224852
2023-10-30,924.9000244140624,947.9446376476895,-23.04461323362716
2023-10-31,915.3499755859376,939.835991219789,-24.486015633851366
2023-11-01,914.0499877929688,935.7262174670361,-21.676229674067372
2023-11-02,919.9500122070312,934.2707132578087,-14.320701050777416
2023-11-03,933.7999877929688,951.0577586888908,-17.25777089592202
2023-11-06,945.4500122070312,957.9915607199223,-12.54154851289104
2023-11-07,948.0999755859376,957.5643745677626,-9.464398981824957
2023-11-08,935.75,943.9909183235425,-8.240918323542473
2023-11-09,937.3499755859376,945.5381024686558,-8.188126882718166
2023-11-10,938.5999755859376,942.351416471656,-3.7514408857183525
2023-11-13,934.4500122070312,940.4484130824239,-5.99840087539269
2023-11-15,941.0999755859376,950.4716402681202,-9.37166468218254
2023-11-16,936.0,945.3066427691992,-9.306642769199243
2023-11-17,921.8499755859376,929.4688133363702,-7.61883775043259
2023-11-20,921.4500122070312,929.4585965942947,-8.008584387263454
2023-11-21,926.0999755859376,933.9362862809053,-7.836310694967665
2023-11-22,922.75,927.3368096831782,-4.586809683178217
2023-11-23,923.0,929.2332858187301,-6.23328581873011
2023-11-24,929.4000244140624,936.7760516246926,-7.376027210630241
2023-11-28,925.5,941.1550786450908,-15.655078645090839
2023-11-29,939.5999755859376,956.916541779816,-17.31656619387843
2023-11-30,934.9500122070312,952.1893218890204,-17.239309681989198
2023-12-01,946.7000122070312,966.8217216710266,-20.12170946399533
2023-12-04,991.2000122070312,1002.1338768211336,-10.93386461410239
2023-12-05,1013.4500122070312,1013.324647986251,0.12536422078028409
2023-12-06,1003.25,1001.8650984487447,1.384901551255325
2023-12-07,999.0,1002.7996811839851,-3.799681183985058
2023-12-08,1010.8499755859376,1007.0607048732816,3.789270712656048
2023-12-11,1017.0999755859376,1009.5340395993348,7.565935986602767
2023-12-12,1015.7000122070312,1010.430284609987,5.269727597044266
2023-12-13,1013.9000244140624,1015.0353880270147,-1.1353636129523466
2023-12-14,1033.6500244140625,1031.834216858069,1.8158075559933877
2023-12-15,1037.4000244140625,1041.0240260313908,-3.624001617328304
2023-12-18,1021.4500122070312,1028.243481483878,-6.793469276846736
2023-12-19,1015.4500122070312,1021.0395079057959,-5.589495698764608
2023-12-20,1006.6500244140624,1024.9500577837928,-18.300033369730386
2023-12-21,1004.4000244140624,1028.0090146606703,-23.60899024660796
2023-12-22,994.2999877929688,1021.4744307109656,-27.174442917996885
2023-12-26,995.0999755859376,1022.7529002126215,-27.652924626683898
2023-12-27,1002.25,1029.486835638371,-27.236835638371076
2023-12-28,1005.9000244140624,1036.6060982435386,-30.706073829476168
2023-12-29,996.5999755859376,1034.178440357041,-37.57846477110331
2024-01-01,999.4000244140624,1094.0077800815247,-94.60775566746236
2024-01-02,982.25,1081.9571581133605,-99.70715811336049
2024-01-03,984.0499877929688,1087.7192407567527,-103.66925296378395
2024-01-04,987.1500244140624,1093.2191008551963,-106.06907644113392
2024-01-05,993.7000122070312,1099.4393570056052,-105.73934479857394
2024-01-08,982.0,1094.7030382668659,-112.70303826686586
2024-01-09,979.75,1090.9963121184885,-111.2463121184885
2024-01-10,993.0499877929688,1102.9137185142545,-109.86373072128572
2024-01-11,991.1500244140624,1105.3733981635528,-114.2233737494904
2024-01-12,1003.5,1119.36146061098,-115.86146061097998
2024-01-15,1009.8499755859376,1128.8937932787003,-119.04381769276267
2024-01-16,1009.0499877929688,1131.316113220668,-122.26612542769931
2024-01-17,981.75,1101.1633433997313,-119.41334339973127
2024-01-18,986.3499755859376,1104.1265148728812,-117.7765392869436
2024-01-19,999.2000122070312,1108.6491186064973,-109.44910639946602
2024-01-23,1029.050048828125,1121.652561790298,-92.60251296217302
2024-01-24,999.2000122070312,1105.5942795348521,-106.3942673278209
2024-01-25,1009.9500122070312,1111.0545561971276,-101.10454399009632
2024-01-29,1016.4000244140624,1115.681984879874,-99.28196046581172
2024-01-30,1016.9000244140624,1111.3349785849714,-94.43495417090901
2024-01-31,1028.1500244140625,1122.9384659159937,-94.78844150193117
2024-02-01,1025.1500244140625,1115.9039602239677,-90.75393580990522
2024-02-02,1024.0,1113.9283980519535,-89.92839805195354
2024-02-05,1023.5,1112.0034340505244,-88.50343405052445
2024-02-06,1026.4000244140625,1113.5906982189356,-87.19067380487309
2024-02-07,1022.1500244140624,1111.4430447119612,-89.2930202978988
2024-02-08,989.2999877929688,1086.5690697069067,-97.26908191393795
2024-02-09,1010.7000122070312,1098.4657643516562,-87.76575214462491
2024-02-12,996.0999755859376,1088.1092022122402,-92.00922662630262
2024-02-13,1019.7999877929688,1097.6581507441774,-77.85816295120867
2024-02-14,1022.7000122070312,1102.6636828446185,-79.96367063758726
2024-02-15,1016.6500244140624,1102.68959354475,-86.03956913068771
2024-02-16,1023.25,1105.8728252503734,-82.62282525037335
2024-02-19,1043.75,1115.5995961876033,-71.84959618760331
2024-02-20,1048.75,1123.5260273695753,-74.77602736957533
2024-02-21,1051.949951171875,1127.1867991973822,-75.23684802550724
2024-02-22,1062.699951171875,1127.4689954771925,-64.7690443053175
2024-02-23,1061.300048828125,1122.4178884638322,-61.11783963570724
2024-02-26,1054.199951171875,1117.804745061348,-63.60479388947306
2024-02-27,1060.199951171875,1122.9613819505498,-62.76143077867482
2024-02-28,1046.199951171875,1113.8437624918495,-67.64381131997447
2024-02-29,1052.199951171875,1115.5924480793324,-63.39249690745737
2024-03-01,1086.9000244140625,1140.7090524788664,-53.8090280648039
2024-03-04,1092.3499755859375,1141.8939612324837,-49.54398564654616
2024-03-05,1088.050048828125,1139.0993855988304,-51.049336770705395
2024-03-06,1097.0999755859375,1143.890719657261,-46.79074407132339
2024-03-07,1087.949951171875,1139.7287060445633,-51.778754872688296
2024-03-11,1078.699951171875,1134.6277006679516,-55.92774949607656
2024-03-12,1076.8499755859375,1131.5083646627672,-54.658389076829735
2024-03-13,1083.949951171875,1137.7349599803597,-53.78500880848469
2024-03-14,1083.5999755859375,1135.028810773625,-51.42883518768758
2024-03-15,1080.3499755859375,1129.3960583333683,-49.04608274743077
2024-03-18,1081.199951171875,1129.4314009836016,-48.231449811726634
2024-03-19,1083.949951171875,1131.3302219946381,-47.38027082276312
2024-03-20,1084.5,1134.2698751582811,-49.76987515828114
2024-03-21,1081.800048828125,1131.3446616782694,-49.544612850144404
2024-03-22,1090.300048828125,1135.1640931175452,-44.864044289420235
2024-03-26,1083.699951171875,1126.706965473024,-43.007014301148956
2024-03-27,1083.75,1126.976784010862,-43.22678401086205
2024-03-28,1093.300048828125,1133.9300235889514,-40.62997476082637
2024-04-01,1099.6500244140625,1150.384270376227,-50.73424596216455
2024-04-02,1081.199951171875,1134.61344865882,-53.41349748694506
2024-04-03,1077.199951171875,1131.8608710774802,-54.66091990560517
2024-04-04,1078.8499755859375,1136.869468243722,-58.01949265778444
2024-04-05,1083.4000244140625,1143.1032164890948,-59.70319207503235
2024-04-08,1087.1500244140625,1142.4126092900917,-55.26258487602922
2024-04-09,1107.050048828125,1155.7620594138211,-48.712010585696135
2024-04-10,1109.4000244140625,1154.684849971731,-45.284825557668455
2024-04-12,1104.4000244140625,1152.9348626581423,-48.534838244079765
2024-04-15,1078.3499755859375,1134.3484936747386,-55.99851808880112
2024-04-16,1067.050048828125,1125.0060020569767,-57.95595322885174
2024-04-18,1055.449951171875,1115.7415092089248,-60.291558037049754
2024-04-19,1067.25,1121.4920420362546,-54.24204203625459
2024-04-22,1086.6500244140625,1135.883527034297,-49.2335026202345
2024-04-23,1090.25,1140.7182333713868,-50.46823337138676
2024-04-24,1096.75,1146.3813378816917,-49.63133788169171
2024-04-25,1113.75,1155.4700807095828,-41.72008070958282
2024-04-26,1107.9000244140625,1150.5209321741354,-42.620907760072896
2024-04-29,1160.1500244140625,1174.6429763226033,-14.492951908540817
2024-04-30,1150.4000244140625,1167.9521193281107,-17.55209491404821
2024-05-02,1139.449951171875,1162.0899403591748,-22.63998918729976
2024-05-03,1142.050048828125,1165.4754781945455,-23.42542936642053
2024-05-06,1146.300048828125,1167.931791261887,-21.63174243376193
2024-05-07,1131.9000244140625,1154.07572534259,-22.175700928527476
2024-05-08,1123.0,1147.332329303687,-24.332329303686947
2024-05-09,1115.699951171875,1141.3051899865654,-25.605238814690438
2024-05-10,1117.050048828125,1140.7748167445843,-23.724767916459314
2024-05-13,1128.0,1146.3637939745413,-18.363793974541295
2024-05-14,1120.550048828125,1141.2274004598244,-20.677351631699366
2024-05-15,1124.3499755859375,1144.2637933034066,-19.9138177174691
2024-05-16,1131.050048828125,1145.1719035829783,-14.121854754853302
2024-05-17,1130.5,1145.373110319153,-14.873110319153056
2024-05-21,1120.949951171875,1139.2554848294765,-18.305533657601472
2024-05-22,1111.0999755859375,1128.3737808135954,-17.27380522765793
2024-05-23,1134.5,1145.9821221772063,-11.482122177206293
2024-05-24,1131.949951171875,1144.5003737854977,-12.550422613622686
2024-05-27,1129.800048828125,1145.5228886717755,-15.72283984365049
2024-05-28,1126.949951171875,1146.2391926258342,-19.28924145395922
2024-05-29,1102.0,1135.3975654398173,-33.3975654398173
2024-05-30,1113.699951171875,1146.163051914374,-32.46310074249891
2024-05-31,1121.050048828125,1151.5432333487302,-30.493184520605155
2024-06-03,1160.0,1182.9951096275877,-22.99510962758768
2024-06-04,1071.449951171875,1110.914142119987,-39.46419094811199
2024-06-05,1108.6500244140625,1147.118411654073,-38.46838724001054
2024-06-06,1110.4000244140625,1156.128472337213,-45.7284479231505
2024-06-07,1121.699951171875,1171.107679568212,-49.407728396337006
2024-06-10,1123.800048828125,1172.6756619172647,-48.87561308913973
2024-06-11,1118.199951171875,1169.9263340207744,-51.72638284889945
2024-06-12,1119.550048828125,1172.3049267195104,-52.75487789138538
2024-06-13,1107.3499755859375,1169.90736927343,-62.55739368749255
2024-06-14,1105.6500244140625,1169.4474454517504,-63.797421037687855
2024-06-18,1122.8499755859375,1179.8494849505441,-56.99950936460664
2024-06-19,1144.449951171875,1195.1031152686774,-50.65316409680236
2024-06-20,1156.800048828125,1203.3604427857613,-46.56039395763628
2024-06-21,1158.6500244140625,1203.0808952698803,-44.43087085581783
2024-06-24,1170.0999755859375,1206.262244922932,-36.16226933699454
2024-06-25,1197.949951171875,1221.3754419838529,-23.425490811977852
2024-06-26,1218.0,1230.4195332336158,-12.419533233615766
2024-06-27,1219.9000244140625,1233.197180018622,-13.29715560455952
2024-06-28,1199.5999755859375,1223.3793608897995,-23.779385303862
2024-07-01,1211.8499755859375,1232.3306816176098,-20.480706031672298
2024-07-02,1190.5999755859375,1218.9045266438802,-28.304551057942717
2024-07-03,1201.5999755859375,1230.9688042937275,-29.368828707790044
2024-07-04,1233.0,1239.5544303906122,-6.554430390612197
2024-07-05,1233.4000244140625,1238.9565171051022,-5.5564926910396935
2024-07-08,1235.050048828125,1237.0062927546915,-1.956243926566458
2024-07-09,1248.25,1243.4271480740556,4.822851925944406
2024-07-10,1243.199951171875,1239.7061806603933,3.493770511481671
2024-07-11,1238.449951171875,1240.7028908117072,-2.2529396398322206
2024-07-12,1232.9000244140625,1239.9352710664903,-7.035246652427759
2024-07-15,1229.949951171875,1243.8480448940272,-13.898093722152225
2024-07-16,1239.9000244140625,1245.5825918884311,-5.682567474368625
2024-07-18,1250.300048828125,1254.2691830595961,-3.9691342314711164
2024-07-19,1248.6500244140625,1257.9443064085838,-9.29428199452127
2024-07-22,1241.1500244140625,1253.0919459826755,-11.941921568612997
2024-07-23,1226.75,1243.4930897879212,-16.743089787921235
2024-07-24,1223.0,1245.7186754798304,-22.71867547983038
2024-07-25,1197.9000244140625,1228.9615706811517,-31.06154626708917
2024-07-26,1207.199951171875,1239.438467140471,-32.23851596859595
2024-07-29,1212.699951171875,1241.2943418732616,-28.5943907013866
2024-07-30,1209.449951171875,1239.2775129965094,-29.82756182463436
2024-07-31,1214.9000244140625,1243.1086874243574,-28.208663010294913
2024-08-01,1210.0999755859375,1239.1913137506338,-29.091338164696253
2024-08-02,1196.550048828125,1243.7760923373055,-47.2260435091805
2024-08-05,1172.5999755859375,1226.182190573848,-53.58221498791045
2024-08-06,1166.8499755859375,1222.2044288965212,-55.35445331058372
2024-08-07,1172.449951171875,1229.483043025929,-57.033091854053964
2024-08-08,1164.5999755859375,1224.774962752052,-60.17498716611453
2024-08-09,1171.5999755859375,1229.0053045885643,-57.405329002626786
2024-08-12,1172.800048828125,1231.6487443211054,-58.84869549298037
2024-08-13,1168.3499755859375,1225.3239684338605,-56.973992847923
2024-08-14,1161.6500244140625,1219.4618988354955,-57.811874421433004
2024-08-16,1187.25,1237.708454846892,-50.45845484689198
2024-08-19,1175.9000244140625,1229.3241282047104,-53.424103790647905
2024-08-20,1179.449951171875,1235.1747705680632,-55.724819396188195
2024-08-21,1174.8499755859375,1234.7078738292116,-59.85789824327412
2024-08-22,1191.0999755859375,1246.7262977690125,-55.62632218307499
2024-08-23,1203.5,1254.8082405181483,-51.308240518148295
2024-08-26,1213.300048828125,1261.6262214850558,-48.326172656930794
2024-08-27,1226.3499755859375,1270.3953221170368,-44.04534653109931
2024-08-28,1223.8499755859375,1268.4061085864769,-44.556133000539376
2024-08-29,1221.9000244140625,1270.5452250287838,-48.64520061472126
2024-08-30,1229.199951171875,1275.6005953508798,-46.40064417900476
2024-09-02,1229.949951171875,1276.8834688026702,-46.93351763079522
2024-09-03,1247.699951171875,1284.4548464191955,-36.75489524732052
2024-09-04,1236.3499755859375,1278.4239705510336,-42.07399496509606
2024-09-05,1235.949951171875,1278.87652702367,-42.92657585179495
2024-09-06,1208.1500244140625,1265.9463997155399,-57.79637530147738
2024-09-09,1235.0,1279.8215323717804,-44.82153237178045
2024-09-10,1237.300048828125,1281.9388602193033,-44.63881139117825
2024-09-11,1236.3499755859375,1281.0908984756936,-44.74092288975612
2024-09-12,1252.1500244140625,1292.5782907523667,-40.428266338304184
2024-09-13,1250.3499755859375,1294.824973963694,-44.47499837775649
2024-09-16,1262.8499755859375,1300.0771520427943,-37.227176456856796
2024-09-17,1268.0999755859375,1301.9555036035763,-33.85552801763879
2024-09-18,1288.3499755859375,1315.0734771959028,-26.723501609965297
2024-09-19,1292.0,1321.0081708345629,-29.00817083456286
2024-09-20,1338.449951171875,1338.3952279709913,0.054723200883699974
2024-09-23,1321.9000244140625,1331.5060991961734,-9.606074782110909
2024-09-24,1318.5999755859375,1330.083985320931,-11.484009734993606
2024-09-25,1323.8499755859375,1333.90064896344,-10.050673377502562
2024-09-26,1329.050048828125,1336.0133736545442,-6.963324826419239
2024-09-27,1306.5999755859375,1321.7972684323095,-15.197292846371965
2024-09-30,1273.0,1307.0734872875028,-34.07348728750276
2024-10-01,1274.4000244140625,1310.5984948033597,-36.1984703892972
2024-10-03,1256.3499755859375,1298.4410715814006,-42.09109599546309
2024-10-04,1239.75,1282.5477123470425,-42.797712347042534
2024-10-07,1233.9000244140625,1270.2850244644642,-36.385000050401686
2024-10-08,1236.5999755859375,1276.2815307905546,-39.6815552046171
2024-10-09,1244.1500244140625,1280.6966739651796,-36.54664955111707
2024-10-10,1243.5,1285.7936955553996,-42.29369555539961
2024-10-11,1223.0,1277.2114705388203,-54.21147053882032
2024-10-14,1231.75,1286.0816367260843,-54.3316367260843
2024-10-15,1255.5,1295.499562753484,-39.99956275348404
2024-10-16,1243.1500244140625,1289.091905058512,-45.94188064444961
2024-10-17,1231.25,1282.2496231857872,-50.999623185787186
2024-10-18,1264.5,1300.5394671549006,-36.03946715490065
2024-10-21,1259.050048828125,1298.4070666315085,-39.35701780338354
2024-10-22,1267.5,1294.2255706323344,-26.72557063233444
2024-10-23,1251.5999755859375,1285.3373743321904,-33.73739874625289
2024-10-24,1252.75,1286.6089854681995,-33.858985468199535
2024-10-25,1255.449951171875,1280.546861125207,-25.096909953331988
2024-10-28,1292.8499755859375,1293.4123285777903,-0.5623529918527765
2024-10-29,1331.8499755859375,1309.9451463764776,21.904829209459876
2024-10-30,1312.1500244140625,1293.8410840378328,18.308940376229657
2024-10-31,1292.25,1280.4943961409463,11.755603859053736
2024-11-01,1291.800048828125,1278.6786927737294,13.12135605439562
2024-11-04,1277.199951171875,1265.3270872722173,11.87286389965766
2024-11-05,1296.699951171875,1273.3154736277631,23.38447754411186
2024-11-06,1302.3499755859375,1279.0806519676835,23.26932361825402
2024-11-07,1278.699951171875,1264.7046104519545,13.995340719920478
2024-11-08,1258.8499755859375,1251.156017259078,7.6939583268595015
2024-11-11,1269.300048828125,1256.678961601014,12.621087227111047
2024-11-12,1270.5999755859375,1251.2091099162208,19.39086566971673
2024-11-13,1253.699951171875,1238.260134648151,15.439816523723948
2024-11-14,1256.949951171875,1235.0650814272735,21.884869744601474
2024-11-18,1253.449951171875,1235.8441462966316,17.605804875243393
2024-11-19,1249.0999755859375,1234.5799501525673,14.520025433370165
2024-11-21,1250.550048828125,1231.1749358999828,19.375112928142244
2024-11-22,1278.050048828125,1242.1957669139997,35.854281914125295
2024-11-25,1300.949951171875,1256.4228177225655,44.52713344930953
2024-11-26,1304.949951171875,1260.2293865601555,44.72056461171951
2024-11-27,1300.699951171875,1260.9132885677218,39.78666260415321
2024-11-28,1286.3499755859375,1250.579426591909,35.77054899402856
2024-11-29,1300.0999755859375,1259.2652708543196,40.834704731617876
2024-12-02,1304.6500244140625,1263.5199326814231,41.13009173263936
2024-12-03,1308.4000244140625,1272.3180428159017,36.08198159816084
2024-12-04,1316.050048828125,1279.1104930958231,36.93955573230187
2024-12-05,1336.5,1288.5928272638507,47.90717273614928
2024-12-06,1328.75,1282.4290383800674,46.32096161993263
2024-12-09,1322.300048828125,1280.0439330849636,42.256115743161445
2024-12-10,1330.449951171875,1285.711139781355,44.73881139051991
2024-12-11,1327.5,1284.2787366815003,43.22126331849972
2024-12-12,1329.25,1285.7544040334524,43.495595966547626
2024-12-13,1344.9000244140625,1295.4407584202531,49.45926599380937
2024-12-16,1346.0999755859375,1295.8291230728641,50.27085251307335
2024-12-17,1333.75,1282.8853036929659,50.86469630703414
2024-12-18,1314.1500244140625,1264.3660426222204,49.78398179184205
2024-12-19,1286.9000244140625,1249.0202485927311,37.87977582133135
2024-12-20,1288.4000244140625,1239.8963714479542,48.50365296610835
2024-12-23,1296.800048828125,1249.1735571408585,47.62649168726648
2024-12-24,1297.25,1247.9409275848059,49.30907241519412
2024-12-26,1297.3499755859375,1246.4364637151034,50.9135118708341
2024-12-27,1307.550048828125,1254.314638269741,53.23541055838405
2024-12-30,1294.6500244140625,1244.9340017179659,49.716022696096616
2024-12-31,1281.6500244140625,1240.9724280580376,40.67759635602488
2025-01-01,1283.6500244140625,1255.817046347367,27.832978066695432
2025-01-02,1290.5999755859375,1262.428482871318,28.17149271461949
2025-01-03,1265.050048828125,1245.5685444528813,19.48150437524373
2025-01-06,1264.0999755859375,1238.0169981538988,26.08297743203866
2025-01-07,1279.25,1253.0400805097047,26.209919490295306
2025-01-08,1263.75,1243.523230119893,20.226769880106986
2025-01-09,1262.4000244140625,1239.6953333052293,22.70469110883323
2025-01-10,1249.8499755859375,1222.9791997574398,26.8707758284977
2025-01-13,1229.75,1203.8278327526214,25.92216724737864
2025-01-14,1240.300048828125,1216.7292984919852,23.57075033613978
2025-01-15,1238.25,1217.8906027942826,20.359397205717414
2025-01-16,1249.0999755859375,1230.0789396277705,19.021035958166976
2025-01-17,1225.449951171875,1212.1486387095579,13.301312462317128
2025-01-20,1232.949951171875,1221.6792193071324,11.27073186474263
2025-01-21,1196.1500244140625,1201.7082725915584,-5.558248177495898
2025-01-22,1200.449951171875,1204.830993390337,-4.381042218461971
2025-01-23,1201.75,1207.3769413180314,-5.626941318031413
2025-01-24,1209.199951171875,1211.1046239313312,-1.9046727594561617
2025-01-27,1227.949951171875,1218.454248701676,9.495702470198921
2025-01-28,1246.9000244140625,1231.7262321725996,15.173792241462934
2025-01-29,1251.6500244140625,1233.4241093007336,18.225915113328938
2025-01-30,1255.5999755859375,1236.6813841835365,18.918591402401034
2025-01-31,1252.800048828125,1237.5433953911688,15.256653436956185
2025-02-03,1253.0,1233.6121531365893,19.387846863410687
2025-02-04,1268.199951171875,1249.8679790999868,18.33197207188823
2025-02-05,1267.699951171875,1248.5275038235313,19.172447348343667
2025-02-06,1272.4000244140625,1249.7685249219517,22.631499492110834
2025-02-07,1256.9000244140625,1235.5813204105903,21.31870400347225
2025-02-10,1262.5999755859375,1239.7768206177086,22.82315496822889
2025-02-11,1252.75,1231.1194903007909,21.630509699209142
2025-02-12,1251.800048828125,1228.7873108881777,23.01273793994733
2025-02-13,1248.9000244140625,1224.1541298963612,24.745894517701345
2025-02-14,1260.0999755859375,1230.2302836129106,29.869691973026875
2025-02-17,1251.1500244140625,1223.519428440599,27.630595973463414
2025-02-18,1243.050048828125,1218.206757865927,24.843290962197898
2025-02-19,1261.6500244140625,1234.4304888782397,27.219535535822843
2025-02-20,1249.949951171875,1225.0607250625353,24.88922610933969
2025-02-21,1232.949951171875,1213.9330662750021,19.016884896872853
2025-02-24,1218.3499755859375,1206.0372190321632,12.312756553774307
2025-02-25,1224.1500244140625,1210.760420919356,13.389603494706535
2025-02-27,1222.449951171875,1212.776064482769,9.673886689105984
2025-02-28,1204.0999755859375,1200.1996812120046,3.9002943739328657
2025-03-03,1206.199951171875,1197.6735539894596,8.526397182415394
2025-03-04,1210.4000244140625,1203.744965662475,6.655058751587603
2025-03-05,1215.699951171875,1203.0917172310237,12.608233940851278
2025-03-06,1218.050048828125,1204.2562485562344,13.793800271890632
2025-03-07,1214.550048828125,1201.5119356769383,13.038113151186735
2025-03-10,1214.8499755859375,1201.2695233463037,13.580452239633814
2025-03-11,1245.4000244140625,1221.166178115785,24.233846298277513
2025-03-12,1243.949951171875,1220.5050800368285,23.44487113504647
2025-03-13,1250.050048828125,1225.9979612208458,24.05208760727919
2025-03-17,1269.0,1228.9805017049362,40.01949829506384
2025-03-18,1269.0,1231.0826986517102,37.91730134828981
2025-03-19,1313.0999755859375,1249.6756044888625,63.42437109707498
2025-03-20,1321.699951171875,1255.820950446951,65.87900072492403
2025-03-21,1343.0999755859375,1268.6317104830002,74.46826510293727
2025-03-24,1358.1500244140625,1281.4502033559197,76.69982105814279
2025-03-25,1343.699951171875,1272.9505539331644,70.74939723871057
2025-03-26,1335.9000244140625,1270.3086795447998,65.59134486926268
2025-03-27,1336.6500244140625,1275.5680378456077,61.081986568454795
2025-03-28,1348.3499755859375,1281.479403695525,66.87057189041252
2025-04-01,1318.449951171875,1262.2829330284558,56.16701814341923
2025-04-02,1331.25,1273.689034725423,57.56096527457703
2025-04-03,1329.550048828125,1280.6273969651988,48.92265186292616
2025-04-04,1335.300048828125,1283.1965610612788,52.10348776684623
2025-04-07,1287.550048828125,1247.5263533031475,40.023695524977484
2025-04-08,1299.9000244140625,1262.2729673741362,37.627057039926285
2025-04-09,1300.800048828125,1257.6198128131834,43.180236014941556
2025-04-11,1311.6500244140625,1276.2482886196412,35.401735794421256
2025-04-15,1350.199951171875,1308.64833255297,41.55161861890497
2025-04-16,1356.4000244140625,1321.7842989786734,34.615725435389095
2025-04-17,1406.699951171875,1351.4233203809877,55.27663079088734
2025-04-21,1409.800048828125,1371.10700551754,38.693043310584926
2025-04-22,1416.5,1371.5883189900078,44.91168100999221
2025-04-23,1424.4000244140625,1368.8082650680226,55.59175934603991
2025-04-24,1402.699951171875,1355.4511229031575,47.24882826871749
2025-04-25,1404.800048828125,1350.5873537311122,54.212695097012784
2025-04-28,1428.800048828125,1366.511588494517,62.2884603336081
2025-04-29,1429.800048828125,1371.545012943226,58.255035884898916
2025-04-30,1427.0,1371.2104172568474,55.78958274315255
2025-05-02,1430.0999755859375,1344.879810507453,85.22016507848457
2025-05-05,1429.4000244140625,1347.0298093548604,82.37021505920211
2025-05-06,1431.5999755859375,1345.6106216786798,85.98935390725774
2025-05-07,1435.4000244140625,1345.0360804533154,90.36394396074706
2025-05-08,1435.5,1344.2086636302142,91.29133636978577
2025-05-09,1388.9000244140625,1313.0665285632876,75.83349585077485
2025-05-12,1448.5,1352.8966847429897,95.60331525701031
2025-05-13,1430.5999755859375,1345.0778168292231,85.52215875671436
2025-05-14,1426.199951171875,1343.4605833613755,82.73936781049952
2025-05-15,1450.800048828125,1361.9871523516322,88.81289647649282
2025-05-16,1454.0,1362.052754643828,91.94724535617206
2025-05-19,1449.0,1362.7047527333161,86.29524726668387
2025-05-20,1438.199951171875,1355.5709418600754,82.62900931179956
2025-05-21,1444.699951171875,1363.2698842632676,81.43006690860739
2025-05-22,1442.0999755859375,1360.9487772962802,81.15119828965726
2025-05-23,1449.800048828125,1376.2226837551098,73.57736507301524
2025-05-26,1460.5999755859375,1383.1452000928389,77.45477549309862
2025-05-27,1446.4000244140625,1370.2364050562614,76.16361935780105
2025-05-28,1453.800048828125,1373.7462897410796,80.05375908704536
2025-05-29,1456.5,1378.215249451861,78.28475054813907
2025-05-30,1445.800048828125,1373.4032371574644,72.39681167066055
2025-06-02,1450.5,1379.7732467922583,70.7267532077417
2025-06-03,1437.9000244140625,1369.5624943192943,68.33753009476823
2025-06-04,1431.0,1365.7062048781288,65.2937951218712
2025-06-05,1454.800048828125,1373.6572377509003,81.14281107722468
2025-06-06,1459.699951171875,1385.2121511574244,74.48780001445061
2025-06-09,1434.800048828125,1371.9425481500639,62.857500678061115
2025-06-10,1422.9000244140625,1363.0009214120232,59.89910300203928
2025-06-11,1431.0,1361.6970436907977,69.30295630920227
2025-06-12,1425.199951171875,1358.3626031442304,66.83734802764457
2025-06-13,1416.0999755859375,1352.608536011282,63.49143957465549
2025-06-16,1426.9000244140625,1362.9881115725736,63.911912841488856
2025-06-17,1423.199951171875,1360.0197938905403,63.18015728133469
2025-06-18,1412.5999755859375,1355.349501624257,57.25047396168043
2025-06-19,1411.300048828125,1350.5970881667681,60.70296066135688
2025-06-20,1427.0999755859375,1365.160834502331,61.9391410836065
2025-06-23,1420.0999755859375,1361.8841182576073,58.21585732833023
2025-06-24,1424.0999755859375,1367.808162412641,56.29181317329653
2025-06-25,1425.800048828125,1370.595283788511,55.2047650396139
2025-06-26,1439.0999755859375,1384.5090977780224,54.59087780791515
2025-06-27,1462.199951171875,1398.3052260598072,63.89472511206782
2025-06-30,1445.800048828125,1387.9671471356537,57.832901692471296
2025-07-01,1432.0,1371.7266366878082,60.273363312191805
2025-07-02,1427.800048828125,1371.1959910970163,56.604057731108696
2025-07-03,1425.9000244140625,1369.0596522222397,56.84037219182278
2025-07-04,1442.800048828125,1381.0682389143385,61.73180991378649
2025-07-07,1435.699951171875,1378.3430584586727,57.35689271320234
2025-07-08,1442.0,1383.4991263721868,58.500873627813235
2025-07-09,1431.9000244140625,1377.110508196753,54.78951621730948
2025-07-10,1424.0999755859375,1373.539626558872,50.56034902706551
2025-07-11,1421.9000244140625,1374.7289452042696,47.17107920979288
2025-07-14,1423.0,1376.2310207957125,46.76897920428746
2025-07-15,1430.800048828125,1382.1806403838452,48.61940844427977
2025-07-16,1426.4000244140625,1383.4661042831594,42.93392013090306
2025-07-17,1418.699951171875,1378.100829644261,40.59912152761399
2025-07-18,1425.800048828125,1385.0092040531706,40.790844774954394
2025-07-21,1465.800048828125,1405.121115333681,60.67893349444398
2025-07-22,1473.5999755859375,1406.859005585794,66.74097000014353
2025-07-23,1488.5999755859375,1411.6692423780514,76.93073320788608
2025-07-24,1483.4000244140625,1407.178531596905,76.22149281715747
2025-07-25,1477.0999755859375,1400.7027535304492,76.39722205548833
2025-07-28,1488.4000244140625,1402.5557248199384,85.8442995941241
2025-07-29,1486.199951171875,1397.8064643025382,88.39348686933681
2025-07-30,1482.4000244140625,1391.550283070253,90.84974134380946
2025-07-31,1481.4000244140625,1388.5700375960846,92.8299868179779
2025-08-01,1471.5999755859375,1384.044545710854,87.55542987508352
2025-08-04,1463.199951171875,1376.6309536905974,86.56899748127762
2025-08-05,1444.4000244140625,1361.4760388645577,82.92398554950478
2025-08-06,1443.5999755859375,1363.095616410089,80.50435917584855
2025-08-07,1440.300048828125,1360.5708146016373,79.72923422648773
2025-08-08,1435.9000244140625,1355.9184241471844,79.9816002668781
2025-08-11,1436.5999755859375,1349.5695941384988,87.03038144743869
2025-08-12,1422.0,1337.0111046820089,84.98889531799114
2025-08-13,1420.800048828125,1334.0828585522609,86.71719027586414
2025-08-14,1427.300048828125,1342.9800501785971,84.31999864952786
2025-08-18,1434.5999755859375,1345.909877776964,88.6900978089734
2025-08-19,1436.300048828125,1345.862578567861,90.43747026026404
2025-08-20,1430.5999755859375,1342.8605646741269,87.73941091181064
2025-08-21,1446.0,1354.8782171698667,91.12178283013327
2025-08-22,1436.4000244140625,1351.9391415359128,84.46088287814973
2025-08-25,1433.199951171875,1347.2876795918467,85.91227158002835
2025-08-26,1416.5999755859375,1336.5584240451963,80.04155154074124
2025-08-28,1399.0999755859375,1324.170434147837,74.92954143810039
2025-08-29,1397.800048828125,1324.4412891820748,73.3587596460502
2025-09-01,1411.0,1331.5961648532489,79.40383514675113
2025-09-02,1394.199951171875,1322.237165060134,71.96278611174102
2025-09-03,1397.0,1323.3267889962863,73.67321100371373
2025-09-04,1405.5,1328.3929143495093,77.10708565049072
2025-09-05,1402.800048828125,1324.9658858056425,77.83416302248247
2025-09-08,1402.699951171875,1318.0172404262203,84.68271074565473
2025-09-09,1403.699951171875,1318.5838168939988,85.1161342778762
2025-09-10,1403.9000244140625,1317.1848983941804,86.71512601988206
2025-09-11,1401.5999755859375,1311.6622730125446,89.93770257339293
2025-09-12,1417.699951171875,1331.2375838263526,86.46236734552235
2025-09-15,1419.4000244140625,1332.3064489177164,87.09357549634615
2025-09-16,1421.5999755859375,1335.3886715387798,86.21130404715768
2025-09-17,1419.199951171875,1337.1747638464744,82.02518732540057
2025-09-18,1421.699951171875,1344.0669985256673,77.63295264620774
2025-09-19,1402.199951171875,1334.881149613535,67.31880155834006
2025-09-22,1401.5,1334.1544479115346,67.34555208846541
2025-09-23,1394.300048828125,1334.3179076090282,59.982141219096775
2025-09-24,1382.699951171875,1328.483233022624,54.21671814925094
2025-09-25,1375.800048828125,1322.7589482718315,53.041100556293486
2025-09-26,1359.5999755859375,1315.7480029767237,43.85197260921382
2025-09-29,1348.0999755859375,1308.204748939728,39.895226646209494
2025-09-30,1348.0,1311.4727850989416,36.527214901058414
2025-10-01,1372.0,1344.9183720560245,27.08162794397549
2025-10-03,1365.199951171875,1341.1933887195435,24.006562452331536
2025-10-06,1363.4000244140625,1341.6536969459407,21.746327468121763
2025-10-07,1375.9000244140625,1352.6292963374453,23.27072807661716
2025-10-08,1370.300048828125,1348.4017614068175,21.898287421307487
2025-10-09,1376.199951171875,1351.5538569851524,24.64609418672262
2025-10-10,1380.300048828125,1355.4802265850053,24.819822243119688
2025-10-13,1379.4000244140625,1355.3095416566136,24.090482757448854
2025-10-14,1384.0999755859375,1363.0579049685416,21.042070617395893
2025-10-15,1398.4000244140625,1373.9905045575824,24.409519856480074
2025-10-16,1417.300048828125,1387.9970698422899,29.302978985835125
2025-10-17,1436.5999755859375,1398.8290200699357,37.77095551600178
2025-10-20,1390.300048828125,1374.0634670989728,16.23658172915225
2025-10-21,1382.0,1369.4381253773822,12.561874622617779
2025-10-23,1363.699951171875,1361.1697874299998,2.5301637418751852
2025-10-24,1377.699951171875,1369.6332266437112,8.066724528163832
2025-10-27,1377.5999755859375,1369.6170381856675,7.982937400269975
2025-10-28,1363.0999755859375,1362.751840672674,0.3481349132634932
2025-10-29,1370.4000244140625,1368.8252061660514,1.57481824801107
2025-10-30,1362.4000244140625,1369.514526415036,-7.114502000973516
2025-10-31,1345.300048828125,1366.5619553743115,-21.261906546186538
2025-11-03,1346.4000244140625,1369.9550600759549,-23.55503566189236
2025-11-04,1336.9000244140625,1368.5601966991126,-31.660172285050066
2025-11-06,1320.4000244140625,1364.7156116027609,-44.31558718869837
2025-11-07,1343.0,1381.692238406376,-38.692238406375964
2025-11-10,1348.0,1381.4095234847177,-33.40952348471774
2025-11-11,1358.300048828125,1386.196831698858,-27.896782870732977
2025-11-12,1358.9000244140625,1384.3497767314757,-25.449752317413186
2025-11-13,1385.9000244140625,1399.9738796996069,-14.073855285544369
2025-11-14,1373.0,1395.0880714741252,-22.088071474125172
2025-11-17,1379.0,1397.3088250860746,-18.30882508607465
2025-11-18,1373.4000244140625,1399.901887961772,-26.50186354770949
2025-11-19,1383.0999755859375,1405.6826339916554,-22.582658405717893
2025-11-20,1383.0,1407.3679774596326,-24.367977459632584
2025-11-21,1369.5,1402.5097587585879,-33.00975875858785
2025-11-24,1368.4000244140625,1402.8734147536438,-34.47339033958133
2025-11-25,1357.800048828125,1403.291760471874,-45.49171164374911
2025-11-26,1375.0,1413.4476461882443,-38.447646188244335
2025-11-27,1392.199951171875,1421.689517657685,-29.489566485809974
2025-11-28,1388.800048828125,1416.6876555533768,-27.88760672525177
2025-12-01,1390.0999755859375,1423.7258645857241,-33.62588899978664
2025-12-02,1373.0,1417.304642509685,-44.30464250968498
2025-12-03,1391.5,1427.3028315377533,-35.80283153775326
2025-12-04,1386.699951171875,1422.8390820555603,-36.13913088368531
2025-12-05,1392.5,1429.2442887630248,-36.74428876302477
2025-12-08,1389.5999755859375,1428.555359490134,-38.955383904196424
2025-12-09,1375.199951171875,1416.7947730950732,-41.5948219231982
2025-12-10,1363.5999755859375,1409.7257996974683,-46.12582411153085
2025-12-11,1360.0,1410.169691583627,-50.1696915836269
2025-12-12,1366.0,1413.1736114302064,-47.17361143020639
2025-12-15,1365.199951171875,1413.721665136015,-48.52171396413996
2025-12-16,1366.0,1414.8923254735898,-48.892325473589835
2025-12-17,1352.4000244140625,1408.3036168471876,-55.90359243312514
2025-12-18,1356.800048828125,1410.3137954730137,-53.51374664488867
2025-12-19,1354.0999755859375,1405.9055622121773,-51.8055866262398
2025-12-22,1368.5,1410.6445552916487,-42.14455529164866
2025-12-23,1363.0,1406.4032763584996,-43.403276358499625
2025-12-24,1359.800048828125,1406.1819174190955,-46.3818685909705
2025-12-26,1350.4000244140625,1403.5233672938944,-53.12334287983185
2025-12-29,1343.300048828125,1401.8687704452993,-58.56872161717433
2025-12-30,1342.5,1404.3309635175433,-61.830963517543296
2025-12-31,1342.9000244140625,1404.254138219419,-61.35411380535652
2026-01-01,1338.0,1412.1857262528897,-74.18572625288971
2026-01-02,1355.4000244140625,1428.7492146209738,-73.34919020691132
2026-01-05,1371.5,1440.5516166478196,-69.05161664781963
2026-01-06,1411.199951171875,1462.1536334144432,-50.95368224256822
2026-01-07,1427.699951171875,1465.851627995329,-38.151676823453954
2026-01-08,1435.0,1471.5602469835467,-36.560246983546676
2026-01-09,1404.300048828125,1446.4040965582258,-42.104047730100774
2026-01-12,1413.0999755859375,1448.971226873009,-35.87125128707157
2026-01-13,1437.0,1456.6617035639647,-19.661703563964693
2026-01-14,1418.4000244140625,1444.821061445868,-26.421037031805554
2026-01-16,1410.800048828125,1439.5322069817075,-28.73215815358253
2026-01-19,1380.5999755859375,1425.9818558184743,-45.38188023253679
2026-01-20,1375.800048828125,1426.8767517792028,-51.07670295107778
2026-01-21,1349.0,1413.1544086794001,-64.15440867940015
2026-01-22,1345.5,1409.458703302208,-63.95870330220805
2026-01-23,1343.4000244140625,1402.2285148330452,-58.82849041898271
2026-01-27,1361.4000244140625,1412.643286357913,-51.243261943850484
2026-01-28,1367.699951171875,1416.4075547437099,-48.70760357183485
2026-01-29,1383.5999755859375,1428.301333788042,-44.70135820210453
2026-01-30,1355.0,1420.3275779439498,-65.32757794394979
2026-02-02,1352.800048828125,1399.195741283304,-46.39569245517896
2026-02-03,1389.699951171875,1423.3648667552116,-33.66491558333655
2026-02-04,1408.4000244140625,1433.9265575722634,-25.52653315820089
2026-02-05,1396.5,1429.3829782515722,-32.88297825157224
2026-02-06,1406.0999755859375,1428.6922825593088,-22.59230697337125
2026-02-09,1396.300048828125,1426.802959541968,-30.502910713842994
2026-02-10,1406.5,1434.1021008718021,-27.602100871802122
2026-02-11,1406.0999755859375,1431.2729440190717,-25.1729684331342
2026-02-12,1430.0,1443.3221122563054,-13.322112256305445
2026-02-13,1414.5999755859375,1435.8406150049402,-21.24063941900272
2026-02-16,1411.5999755859375,1439.3133340344232,-27.71335844848568
2026-02-17,1407.5,1437.8680309083356,-30.36803090833564
2026-02-18,1408.199951171875,1440.8240429939328,-32.624091822057835
2026-02-19,1388.800048828125,1426.1833487859021,-37.383299957777126
2026-02-20,1394.5,1431.3618124384725,-36.8618124384725
2026-02-23,1399.4000244140625,1435.1142110664673,-35.714186652404805
2026-02-24,1384.800048828125,1428.8670977839697,-44.06704895584471
2026-02-25,1400.5,1435.139786195712,-34.63978619571208
2026-02-26,1404.9000244140625,1438.455908349129,-33.555883935066504
2026-02-27,1378.9000244140625,1423.309215468384,-44.40919105432158
2026-03-02,1374.0,1417.0422263333535,-43.04222633335348
2026-03-04,1365.4000244140625,1396.7075783069654,-31.307553892902888
2026-03-05,1357.5999755859375,1393.9069908781282,-36.30701529219073
2026-03-06,1313.4000244140625,1367.0166232672777,-53.61659885321524
2026-03-09,1278.4000244140625,1337.1605508778048,-58.76052646374228
2026-03-10,1311.9000244140625,1364.0658068951443,-52.165782481081806
2026-03-11,1294.5999755859375,1343.4826999917816,-48.8827244058441
2026-03-12,1266.5,1325.5527689090004,-59.052768909000406
2026-03-13,1254.800048828125,1306.5642488945152,-51.76420006639023
2026-03-16,1272.9000244140625,1314.9918067689043,-42.091782354841826
2026-03-17,1288.699951171875,1326.5368497575519,-37.83689858567686
2026-03-18,1289.300048828125,1329.730248623586,-40.43019979546102
2026-03-19,1250.0999755859375,1288.6047542524798,-38.50477866654228
2026-03-20,1245.4000244140625,1287.6374967187835,-42.237472304720995
2026-03-23,1222.699951171875,1255.4335024143472,-32.73355124247223
2026-03-24,1251.199951171875,1271.923038641276,-20.72308746940098
2026-03-25,1259.699951171875,1285.254678514667,-25.55472734279192
2026-03-27,1233.800048828125,1259.009518467466,-25.209469639341023
2026-03-30,1205.9000244140625,1225.927663628544,-20.027639214481496
2026-04-01,1212.699951171875,1240.2436871001478,-27.54373592827278
2026-04-02,1215.800048828125,1237.0977124252852,-21.29766359716018
2026-04-06,1231.4000244140625,1253.5987014360276,-22.198677021965068
2026-04-07,1245.5,1265.3346783544866,-19.83467835448664
2026-04-08,1309.199951171875,1335.1829395149693,-25.98298834309435
2026-04-09,1281.300048828125,1315.285986390017,-33.98593756189189
2026-04-10,1321.9000244140625,1339.229128045668,-17.32910363160545
2026-04-13,1351.0999755859375,1336.6860208972541,14.413954688683361
2026-04-15,1348.0999755859375,1348.9786414594912,-0.8786658735537003
2026-04-16,1345.5,1346.0388955389717,-0.5388955389717012
2026-04-17,1346.800048828125,1352.268228243472,-5.468179415347095
2026-04-20,1356.199951171875,1353.5848568373042,2.615094334570813
2026-04-21,1388.4000244140625,1368.5485575324637,19.851466881598753
2026-04-22,1367.5999755859375,1355.6550563028952,11.944919283042282
2026-04-23,1348.0,1337.3550251291508,10.644974870849182
2026-04-24,1326.199951171875,1327.0564442571401,-0.8564930852651287
2026-04-27,1314.0999755859375,1326.6012118190715,-12.501236233134023
2026-04-28,1292.0,1309.0783686736274,-17.078368673627438
2026-04-29,1281.0,1305.7644480178744,-24.76444801787443
2026-04-30,1263.4000244140625,1298.3232561858595,-34.923231771796964
2026-05-04,1270.800048828125,1299.4410271306015,-28.64097830247647
2026-05-05,1251.300048828125,1292.478486554341,-41.17843772621609
2026-05-06,1279.5,1321.25106202448,-41.75106202448001
2026-05-07,1279.0,1321.4620662825268,-42.46206628252685
2026-05-08,1264.800048828125,1308.0709871729473,-43.2709383448223
2026-05-11,1266.4000244140625,1294.563677521162,-28.163653107099435
