Date,Open,High,Low,Close,Volume,RSI_14
2010-01-21,9093.0,9098.099609375,8889.0498046875,8919.2998046875,0,36.72079164372835
2010-01-22,8891.7998046875,8891.7998046875,8659.900390625,8772.650390625,0,29.486751669021928
2010-01-25,8724.7998046875,8751.2001953125,8669.5498046875,8696.599609375,0,26.5641306242225
2010-01-27,8564.599609375,8602.650390625,8294.599609375,8329.7998046875,0,17.536159502295106
2010-01-28,8396.5,8496.099609375,8354.25,8423.849609375,0,24.6109906055691
2010-01-29,8346.5498046875,8687.0,8306.099609375,8651.5498046875,0,38.391968615826144
2010-02-01,8597.4501953125,8712.25,8495.25,8649.25,0,38.31578493270335
2010-02-02,8666.7001953125,8718.650390625,8453.900390625,8468.150390625,0,32.796744653202424
2010-02-03,8489.7998046875,8662.9501953125,8489.7998046875,8631.849609375,0,41.060977452434976
2010-02-04,8591.7998046875,8623.25,8455.5,8471.099609375,0,36.33562771910031
2010-02-05,8319.150390625,8319.150390625,8150.4501953125,8223.25,0,30.506326151665732
2010-02-08,8279.75,8412.2998046875,8160.9501953125,8342.2001953125,0,35.827352584694594
2010-02-09,8322.0,8420.400390625,8271.5498046875,8392.4501953125,0,37.98750761794932
2010-02-10,8410.5498046875,8444.2001953125,8259.400390625,8290.0,0,35.37312133164612
2010-02-11,8327.7001953125,8451.9501953125,8327.7001953125,8381.400390625,0,39.381373125977106
2010-02-15,8441.599609375,8441.599609375,8282.0498046875,8312.7001953125,0,37.498792020262975
2010-02-16,8324.2998046875,8432.150390625,8289.150390625,8397.7998046875,0,41.24556819352416
2010-02-17,8446.5498046875,8569.25,8446.5498046875,8551.5,0,47.38097889140747
2010-02-18,8574.75,8602.0,8523.349609375,8573.900390625,0,48.229478034357484
2010-02-19,8490.25,8530.25,8407.9501953125,8487.099609375,0,45.188657375488795
2010-02-22,8565.2998046875,8598.25,8473.150390625,8493.349609375,0,45.45532584212399
2010-02-23,8491.400390625,8577.900390625,8453.400390625,8512.9501953125,0,46.33708345154365
2010-02-24,8463.4501953125,8527.349609375,8458.4501953125,8504.5498046875,0,45.99391107961286
2010-02-25,8520.599609375,8554.9501953125,8469.650390625,8537.7998046875,0,47.64665256459332
2010-02-26,8535.4501953125,8851.349609375,8527.0498046875,8722.75,0,55.75723890218906
2010-03-02,8826.900390625,8945.599609375,8826.900390625,8922.099609375,0,62.500612861009984
2010-03-03,8922.150390625,9046.900390625,8922.150390625,9039.4501953125,0,65.80473124992474
2010-03-04,9055.9501953125,9068.9501953125,8965.25,9013.7998046875,0,64.46762323105108
2010-03-05,9012.849609375,9095.2998046875,8967.7998046875,9038.4501953125,0,65.19945279903197
2010-03-08,9102.150390625,9178.5498046875,9093.4501953125,9145.9501953125,0,68.2687710912009
2010-03-09,9118.7001953125,9177.0,9073.5,9138.2001953125,0,67.80447807218412
2010-03-10,9136.25,9156.0,9074.0,9119.25,0,66.61154454689077
2010-03-11,9114.650390625,9219.2001953125,9087.349609375,9186.849609375,0,68.7253522340211
2010-03-12,9201.150390625,9230.0,9145.599609375,9172.900390625,0,67.77187781684349
2010-03-15,9118.2001953125,9146.2001953125,9056.150390625,9085.5,0,61.97057215279793
2010-03-16,9071.0,9121.9501953125,8986.75,9102.9501953125,0,62.65787300566527
2010-03-17,9162.4501953125,9221.0498046875,9142.0,9188.400390625,0,65.9071576112388
2010-03-18,9214.099609375,9287.599609375,9172.0498046875,9252.2998046875,0,68.13973530108501
2010-03-19,9293.7001953125,9294.099609375,9231.900390625,9270.7998046875,0,68.77722677463572
2010-03-22,9171.2001953125,9240.849609375,9066.7001953125,9186.9501953125,0,62.657756363918885
2010-03-23,9192.4501953125,9257.900390625,9166.400390625,9222.900390625,0,64.13132186297588
2010-03-25,9191.400390625,9342.0,9165.5,9318.25,0,67.76464362307365
2010-03-26,9331.650390625,9473.2001953125,9321.5,9456.2001953125,0,72.15870400270917
2010-03-29,9452.099609375,9578.5,9452.099609375,9517.599609375,0,73.8662110851303
2010-03-30,9558.9501953125,9587.650390625,9461.25,9470.2998046875,0,70.28981766632951
2010-03-31,9509.849609375,9537.4501953125,9440.349609375,9459.599609375,0,69.47037952115143
2010-04-01,9464.150390625,9523.400390625,9445.5498046875,9507.75,0,71.1029433227335
2010-04-05,9593.5498046875,9708.900390625,9582.0,9698.599609375,0,76.47312669008849
2010-04-06,9732.599609375,9772.400390625,9674.099609375,9728.2001953125,0,77.18142742870486
2010-04-07,9778.5,9793.2001953125,9639.849609375,9681.0498046875,0,73.39118448130208
2010-04-08,9676.7001953125,9676.7001953125,9492.2998046875,9520.0,0,62.162205969746736
2010-04-09,9538.0,9686.25,9538.0,9656.5,0,66.7988767721106
2010-04-12,9661.2001953125,9667.400390625,9547.599609375,9575.4501953125,0,61.944979589723324
2010-04-13,9565.0498046875,9565.349609375,9453.5498046875,9483.0,0,56.86881027765426
2010-04-15,9501.599609375,9575.25,9330.7998046875,9344.599609375,0,50.232469479731115
2010-04-16,9345.5,9410.150390625,9266.150390625,9353.75,0,50.64257351887643
2010-04-19,9273.849609375,9357.0498046875,9206.0,9302.900390625,0,48.26249964635258
2010-04-20,9314.5498046875,9501.849609375,9314.5498046875,9446.099609375,0,54.716804139301615
2010-04-21,9477.099609375,9574.5498046875,9477.099609375,9555.2998046875,0,58.92493922209565
2010-04-22,9534.0498046875,9739.099609375,9500.150390625,9623.25,0,61.332883158652386
2010-04-23,9653.150390625,9824.9501953125,9653.150390625,9813.2998046875,0,67.13587127321905
2010-04-26,9890.7998046875,9920.4501953125,9824.75,9839.150390625,0,67.84280021371188
2010-04-27,9827.0,9827.0,9744.7001953125,9756.4501953125,0,63.1618973089558
2010-04-28,9630.349609375,9723.349609375,9603.5,9634.900390625,0,56.94319055045921
2010-04-29,9652.599609375,9822.0498046875,9652.599609375,9803.7998046875,0,62.47230258788824
2010-04-30,9809.400390625,9923.150390625,9809.400390625,9870.349609375,0,64.41151918831082
2010-05-03,9809.400390625,9863.4501953125,9741.5,9775.5,0,59.67822251284314
2010-05-04,9816.599609375,9837.7001953125,9607.4501953125,9623.7001953125,0,52.969409810781976
2010-05-05,9461.349609375,9609.4501953125,9454.75,9581.849609375,0,51.25856260498835
2010-05-06,9588.849609375,9627.4501953125,9449.75,9582.0,0,51.26465424242682
2010-05-07,9426.650390625,9444.0498046875,9239.7998046875,9276.099609375,0,40.24652119247978
2010-05-10,9419.5,9684.400390625,9402.0498046875,9656.25,0,53.59459596926624
2010-05-11,9683.2001953125,9733.7998046875,9593.5498046875,9626.099609375,0,52.59115839681964
2010-05-12,9640.7998046875,9740.849609375,9587.099609375,9722.2001953125,0,55.45399087059944
2010-05-13,9788.349609375,9849.0498046875,9748.849609375,9773.349609375,0,56.944267477432184
2010-05-14,9738.150390625,9762.150390625,9548.2001953125,9589.0498046875,0,50.40138061293387
2010-05-17,9485.349609375,9551.0498046875,9303.75,9526.5,0,48.37004511035438
2010-05-18,9522.150390625,9572.0498046875,9430.7001953125,9492.25,0,47.24716274618211
2010-05-19,9408.7001953125,9408.7001953125,9075.0,9108.349609375,0,36.90547855689918
2010-05-20,9208.2998046875,9251.9501953125,9108.2001953125,9174.599609375,0,39.37175932067355
2010-05-21,9151.2998046875,9174.900390625,8969.2001953125,9135.7001953125,0,38.42208722151898
2010-05-24,9524.5,9524.5,9044.5498046875,9087.25,0,37.217943339449825
2010-05-25,9023.599609375,9023.599609375,8806.650390625,8851.75,0,31.972791673086178
2010-05-26,8911.400390625,9037.650390625,8911.400390625,9027.599609375,0,38.89747643178329
2010-05-27,9007.2998046875,9292.150390625,8954.349609375,9258.4501953125,0,46.58451083668937
2010-05-28,9285.9501953125,9383.9501953125,9215.599609375,9312.599609375,0,48.22974399575901
2010-05-31,9305.5498046875,9385.2998046875,9257.650390625,9363.7001953125,0,49.80108827188359
2010-06-01,9331.849609375,9334.2998046875,9093.150390625,9119.0498046875,0,43.062150222817415
2010-06-02,9164.0498046875,9220.2001953125,9083.650390625,9192.4501953125,0,45.447249306033555
2010-06-03,9290.349609375,9404.099609375,9288.5,9387.7001953125,0,51.29220456773738
2010-06-04,9402.7998046875,9490.9501953125,9363.2998046875,9455.9501953125,0,53.18057382194141
2010-06-07,9221.7998046875,9328.150390625,9192.7001953125,9292.599609375,0,48.34910065556542
2010-06-08,9291.25,9387.099609375,9143.5,9185.2998046875,0,45.42947488846523
2010-06-09,9195.900390625,9341.2998046875,9182.4501953125,9238.2001953125,0,47.12473360855995
2010-06-10,9233.5498046875,9367.4501953125,9215.349609375,9346.4501953125,0,50.512599461130215
2010-06-11,9428.849609375,9463.0498046875,9386.7001953125,9451.75,0,53.62531177637385
2010-06-14,9496.349609375,9549.900390625,9468.75,9534.099609375,0,55.958374132845
2010-06-15,9524.900390625,9566.2998046875,9422.9501953125,9554.400390625,0,56.538847731099416
2010-06-16,9629.650390625,9629.650390625,9527.400390625,9588.900390625,0,57.562517246364905
2010-06-17,9582.9501953125,9636.7998046875,9446.2998046875,9613.400390625,0,58.31342471532402
2010-06-18,9600.7001953125,9611.5498046875,9544.2998046875,9576.25,0,56.675792422923834
2010-06-21,9626.400390625,9793.150390625,9626.400390625,9758.0498046875,0,62.26115264953053
2010-06-22,9739.0498046875,9762.599609375,9665.2998046875,9675.5,0,58.56887170533144
2010-06-23,9622.75,9744.150390625,9622.099609375,9718.9501953125,0,59.91630026660024
2010-06-24,9706.900390625,9731.5,9617.7001953125,9673.599609375,0,57.80326281368388
2010-06-25,9627.599609375,9627.599609375,9429.7001953125,9451.099609375,0,48.7242405509695
2010-06-28,9456.099609375,9551.900390625,9436.75,9542.2001953125,0,52.04542225595217
2010-06-29,9513.0498046875,9513.0498046875,9348.400390625,9381.400390625,0,46.340025698139726
2010-06-30,9344.0,9486.75,9301.400390625,9464.599609375,0,49.429060063083796
2010-07-01,9403.9501953125,9412.7998046875,9303.0498046875,9349.400390625,0,45.52151532637182
2010-07-02,9363.599609375,9410.2998046875,9330.2998046875,9357.150390625,0,45.83175918296709
2010-07-05,9335.4501953125,9415.849609375,9312.099609375,9385.349609375,0,47.01414224025078
2010-07-06,9388.7001953125,9564.7998046875,9383.25,9550.900390625,0,53.43966419401323
2010-07-07,9534.9501953125,9534.9501953125,9430.5,9449.25,0,49.47254545565742
2010-07-08,9516.7001953125,9615.150390625,9516.7001953125,9566.599609375,0,53.7418489480629
2010-07-09,9616.599609375,9726.5,9616.599609375,9713.7001953125,0,58.47799770310879
2010-07-12,9745.900390625,9864.400390625,9745.900390625,9850.599609375,0,62.34223247892725
2010-07-13,9737.650390625,9940.75,9737.650390625,9931.599609375,0,64.45032177664287
2010-07-14,10009.0,10061.9501953125,9928.400390625,9956.650390625,0,65.10100306397607
2010-07-15,9967.25,9995.75,9885.5498046875,9932.099609375,0,63.86721839223264
2010-07-16,9951.2998046875,10026.25,9941.7001953125,10013.4501953125,0,66.15604479080164
2010-07-19,10001.900390625,10078.400390625,9956.650390625,10032.5,0,66.68818283277025
2010-07-20,10081.75,10106.849609375,9949.0498046875,9976.0,0,63.49918691110652
2010-07-21,10003.5,10037.5,9940.9501953125,9992.150390625,0,64.02870454241497
2010-07-22,9954.900390625,10069.2001953125,9914.849609375,10060.25,0,66.25188002348014
2010-07-23,10088.25,10120.599609375,10034.4501953125,10093.900390625,0,67.32647265983712
2010-07-26,10108.900390625,10152.5,9998.9501953125,10024.0,0,62.84963629318844
2010-07-27,10035.650390625,10128.599609375,9951.5498046875,10090.650390625,0,65.22413061188705
2010-07-28,10093.900390625,10117.0,10024.400390625,10068.150390625,0,63.7429609750536
2010-07-29,10038.599609375,10207.2001953125,10032.0498046875,10179.7001953125,0,67.66361844672193
2010-07-30,10152.5,10243.900390625,10116.7001953125,10161.0,0,66.3679701908202
2010-08-02,10258.349609375,10436.400390625,10255.400390625,10411.5,0,73.64745613631776
2010-08-03,10452.150390625,10542.900390625,10448.150390625,10502.650390625,0,75.70784486708664
2010-08-04,10511.0498046875,10525.849609375,10412.650390625,10489.2998046875,0,74.7855479081502
2010-08-05,10444.599609375,10539.650390625,10441.5,10454.900390625,0,72.34017634216379
2010-08-06,10442.25,10476.7001953125,10364.9501953125,10383.650390625,0,67.42259925634842
2010-08-09,10407.5498046875,10534.0,10393.5,10524.099609375,0,71.5309187292338
2010-08-10,10507.4501953125,10578.849609375,10473.5498046875,10519.9501953125,0,71.2450578984416
2010-08-11,10506.0498046875,10545.5,10391.900390625,10428.650390625,0,65.08208751881648
2010-08-12,10308.150390625,10614.2001953125,10308.150390625,10583.650390625,0,69.85038782933555
2010-08-13,10603.900390625,10782.2001953125,10603.900390625,10737.349609375,0,73.68748142338029
2010-08-16,10732.0498046875,10778.25,10645.4501953125,10680.5498046875,0,70.13512834952712
2010-08-17,10709.150390625,10810.2998046875,10705.650390625,10770.25,0,72.39816504367637
2010-08-18,10790.849609375,10931.650390625,10756.5498046875,10894.0498046875,0,75.19219198677571
2010-08-19,10920.400390625,11126.9501953125,10895.849609375,11110.5,0,79.16355022411278
2010-08-20,11058.5498046875,11105.0,11005.5,11033.75,0,74.60305139118971
2010-08-23,11024.5,11115.5498046875,10971.7001953125,11095.5,0,75.81046976865957
2010-08-24,11082.9501953125,11125.7998046875,10979.5,11043.0,0,72.64813574565008
2010-08-25,10993.0,11029.25,10917.099609375,10937.849609375,0,66.65128360635
2010-08-26,10941.7998046875,11042.150390625,10941.7998046875,10981.7001953125,0,67.84339873908569
2010-08-27,11003.25,11003.25,10681.599609375,10727.4501953125,0,55.46351159723257
2010-08-30,10834.400390625,10873.2998046875,10671.4501953125,10747.25,0,56.13480713477352
2010-08-31,10699.0498046875,10771.0,10653.2998046875,10746.349609375,0,56.093401036970896
2010-09-01,10761.650390625,10895.5498046875,10761.650390625,10879.75,0,60.71668928363407
2010-09-02,10931.400390625,11001.650390625,10931.400390625,10980.599609375,0,63.81846218568341
2010-09-03,10992.150390625,11017.150390625,10938.900390625,10991.2001953125,0,64.13898930103701
2010-09-06,11033.599609375,11261.150390625,11033.599609375,11218.7998046875,0,70.23574851546942
2010-09-07,11236.650390625,11247.150390625,11156.849609375,11192.9501953125,0,68.80499880986345
2010-09-08,11110.349609375,11256.2001953125,11099.2998046875,11190.0498046875,0,68.63605396339865
2010-09-09,11223.650390625,11468.75,11223.650390625,11446.7001953125,0,74.58328151631626
2010-09-13,11489.5,11905.2001953125,11489.5,11872.849609375,0,81.01911683968294
2010-09-14,11902.7998046875,12042.599609375,11893.349609375,11928.349609375,0,81.67008777789334
2010-09-15,11917.4501953125,12022.349609375,11917.4501953125,11987.599609375,0,82.36541692683991
2010-09-16,11960.650390625,12236.849609375,11960.599609375,12032.0498046875,0,82.88980758513202
2010-09-17,12071.7001953125,12175.7998046875,12037.349609375,12104.099609375,0,83.73413470512408
2010-09-20,12109.0498046875,12291.0,12067.400390625,12251.2001953125,0,85.32621271206645
2010-09-21,12288.099609375,12335.099609375,12173.2001953125,12244.9501953125,0,84.9457787573526
2010-09-22,12248.099609375,12340.0,12177.7998046875,12305.7001953125,0,85.61704657261605
2010-09-23,12312.5498046875,12327.7998046875,12111.400390625,12146.2998046875,0,76.03655594326612
2010-09-24,12083.2998046875,12287.9501953125,12068.400390625,12263.5498046875,0,77.98774848765999
2010-09-27,12323.4501953125,12363.349609375,12227.75,12253.2001953125,0,77.38875165768744
2010-09-28,12242.75,12295.849609375,12163.349609375,12272.400390625,0,77.73047563651463
2010-09-29,12324.5,12342.5498046875,12220.900390625,12237.5498046875,0,75.50005236197296
2010-09-30,12210.75,12410.599609375,12178.900390625,12366.349609375,0,78.01127809731477
2010-10-01,12390.900390625,12579.9501953125,12376.25,12556.75,0,81.09597314836235
2010-10-04,12605.4501953125,12738.5,12605.4501953125,12651.2998046875,0,82.41522171605519
2010-10-05,12638.849609375,12679.25,12572.25,12596.5,0,78.97516270108054
2010-10-06,12647.25,12728.9501953125,12588.9501953125,12629.2001953125,0,79.52438903279446
2010-10-07,12638.400390625,12650.25,12512.849609375,12536.599609375,0,73.65655050441597
2010-10-08,12560.900390625,12586.7001953125,12414.7998046875,12473.400390625,0,69.86745629461561
2010-10-11,12514.900390625,12592.0,12457.5498046875,12513.0,0,70.87834637518895
2010-10-12,12517.2001953125,12521.7998046875,12371.400390625,12461.7998046875,0,67.71519711170271
2010-10-13,12494.7001953125,12763.7001953125,12459.2001953125,12745.0,0,74.49525879089381
2010-10-14,12785.9501953125,12827.349609375,12532.400390625,12598.849609375,0,66.70928549456298
2010-10-15,12615.5,12629.4501953125,12324.400390625,12346.4501953125,0,55.852527586829396
2010-10-18,12451.5498046875,12451.5498046875,12149.5498046875,12331.2998046875,0,55.27105162735943
2010-10-19,12415.0,12535.849609375,12212.349609375,12245.650390625,0,51.97660775163584
2010-10-20,12214.75,12302.7001953125,12139.900390625,12176.5,0,49.415642102483275
2010-10-21,12219.0,12458.150390625,12190.5,12435.7998046875,0,57.810162830453955
2010-10-22,12480.2001953125,12486.5498046875,12298.150390625,12384.7998046875,0,55.84710541333516
2010-10-25,12423.349609375,12580.5,12397.400390625,12424.7001953125,0,57.075191554051955
2010-10-26,12427.5498046875,12435.7001953125,12314.650390625,12332.650390625,0,53.38602992686999
2010-10-27,12324.849609375,12331.099609375,12097.849609375,12182.650390625,0,47.94729956268703
2010-10-28,12226.7001953125,12291.150390625,12052.0498046875,12105.2998046875,0,45.37991674844617
2010-10-29,12145.7001953125,12396.7001953125,11955.5498046875,12330.75,0,53.23915600458031
2010-11-01,12485.5,12779.650390625,12485.5,12734.900390625,0,63.40469835427858
2010-11-02,12749.9501953125,12844.5,12685.25,12770.900390625,0,64.15227207904644
2010-11-03,12843.9501953125,12958.099609375,12843.9501953125,12891.7998046875,0,66.61854079029868
2010-11-04,12987.2998046875,13204.5498046875,12952.150390625,13182.900390625,0,71.67209355814728
2010-11-08,13288.0498046875,13301.4501953125,13078.900390625,13105.099609375,0,68.67952352283552
2010-11-09,13023.849609375,13171.099609375,12950.7001953125,13121.349609375,0,68.97094188694581
2010-11-10,13092.900390625,13098.75,12980.849609375,13007.099609375,0,64.43177472885567
2010-11-11,13014.2001953125,13068.5498046875,12782.0,12823.599609375,0,57.8468028669836
2010-11-12,12788.5498046875,12826.650390625,12428.7998046875,12457.2998046875,0,47.4268960761947
2010-11-15,12467.5,12789.4501953125,12445.5498046875,12762.150390625,0,54.734671318446736
2010-11-16,12826.900390625,12826.900390625,12436.5,12524.4501953125,0,49.01374165470387
2010-11-18,12630.900390625,12630.900390625,12050.349609375,12315.150390625,0,44.59392956726205
2010-11-19,12325.75,12325.75,12013.650390625,12062.9501953125,0,39.922354098561186
2010-11-22,12120.7998046875,12414.5498046875,12054.5498046875,12390.099609375,0,47.59192775019023
2010-11-23,12318.7998046875,12318.7998046875,11891.349609375,12206.4501953125,0,44.18209772140017
2010-11-24,12206.0,12292.849609375,11746.75,11842.5498046875,0,38.32293154024698
2010-11-25,11897.900390625,11962.099609375,11608.2998046875,11652.400390625,0,35.66166568757019
2010-11-26,11703.25,11874.5498046875,11362.900390625,11668.849609375,0,36.07522112993828
2010-11-29,11731.349609375,11855.7001953125,11707.849609375,11828.349609375,0,40.09608377378408
2010-11-30,11811.099609375,12031.25,11725.5,11952.599609375,0,43.09865243996642
2010-12-01,11987.7001953125,12345.349609375,11963.849609375,12310.75,0,50.76006606135905
2010-12-02,12411.0,12535.849609375,12389.650390625,12472.599609375,0,53.788167752564505
2010-12-03,12453.25,12464.099609375,12232.7001953125,12349.2001953125,0,51.20274048117677
2010-12-06,12427.9501953125,12429.4501953125,12011.5,12051.2001953125,0,45.5132744753276
2010-12-07,12040.400390625,12040.400390625,11629.5,11695.2998046875,0,39.82212931290817
2010-12-08,11646.0,11646.0,11403.849609375,11460.2001953125,0,36.569127495941586
2010-12-09,11470.650390625,11534.0,11043.9501953125,11116.0498046875,0,32.39710132201358
2010-12-10,11087.75,11482.7001953125,10977.900390625,11447.0,0,39.54036975954495
2010-12-13,11527.349609375,11565.349609375,11270.099609375,11518.099609375,0,40.9831394569385
2010-12-14,11558.400390625,11623.7001953125,11441.400390625,11560.5,0,41.87395871621107
2010-12-15,11478.849609375,11490.349609375,11150.9501953125,11196.2998046875,0,36.743574425479785
2010-12-16,11231.150390625,11484.9501953125,11147.4501953125,11424.150390625,0,41.56703218921343
2010-12-20,11401.0498046875,11404.650390625,11237.2001953125,11267.099609375,0,39.34030899024041
2010-12-21,11294.349609375,11571.0,11294.349609375,11537.25,0,44.81647765695441
2010-12-22,11597.5498046875,11634.650390625,11408.150390625,11467.7001953125,0,43.7221358524843
2010-12-23,11510.5,11541.0498046875,11432.150390625,11469.0498046875,0,43.750838910863536
2010-12-24,11412.650390625,11510.5498046875,11390.099609375,11477.0498046875,0,43.933380372589156
2010-12-27,11491.400390625,11543.900390625,11441.5498046875,11470.9501953125,0,43.81662386248164
2010-12-28,11497.349609375,11497.349609375,11392.900390625,11427.2998046875,0,42.93721437866337
2010-12-29,11448.650390625,11627.099609375,11433.2998046875,11612.900390625,0,47.74004384257183
2010-12-30,11605.0498046875,11662.099609375,11573.7001953125,11629.2998046875,0,48.155267896270125
2010-12-31,11633.650390625,11828.400390625,11631.2001953125,11791.4501953125,0,52.1993641861469
2011-01-03,11882.099609375,11912.150390625,11826.9501953125,11855.75,0,53.740339329915756
2011-01-04,11868.400390625,11872.7998046875,11545.5498046875,11564.0498046875,0,46.428038565153194
2011-01-05,11545.75,11545.75,11265.5498046875,11305.4501953125,0,41.09017509097621
2011-01-06,11350.7001953125,11377.099609375,11164.75,11186.7998046875,0,38.88138308615788
2011-01-07,11146.4501953125,11258.5,11007.900390625,11053.349609375,0,36.5045506713511
2011-01-10,11024.5,11072.7001953125,10671.599609375,10700.650390625,0,31.094403771905036
2011-01-11,10734.2001953125,10951.2001953125,10620.7998046875,10833.5498046875,0,35.00332095677943
2011-01-12,10906.400390625,11161.150390625,10728.4501953125,11128.150390625,0,42.755612718033156
2011-01-13,11125.9501953125,11127.9501953125,10676.5,10716.650390625,0,36.251528178676566
2011-01-14,10746.7998046875,10907.2998046875,10387.900390625,10432.900390625,0,32.5720300698126
2011-01-17,10459.599609375,10571.7998046875,10373.7998046875,10471.099609375,0,33.5498558574058
2011-01-18,10534.2998046875,10677.9501953125,10520.2998046875,10618.5,0,37.32673066233154
2011-01-19,10646.0,10715.0498046875,10562.25,10615.150390625,0,37.27488252514521
2011-01-20,10579.25,10878.7998046875,10493.25,10798.349609375,0,42.018571968959236
2011-01-21,10750.400390625,10923.7001953125,10740.0,10889.400390625,0,44.274241618602055
2011-01-24,10923.75,11177.849609375,10913.4501953125,11151.150390625,0,50.264441140368234
2011-01-25,11183.5498046875,11256.9501953125,10849.400390625,10872.9501953125,0,44.75754392389039
2011-01-27,10946.400390625,10970.849609375,10639.849609375,10676.150390625,0,41.30968189192604
2011-01-28,10690.0498046875,10736.400390625,10481.099609375,10578.25,0,39.672425007525696
2011-01-31,10444.349609375,10696.2998046875,10400.25,10641.849609375,0,41.30006116949122
2011-02-01,10683.4501953125,10683.4501953125,10457.7998046875,10481.2001953125,0,38.47620196841657
2011-02-02,10599.0,10614.9501953125,10418.2001953125,10470.150390625,0,38.282314087022755
2011-02-03,10460.9501953125,10704.2998046875,10429.5,10670.599609375,0,43.813577018237844
2011-02-04,10632.900390625,10772.4501953125,10385.900390625,10433.849609375,0,39.3301456386936
2011-02-07,10457.7998046875,10509.7998046875,10354.599609375,10384.0498046875,0,38.439105187616775
2011-02-08,10431.0498046875,10431.0498046875,10119.4501953125,10147.75,0,34.45077365956324
2011-02-09,10131.349609375,10294.7998046875,10038.150390625,10116.650390625,0,33.951483515992166
2011-02-10,10106.25,10227.75,10017.849609375,10074.099609375,0,33.24162219919117
2011-02-11,10061.400390625,10473.4501953125,10061.400390625,10447.75,0,44.26225929038489
2011-02-14,10477.849609375,10815.7001953125,10477.849609375,10802.5498046875,0,52.312487790709945
2011-02-15,10821.5,11035.150390625,10722.7001953125,10959.7001953125,0,55.38607841375925
2011-02-16,10929.25,11024.25,10908.650390625,10960.7001953125,0,55.40577491991466
2011-02-17,10996.25,11190.2001953125,10918.099609375,11134.7001953125,0,58.81308741692024
2011-02-18,11153.7998046875,11300.4501953125,10915.349609375,10949.7001953125,0,54.08167663531796
2011-02-21,10935.2998046875,11070.349609375,10806.2998046875,11050.099609375,0,56.14369644923637
2011-02-22,10957.5,10957.5,10777.650390625,10836.7998046875,0,50.91278215029426
2011-02-23,10776.7998046875,10857.849609375,10628.650390625,10646.4501953125,0,46.728644171261465
2011-02-24,10603.25,10643.25,10169.0,10210.75,0,38.85694831625374
2011-02-25,10329.650390625,10510.5,10263.150390625,10435.849609375,0,44.09651837519182
2011-02-28,10512.2001953125,10744.849609375,10364.349609375,10435.349609375,0,44.08748096962134
2011-03-01,10541.9501953125,10906.150390625,10528.349609375,10885.400390625,0,53.354239532233606
2011-03-03,10805.0,11066.400390625,10759.7001953125,10914.5,0,53.88641881333134
2011-03-04,11008.900390625,11134.099609375,10924.099609375,10963.400390625,0,54.81926266078574
2011-03-07,10886.099609375,10886.099609375,10658.2998046875,10782.25,0,50.7255400652216
2011-03-08,10782.599609375,10962.7001953125,10779.150390625,10931.5498046875,0,53.788490859113736
2011-03-09,10987.400390625,11054.0,10904.599609375,10974.7998046875,0,54.66759130052598
2011-03-10,10920.650390625,10920.650390625,10783.2998046875,10850.25,0,51.62204521428936
2011-03-11,10772.900390625,10904.2001953125,10697.099609375,10740.9501953125,0,49.04009672688575
2011-03-14,10730.400390625,10916.650390625,10730.400390625,10893.25,0,52.59784408491128
2011-03-15,10673.900390625,10784.2001953125,10591.2998046875,10725.7998046875,0,48.58186290122099
2011-03-16,10777.099609375,11001.25,10777.099609375,10957.599609375,0,53.83641111474563
2011-03-17,10881.849609375,11018.2998046875,10824.400390625,10851.9501953125,0,51.2649594124356
2011-03-18,10882.0,10927.25,10699.400390625,10715.900390625,0,48.08014896938848
2011-03-21,10795.650390625,10814.75,10661.150390625,10723.599609375,0,48.27598321278816
2011-03-22,10759.9501953125,10822.25,10726.25,10771.2998046875,0,49.545713409772596
2011-03-23,10755.849609375,10972.2998046875,10744.7001953125,10958.099609375,0,54.27912906420522
2011-03-24,11001.75,11112.599609375,11001.75,11070.349609375,0,56.896036689219486
2011-03-25,11179.2001953125,11420.400390625,11136.4501953125,11387.2998046875,0,63.285957320130436
2011-03-28,11348.849609375,11599.0,11348.150390625,11523.400390625,0,65.6413737762515
2011-03-29,11522.75,11657.599609375,11507.4501953125,11582.5,0,66.64216312793462
2011-03-30,11625.5,11801.650390625,11625.5,11765.2001953125,0,69.59098365834856
2011-03-31,11804.9501953125,11898.400390625,11569.25,11705.4501953125,0,67.48976166993123
2011-04-01,11713.0498046875,11738.4501953125,11540.849609375,11590.9501953125,0,63.5310209645414
2011-04-04,11614.4501953125,11840.7001953125,11614.4501953125,11804.2998046875,0,67.37151519909494
2011-04-05,11853.599609375,11861.150390625,11678.099609375,11798.900390625,0,67.17870296293876
2011-04-06,11784.5498046875,11838.0498046875,11686.5498046875,11730.0498046875,0,64.63834906401294
2011-04-07,11724.75,11825.0,11656.7001953125,11754.400390625,0,65.14042699254824
2011-04-08,11751.7998046875,11853.349609375,11632.5498046875,11673.25,0,61.98200537975789
2011-04-11,11591.0,11637.0,11551.75,11597.7998046875,0,59.11220871945381
2011-04-13,11531.4501953125,11856.349609375,11490.5498046875,11839.5,0,64.74370151845645
2011-04-15,11810.099609375,11950.7001953125,11707.599609375,11735.650390625,0,60.86480103048145
2011-04-18,11754.2001953125,11887.099609375,11525.0498046875,11539.75,0,54.26072827192532
2011-04-19,11562.9501953125,11631.150390625,11482.150390625,11586.75,0,55.508038363562555
2011-04-20,11678.7001953125,11813.7001953125,11614.599609375,11794.5498046875,0,60.62109691189726
2011-04-21,11857.4501953125,11926.0498046875,11836.9501953125,11894.75,0,62.83876943190187
2011-04-25,11860.349609375,11978.0498046875,11860.349609375,11879.0,0,62.24538299230644
2011-04-26,11903.7998046875,11912.4501953125,11709.7998046875,11867.7001953125,0,61.79452991257058
2011-04-27,11922.2998046875,11936.349609375,11732.25,11779.849609375,0,58.26134158529815
2011-04-28,11851.75,11855.2001953125,11659.5,11684.7998046875,0,54.62237094904823
2011-04-29,11671.0498046875,11723.25,11406.849609375,11483.75,0,47.81884202499978
2011-05-02,11509.2998046875,11543.349609375,11204.650390625,11243.7998046875,0,41.21992037049812
2011-05-03,11222.0498046875,11349.5,10849.150390625,10898.2998046875,0,33.954194937115616
2011-05-04,10888.4501953125,11013.400390625,10797.599609375,10913.349609375,0,34.495831863434745
2011-05-05,10909.0498046875,10987.599609375,10677.2998046875,10730.099609375,0,31.14641713937891
2011-05-06,10751.2998046875,11167.400390625,10751.2998046875,11145.099609375,0,44.329481338812165
2011-05-09,11194.4501953125,11213.5,10956.349609375,11076.5,0,42.86836443098756
2011-05-10,11068.599609375,11096.900390625,10945.7001953125,11009.400390625,0,41.429931669492234
2011-05-11,11036.150390625,11097.25,10904.099609375,11059.0498046875,0,42.955204377300504
2011-05-12,11009.2998046875,11076.0,10865.150390625,10887.4501953125,0,39.159473095915075
2011-05-13,10896.5498046875,11180.400390625,10838.150390625,11020.9501953125,0,43.35324099035162
2011-05-16,10975.150390625,10975.150390625,10878.650390625,10912.349609375,0,40.88433824402577
2011-05-17,10920.9501953125,10972.4501953125,10617.150390625,10668.849609375,0,35.94196329484629
2011-05-18,10669.599609375,10695.7001953125,10550.9501953125,10599.0498046875,0,34.64893355313954
2011-05-19,10661.4501953125,10674.7001953125,10524.349609375,10558.349609375,0,33.883475083949364
2011-05-20,10582.4501953125,10727.25,10540.9501953125,10664.099609375,0,37.73259209461383
2011-05-23,10612.5498046875,10612.5498046875,10339.9501953125,10368.25,0,32.1019511769892
2011-05-24,10360.9501953125,10524.7998046875,10360.75,10425.5498046875,0,34.15148001875413
2011-05-25,10427.150390625,10428.25,10340.650390625,10355.7998046875,0,32.851525853886415
2011-05-26,10404.0498046875,10501.900390625,10379.25,10468.2998046875,0,37.01583425910071
2011-05-27,10491.4501953125,10735.2001953125,10491.4501953125,10722.650390625,0,45.27865620501967
2011-05-30,10742.0,10823.25,10715.099609375,10781.4501953125,0,47.009364848150334
2011-05-31,10828.9501953125,11036.75,10819.4501953125,11020.849609375,19900,53.4629095016419
2011-06-01,11011.2001953125,11056.400390625,10959.099609375,11033.400390625,0,53.780710182176335
2011-06-02,10872.25,10881.400390625,10802.349609375,10839.25,0,48.287314977637685
2011-06-03,10860.25,10946.75,10751.099609375,10782.0,0,46.7702441610666
2011-06-06,10734.25,10873.900390625,10682.2998046875,10854.650390625,0,48.9616197829116
2011-06-07,10799.349609375,10918.25,10796.150390625,10873.4501953125,0,49.54052194663841
2011-06-08,10816.400390625,10882.2998046875,10764.7001953125,10791.4501953125,0,47.03458135428442
2011-06-09,10775.4501953125,10850.349609375,10734.75,10785.400390625,0,46.84630416247299
2011-06-10,10800.4501953125,10814.849609375,10627.599609375,10714.25,0,44.585838145069076
2011-06-13,10675.2998046875,10757.400390625,10616.0498046875,10717.5,0,44.71705950649605
2011-06-14,10737.2998046875,10830.400390625,10737.2998046875,10803.9501953125,0,48.22892788321138
2011-06-15,10789.900390625,10795.849609375,10608.7998046875,10626.650390625,0,42.29475049481646
2011-06-16,10550.650390625,10706.0,10502.400390625,10572.150390625,0,40.63946163898053
2011-06-17,10652.849609375,10652.849609375,10548.2001953125,10598.25,0,41.813896111702334
2011-06-20,10592.650390625,10618.400390625,10340.400390625,10484.2998046875,0,38.25522787126991
2011-06-21,10503.75,10645.099609375,10426.849609375,10459.150390625,0,37.49672421970621
2011-06-22,10526.400390625,10551.7998046875,10435.0498046875,10475.2001953125,0,38.33699284354032
2011-06-23,10453.099609375,10553.349609375,10421.650390625,10526.4501953125,0,41.06171164392977
2011-06-24,10576.5,10875.25,10576.5,10854.5,0,54.82265700357499
2011-06-27,10808.900390625,11068.599609375,10774.099609375,11032.5,0,60.24632323505209
2011-06-28,11059.150390625,11114.2001953125,10986.7001953125,11054.0498046875,0,60.85897332656979
2011-06-29,11110.349609375,11170.349609375,11090.5498046875,11153.349609375,0,63.63966487679745
2011-06-30,11183.25,11271.349609375,11149.2001953125,11244.650390625,0,66.02932205389789
2011-07-01,11359.9501953125,11359.9501953125,11190.0,11255.0,0,66.29970270156673
2011-07-04,11379.0498046875,11401.0,11322.0498046875,11379.7998046875,0,69.45661941351604
2011-07-05,11385.0498046875,11431.7001953125,11302.599609375,11406.099609375,0,70.09243869595396
2011-07-06,11379.2001953125,11404.7001953125,11255.0498046875,11283.0498046875,0,63.43844744585668
2011-07-07,11298.0,11446.5498046875,11232.150390625,11426.099609375,0,67.32222667468467
2011-07-08,11431.9501953125,11451.25,11270.0,11285.150390625,0,60.50255159716507
2011-07-11,11275.0,11275.0,11106.849609375,11135.5,0,54.22222263615417
2011-07-12,11040.7001953125,11131.75,10941.2998046875,11022.5498046875,0,50.00330338828648
2011-07-13,11065.2001953125,11164.25,11060.900390625,11142.25,0,54.080947953279605
2011-07-14,11121.400390625,11385.349609375,11072.5,11263.7998046875,0,57.84106828714739
2011-07-15,11249.400390625,11334.599609375,11195.5,11234.5498046875,0,56.639131294196275
2011-07-18,11234.7001953125,11277.4501953125,11176.849609375,11228.849609375,0,56.39319611527509
2011-07-19,11230.0498046875,11353.75,11204.75,11313.849609375,0,59.23568082578902
2011-07-20,11372.150390625,11388.5,11142.400390625,11164.7001953125,0,52.739378905918386
2011-07-21,11159.099609375,11193.0498046875,11021.7001953125,11049.7998046875,0,48.34108870898798
2011-07-22,11110.75,11309.4501953125,11105.7001953125,11291.9501953125,0,56.56274941109591
2011-07-25,11286.25,11433.099609375,11233.349609375,11391.7998046875,0,59.42999714811831
2011-07-26,11397.9501953125,11430.75,11068.2001953125,11114.5498046875,0,49.63318268556295
2011-07-27,11126.7001953125,11139.650390625,10961.9501953125,11000.150390625,0,46.24562459123096
2011-07-28,10902.599609375,10954.25,10799.849609375,10828.5,0,41.651993655546576
2011-07-29,10820.650390625,10968.7998046875,10758.400390625,10893.650390625,0,43.928578941863115
2011-08-01,11014.150390625,11064.900390625,10882.0498046875,10939.0,0,45.521963341121825
2011-08-02,10902.5498046875,10902.5498046875,10720.2998046875,10743.2998046875,0,40.2115081190593
2011-08-03,10647.900390625,10686.400390625,10545.150390625,10639.5498046875,0,37.700547218552614
2011-08-04,10682.4501953125,10765.9501953125,10515.0498046875,10537.0498046875,0,35.35187462344845
2011-08-05,10306.099609375,10392.25,10150.2998046875,10354.5,0,31.5786661667521
2011-08-08,10121.400390625,10481.5,10072.4501953125,10232.2998046875,0,29.322483240667637
2011-08-09,9952.2001953125,10424.25,9920.7998046875,10196.5498046875,0,28.676973688170406
2011-08-10,10516.4501953125,10516.4501953125,10393.7001953125,10463.2001953125,0,39.39387655157525
2011-08-11,10419.400390625,10516.900390625,10323.5,10338.7998046875,0,36.62868594028949
2011-08-12,10469.150390625,10469.150390625,10131.650390625,10182.7001953125,0,33.45527901060339
2011-08-16,10315.099609375,10315.099609375,10023.0,10056.400390625,0,31.107008013292614
2011-08-17,10050.0,10173.099609375,9869.75,9953.2001953125,0,29.297436686199987
2011-08-18,9987.599609375,10002.2998046875,9564.9501953125,9601.5,0,24.14295829861186
2011-08-19,9452.7001953125,9587.7001953125,9280.25,9404.849609375,0,21.830250787632977
2011-08-22,9422.650390625,9466.099609375,9224.9501953125,9407.349609375,0,21.932634207159396
2011-08-23,9474.0498046875,9523.0,9303.349609375,9488.7001953125,0,25.358547401200084
2011-08-24,9453.0498046875,9561.900390625,9275.150390625,9331.849609375,0,23.24082731211091
2011-08-25,9393.349609375,9401.150390625,9134.9501953125,9177.25,0,21.348411053891923
2011-08-26,9186.400390625,9217.7001953125,8917.9501953125,8974.5498046875,0,19.147022096902646
2011-08-29,9099.849609375,9378.099609375,9099.849609375,9342.4501953125,0,32.709674242483416
2011-08-30,9466.2998046875,9565.2998046875,9355.150390625,9533.400390625,0,38.47804628185892
2011-09-02,9707.4501953125,9707.4501953125,9490.0,9581.349609375,0,39.87192204218748
2011-09-05,9509.0,9630.0498046875,9448.75,9614.0498046875,0,40.856063814884564
2011-09-06,9556.9501953125,9695.4501953125,9364.599609375,9657.599609375,0,42.21260813348673
2011-09-07,9698.400390625,9906.7998046875,9683.9501953125,9858.900390625,0,48.1343261011192
2011-09-08,9888.5498046875,9940.25,9749.2001953125,9920.0498046875,0,49.816635695686585
2011-09-09,9947.099609375,9972.0,9647.599609375,9678.7001953125,0,43.78066363628868
2011-09-12,9550.9501953125,9550.9501953125,9347.150390625,9395.25,0,37.96300479737366
2011-09-13,9454.4501953125,9567.5,9260.900390625,9339.7001953125,0,36.92737437959787
2011-09-14,9365.0498046875,9507.349609375,9267.5498046875,9472.4501953125,0,41.06502661970009
2011-09-15,9569.349609375,9708.7998046875,9390.099609375,9660.349609375,0,46.42262424364137
2011-09-16,9744.650390625,9798.75,9590.150390625,9720.25,0,48.04413738767338
2011-09-19,9664.349609375,9664.349609375,9545.849609375,9583.5498046875,0,44.71796159789545
2011-09-20,9589.349609375,9848.650390625,9578.599609375,9812.7001953125,0,50.85954207858967
2011-09-21,9838.599609375,9962.9501953125,9809.2998046875,9929.0,0,53.67259034363727
2011-09-22,9756.2001953125,9756.2001953125,9489.7001953125,9520.599609375,0,44.12100920961558
2011-09-23,9418.7001953125,9540.7998046875,9284.650390625,9375.7001953125,0,41.311933776392706
2011-09-26,9373.9501953125,9467.75,9165.7998046875,9384.5,0,41.55529658567744
2011-09-27,9528.2998046875,9661.5,9528.2998046875,9619.9501953125,0,47.79324546798031
2011-09-28,9670.4501953125,9675.650390625,9449.0,9512.150390625,0,45.40382439202921
2011-09-29,9467.5498046875,9688.650390625,9406.349609375,9653.400390625,0,49.00162949027328
2011-09-30,9600.349609375,9635.650390625,9420.650390625,9468.2998046875,0,44.83226281562455
2011-10-03,9332.599609375,9332.599609375,9156.4501953125,9185.900390625,0,39.333523823382535
2011-10-04,9135.0498046875,9240.150390625,8818.0498046875,8913.349609375,0,34.88623921170078
2011-10-05,8930.75,8991.7998046875,8626.4501953125,8701.2998046875,0,31.867312081423663
2011-10-07,8970.5498046875,9120.0498046875,8970.5498046875,9038.25,0,40.655361379656355
2011-10-10,9051.0,9190.849609375,8982.900390625,9168.900390625,0,43.688311016659284
2011-10-11,9262.099609375,9363.2001953125,9148.099609375,9178.650390625,0,43.918657030328674
2011-10-12,9240.400390625,9514.2001953125,9193.75,9482.2998046875,0,50.68444779410654
2011-10-13,9594.0,9685.0498046875,9547.099609375,9591.25,0,52.88097555788371
2011-10-14,9548.25,9691.849609375,9526.9501953125,9660.400390625,0,54.273093174538246
2011-10-17,9717.349609375,9788.2001953125,9666.349609375,9721.2998046875,0,55.51947945515827
2011-10-18,9625.5498046875,9634.5498046875,9492.9501953125,9583.900390625,0,52.07095859063097
2011-10-19,9673.0,9865.849609375,9673.0,9841.349609375,0,57.40916112789189
2011-10-20,9722.849609375,9763.7998046875,9618.349609375,9746.400390625,0,54.97716356924902
2011-10-21,9767.400390625,9811.349609375,9678.400390625,9695.349609375,0,53.66092157990962
2011-10-24,9819.5,9916.599609375,9606.75,9647.849609375,0,52.403758132132296
2011-10-25,9709.849609375,9817.099609375,9323.0,9511.599609375,0,48.86721627093484
2011-10-28,9837.9501953125,9932.400390625,9837.349609375,9917.0498046875,0,57.959447481791564
2011-10-31,9932.0,10080.0498046875,9826.7998046875,9989.650390625,0,59.353196974440394
2011-11-01,9898.400390625,9984.349609375,9782.7001953125,9822.25,0,54.83874690297517
2011-11-02,9739.099609375,9888.7001953125,9726.75,9781.0498046875,0,53.75505081522907
2011-11-03,9743.849609375,9814.650390625,9648.650390625,9782.5,0,53.789666345826475
2011-11-04,9887.900390625,9914.099609375,9808.099609375,9836.349609375,0,55.13267138622271
2011-11-08,9855.9501953125,9893.9501953125,9732.849609375,9852.5498046875,0,55.551195990817654
2011-11-09,9896.150390625,9896.150390625,9565.099609375,9592.650390625,0,47.84107114699947
2011-11-11,9553.0,9571.849609375,9270.349609375,9292.5498046875,0,40.799507021034906
2011-11-14,9416.349609375,9458.349609375,9254.2998046875,9275.0,0,40.42478767204092
2011-11-15,9254.75,9308.5,9062.400390625,9085.7001953125,0,36.527733112525944
2011-11-16,9055.599609375,9145.650390625,8957.0498046875,9061.5498046875,0,36.050252516964676
2011-11-17,9049.2998046875,9124.900390625,8899.650390625,8930.900390625,0,33.4991124886884
2011-11-18,8867.7998046875,8872.650390625,8706.0,8850.25,0,31.993969351972495
2011-11-21,8806.7001953125,8806.7001953125,8522.2998046875,8554.150390625,0,27.16768243955893
2011-11-22,8603.849609375,8698.2001953125,8544.0498046875,8611.7001953125,0,29.396934977847636
2011-11-23,8556.400390625,8556.400390625,8240.4501953125,8399.2998046875,0,26.208526957952074
2011-11-24,8412.5498046875,8504.400390625,8276.75,8472.5,28200,29.064013173206547
2011-11-25,8438.2001953125,8558.599609375,8360.5498046875,8488.599609375,0,29.708280103901444
2011-11-28,8598.7001953125,8809.9501953125,8598.7001953125,8793.150390625,0,40.68329900325723
2011-11-29,8824.5498046875,8843.900390625,8587.4501953125,8623.900390625,0,37.206544049952264
2011-11-30,8529.0498046875,8704.099609375,8490.349609375,8564.099609375,0,36.034773496988734
2011-12-01,8872.7998046875,9033.849609375,8821.5,8895.2998046875,0,46.15003437352578
2011-12-02,8924.150390625,9200.650390625,8859.650390625,9172.75,0,52.87328698942354
2011-12-05,9154.900390625,9215.400390625,9073.7998046875,9173.75,0,52.8961140706501
2011-12-07,9235.349609375,9273.099609375,9133.5498046875,9176.25,0,52.957461825376036
2011-12-08,9126.4501953125,9153.400390625,8871.25,8915.7001953125,0,46.20358634184599
2011-12-09,8786.349609375,8932.0,8689.849609375,8811.099609375,0,43.789125277225565
2011-12-12,8900.900390625,8920.25,8504.4501953125,8543.400390625,0,38.276323180873426
2011-12-13,8475.849609375,8642.349609375,8393.2998046875,8571.9501953125,0,39.15608279188068
2011-12-14,8549.5498046875,8696.900390625,8482.9501953125,8533.0,0,38.3529231395496
2011-12-15,8449.4501953125,8509.5,8375.650390625,8445.099609375,0,36.53179899206699
2011-12-16,8482.25,8602.7998046875,8127.2001953125,8171.89990234375,0,31.5219138596847
2011-12-19,8122.25,8122.25,7801.5498046875,7920.75,0,27.753856424236773
2011-12-20,7948.4501953125,7961.7001953125,7766.35009765625,7798.5498046875,0,26.117917621189278
2011-12-21,7999.0,8235.650390625,7936.0,8189.14990234375,0,38.580191831112366
2011-12-22,8106.2001953125,8415.7001953125,8064.14990234375,8384.650390625,0,43.69906063259177
2011-12-23,8406.2001953125,8451.9501953125,8253.4501953125,8296.4501953125,0,41.99844887406041
2011-12-26,8301.349609375,8420.2001953125,8292.650390625,8374.5498046875,9800,44.07389584639644
2011-12-27,8348.5498046875,8365.75,8223.849609375,8275.5,0,42.02027452709226
2011-12-28,8256.099609375,8256.099609375,8053.14990234375,8111.39990234375,0,38.795083015453514
2011-12-29,8050.2998046875,8137.39990234375,7986.75,8027.39990234375,0,37.22026208057404
2011-12-30,8073.2001953125,8120.14990234375,7925.14990234375,7968.64990234375,0,36.11601172563221
2012-01-02,8009.85009765625,8028.4501953125,7888.25,7995.0498046875,11200,37.02021982719284
2012-01-03,8072.7998046875,8356.349609375,8072.7998046875,8340.2998046875,0,47.487927421158915
2012-01-04,8388.9501953125,8453.400390625,8294.349609375,8408.400390625,0,49.27870887073791
2012-01-05,8421.5,8516.150390625,8394.25,8454.900390625,0,50.51951564866661
2012-01-06,8397.349609375,8586.650390625,8297.5498046875,8488.25,0,51.437089536059915
2012-01-09,8450.400390625,8517.7998046875,8329.900390625,8481.349609375,0,51.22541908648934
2012-01-10,8535.650390625,8748.7998046875,8535.650390625,8735.0498046875,0,58.059082451910065
2012-01-11,8758.25,8858.9501953125,8736.25,8839.7001953125,0,60.516507769646665
2012-01-12,8831.4501953125,9015.25,8830.25,8930.25,0,62.56060955601366
2012-01-13,8989.900390625,9073.0,8913.9501953125,8975.0498046875,0,63.56562237450072
2012-01-16,8913.25,8967.9501953125,8813.849609375,8940.25,0,62.169556314849736
2012-01-17,9013.650390625,9114.4501953125,9011.7998046875,9056.7001953125,0,64.9441078009171
2012-01-18,9067.349609375,9067.349609375,8922.7001953125,9023.400390625,0,63.50968409405566
2012-01-19,9106.7998046875,9212.849609375,9106.7998046875,9199.400390625,0,67.58481753950974
2012-01-20,9291.150390625,9560.150390625,9268.5,9516.849609375,0,73.36304973349765
2012-01-23,9503.099609375,9659.0,9503.099609375,9520.2998046875,0,73.41850974382758
2012-01-24,9536.0498046875,9885.150390625,9456.25,9834.0,0,77.91994827787768
2012-01-25,9871.9501953125,9905.5,9762.5,9856.599609375,0,78.20628307637645
2012-01-27,9969.25,9969.25,9701.5,9813.650390625,0,76.18429533150491
2012-01-30,9741.25,9741.25,9509.150390625,9537.099609375,0,64.60216945233239
2012-01-31,9625.7001953125,9946.5,9625.7001953125,9919.4501953125,0,71.13579180010511
2012-02-01,9941.900390625,9967.4501953125,9762.0,9949.099609375,0,71.57395197973811
2012-02-02,10012.9501953125,10090.2001953125,9776.5498046875,9992.0498046875,0,72.23154720496956
2012-02-03,9992.0,10158.9501953125,9928.4501953125,10133.650390625,0,74.33919049045144
2012-02-06,10219.599609375,10331.25,10183.4501953125,10269.25,0,76.2019821478017
2012-02-07,10368.5,10429.7001953125,10260.150390625,10324.599609375,0,76.9379069778104
2012-02-08,10308.2001953125,10401.650390625,10208.4501953125,10320.099609375,0,76.7301568053989
2012-02-09,10267.25,10546.400390625,10267.25,10507.599609375,0,79.24492920947228
2012-02-10,10482.150390625,10555.0,10344.2001953125,10442.650390625,0,76.17400320633622
2012-02-13,10451.099609375,10532.849609375,10335.7001953125,10473.599609375,0,76.6385800394726
2012-02-14,10449.4501953125,10606.849609375,10449.099609375,10556.650390625,0,77.88474934844005
2012-02-15,10633.650390625,10959.5,10633.150390625,10930.7001953125,0,82.43051663655838
2012-02-16,10896.0498046875,10940.7998046875,10780.0498046875,10921.900390625,0,82.00346947020309
2012-02-17,11042.849609375,11203.349609375,11013.0,11074.900390625,0,83.5948402105383
2012-02-21,11042.599609375,11207.0498046875,11042.599609375,11170.400390625,0,84.5152543493974
2012-02-22,11160.400390625,11226.75,10714.0498046875,10747.150390625,0,66.6638791958154
2012-02-23,10693.75,10852.650390625,10621.7998046875,10713.349609375,0,65.47449224798021
2012-02-24,10691.75,10759.0498046875,10435.5498046875,10506.7998046875,0,58.594723656867174
2012-02-27,10527.650390625,10527.650390625,10073.900390625,10103.9501953125,0,48.000876544724434
2012-02-28,10179.9501953125,10561.7001953125,10178.849609375,10484.0,0,56.07019281924941
2012-02-29,10561.75,10667.2998046875,10340.75,10414.2001953125,0,54.40047984218975
2012-03-01,10385.150390625,10385.150390625,10160.25,10288.900390625,0,51.43916519474757
2012-03-02,10337.7001953125,10584.25,10192.7998046875,10434.2998046875,0,54.5321860231436
2012-03-05,10406.849609375,10406.849609375,10152.099609375,10178.849609375,0,48.66726814875526
2012-03-06,10149.7998046875,10438.0,10020.4501953125,10058.150390625,0,46.14210559926224
2012-03-07,10030.25,10169.4501953125,9939.9501953125,10132.849609375,0,47.94235699382911
2012-03-09,10286.7998046875,10526.5498046875,10286.7998046875,10505.650390625,0,55.870295028172805
2012-03-12,10765.9501953125,10786.4501953125,10543.25,10625.650390625,0,58.08315265522237
2012-03-13,10707.900390625,10765.7001953125,10671.4501953125,10686.2001953125,0,59.195017075882035
2012-03-14,10820.400390625,10912.0498046875,10768.650390625,10889.7001953125,0,62.769388969316935
2012-03-15,10894.4501953125,10894.4501953125,10556.400390625,10595.0,0,55.22501707790178
2012-03-16,10607.75,10832.2998046875,10348.0498046875,10391.349609375,0,50.69088115589244
2012-03-19,10440.849609375,10440.849609375,10135.25,10188.849609375,0,46.59434882875712
2012-03-20,10183.0,10369.2001953125,10137.7998046875,10281.599609375,0,48.64160216265677
2012-03-21,10238.650390625,10562.0498046875,10217.4501953125,10524.4501953125,0,53.65151152090627
2012-03-22,10525.0,10583.75,10135.849609375,10173.5498046875,0,46.58091866462739
2012-03-23,10249.75,10404.25,10125.75,10294.5498046875,0,49.07325139048683
2012-03-26,10260.2001953125,10263.099609375,10013.0498046875,10043.5,0,44.440415497384215
2012-03-27,10171.900390625,10247.0498046875,9967.5498046875,10148.849609375,0,46.71380835250292
2012-03-28,10122.0498046875,10122.0498046875,9901.2001953125,9960.400390625,0,43.30065309890029
2012-03-29,9859.25,9988.5498046875,9845.400390625,9927.650390625,0,42.716524691460485
2012-03-30,9984.7998046875,10248.0498046875,9981.900390625,10212.75,0,49.14775434630134
2012-04-02,10186.7998046875,10321.75,10180.9501953125,10305.349609375,0,51.06926848478665
2012-04-03,10381.0,10502.7001953125,10376.0,10432.599609375,0,53.66056720992561
2012-04-04,10345.150390625,10371.849609375,10267.9501953125,10340.099609375,0,51.52448455378968
2012-04-09,10256.650390625,10256.650390625,10113.75,10131.599609375,0,46.984385235826394
2012-04-10,10169.2001953125,10209.900390625,10077.0498046875,10196.0498046875,0,48.49516973335311
2012-04-11,10117.25,10309.75,10060.7001953125,10214.25,0,48.937692530133276
2012-04-12,10250.7001953125,10432.7998046875,10250.7001953125,10400.7001953125,0,53.35877962859235
2012-04-13,10478.25,10587.9501953125,10235.7001953125,10306.25,0,50.95211512379914
2012-04-16,10274.150390625,10447.9501953125,10274.150390625,10432.7001953125,0,53.946927389345035
2012-04-17,10502.650390625,10621.900390625,10248.5498046875,10519.5498046875,0,55.9369452305584
2012-04-18,10585.5498046875,10645.849609375,10479.5,10512.4501953125,0,55.724963020349435
2012-04-19,10536.9501953125,10594.900390625,10438.650390625,10567.900390625,0,57.09264682694528
2012-04-20,10538.2998046875,10577.4501953125,10387.0498046875,10456.5,0,53.5159793422001
2012-04-23,10432.599609375,10521.4501953125,10206.900390625,10243.150390625,0,47.39250533761383
2012-04-24,10275.5498046875,10287.900390625,10151.7998046875,10215.150390625,0,46.63826859878222
2012-04-25,10215.849609375,10277.849609375,10043.650390625,10159.849609375,0,45.111262009796775
2012-04-26,10171.849609375,10193.900390625,10083.5,10128.0,0,44.21339931962654
2012-04-27,10146.099609375,10249.150390625,10029.4501953125,10148.7001953125,0,44.97988049658295
2012-04-30,10210.099609375,10360.5498046875,10210.099609375,10276.7998046875,0,49.595197717429855
2012-05-02,10282.7001953125,10382.349609375,10278.4501953125,10306.599609375,0,50.63265469659047
2012-05-03,10231.7001953125,10255.849609375,10100.25,10126.5498046875,0,44.65255510754631
2012-05-04,10063.5,10068.650390625,9757.75,9802.349609375,0,36.33168785595414
2012-05-07,9664.849609375,9910.7001953125,9480.5,9876.349609375,0,39.120360162129735
2012-05-08,9909.400390625,9924.150390625,9526.650390625,9588.75,0,33.05976629974174
2012-05-09,9517.0,9572.349609375,9340.4501953125,9404.7998046875,0,29.87208749564161
2012-05-10,9411.75,9580.400390625,9362.099609375,9410.900390625,0,30.11276119694385
2012-05-11,9353.4501953125,9532.650390625,9296.650390625,9398.099609375,0,29.881030850146985
2012-05-14,9412.599609375,9498.7998046875,9190.2998046875,9257.650390625,0,27.39045846640704
2012-05-15,9186.4501953125,9361.4501953125,9166.099609375,9319.7001953125,0,30.16003505492941
2012-05-16,9184.4501953125,9208.150390625,9047.0498046875,9164.25,0,27.345885272935888
2012-05-17,9199.5,9328.5,9113.650390625,9154.2001953125,0,27.169384666309142
2012-05-18,9013.099609375,9364.7001953125,8995.25,9310.25,0,34.26427907582176
2012-05-21,9299.900390625,9478.9501953125,9299.900390625,9412.0,18400,38.473031199811345
2012-05-22,9510.4501953125,9522.2998046875,9253.0498046875,9268.7998046875,0,35.069888364044246
2012-05-23,9237.349609375,9295.650390625,9157.2001953125,9209.900390625,0,33.747621865505764
2012-05-24,9277.25,9463.7001953125,9198.75,9437.599609375,0,42.73636148467793
2012-05-25,9422.4501953125,9497.0,9371.5498046875,9456.2998046875,0,43.415354355152765
2012-05-28,9483.099609375,9716.5,9483.099609375,9698.2998046875,0,51.43988893452554
2012-05-29,9734.849609375,9783.4501953125,9687.650390625,9708.099609375,0,51.73836534802494
2012-05-30,9642.2001953125,9642.2001953125,9514.25,9534.0498046875,0,46.295698060173564
2012-05-31,9414.349609375,9479.349609375,9360.0498046875,9441.0,35000,43.65189676082315
2012-06-01,9434.4501953125,9493.25,9252.599609375,9267.599609375,0,39.16352113332887
2012-06-04,9174.5498046875,9406.25,9110.4501953125,9362.2998046875,0,42.63276990828028
2012-06-05,9433.25,9545.5,9400.349609375,9460.150390625,0,46.055819662430686
2012-06-06,9519.0,9770.650390625,9519.0,9742.7998046875,0,54.501190203885486
2012-06-07,9830.5,9974.7001953125,9787.9501953125,9950.900390625,0,59.52538772136126
2012-06-08,9969.5498046875,10031.2001953125,9809.9501953125,9998.849609375,0,60.6048375942062
2012-06-11,10070.150390625,10157.75,9934.0498046875,9969.2001953125,0,59.5472873076396
2012-06-12,9899.4501953125,10156.400390625,9893.349609375,10139.2001953125,0,63.48204239180255
2012-06-13,10150.0,10224.5498046875,10075.2001953125,10128.150390625,0,63.05273894490079
2012-06-14,10073.5,10096.75,9813.650390625,9836.9501953125,0,52.89984934960384
2012-06-15,9881.400390625,10098.900390625,9881.400390625,10064.7998046875,0,58.527044794659965
2012-06-18,10178.849609375,10197.7998046875,9695.599609375,9749.900390625,0,49.69103837238748
2012-06-19,9730.0,9808.0,9619.150390625,9786.4501953125,0,50.622839917682555
2012-06-20,9812.849609375,9875.650390625,9764.4501953125,9831.7998046875,0,51.81534436034928
2012-06-21,9795.9501953125,10046.900390625,9769.2998046875,10033.650390625,0,56.81466856983765
2012-06-22,9907.349609375,10073.4501953125,9873.849609375,10038.349609375,0,56.926713158502224
2012-06-25,10068.900390625,10193.4501953125,9892.7998046875,9925.75,0,53.3546216235014
2012-06-26,9914.7998046875,10024.650390625,9901.849609375,9970.099609375,0,54.56395106779459
2012-06-27,10025.4501953125,10109.650390625,9988.5,10017.7998046875,0,55.888603246146104
2012-06-28,10023.900390625,10052.2001953125,9950.099609375,10003.849609375,0,55.380092899986295
2012-06-29,10105.4501953125,10360.0,10105.4501953125,10340.650390625,0,63.91630227895465
2012-07-02,10366.5,10450.2998046875,10303.650390625,10412.2001953125,0,65.42938792683063
2012-07-03,10460.0,10544.2998046875,10444.2998046875,10481.2998046875,0,66.87407030277686
2012-07-04,10522.400390625,10548.900390625,10482.849609375,10529.4501953125,0,67.8813082048413
2012-07-05,10520.0498046875,10651.2001953125,10468.75,10641.900390625,0,70.16303533684732
2012-07-06,10637.9501953125,10687.900390625,10547.349609375,10655.349609375,0,70.4335720713813
2012-07-09,10594.9501953125,10635.900390625,10524.75,10588.0498046875,0,67.1523599063064
2012-07-10,10617.0498046875,10767.25,10615.2998046875,10751.5498046875,0,70.72097600793299
2012-07-11,10701.599609375,10782.5498046875,10692.9501953125,10713.2998046875,0,68.8368286024472
2012-07-12,10640.150390625,10676.0,10557.349609375,10616.2998046875,0,64.16797813739586
2012-07-13,10654.900390625,10715.150390625,10568.75,10594.4501953125,0,63.129310069744506
2012-07-16,10614.099609375,10692.7998046875,10552.7001953125,10568.2001953125,0,61.8343436871889
2012-07-17,10648.7001953125,10673.5,10518.9501953125,10558.0498046875,0,61.3106211074231
2012-07-18,10569.0498046875,10629.150390625,10498.599609375,10607.099609375,0,62.94393642743907
2012-07-19,10684.400390625,10708.599609375,10606.599609375,10622.0498046875,0,63.450408005159495
2012-07-20,10622.849609375,10622.849609375,10463.400390625,10481.599609375,0,55.74240831689821
2012-07-23,10401.7001953125,10402.25,10254.0,10274.599609375,0,46.73182872875755
2012-07-24,10282.650390625,10349.4501953125,10237.25,10299.0,0,47.80291478988932
2012-07-25,10286.5498046875,10315.400390625,10224.75,10267.849609375,0,46.51697842375427
2012-07-26,10306.5,10314.0498046875,10056.150390625,10083.7998046875,0,39.71846308229205
2012-07-27,10256.25,10401.650390625,10102.75,10140.5498046875,0,42.50857023710643
2012-07-30,10222.5498046875,10427.0498046875,10222.5498046875,10412.150390625,0,53.581801450987044
2012-07-31,10462.7998046875,10467.9501953125,10239.7001953125,10384.099609375,0,52.45801940174249
2012-08-01,10347.7998046875,10445.2001953125,10324.599609375,10419.900390625,0,53.790104566252474
2012-08-02,10408.9501953125,10417.5,10310.849609375,10379.599609375,0,52.02302554124884
2012-08-03,10312.7998046875,10336.25,10209.150390625,10315.599609375,0,49.25569384949459
2012-08-06,10426.75,10501.4501953125,10426.75,10462.400390625,0,55.14914170308027
2012-08-07,10499.7001953125,10616.900390625,10463.5498046875,10591.9501953125,0,59.607508982927904
2012-08-08,10621.0,10640.75,10511.349609375,10529.25,0,56.67131214229123
2012-08-09,10572.400390625,10614.2001953125,10425.150390625,10445.900390625,0,52.93818645626202
2012-08-10,10427.349609375,10449.25,10272.0498046875,10358.9501953125,0,49.29044726616988
2012-08-13,10339.2001953125,10415.2001953125,10284.0498046875,10401.2998046875,0,51.05928722405201
2012-08-14,10411.5498046875,10547.099609375,10387.9501953125,10519.150390625,0,55.69115555159111
2012-08-16,10537.9501953125,10551.0498046875,10405.7001953125,10426.75,0,51.57008098493843
2012-08-17,10425.849609375,10505.849609375,10354.7001953125,10417.900390625,0,51.17946058080152
2012-08-21,10436.849609375,10484.5498046875,10353.849609375,10469.5,0,53.396057695490114
2012-08-22,10413.9501953125,10533.7001953125,10401.75,10472.2001953125,0,53.51499839510534
2012-08-23,10508.75,10560.849609375,10413.2998046875,10457.7001953125,0,52.73664321146603
2012-08-24,10404.5,10412.25,10318.5498046875,10332.849609375,0,46.46939888404657
2012-08-27,10338.25,10338.25,10134.400390625,10150.400390625,0,39.147776161723115
2012-08-28,10149.9501953125,10151.349609375,10022.849609375,10059.400390625,18000,36.09320785162782
2012-08-29,10077.400390625,10127.0,9998.099609375,10011.900390625,0,34.576638030475365
2012-08-30,9978.2001953125,10130.900390625,9959.0498046875,10085.2001953125,0,38.84685199544395
2012-08-31,10037.0,10130.9501953125,9948.7001953125,9990.5,0,35.612741002656776
2012-09-03,10030.849609375,10082.5,9941.5,9963.0,0,34.709073604358096
2012-09-04,9967.4501953125,10033.0,9916.849609375,10020.650390625,0,38.246743621774264
2012-09-05,9965.0,9976.400390625,9814.0498046875,9827.900390625,0,32.00315716123637
2012-09-06,9846.5498046875,9947.4501953125,9831.349609375,9893.150390625,0,35.82253842675327
2012-09-07,10047.150390625,10134.75,10036.4501953125,10122.0,0,47.055183904550766
2012-09-10,10153.7998046875,10181.849609375,10041.25,10069.849609375,0,45.11727032254871
2012-09-11,10020.75,10154.2001953125,10006.5,10135.900390625,0,48.03625904389841
2012-09-12,10176.4501953125,10223.9501953125,10109.599609375,10183.4501953125,0,50.09406478171726
2012-09-13,10213.849609375,10259.400390625,10171.25,10207.7998046875,0,51.16066495892071
2012-09-14,10408.25,10664.5498046875,10408.25,10642.900390625,0,65.39345514359238
2012-09-17,10797.099609375,11045.4501953125,10797.099609375,10981.650390625,0,72.18883584509449
2012-09-18,10949.9501953125,11065.0,10922.7001953125,11043.5,0,73.22270274581544
2012-09-20,10907.7001953125,11031.7998046875,10887.0,10920.7998046875,0,67.83513053137457
2012-09-21,10973.150390625,11433.099609375,10973.150390625,11358.5,0,74.92329759454088
2012-09-24,11359.2998046875,11533.75,11359.2998046875,11423.5,0,75.7769902694346
2012-09-25,11450.4501953125,11517.650390625,11321.2001953125,11420.75,0,75.65963586432437
2012-09-26,11385.7001953125,11441.0498046875,11322.25,11427.25,0,75.75521119207694
2012-09-27,11466.25,11490.25,11378.349609375,11419.4501953125,0,75.37274932876394
2012-09-28,11486.5498046875,11536.849609375,11437.900390625,11456.7998046875,0,75.99765759537279
2012-10-01,11462.099609375,11466.0498046875,11366.400390625,11420.4501953125,0,74.0288657511882
2012-10-03,11440.2001953125,11471.849609375,11361.650390625,11414.9501953125,0,73.71768058820334
2012-10-04,11460.150390625,11685.5498046875,11460.150390625,11636.0498046875,0,77.76419122586158
2012-10-05,11745.2001953125,11745.2001953125,10043.599609375,11511.400390625,0,71.11645125013905
2012-10-08,11530.650390625,11530.650390625,11342.849609375,11362.2001953125,0,64.0576756756924
2012-10-09,11442.75,11528.349609375,11373.7001953125,11446.099609375,0,66.09560675885368
2012-10-10,11380.25,11380.25,11271.150390625,11291.5,0,59.410882660272435
2012-10-11,11334.900390625,11476.9501953125,11244.7001953125,11431.2998046875,0,63.05009255041001
2012-10-12,11469.2001953125,11527.150390625,11372.099609375,11388.4501953125,0,61.2377442393899
2012-10-15,11397.7001953125,11454.7998046875,11288.400390625,11441.7998046875,0,62.67624574376066
2012-10-16,11495.5,11508.5,11328.25,11348.0,0,58.56127125525851
2012-10-17,11417.099609375,11425.4501953125,11302.900390625,11358.25,0,58.878983990607296
2012-10-18,11406.4501953125,11594.599609375,11364.2001953125,11586.349609375,0,65.2619060934503
2012-10-19,11539.0498046875,11605.650390625,11424.25,11491.2001953125,0,61.007809015927215
2012-10-22,11422.099609375,11619.25,11419.400390625,11607.400390625,0,64.08666125923415
2012-10-23,11605.7998046875,11656.7998046875,11534.5498046875,11578.150390625,0,62.743634771835275
2012-10-25,11542.2998046875,11643.400390625,11542.2998046875,11614.5,0,63.760031603857854
2012-10-29,11506.5,11585.7998046875,11431.9501953125,11472.150390625,0,57.18108411042157
2012-10-30,11467.2001953125,11600.0498046875,11173.7998046875,11203.0,0,47.25308967326249
2012-10-31,11204.9501953125,11290.0,11125.2001953125,11268.7998046875,0,49.558820708339645
2012-11-01,11266.5,11349.400390625,11230.2001953125,11315.0498046875,0,51.1744098898035
2012-11-02,11450.650390625,11477.5498046875,11394.150390625,11460.4501953125,0,55.9510228483861
2012-11-05,11449.7001953125,11489.2998046875,11401.2998046875,11475.150390625,0,56.415269871835456
2012-11-06,11427.9501953125,11568.4501953125,11427.9501953125,11539.0498046875,0,58.464502088165666
2012-11-07,11545.349609375,11719.099609375,11519.599609375,11665.5,0,62.247292099065554
2012-11-08,11561.349609375,11637.9501953125,11533.2998046875,11613.5498046875,0,59.83622464838396
2012-11-09,11608.7998046875,11663.900390625,11427.2001953125,11475.599609375,0,53.86930626102122
2012-11-12,11488.099609375,11608.7998046875,11462.2998046875,11583.849609375,0,57.454630843083656
2012-11-15,11493.099609375,11530.25,11419.0498046875,11521.400390625,0,54.80815773474046
2012-11-16,11487.5498046875,11537.150390625,11306.0498046875,11335.5,0,47.75619314599068
2012-11-19,11342.650390625,11378.25,11256.400390625,11306.9501953125,0,46.76111475123801
2012-11-20,11373.9501953125,11409.7998046875,11269.7001953125,11318.2998046875,0,47.23183410253131
2012-11-21,11352.2001953125,11477.349609375,11303.75,11465.349609375,0,53.02680692023634
2012-11-22,11497.349609375,11570.849609375,11495.0498046875,11508.349609375,0,54.5969985377393
2012-11-23,11540.599609375,11549.0,11392.0,11475.7998046875,0,53.14869435028027
2012-11-26,11534.2001953125,11534.2001953125,11411.099609375,11432.4501953125,0,51.20069693792273
2012-11-27,11502.2001953125,11663.5,11502.2001953125,11657.400390625,0,59.49674994496047
2012-11-29,11706.900390625,12035.400390625,11703.25,11992.7998046875,0,68.182142302575
2012-11-30,12082.5498046875,12175.2998046875,12001.150390625,12158.900390625,0,71.44754382518732
2012-12-03,12126.599609375,12165.650390625,12053.4501953125,12103.900390625,0,68.92511251870478
2012-12-04,12092.75,12215.5,12075.900390625,12197.150390625,0,70.80695095892872
2012-12-05,12240.849609375,12314.7998046875,12219.2998046875,12281.599609375,0,72.43498146610007
2012-12-06,12358.349609375,12480.599609375,12142.599609375,12427.5498046875,0,75.02705095798493
2012-12-07,12462.400390625,12477.849609375,12305.650390625,12363.7001953125,0,71.84418589517682
2012-12-10,12380.0,12409.75,12341.150390625,12381.650390625,0,72.20122974151246
2012-12-11,12418.9501953125,12538.900390625,12238.0,12344.599609375,0,70.22180796009968
2012-12-12,12374.7001953125,12385.5498046875,12271.349609375,12301.7001953125,0,67.90064142243543
2012-12-13,12337.349609375,12438.849609375,12251.0498046875,12269.150390625,0,66.1149129045568
2012-12-14,12247.25,12447.349609375,12242.7998046875,12424.7001953125,0,70.15441157648571
2012-12-17,12403.650390625,12462.25,12402.7001953125,12427.4501953125,0,70.22199844405424
2012-12-18,12455.7001953125,12522.650390625,12197.2001953125,12477.150390625,0,71.47905874765918
2012-12-19,12514.0,12571.599609375,12455.5498046875,12510.25,0,72.31720527995626
2012-12-20,12514.599609375,12514.599609375,12385.099609375,12486.5,0,70.71147924193454
2012-12-21,12423.599609375,12432.2001953125,12288.900390625,12315.0498046875,0,60.30217206565677
2012-12-24,12363.849609375,12366.25,12265.75,12317.7001953125,0,60.39922132238986
2012-12-26,12350.25,12519.0,12304.7001953125,12479.4501953125,0,65.88121044846153
2012-12-27,12516.0498046875,12523.5,12436.650390625,12459.7001953125,0,64.70341694576027
2012-12-28,12494.150390625,12494.150390625,12394.150390625,12458.150390625,0,64.60581157304108
2012-12-31,12442.849609375,12512.7001953125,12427.7001953125,12474.25,0,65.19321100303347
2013-01-01,12549.9501953125,12663.5,12547.150390625,12654.150390625,14500,70.98736670825699
2013-01-02,12748.849609375,12811.4501953125,12748.849609375,12786.849609375,0,74.37578979851722
2013-01-03,12828.2998046875,12837.7998046875,12722.4501953125,12778.150390625,0,73.76755336292055
2013-01-04,12774.7998046875,12801.7001953125,12684.650390625,12787.349609375,0,74.00960559380084
2013-01-07,12837.4501953125,12837.4501953125,12682.7998046875,12708.7001953125,0,68.21431715306635
2013-01-08,12693.599609375,12743.9501953125,12632.349609375,12725.5,0,68.7767345073185
2013-01-09,12724.400390625,12791.7001953125,12687.9501953125,12718.0,0,68.19659615130611
2013-01-10,12775.25,12822.7998046875,12697.75,12802.25,0,71.14141380794844
2013-01-11,12832.4501953125,12834.5498046875,12582.650390625,12617.849609375,0,58.39622705733244
2013-01-14,12622.0498046875,12773.349609375,12609.900390625,12758.75,0,63.74148608475932
2013-01-15,12766.5498046875,12908.2001953125,12718.400390625,12855.400390625,0,66.88448116847826
2013-01-16,12836.2001953125,12836.2001953125,12616.2001953125,12638.5,0,55.29947843503605
2013-01-17,12608.849609375,12714.599609375,12583.349609375,12649.599609375,0,55.72213680755359
2013-01-18,12688.150390625,12778.349609375,12624.400390625,12680.0,0,56.923497647131164
2013-01-21,12678.0,12690.400390625,12608.5,12651.349609375,0,55.397981444778054
2013-01-22,12640.400390625,12748.9501953125,12544.400390625,12574.349609375,0,51.41030179886555
2013-01-23,12635.25,12695.9501953125,12509.4501953125,12635.2001953125,0,54.21513464798215
2013-01-24,12624.4501953125,12662.849609375,12534.25,12561.400390625,0,50.41419680771884
2013-01-25,12575.849609375,12717.900390625,12535.75,12693.25,0,56.30781872365951
2013-01-28,12705.7998046875,12822.0498046875,12698.849609375,12781.349609375,0,59.75026932469655
2013-01-29,12804.400390625,12960.650390625,12685.900390625,12722.7998046875,0,56.56081908179799
2013-01-30,12754.849609375,12825.650390625,12726.650390625,12767.5,0,58.387120218118525
2013-01-31,12741.2998046875,12852.5,12688.75,12708.599609375,0,55.099855637870675
2013-02-01,12718.5498046875,12743.2001953125,12580.849609375,12606.25,0,49.847942440988376
2013-02-04,12656.849609375,12723.2998046875,12515.349609375,12548.349609375,0,47.112168784375754
2013-02-05,12426.4501953125,12501.5,12415.150390625,12467.75,0,43.530673072604095
2013-02-06,12525.400390625,12525.400390625,12396.7998046875,12417.7001953125,0,41.424736779316206
2013-02-07,12372.5,12474.5,12305.4501953125,12349.2998046875,0,38.671274030423874
2013-02-08,12341.4501953125,12389.7998046875,12245.9501953125,12280.150390625,0,36.06164044687537
2013-02-11,12298.099609375,12361.099609375,12273.650390625,12333.0,0,39.426094404952664
2013-02-12,12331.400390625,12415.7998046875,12301.650390625,12405.25,0,43.7813557539392
2013-02-13,12424.9501953125,12485.9501953125,12361.900390625,12385.099609375,0,42.85587099248318
2013-02-14,12400.650390625,12434.0,12284.5,12311.2998046875,0,39.55773955420626
2013-02-15,12284.4501953125,12373.150390625,12256.7998046875,12336.5498046875,0,41.22439413841793
2013-02-18,12353.0,12399.849609375,12329.349609375,12347.2001953125,0,41.95147866511486
2013-02-19,12347.5498046875,12426.900390625,12303.7001953125,12413.650390625,0,46.40617353632501
2013-02-20,12460.400390625,12470.7001953125,12351.7001953125,12363.7001953125,0,43.691901580673466
2013-02-21,12295.150390625,12301.25,12036.4501953125,12055.5,0,31.46359445963141
2013-02-22,12024.400390625,12139.650390625,12024.400390625,12068.9501953125,0,32.3533931717385
2013-02-25,12119.9501953125,12137.849609375,11961.5,12037.2998046875,0,31.32284839941927
2013-02-26,11995.0,11995.0,11808.7998046875,11844.849609375,0,25.917083827642003
2013-02-27,11882.7001953125,11971.349609375,11838.349609375,11930.5,0,31.57680340885109
2013-02-28,12007.0,12041.4501953125,11401.2001953125,11487.349609375,0,22.148590061179462
2013-03-01,11533.0498046875,11592.5498046875,11458.7001953125,11540.0498046875,0,25.01590987536939
2013-03-04,11515.400390625,11602.5,11453.099609375,11575.599609375,0,26.969895013328497
2013-03-05,11642.7998046875,11814.0498046875,11623.650390625,11792.0498046875,0,37.62731364991081
2013-03-06,11871.5498046875,11904.150390625,11822.349609375,11876.2001953125,0,41.21877791353586
2013-03-07,11829.2001953125,11989.849609375,11819.599609375,11970.25,0,45.02856429425325
2013-03-08,12008.7998046875,12219.4501953125,12008.7998046875,12197.25,0,52.95422199023677
2013-03-11,12221.5,12241.2998046875,12130.25,12165.400390625,0,51.825200625645486
2013-03-12,12150.7001953125,12183.5,11970.900390625,12054.5,0,47.98854515679534
2013-03-13,11989.5498046875,11989.5498046875,11754.2998046875,11777.5,0,40.019369066047965
2013-03-14,11772.4501953125,12058.5498046875,11555.4501953125,12020.75,0,48.160656622304565
2013-03-15,11972.75,12034.9501953125,11749.849609375,11816.5498046875,0,42.896898271987816
2013-03-18,11679.349609375,11810.400390625,11625.599609375,11735.5,0,40.98228857637146
2013-03-19,11796.2001953125,11814.75,11416.75,11508.0498046875,0,36.11130593062937
2013-03-20,11491.7998046875,11491.7998046875,11231.75,11254.849609375,0,31.607561187918677
2013-03-21,11285.650390625,11512.099609375,11209.650390625,11238.349609375,0,31.33331443026458
2013-03-22,11275.4501953125,11331.2001953125,11173.349609375,11204.0498046875,0,30.736286975418253
2013-03-25,11327.400390625,11372.7998046875,11097.9501953125,11125.650390625,21000,29.35927067198233
2013-03-26,11067.349609375,11198.4501953125,11048.400390625,11163.4501953125,17400,30.965166550592073
2013-03-28,11188.9501953125,11413.25,11080.0498046875,11361.849609375,26200,38.82593593589787
2013-04-01,11414.9501953125,11460.599609375,11330.849609375,11425.5498046875,11700,41.143215172386405
2013-04-02,11430.849609375,11548.0498046875,11361.150390625,11523.400390625,14100,44.61393004324739
2013-04-03,11512.75,11590.599609375,11283.400390625,11344.099609375,18100,39.963536083129526
2013-04-04,11243.2001953125,11254.25,11105.099609375,11126.25,17800,35.167134541212945
2013-04-05,11120.150390625,11168.25,11021.400390625,11098.9501953125,19200,34.60660556778012
2013-04-08,11075.849609375,11133.849609375,11002.099609375,11012.650390625,14400,32.82543103551944
2013-04-09,11085.7998046875,11210.349609375,10897.150390625,10929.150390625,19800,31.15460560201099
2013-04-10,11009.4501953125,11143.599609375,10888.75,11122.25,22000,38.89996701831109
2013-04-11,11220.5,11341.849609375,11154.0498046875,11306.5,25100,45.23149416236872
2013-04-12,11239.150390625,11442.900390625,11236.0498046875,11410.099609375,18200,48.46521693724514
2013-04-15,11357.9501953125,11643.2998046875,11334.75,11526.25,21200,51.894577623371376
2013-04-16,11517.900390625,11906.25,11515.2998046875,11871.599609375,22700,60.344281888680264
2013-04-17,11924.7001953125,12112.25,11913.9501953125,11981.0498046875,26800,62.587183076242255
2013-04-18,11902.5498046875,12313.0,11891.9501953125,12288.25,24900,68.04944325129178
2013-04-22,12317.400390625,12637.9501953125,12317.400390625,12576.2001953125,25800,72.15341604576409
2013-04-23,12601.0498046875,12605.7001953125,12333.0,12543.400390625,22100,71.03415389382356
2013-04-25,12632.25,12755.7998046875,12611.5,12726.849609375,31000,73.50928336057251
2013-04-26,12679.2998046875,12679.900390625,12470.0,12533.150390625,19400,66.99931674742606
2013-04-29,12560.349609375,12661.25,12508.400390625,12609.150390625,16900,68.18966812552787
2013-04-30,12638.0,12658.599609375,12402.150390625,12561.5498046875,17300,66.57004311210935
2013-05-02,12554.7001953125,12783.2998046875,12552.849609375,12709.9501953125,21500,69.039025274257
2013-05-03,12678.900390625,12678.900390625,12364.7001953125,12393.599609375,25100,59.030366209633385
2013-05-06,12358.349609375,12436.0,12188.2998046875,12396.400390625,15300,59.08691700037402
2013-05-07,12404.5498046875,12649.4501953125,12404.5498046875,12631.5,16600,63.62559988806942
2013-05-08,12662.099609375,12694.400390625,12514.7001953125,12643.0498046875,14600,63.83784094577427
2013-05-09,12663.75,12718.900390625,12541.7998046875,12596.2998046875,27900,62.25442346376964
2013-05-10,12580.400390625,12783.0498046875,12580.400390625,12752.2998046875,19200,65.34350616305258
2013-05-13,12760.4501953125,12865.349609375,12546.25,12568.849609375,19700,59.20708172407787
2013-05-14,12567.5498046875,12698.349609375,12516.099609375,12583.599609375,13900,59.53611442774769
2013-05-15,12646.349609375,13099.349609375,12646.349609375,13077.900390625,27200,68.65930706388187
2013-05-16,13022.25,13281.7998046875,13022.25,13239.4501953125,21500,70.96352217084547
2013-05-17,13227.7998046875,13355.099609375,13116.849609375,13317.099609375,18100,72.02804191997556
2013-05-20,13332.7001953125,13414.2998046875,13150.2998046875,13181.5,15500,67.38224518059246
2013-05-21,13182.2001953125,13268.25,13038.0,13066.5,15700,63.633642061717865
2013-05-22,13105.099609375,13175.650390625,12932.2001953125,13008.25,14200,61.75946640598269
2013-05-23,12907.900390625,12944.0,12594.900390625,12636.5,23700,51.36244512688033
2013-05-24,12756.349609375,12828.599609375,12582.5,12769.349609375,16900,54.32187244628333
2013-05-27,12751.5,13014.75,12735.0498046875,12961.5498046875,16700,58.277242945869595
2013-05-28,12951.400390625,13016.4501953125,12872.900390625,12950.0,14100,57.95248748849063
2013-05-29,12931.349609375,12931.349609375,12773.400390625,12853.2001953125,12200,55.17723854310937
2013-05-30,12738.150390625,12829.5498046875,12721.4501953125,12805.900390625,24700,53.82095402012952
2013-05-31,12734.2998046875,12760.4501953125,12453.150390625,12475.650390625,20500,45.42526283994557
2013-06-03,12453.400390625,12499.849609375,12323.599609375,12402.099609375,14700,43.787015192939926
2013-06-04,12401.7001953125,12520.5498046875,12252.400390625,12275.099609375,12700,41.035078216222665
2013-06-05,12252.0498046875,12347.2998046875,12196.75,12289.349609375,14800,41.47950168440848
2013-06-06,12225.349609375,12475.0498046875,12184.0498046875,12398.400390625,15600,44.901958815774606
2013-06-07,12347.5498046875,12488.599609375,12209.25,12231.5,16600,40.95427385876516
2013-06-10,12292.650390625,12363.7998046875,12017.900390625,12087.0498046875,13700,37.85245313271706
2013-06-11,12007.75,12031.900390625,11795.4501953125,11820.5,22500,32.90061541257093
2013-06-12,11791.099609375,11899.0498046875,11732.349609375,11814.849609375,20300,32.80265150255559
2013-06-13,11693.900390625,11793.2998046875,11656.900390625,11686.75,15800,30.57960772479052
2013-06-14,11827.349609375,11947.349609375,11803.7998046875,11922.849609375,19500,38.810520019903564
2013-06-17,11928.2998046875,11992.9501953125,11735.25,11971.0498046875,18800,40.36505307297746
2013-06-18,11946.2001953125,11950.9501953125,11795.2001953125,11820.9501953125,15600,37.195963876845305
2013-06-19,11798.650390625,11867.2001953125,11738.7001953125,11852.650390625,13700,38.2977492454623
2013-06-20,11677.349609375,11677.349609375,11347.5498046875,11375.400390625,23900,29.8168806315103
2013-06-21,11323.349609375,11420.25,11210.75,11340.150390625,27200,29.300768622452978
2013-06-24,11272.2001953125,11275.400390625,11134.2001953125,11178.2998046875,19900,26.99064677439368
2013-06-25,11213.099609375,11325.5,11107.7998046875,11181.0498046875,29600,27.0958215020962
2013-06-26,11211.0,11261.650390625,11033.75,11066.5498046875,20600,25.451795093262106
2013-06-27,11225.5,11277.0498046875,11164.75,11235.75,27400,32.01615311040159
2013-06-28,11367.2001953125,11654.7001953125,11367.2001953125,11617.25,25500,43.99148350435505
2013-07-01,11597.4501953125,11733.099609375,11597.4501953125,11714.900390625,15800,46.58511454963096
2013-07-02,11703.9501953125,11752.900390625,11590.5,11614.25,16200,44.307613188763845
2013-07-03,11500.2998046875,11505.75,11322.7998046875,11357.7998046875,20700,39.06687564957844
2013-07-04,11389.650390625,11454.2998046875,11273.599609375,11381.2001953125,24300,39.76696513807657
2013-07-05,11485.849609375,11530.650390625,11418.0,11434.2998046875,15500,41.41195055282178
2013-07-08,11328.2001953125,11328.2001953125,11176.650390625,11283.2998046875,17400,38.215709419085854
2013-07-09,11365.2001953125,11458.2998046875,11353.0498046875,11442.4501953125,17100,43.19234833348518
2013-07-10,11477.5498046875,11540.900390625,11317.2001953125,11364.4501953125,16500,41.43096184814933
2013-07-11,11541.9501953125,11710.4501953125,11541.9501953125,11655.2998046875,16800,49.67255695064869
2013-07-12,11733.0498046875,11743.25,11589.4501953125,11722.7998046875,16000,51.38240160800083
2013-07-15,11678.900390625,11811.900390625,11621.75,11790.25,16100,53.09720614856197
2013-07-16,11459.400390625,11459.400390625,11209.75,11226.150390625,34500,40.29623621663754
2013-07-17,11264.0,11264.0,10829.75,10971.599609375,42500,36.07028830583021
2013-07-18,11033.5,11236.849609375,10837.75,11187.7001953125,39900,41.663558311359964
2013-07-19,11223.7998046875,11237.900390625,10934.25,10973.900390625,28800,38.110938559018855
2013-07-22,10948.400390625,11132.2001953125,10948.400390625,11086.9501953125,17800,40.97684484335744
2013-07-23,11218.7998046875,11285.7998046875,11195.0,11239.7001953125,20100,44.70287789923464
2013-07-24,11018.0498046875,11018.0498046875,10661.2998046875,10720.150390625,54000,36.30732684281678
2013-07-25,10667.0498046875,10772.7001953125,10594.599609375,10614.0,40800,34.86653383147157
2013-07-26,10701.25,10723.2998046875,10352.9501953125,10465.25,52100,32.89648549498935
2013-07-29,10451.849609375,10451.849609375,10310.650390625,10331.0,27000,31.183943817920536
2013-07-30,10339.099609375,10449.7001953125,10195.5,10209.5498046875,35100,29.6787056895476
2013-07-31,10164.650390625,10164.650390625,9863.0498046875,10015.75,60200,27.405437321509908
2013-08-01,10130.099609375,10219.400390625,9867.599609375,10142.9501953125,53400,31.133904617195427
2013-08-02,10162.150390625,10219.599609375,9958.400390625,9997.7998046875,38800,29.285512180732653
2013-08-05,10031.2998046875,10117.650390625,9818.5,10094.900390625,32500,32.185982279430036
2013-08-06,10013.599609375,10013.599609375,9660.2998046875,9703.099609375,37600,27.317162407688798
2013-08-07,9713.4501953125,9848.349609375,9667.5498046875,9757.25,43400,28.91760453443254
2013-08-08,9780.5498046875,9909.75,9724.7998046875,9816.400390625,32900,30.71235714514974
2013-08-12,9849.849609375,9853.9501953125,9669.099609375,9711.400390625,45700,29.298193255370123
2013-08-13,9666.5498046875,10007.599609375,9582.5498046875,9985.650390625,41000,37.405304719956426
2013-08-14,10010.150390625,10071.25,9912.349609375,10026.400390625,37500,38.53313144317455
2013-08-16,9887.900390625,9891.400390625,9420.150390625,9450.849609375,48400,30.244362941623876
2013-08-19,9425.5,9425.5,9087.0,9145.0,0,26.929313877880475
2013-08-20,8939.2001953125,9277.0498046875,8860.150390625,9218.9501953125,60800,28.956919027174635
2013-08-21,9652.0,9766.099609375,9129.25,9264.400390625,88400,30.238184393463698
2013-08-22,9194.849609375,9373.7998046875,9005.25,9268.900390625,73300,30.372078719137477
2013-08-23,9322.7998046875,9493.849609375,9215.849609375,9470.099609375,53500,36.262394784244115
2013-08-26,9529.7001953125,9586.650390625,9294.0498046875,9373.5498046875,39800,34.74346368313883
2013-08-27,9208.150390625,9208.150390625,8842.5,8870.5,54300,28.13164432889573
2013-08-28,8729.25,8869.7001953125,8366.75,8760.849609375,68000,26.928695736945627
2013-08-29,8897.0,8958.349609375,8759.849609375,8904.599609375,56800,31.088979783096505
2013-08-30,8891.900390625,9135.5498046875,8846.5498046875,9049.2001953125,79300,35.09229042660171
2013-09-02,9112.7998046875,9233.599609375,9086.75,9139.5,0,37.53281934689796
2013-09-03,9220.9501953125,9220.9501953125,8625.400390625,8664.2001953125,47700,30.938719518115192
2013-09-04,8688.650390625,8916.75,8605.650390625,8845.75,0,35.59337662962571
2013-09-05,9253.4501953125,9704.599609375,9253.4501953125,9682.400390625,95300,51.73697994178846
2013-09-06,9746.650390625,9989.849609375,9568.5,9961.400390625,67700,55.72260866989478
2013-09-10,10084.0,10304.900390625,10084.0,10188.25,54700,58.70842001005311
2013-09-11,10112.650390625,10409.150390625,9980.5,10369.099609375,62600,60.9681851510953
2013-09-12,10338.2998046875,10358.25,10070.9501953125,10158.5498046875,54800,57.053422326071185
2013-09-13,10067.150390625,10272.400390625,10037.2998046875,10180.4501953125,50600,57.36011255475293
2013-09-16,10418.5,10536.7001953125,10175.0498046875,10368.400390625,50000,60.0001229549654
2013-09-17,10320.849609375,10334.2998046875,10223.9501953125,10279.599609375,34200,58.16768181810281
2013-09-18,10327.150390625,10481.5,10241.9501953125,10447.849609375,35000,60.621593882023355
2013-09-19,10984.5,11219.4501953125,10984.5,11148.650390625,91500,68.82475327966452
2013-09-20,11163.9501953125,11188.099609375,10409.7998046875,10686.7998046875,89800,59.95982940738292
2013-09-23,10466.2998046875,10509.5498046875,10177.900390625,10211.7001953125,54800,52.47245442476703
2013-09-24,10063.0498046875,10289.75,10046.7001953125,10175.900390625,55000,51.94607056545169
2013-09-25,10191.849609375,10232.4501953125,9919.7001953125,10081.7001953125,48300,50.510229545319795
2013-09-26,10091.400390625,10189.400390625,10051.2001953125,10098.25,45300,50.767701258294906
2013-09-27,10131.650390625,10131.650390625,9883.9501953125,9899.75,34300,47.570954246950265
2013-09-30,9783.900390625,9815.0,9587.75,9617.7998046875,37000,43.39147867898711
2013-10-01,9685.150390625,9912.9501953125,9582.75,9883.2998046875,43000,48.022454405909976
2013-10-03,9946.2998046875,10241.4501953125,9888.7001953125,10222.9501953125,41700,53.28721612888172
2013-10-04,10171.4501953125,10328.75,10111.75,10197.150390625,39300,52.84931976675731
2013-10-07,10124.150390625,10124.150390625,9877.4501953125,10082.099609375,30300,50.84283484747905
2013-10-08,10418.849609375,10451.150390625,10090.599609375,10141.4501953125,41800,51.85823821611867
2013-10-09,10004.400390625,10360.349609375,9947.25,10334.9501953125,41700,55.113655398753274
2013-10-10,10309.2001953125,10372.0498046875,10199.5498046875,10288.9501953125,31800,54.17576674035953
2013-10-11,10423.599609375,10649.2998046875,10307.900390625,10622.150390625,41400,59.54591798421196
2013-10-14,10588.9501953125,10706.7998046875,10550.0,10665.25,37500,60.19570939837852
2013-10-15,10738.2001953125,10738.2001953125,10339.099609375,10389.25,38000,54.192652523688324
2013-10-17,10406.0498046875,10416.2001953125,10274.349609375,10336.5498046875,42000,53.10367399699845
2013-10-18,10387.2998046875,10784.0,10387.2998046875,10744.900390625,37500,59.838076286903636
2013-10-21,10751.7001953125,10871.75,10700.5498046875,10797.5498046875,32800,60.62321347754629
2013-10-22,10743.7998046875,10907.5498046875,10707.849609375,10809.099609375,49100,60.804237388222376
2013-10-23,10837.0498046875,10912.7998046875,10732.349609375,10880.650390625,49000,61.970615578938116
2013-10-24,10839.4501953125,11091.599609375,10839.4501953125,10902.4501953125,41800,62.338340136776914
2013-10-25,10880.849609375,10951.75,10797.599609375,10896.5,30400,62.16165938423848
2013-10-28,10924.4501953125,11002.400390625,10752.349609375,10773.2001953125,28173000,58.46390807530018
2013-10-29,10779.650390625,11268.2001953125,10669.0,11241.650390625,53600,66.59444928029197
2013-10-30,11284.849609375,11366.4501953125,11211.5,11249.349609375,35800,66.70978884048992
2013-10-31,11211.2998046875,11512.5,11170.0498046875,11473.150390625,79500,69.95694632142789
2013-11-01,11472.2001953125,11694.4501953125,11443.599609375,11628.650390625,88500,72.00051976186197
2013-11-05,11539.75,11736.2001953125,11462.099609375,11498.900390625,58800,67.85310419563305
2013-11-06,11510.400390625,11510.400390625,11269.9501953125,11292.5498046875,34800,61.76008137652103
2013-11-07,11320.849609375,11398.599609375,11024.75,11054.900390625,44200,55.5709893888207
2013-11-08,11011.0498046875,11067.0,10841.599609375,10913.150390625,42000,52.21016989520716
2013-11-11,10786.25,10940.5,10674.5,10758.4501953125,40200,48.745334619469766
2013-11-12,10755.650390625,10860.349609375,10543.150390625,10583.0498046875,41600,45.09151821292276
2013-11-13,10469.099609375,10652.2998046875,10412.0498046875,10523.349609375,55000,43.88574124821109
2013-11-14,10660.650390625,10891.900390625,10660.650390625,10811.2001953125,36300,50.72729272631697
2013-11-18,10962.25,11156.599609375,10962.25,11142.2998046875,35600,57.19243552840027
2013-11-19,11159.0498046875,11207.7001953125,11107.349609375,11187.849609375,36600,58.008723335973315
2013-11-20,11127.349609375,11156.5,10905.5498046875,10967.150390625,34300,52.75919910573107
2013-11-21,10866.2998046875,10866.2998046875,10657.849609375,10706.900390625,37500,47.32099918713329
2013-11-22,10796.4501953125,10820.0,10630.5498046875,10677.349609375,31700,46.73197380244954
2013-11-25,10780.599609375,11097.9501953125,10780.599609375,11083.400390625,35900,55.017494617542866
2013-11-26,11040.650390625,11133.400390625,10893.2998046875,10909.349609375,66600,51.33179474962573
2013-11-27,10941.599609375,10961.349609375,10827.75,10899.2998046875,30100,51.11885018364141
2013-11-28,10994.25,11062.150390625,10843.0,10906.75,30900,51.28020438968229
2013-11-29,10941.599609375,11186.150390625,10941.599609375,11153.9501953125,31900,56.42048793150093
2013-12-02,11180.2998046875,11347.4501953125,11180.2998046875,11284.349609375,25900,58.88479911669344
2013-12-03,11250.7001953125,11310.7001953125,11174.5,11211.2998046875,24300,56.942233120335345
2013-12-04,11158.7001953125,11216.0498046875,11107.75,11156.75,27800,55.47061743302103
2013-12-05,11469.349609375,11685.5498046875,11469.349609375,11665.099609375,55100,64.64144285228875
2013-12-06,11648.349609375,11770.650390625,11579.5,11720.2001953125,39300,65.47151843537281
2013-12-09,12206.9501953125,12225.9501953125,12007.2998046875,12065.900390625,45100,70.19855083208819
2013-12-10,12041.0,12067.4501953125,11774.9501953125,11843.4501953125,37400,64.11587691760108
2013-12-11,11747.4501953125,11877.75,11687.599609375,11784.349609375,28300,62.56477632713098
2013-12-12,11736.25,11781.7001953125,11622.7001953125,11635.5,26800,58.712265971606044
2013-12-13,11483.849609375,11534.349609375,11349.849609375,11366.900390625,29800,52.437490646741544
2013-12-16,11347.2001953125,11440.849609375,11309.7001953125,11372.9501953125,25600,52.56046948357722
2013-12-17,11412.7001953125,11418.099609375,11178.0,11208.650390625,25500,48.865203455953704
2013-12-18,11129.650390625,11572.2998046875,11117.4501953125,11357.900390625,49400,52.15582204407646
2013-12-19,11505.5498046875,11505.5498046875,11040.150390625,11087.4501953125,32100,46.3368631715785
2013-12-20,11117.7001953125,11318.5498046875,11074.5498046875,11292.349609375,24700,50.81420534227747
2013-12-23,11258.650390625,11453.4501953125,11258.650390625,11378.5,27400,52.60473057073678
2013-12-24,11399.150390625,11405.0,11287.2998046875,11330.650390625,23600,51.48370283882504
2013-12-26,11335.7998046875,11426.4501953125,11317.4501953125,11385.75,30300,52.73282807016353
2013-12-27,11409.25,11514.4501953125,11409.25,11459.7001953125,21100,54.428670590392194
2013-12-30,11532.599609375,11552.400390625,11355.0498046875,11376.0,18500,52.14813672092039
2013-12-31,11410.25,11427.849609375,11316.5498046875,11385.25,16700,52.385573124570655
2014-01-01,11418.900390625,11432.5498046875,11361.0,11385.599609375,12100,52.39518759418198
2014-01-02,11383.7998046875,11578.900390625,11150.2001953125,11183.2001953125,39900,46.53660770689778
2014-01-03,11098.25,11208.0,11052.599609375,11181.650390625,28200,46.493738265386476
2014-01-06,11174.349609375,11174.349609375,10996.9501953125,11049.0498046875,20500,42.856104655459
2014-01-07,11097.7998046875,11154.099609375,10892.150390625,11036.75,30300,42.52375627773121
2014-01-08,11071.75,11122.75,10988.7998046875,11053.7001953125,33400,43.17773048487554
2014-01-09,11068.900390625,11090.25,10925.150390625,10970.4501953125,29400,40.726716131160416
2014-01-10,10969.349609375,11056.900390625,10788.2001953125,10805.2998046875,35900,36.32183791318924
2014-01-13,10814.650390625,11070.2001953125,10814.650390625,11021.599609375,26100,44.75025461004808
2014-01-14,10989.150390625,11065.650390625,10922.599609375,10948.900390625,21600,42.70434769134355
2014-01-15,11000.2001953125,11164.099609375,10986.099609375,11125.400390625,35900,48.82185566973235
2014-01-16,11187.349609375,11192.7998046875,11070.0,11092.5498046875,22800,47.798906783108045
2014-01-17,11080.099609375,11081.9501953125,10893.75,10911.349609375,30600,42.50821193628676
2014-01-20,10909.900390625,11022.4501953125,10876.25,11007.5,17600,45.92833376923516
2014-01-21,11067.0498046875,11190.099609375,11036.400390625,11171.5,22400,51.25486543378085
2014-01-22,11164.25,11248.349609375,11094.7998046875,11207.349609375,21600,52.35964345768858
2014-01-23,11183.75,11221.099609375,11122.349609375,11199.0,21100,52.06367529981393
2014-01-24,11063.2001953125,11132.7001953125,10972.099609375,10982.400390625,26100,44.96328056223975
2014-01-27,10802.2998046875,10802.2998046875,10520.900390625,10540.400390625,37200,34.5949348140514
2014-01-28,10541.5,10708.0,10333.400390625,10507.599609375,46700,33.96892677765558
2014-01-29,10609.900390625,10644.2001953125,10406.9501953125,10437.75,27900,32.61543672810734
2014-01-30,10287.849609375,10314.25,10101.2001953125,10153.150390625,47900,27.761718231327038
2014-01-31,10193.5498046875,10266.4501953125,10130.2998046875,10237.75,44100,31.046643829712863
2014-02-03,10205.4501953125,10222.650390625,10089.25,10102.099609375,30400,28.786266967371077
2014-02-04,9983.650390625,10222.099609375,9944.0,10191.2001953125,35500,32.27417245896585
2014-02-05,10215.650390625,10254.0498046875,10112.5,10231.650390625,27700,33.8579826737779
2014-02-06,10257.099609375,10321.5,10107.7998046875,10205.2001953125,34800,33.30944164612039
2014-02-07,10311.9501953125,10321.099609375,10180.849609375,10263.2001953125,23100,35.76692477971562
2014-02-10,10287.349609375,10310.2998046875,10187.7998046875,10213.900390625,18000,34.59984060823372
2014-02-11,10242.099609375,10296.7998046875,10200.599609375,10245.4501953125,15200,36.038232394614404
2014-02-12,10307.599609375,10395.150390625,10307.599609375,10348.7998046875,24100,40.64358510689303
2014-02-13,10360.7001953125,10386.650390625,10113.7998046875,10135.7001953125,25800,35.04112271164182
2014-02-14,10169.0,10229.4501953125,10064.75,10203.75,28300,37.98107374152044
2014-02-17,10217.150390625,10358.0,10205.7998046875,10326.5498046875,20000,42.994915854150214
2014-02-18,10324.349609375,10618.849609375,10296.25,10575.2001953125,26100,51.538154075058394
2014-02-19,10548.349609375,10630.150390625,10520.2998046875,10609.599609375,20200,52.59659123989439
2014-02-20,10515.2998046875,10525.7001953125,10419.099609375,10428.2998046875,24200,46.795612916009034
2014-02-21,10429.2998046875,10584.75,10429.2998046875,10554.349609375,16400,50.85406799808051
2014-02-24,10508.9501953125,10711.650390625,10471.4501953125,10683.5,21300,54.66948639400021
2014-02-25,10742.150390625,10768.9501953125,10611.75,10666.75,19100,54.08305183609651
2014-02-26,10659.2001953125,10758.650390625,10659.2001953125,10730.400390625,20100,56.01395468627648
2014-02-28,10793.599609375,10793.599609375,10688.9501953125,10764.7001953125,23200,57.06182196216466
2014-03-03,10705.4501953125,10836.2001953125,10613.0,10651.9501953125,24100,52.62385931556197
2014-03-04,10661.400390625,10936.75,10661.400390625,10929.0498046875,36100,60.71127845721447
2014-03-05,10987.599609375,11122.5498046875,10899.400390625,11098.7998046875,46400,64.68804903840106
2014-03-06,11147.599609375,11303.2001953125,11117.25,11278.349609375,37200,68.33855611191477
2014-03-07,11357.900390625,11947.5,11332.599609375,11884.75,70900,76.9902710717246
2014-03-10,11784.5498046875,12157.900390625,11784.5498046875,12108.099609375,60300,79.24036948762841
2014-03-11,12132.0,12285.4501953125,11994.849609375,12043.150390625,55500,76.88581023215055
2014-03-12,11997.849609375,12142.900390625,11887.75,12024.099609375,33100,76.17086045306473
2014-03-13,12062.349609375,12308.7001953125,12062.349609375,12141.4501953125,34400,77.55537898441384
2014-03-14,11984.5,12090.0498046875,11867.150390625,12055.849609375,34700,74.17009276709477
2014-03-18,12093.2001953125,12268.75,12052.349609375,12114.849609375,38200,74.98071465568474
2014-03-19,12190.849609375,12256.4501953125,12132.400390625,12186.5498046875,33300,75.96777230958743
2014-03-20,12160.650390625,12160.650390625,11989.9501953125,12017.25,22800,69.0415133597329
2014-03-21,12083.4501953125,12123.150390625,12043.400390625,12092.349609375,33500,70.33362408949279
2014-03-24,12134.650390625,12423.0,12134.650390625,12408.150390625,31000,75.04947351410357
2014-03-25,12403.650390625,12523.7001953125,12394.2998046875,12450.0,25000,75.60294559810905
2014-03-26,12529.4501953125,12570.599609375,12469.150390625,12518.349609375,36200,76.51908250830984
2014-03-27,12560.900390625,12767.5,12513.099609375,12604.9501953125,55400,77.66355790260612
2014-03-28,12693.25,12787.5,12633.2998046875,12754.7001953125,48600,79.5222377019935
2014-03-31,12855.5,12869.349609375,12660.0498046875,12742.0498046875,40600,78.9247546224004
2014-04-01,12806.150390625,12806.150390625,12509.9501953125,12588.5,37900,71.8665561236449
2014-04-02,12674.349609375,12740.150390625,12542.349609375,12715.2998046875,40400,73.93918975640193
2014-04-03,12749.849609375,12754.75,12518.0,12563.849609375,35400,67.53903560444643
2014-04-04,12523.2998046875,12656.5,12430.849609375,12551.7001953125,29600,67.03772694504929
2014-04-07,12562.349609375,12615.349609375,12439.5498046875,12506.4501953125,27600,65.09962433083166
2014-04-09,12593.150390625,12957.5498046875,12548.4501953125,12937.400390625,40100,73.08145131980378
2014-04-10,12937.400390625,13055.599609375,12881.2001953125,12949.400390625,38400,73.26480700451938
2014-04-11,12822.25,12934.900390625,12777.9501953125,12840.2001953125,25000,68.68020961667945
2014-04-15,12830.5,12831.599609375,12537.7001953125,12579.900390625,27100,59.174670534897004
2014-04-16,12557.400390625,12727.0498046875,12514.75,12563.150390625,30600,58.61250902767202
2014-04-17,12564.5498046875,12819.099609375,12514.7998046875,12787.25,32600,63.5955120913553
2014-04-21,12845.2998046875,13002.75,12838.849609375,12958.5,30100,66.87737865324158
2014-04-22,12989.5498046875,13040.150390625,12913.900390625,12987.099609375,24800,67.40584809837074
2014-04-23,12961.349609375,13176.0498046875,12957.900390625,13122.099609375,49600,69.85110728635274
2014-04-25,13134.5,13268.599609375,12968.7998046875,13034.5,40100,66.37157841346152
2014-04-28,13038.9501953125,13116.0,12927.75,13081.5498046875,29700,67.313375963037
2014-04-29,13107.5498046875,13124.2998046875,12897.349609375,12910.5498046875,28100,60.66366613591758
2014-04-30,12946.099609375,13100.75,12738.599609375,12855.849609375,41100,58.66714582645265
2014-05-02,12920.349609375,12995.599609375,12818.849609375,12842.0,19400,58.14535857573425
2014-05-05,12841.400390625,12981.599609375,12773.0498046875,12880.650390625,33000,59.235008286959705
2014-05-06,12961.5,13012.5498046875,12917.150390625,12966.0498046875,24600,61.613014463674595
2014-05-07,12944.900390625,13017.0,12877.75,12938.2001953125,25800,60.376100254478736
2014-05-08,12982.75,13095.5,12952.5,13037.400390625,23500,63.20933683136613
2014-05-09,13023.400390625,13814.25,13017.900390625,13750.5,50600,76.31815448065916
2014-05-12,13801.0,14152.4501953125,13801.0,14085.0498046875,44400,79.93098246261958
2014-05-13,14269.25,14367.75,14105.650390625,14165.5498046875,62500,80.69418475964949
2014-05-14,14124.5498046875,14320.75,14063.599609375,14207.099609375,55100,81.09383023395175
2014-05-15,14186.099609375,14301.2998046875,14159.099609375,14236.5498046875,55300,81.38792375213586
2014-05-16,14675.599609375,15742.0498046875,14468.099609375,14853.0,103900,86.21993275601935
2014-05-19,15032.0,15305.650390625,15032.0,15222.150390625,57800,88.19619650333823
2014-05-20,15351.650390625,15362.5498046875,15087.7001953125,15111.2001953125,46800,84.28376354004143
2014-05-21,15126.599609375,15126.599609375,14857.5,14952.099609375,36900,78.88004646940274
2014-05-22,15009.900390625,15204.4501953125,14938.25,15055.5498046875,37500,79.78747708259655
2014-05-23,15091.7001953125,15321.25,14972.599609375,15285.5,53900,81.6724772250518
2014-05-26,15431.9501953125,15568.0498046875,14969.25,15175.900390625,52800,77.9415251647946
2014-05-27,15141.5,15158.400390625,14934.9501953125,15084.0,30600,74.8537167650129
2014-05-28,15075.599609375,15198.349609375,15032.4501953125,15173.349609375,27000,75.85524728984848
2014-05-29,15169.25,15254.5,15007.5,15030.2998046875,44800,70.98095550795198
2014-05-30,15093.099609375,15108.7998046875,14709.2998046875,14793.400390625,43300,63.68285529373757
2014-06-02,14786.4501953125,15321.7998046875,14770.0,15287.25,33500,70.49366392074842
2014-06-03,15335.849609375,15414.0498046875,15148.5,15257.5,36300,69.64631542031665
2014-06-04,15221.2998046875,15396.900390625,15171.150390625,15333.400390625,32600,70.61672247022068
2014-06-05,15250.599609375,15337.150390625,15152.400390625,15282.150390625,34700,69.01235475403857
2014-06-06,15405.75,15576.0498046875,15320.75,15543.150390625,39700,72.44569707680492
2014-06-09,15625.400390625,15725.7998046875,15522.849609375,15567.400390625,41900,72.74782139077065
2014-06-10,15585.400390625,15585.400390625,15337.849609375,15427.7998046875,30500,68.11746012541462
2014-06-11,15436.0498046875,15660.0498046875,15367.599609375,15450.5498046875,40200,68.46967057444257
2014-06-12,15456.25,15518.75,15293.400390625,15464.849609375,26800,68.70370280393058
2014-06-13,15506.75,15599.75,15083.900390625,15106.900390625,33000,57.248840934875176
2014-06-16,15055.2001953125,15091.2998046875,14858.900390625,15030.0,32700,55.12251164931819
2014-06-17,14982.349609375,15393.75,14933.25,15373.2001953125,36300,61.92021188769157
2014-06-18,15369.5,15461.5498046875,15128.4501953125,15220.400390625,36100,57.72766962903727
2014-06-19,15282.0498046875,15332.75,14976.150390625,15067.400390625,26200,53.79961517912869
2014-06-20,15064.4501953125,15195.5498046875,14978.5,14997.650390625,21900,52.06045765782357
2014-06-23,15014.2001953125,15148.0,14940.349609375,15076.349609375,25000,53.87234832563517
2014-06-24,15142.349609375,15341.9501953125,15142.349609375,15309.5,29100,58.836048819373474
2014-06-25,15320.9501953125,15320.9501953125,15221.150390625,15237.849609375,23400,56.812763023582846
2014-06-26,15247.099609375,15333.25,15020.650390625,15050.0,37300,51.784796007429556
2014-06-27,15092.25,15117.150390625,14946.849609375,14992.349609375,20200,50.313145713098784
2014-06-30,15059.099609375,15329.9501953125,15059.099609375,15241.900390625,29800,56.125545102480146
2014-07-01,15288.7998046875,15365.650390625,15261.150390625,15321.349609375,24800,57.81739834748475
2014-07-02,15464.5498046875,15519.2998046875,15414.849609375,15490.349609375,23700,61.241159705012
2014-07-03,15512.75,15554.7001953125,15431.5,15451.650390625,22300,60.03942982452837
2014-07-04,15458.75,15582.650390625,15305.0,15556.150390625,20800,62.19664080675255
2014-07-07,15589.5,15592.7998046875,15349.2001953125,15367.599609375,33200,56.29186623088395
2014-07-08,15437.400390625,15437.400390625,14889.349609375,14997.5,26400,46.88319005540691
2014-07-09,15008.25,15093.4501953125,14827.099609375,14931.099609375,30700,45.41651674848924
2014-07-10,14940.0,15371.0498046875,14621.9501953125,14821.7001953125,48100,43.02816596269894
2014-07-11,14796.900390625,14918.849609375,14406.650390625,14447.2001953125,33000,36.04097879006523
2014-07-14,14508.099609375,14561.75,14338.650390625,14489.75,28200,37.28703408512649
2014-07-15,14601.849609375,14919.5498046875,14601.849609375,14891.900390625,32900,47.664822558899516
2014-07-16,15033.9501953125,15299.7998046875,15006.4501953125,15265.4501953125,39300,55.097755671366194
2014-07-17,15258.9501953125,15301.9501953125,15156.0,15269.0498046875,26100,55.163838176081484
2014-07-18,15169.0,15463.150390625,15089.2998046875,15389.349609375,30500,57.419250651430204
2014-07-21,15510.0,15554.900390625,15355.349609375,15385.9501953125,26100,57.33148702009483
2014-07-22,15440.349609375,15473.349609375,15306.349609375,15427.349609375,21700,58.17001883370104
2014-07-23,15513.4501953125,15626.900390625,15398.7001953125,15463.0,31100,58.918723852372686
2014-07-24,15471.349609375,15559.099609375,15410.2001953125,15534.349609375,28200,60.444672944957674
2014-07-25,15494.849609375,15571.900390625,15272.4501953125,15322.25,27800,54.020890681358665
2014-07-28,15399.5,15403.900390625,15162.0498046875,15212.150390625,22700,50.991461315666115
2014-07-30,15256.2001953125,15470.599609375,15184.650390625,15452.400390625,29200,56.69796031870498
2014-07-31,15447.900390625,15499.5,15233.0,15267.599609375,39200,51.710265734233396
2014-08-01,15137.599609375,15417.25,15096.099609375,15127.7998046875,36300,48.25217223854735
2014-08-04,15242.25,15326.150390625,15128.099609375,15242.349609375,22900,51.135699861554045
2014-08-05,15283.599609375,15343.5,15105.900390625,15293.25,27400,52.404830462712646
2014-08-06,15209.0498046875,15239.349609375,14983.5,15008.650390625,21300,45.317559821646604
2014-08-07,15004.849609375,15135.099609375,14956.849609375,14986.849609375,22000,44.81755032508458
2014-08-08,14831.75,14858.9501953125,14709.099609375,14765.75,27200,39.99756327188324
2014-08-11,14858.75,14896.900390625,14807.0,14846.7998046875,20900,42.44131618269848
2014-08-12,14943.7998046875,15078.099609375,14850.150390625,15056.7001953125,19700,48.31242972453587
2014-08-13,15007.25,15078.349609375,14843.7998046875,14910.900390625,27200,44.887413853637355
2014-08-14,14954.2001953125,15144.75,14940.2998046875,15089.650390625,24700,49.60445482142569
2014-08-18,15099.7001953125,15465.0498046875,15068.349609375,15439.75,28400,57.311080708111234
2014-08-19,15507.0498046875,15624.349609375,15469.849609375,15524.650390625,31900,58.95047352000324
2014-08-20,15566.75,15566.75,15448.900390625,15481.7001953125,19900,57.74237419685591
2014-08-21,15475.5,15721.9501953125,15462.5,15662.2001953125,34500,61.329086336614616
2014-08-22,15699.0498046875,15865.2998046875,15696.2998046875,15819.150390625,32000,64.1763677022389
2014-08-25,15817.5498046875,15973.349609375,15625.4501953125,15669.0,22500,59.651396134172515
2014-08-26,15530.650390625,15674.5498046875,15503.400390625,15624.099609375,21100,58.326997635130425
2014-08-27,15745.599609375,15758.849609375,15669.0498046875,15717.650390625,18400,60.304518715528495
2014-08-28,15758.0498046875,15794.599609375,15688.150390625,15740.400390625,27100,60.79178024095606
2014-09-01,15790.25,16060.2001953125,15790.25,16012.7998046875,23700,66.14966609504359
2014-09-02,16049.75,16170.849609375,16047.2998046875,16130.5498046875,26300,68.17424399724695
2014-09-03,16208.5498046875,16208.5498046875,16048.099609375,16110.0,30700,67.41641942285611
2014-09-04,16102.900390625,16114.75,15926.650390625,16033.5498046875,21700,64.54202396447742
2014-09-05,16030.4501953125,16111.0,15891.75,15982.5,21500,62.62199447230712
2014-09-08,16084.2001953125,16222.5498046875,16049.25,16206.7001953125,20500,67.2323759028601
2014-09-09,16171.7998046875,16199.099609375,16085.7001953125,16156.75,17500,65.2998781749792
2014-09-10,16173.5,16190.5,16053.900390625,16151.75,20600,65.09816846732801
2014-09-11,16197.2998046875,16309.7001953125,16166.849609375,16204.150390625,30000,66.27395648086852
2014-09-12,16208.0,16278.650390625,16145.7001953125,16254.150390625,22600,67.40241701099526
2014-09-15,16158.650390625,16239.7001953125,16106.0498046875,16167.5498046875,27100,63.442923167663174
2014-09-16,16160.7001953125,16169.599609375,15814.650390625,15844.099609375,28600,51.31740832785483
2014-09-17,15926.849609375,15937.2998046875,15799.7001953125,15838.599609375,22300,51.13842839760256
2014-09-18,15778.75,16173.7998046875,15770.7998046875,16156.849609375,21600,59.8618584935528
2014-09-19,16197.5,16197.5,16064.599609375,16152.150390625,23900,59.69239319631529
2014-09-22,16052.5498046875,16272.349609375,16021.150390625,16194.5498046875,19100,60.77146790915973
2014-09-23,16194.400390625,16240.5498046875,15894.5498046875,15902.849609375,23900,50.712738728357
2014-09-24,15883.4501953125,15954.4501953125,15625.849609375,15740.2998046875,26000,46.130612727638955
2014-09-25,15690.5,15734.099609375,15213.349609375,15299.0498046875,41700,36.49171826374788
2014-09-26,15262.900390625,15666.400390625,15168.400390625,15607.25,37300,45.11760809936232
2014-09-29,15636.4501953125,15636.4501953125,15420.7998046875,15473.5498046875,20400,42.42554759438921
2014-09-30,15441.349609375,15596.099609375,15336.7001953125,15392.25,28400,40.83017497557561
2014-10-01,15370.7001953125,15377.599609375,15270.9501953125,15316.2001953125,20700,39.339917177987054
2014-10-07,15214.25,15344.599609375,15157.7001953125,15180.25,20600,36.75713249724088
2014-10-08,15130.349609375,15371.7998046875,15130.349609375,15344.0,19800,41.72029254115557
2014-10-09,15434.349609375,15795.650390625,15434.349609375,15741.2001953125,27800,51.63520541791842
2014-10-10,15603.4501953125,15628.75,15439.349609375,15453.7998046875,24200,45.591319169970646
2014-10-13,15360.7001953125,15705.7001953125,15301.650390625,15677.5,26100,50.4526430645957
2014-10-14,15790.9501953125,15843.7001953125,15560.25,15751.5498046875,32200,51.98208125777746
2014-10-16,15690.349609375,15836.150390625,15477.0498046875,15541.599609375,30900,47.504690666399995
2014-10-17,15617.349609375,15973.5,15603.4501953125,15929.7998046875,31300,55.19013685335038
2014-10-20,16259.7001953125,16297.25,16157.0498046875,16216.599609375,32100,59.865103523765484
2014-10-21,16281.9501953125,16452.849609375,16269.0,16427.25,37100,62.92465785608493
2014-10-22,16570.400390625,16572.5,16365.599609375,16444.69921875,22200,63.175082008698936
2014-10-27,16538.900390625,16664.30078125,16470.849609375,16556.599609375,22900,64.8163237723019
2014-10-28,16607.5,16702.30078125,16607.5,16667.0,18100,66.40707505379386
2014-10-29,16770.19921875,16770.19921875,16596.25,16634.05078125,19000,65.45588141644886
2014-10-30,16606.5,16776.349609375,16561.349609375,16760.05078125,32000,67.38007034614407
2014-10-31,16812.44921875,17060.150390625,16783.650390625,17045.05078125,30100,71.27731468030919
2014-11-03,17087.0,17168.400390625,16934.849609375,17134.099609375,27900,72.38738424515986
2014-11-05,17201.44921875,17425.19921875,17157.80078125,17352.94921875,26900,74.94974116278797
2014-11-07,17366.849609375,17383.599609375,17202.19921875,17347.05078125,27500,74.7484104988543
2014-11-10,17364.650390625,17412.0,17203.0,17262.400390625,18600,71.76884844840694
2014-11-11,17266.25,17434.150390625,17220.44921875,17390.19921875,22500,73.48711318896991
2014-11-12,17461.44921875,17635.900390625,17453.44921875,17587.05078125,27100,75.91843715698857
2014-11-13,17645.30078125,17651.0,17389.650390625,17453.0,23700,71.13454337704425
2014-11-14,17460.55078125,17601.150390625,17410.5,17576.80078125,27000,72.83690655119136
2014-11-17,17571.69921875,17676.599609375,17469.25,17640.400390625,26900,73.69517844411338
2014-11-18,17672.849609375,17750.25,17601.150390625,17702.55078125,24200,74.5417210129318
2014-11-19,17739.19921875,17745.69921875,17557.099609375,17585.650390625,19800,69.97984772537308
2014-11-20,17649.349609375,17681.80078125,17546.69921875,17645.05078125,38100,70.95261481273687
2014-11-21,17767.75,18139.94921875,17716.650390625,18056.30078125,56300,76.60488019364587
2014-11-24,18128.599609375,18313.099609375,18119.650390625,18281.94921875,40400,79.01747482167457
2014-11-25,18261.94921875,18261.94921875,17992.5,18037.05078125,57600,70.51790664967376
2014-11-26,17914.349609375,18128.150390625,17890.849609375,17975.94921875,32400,68.537063033361
2014-11-27,17988.69921875,18054.650390625,17898.400390625,18022.5,44000,69.2458470088099
2014-11-28,18082.400390625,18615.400390625,18082.400390625,18513.150390625,67200,75.50851750693494
2014-12-01,18586.94921875,18676.099609375,18497.0,18525.30078125,43700,75.64080582176462
2014-12-02,18434.75,18601.849609375,18301.0,18555.849609375,54700,75.99192356234398
2014-12-03,18549.75,18723.650390625,18518.0,18645.849609375,44100,77.04185118141955
2014-12-04,18758.80078125,18793.150390625,18575.349609375,18782.849609375,46300,78.57764180885962
2014-12-05,18827.599609375,18875.44921875,18706.25,18756.75,41400,77.51381149291929
2014-12-08,18804.94921875,18804.94921875,18486.55078125,18510.05078125,32500,68.12523337265966
2014-12-09,18499.94921875,18585.349609375,18248.099609375,18290.650390625,39700,61.04386684420288
2014-12-10,18183.099609375,18532.900390625,18183.099609375,18462.94921875,0,64.19177115127147
2014-12-11,18427.5,18529.650390625,18218.400390625,18405.0,0,62.366419933576324
2014-12-12,18413.69921875,18501.75,18236.55078125,18299.75,38100,59.08040346125678
2014-12-15,18176.69921875,18470.05078125,18157.25,18372.650390625,0,60.62779800222377
2014-12-16,18249.0,18308.94921875,17776.349609375,17830.55078125,0,46.5353454346674
2014-12-17,17762.25,18051.849609375,17502.44921875,17865.75,0,47.39044760166062
2014-12-18,18238.0,18356.30078125,18109.349609375,18326.599609375,0,57.07123202692573
2014-12-19,18545.69921875,18563.599609375,18413.75,18478.900390625,63600,59.709826627379286
2014-12-22,18562.349609375,18801.150390625,18424.0,18747.349609375,0,63.91944000433498
2014-12-23,18746.80078125,18923.599609375,18558.5,18603.75,0,60.29059481857282
2014-12-24,18582.75,18709.150390625,18493.30078125,18535.349609375,0,58.58448072406679
2014-12-26,18602.55078125,18681.75,18448.599609375,18557.19921875,0,58.98376669877544
2014-12-29,18589.599609375,18700.69921875,18501.05078125,18528.349609375,0,58.186100587892206
2014-12-30,18573.25,18671.94921875,18428.099609375,18647.55078125,0,60.55942521038403
2014-12-31,18659.599609375,18774.19921875,18659.599609375,18736.650390625,0,62.28270946634889
2015-01-01,18728.19921875,18781.55078125,18638.849609375,18750.44921875,20500,62.555577031521175
2015-01-02,18752.19921875,19118.849609375,18752.19921875,19057.80078125,0,68.09264806058079
2015-01-05,19155.19921875,19166.0,18987.69921875,19017.400390625,0,66.69650207353416
2015-01-06,18874.599609375,18874.599609375,18388.349609375,18430.75,0,50.50340973659206
2015-01-07,18382.55078125,18482.05078125,18211.5,18304.25,0,47.808009622047805
2015-01-08,18587.099609375,18752.30078125,18486.19921875,18701.400390625,0,55.78628000507804
2015-01-09,18845.900390625,18864.0,18479.650390625,18637.25,0,54.34129328496992
2015-01-12,18632.0,18822.05078125,18530.099609375,18795.849609375,0,57.286965202705716
2015-01-13,18889.0,18920.650390625,18642.80078125,18707.19921875,0,55.145390592578195
2015-01-14,18670.400390625,18769.650390625,18517.900390625,18603.80078125,0,52.67209517369979
2015-01-15,19340.44921875,19410.400390625,19061.349609375,19235.650390625,0,63.45774945675499
2015-01-16,19274.150390625,19275.80078125,19108.349609375,19223.150390625,0,63.15113589634328
2015-01-19,19345.650390625,19434.19921875,19299.099609375,19406.05078125,0,65.75820486587317
2015-01-20,19446.80078125,19808.25,19446.80078125,19767.05078125,0,70.23450122804641
2015-01-21,19811.849609375,19964.94921875,19803.150390625,19843.25,0,71.09348708282312
2015-01-22,19898.5,19964.25,19788.69921875,19917.650390625,0,71.94481212715009
2015-01-23,20133.849609375,20167.650390625,19967.349609375,20072.69921875,0,73.68419173592261
2015-01-27,20179.80078125,20609.25,20098.25,20555.25,0,78.21173889391102
2015-01-28,20507.5,20907.55078125,20435.0,20491.75,0,76.3502011753169
2015-01-29,20475.69921875,20579.0,20338.94921875,20528.599609375,0,76.69682533955833
2015-01-30,20600.650390625,20600.650390625,19732.44921875,19843.75,0,59.30114338033126
2015-02-02,19778.94921875,19991.400390625,19564.5,19865.900390625,0,59.620149954631614
2015-02-03,19941.69921875,19963.69921875,19303.5,19382.94921875,0,50.352944076020215
2015-02-04,19423.25,19423.25,19113.349609375,19174.0,0,46.9524923871041
2015-02-05,19170.150390625,19444.650390625,18977.900390625,19051.900390625,0,45.03844225626728
2015-02-06,19066.25,19119.69921875,18740.349609375,18786.69921875,72600,41.117691551537206
2015-02-09,18650.0,18667.05078125,18379.599609375,18403.849609375,0,36.21622045459085
2015-02-10,18242.94921875,18933.69921875,18226.900390625,18752.5,0,42.89254113146343
2015-02-11,18890.75,19051.80078125,18890.75,18940.80078125,0,46.16972057332313
2015-02-12,19073.44921875,19176.80078125,18739.849609375,19128.599609375,0,49.2949644784232
2015-02-13,19284.30078125,19441.0,19164.25,19369.69921875,0,53.062565798766954
2015-02-16,19518.849609375,19532.69921875,19127.150390625,19189.94921875,0,50.07516616186855
2015-02-18,19226.400390625,19389.80078125,19171.900390625,19296.5,0,51.80721265648553
2015-02-19,19296.150390625,19377.44921875,18876.25,19188.30078125,0,49.913504073984164
2015-02-20,19157.30078125,19307.80078125,18882.25,19073.55078125,61900,47.91322064320281
2015-02-23,19199.150390625,19219.75,18835.349609375,18913.400390625,0,45.191224069061875
2015-02-24,18940.44921875,19022.150390625,18737.75,18883.80078125,0,44.68592830777619
2015-02-25,18969.19921875,19069.150390625,18700.19921875,18733.05078125,0,42.103850138701965
2015-02-26,18781.400390625,18795.099609375,18489.599609375,18538.099609375,0,38.96796905221142
2015-02-27,18659.650390625,19114.44921875,18654.849609375,19074.55078125,0,50.00294164598287
2015-03-02,19954.5,20065.5,19750.849609375,20008.099609375,0,62.65665902067397
2015-03-03,20043.400390625,20043.400390625,19821.55078125,19961.19921875,0,61.8102922973508
2015-03-04,20541.650390625,20541.650390625,19555.099609375,19643.900390625,0,56.272179766247326
2015-03-05,19605.599609375,19830.349609375,19398.75,19748.0,58100,57.61398320255576
2015-03-09,19545.25,19545.25,19112.650390625,19145.55078125,0,48.36456554018788
2015-03-10,19170.30078125,19271.80078125,18915.099609375,19054.400390625,0,47.13168159792272
2015-03-11,19050.30078125,19181.80078125,18917.900390625,19044.0,0,46.98450952627076
2015-03-12,19201.099609375,19255.900390625,19095.30078125,19141.849609375,0,48.61036569748369
2015-03-13,19359.75,19376.849609375,18737.349609375,18779.80078125,0,43.31701579455016
2015-03-16,18786.650390625,18912.849609375,18688.0,18837.349609375,0,44.354275571199985
2015-03-17,18961.30078125,19121.849609375,18781.5,19058.25,0,48.26756888803991
2015-03-18,19080.25,19234.400390625,18937.25,19147.25,0,49.7993549186633
2015-03-19,19345.69921875,19373.44921875,18739.849609375,18811.150390625,0,44.44705004912825
2015-03-20,18778.80078125,18782.94921875,18541.5,18606.349609375,0,41.51878712523151
2015-03-23,18695.05078125,18696.69921875,18409.900390625,18449.0,0,39.372541984788995
2015-03-24,18348.349609375,18546.25,18289.75,18331.44921875,0,37.80045619548675
2015-03-25,18364.30078125,18433.0,18271.599609375,18310.099609375,0,37.50753526145924
2015-03-26,18138.80078125,18224.099609375,17729.099609375,17831.650390625,0,31.598111934666818
2015-03-27,18013.650390625,18092.400390625,17719.349609375,18044.80078125,0,36.405211009558634
2015-03-30,18160.19921875,18393.25,18089.44921875,18361.80078125,0,42.839077244184395
2015-03-31,18424.099609375,18494.349609375,18158.55078125,18206.650390625,0,40.67034162856545
2015-04-01,18204.55078125,18668.849609375,18131.400390625,18617.849609375,45700,48.16080739881934
2015-04-06,18702.599609375,18702.599609375,18455.19921875,18605.44921875,0,47.964144946010364
2015-04-07,18666.599609375,18669.599609375,18351.80078125,18469.30078125,0,45.754980496889914
2015-04-08,18559.55078125,18595.599609375,18381.55078125,18416.599609375,0,44.89302955712009
2015-04-09,18523.349609375,18894.75,18401.44921875,18875.849609375,0,53.17178984267352
2015-04-10,18869.849609375,18896.5,18724.94921875,18800.849609375,54200,51.80308078297371
2015-04-13,18842.25,18890.650390625,18708.30078125,18798.25,43800,51.753352911737046
2015-04-15,18848.650390625,19038.5,18615.849609375,18716.30078125,0,50.12001195539013
2015-04-16,18731.650390625,18731.650390625,18504.69921875,18637.05078125,0,48.52507431810391
2015-04-17,18618.5,18625.75,18321.75,18345.55078125,57300,43.09302734016515
2015-04-20,18386.25,18500.30078125,17984.650390625,18112.75,0,39.30847861525933
2015-04-21,18102.30078125,18328.349609375,18036.900390625,18105.75,0,39.19700853608721
2015-04-22,18196.849609375,18297.19921875,17798.650390625,18243.69921875,0,42.64861949459591
2015-04-23,18350.349609375,18433.80078125,18143.75,18245.599609375,0,42.69687906877839
2015-04-24,18290.75,18290.75,17916.80078125,18001.900390625,52300,38.25172722799821
2015-04-27,18063.599609375,18075.69921875,17738.900390625,17767.599609375,0,34.52963801909988
2015-04-28,17766.55078125,18320.099609375,17766.55078125,18246.25,0,46.07385469655334
2015-04-29,18255.80078125,18431.900390625,18202.400390625,18302.650390625,0,47.25405888253706
2015-04-30,18318.849609375,18430.05078125,18163.900390625,18338.099609375,92200,48.02402158190131
2015-05-04,18417.5,18586.30078125,18350.94921875,18501.30078125,0,51.531850224536086
2015-05-05,18500.0,18563.05078125,18396.80078125,18471.44921875,0,50.85576051112108
2015-05-06,18436.900390625,18580.099609375,17757.69921875,17799.55078125,0,38.58506723900627
2015-05-07,17751.400390625,17751.400390625,17246.55078125,17376.900390625,0,33.164285523331884
2015-05-08,17600.25,17907.5,17600.25,17796.599609375,89000,41.894090310551185
2015-05-11,17921.150390625,18240.650390625,17841.75,18199.75,0,48.810636397151654
2015-05-12,18193.55078125,18193.55078125,17597.75,17628.650390625,0,41.309188525036156
2015-05-13,17779.25,18127.80078125,17650.349609375,18097.44921875,0,48.3291619591829
2015-05-14,18071.0,18156.94921875,17806.099609375,18116.19921875,0,48.59399893094484
2015-05-15,18178.400390625,18260.30078125,18108.55078125,18183.150390625,63100,49.587600057885254
2015-05-18,18274.599609375,18439.69921875,18213.75,18422.94921875,0,53.085286545931694
2015-05-19,18364.900390625,18556.05078125,18296.75,18380.400390625,0,52.39070541259544
2015-05-20,18432.599609375,18619.599609375,18432.599609375,18555.150390625,0,54.99519125789436
2015-05-21,18593.849609375,18603.80078125,18398.650390625,18513.150390625,0,54.22736049169016
2015-05-22,18560.849609375,18755.44921875,18354.55078125,18433.30078125,110200,52.72031292063062
2015-05-25,18405.05078125,18475.55078125,18302.5,18324.849609375,0,50.66097245116435
2015-05-26,18339.099609375,18378.19921875,18226.0,18329.30078125,0,50.74601110592073
2015-05-27,18299.650390625,18561.5,18236.25,18538.849609375,0,54.70405558700125
2015-05-28,18562.75,18639.650390625,18381.75,18449.19921875,0,52.750969694501144
2015-05-29,18486.400390625,18751.19921875,18461.44921875,18721.349609375,0,57.689435969336344
2015-06-01,18721.150390625,18832.5,18598.69921875,18617.0,0,55.30265944299917
2015-06-02,18656.05078125,18656.05078125,17932.30078125,17977.30078125,0,43.43800675649103
2015-06-03,17978.150390625,17978.150390625,17567.19921875,17721.400390625,0,39.76292388375853
2015-06-04,17757.349609375,17777.900390625,17469.650390625,17719.19921875,0,39.73178500183759
2015-06-05,17679.900390625,17786.5,17506.25,17549.25,0,37.302846197118576
2015-06-08,17542.5,17561.400390625,17358.44921875,17432.599609375,0,35.69005756628934
2015-06-09,17413.44921875,17560.5,17392.94921875,17489.900390625,0,37.128033304268236
2015-06-10,17485.900390625,17782.0,17485.900390625,17707.25,0,42.39006907815364
2015-06-11,17819.599609375,17821.900390625,17264.19921875,17304.400390625,0,36.32218251527342
2015-06-12,17298.44921875,17551.349609375,17174.69921875,17523.55078125,0,41.249063885148196
2015-06-15,17499.349609375,17579.0,17366.150390625,17458.69921875,0,40.25644566780226
2015-06-16,17368.44921875,17651.900390625,17293.44921875,17602.44921875,0,43.50188994737376
2015-06-17,17681.19921875,17692.55078125,17533.44921875,17584.05078125,0,43.178587269890826
2015-06-18,17661.900390625,17797.349609375,17630.650390625,17733.55078125,0,46.64830639886924
2015-06-19,17758.94921875,17935.30078125,17730.69921875,17880.849609375,43900,49.89475313464147
2015-06-22,17956.55078125,18420.94921875,17950.599609375,18334.5,0,58.30890029267882
2015-06-23,18414.55078125,18499.599609375,18287.25,18391.349609375,0,59.23280796853966
2015-06-24,18403.900390625,18499.75,18304.94921875,18365.55078125,0,58.59816941553174
2015-06-25,18312.849609375,18539.150390625,18278.69921875,18492.900390625,0,60.82921637326294
2015-06-26,18461.599609375,18461.599609375,18199.25,18371.5,0,57.640443190569755
2015-06-29,17962.5,18291.75,17821.900390625,18241.25,0,54.3485788405272
2015-06-30,18204.849609375,18342.5,18086.80078125,18296.099609375,0,55.50108830174742
2015-07-01,18275.599609375,18629.150390625,18261.900390625,18581.599609375,0,61.017727793546534
2015-07-02,18605.099609375,18642.849609375,18513.30078125,18585.55078125,0,61.08962220859207
2015-07-03,18535.69921875,18756.650390625,18535.69921875,18729.650390625,37500,63.71773477913557
2015-07-06,18488.349609375,18855.900390625,18417.349609375,18825.150390625,0,65.3863315429916
2015-07-07,18794.099609375,18980.650390625,18713.150390625,18798.5,0,64.49494196835163
2015-07-08,18579.650390625,18669.44921875,18402.849609375,18463.150390625,0,54.43808396018461
2015-07-09,18442.150390625,18584.0,18409.19921875,18508.69921875,0,55.45411812063707
2015-07-10,18584.94921875,18767.80078125,18534.55078125,18719.80078125,0,59.91561393489708
2015-07-13,18753.80078125,18929.19921875,18657.599609375,18893.55078125,0,63.18396010828688
2015-07-14,18913.75,18940.849609375,18734.400390625,18780.19921875,0,59.76058092970202
2015-07-15,18801.5,18894.900390625,18773.900390625,18816.25,0,60.493719649811695
2015-07-16,18870.5,19195.400390625,18867.5,19168.05078125,0,66.84241084331269
2015-07-17,19175.30078125,19229.05078125,19069.30078125,19094.69921875,0,64.51446736774452
2015-07-20,19126.099609375,19149.05078125,18852.69921875,19032.69921875,0,62.53207255692522
2015-07-21,19042.94921875,19101.5,18702.44921875,18723.400390625,0,53.671740754486514
2015-07-22,18683.30078125,19038.150390625,18613.599609375,18997.0,0,59.181426933362225
2015-07-23,18990.849609375,19091.44921875,18819.25,18865.0,0,55.73736871022057
2015-07-24,18832.44921875,18860.75,18613.55078125,18635.849609375,0,50.26833151452806
2015-07-27,18566.55078125,18566.55078125,18187.44921875,18213.05078125,0,42.06669269679048
2015-07-28,18250.650390625,18379.099609375,18174.19921875,18282.80078125,0,43.698691289437
2015-07-29,18331.55078125,18383.650390625,18264.30078125,18323.400390625,0,44.675636504749576
2015-07-30,18383.0,18521.75,18367.19921875,18440.400390625,0,47.502711212106625
2015-07-31,18489.849609375,18828.849609375,18474.80078125,18729.849609375,0,53.79337291123195
2015-08-03,18782.650390625,19016.400390625,18782.650390625,18914.69921875,0,57.31142265336896
2015-08-04,18968.25,19067.349609375,18758.900390625,18972.599609375,0,58.380339402285585
2015-08-05,19047.30078125,19103.69921875,18868.650390625,18928.55078125,0,57.206747760992826
2015-08-06,18946.30078125,19100.55078125,18830.400390625,19029.349609375,0,59.22665994558565
2015-08-07,18992.80078125,19019.650390625,18849.150390625,18893.55078125,0,55.43060870873202
2015-08-10,18926.099609375,19071.349609375,18781.30078125,18875.0,0,54.91283551849545
2015-08-11,18918.55078125,18918.55078125,18555.5,18616.900390625,0,48.1709013083308
2015-08-12,18515.19921875,18515.19921875,18034.75,18059.75,0,37.47491051664376
2015-08-13,18211.5,18359.25,18080.5,18175.400390625,0,40.431637714690396
2015-08-14,18275.5,18766.0,18193.099609375,18723.599609375,0,52.015081330638566
2015-08-17,18763.05078125,18896.44921875,18580.650390625,18822.05078125,0,53.75432454223263
2015-08-18,18862.150390625,18874.099609375,18595.5,18780.849609375,0,52.89034136544917
2015-08-19,18753.44921875,18803.5,18636.099609375,18703.25,0,51.22051815161233
2015-08-20,18533.25,18711.349609375,18219.900390625,18283.099609375,0,43.25737991401393
2015-08-21,17978.25,18118.80078125,17842.099609375,18057.19921875,0,39.68495527301148
2015-08-24,17446.349609375,17446.349609375,16740.69921875,16811.80078125,0,26.628493924953517
2015-08-25,17084.150390625,17269.150390625,16670.55078125,17192.75,0,33.80284121851891
2015-08-26,17113.099609375,17172.19921875,16875.5,16917.650390625,0,31.41400773184968
2015-08-27,17175.650390625,17249.5,17061.849609375,17214.400390625,0,36.617417640724156
2015-08-28,17425.30078125,17569.80078125,17099.80078125,17211.94921875,0,36.59272229821825
2015-08-31,17137.25,17353.30078125,17028.900390625,17146.55078125,0,35.897113353797224
2015-09-01,16983.80078125,16983.80078125,16436.849609375,16530.30078125,0,30.092167739507005
2015-09-02,16703.94921875,16714.5,16218.650390625,16252.7001953125,0,27.90319341368138
2015-09-03,16404.94921875,16607.400390625,16320.5498046875,16555.400390625,0,33.57709821044452
2015-09-04,16444.19921875,16444.19921875,15933.150390625,16129.099609375,85700,29.996727436844324
2015-09-07,16222.2001953125,16273.349609375,15762.2001953125,15790.099609375,0,27.486714674498074
2015-09-08,15888.5,16419.0,15819.5498046875,16350.9501953125,0,36.89476447880661
2015-09-09,16658.349609375,16781.55078125,16462.44921875,16631.5,0,41.01720901145484
2015-09-10,16351.75,16711.55078125,16192.25,16597.650390625,0,40.671975401771725
2015-09-11,16682.25,16781.150390625,16518.80078125,16612.599609375,0,40.9085245108386
2015-09-14,16596.5,16937.900390625,16525.150390625,16911.80078125,0,45.584909531097374
2015-09-15,16905.80078125,16919.44921875,16681.55078125,16739.55078125,0,43.45292024162359
2015-09-16,16885.19921875,17015.75,16780.150390625,16964.849609375,56100,46.94794697465573
2015-09-18,17184.25,17602.0,17156.19921875,17409.150390625,0,53.10370676409199
2015-09-21,17186.05078125,17571.30078125,17178.849609375,17542.900390625,0,54.80383791182484
2015-09-22,17574.599609375,17652.349609375,16946.25,17031.150390625,0,47.68121482264257
2015-09-23,16783.80078125,17309.69921875,16759.0,17255.30078125,0,50.703342416878186
2015-09-24,17206.099609375,17283.099609375,17070.55078125,17196.650390625,57900,49.89126809169723
2015-09-28,17286.25,17384.75,17073.94921875,17100.30078125,0,48.51655250649627
2015-09-29,16859.75,17461.349609375,16648.30078125,17281.19921875,0,51.233489310593654
2015-09-30,17404.75,17449.849609375,17100.19921875,17216.30078125,0,50.209762236035
2015-10-01,17362.94921875,17390.599609375,17111.650390625,17150.19921875,47900,49.13288866002165
2015-10-05,17373.55078125,17699.75,17362.69921875,17674.05078125,0,57.003230317973404
2015-10-06,17822.69921875,17827.150390625,17493.75,17605.349609375,0,55.7842170371824
2015-10-07,17577.5,17674.55078125,17500.349609375,17616.80078125,0,55.95329727285145
2015-10-08,17622.849609375,17622.849609375,17401.19921875,17474.30078125,0,53.225662519994266
2015-10-09,17640.400390625,17749.55078125,17498.44921875,17590.25,0,55.141856505316504
2015-10-12,17642.599609375,17759.80078125,17546.94921875,17583.150390625,0,54.99329957507643
2015-10-13,17530.55078125,17632.25,17473.69921875,17554.849609375,0,54.36455246239065
2015-10-14,17453.0,17598.099609375,17434.05078125,17543.25,0,54.091575823138584
2015-10-15,17604.44921875,17752.69921875,17582.849609375,17686.099609375,0,56.95788878100069
2015-10-16,17701.5,17947.75,17583.55078125,17912.849609375,0,61.10873127688365
2015-10-19,17911.650390625,17954.900390625,17817.94921875,17855.05078125,0,59.53273585700528
2015-10-20,17843.650390625,17940.400390625,17755.650390625,17830.25,0,58.831614075291895
2015-10-21,17814.55078125,17891.75,17565.349609375,17710.55078125,0,55.43804891097449
2015-10-23,17859.75,17980.5,17852.55078125,17934.05078125,0,60.06953813556778
2015-10-26,18027.099609375,18029.05078125,17798.650390625,17815.05078125,0,56.69103032151469
2015-10-27,17738.44921875,17855.349609375,17738.44921875,17806.30078125,0,56.43966760722342
2015-10-28,17589.349609375,17682.44921875,17281.400390625,17373.150390625,0,45.64930542915924
2015-10-29,17388.400390625,17400.19921875,17178.849609375,17212.19921875,0,42.40509003768118
2015-10-30,17249.900390625,17399.099609375,17170.349609375,17354.5,0,46.05533359303972
2015-11-02,17351.44921875,17372.25,17208.94921875,17340.599609375,0,45.750308080243016
2015-11-03,17436.5,17466.19921875,17265.05078125,17325.599609375,0,45.40087070622543
2015-11-04,17449.0,17449.0,17175.650390625,17221.05078125,41000,42.939136125077724
2015-11-05,17166.44921875,17166.44921875,16957.349609375,16995.099609375,46700,38.12747334305087
2015-11-06,17003.0,17143.599609375,16911.599609375,17086.5,120200,41.007249062873605
2015-11-09,16667.900390625,17069.0,16587.25,17003.0,80600,39.21169084390016
2015-11-10,16895.19921875,17047.30078125,16805.05078125,16836.0,60900,35.832372552022335
2015-11-13,16829.30078125,16962.55078125,16741.80078125,16932.849609375,47200,39.10975652424674
2015-11-16,16881.650390625,17230.5,16855.5,17184.900390625,50700,46.734607086390696
2015-11-17,17302.55078125,17302.55078125,17028.19921875,17140.44921875,53700,45.64894610009236
2015-11-18,17108.900390625,17186.69921875,16787.55078125,16812.099609375,44300,38.5289358005255
2015-11-19,16944.349609375,17110.349609375,16874.69921875,17071.900390625,42900,45.740277388919324
2015-11-20,17022.69921875,17262.849609375,16931.30078125,17055.599609375,56500,45.38055473691395
2015-11-23,17120.25,17126.349609375,16969.349609375,17060.25,45500,45.51220868724976
2015-11-24,17012.849609375,17108.400390625,16964.900390625,16988.650390625,39700,43.76316276342698
2015-11-26,16988.19921875,17111.44921875,16972.599609375,17036.55078125,74800,45.27827961535027
2015-11-27,17095.19921875,17403.650390625,17049.55078125,17370.94921875,70100,54.49531440204181
2015-11-30,17336.25,17498.349609375,17336.25,17430.400390625,57600,55.916936340085755
2015-12-01,17456.75,17495.44921875,17353.849609375,17398.55078125,40800,54.926921664110516
2015-12-02,17457.150390625,17470.849609375,17164.0,17218.5,40900,49.582482758713525
2015-12-03,17137.80078125,17219.0,17080.25,17110.099609375,41700,46.64011476585145
2015-12-04,17009.44921875,17009.44921875,16880.349609375,16897.30078125,47300,41.441078619471874
2015-12-07,17018.0,17031.849609375,16921.75,16947.0,34900,43.0381070694364
2015-12-08,16888.650390625,16943.05078125,16783.650390625,16801.150390625,43100,39.62297823535857
2015-12-09,16762.150390625,16868.599609375,16626.55078125,16660.75,41300,36.61124720694742
2015-12-10,16697.19921875,16745.25,16573.150390625,16711.05078125,50800,38.417253337086144
2015-12-11,16751.349609375,16758.69921875,16260.099609375,16342.5,79400,31.365905586914735
2015-12-14,16212.400390625,16440.849609375,16205.7998046875,16350.650390625,60800,31.66462070433235
2015-12-15,16342.349609375,16425.150390625,16188.0498046875,16398.650390625,56400,33.50024927461652
2015-12-16,16464.5,16640.400390625,16363.900390625,16579.400390625,67700,40.0326905605643
2015-12-17,16704.05078125,16771.80078125,16544.650390625,16741.5,72100,45.22899462588791
2015-12-18,16719.44921875,16737.69921875,16572.75,16594.30078125,68400,41.69570278254346
2015-12-21,16593.400390625,16848.599609375,16580.650390625,16825.150390625,43000,48.491629816508926
2015-12-22,16810.69921875,16946.099609375,16704.150390625,16749.19921875,55700,46.56840725429207
2015-12-23,16828.349609375,16913.150390625,16812.5,16882.5,37200,50.29447166081159
2015-12-24,16926.94921875,16939.599609375,16756.900390625,16811.0,27100,48.34696270550671
2015-12-28,16843.400390625,17019.0,16843.400390625,16979.150390625,41100,52.96015557372854
2015-12-29,16988.30078125,17045.55078125,16921.150390625,16991.44921875,36300,53.28876320858864
2015-12-30,16997.5,17011.30078125,16889.05078125,16917.900390625,40900,50.994557738557674
2015-12-31,16916.05078125,16972.25,16896.650390625,16922.19921875,59200,51.126999418637965
2016-01-01,16932.5,17067.44921875,16824.05078125,17039.25,29200,54.71569786161531
2016-01-04,16966.349609375,16966.349609375,16575.44921875,16599.150390625,52300,42.17583021522773
2016-01-05,16652.05078125,16670.19921875,16474.849609375,16542.5,53600,40.87716158288494
2016-01-06,16505.44921875,16614.94921875,16377.650390625,16433.150390625,55200,38.4180989425334
2016-01-07,16256.5498046875,16256.5498046875,16049.75,16073.849609375,76200,31.67536405882248
2016-01-08,16135.400390625,16229.0,16104.099609375,16142.650390625,53500,34.06183930298576
2016-01-11,15979.0498046875,16156.7998046875,15840.599609375,16016.25,67300,31.860097265919038
2016-01-12,16080.400390625,16080.400390625,15699.400390625,15734.7998046875,98500,27.584461763197254
2016-01-13,15835.0498046875,15956.25,15532.25,15871.849609375,113400,32.34560392141776
2016-01-14,15612.099609375,15803.2001953125,15453.400390625,15609.7998046875,81800,28.488674186390355
2016-01-15,15621.849609375,15650.7001953125,15154.349609375,15206.2998046875,98900,23.785571730482744
2016-01-18,15165.2001953125,15270.400390625,14956.9501953125,15020.7998046875,121200,21.988394988670223
2016-01-19,15086.75,15338.2001953125,15086.75,15269.650390625,85100,29.665939170559966
2016-01-20,15059.5,15533.4501953125,14754.650390625,14935.5,92700,25.97001315003243
2016-01-21,15132.2001953125,15364.599609375,14918.150390625,15101.2001953125,109800,30.588127263334428
2016-01-22,15343.150390625,15575.650390625,15274.900390625,15497.5498046875,87600,40.1979076866335
2016-01-25,15667.0,15682.650390625,15495.099609375,15561.150390625,66200,41.59522620409006
2016-01-27,15648.400390625,15673.9501953125,15442.2001953125,15534.599609375,68600,41.16282678860515
2016-01-28,15569.5498046875,15572.2001953125,15349.75,15381.4501953125,85700,38.66597214737378
2016-01-29,15140.150390625,15554.900390625,15136.849609375,15522.400390625,137100,42.14429042222676
2016-02-01,15547.75,15565.5,15281.349609375,15314.4501953125,101900,38.6607824717938
2016-02-02,15353.599609375,15463.4501953125,15018.849609375,15068.0,117400,34.97146212074222
2016-02-03,14897.400390625,14947.7998046875,14777.75,14834.0498046875,84600,31.863027775795388
2016-02-04,14969.2001953125,14978.349609375,14761.400390625,14869.150390625,91100,32.827730638080496
2016-02-05,14928.25,15211.900390625,14890.900390625,15162.0498046875,97300,40.40959317813281
2016-02-08,15206.2998046875,15367.900390625,14960.099609375,15046.7998046875,89200,38.565057811070346
2016-02-09,14830.400390625,14964.900390625,14760.7998046875,14875.099609375,104700,35.933479379182586
2016-02-10,14740.2001953125,14779.150390625,14490.2001953125,14588.4501953125,125500,32.00676699271931
2016-02-11,14518.650390625,14530.7998046875,13969.849609375,14028.5498046875,177100,26.024602828376317
2016-02-12,14088.599609375,14154.5498046875,13810.599609375,13971.5,159100,25.50159057669042
2016-02-15,14120.900390625,14548.150390625,14120.5,14445.0,173700,36.84593861212089
2016-02-16,14602.25,14602.25,14136.7998046875,14166.4501953125,122500,33.604093345430584
2016-02-17,14165.25,14186.099609375,13892.099609375,14119.849609375,132900,33.07972347370021
2016-02-18,14301.75,14385.650390625,14180.900390625,14298.150390625,109000,37.12256674521351
2016-02-19,14243.4501953125,14395.849609375,14207.349609375,14344.2001953125,99300,38.16164048272616
2016-02-22,14331.2001953125,14467.150390625,14322.650390625,14384.7998046875,68300,39.11691232956128
2016-02-23,14373.2998046875,14373.2998046875,13961.75,14008.349609375,81400,33.889314613354145
2016-02-24,13873.7001953125,13974.5,13760.25,13794.0498046875,92100,31.32305473536877
2016-02-25,13844.4501953125,13844.4501953125,13519.900390625,13555.7001953125,107800,28.718260997017836
2016-02-26,13715.099609375,13889.25,13595.2001953125,13791.4501953125,102300,34.51854784955772
2016-02-29,13818.900390625,14222.2998046875,13407.25,13946.400390625,262500,38.084656589489654
2016-03-01,14064.7998046875,14445.7001953125,14064.7998046875,14412.900390625,99300,47.376469644914664
2016-03-02,14770.349609375,15138.7001953125,14767.2998046875,15092.4501953125,176200,57.40458570128704
2016-03-03,15150.0498046875,15206.25,15000.0498046875,15177.75,106200,58.47429990504082
2016-03-04,15243.75,15451.75,15005.5,15339.2001953125,131400,60.496462731730226
2016-03-08,15323.4501953125,15326.650390625,15066.5,15146.5,93400,56.932851191427964
2016-03-09,15022.349609375,15331.25,14989.400390625,15279.0498046875,103200,58.73354216525755
2016-03-10,15347.4501953125,15354.150390625,15098.5,15180.650390625,71200,56.83378644301298
2016-03-11,15133.75,15343.5498046875,15024.7998046875,15168.2001953125,77000,56.58439784034245
2016-03-14,15309.0498046875,15416.150390625,15220.150390625,15277.7998046875,62600,58.31833208994583
2016-03-15,15310.4501953125,15386.849609375,15268.099609375,15326.7998046875,75700,59.104710959710104
2016-03-16,15304.349609375,15489.5,15178.2998046875,15461.7001953125,80400,61.271039858877586
2016-03-17,15622.2998046875,15704.75,15312.5,15444.0,103800,60.81582414799825
2016-03-18,15485.7998046875,15678.5498046875,15456.2001953125,15654.849609375,71800,64.22551358854702
2016-03-21,15735.5498046875,15945.7998046875,15735.5498046875,15926.099609375,73600,68.07431862528705
2016-03-22,15930.4501953125,15967.849609375,15779.150390625,15936.0,58600,68.20875824120702
2016-03-23,15884.25,15919.599609375,15799.9501953125,15887.75,64100,66.73385685322572
2016-03-28,15867.75,15890.7001953125,15522.2001953125,15604.900390625,83500,58.71820962925327
2016-03-29,15583.099609375,15774.099609375,15580.7998046875,15666.25,69500,59.8448227858071
2016-03-30,15829.599609375,16167.5,15762.2001953125,16134.849609375,93800,67.20652904081075
2016-03-31,16134.400390625,16282.75,16062.0498046875,16141.650390625,161900,67.30022551786283
2016-04-01,16099.650390625,16235.7998046875,16020.599609375,16174.900390625,90400,67.7848590267364
2016-04-04,16236.900390625,16278.5,16046.5,16190.599609375,72500,68.02581584957669
2016-04-05,16127.4501953125,16147.150390625,15659.75,15695.0,125900,54.23483607119727
2016-04-06,15750.150390625,15768.5498046875,15578.5498046875,15636.9501953125,71100,52.88249028629318
2016-04-07,15668.9501953125,15726.599609375,15458.0498046875,15530.75,70900,50.4061942385245
2016-04-08,15519.2998046875,15642.7001953125,15483.0498046875,15568.349609375,53800,51.276106303437025
2016-04-11,15623.349609375,15853.849609375,15440.25,15818.5,72000,56.715860114067155
2016-04-12,15809.099609375,15958.7998046875,15794.150390625,15880.2001953125,66800,57.96250880189217
2016-04-13,16087.9501953125,16349.7001953125,16080.5498046875,16278.5498046875,84600,64.97612540626784
2016-04-18,16328.7001953125,16330.5498046875,16011.900390625,16222.7001953125,63300,63.37953072118037
2016-04-20,16299.5,16386.349609375,16160.5498046875,16349.7001953125,85600,65.45805870099413
2016-04-21,16526.55078125,16769.55078125,16526.55078125,16637.150390625,149100,69.65610196970803
2016-04-22,16641.05078125,16755.849609375,16549.099609375,16703.400390625,117900,70.54463293144903
2016-04-25,16746.94921875,16767.900390625,16605.0,16678.650390625,80100,69.7232366376013
2016-04-26,16647.75,17029.849609375,16572.0,17002.55078125,104700,73.99127889371287
2016-04-27,16869.349609375,16995.0,16827.349609375,16872.94921875,127300,69.75413998735657
2016-04-28,16885.80078125,17023.349609375,16692.69921875,16716.900390625,136500,64.93255715852007
2016-04-29,16712.94921875,16841.30078125,16527.55078125,16795.0,138700,66.19209420618269
2016-05-02,16614.0,16674.150390625,16519.55078125,16543.0,101300,58.84744853849453
2016-05-03,16570.75,16719.400390625,16358.400390625,16388.69921875,90700,54.835298147152756
2016-05-04,16320.099609375,16465.599609375,16250.5,16274.25,114500,52.00319551293731
2016-05-05,16292.400390625,16398.25,16193.7001953125,16281.0,90400,52.160128559727795
2016-05-06,16264.4501953125,16346.25,16186.25,16296.599609375,75000,52.54628822074758
2016-05-09,16357.0,16712.900390625,16357.0,16686.099609375,75800,61.009162452528436
2016-05-10,16710.05078125,16812.19921875,16613.900390625,16784.94921875,82100,62.82131161169012
2016-05-11,16544.25,16861.94921875,16518.75,16754.44921875,110400,61.865896180602746
2016-05-12,16881.25,16962.0,16779.5,16923.69921875,86100,65.04301020041319
2016-05-13,16891.69921875,16891.69921875,16594.55078125,16716.900390625,89100,58.61692648814894
2016-05-16,16744.150390625,16780.05078125,16431.650390625,16737.55078125,126900,59.05198084821475
2016-05-17,16818.400390625,16903.349609375,16738.69921875,16762.75,99000,59.60998608469154
2016-05-18,16671.69921875,16759.05078125,16556.599609375,16728.94921875,130900,58.45923121420657
2016-05-19,16725.44921875,16726.150390625,16535.75,16565.25,87500,53.111641523692406
2016-05-20,16600.80078125,16623.19921875,16455.400390625,16481.44921875,74000,50.56179743526797
2016-05-23,16560.150390625,16604.150390625,16368.0,16407.55078125,69300,48.35706589398309
2016-05-24,16422.349609375,16501.05078125,16368.599609375,16456.650390625,60200,49.919596367056826
2016-05-25,16600.650390625,17025.849609375,16599.05078125,16997.44921875,86500,63.14606353142198
2016-05-26,17037.599609375,17424.05078125,16971.349609375,17359.30078125,134400,69.03830070619384
2016-05-27,17348.349609375,17543.30078125,17327.650390625,17511.80078125,163200,71.13300169818717
2016-05-30,17580.849609375,17666.05078125,17484.80078125,17520.650390625,96700,71.25453785140024
2016-05-31,17615.099609375,17648.25,17462.19921875,17620.900390625,116000,72.65885599009208
2016-06-01,17670.849609375,17670.849609375,17392.849609375,17423.44921875,99200,65.83666247246404
2016-06-02,17405.150390625,17596.400390625,17350.44921875,17567.80078125,78300,68.18829209295968
2016-06-03,17657.19921875,17762.05078125,17649.05078125,17680.80078125,89400,69.93306696547387
2016-06-06,17710.44921875,17754.150390625,17636.900390625,17671.400390625,81300,69.5911202941342
2016-06-07,17796.55078125,18000.94921875,17713.349609375,17948.150390625,167600,73.67253936810137
2016-06-08,17976.25,17995.80078125,17855.19921875,17946.80078125,123400,73.62064556128641
2016-06-09,17955.80078125,17986.150390625,17801.55078125,17887.69921875,107500,71.25367572286581
2016-06-10,17830.19921875,18051.5,17815.25,17828.599609375,94200,68.8692235265768
2016-06-13,17620.55078125,17666.55078125,17527.55078125,17593.94921875,72900,60.24840929592067
2016-06-14,17698.94921875,17719.849609375,17575.94921875,17672.400390625,94800,61.962742110943125
2016-06-15,17746.05078125,17943.650390625,17659.599609375,17917.900390625,119300,66.78947350683534
2016-06-16,17827.599609375,17827.599609375,17545.80078125,17671.30078125,132600,58.72799540536083
2016-06-17,17772.30078125,17843.150390625,17590.75,17696.05078125,92000,59.259492138461006
2016-06-20,17425.80078125,17779.0,17425.80078125,17718.599609375,110700,59.76782941361518
2016-06-21,17761.650390625,17763.30078125,17585.650390625,17619.099609375,73700,56.422334620935985
2016-06-22,17610.099609375,17755.25,17518.150390625,17626.05078125,68900,56.60508209176127
2016-06-23,17630.80078125,17907.5,17611.0,17892.44921875,71400,63.0076936466285
2016-06-24,17213.849609375,17459.19921875,16946.349609375,17426.05078125,164600,49.29479058737478
2016-06-27,17346.30078125,17611.19921875,17346.30078125,17514.94921875,89900,51.463139797888395
2016-06-28,17497.0,17626.69921875,17481.5,17561.55078125,73800,52.607280175938804
2016-06-29,17643.650390625,17728.94921875,17580.5,17689.900390625,60600,55.70432648698738
2016-06-30,17825.30078125,17975.05078125,17795.900390625,17935.400390625,118500,60.959564055090446
2016-07-01,18019.69921875,18074.94921875,17955.30078125,17985.650390625,69400,61.95451891378039
2016-07-04,18091.75,18146.349609375,18054.80078125,18097.650390625,88000,64.14768995129374
2016-07-05,18122.400390625,18124.099609375,17989.599609375,18004.25,71800,60.99018026046973
2016-07-07,18036.30078125,18146.55078125,17997.099609375,18084.900390625,66100,62.697609825215686
2016-07-08,18078.05078125,18079.19921875,17910.900390625,18016.25,71400,60.27905193166451
2016-07-11,18268.150390625,18409.44921875,18243.30078125,18390.94921875,95500,67.62075311532735
2016-07-12,18527.849609375,18684.44921875,18464.150390625,18667.599609375,120000,71.76959922097514
2016-07-13,18704.900390625,18711.599609375,18546.25,18618.94921875,91800,70.06928955421691
2016-07-14,18633.5,18880.900390625,18580.19921875,18863.75,119600,73.47462699803859
2016-07-15,18887.900390625,19016.099609375,18772.44921875,18953.650390625,98900,74.61677753172599
2016-07-18,18998.30078125,19158.0,18885.0,18923.400390625,89800,73.47041281432469
2016-07-19,18970.150390625,19030.05078125,18833.599609375,18905.150390625,119800,72.74429443314533
2016-07-20,18896.80078125,19016.25,18886.30078125,18968.19921875,76200,73.71094338810616
2016-07-21,18967.400390625,19000.30078125,18644.55078125,18674.30078125,83000,62.57086041774661
2016-07-22,18697.80078125,18735.400390625,18551.30078125,18690.400390625,98200,62.90162129205166
2016-07-25,18594.94921875,19035.349609375,18572.099609375,18989.599609375,134300,68.47686099526005
2016-07-26,18979.099609375,19044.44921875,18814.25,18860.849609375,108800,64.0184007291642
2016-07-27,18908.44921875,19125.0,18882.400390625,19021.94921875,102800,66.92062079391738
2016-07-28,19050.400390625,19126.75,18998.80078125,19076.55078125,150800,67.86664281578734
2016-07-29,19047.05078125,19070.150390625,18912.599609375,18953.150390625,84600,63.450195946281816
2016-08-01,18896.5,19078.5,18634.400390625,18740.599609375,107500,56.61601046824042
2016-08-02,18783.599609375,18866.55078125,18671.849609375,18708.25,93800,55.63384671623303
2016-08-03,18680.94921875,18775.400390625,18542.599609375,18602.0,79600,52.417481401855575
2016-08-04,18724.900390625,18724.900390625,18443.650390625,18571.69921875,99900,51.50301344655441
2016-08-05,18725.19921875,18943.150390625,18708.25,18925.94921875,86200,60.236994759559835
2016-08-08,18986.75,19028.69921875,18896.0,18939.44921875,62700,60.52872886935585
2016-08-09,18968.650390625,19008.150390625,18838.599609375,18933.30078125,80300,60.31169614121703
2016-08-10,18966.849609375,18985.25,18611.25,18647.80078125,77600,51.1417766911911
2016-08-11,18621.0,18699.19921875,18537.099609375,18640.400390625,101100,50.92563742767827
2016-08-12,18698.30078125,18986.80078125,18695.5,18963.69921875,198800,59.06494411385871
2016-08-16,19029.099609375,19062.19921875,18839.400390625,19002.150390625,94800,59.91645269227758
2016-08-17,19044.55078125,19138.349609375,18966.349609375,19041.25,81100,60.8091934503885
2016-08-18,19087.19921875,19367.44921875,19083.0,19352.80078125,81400,67.09744549765296
2016-08-19,19419.0,19457.400390625,19327.19921875,19414.69921875,110400,68.1895181025995
2016-08-22,19432.599609375,19493.19921875,19252.75,19330.25,72800,65.01877322248788
2016-08-23,19311.900390625,19372.650390625,19246.900390625,19341.650390625,75700,65.25366158658962
2016-08-24,19358.69921875,19392.19921875,19284.349609375,19355.599609375,59400,65.55839820532157
2016-08-25,19383.69921875,19432.75,19282.80078125,19304.25,91800,63.35561060642301
2016-08-26,19336.44921875,19358.0,19133.900390625,19195.75,62900,58.85564023138651
2016-08-29,19174.44921875,19247.849609375,19096.69921875,19217.0,56200,59.46292289646241
2016-08-30,19306.5,19546.349609375,19306.5,19531.55078125,78100,67.1840697492313
2016-08-31,19595.900390625,19823.400390625,19595.900390625,19787.599609375,227800,71.87944194937373
2016-09-01,19805.80078125,19928.19921875,19738.30078125,19788.849609375,73400,71.9005794956667
2016-09-02,19830.349609375,19911.25,19787.599609375,19883.19921875,55200,73.51860819502261
2016-09-06,19990.94921875,20459.44921875,19990.94921875,20426.19921875,102500,80.4837461407392
2016-09-07,20505.80078125,20575.80078125,20376.75,20406.900390625,182200,79.68158307612927
2016-09-08,20439.19921875,20477.400390625,20335.19921875,20417.25,84100,79.79786959035732
2016-09-09,20274.75,20349.69921875,20139.150390625,20245.30078125,99500,72.38557850118576
2016-09-12,19861.44921875,19861.44921875,19735.55078125,19790.599609375,98000,57.243157946112525
2016-09-14,19757.05078125,19953.150390625,19732.150390625,19909.150390625,87100,59.61520947415866
2016-09-15,19927.599609375,19955.400390625,19730.25,19837.55078125,68400,57.53899744017015
2016-09-16,19935.849609375,20227.19921875,19783.599609375,19855.44921875,139000,57.93340131943597
2016-09-19,19892.19921875,20014.400390625,19849.650390625,19906.849609375,64700,59.10809402133776
2016-09-20,19957.349609375,19964.30078125,19797.5,19852.30078125,55700,57.28002022354241
2016-09-21,19902.69921875,19937.849609375,19749.94921875,19828.44921875,62300,56.457802504851635
2016-09-22,20153.099609375,20264.80078125,19996.900390625,20109.599609375,102600,63.169048365774785
2016-09-23,20136.75,20137.55078125,19861.44921875,19901.80078125,96800,56.26618380120986
2016-09-26,19792.19921875,19794.150390625,19568.349609375,19591.75,74000,47.86208661697921
2016-09-27,19652.94921875,19696.44921875,19479.150390625,19518.69921875,65800,46.11442587903001
2016-09-28,19542.0,19700.0,19509.650390625,19653.55078125,117200,49.7612915644603
2016-09-29,19762.30078125,19793.19921875,19059.05078125,19183.650390625,239400,39.683012227051876
2016-09-30,19116.0,19330.849609375,19085.19921875,19285.69921875,84200,42.41087264630756
2016-10-03,19395.55078125,19611.25,19363.94921875,19589.05078125,66400,49.694106641218205
2016-10-04,19641.75,19747.44921875,19527.349609375,19672.69921875,113400,51.515011854600885
2016-10-05,19801.30078125,19816.5,19492.80078125,19536.849609375,91700,48.447906241239444
2016-10-06,19518.55078125,19570.69921875,19325.80078125,19395.05078125,74600,45.40887870166545
2016-10-07,19398.05078125,19456.0,19318.0,19400.099609375,62700,45.53986954196238
2016-10-10,19489.5,19501.44921875,19351.349609375,19378.55078125,40900,45.04308870948865
2016-10-13,19295.55078125,19295.55078125,18824.400390625,18954.25,95100,36.58122302394184
2016-10-14,19016.69921875,19053.5,18926.150390625,19020.150390625,61800,38.51327224344225
2016-10-17,19136.30078125,19241.75,19002.44921875,19070.400390625,123600,40.01393619182165
2016-10-18,19174.69921875,19511.80078125,19162.849609375,19495.05078125,104300,50.91627609494637
2016-10-19,19570.05078125,19576.30078125,19322.75,19412.099609375,65300,49.04125312257879
2016-10-20,19493.900390625,19722.849609375,19479.25,19658.69921875,97600,54.415545217400975
2016-10-21,19636.400390625,19744.0,19516.400390625,19710.900390625,69200,55.48576745096024
2016-10-24,19763.849609375,19897.849609375,19751.650390625,19807.900390625,77800,57.483295841048005
2016-10-25,19907.69921875,19922.69921875,19711.94921875,19834.900390625,90600,58.04761838997747
2016-10-26,19581.69921875,19725.900390625,19434.5,19483.599609375,143800,48.9448260224856
2016-10-27,19452.0,19544.19921875,19252.099609375,19514.599609375,87600,49.69450089508167
2016-10-28,19507.849609375,19589.69921875,19362.0,19555.94921875,68900,50.733650268971815
2016-11-01,19578.599609375,19591.650390625,19417.30078125,19458.599609375,61800,48.208796152416575
2016-11-02,19223.5,19296.55078125,19158.75,19227.900390625,74400,42.77584976878501
2016-11-03,19201.94921875,19319.650390625,19119.30078125,19178.69921875,65900,41.696595595822714
2016-11-04,19223.849609375,19223.900390625,18961.150390625,19058.099609375,76200,39.092967964573354
2016-11-07,19317.849609375,19378.0,19233.0,19356.0,77300,47.768919878139684
2016-11-08,19490.75,19549.44921875,19322.150390625,19500.80078125,84000,51.39327368833175
2016-11-09,18270.900390625,19587.80078125,18143.69921875,19518.25,169900,51.82707846640837
2016-11-10,20200.25,20200.25,20200.25,20200.25,0,64.98187023026095
2016-11-11,20033.849609375,20309.650390625,19704.349609375,19738.80078125,197900,54.19771371411654
2016-11-15,19808.349609375,19861.75,19240.44921875,19289.75,208800,46.16813859342681
2016-11-16,19591.25,19611.900390625,19088.400390625,19108.099609375,134600,43.369047416711446
2016-11-17,19115.900390625,19328.75,19009.849609375,19087.849609375,106700,43.0556623271784
2016-11-18,19180.30078125,19216.349609375,18897.099609375,18959.05078125,79400,41.0250851310022
2016-11-21,19063.80078125,19075.94921875,18351.25,18446.400390625,135600,34.12630158199835
2016-11-22,18626.69921875,18650.5,18322.69921875,18548.650390625,119900,36.422723357545536
2016-11-23,18660.55078125,18669.05078125,18449.69921875,18540.900390625,73800,36.31937560136593
2016-11-24,18476.0,18476.349609375,18215.80078125,18256.099609375,120500,32.65270452854509
2016-11-25,18377.55078125,18546.349609375,18266.599609375,18507.30078125,81100,38.54588468622788
2016-11-28,18237.19921875,18471.650390625,18187.400390625,18301.44921875,106900,35.78264127829745
2016-11-29,18308.80078125,18427.400390625,18188.69921875,18223.75,81500,34.7694620811138
2016-11-30,18306.099609375,18667.849609375,18262.5,18627.80078125,89100,43.697313775972006
2016-12-01,18676.75,18713.099609375,18389.650390625,18428.44921875,62900,40.73499334645144
2016-12-02,18329.400390625,18490.5,18163.80078125,18247.650390625,84300,38.205334527557426
2016-12-05,18245.0,18434.25,18189.5,18408.900390625,45800,41.6836837234902
2016-12-06,18459.69921875,18499.75,18365.94921875,18420.900390625,55000,41.945576618036206
2016-12-07,18515.5,18588.75,17952.599609375,18234.150390625,100900,39.0094957235371
2016-12-08,18342.599609375,18558.75,18336.94921875,18515.44921875,55700,45.2285980341885
2016-12-09,18567.94921875,18739.650390625,18432.30078125,18695.80078125,75600,48.83113100861479
2016-12-12,18616.05078125,18616.05078125,18364.05078125,18392.94921875,53600,43.640304945841905
2016-12-13,18354.099609375,18492.849609375,18291.349609375,18466.05078125,54700,45.15579117193835
2016-12-14,18480.349609375,18485.44921875,18322.900390625,18341.5,56300,43.03261711994827
2016-12-15,18143.5,18532.0,18122.099609375,18401.150390625,82800,44.38140506170527
2016-12-16,18417.900390625,18428.44921875,18268.30078125,18312.80078125,0,42.76632031335888
2016-12-19,18258.099609375,18316.80078125,18215.5,18257.05078125,0,41.734244162358884
2016-12-20,18264.099609375,18274.900390625,18009.80078125,18069.400390625,0,38.37709072162653
2016-12-21,18124.599609375,18167.150390625,18043.94921875,18084.5,0,38.80367505708008
2016-12-22,18027.0,18029.599609375,17839.75,17891.44921875,0,35.42701172733676
2016-12-23,17849.25,17962.30078125,17819.75,17884.0,0,35.29936618366327
2016-12-26,17825.5,17860.849609375,17606.900390625,17655.55078125,45900,31.545550999352812
2016-12-27,17677.69921875,17907.349609375,17616.099609375,17879.55078125,0,38.456407104220155
2016-12-28,17929.19921875,18059.650390625,17829.150390625,17876.69921875,0,38.403255329400466
2016-12-29,17861.44921875,18053.30078125,17829.400390625,18033.150390625,0,43.05370696289105
2016-12-30,18026.349609375,18245.75,18016.80078125,18177.19921875,0,47.019831090150305
2017-01-02,18242.30078125,18249.0,17844.900390625,17969.599609375,74400,42.43306367653295
2017-01-03,18002.75,18115.05078125,17830.94921875,18035.599609375,0,44.29357794869426
2017-01-04,18037.44921875,18092.849609375,17868.900390625,17891.0,0,41.1552857468162
2017-01-05,18000.75,18164.05078125,17977.80078125,18115.94921875,0,47.39907259475442
2017-01-06,18168.44921875,18325.5,18157.30078125,18264.0,0,51.078271765566555
2017-01-09,18314.25,18373.099609375,18256.150390625,18286.650390625,0,51.63563087125854
2017-01-10,18351.44921875,18441.150390625,18275.75,18409.599609375,0,54.65552976447377
2017-01-11,18535.349609375,18889.44921875,18515.25,18830.0,0,63.132371886494326
2017-01-12,18885.44921875,18966.30078125,18805.849609375,18873.94921875,0,63.89231680868258
2017-01-13,18949.69921875,18952.25,18781.25,18912.099609375,0,64.57493843962126
2017-01-16,18899.69921875,19134.5,18865.25,19096.44921875,0,67.74791014841003
2017-01-17,19128.150390625,19202.25,18981.849609375,19067.05078125,0,66.7215764341291
2017-01-18,19074.849609375,19276.5,19072.099609375,19164.5,0,68.42892002016733
2017-01-19,19165.349609375,19185.30078125,19046.099609375,19124.25,0,66.90216086182241
2017-01-20,18996.599609375,19071.650390625,18793.05078125,18820.80078125,0,56.64159835341351
2017-01-23,18762.0,18909.650390625,18722.849609375,18842.69921875,0,57.152303567114174
2017-01-24,18931.0,19054.30078125,18906.94921875,19023.5,0,61.21430831140312
2017-01-25,19120.05078125,19518.44921875,19114.150390625,19473.19921875,0,69.06877326246028
2017-01-27,19588.400390625,19794.94921875,19534.900390625,19708.30078125,0,72.2344686272547
2017-01-30,19718.80078125,19767.05078125,19561.099609375,19585.25,0,68.29468453455061
2017-01-31,19533.19921875,19624.099609375,19435.44921875,19515.150390625,0,66.08344140088809
2017-02-01,19522.400390625,20047.849609375,19470.94921875,20020.599609375,0,72.89749621584207
2017-02-02,20053.94921875,20146.900390625,19915.19921875,20070.30078125,0,73.4620877729433
2017-02-03,20061.900390625,20229.650390625,20009.94921875,20196.80078125,0,74.89554376594882
2017-02-06,20307.150390625,20462.44921875,20298.05078125,20371.599609375,0,76.76331808166019
2017-02-07,20367.30078125,20426.94921875,20281.5,20327.25,0,75.23391069662068
2017-02-08,20335.25,20362.80078125,20070.150390625,20245.400390625,0,72.368223068601
2017-02-09,20312.650390625,20406.599609375,20000.349609375,20151.150390625,0,69.10408612689261
2017-02-10,20225.75,20310.0,20167.099609375,20213.900390625,0,70.0719535780106
2017-02-13,20273.650390625,20308.69921875,20116.900390625,20251.80078125,0,70.66960423553215
2017-02-14,20304.5,20314.05078125,20158.849609375,20258.099609375,0,70.77406140552962
2017-02-15,20282.099609375,20368.19921875,20115.849609375,20163.69921875,0,66.92707296857539
2017-02-16,20243.25,20295.55078125,20088.19921875,20243.69921875,0,68.49019662062472
2017-02-17,20918.44921875,21042.349609375,20449.650390625,20551.349609375,0,73.64821522140944
2017-02-20,20494.849609375,20702.599609375,20472.400390625,20677.099609375,0,75.4194039005759
2017-02-21,20695.900390625,20903.349609375,20619.25,20860.94921875,0,77.77174141332162
2017-02-22,20937.599609375,20958.25,20829.650390625,20868.44921875,0,77.86480372499315
2017-02-23,20887.650390625,21011.900390625,20828.400390625,20876.650390625,0,77.97340006617922
2017-02-27,20853.44921875,20853.44921875,20584.75,20613.05078125,0,66.65426389266341
2017-02-28,20632.849609375,20681.30078125,20560.599609375,20607.25,0,66.42574104360864
2017-03-01,20698.900390625,20833.75,20678.75,20783.75,0,69.81662127982862
2017-03-02,20885.0,20905.0,20516.900390625,20560.05078125,0,61.35830689044067
2017-03-03,20572.849609375,20580.44921875,20423.349609375,20495.599609375,0,59.1353886694677
2017-03-06,20548.94921875,20727.5,20532.19921875,20663.650390625,0,62.90865216854579
2017-03-07,20685.94921875,20701.25,20585.94921875,20627.5,0,61.59116818236819
2017-03-08,20630.150390625,20715.19921875,20534.25,20676.55078125,0,62.73166116617874
2017-03-09,20620.55078125,20780.25,20603.900390625,20721.349609375,0,63.78922063874003
2017-03-10,20825.900390625,20876.94921875,20648.80078125,20727.55078125,0,63.9417527127376
2017-03-14,21189.849609375,21274.44921875,21059.69921875,21102.69921875,0,71.70645382662543
2017-03-15,21089.400390625,21216.900390625,21063.94921875,21157.900390625,0,72.64006290023124
2017-03-16,21237.5,21289.80078125,21194.25,21249.900390625,0,74.16984277620067
2017-03-17,21308.44921875,21336.05078125,21127.94921875,21175.05078125,0,70.70601261473011
2017-03-20,21202.55078125,21202.55078125,21084.80078125,21110.25,0,67.75581445211469
2017-03-21,21110.650390625,21146.5,20967.0,21019.0,0,63.72369747018894
2017-03-22,20815.349609375,20899.0,20753.900390625,20781.349609375,0,54.60902047256428
2017-03-23,20848.75,20934.75,20775.349609375,20895.5,0,57.736063209988686
2017-03-24,20987.599609375,21174.099609375,20929.150390625,21122.55078125,0,63.17089065862592
2017-03-27,21178.099609375,21179.19921875,20979.55078125,21056.900390625,0,60.73879323134648
2017-03-28,21229.0,21264.94921875,21145.0,21225.400390625,0,64.51500224337836
2017-03-29,21291.44921875,21418.599609375,21255.75,21391.150390625,0,67.79623709537658
2017-03-30,21374.349609375,21696.0,21331.900390625,21620.69921875,0,71.69922407721816
2017-03-31,21551.849609375,21574.150390625,21414.0,21444.150390625,0,65.15836074956746
2017-04-03,21539.19921875,21565.44921875,21408.599609375,21547.75,0,67.05749307796033
2017-04-05,21602.19921875,21699.30078125,21499.75,21652.69921875,0,68.90647386373658
2017-04-06,21572.69921875,21674.0,21488.900390625,21622.94921875,0,67.74569393149949
2017-04-07,21536.5,21616.849609375,21397.0,21431.150390625,0,60.651909222112195
2017-04-10,21492.05078125,21552.099609375,21396.05078125,21520.150390625,0,62.608491156436834
2017-04-11,21521.44921875,21753.349609375,21483.55078125,21736.150390625,0,66.90911260203148
2017-04-12,21735.650390625,21787.099609375,21551.75,21666.80078125,0,64.35004344989665
2017-04-13,21651.25,21758.849609375,21627.0,21686.599609375,0,64.76438525557816
2017-04-17,21700.5,21743.30078125,21576.75,21647.599609375,0,63.2060244063678
2017-04-18,21706.05078125,21947.0,21634.150390625,21671.849609375,0,63.78946751150099
2017-04-19,21674.099609375,21706.30078125,21470.19921875,21556.349609375,0,58.99140950912472
2017-04-20,21419.44921875,21558.849609375,21396.0,21491.400390625,0,56.421387121093034
2017-04-21,21567.5,21614.55078125,21386.19921875,21551.44921875,0,58.233125159533856
2017-04-24,21591.900390625,21884.849609375,21578.650390625,21857.400390625,0,65.9910779863597
2017-04-25,21960.650390625,22093.25,21900.30078125,22054.69921875,0,69.87681267374805
2017-04-26,22158.650390625,22276.05078125,21814.900390625,22242.849609375,0,73.04026438065685
2017-04-27,22274.05078125,22380.849609375,22169.80078125,22326.30078125,0,74.3280149098033
2017-04-28,22296.80078125,22383.0,22182.55078125,22358.25,0,74.82382833916975
2017-05-02,22412.55078125,22492.150390625,22266.150390625,22341.349609375,0,74.00955946093941
2017-05-03,22445.849609375,22449.0,22240.05078125,22307.30078125,0,72.3024128829665
2017-05-04,22618.30078125,22743.69921875,22449.900390625,22720.099609375,0,78.71323388591408
2017-05-05,22844.849609375,22853.55078125,22514.0,22604.94921875,0,73.59597465115692
2017-05-08,22678.44921875,22835.150390625,22632.5,22767.349609375,0,75.96882826892619
2017-05-09,22820.80078125,22835.349609375,22664.349609375,22707.30078125,0,73.34419457248993
2017-05-10,22767.75,22859.400390625,22742.05078125,22830.349609375,0,75.23250335907767
2017-05-11,22916.05078125,22977.849609375,22764.650390625,22818.44921875,0,74.68148940960344
2017-05-12,22840.400390625,22859.150390625,22578.0,22671.69921875,0,68.06146001757996
2017-05-15,22735.849609375,22891.69921875,22730.349609375,22821.5,0,70.89741400299212
2017-05-16,22857.599609375,22944.099609375,22727.650390625,22928.599609375,0,72.75973259575572
2017-05-17,22972.349609375,22978.150390625,22830.099609375,22935.94921875,0,72.88794965567209
2017-05-18,22750.44921875,22834.55078125,22660.19921875,22698.599609375,0,62.63476361443051
2017-05-19,22761.94921875,22902.25,22628.44921875,22769.80078125,0,64.25901385137072
2017-05-22,22874.80078125,22918.349609375,22637.75,22652.849609375,0,59.670745717628684
2017-05-23,22674.900390625,22740.400390625,22492.19921875,22582.80078125,0,57.043493148678984
2017-05-24,22624.5,22673.400390625,22469.80078125,22536.30078125,0,55.302792141067584
2017-05-25,22573.650390625,23267.80078125,22570.349609375,23190.80078125,0,69.43886843015463
2017-05-26,23151.400390625,23408.349609375,23092.349609375,23362.19921875,0,71.94148893235217
2017-05-29,23310.599609375,23464.0,23141.150390625,23182.75,0,65.8605541599886
2017-05-30,23142.099609375,23337.150390625,23093.94921875,23307.25,0,67.88853349739836
2017-05-31,23321.19921875,23469.44921875,23248.5,23424.80078125,0,69.71763457718302
2017-06-01,23394.099609375,23396.150390625,23224.05078125,23310.150390625,0,65.78196088547834
2017-06-02,23435.19921875,23453.30078125,23308.400390625,23375.900390625,0,66.93475842748255
2017-06-05,23397.400390625,23494.69921875,23349.94921875,23459.650390625,0,68.39533026267539
2017-06-06,23523.05078125,23536.099609375,23381.69921875,23416.30078125,0,66.7517203909612
2017-06-07,23482.849609375,23606.150390625,23427.55078125,23567.650390625,0,69.50692764788182
2017-06-08,23630.349609375,23659.099609375,23514.19921875,23536.099609375,0,68.23746055300028
2017-06-09,23483.94921875,23708.650390625,23476.849609375,23690.900390625,0,71.03287651518679
2017-06-12,23610.150390625,23630.099609375,23441.80078125,23470.44921875,0,62.58537927168719
2017-06-13,23447.0,23615.19921875,23446.900390625,23477.849609375,0,62.74554654015241
2017-06-14,23555.30078125,23562.80078125,23399.400390625,23498.69921875,0,63.223223228617215
2017-06-15,23444.69921875,23473.30078125,23311.849609375,23391.75,0,59.04129924789185
2017-06-16,23448.599609375,23527.650390625,23391.0,23502.75,0,61.86097477787297
2017-06-19,23571.349609375,23806.650390625,23535.69921875,23742.150390625,0,67.11860206523295
2017-06-20,23720.599609375,23760.349609375,23651.19921875,23697.94921875,0,65.3279434127829
2017-06-21,23638.150390625,23760.75,23610.19921875,23708.75,0,65.56966598610285
2017-06-22,23716.849609375,23897.849609375,23694.150390625,23736.099609375,0,66.21202875724916
2017-06-23,23772.30078125,23786.5,23507.5,23542.75,0,57.97689040428226
2017-06-27,23636.94921875,23640.099609375,23055.75,23216.25,0,47.28244031757547
2017-06-28,23209.55078125,23322.55078125,23113.650390625,23235.849609375,0,47.90368043928956
2017-06-29,23312.400390625,23476.0,23124.349609375,23227.30078125,0,47.6399747053194
2017-06-30,23137.25,23254.099609375,22996.400390625,23211.19921875,0,47.113901860823496
2017-07-03,23240.349609375,23330.099609375,23144.30078125,23272.80078125,0,49.41535156068367
2017-07-04,23325.5,23363.05078125,23163.69921875,23214.19921875,0,47.30632837525694
2017-07-05,23241.900390625,23380.349609375,23205.55078125,23352.599609375,0,52.46615612184471
2017-07-06,23399.5,23540.150390625,23369.5,23466.650390625,0,56.26661041554357
2017-07-07,23463.75,23492.599609375,23400.599609375,23449.150390625,0,55.532928820183514
2017-07-10,23583.25,23964.80078125,23289.900390625,23675.05078125,0,62.356483480548874
2017-07-11,23744.55078125,23744.55078125,23552.599609375,23584.599609375,0,58.48649523503649
2017-07-12,23623.75,23736.55078125,23523.650390625,23695.44921875,0,61.62940034539481
2017-07-13,23817.25,23938.0,23811.0,23888.650390625,0,66.40354521363986
2017-07-14,23949.5,23963.650390625,23755.94921875,23937.69921875,0,67.50880963996252
2017-07-17,24011.400390625,24066.099609375,23913.650390625,24015.05078125,0,69.2281111111949
2017-07-18,23958.150390625,24147.44921875,23942.099609375,24022.05078125,0,69.38598862690577
2017-07-19,24069.19921875,24180.75,24053.69921875,24152.650390625,0,72.24691042661811
2017-07-20,24170.650390625,24299.599609375,24170.650390625,24213.349609375,0,73.4870476570458
2017-07-21,24231.400390625,24289.30078125,24066.900390625,24257.05078125,0,74.37485632814393
2017-07-24,24307.69921875,24460.55078125,24234.650390625,24420.849609375,0,77.42605907145213
2017-07-25,24622.900390625,24624.650390625,24450.19921875,24520.69921875,0,79.06267304665406
2017-07-26,24578.150390625,24720.900390625,24484.900390625,24670.69921875,0,81.26064923753631
2017-07-27,24857.5,25032.25,24799.400390625,24922.400390625,0,84.24875113843012
2017-07-28,24744.55078125,24859.75,24651.05078125,24811.30078125,0,78.31286002035368
2017-07-31,24880.599609375,25168.099609375,24828.5,25103.650390625,0,81.9223032844166
2017-08-01,25152.849609375,25179.5,25000.900390625,25122.80078125,0,82.13208690239591
2017-08-02,25190.400390625,25198.80078125,24926.25,25055.19921875,0,78.66187075639681
2017-08-03,25002.849609375,25005.150390625,24619.599609375,24675.05078125,0,62.63520057014475
2017-08-04,24629.5,24879.69921875,24591.80078125,24827.44921875,0,65.6561278795152
2017-08-07,24854.150390625,24979.349609375,24844.44921875,24906.349609375,0,67.13749143064875
2017-08-08,24942.19921875,24966.05078125,24534.349609375,24599.5,0,56.864744423529274
2017-08-09,24519.25,24532.400390625,24328.099609375,24374.599609375,0,50.737063674384025
2017-08-10,24300.44921875,24326.900390625,23822.19921875,24217.349609375,0,46.92920060151908
2017-08-11,23958.25,24191.19921875,23868.30078125,23985.75,0,41.937070088606774
2017-08-14,24051.05078125,24212.150390625,24038.150390625,24115.75,0,45.445126289220134
2017-08-16,24188.75,24461.19921875,23947.44921875,24437.69921875,0,53.01600432420435
2017-08-17,24495.19921875,24496.19921875,24121.55078125,24237.25,0,48.50283626277364
2017-08-18,24125.30078125,24130.150390625,23925.94921875,24074.44921875,0,45.14167764197303
2017-08-21,24140.55078125,24258.94921875,23882.25,23936.5,0,42.45684606963352
2017-08-22,24080.599609375,24127.44921875,23852.650390625,23974.44921875,0,43.45320456225012
2017-08-23,24084.94921875,24350.0,24074.150390625,24316.80078125,0,51.59574081675047
2017-08-24,24374.75,24411.05078125,24224.849609375,24274.19921875,0,50.618947431051225
2017-08-28,24351.25,24422.44921875,24301.349609375,24377.099609375,0,52.93660001091001
2017-08-29,24302.0,24320.94921875,24103.30078125,24128.94921875,0,47.18516645630903
2017-08-30,24253.05078125,24384.099609375,24241.30078125,24308.69921875,0,51.31168172053401
2017-08-31,24354.349609375,24354.349609375,24207.69921875,24318.400390625,0,51.531784009216345
2017-09-01,24389.19921875,24494.349609375,24319.19921875,24434.0,0,54.18934440067885
2017-09-04,24456.30078125,24459.349609375,24156.400390625,24236.849609375,52500,49.23147674551531
2017-09-05,24272.599609375,24388.05078125,24256.30078125,24328.30078125,0,51.450403535968675
2017-09-06,24192.400390625,24331.30078125,24151.099609375,24279.150390625,0,50.18097025782259
2017-09-07,24324.849609375,24413.099609375,24246.900390625,24304.900390625,0,50.86495652377454
2017-09-08,24409.5,24419.25,24273.0,24370.80078125,0,52.65642275010422
2017-09-11,24468.5,24735.349609375,24458.25,24672.25,0,59.865026002604246
2017-09-12,24779.150390625,24821.349609375,24653.599609375,24784.69921875,0,62.178455540145286
2017-09-13,24818.349609375,24948.80078125,24737.80078125,24831.80078125,0,63.13694678154259
2017-09-14,24857.25,24994.30078125,24815.5,24912.25,0,64.77876355107372
2017-09-15,24840.30078125,24916.849609375,24791.55078125,24844.30078125,0,62.25663986215394
2017-09-18,24948.150390625,25105.349609375,24941.75,25046.900390625,0,66.45088332440955
2017-09-19,25059.75,25103.44921875,24993.0,25041.55078125,0,66.24156280861973
2017-09-20,24984.650390625,25052.599609375,24938.30078125,24965.05078125,0,63.17682799285783
2017-09-21,24934.099609375,24992.5,24706.44921875,24799.25,0,57.01945816988929
2017-09-22,24704.55078125,24709.69921875,24340.0,24368.849609375,0,44.810292907944195
2017-09-25,24361.55078125,24363.80078125,24015.44921875,24165.05078125,0,40.39917110731923
2017-09-26,24105.599609375,24236.94921875,24017.400390625,24199.150390625,0,41.43794254185132
2017-09-27,24308.69921875,24331.849609375,23766.599609375,23812.94921875,0,34.17344850332181
2017-09-28,23804.05078125,24074.19921875,23611.099609375,24008.150390625,0,39.90773368511753
2017-09-29,24114.0,24227.44921875,24004.80078125,24053.0,0,41.17566617080149
2017-10-03,24200.599609375,24226.80078125,24007.25,24103.400390625,0,42.64035023885334
2017-10-04,24124.150390625,24230.44921875,24058.650390625,24113.30078125,0,42.940899023288786
2017-10-05,24114.75,24188.30078125,24033.349609375,24058.05078125,0,41.629969883743115
2017-10-06,24083.55078125,24242.05078125,24074.349609375,24190.0,0,45.87939292212862
2017-10-09,24209.55078125,24311.099609375,24156.05078125,24251.900390625,0,47.79933162895807
2017-10-10,24304.80078125,24379.75,24273.650390625,24347.44921875,0,50.706252433804075
2017-10-11,24411.44921875,24460.25,24054.25,24107.44921875,0,44.06803621228172
2017-10-12,24151.44921875,24393.400390625,23978.400390625,24361.25,0,51.3251058729931
2017-10-13,24411.099609375,24779.75,24387.80078125,24689.150390625,0,58.76839846294212
2017-10-16,24815.400390625,24878.650390625,24516.55078125,24703.05078125,0,59.05424877664369
2017-10-17,24697.25,24809.150390625,24571.849609375,24645.599609375,0,57.286512702091244
2017-10-18,24354.75,24454.650390625,24270.05078125,24313.75,0,48.29390406808709
2017-10-19,24238.400390625,24255.30078125,23923.69921875,24009.75,0,41.81783065583215
2017-10-23,24085.44921875,24151.0,23912.55078125,24088.900390625,94700,43.926185523129185
2017-10-24,24141.94921875,24293.25,24032.650390625,24222.150390625,0,47.383019793184864
2017-10-25,24980.650390625,25157.80078125,24560.75,25035.900390625,0,62.56192467243548
2017-10-26,24953.94921875,25186.05078125,24864.599609375,25022.19921875,0,62.23638026285267
2017-10-27,24887.599609375,24995.69921875,24798.650390625,24839.55078125,0,57.91026002259345
2017-10-30,24873.650390625,25064.849609375,24808.55078125,24988.55078125,0,60.332641473996745
2017-10-31,25042.099609375,25078.650390625,24948.099609375,25019.349609375,0,60.83441017542391
2017-11-01,25197.30078125,25549.349609375,25171.75,25490.44921875,0,67.58806012028685
2017-11-02,25508.400390625,25598.75,25405.5,25427.30078125,0,65.94648752791107
2017-11-03,25531.400390625,25695.5,25394.94921875,25650.69921875,0,68.83065206862484
2017-11-06,25569.0,25694.599609375,25529.5,25571.150390625,0,66.66545560626383
2017-11-07,25669.099609375,25695.75,25248.94921875,25300.80078125,0,59.7826254563882
2017-11-08,25375.80078125,25435.599609375,25119.5,25184.349609375,0,57.050332989027545
2017-11-09,25281.0,25385.19921875,25166.150390625,25291.349609375,0,58.90868031841647
2017-11-10,25250.900390625,25598.55078125,25237.19921875,25498.94921875,0,62.315558519750994
2017-11-13,25570.25,25611.55078125,25337.25,25358.30078125,0,58.76097614442488
2017-11-14,25352.55078125,25404.80078125,25223.099609375,25284.599609375,0,56.928468656478174
2017-11-15,25241.650390625,25318.05078125,25166.349609375,25218.900390625,0,55.273668545372374
2017-11-16,25292.900390625,25496.05078125,25273.69921875,25446.599609375,0,59.65123097118717
2017-11-17,25875.69921875,25924.900390625,25679.55078125,25728.400390625,0,64.30724686336066
2017-11-20,25733.69921875,25803.150390625,25681.69921875,25768.599609375,0,64.92896403484066
2017-11-21,25829.30078125,25871.099609375,25726.5,25757.5,0,64.59439755118015
2017-11-22,25805.650390625,25831.94921875,25665.849609375,25766.650390625,0,64.75562921747152
2017-11-23,25826.30078125,25838.55078125,25620.94921875,25736.25,76600,63.71747676047251
2017-11-24,25776.599609375,25849.0,25749.099609375,25779.650390625,0,64.59025824737148
2017-11-27,25693.05078125,25931.849609375,25673.5,25891.94921875,0,66.8146953085894
2017-11-28,25830.44921875,25953.5,25795.5,25846.400390625,0,65.03026514990295
2017-11-29,25829.650390625,25877.75,25746.80078125,25795.69921875,0,63.01290905399361
2017-11-30,25693.80078125,25700.849609375,25246.849609375,25332.400390625,0,48.27548517306442
2017-12-01,25409.55078125,25441.349609375,25152.650390625,25191.94921875,0,44.85087007842618
2017-12-04,25295.05078125,25297.19921875,24993.349609375,25075.099609375,0,42.17058304080172
2017-12-05,25030.75,25217.69921875,24921.30078125,25124.849609375,0,43.71288678447665
2017-12-06,25066.30078125,25077.44921875,24813.599609375,24851.80078125,0,37.76050465531513
2017-12-07,24935.30078125,25097.400390625,24875.349609375,25057.25,0,43.94551645042254
2017-12-08,25145.5,25367.69921875,25145.5,25321.150390625,0,50.71985187382637
2017-12-11,25434.75,25448.849609375,25318.69921875,25404.849609375,0,52.67341549174969
2017-12-12,25413.400390625,25416.19921875,25108.599609375,25125.44921875,0,46.10323576789794
2017-12-13,25118.19921875,25270.75,24938.55078125,25000.349609375,0,43.48767061222181
2017-12-14,25062.400390625,25205.900390625,24888.650390625,25168.19921875,0,47.76929976227961
2017-12-15,25487.150390625,25559.05078125,25411.25,25440.30078125,0,53.87080637910399
2017-12-18,25181.75,25759.900390625,24617.150390625,25594.55078125,0,56.94158229112582
2017-12-19,25640.900390625,25757.94921875,25619.599609375,25716.19921875,0,59.24573557453737
2017-12-20,25779.05078125,25780.05078125,25566.05078125,25591.69921875,0,55.94606670754338
2017-12-21,25608.25,25629.94921875,25508.900390625,25554.30078125,0,54.955926745534946
2017-12-22,25615.599609375,25694.5,25560.5,25648.55078125,0,57.0203669933861
2017-12-26,25659.75,25712.94921875,25545.599609375,25675.25,0,57.613018011333374
2017-12-27,25652.849609375,25733.19921875,25429.55078125,25496.05078125,0,52.391252618079214
2017-12-28,25463.599609375,25561.94921875,25417.400390625,25490.0,0,52.219150365416795
2017-12-29,25484.849609375,25566.400390625,25450.25,25539.44921875,0,53.56171922998596
2018-01-01,25565.75,25588.0,25271.55078125,25318.099609375,57600,47.1721395982495
2018-01-02,25382.19921875,25425.5,25232.80078125,25338.25,0,47.78282917719515
2018-01-03,25425.75,25454.900390625,25300.900390625,25318.599609375,0,47.209688771536584
2018-01-04,25367.650390625,25490.349609375,25310.30078125,25462.599609375,0,51.77468311634604
2018-01-05,25524.44921875,25643.349609375,25499.55078125,25601.849609375,0,55.758785220291514
2018-01-08,25690.25,25771.5,25643.80078125,25676.099609375,0,57.76251590378978
2018-01-09,25727.94921875,25803.80078125,25617.25,25703.80078125,0,58.517373310652935
2018-01-10,25709.900390625,25717.599609375,25527.5,25617.30078125,0,55.199897248664115
2018-01-11,25628.19921875,25694.650390625,25532.25,25660.900390625,0,56.537385561022546
2018-01-12,25732.400390625,25775.150390625,25557.599609375,25749.05078125,0,59.19017078060864
2018-01-15,25858.150390625,26091.80078125,25842.94921875,26069.19921875,0,67.05497494260355
2018-01-16,26129.150390625,26136.400390625,25931.69921875,25974.900390625,0,63.191975374102796
2018-01-17,25946.150390625,26335.849609375,25922.30078125,26289.099609375,0,69.49739596495756
2018-01-18,26762.25,26887.650390625,26423.75,26537.400390625,0,73.37855035638025
2018-01-19,26615.650390625,26957.849609375,26433.55078125,26909.5,0,77.91388331418632
2018-01-22,26940.5,27074.900390625,26841.19921875,27041.19921875,0,79.26061773301223
2018-01-23,27089.94921875,27422.05078125,27066.150390625,27390.599609375,0,82.33767355827786
2018-01-24,27310.150390625,27479.25,27219.44921875,27398.55078125,0,82.4016623109364
2018-01-25,27414.099609375,27522.849609375,27151.75,27445.650390625,0,82.7991972460223
2018-01-29,27446.099609375,27652.05078125,27407.400390625,27498.44921875,0,83.25582168845966
2018-01-30,27466.849609375,27470.25,27242.05078125,27269.05078125,0,74.05709026208343
2018-01-31,27136.25,27455.75,27116.94921875,27379.44921875,0,75.46218733407781
2018-02-01,27334.849609375,27613.5,27046.349609375,27220.69921875,0,69.62270898942725
2018-02-02,27017.400390625,27017.55078125,26364.05078125,26451.150390625,0,49.589795659676824
2018-02-05,25968.150390625,26215.099609375,25917.55078125,26098.75,0,43.42749533402566
2018-02-06,25140.099609375,26140.599609375,25023.849609375,25811.30078125,0,39.15353084894303
2018-02-07,26065.400390625,26078.400390625,25558.05078125,25670.0,0,37.21466248214764
2018-02-08,25759.849609375,26126.400390625,25637.400390625,25920.650390625,0,42.640779315498825
2018-02-09,25466.30078125,25598.30078125,25371.0,25463.650390625,0,36.45468234769007
2018-02-12,25530.099609375,25757.849609375,25485.400390625,25701.599609375,0,41.235064540916774
2018-02-14,25810.25,25810.25,25212.349609375,25341.25,0,36.728859365310555
2018-02-15,25360.900390625,25615.150390625,25295.150390625,25424.349609375,0,38.400643010288974
2018-02-16,25511.94921875,25601.0,25100.900390625,25163.900390625,0,35.256366570848485
2018-02-19,25324.599609375,25326.05078125,24824.55078125,25058.55078125,265300,34.04215646729094
2018-02-20,25105.55078125,25158.099609375,24829.0,24874.400390625,0,31.969548378626456
2018-02-21,24996.599609375,24999.69921875,24796.349609375,24936.69921875,0,33.44582368197348
2018-02-22,24812.69921875,24987.05078125,24781.69921875,24955.19921875,0,33.904506408062474
2018-02-23,25002.25,25345.150390625,24962.849609375,25302.5,0,41.98758387126119
2018-02-26,25452.0,25722.150390625,25381.19921875,25687.900390625,0,49.3849280063865
2018-02-27,25684.599609375,25723.55078125,25356.400390625,25383.599609375,0,44.55413442402315
2018-02-28,25116.25,25192.94921875,24942.0,25107.400390625,0,40.665850438943615
2018-03-01,25022.349609375,25226.05078125,24854.400390625,24902.55078125,0,38.01592927075601
2018-03-05,24831.349609375,24873.05078125,24682.0,24818.69921875,134500,36.95440480024827
2018-03-06,24964.099609375,25040.25,24362.05078125,24448.44921875,0,32.62275247806532
2018-03-07,24333.849609375,24373.400390625,24096.75,24134.099609375,0,29.464879942193917
2018-03-08,24273.900390625,24534.5,24048.55078125,24477.650390625,0,36.67901630416695
2018-03-09,24556.94921875,24564.75,24259.69921875,24296.44921875,0,34.665166957796245
2018-03-12,24443.599609375,24716.05078125,24358.5,24664.19921875,0,41.665391183474696
2018-03-13,24624.599609375,25009.650390625,24597.55078125,24738.650390625,0,42.99697530086863
2018-03-14,24629.650390625,24894.30078125,24487.0,24851.650390625,0,45.047301353890774
2018-03-15,24854.30078125,24939.849609375,24732.0,24791.849609375,0,44.142414637585865
2018-03-16,24753.650390625,24785.349609375,24439.150390625,24489.55078125,0,39.791053209684954
2018-03-19,24530.150390625,24588.05078125,24186.94921875,24245.099609375,0,36.6452796663566
2018-03-20,24133.94921875,24355.650390625,24082.94921875,24168.19921875,0,35.68940182139825
2018-03-21,24331.30078125,24459.75,24208.650390625,24255.599609375,0,37.679101689926476
2018-03-22,24252.94921875,24314.400390625,24094.849609375,24141.5,0,36.10848656493042
2018-03-23,23785.650390625,23796.30078125,23605.599609375,23670.400390625,0,30.462409989250375
2018-03-26,23674.900390625,24290.650390625,23657.05078125,24244.349609375,0,42.29989607958367
2018-03-27,24396.400390625,24496.94921875,24266.400390625,24434.150390625,0,45.59799704255159
2018-03-28,24299.5,24361.0,24203.400390625,24263.349609375,0,43.20470897466681
2018-04-02,24235.650390625,24373.400390625,24062.94921875,24328.5,0,44.403405521063824
2018-04-03,24285.94921875,24538.0,24254.349609375,24510.599609375,0,47.724432146959934
2018-04-04,24502.5,24666.30078125,24087.80078125,24129.5,0,42.06170985737458
2018-04-05,24394.44921875,24824.900390625,24380.849609375,24759.80078125,0,52.1700230729825
2018-04-06,24776.349609375,24933.599609375,24626.400390625,24873.150390625,0,53.733308663779496
2018-04-09,24848.849609375,25152.849609375,24828.0,25093.80078125,0,56.70014731675229
2018-04-10,25153.599609375,25279.900390625,25120.19921875,25226.80078125,0,58.43048959328966
2018-04-11,25198.349609375,25207.05078125,24950.30078125,25098.25,0,56.09706638503611
2018-04-12,25076.900390625,25244.80078125,24969.400390625,25195.099609375,0,57.47493193420338
2018-04-13,25239.650390625,25411.30078125,25076.849609375,25200.599609375,0,57.556397679824876
2018-04-16,25082.099609375,25348.55078125,25067.349609375,25320.849609375,0,59.388243314282306
2018-04-17,25383.75,25402.55078125,25224.0,25334.44921875,0,59.6006056649233
2018-04-18,25426.75,25426.75,25058.75,25102.30078125,0,54.37376602029872
2018-04-19,25206.44921875,25207.30078125,25049.69921875,25126.150390625,0,54.812205683412465
2018-04-20,25126.80078125,25126.80078125,24839.30078125,24943.849609375,0,50.794279451208084
2018-04-23,25065.5,25084.150390625,24466.099609375,24960.650390625,0,51.149679699314234
2018-04-24,24972.19921875,25123.44921875,24955.0,25042.099609375,0,52.9248340437503
2018-04-25,24993.400390625,24993.400390625,24734.599609375,24814.400390625,0,47.70570187759266
2018-04-26,24833.19921875,25064.0,24753.400390625,25010.900390625,0,52.09602087485735
2018-04-27,25030.150390625,25441.5,25029.650390625,25394.599609375,0,59.28418401267666
2018-04-30,25490.150390625,25617.5,25464.80078125,25531.599609375,0,61.505253448313674
2018-05-02,25607.05078125,25716.75,25499.349609375,25568.30078125,114400,62.10168815292338
2018-05-03,25547.900390625,25653.44921875,25469.05078125,25605.25,97400,62.727806464721056
2018-05-04,25632.30078125,25680.400390625,25537.69921875,25645.400390625,94400,63.434733325668056
2018-05-07,25676.25,25913.5,25675.150390625,25852.05078125,0,66.91311005647243
2018-05-08,26074.150390625,26116.25,25954.599609375,26090.5,0,70.41082984432683
2018-05-09,25988.099609375,26206.5,25946.30078125,26154.44921875,0,71.28747625150731
2018-05-10,26216.099609375,26266.400390625,26057.19921875,26131.0,0,70.46308918550793
2018-05-11,26173.69921875,26437.25,26099.849609375,26413.150390625,0,74.31236485630374
2018-05-14,26404.44921875,26565.400390625,26338.05078125,26475.150390625,0,75.0808627168465
2018-05-15,26494.900390625,26972.05078125,26407.30078125,26474.0,0,75.03600609369332
2018-05-16,26269.349609375,26428.349609375,26102.150390625,26182.150390625,0,64.5066820326921
2018-05-17,26233.19921875,26283.55078125,26012.0,26073.80078125,0,61.07993335674081
2018-05-18,26025.599609375,26032.0,25839.0,25875.599609375,0,55.29344902385749
2018-05-21,26017.5,26066.75,25685.349609375,25750.80078125,0,51.955810323935566
2018-05-22,25780.25,25945.650390625,25701.349609375,25777.69921875,0,52.61965290917779
2018-05-23,25726.94921875,25903.900390625,25622.150390625,25684.94921875,0,50.051544977268904
2018-05-24,25722.900390625,26073.099609375,25658.400390625,26016.80078125,0,57.95771633856069
2018-05-25,26066.75,26325.55078125,26031.44921875,26273.55078125,0,62.85640030955547
2018-05-28,26291.650390625,26713.650390625,26273.900390625,26614.25,0,68.1583338336385
2018-05-29,26567.25,26570.94921875,26221.099609375,26254.80078125,0,58.64689156680801
2018-05-30,26039.900390625,26405.44921875,25980.849609375,26327.80078125,0,59.871645278070915
2018-05-31,26587.0,27164.55078125,26354.55078125,26956.19921875,0,68.51591953614417
2018-06-01,26913.400390625,26996.80078125,26658.55078125,26692.80078125,0,62.4439404681869
2018-06-04,27023.69921875,27047.55078125,26205.900390625,26257.55078125,0,53.93763551766122
2018-06-05,26263.0,26342.400390625,26069.55078125,26251.0,0,53.818806171415815
2018-06-06,26266.900390625,26425.19921875,26147.80078125,26367.599609375,0,55.69001429842813
2018-06-07,26577.94921875,26766.94921875,26483.900390625,26517.80078125,0,58.04815088455048
2018-06-08,26457.25,26481.0,26284.19921875,26451.349609375,0,56.61267781024336
2018-06-11,26473.19921875,26653.0,26421.94921875,26453.55078125,0,56.65091822180425
2018-06-12,26566.599609375,26656.44921875,26449.849609375,26607.099609375,0,59.34290713629114
2018-06-13,26721.94921875,26765.44921875,26598.19921875,26642.80078125,0,59.96542135492159
2018-06-14,26612.30078125,26623.25,26503.099609375,26562.25,0,57.81451353782713
2018-06-15,26513.69921875,26586.400390625,26344.94921875,26417.400390625,0,54.059389395802015
2018-06-18,26444.30078125,26477.5,26322.44921875,26409.30078125,0,53.84877179809019
2018-06-19,26448.099609375,26448.099609375,26224.75,26265.75,0,50.12163831692051
2018-06-20,26320.44921875,26574.75,26309.94921875,26557.69921875,0,56.68759330476118
2018-06-21,26645.30078125,26682.94921875,26454.94921875,26496.94921875,0,55.06327402218813
2018-06-22,26518.400390625,26806.55078125,26364.25,26766.849609375,0,60.48115585599655
2018-06-25,26718.150390625,26804.900390625,26573.0,26609.69921875,0,56.23012929301693
2018-06-26,26495.650390625,26712.599609375,26479.650390625,26601.69921875,0,56.01428937246338
2018-06-27,26616.30078125,26634.30078125,26336.5,26423.400390625,0,51.28898308753754
2018-06-28,26398.099609375,26487.849609375,26161.0,26324.599609375,0,48.830760555241554
2018-06-29,26312.69921875,26465.0,26291.349609375,26364.19921875,0,49.86787908069561
2018-07-02,26364.44921875,26371.599609375,26060.599609375,26230.30078125,0,46.440327535171214
2018-07-03,26210.099609375,26316.099609375,26142.0,26204.099609375,0,45.777282548696625
2018-07-04,26249.25,26480.5,26132.900390625,26433.94921875,0,52.22173251598542
2018-07-05,26481.55078125,26598.44921875,26415.19921875,26503.30078125,0,53.998276026428776
2018-07-06,26427.55078125,26609.849609375,26410.0,26493.849609375,0,53.70520296058735
2018-07-09,26642.349609375,26781.19921875,26611.55078125,26753.30078125,0,60.106307343928286
2018-07-10,26844.55078125,26939.55078125,26778.5,26894.55078125,0,63.09782896166931
2018-07-11,26900.650390625,26938.849609375,26774.599609375,26816.19921875,0,60.392531463914224
2018-07-12,26937.5,27164.80078125,26936.05078125,27026.55078125,0,64.7608008088753
2018-07-13,27046.849609375,27102.349609375,26902.30078125,26935.94921875,0,61.60905282584316
2018-07-16,26914.5,26939.05078125,26643.94921875,26679.80078125,0,53.65816228429043
2018-07-17,26662.849609375,27041.349609375,26653.650390625,27008.099609375,0,60.664871862048706
2018-07-18,27107.349609375,27187.150390625,26834.44921875,26880.900390625,0,57.06481723998326
2018-07-19,26960.19921875,27025.44921875,26730.099609375,26789.650390625,0,54.56328872883552
2018-07-20,26764.400390625,26946.55078125,26718.599609375,26873.19921875,0,56.445889981136055
2018-07-23,26701.30078125,27040.099609375,26671.349609375,27008.150390625,0,59.37393150293338
2018-07-24,26984.150390625,27128.0,26868.150390625,26974.400390625,0,58.31800773227597
2018-07-25,26992.55078125,27074.0,26939.349609375,27031.30078125,0,59.62180426753262
2018-07-26,27054.69921875,27455.099609375,27045.05078125,27406.400390625,0,66.95900662830687
2018-07-27,27497.80078125,27661.05078125,27455.0,27634.400390625,0,70.471372639763
2018-07-30,27767.650390625,27873.69921875,27607.94921875,27842.599609375,0,73.26609111245742
2018-07-31,27797.19921875,27839.19921875,27651.30078125,27764.150390625,0,70.55636608812245
2018-08-01,27684.80078125,27820.150390625,27477.900390625,27596.599609375,0,65.02485120724893
2018-08-02,27469.5,27487.900390625,27327.94921875,27355.94921875,0,57.99244286329117
2018-08-03,27471.94921875,27723.0,27448.150390625,27695.5,0,63.92138740765823
2018-08-06,27769.55078125,27994.0,27766.05078125,27898.5,0,66.92678771940236
2018-08-07,27972.94921875,27988.19921875,27827.30078125,27875.900390625,0,66.26498857059099
2018-08-08,27930.55078125,28128.650390625,27858.75,28062.44921875,0,68.99078415419916
2018-08-09,28173.650390625,28363.400390625,28132.0,28320.0,0,72.31652261990538
2018-08-10,28348.94921875,28377.900390625,28087.650390625,28124.25,0,66.4805222039188
2018-08-13,27760.80078125,27911.849609375,27739.5,27794.400390625,0,57.988373442493526
2018-08-14,27864.400390625,28053.05078125,27854.900390625,28021.69921875,0,61.626061484606865
2018-08-16,27836.150390625,28013.099609375,27779.5,27826.55078125,179500,57.05806695211003
2018-08-17,27991.75,28178.150390625,27953.80078125,28128.55078125,151600,61.77959907654993
2018-08-20,28171.650390625,28322.30078125,28171.650390625,28274.25,172500,63.8450014436429
2018-08-21,28295.849609375,28305.94921875,28151.900390625,28257.900390625,138100,63.430768868252976
2018-08-23,28321.94921875,28325.44921875,27965.349609375,28027.900390625,0,57.75396021722416
2018-08-24,27954.25,28122.75,27782.80078125,27834.69921875,0,53.428393641757694
2018-08-27,27971.25,28317.75,27958.19921875,28264.19921875,0,60.50937337778665
2018-08-28,28379.900390625,28388.650390625,28152.69921875,28269.650390625,0,60.59127187691748
2018-08-29,28233.400390625,28344.099609375,28167.80078125,28224.099609375,0,59.48119704598498
2018-08-30,28233.69921875,28233.69921875,27961.75,28103.25,0,56.522518413495526
2018-08-31,27998.0,28157.349609375,27940.94921875,28061.75,0,55.501553624001424
2018-09-03,28199.44921875,28203.19921875,27777.400390625,27819.5,123200,49.84196589042425
2018-09-04,27845.55078125,27875.150390625,27385.849609375,27430.75,0,42.37446644644678
2018-09-05,27409.30078125,27506.30078125,27136.05078125,27376.05078125,0,41.433811537101796
2018-09-06,27464.25,27552.80078125,27246.25,27468.69921875,0,43.712977843371725
2018-09-07,27439.25,27512.5,27232.80078125,27481.44921875,0,44.03575033100372
2018-09-10,27395.19921875,27404.849609375,27142.55078125,27201.75,0,38.78184274738557
2018-09-11,27295.19921875,27318.44921875,26772.25,26807.5,0,32.835084322664386
2018-09-12,26895.150390625,26895.150390625,26555.150390625,26819.19921875,0,33.16260686837492
2018-09-14,27059.849609375,27205.75,26989.80078125,27163.849609375,0,42.11736066847024
2018-09-17,27002.599609375,27002.599609375,26743.400390625,26820.30078125,0,36.8215697969324
2018-09-18,26757.0,26901.05078125,26407.44921875,26441.44921875,0,32.03753751777897
2018-09-19,26532.0,26611.599609375,26235.69921875,26277.349609375,0,30.20682548501844
2018-09-21,26331.05078125,26490.400390625,25053.349609375,25596.900390625,0,24.0658769699144
2018-09-24,25645.05078125,25649.69921875,24904.5,24970.349609375,0,20.028308644745906
2018-09-25,24947.69921875,25406.94921875,24678.25,25330.349609375,0,27.549560398513478
2018-09-26,25525.099609375,25525.099609375,25197.349609375,25376.30078125,0,28.474248035148378
2018-09-27,25442.099609375,25452.5,25007.05078125,25042.150390625,0,25.88684970594437
2018-09-28,25135.80078125,25354.69921875,24919.25,25119.849609375,0,27.535749250352055
2018-10-01,24943.900390625,25412.150390625,24707.650390625,25367.0,0,32.66736211934541
2018-10-03,25290.55078125,25470.05078125,25026.349609375,25069.900390625,253300,29.924045995779622
2018-10-04,24735.150390625,24893.400390625,24501.05078125,24819.30078125,0,27.803152667275683
2018-10-05,24741.650390625,25080.19921875,24250.650390625,24443.44921875,0,24.947259185740222
2018-10-08,24470.75,24745.349609375,24240.05078125,24618.349609375,0,28.621555225204432
2018-10-09,24703.650390625,24759.900390625,24464.900390625,24527.650390625,0,27.85985533134854
2018-10-10,24596.599609375,25371.150390625,24559.900390625,25321.69921875,0,42.32989588498123
2018-10-11,24541.75,24940.099609375,24493.69921875,24783.94921875,0,36.92778069324938
2018-10-12,25001.94921875,25484.19921875,24975.44921875,25395.849609375,0,45.45753287490397
2018-10-15,25444.0,25466.19921875,25147.80078125,25388.05078125,0,45.37330961214014
2018-10-16,25414.19921875,25707.05078125,25351.80078125,25589.650390625,0,48.05268947095836
2018-10-17,25839.099609375,25915.349609375,25101.94921875,25188.599609375,0,43.4834134670262
2018-10-19,24966.5,25277.900390625,24922.650390625,25085.80078125,0,42.37123546648377
2018-10-22,25484.25,25504.75,25021.349609375,25078.599609375,0,42.289636563492245
2018-10-23,24786.900390625,25124.599609375,24784.900390625,24972.44921875,0,41.03513232097067
2018-10-24,25312.69921875,25356.900390625,24839.650390625,25064.19921875,0,42.619555720595166
2018-10-25,24841.5,24977.349609375,24696.849609375,24817.44921875,0,39.54222091233709
2018-10-26,24771.849609375,24771.94921875,24353.099609375,24421.05078125,0,35.151200564068645
2018-10-29,24647.94921875,25023.75,24404.55078125,24959.69921875,0,44.21625133645182
2018-10-30,24924.75,25121.5,24686.849609375,24807.75,0,42.41503498586247
2018-10-31,24823.80078125,25201.30078125,24528.349609375,25153.25,0,47.638189555370936
2018-11-01,25285.19921875,25401.599609375,25129.44921875,25323.650390625,0,50.04483115683771
2018-11-02,25545.349609375,25856.25,25499.150390625,25701.650390625,0,54.98723628432324
2018-11-05,25731.55078125,25788.19921875,25534.400390625,25732.19921875,0,55.37152479276674
2018-11-06,25747.400390625,25860.75,25558.349609375,25598.0,0,53.22194972961579
2018-11-07,25818.099609375,25824.400390625,25747.599609375,25769.69921875,1800,55.59704492465289
2018-11-09,25742.55078125,25822.75,25598.75,25771.0,0,55.61543110616406
2018-11-12,25816.150390625,25907.19921875,25495.099609375,25539.75,0,51.530313094126015
2018-11-13,25422.0,25796.5,25384.55078125,25768.599609375,0,55.04915891696298
2018-11-14,25952.400390625,26045.05078125,25806.69921875,25930.150390625,0,57.400307415197865
2018-11-15,25946.19921875,26197.599609375,25728.0,26154.75,0,60.49408428308035
2018-11-16,26205.349609375,26332.75,26122.55078125,26245.55078125,0,61.70493500697195
2018-11-19,26364.599609375,26379.099609375,26204.349609375,26300.69921875,0,62.457561091485736
2018-11-20,26211.5,26259.400390625,26041.80078125,26113.349609375,0,58.26797928185199
2018-11-21,26105.44921875,26342.05078125,26060.55078125,26262.05078125,0,60.53099768129764
2018-11-22,26233.650390625,26323.94921875,25947.849609375,25999.44921875,0,54.87202902633663
2018-11-26,26096.0,26396.599609375,26025.05078125,26365.599609375,0,60.427263776546084
2018-11-27,26286.099609375,26491.25,26268.650390625,26443.099609375,0,61.50735695911849
2018-11-28,26489.650390625,26584.94921875,26419.650390625,26457.94921875,0,61.722933649404624
2018-11-29,26641.599609375,27003.75,26577.150390625,26939.599609375,0,67.98574148087789
2018-11-30,27009.30078125,27012.69921875,26764.900390625,26862.94921875,0,66.13133527620528
2018-12-03,27032.900390625,27037.099609375,26791.650390625,26857.55078125,0,65.99480305395424
2018-12-04,26809.5,26843.80078125,26644.75,26693.80078125,0,61.82523058577748
2018-12-05,26572.099609375,26627.349609375,26443.650390625,26519.599609375,0,57.65219504586256
2018-12-06,26339.099609375,26359.900390625,26149.44921875,26198.30078125,0,50.836574958751726
2018-12-07,26307.400390625,26659.69921875,26252.099609375,26594.30078125,0,57.50466574759495
2018-12-10,26073.650390625,26336.19921875,26072.0,26102.650390625,0,48.677289348092735
2018-12-11,25602.25,26227.900390625,25598.94921875,26163.400390625,0,49.70466865159624
2018-12-12,26286.25,26672.69921875,26214.75,26643.849609375,0,57.03065136656561
2018-12-13,26844.150390625,26951.44921875,26723.650390625,26816.349609375,0,59.32166501102688
2018-12-14,26810.849609375,26909.0,26732.69921875,26826.0,0,59.451915608449426
2018-12-17,26915.44921875,27051.400390625,26908.599609375,27015.80078125,0,62.02720981769686
2018-12-18,26917.30078125,27210.05078125,26840.80078125,27174.69921875,0,64.08382439697601
2018-12-19,27229.05078125,27364.349609375,27214.30078125,27298.400390625,0,65.64382263325535
2018-12-20,27128.650390625,27309.099609375,27084.5,27275.099609375,0,65.07049943706323
2018-12-21,27261.25,27369.099609375,26823.099609375,26869.650390625,0,55.918575209994295
2018-12-24,26877.05078125,26934.849609375,26676.94921875,26714.75,0,52.859753675247795
2018-12-26,26634.0,27029.150390625,26408.150390625,26986.80078125,0,57.279676833268624
2018-12-27,27200.650390625,27239.94921875,26845.099609375,26878.55078125,0,55.06720124859464
2018-12-28,27048.400390625,27213.44921875,27039.599609375,27125.25,0,58.95793640512218
2018-12-31,27267.80078125,27286.5,27105.0,27160.19921875,0,59.493057465836316
2019-01-01,27231.400390625,27430.55078125,27019.05078125,27392.400390625,116400,62.94949421816391
2019-01-02,27297.0,27397.55078125,27077.599609375,27174.69921875,0,57.95627473989112
2019-01-03,27181.599609375,27206.19921875,26923.75,26959.849609375,0,53.45022067203815
2019-01-04,26999.69921875,27274.5,26926.099609375,27195.0,0,57.3579941487157
2019-01-07,27378.650390625,27477.80078125,27279.55078125,27304.55078125,0,59.08139777365385
2019-01-08,27301.900390625,27542.400390625,27161.94921875,27509.5,146100,62.16237650034429
2019-01-09,27651.25,27754.44921875,27409.5,27720.400390625,0,65.07645986087695
2019-01-10,27713.55078125,27713.55078125,27488.19921875,27528.55078125,0,60.511037737038144
2019-01-11,27602.80078125,27612.44921875,27382.44921875,27453.900390625,0,58.78295596359121
2019-01-14,27389.19921875,27389.80078125,27182.19921875,27248.25,0,54.191572365926355
2019-01-15,27317.55078125,27447.55078125,27317.099609375,27400.75,0,56.881151342656366
2019-01-16,27405.650390625,27554.75,27403.05078125,27483.69921875,0,58.31481663776208
2019-01-17,27568.599609375,27611.55078125,27335.150390625,27528.75,0,59.110009253919664
2019-01-18,27550.05078125,27576.44921875,27410.650390625,27456.69921875,0,57.22968382214934
2019-01-21,27514.55078125,27622.19921875,27388.5,27533.599609375,0,58.738349880416685
2019-01-22,27526.55078125,27533.349609375,27385.400390625,27482.25,0,57.28527843315848
2019-01-23,27493.099609375,27564.69921875,27189.599609375,27250.75,0,51.14274162802095
2019-01-24,27273.5,27342.349609375,27142.80078125,27266.400390625,0,51.521197711364266
2019-01-25,27261.44921875,27433.55078125,27045.19921875,27115.30078125,0,47.68099172199231
2019-01-28,27041.44921875,27134.19921875,26587.94921875,26653.05078125,0,38.2806066638159
2019-01-29,26616.25,26743.849609375,26441.55078125,26573.400390625,0,36.92956053663684
2019-01-30,26789.75,26916.25,26693.69921875,26825.5,0,43.702113392917454
2019-01-31,26969.150390625,27325.05078125,26891.05078125,27295.44921875,0,53.68604993039034
2019-02-01,27334.55078125,27533.05078125,26930.44921875,27085.94921875,231600,49.47390157281295
2019-02-04,26974.0,27243.80078125,26825.55078125,27186.599609375,0,51.44493011199462
2019-02-05,27226.05078125,27348.25,27153.19921875,27271.69921875,0,53.11045065156321
2019-02-06,27326.19921875,27428.650390625,27294.099609375,27402.349609375,0,55.62698124229998
2019-02-07,27424.099609375,27589.75,27322.94921875,27387.150390625,0,55.25544900410016
2019-02-08,27302.650390625,27482.099609375,27221.25,27294.400390625,0,52.932135774042806
2019-02-11,27240.5,27305.900390625,27151.55078125,27227.80078125,0,51.26527847543478
2019-02-12,27166.900390625,27286.650390625,26988.900390625,27010.75,0,46.16317746765333
2019-02-14,26978.0,27030.0,26818.05078125,26970.599609375,0,45.2657313606857
2019-02-15,27017.19921875,27029.94921875,26635.25,26794.25,0,41.453788987105526
2019-02-18,26754.599609375,26829.94921875,26617.69921875,26654.25,0,38.669683899156155
2019-02-19,26666.55078125,26996.44921875,26625.599609375,26684.849609375,0,39.62414279829849
2019-02-20,26786.0,26985.5,26732.650390625,26955.5,0,47.418689970492764
2019-02-21,26994.75,27100.900390625,26973.0,27052.400390625,0,49.91192638837258
2019-02-22,26960.05078125,26997.349609375,26847.80078125,26867.55078125,0,45.48150923203064
2019-02-25,26934.19921875,27197.099609375,26932.650390625,27159.25,0,52.62757940728789
2019-02-26,26853.80078125,27127.25,26736.599609375,26952.94921875,0,47.85052238554754
2019-02-27,27078.099609375,27189.44921875,26719.400390625,26799.30078125,0,44.60320278550348
2019-02-28,26878.0,26920.5,26762.55078125,26789.900390625,0,44.40465307062694
2019-03-01,26941.0,27076.55078125,26928.900390625,27043.900390625,0,50.78017556566002
2019-03-05,27068.150390625,27580.75,26958.099609375,27554.05078125,0,60.56238886775553
2019-03-06,27618.099609375,27681.650390625,27492.05078125,27625.650390625,0,61.7125292676793
2019-03-07,27661.0,27815.5,27560.0,27764.599609375,0,63.912071722718416
2019-03-08,27686.150390625,27811.349609375,27645.400390625,27761.80078125,0,63.83252496211937
2019-03-11,27840.099609375,28035.599609375,27791.25,27966.650390625,0,67.0636832088988
2019-03-12,28168.19921875,28488.099609375,28142.25,28443.69921875,0,73.09242829198203
2019-03-13,28480.30078125,28927.69921875,28353.650390625,28884.30078125,0,77.2367546819087
2019-03-14,29028.900390625,29070.349609375,28819.75,28923.099609375,0,77.56445237080217
2019-03-15,29007.0,29520.69921875,28990.849609375,29381.44921875,0,81.03741209814173
2019-03-18,29521.599609375,29812.0,29361.650390625,29596.099609375,0,82.410610647321
2019-03-19,29702.599609375,29799.75,29547.69921875,29767.849609375,0,83.4437243533807
2019-03-20,29769.650390625,29885.19921875,29633.5,29832.19921875,0,83.82700911672187
2019-03-22,29920.75,30008.099609375,29508.69921875,29582.5,0,76.43275498649454
2019-03-25,29329.400390625,29329.400390625,29156.25,29281.19921875,0,68.5726378982216
2019-03-26,29300.400390625,29950.150390625,29278.5,29882.150390625,0,74.25861411523728
2019-03-27,30034.150390625,30262.55078125,29790.25,30019.80078125,0,75.35835349738498
2019-03-28,30064.80078125,30496.05078125,29969.099609375,30420.55078125,0,78.26917061845144
2019-04-01,30537.599609375,30648.099609375,30218.349609375,30326.5,0,76.00017656009544
2019-04-02,30450.099609375,30452.900390625,30155.849609375,30354.25,0,76.21923186183442
2019-04-03,30440.849609375,30602.55078125,30036.25,30093.30078125,0,69.77021543878375
2019-04-04,30147.30078125,30245.69921875,29809.900390625,29904.900390625,0,65.46357033656045
2019-04-05,30002.849609375,30174.0,29850.0,30084.650390625,0,67.52331103291671
2019-04-08,30201.5,30232.05078125,29716.599609375,29845.30078125,0,62.20347478517377
2019-04-09,29901.5,30165.05078125,29703.55078125,30113.849609375,0,65.48881001473438
2019-04-10,29916.599609375,30155.75,29768.099609375,29803.5,0,59.095910625453286
2019-04-11,29841.849609375,29852.25,29640.25,29786.099609375,0,58.74962984830787
2019-04-12,29780.55078125,30000.94921875,29707.0,29938.55078125,0,60.91077749872754
2019-04-15,29983.5,30163.099609375,29919.099609375,30104.25,0,63.16938093671445
2019-04-16,30236.25,30590.94921875,30228.19921875,30531.349609375,0,68.26012801059663
2019-04-18,30656.5,30669.80078125,30142.19921875,30223.400390625,0,61.644082136703354
2019-04-22,30282.5,30289.900390625,29647.55078125,29687.94921875,0,52.17478900092219
2019-04-23,29761.94921875,29906.5,29455.44921875,29479.69921875,0,49.020825855980576
2019-04-24,29550.5,29914.849609375,29435.05078125,29860.80078125,0,54.44766511345997
2019-04-25,29927.05078125,30057.69921875,29511.94921875,29561.349609375,0,49.948360747357306
2019-04-26,29764.849609375,30048.19921875,29563.150390625,30013.5,0,55.87721297668221
2019-04-30,29920.400390625,29920.400390625,29550.05078125,29764.80078125,0,52.213579792327444
2019-05-02,29699.80078125,29919.349609375,29638.80078125,29708.599609375,0,51.39352794262742
2019-05-03,29811.650390625,30121.75,29795.099609375,29954.150390625,0,54.73832015557081
2019-05-06,29626.5,29757.400390625,29528.599609375,29618.44921875,0,49.70271808859165
2019-05-07,29749.55078125,29835.5,29244.25,29288.19921875,0,45.28878949672441
2019-05-08,29261.30078125,29261.30078125,28951.349609375,28994.400390625,0,41.73767004676158
2019-05-09,28893.94921875,29040.30078125,28784.650390625,28884.599609375,0,40.460793191373085
2019-05-10,28927.599609375,29202.849609375,28900.099609375,29040.5,0,43.121490540898556
2019-05-13,29026.650390625,29049.05078125,28621.099609375,28659.94921875,0,38.58835415166757
2019-05-14,28718.75,29058.30078125,28582.599609375,28829.19921875,0,41.532248094460044
2019-05-15,28925.44921875,28983.150390625,28555.150390625,28616.44921875,0,39.001339168734845
2019-05-16,28625.900390625,28947.599609375,28525.44921875,28855.30078125,0,43.1871612903833
2019-05-17,28881.400390625,29559.44921875,28856.0,29450.150390625,0,52.018010980948866
2019-05-20,30230.400390625,30827.849609375,30111.19921875,30759.69921875,0,64.93864658233106
2019-05-21,30862.099609375,30926.69921875,30265.099609375,30308.400390625,0,59.03843407286938
2019-05-22,30410.650390625,30675.099609375,30268.599609375,30526.80078125,0,60.890353957165985
2019-05-23,30962.80078125,31705.0,30292.349609375,30409.099609375,0,59.33346578148332
2019-05-24,30685.5,31275.400390625,30564.400390625,31212.55078125,0,65.76784367265324
2019-05-27,31234.900390625,31700.75,31142.5,31647.650390625,232000,68.65975929812831
2019-05-28,31711.30078125,31712.400390625,31328.599609375,31597.900390625,0,67.95287510123029
2019-05-29,31459.25,31546.75,31257.900390625,31295.55078125,0,63.66309755368777
2019-05-30,31256.849609375,31619.25,31236.099609375,31537.099609375,0,65.53500904555068
2019-05-31,31678.900390625,31783.599609375,30623.05078125,31375.400390625,0,63.18828696605281
2019-06-03,31406.05078125,31674.599609375,31284.69921875,31653.650390625,0,65.47906386505262
2019-06-04,31532.900390625,31752.69921875,31512.94921875,31589.05078125,0,64.47589612814632
2019-06-06,31523.94921875,31541.5,30800.80078125,30857.400390625,274600,54.32451068643621
2019-06-07,30943.150390625,31139.599609375,30627.05078125,31066.55078125,0,56.43603036056196
2019-06-10,31259.19921875,31367.400390625,30861.30078125,31034.0,0,56.00211624100255
2019-06-11,31172.25,31399.349609375,30973.349609375,31265.44921875,0,58.448438457805246
2019-06-12,31219.30078125,31222.30078125,30911.44921875,30965.69921875,0,54.242079256815856
2019-06-13,30876.75,31036.900390625,30638.25,30976.099609375,0,54.36479734189962
2019-06-14,30983.44921875,31032.650390625,30508.94921875,30614.349609375,0,49.40196001550248
2019-06-17,30652.0,30684.05078125,30249.400390625,30273.25,0,45.21099798760864
2019-06-18,30299.44921875,30550.650390625,30222.849609375,30351.0,0,46.32867349578928
2019-06-19,30526.5,30699.150390625,30242.0,30362.099609375,0,46.49647533563846
2019-06-20,30390.19921875,30824.55078125,30220.69921875,30781.099609375,0,52.529920370828954
2019-06-21,30804.94921875,30804.94921875,30541.5,30628.349609375,0,50.30288192694038
2019-06-24,30680.94921875,30783.650390625,30528.0,30602.05078125,0,49.91055041483656
2019-06-25,30567.650390625,30913.25,30451.400390625,30847.05078125,0,53.54553178054447
2019-06-26,30809.19921875,31202.69921875,30766.650390625,31162.349609375,0,57.79078997670924
2019-06-27,31192.099609375,31490.599609375,31158.80078125,31269.5,0,59.156795667769714
2019-06-28,31281.0,31308.900390625,31060.599609375,31105.19921875,0,56.15576662500532
2019-07-01,31271.0,31450.349609375,31246.44921875,31372.19921875,133200,59.7309117040949
2019-07-02,31414.650390625,31431.349609375,31105.099609375,31283.30078125,0,58.034106294848264
2019-07-03,31347.69921875,31467.150390625,31238.5,31382.30078125,224100,59.41673518869484
2019-07-04,31471.0,31608.349609375,31428.05078125,31471.849609375,242986000,60.678697663704824
2019-07-05,31523.05078125,31660.75,31323.25,31475.80078125,0,60.73671219942453
2019-07-08,31346.849609375,31370.400390625,30536.75,30603.849609375,390500,44.968881708440115
2019-07-09,30533.400390625,30702.099609375,30346.69921875,30569.150390625,259300,44.474070241419476
2019-07-10,30618.05078125,30728.349609375,30428.599609375,30522.099609375,184300,43.770765356022245
2019-07-11,30707.0,30788.05078125,30565.349609375,30716.55078125,173600,47.46809613781892
2019-07-12,30789.75,30870.94921875,30548.30078125,30601.44921875,156200,45.55846049492933
2019-07-15,30688.849609375,30695.69921875,30334.19921875,30445.94921875,223000,43.039344285235984
2019-07-16,30532.650390625,30635.0,30429.900390625,30570.80078125,369300,45.63842327752915
2019-07-17,30622.25,30799.69921875,30568.30078125,30735.5,367500,48.94776417292375
2019-07-18,30705.80078125,30769.349609375,30378.599609375,30430.599609375,352000,43.65008471329619
2019-07-19,30515.099609375,30543.75,29705.75,29770.349609375,287400,34.853172683634995
2019-07-22,29617.05078125,29635.150390625,29194.099609375,29284.94921875,339800,30.05726310861617
2019-07-23,29342.44921875,29365.80078125,29078.150390625,29128.099609375,333500,28.683750629708555
2019-07-24,29085.44921875,29252.400390625,28871.0,28952.25,244100,27.183934102049378
2019-07-25,28981.05078125,29240.80078125,28931.05078125,29043.05078125,0,29.241315495317934
2019-07-26,29062.5,29379.099609375,28994.5,29325.30078125,383600,35.35562458178801
2019-07-29,29583.44921875,29592.94921875,29104.849609375,29295.900390625,303500,35.01620217128496
2019-07-30,29434.849609375,29530.30078125,28737.80078125,28791.599609375,301300,29.741828566890618
2019-07-31,28575.44921875,28979.75,28529.75,28876.0,346500,31.598799356311304
2019-08-01,28660.5,28819.69921875,28047.349609375,28367.25,0,26.9712236814932
2019-08-02,28224.25,28544.55078125,27936.349609375,28204.94921875,319900,25.679214628038352
2019-08-05,27841.19921875,27866.55078125,27389.5,27648.05078125,0,21.81727497016925
2019-08-06,27518.5,28148.400390625,27503.900390625,28022.099609375,291000,29.487798448193274
2019-08-07,28053.849609375,28175.55078125,27641.849609375,27702.05078125,0,27.04300705621894
2019-08-08,27840.099609375,28227.55078125,27531.05078125,28110.44921875,303600,34.50508151342507
2019-08-09,28293.650390625,28602.75,28251.75,28431.900390625,336800,39.73033158319705
2019-08-13,28356.80078125,28358.849609375,27683.5,27729.099609375,0,33.44738279357075
2019-08-14,27885.5,28107.05078125,27726.650390625,28019.19921875,290400,37.81859088538285
2019-08-16,27920.30078125,28251.05078125,27720.94921875,28217.0,274000,40.679516504239
2019-08-19,28331.25,28468.900390625,28146.5,28186.099609375,0,40.36705699564263
2019-08-20,28163.55078125,28215.400390625,27839.650390625,27982.44921875,288200,38.28017524395219
2019-08-21,28021.0,28098.900390625,27666.19921875,27719.05078125,0,35.70883765943259
2019-08-22,27690.05078125,27690.05078125,26975.55078125,27034.19921875,0,30.05580510554296
2019-08-23,26835.349609375,27207.30078125,26560.599609375,26958.650390625,0,29.500977397041908
2019-08-26,27663.94921875,27995.25,26859.349609375,27951.349609375,0,44.102463928174146
2019-08-27,28106.30078125,28277.69921875,27960.80078125,28126.150390625,0,46.21491289113945
2019-08-28,28080.25,28095.55078125,27634.650390625,27804.30078125,0,42.9931945009474
2019-08-29,27694.94921875,27719.05078125,27239.94921875,27305.19921875,0,38.5098890264422
2019-08-30,27407.900390625,27586.5,27121.94921875,27427.849609375,0,40.16126406526876
2019-09-03,27239.19921875,27247.05078125,26742.599609375,26824.150390625,0,35.15651186232893
2019-09-04,26785.94921875,27278.69921875,26641.349609375,27123.849609375,0,39.20674727843663
2019-09-05,27086.94921875,27243.94921875,26815.400390625,26919.69921875,0,37.48897060378423
2019-09-06,26986.5,27311.05078125,26950.55078125,27247.900390625,0,41.89638265206786
2019-09-09,27240.349609375,27565.55078125,26993.900390625,27504.650390625,0,45.15419048429457
2019-09-11,27639.05078125,27829.650390625,27551.650390625,27776.19921875,0,48.446513923598395
2019-09-12,27870.80078125,28062.30078125,27764.69921875,27818.5,0,48.96049910794299
2019-09-13,27772.0,28126.849609375,27573.44921875,28098.75,0,52.35001188706859
2019-09-16,27868.0,28066.69921875,27798.849609375,27855.0,0,49.28435450756688
2019-09-17,27765.099609375,27851.400390625,27047.94921875,27131.75,0,41.515671518813704
2019-09-18,27304.69921875,27414.44921875,27088.80078125,27172.650390625,0,42.071770727699395
2019-09-19,27175.44921875,27175.44921875,26643.0,26757.650390625,0,38.111919115152865
2019-09-20,26878.650390625,29418.94921875,26727.55078125,28981.55078125,0,59.895625859576775
2019-09-23,30039.400390625,30801.30078125,29776.30078125,30566.19921875,0,68.4242769765167
2019-09-24,30432.0,30668.099609375,29889.55078125,30183.099609375,0,64.83457229234587
2019-09-25,30029.05078125,30067.599609375,29470.099609375,29586.05078125,0,59.58783925925484
2019-09-26,29640.55078125,30718.349609375,29627.0,30002.599609375,0,61.904169677674666
2019-09-27,29974.94921875,30112.650390625,29711.349609375,29876.650390625,0,60.769964397087676
2019-09-30,29674.80078125,29754.400390625,28943.44921875,29103.150390625,0,54.201921663025175
2019-10-01,29226.150390625,29526.400390625,28077.349609375,28725.5,1187300,51.287370237204115
2019-10-03,28606.69921875,28769.099609375,28240.80078125,28414.099609375,0,48.950019914699766
2019-10-04,28681.900390625,28730.30078125,27653.69921875,27731.849609375,0,44.19753742724606
2019-10-07,27909.900390625,28185.150390625,27568.349609375,27767.55078125,0,44.50118858787554
2019-10-09,27901.650390625,28857.69921875,27702.05078125,28785.849609375,0,52.449174629678964
2019-10-10,28542.94921875,28552.75,27914.150390625,28013.44921875,0,46.95607897094482
2019-10-11,28245.55078125,28604.05078125,27736.80078125,28042.5,0,47.18014484878336
2019-10-14,28238.5,28553.400390625,28043.25,28181.94921875,0,48.308897675880345
2019-10-15,28257.849609375,28694.849609375,28186.25,28555.099609375,0,51.30748272068766
2019-10-16,28689.44921875,28759.349609375,28305.400390625,28538.80078125,0,51.167860353587166
2019-10-17,28596.349609375,29049.05078125,28487.94921875,28989.44921875,0,54.82809453619988
2019-10-18,28954.80078125,29249.5,28864.099609375,29120.25,0,55.862214238985466
2019-10-22,29416.25,29690.0,29231.19921875,29411.150390625,0,58.15650774330709
2019-10-23,29478.849609375,29643.80078125,29214.05078125,29459.599609375,0,58.54301998429022
2019-10-24,29604.349609375,29693.25,28994.19921875,29107.94921875,0,54.60077892721013
2019-10-25,29228.650390625,29452.099609375,28923.80078125,29395.94921875,0,57.145999870291604
2019-10-29,29527.599609375,29997.650390625,29385.44921875,29873.05078125,0,61.04247149652001
2019-10-30,30005.69921875,30151.099609375,29753.0,29987.5,0,61.93654864159346
2019-10-31,30168.650390625,30415.650390625,29987.150390625,30066.25,0,62.57303719136977
2019-11-01,30196.150390625,30409.0,30028.900390625,30330.55078125,0,64.70615097374002
2019-11-04,30415.900390625,30607.05078125,30227.25,30333.099609375,0,64.72702942400848
2019-11-05,30403.25,30452.69921875,30091.349609375,30219.849609375,0,62.94528749319869
2019-11-06,30225.19921875,30699.0,30013.650390625,30609.599609375,0,66.3756901514717
2019-11-07,30722.599609375,30821.349609375,30462.55078125,30633.150390625,364800,66.57703960005355
2019-11-08,30571.30078125,31108.400390625,30504.05078125,30749.400390625,0,67.60814994778534
2019-11-11,30664.650390625,31205.19921875,30625.80078125,31115.55078125,0,70.67664298693228
2019-11-13,31084.75,31198.5,30488.099609375,30541.55078125,0,60.93188463217818
2019-11-14,30615.80078125,30789.19921875,30338.349609375,30749.94921875,0,62.930281317695204
2019-11-15,30912.400390625,31165.44921875,30860.69921875,31008.400390625,0,65.30082069038941
2019-11-18,31036.80078125,31203.55078125,30901.849609375,30992.099609375,0,65.01841149426261
2019-11-19,31045.150390625,31298.05078125,30974.30078125,31236.25,0,67.29953014521519
2019-11-20,31292.349609375,31471.650390625,31205.55078125,31353.849609375,0,68.36944281388406
2019-11-21,31413.25,31463.150390625,31243.0,31349.94921875,0,68.28963672130621
2019-11-22,31389.599609375,31394.19921875,31055.19921875,31111.599609375,0,63.41797211031256
2019-11-25,31065.099609375,31591.599609375,31049.75,31555.900390625,0,68.0005735688911
2019-11-26,31692.849609375,31850.349609375,31465.849609375,31718.349609375,0,69.50475978542052
2019-11-27,31832.75,31916.80078125,31734.5,31875.94921875,0,70.9323122874097
2019-11-28,31981.69921875,32157.05078125,31905.900390625,32122.94921875,498300,73.0608003537951
2019-11-29,32074.150390625,32086.94921875,31770.80078125,31946.099609375,0,69.15613956715319
2019-12-02,32008.30078125,32024.099609375,31720.599609375,31871.44921875,0,67.51586192608892
2019-12-03,31920.099609375,31936.599609375,31502.94921875,31613.349609375,0,62.03715067991198
2019-12-04,31549.30078125,32017.75,31444.0,31979.30078125,516800,66.22240452347931
2019-12-05,32083.80078125,32126.94921875,31628.30078125,31712.94921875,393300,60.95508422039718
2019-12-06,31797.150390625,31883.69921875,31250.650390625,31341.55078125,485400,54.451347916362295
2019-12-09,31321.400390625,31537.650390625,31122.05078125,31316.650390625,494500,54.035073703684546
2019-12-10,31386.400390625,31412.80078125,31126.0,31160.349609375,505400,51.37983685740524
2019-12-11,31151.650390625,31337.849609375,30996.400390625,31256.75,815400,52.91656822447385
2019-12-12,31356.80078125,31711.44921875,31352.099609375,31665.44921875,529700,58.85424170984147
2019-12-13,31775.55078125,32105.05078125,31770.5,32014.25,390500,63.12794061477446
2019-12-16,32159.0,32186.94921875,31897.75,31974.19921875,306000,62.32741325328485
2019-12-17,32082.400390625,32213.349609375,31987.349609375,32140.25,259900,64.34613204098795
2019-12-18,32292.25,32293.650390625,32017.30078125,32244.25,258800,65.58982828461997
2019-12-19,32281.650390625,32328.349609375,32085.05078125,32241.44921875,436900,65.52354018643103
2019-12-20,32266.849609375,32443.349609375,32199.44921875,32384.94921875,535200,67.34454938836436
2019-12-23,32381.0,32502.80078125,32196.849609375,32339.44921875,391500,66.15145971445396
2019-12-24,32337.80078125,32390.349609375,32246.05078125,32280.75,330800,64.56234396222897
2019-12-26,32276.150390625,32314.599609375,31963.25,31997.69921875,339800,57.40161944595053
2019-12-27,32142.5,32444.849609375,32056.25,32412.349609375,332400,63.7453384344189
2019-12-30,32486.599609375,32613.099609375,32248.5,32354.900390625,0,62.3597259831089
2019-12-31,32345.94921875,32345.94921875,32108.75,32161.650390625,251400,57.80775477043702
2020-01-01,32237.900390625,32348.0,32057.19921875,32102.900390625,184700,56.458488670882446
2020-01-02,32133.150390625,32465.44921875,32121.400390625,32443.849609375,253600,62.001485585069496
2020-01-03,32326.94921875,32329.80078125,31960.400390625,32069.25,217600,53.8849462884547
2020-01-06,31910.44921875,31914.44921875,31170.55078125,31237.150390625,256200,41.034670872085606
2020-01-07,31598.05078125,31851.44921875,31200.900390625,31399.400390625,294400,43.84666621704528
2020-01-08,30995.5,31451.849609375,30899.55078125,31373.650390625,304500,43.492174409720846
2020-01-09,31748.25,32172.69921875,31667.150390625,32092.400390625,308000,54.54015459110524
2020-01-10,32215.69921875,32347.19921875,31953.400390625,32097.400390625,444700,54.6066426150476
2020-01-13,32139.099609375,32322.650390625,32074.05078125,32177.650390625,291400,55.725887342268415
2020-01-14,32196.44921875,32196.44921875,31989.19921875,32071.650390625,438900,53.83761735298957
2020-01-15,31994.75,32000.900390625,31670.349609375,31824.900390625,545700,49.622392222123615
2020-01-16,31810.55078125,31988.900390625,31692.400390625,31853.900390625,253700,50.11672050703453
2020-01-17,31571.650390625,31773.55078125,31445.5,31590.650390625,308100,45.73005325359832
2020-01-20,31923.94921875,31923.94921875,31050.94921875,31080.650390625,282200,38.668560290249395
2020-01-21,30978.849609375,31171.25,30858.599609375,30947.55078125,227500,37.06016263051413
2020-01-22,31061.599609375,31149.05078125,30614.0,30701.44921875,200600,34.225463071132936
2020-01-23,30742.19921875,31087.25,30621.349609375,31004.05078125,343800,40.27468658161564
2020-01-24,31040.099609375,31375.44921875,30879.05078125,31241.75,424600,44.58593560253109
2020-01-27,31110.55078125,31227.05078125,30808.55078125,30837.400390625,309900,39.37856471283545
2020-01-28,30922.0,31048.44921875,30656.349609375,30761.400390625,239600,38.4691244523865
2020-01-29,30915.099609375,31082.849609375,30835.80078125,30877.0,268800,40.71201679599408
2020-01-30,30889.25,30909.5,30521.30078125,30647.400390625,328900,37.76738051273389
2020-01-31,30950.5,31033.44921875,30691.80078125,30833.599609375,333400,41.46495067563295
2020-02-03,29811.75,30105.80078125,29612.55078125,30023.25,337100,32.43327388300544
2020-02-04,30235.30078125,30776.94921875,30182.44921875,30686.69921875,336600,43.31873249903788
2020-02-05,30761.94921875,31065.849609375,30630.849609375,31001.94921875,427600,47.6357226791859
2020-02-06,31070.75,31470.650390625,30917.25,31304.05078125,334000,51.4516373479604
2020-02-07,31367.05078125,31368.19921875,31111.05078125,31201.94921875,254400,50.122230147285045
2020-02-10,31248.650390625,31248.80078125,30957.19921875,31058.150390625,239700,48.232054219947926
2020-02-11,31230.19921875,31505.94921875,31225.900390625,31300.599609375,198900,51.54961722566336
2020-02-12,31441.150390625,31588.599609375,31398.150390625,31492.900390625,226000,54.06413708342296
2020-02-13,31586.55078125,31649.44921875,31180.599609375,31230.25,303000,50.22971221253907
2020-02-14,31281.849609375,31436.650390625,30776.099609375,30834.80078125,341400,45.0491711926583
2020-02-17,30873.849609375,30998.150390625,30630.5,30680.69921875,0,43.18021042472335
2020-02-18,30661.5,30692.75,30252.44921875,30562.5,398900,41.749483551789154
2020-02-19,30905.0,30947.150390625,30606.150390625,30838.19921875,268800,46.22514131846752
2020-02-20,30862.30078125,31085.30078125,30702.44921875,30942.849609375,273100,47.86269545663841
2020-02-24,30666.349609375,30702.150390625,30428.0,30455.099609375,254200,41.51694632072375
2020-02-25,30517.0,30610.69921875,30329.94921875,30432.69921875,215900,41.24647848919589
2020-02-26,30279.94921875,30515.349609375,30131.75,30306.849609375,291000,39.682363385262185
2020-02-27,30270.0,30271.94921875,29914.150390625,30187.0,358000,38.19684259715222
2020-02-28,29501.55078125,29564.099609375,29051.5,29147.150390625,386900,28.29848764371323
2020-03-02,29701.0,29791.150390625,28571.69921875,28868.400390625,368300,26.328807216075887
2020-03-03,29012.55078125,29285.349609375,28749.55078125,29177.05078125,367300,31.974784276064412
2020-03-04,29252.94921875,29273.650390625,28125.150390625,28653.69921875,425800,28.049446124945618
2020-03-05,28830.30078125,29134.30078125,28535.599609375,28815.349609375,1075700,30.87230673667797
2020-03-06,27649.94921875,28047.19921875,27162.30078125,27801.44921875,1568100,24.40483683605288
2020-03-09,27031.44921875,27091.599609375,25923.400390625,26462.599609375,1059000,18.803166798634777
2020-03-11,26272.75,26791.44921875,26234.099609375,26487.80078125,723300,19.179210507094922
2020-03-12,25175.900390625,25223.099609375,23536.349609375,23971.150390625,760600,12.802655306367
2020-03-13,22720.75,25670.75,21351.69921875,25166.44921875,783400,25.475965001591504
2020-03-16,24061.599609375,24074.150390625,23008.25,23101.150390625,481900,20.052799213309328
2020-03-17,23348.05078125,23449.5,22002.0,22155.150390625,537700,18.14722692401439
2020-03-18,22411.849609375,22544.05078125,20267.94921875,20580.19921875,875300,15.505453654294229
2020-03-19,19428.94921875,21035.05078125,18675.650390625,20083.5,476600,14.774950056107286
2020-03-20,19898.30078125,20924.55078125,19265.0,20317.599609375,501800,16.765321284761526
2020-03-23,18311.30078125,18895.650390625,16791.05078125,16917.650390625,307600,12.279787764501705
2020-03-24,17705.849609375,17841.400390625,16116.25,17107.30078125,391700,13.667321137135119
2020-03-25,16759.94921875,18740.19921875,16635.5,18481.05078125,394600,23.14990747629649
2020-03-26,18781.849609375,20409.349609375,18364.5,19613.900390625,482900,29.97994763158492
2020-03-27,20801.599609375,21462.400390625,19580.099609375,19969.0,539400,32.019458849422094
2020-03-30,19254.44921875,19716.25,18668.69921875,18782.400390625,327000,28.981618208256776
2020-03-31,19307.650390625,19466.30078125,18792.400390625,19144.0,309800,31.126060482389974
2020-04-01,19122.400390625,19154.75,18042.25,18208.349609375,274900,28.710311392782245
2020-04-03,18325.05078125,18326.099609375,17143.19921875,17249.30078125,342500,26.4447351186012
2020-04-07,18454.55078125,19190.55078125,17953.75,19062.5,435400,36.62680100582961
2020-04-08,18799.400390625,20324.099609375,18482.900390625,18946.44921875,508400,36.280635133918594
2020-04-09,19553.150390625,19988.30078125,19166.900390625,19913.599609375,390000,41.26291666019313
2020-04-13,19854.900390625,19887.05078125,19294.0,19488.0,288200,39.788545649025714
2020-04-15,20096.349609375,20184.099609375,18776.75,19057.05078125,389900,38.296389567523974
2020-04-16,18957.150390625,19520.30078125,18703.44921875,19400.0,350300,40.217784313440674
2020-04-17,20394.75,20866.55078125,19729.30078125,20681.44921875,475000,46.87457233740952
2020-04-20,21104.69921875,21122.099609375,20444.25,20522.650390625,438600,46.18820846822214
2020-04-21,19812.05078125,19891.44921875,19247.94921875,19409.349609375,311900,41.59031209751583
2020-04-22,19306.94921875,19806.349609375,19051.94921875,19701.849609375,349400,43.1904143016065
2020-04-23,19871.349609375,20356.5,19584.400390625,20267.94921875,325400,46.258879641039556
2020-04-24,19697.650390625,19950.150390625,19515.400390625,19586.650390625,305700,43.23239570929862
2020-04-27,19870.80078125,20224.75,19847.650390625,20081.150390625,299900,45.9942248252608
2020-04-28,20436.599609375,20751.30078125,20260.80078125,20671.099609375,367800,49.17137412793381
2020-04-29,20440.400390625,21348.150390625,20393.650390625,21090.19921875,400600,51.36051493898418
2020-04-30,21589.19921875,21967.0,21353.650390625,21534.5,471500,53.64008259472852
2020-05-04,20514.75,20530.44921875,19643.599609375,19743.75,328800,44.57281996116058
2020-05-05,20147.30078125,20223.150390625,19212.349609375,19271.75,381300,42.53204667212627
2020-05-06,19302.44921875,19806.599609375,18941.0,19694.55078125,395600,44.962899478849884
2020-05-07,19536.05078125,19757.25,19332.150390625,19491.80078125,300100,44.00170297598763
2020-05-08,19844.0,19969.599609375,19285.05078125,19352.900390625,0,43.31848633937703
2020-05-11,19610.44921875,19733.400390625,18900.900390625,18950.5,342600,41.31697930623625
2020-05-12,18751.400390625,18993.400390625,18287.0,18862.849609375,395400,40.87397205286874
2020-05-13,20017.75,20122.25,19429.900390625,19634.94921875,520800,46.33275397071025
2020-05-14,19197.69921875,19380.099609375,19024.75,19068.5,333000,43.18282728324606
2020-05-15,19098.80078125,19119.099609375,18683.650390625,18833.94921875,240600,41.91221363722344
2020-05-18,18795.099609375,18795.099609375,17514.19921875,17573.19921875,434800,35.8124470637174
2020-05-19,18037.150390625,18175.30078125,17390.650390625,17486.25,415500,35.4294823026617
2020-05-20,17486.5,18002.650390625,17407.69921875,17840.19921875,326200,38.32097610499476
2020-05-21,17901.94921875,18200.69921875,17658.55078125,17735.099609375,347600,37.77997949660257
2020-05-22,17554.25,17952.25,17105.0,17278.900390625,484800,35.441123015157046
2020-05-26,17537.650390625,17681.69921875,17311.25,17440.349609375,336800,36.9292364512529
2020-05-27,17603.400390625,18874.25,17560.349609375,18710.55078125,538000,47.23434655277115
2020-05-28,18924.44921875,19455.55078125,18818.94921875,19169.80078125,561100,50.39044962315451
2020-05-29,18962.0,19358.05078125,18729.900390625,19297.25,581700,51.261699903166146
2020-06-01,19728.900390625,20225.349609375,19632.900390625,19959.900390625,558100,55.62530083298099
2020-06-02,20120.599609375,20615.75,19852.55078125,20530.19921875,448300,59.02540354905196
2020-06-03,20966.599609375,21619.55078125,20822.0,20940.69921875,616900,61.32265550344342
2020-06-04,20932.349609375,21141.80078125,20316.19921875,20390.44921875,587900,56.73122828564568
2020-06-05,20516.400390625,21198.69921875,20425.05078125,21034.5,637400,60.46268703687328
2020-06-08,21636.099609375,21807.400390625,20911.25,21187.349609375,748100,61.31533896642712
2020-06-09,21295.5,21568.849609375,20629.69921875,20724.900390625,641200,57.28978007798976
2020-06-10,20760.94921875,21251.44921875,20671.55078125,21100.099609375,583000,59.606891335609944
2020-06-11,21084.69921875,21244.44921875,20458.30078125,20525.150390625,747100,54.70882447727381
2020-06-12,19529.30078125,20747.69921875,19526.099609375,20654.55078125,599200,55.59326346054743
2020-06-15,20457.150390625,20470.849609375,19740.19921875,19912.900390625,0,49.61327303766806
2020-06-16,20500.650390625,20638.849609375,19507.05078125,20296.69921875,0,52.462974844362336
2020-06-17,20137.44921875,20627.900390625,19978.150390625,20201.75,0,51.68419719483953
2020-06-18,20137.599609375,21028.349609375,20030.349609375,20956.30078125,0,57.13037717387128
2020-06-19,20970.099609375,21467.650390625,20878.25,21338.099609375,0,59.611193495037234
2020-06-22,21491.55078125,22078.25,21425.55078125,21708.349609375,664600,61.91299030519647
2020-06-23,21859.25,22322.30078125,21647.80078125,22264.900390625,527900,65.1299996918662
2020-06-24,22479.349609375,22479.55078125,21336.349609375,21426.80078125,684600,57.28342754132838
2020-06-25,21218.05078125,21703.5,20926.44921875,21506.150390625,586200,57.80178200891563
2020-06-26,21735.05078125,21784.650390625,21320.099609375,21592.05078125,375600,58.3904340609873
2020-06-29,21291.55078125,21440.05078125,21026.44921875,21359.0,328000,56.103798643347375
2020-06-30,21524.30078125,21650.5,21212.0,21370.150390625,292700,56.192194299680416
2020-07-01,21354.099609375,22061.599609375,21281.849609375,21977.599609375,386000,60.820932898594776
2020-07-02,22133.80078125,22344.849609375,21890.5,21953.19921875,399000,60.54420355676664
2020-07-03,22101.75,22130.30078125,21768.0,21852.400390625,256200,59.343004314405135
2020-07-06,22270.94921875,22399.25,22171.05078125,22198.94921875,290900,62.12519277493358
2020-07-07,22254.30078125,22674.5,22040.349609375,22628.0,455800,65.2919209435514
2020-07-08,22700.900390625,23080.599609375,22499.5,22584.650390625,673100,64.70328354721522
2020-07-09,22753.150390625,22998.30078125,22673.400390625,22907.19921875,356000,67.08135713306054
2020-07-10,22720.94921875,22835.19921875,22320.05078125,22398.44921875,457100,60.19278717144276
2020-07-13,22613.25,22657.400390625,21981.650390625,22089.25,293700,56.40191015960213
2020-07-14,21877.599609375,21909.69921875,21222.44921875,21392.19921875,338500,48.92179418610321
2020-07-15,21634.25,21935.5,21230.55078125,21340.75,359100,48.4114517588893
2020-07-16,21453.25,21671.25,21027.849609375,21597.150390625,348600,51.14658690800568
2020-07-17,21608.05078125,22065.0,21550.80078125,21966.80078125,294900,54.86214117233366
2020-07-20,22307.30078125,22520.44921875,22187.80078125,22321.849609375,349700,58.15416193271974
2020-07-21,22639.849609375,22861.900390625,22597.94921875,22782.0,316700,62.020236791345795
2020-07-22,23159.0,23211.349609375,22658.19921875,22882.599609375,412700,62.82878501685945
2020-07-23,22854.849609375,23122.349609375,22734.900390625,23083.900390625,307600,64.45925946654705
2020-07-24,22853.19921875,22854.05078125,22417.19921875,22662.05078125,436300,58.653025471860566
2020-07-27,22664.599609375,22668.05078125,21801.349609375,21848.75,340900,49.41200521119614
2020-07-28,21940.150390625,22233.0,21611.400390625,22105.19921875,379800,51.98108010341211
2020-07-29,22075.0,22346.400390625,21906.349609375,22076.599609375,400400,51.66595920879571
2020-07-30,22195.05078125,22252.599609375,21580.150390625,21646.849609375,299600,47.05029003261018
2020-07-31,21730.55078125,21806.94921875,21375.0,21640.05078125,397300,46.97878529448306
2020-08-03,21543.80078125,21543.80078125,21031.44921875,21072.099609375,431000,41.32834659616757
2020-08-04,21248.25,21576.349609375,21057.75,21490.5,0,46.43919763736048
2020-08-05,21686.849609375,21936.5,21448.400390625,21509.94921875,338800,46.67174799294714
2020-08-06,21644.25,21926.55078125,21370.30078125,21642.599609375,386600,48.31985245111446
2020-08-07,21620.25,21787.25,21451.30078125,21754.0,378600,49.72506420576941
2020-08-10,21824.900390625,22071.94921875,21795.099609375,21900.25,261800,51.58621231248073
2020-08-11,22050.19921875,22277.599609375,22039.849609375,22227.19921875,377900,55.54798852932788
2020-08-12,22135.94921875,22326.55078125,21990.19921875,22264.0,507500,55.98459184601948
2020-08-13,22395.19921875,22439.94921875,22139.599609375,22196.349609375,289100,54.91677060193709
2020-08-14,22334.94921875,22334.94921875,21459.099609375,21679.400390625,318800,47.46638936915202
2020-08-17,21906.94921875,21909.400390625,21403.150390625,21700.849609375,263400,47.782933491568535
2020-08-18,21702.0,22227.75,21629.400390625,22170.599609375,0,54.2803393421104
2020-08-19,22315.400390625,22419.349609375,22234.25,22285.900390625,0,55.736221272659925
2020-08-20,21989.900390625,22079.900390625,21886.69921875,21999.44921875,0,51.36044627039785
2020-08-21,22190.69921875,22344.05078125,22165.05078125,22299.599609375,0,55.31880570408497
2020-08-24,22436.849609375,22897.5,22410.05078125,22833.0,0,61.34004742777948
2020-08-25,22973.400390625,23180.30078125,22857.900390625,23092.150390625,0,63.88638224344698
2020-08-26,23175.55078125,23453.400390625,23093.150390625,23414.19921875,0,66.81182807617152
2020-08-27,23511.44921875,23704.05078125,23464.150390625,23600.349609375,0,68.40501289256835
2020-08-28,23635.30078125,24611.80078125,23599.19921875,24523.80078125,0,74.85393970674397
2020-08-31,25038.80078125,25232.599609375,23385.30078125,23754.349609375,0,63.2663331271785
2020-09-01,23893.80078125,24199.650390625,23473.150390625,23812.0,0,63.71950006164229
2020-09-02,23769.0,23926.150390625,23482.55078125,23874.55078125,0,64.23504529690054
2020-09-03,23986.150390625,24051.599609375,23451.650390625,23530.849609375,0,59.252691590670636
2020-09-04,23119.150390625,23394.80078125,22876.900390625,23011.5,0,52.612033927668
2020-09-07,23036.25,23109.099609375,22716.25,22945.05078125,245300,51.81192794971618
2020-09-08,22971.19921875,23064.150390625,22641.400390625,22744.400390625,0,49.370388305897954
2020-09-09,22486.69921875,22554.599609375,22080.400390625,22267.0,0,44.051485771161836
2020-09-10,22466.55078125,22678.650390625,22225.25,22466.19921875,0,46.63494717122757
2020-09-11,22509.94921875,22668.75,22205.94921875,22479.94921875,0,46.817497215001744
2020-09-14,22683.349609375,22757.30078125,22028.150390625,22101.25,0,42.50488654196039
2020-09-15,22202.80078125,22514.150390625,22062.349609375,22465.650390625,0,47.51488214627959
2020-09-16,22476.30078125,22659.400390625,22216.5,22573.55078125,0,48.933836762156595
2020-09-17,22352.0,22504.44921875,22267.05078125,22320.349609375,0,45.80439511126977
2020-09-18,22439.349609375,22469.400390625,21784.900390625,22031.05078125,0,42.46295665609019
2020-09-21,21983.400390625,22098.849609375,21274.30078125,21366.80078125,0,35.97387666783
2020-09-22,21445.25,21473.349609375,20958.44921875,21139.099609375,0,34.052802455776614
2020-09-23,21350.80078125,21365.05078125,20821.0,21178.5,0,34.70259210270325
2020-09-24,20898.80078125,20955.599609375,20404.900390625,20456.849609375,0,29.055598723055226
2020-09-25,20740.80078125,21064.30078125,20430.69921875,20982.349609375,0,37.0842942488391
2020-09-28,21152.05078125,21708.849609375,21055.099609375,21665.5,0,45.68911835753618
2020-09-29,21770.900390625,21811.5,21280.599609375,21411.30078125,0,43.315199773531404
2020-09-30,21405.25,21549.349609375,21128.5,21451.80078125,0,43.816076213448255
2020-10-01,21685.25,22293.75,21664.150390625,22246.0,0,52.65153324904608
2020-10-05,22352.099609375,22768.55078125,22247.25,22370.94921875,0,53.880362693819876
2020-10-06,22673.05078125,22893.5,22521.05078125,22853.69921875,0,58.37517471314513
2020-10-07,22836.94921875,23036.19921875,22607.80078125,22964.80078125,0,59.356911182211434
2020-10-08,23150.25,23450.900390625,23063.599609375,23191.349609375,0,61.35827192731233
2020-10-09,23312.599609375,23904.099609375,23132.44921875,23846.80078125,0,66.49833317307971
2020-10-12,23955.599609375,24190.349609375,23552.599609375,23712.80078125,0,64.60627031063456
2020-10-13,23663.05078125,23775.150390625,23431.5,23492.19921875,0,61.50374840777148
2020-10-14,23353.150390625,23962.69921875,23149.44921875,23874.650390625,0,64.67127483807407
2020-10-15,23920.349609375,24087.849609375,22970.94921875,23072.400390625,0,54.53466233233381
2020-10-16,23219.849609375,23646.19921875,23148.94921875,23533.25,0,58.553525323557565
2020-10-19,23902.900390625,24320.94921875,23754.849609375,24266.75,0,64.00692479260655
2020-10-20,24117.349609375,24410.900390625,24039.849609375,24311.80078125,0,64.31746816770901
2020-10-21,24444.19921875,24823.599609375,24099.849609375,24635.05078125,0,66.54770085573526
2020-10-22,24447.349609375,24691.150390625,24250.19921875,24484.150390625,0,64.5203553011641
2020-10-23,24669.19921875,24764.150390625,24360.849609375,24478.30078125,0,64.43840308964141
2020-10-26,24525.80078125,24577.30078125,23867.75,24075.44921875,0,58.89069644808581
2020-10-27,24288.05078125,24809.650390625,23924.19921875,24769.5,0,64.5528418745593
2020-10-28,24737.849609375,24780.69921875,24057.94921875,24232.5,0,57.90714160771508
2020-10-29,24063.5,24339.099609375,23822.05078125,24092.0,0,56.27474515499224
2020-10-30,24090.150390625,24277.349609375,23612.69921875,23900.900390625,0,54.04321455595218
2020-11-02,24367.599609375,25139.0,24120.599609375,24892.5,0,62.37953970392266
2020-11-03,25108.0,25760.69921875,25085.69921875,25682.80078125,0,67.44767058205801
2020-11-04,25539.55078125,25891.0,25142.0,25771.599609375,0,67.96980557238291
2020-11-05,26174.80078125,26375.19921875,26000.05078125,26313.099609375,0,71.02220886841718
2020-11-06,26274.099609375,26853.44921875,26135.30078125,26798.94921875,0,73.46553147127058
2020-11-09,27088.94921875,27595.0,27068.94921875,27534.099609375,0,76.67086475686084
2020-11-10,28039.44921875,28802.5,27916.900390625,28606.0,0,80.3904415905406
2020-11-11,28713.150390625,29030.900390625,28211.099609375,28845.0,0,81.11350184401314
2020-11-12,28633.75,28672.900390625,28066.05078125,28278.80078125,0,74.1390549869109
2020-11-13,28108.69921875,28520.55078125,27703.30078125,28465.69921875,0,74.90607432541756
2020-11-17,28792.25,29239.25,28722.900390625,29181.30078125,0,77.64054589336729
2020-11-18,29107.900390625,29784.75,29056.75,29749.849609375,0,79.54746841785251
2020-11-19,29302.599609375,29627.19921875,28819.55078125,28903.05078125,0,69.97523304765724
2020-11-20,28935.75,29406.69921875,28580.900390625,29236.0,0,71.43091268704852
2020-11-23,29432.80078125,29492.30078125,28852.900390625,29024.19921875,0,69.13467761822386
2020-11-24,29265.599609375,29827.80078125,29206.75,29737.25,0,72.356494463508
2020-11-25,30021.900390625,30197.849609375,29132.30078125,29196.400390625,0,66.67172972005932
2020-11-26,29370.400390625,29623.0,28923.099609375,29549.75,369400,68.417527298307
2020-11-27,29622.0,29716.849609375,29368.69921875,29609.05078125,0,68.71372079015131
2020-12-01,29844.80078125,29919.75,29511.0,29817.849609375,0,69.78810513688444
2020-12-02,29876.69921875,29886.25,29149.900390625,29463.150390625,0,65.66292570854839
2020-12-03,29728.900390625,29813.0,29379.400390625,29448.75,0,65.49366371696712
2020-12-04,29573.400390625,30162.30078125,29473.5,30052.400390625,0,69.09054765025525
2020-12-07,30062.599609375,30354.19921875,29950.599609375,30211.55078125,0,69.97905065626958
2020-12-08,30300.30078125,30363.80078125,30025.19921875,30261.900390625,0,70.27021118232122
2020-12-09,30335.05078125,30807.25,30326.69921875,30709.400390625,0,72.79560313903423
2020-12-10,30545.349609375,30610.0,30202.099609375,30510.349609375,0,69.94933325199202
2020-12-11,30555.30078125,30811.80078125,30328.44921875,30604.849609375,0,70.53828745128088
2020-12-14,30735.150390625,30845.80078125,30624.25,30745.900390625,269000,71.43808158105992
2020-12-15,30805.400390625,30805.849609375,30345.75,30691.05078125,279400,70.53593250998432
2020-12-16,30920.349609375,30932.25,30587.099609375,30698.400390625,0,70.58952771336413
2020-12-17,30791.19921875,30945.19921875,30643.900390625,30847.05078125,0,71.71037611528978
2020-12-18,30841.849609375,30854.05078125,30374.5,30714.650390625,0,69.18141465110821
2020-12-21,30595.80078125,30607.5,29201.19921875,29456.44921875,0,50.83446184128874
2020-12-22,29607.5,29711.150390625,28976.75,29625.94921875,0,52.65602213443227
2020-12-23,29560.75,29941.400390625,29446.0,29883.30078125,0,55.36026769482763
2020-12-24,30071.650390625,30545.849609375,30007.80078125,30402.19921875,0,60.28594392922051
2020-12-28,30558.849609375,30929.05078125,30538.150390625,30880.94921875,0,64.20985247323011
2020-12-29,31006.900390625,31359.349609375,31002.599609375,31322.5,0,67.40829309074665
2020-12-30,31479.80078125,31510.25,31007.150390625,31303.05078125,0,67.12374402580306
2020-12-31,31295.900390625,31409.5,31088.099609375,31264.05078125,0,66.5173901426557
2021-01-01,31297.30078125,31384.349609375,31188.25,31225.849609375,362800,65.88952964489344
2021-01-04,31485.150390625,31489.599609375,30893.650390625,31212.44921875,0,65.65541747936587
2021-01-05,31041.099609375,31767.650390625,30935.55078125,31722.25,0,70.01968608848654
2021-01-06,31839.94921875,31982.30078125,31548.150390625,31797.900390625,0,70.6163830767099
2021-01-07,32129.80078125,32177.400390625,31911.5,31956.0,0,71.87616817703845
2021-01-08,32298.05078125,32298.05078125,32002.94921875,32084.19921875,0,72.89111240036185
2021-01-11,32280.30078125,32288.44921875,31836.94921875,31998.900390625,0,71.0537407946
2021-01-12,31835.05078125,32397.94921875,31725.849609375,32339.0,0,73.88077146219706
2021-01-13,32546.599609375,32683.5,32148.25,32574.650390625,0,75.65494290537822
2021-01-14,32526.69921875,32718.94921875,32442.349609375,32519.75,0,74.38721660061998
2021-01-15,32508.900390625,32544.80078125,32044.349609375,32246.80078125,0,68.26281719107648
2021-01-18,32275.150390625,32441.5,31650.900390625,31811.75,396800,59.81033587939021
2021-01-19,32082.900390625,32464.94921875,31863.94921875,32424.849609375,354800,66.16807238224817
2021-01-20,32388.94921875,32607.44921875,32322.900390625,32543.69921875,0,67.24964470774201
2021-01-21,32732.80078125,32842.30078125,31985.55078125,32186.900390625,0,60.95004179524202
2021-01-22,32088.0,32131.400390625,31119.900390625,31167.25,0,47.310658654846534
2021-01-25,31507.150390625,31697.55078125,31013.650390625,31198.400390625,0,47.69574193100111
2021-01-27,31236.25,31287.05078125,30165.650390625,30284.55078125,0,38.748608462255675
2021-01-28,29812.30078125,30464.400390625,29687.69921875,30358.30078125,0,39.73119067097209
2021-01-29,30700.650390625,31111.94921875,30254.55078125,30565.5,0,42.520990139467344
2021-02-01,30976.349609375,33305.30078125,30906.44921875,33089.05078125,0,64.23522376123857
2021-02-02,33589.05078125,34652.5,33583.1484375,34267.8984375,672200,69.94680320932768
2021-02-03,34555.6015625,34908.05078125,34011.8984375,34758.44921875,605200,71.95396832707625
2021-02-04,34548.8984375,35413.1484375,34238.8984375,35344.80078125,0,74.17423160553057
2021-02-05,35634.94921875,36615.19921875,35545.0,35654.5,0,75.28705013982893
2021-02-08,36073.8515625,36466.44921875,35872.25,35983.6484375,0,76.44856518693518
2021-02-09,36058.80078125,36477.1484375,35636.8515625,36056.5,0,76.70948740136475
2021-02-10,36042.3515625,36227.19921875,35428.1484375,35783.1015625,0,73.42201710533746
2021-02-11,35687.25,36009.44921875,35573.30078125,35752.1015625,0,73.03978900172442
2021-02-12,35736.6015625,36322.80078125,35700.25,36108.8984375,0,74.6739957906629
2021-02-15,36501.3984375,37449.8984375,36405.1015625,37306.25,0,79.22502446002903
2021-02-16,37492.6015625,37708.75,36762.75,37098.3984375,0,76.65005742854905
2021-02-17,37041.94921875,37331.44921875,36764.25,36910.94921875,0,74.30453475914179
2021-02-18,37088.75,37108.75,36367.44921875,36587.0,0,70.30079908885784
2021-02-19,36371.55078125,36656.19921875,35584.6015625,35841.6015625,0,62.0199021563663
2021-02-22,35874.30078125,36128.8984375,35097.55078125,35257.19921875,0,56.40969352233198
2021-02-23,35540.55078125,35680.8515625,34976.0,35116.94921875,0,55.121026147363764
2021-02-24,35205.3984375,36567.6484375,35060.6484375,36452.30078125,272900,63.63842861354246
2021-02-25,36763.1484375,37232.19921875,36494.0,36549.0,455900,64.16874891497704
2021-02-26,35806.6484375,35902.8984375,34658.69921875,34803.6015625,0,49.9951589684573
2021-03-01,35374.25,35581.1015625,34983.75,35296.0,0,53.13977367093535
2021-03-02,35458.1484375,35747.05078125,35002.44921875,35419.69921875,0,53.92368706126868
2021-03-03,35754.44921875,36455.1484375,35570.55078125,36368.05078125,0,59.515352219237535
2021-03-04,35575.6484375,36316.3984375,35519.25,35802.5,0,55.212211884126496
2021-03-05,35458.5,35616.05078125,34893.25,35228.1484375,0,51.16617068799977
2021-03-08,35462.44921875,35827.30078125,35090.75,35275.75,0,51.483501823807536
2021-03-09,35705.8984375,36077.80078125,35544.94921875,35865.6484375,0,55.355216520705646
2021-03-10,36112.25,36176.8984375,35764.3515625,35938.30078125,0,55.822810648545456
2021-03-12,36497.3515625,36497.3515625,35188.05078125,35496.6484375,0,52.24082417744322
2021-03-15,35544.25,35544.25,34430.6484375,35182.55078125,0,49.793702834453676
2021-03-16,35352.0,35405.05078125,34744.6015625,34804.6015625,0,46.944127171064274
2021-03-17,34905.05078125,35100.5,34126.8515625,34229.25,0,42.91764160191468
2021-03-18,34577.5,34759.8515625,33597.55078125,33856.80078125,0,40.49618103140271
2021-03-19,33590.3984375,34355.3984375,33361.0,34161.6015625,0,43.31485290877243
2021-03-22,34088.3984375,34148.8984375,33389.1484375,33603.44921875,0,39.61425003789085
2021-03-23,33747.94921875,34360.05078125,33622.0,34184.3984375,0,44.89168480515428
2021-03-24,33894.69921875,33970.6484375,33203.3984375,33293.25,0,39.22820442228238
2021-03-25,33420.75,33550.1484375,32415.25,33006.44921875,0,37.58479908895695
2021-03-26,33605.05078125,33610.6484375,33166.1015625,33318.19921875,0,40.5025962210694
2021-03-30,33615.8984375,33990.80078125,33564.55078125,33875.1015625,374200,45.411900614974144
2021-03-31,33764.80078125,33773.1015625,33151.80078125,33303.8984375,0,41.61869314764656
2021-04-01,33588.0,33949.1484375,33208.75,33858.0,0,46.304241094944544
2021-04-05,33649.1484375,33697.75,32330.150390625,32678.849609375,0,39.11064485189978
2021-04-06,32915.6484375,33007.6484375,32338.400390625,32501.349609375,0,38.14984720202566
2021-04-07,32529.69921875,33191.69921875,32141.55078125,32991.19921875,0,42.35830332181112
2021-04-08,33154.19921875,33306.80078125,32704.75,32782.8515625,0,41.07803150087164
2021-04-09,32636.900390625,32972.1484375,32329.94921875,32448.05078125,0,39.03622773502616
2021-04-12,31637.900390625,31698.05078125,30520.30078125,30792.0,0,30.8641785760491
2021-04-13,30901.80078125,31885.44921875,30722.849609375,31771.599609375,0,38.999193287692336
2021-04-15,31929.099609375,32187.05078125,31406.400390625,32112.849609375,0,41.57812274906284
2021-04-16,32161.44921875,32325.150390625,31911.900390625,31977.44921875,0,40.84034554262973
2021-04-19,30993.44921875,31304.30078125,30405.650390625,31208.400390625,0,36.84165190049372
2021-04-20,31568.94921875,31731.650390625,30891.0,31112.69921875,0,36.36450248199689
2021-04-22,30763.5,31834.5,30555.25,31782.599609375,368400,42.02475201636638
2021-04-23,31490.599609375,32148.400390625,31377.150390625,31722.30078125,0,41.66550259034082
2021-04-26,32316.650390625,32603.69921875,32144.80078125,32275.150390625,0,46.20603999562568
2021-04-27,32228.94921875,32807.1015625,32152.94921875,32735.349609375,0,49.71473858955672
2021-04-28,32865.5,33777.69921875,32840.30078125,33722.80078125,0,56.30099364423982
2021-04-29,33901.6015625,34287.0,33304.6015625,33714.5,0,56.234314922702914
2021-04-30,33112.3984375,33455.25,32663.400390625,32781.80078125,0,49.1855068872662
2021-05-03,32368.55078125,32566.599609375,31906.55078125,32465.75,351000,47.03407869799556
2021-05-04,32610.400390625,33011.55078125,32191.400390625,32270.349609375,786800,45.70304788412767
2021-05-05,32577.099609375,32862.1484375,32068.55078125,32783.69921875,0,49.72811502868984
2021-05-06,32900.75,32956.3515625,32564.0,32827.80078125,0,50.07055138858631
2021-05-07,33041.6484375,33259.1484375,32771.3515625,32904.5,0,50.69951788982246
2021-05-10,33175.30078125,33297.6015625,33028.1484375,33142.3984375,0,52.69022321064791
2021-05-11,32640.94921875,33154.30078125,32611.69921875,32872.19921875,0,50.2103676009395
2021-05-12,32717.650390625,32747.69921875,32352.30078125,32452.30078125,0,46.544243318919555
2021-05-14,32495.150390625,32622.650390625,32115.5,32169.55078125,0,44.203706345324555
2021-05-17,32437.849609375,33506.8984375,32318.69921875,33459.25,0,55.25604957615522
2021-05-18,33893.1015625,34142.8515625,33730.44921875,33922.3984375,0,58.4398277483663
2021-05-19,33717.1015625,33959.30078125,33608.25,33685.19921875,0,56.23295585874832
2021-05-20,33692.55078125,33833.69921875,33273.94921875,33334.55078125,0,53.04400490878585
2021-05-21,33559.80078125,34694.44921875,33559.75,34606.8984375,0,61.56198222978288
2021-05-24,34869.30078125,35216.1015625,34528.30078125,34943.6015625,0,63.45145881450049
2021-05-25,35095.0,35125.8515625,34410.3984375,34662.0,0,60.76128656399507
2021-05-26,34757.1484375,34897.94921875,34462.5,34684.19921875,0,60.90201445290718
2021-05-27,34664.19921875,35220.80078125,34529.69921875,35095.05078125,0,63.51037010486918
2021-05-28,35345.6484375,35436.6484375,34977.19921875,35141.44921875,0,63.80405086201883
2021-05-31,35097.44921875,35584.30078125,34930.1015625,35526.6484375,0,66.23376612731155
2021-06-01,35639.75,35713.8984375,35241.19921875,35337.19921875,0,63.95974628578532
2021-06-02,35271.6015625,35415.8515625,35070.30078125,35373.75,0,64.21501883847397
2021-06-03,35536.44921875,35723.69921875,35413.0,35649.0,0,66.15892704277178
2021-06-04,35657.8515625,35810.8984375,35176.1484375,35291.6484375,0,61.48884673832804
2021-06-07,35460.80078125,35545.8515625,35338.55078125,35443.6484375,0,62.69508886326498
2021-06-08,35433.80078125,35449.5,34962.6484375,35085.30078125,0,58.07665011051442
2021-06-09,35114.25,35402.44921875,34641.19921875,34800.5,0,54.632112346563986
2021-06-10,34903.6015625,35165.6484375,34734.3984375,35131.19921875,0,57.76455509226703
2021-06-11,35324.6484375,35344.0,34891.30078125,35047.3984375,0,56.69626641501433
2021-06-14,34936.55078125,34995.1484375,34374.3515625,34950.6015625,0,55.42129107760475
2021-06-15,35038.05078125,35317.3984375,34917.8984375,35247.75,0,58.50610071883591
2021-06-16,35196.25,35380.0,34916.19921875,35003.5,0,55.12912610274136
2021-06-17,34619.80078125,34882.3984375,34458.1015625,34605.3984375,0,50.05757886393827
2021-06-18,34735.1484375,34787.3984375,33908.94921875,34558.0,0,49.474011070827444
2021-06-21,34109.44921875,34927.6484375,33937.5,34871.30078125,0,53.3456574586251
2021-06-22,35084.8984375,35281.8984375,34664.3515625,34745.0,0,51.62815751692619
2021-06-23,34911.8515625,34937.6484375,34525.44921875,34574.0,0,49.31323779913116
2021-06-24,34687.69921875,34935.30078125,34592.3515625,34827.0,0,52.69298304214958
2021-06-25,34916.6484375,35491.94921875,34915.8515625,35364.6484375,0,58.95622593082322
2021-06-28,35488.19921875,35576.94921875,35236.44921875,35359.44921875,0,58.87504961032832
2021-06-29,35320.44921875,35337.44921875,34913.69921875,35010.30078125,0,53.543391865253284
2021-06-30,35001.8984375,35214.8984375,34730.44921875,34772.19921875,0,50.204441645630645
2021-07-01,34866.0,34917.6484375,34650.94921875,34684.0,164000,48.98583988931748
2021-07-02,34728.1015625,34894.44921875,34632.6015625,34809.8984375,165600,50.82086018473996
2021-07-05,35010.94921875,35234.30078125,34926.3984375,35212.0,0,56.23552921989326
2021-07-06,35173.6015625,35807.44921875,35165.55078125,35579.1484375,0,60.510767168099946
2021-07-07,35550.6015625,35795.75,35427.6484375,35771.30078125,0,62.57153610317925
2021-07-08,35603.25,35811.0,35134.6484375,35274.1015625,0,54.627657239840225
2021-07-09,35163.75,35225.19921875,34859.8984375,35071.94921875,0,51.75087794219082
2021-07-12,35285.05078125,35394.30078125,35060.3515625,35198.8984375,0,53.41016334198703
2021-07-13,35480.05078125,35727.8515625,35340.69921875,35673.3984375,0,59.07527316358473
2021-07-14,35585.8515625,35804.05078125,35434.75,35668.25,0,58.991456537226824
2021-07-15,35757.44921875,35985.25,35625.69921875,35907.6484375,0,61.711777761402175
2021-07-16,35977.94921875,35977.94921875,35674.75,35751.80078125,0,58.969346156419654
2021-07-19,35070.5,35347.05078125,34899.19921875,35079.19921875,0,48.874641592505526
2021-07-20,34791.1484375,34894.1484375,34357.3515625,34415.44921875,0,41.35163661564185
2021-07-22,34774.55078125,34989.1015625,34557.8515625,34677.30078125,0,44.95151985903635
2021-07-23,34748.3515625,35088.0,34404.75,35034.3984375,0,49.50359566768833
2021-07-26,34947.8515625,35138.19921875,34669.55078125,34949.69921875,0,48.479595035722596
2021-07-27,35029.30078125,35186.1015625,34713.55078125,34797.44921875,0,46.61307021647619
2021-07-28,34839.44921875,34841.55078125,34115.19921875,34532.8984375,0,43.48046682070249
2021-07-29,34740.30078125,34778.1484375,34495.19921875,34691.5,0,45.83081966859252
2021-07-30,34698.75,34738.75,34445.3984375,34584.3515625,0,44.48492694405933
2021-08-02,34760.8984375,34861.75,34588.25,34710.0,0,46.47013003501969
2021-08-03,34660.75,35238.44921875,34649.19921875,35207.44921875,0,53.551850608014554
2021-08-04,35388.1484375,36219.80078125,35313.0,36028.05078125,0,62.39087112774793
2021-08-05,36093.94921875,36115.44921875,35661.30078125,35834.75,0,59.517660074130326
2021-08-06,35875.80078125,36080.1015625,35700.44921875,35809.25,0,59.13080214375043
2021-08-09,35824.19921875,36159.8515625,35612.30078125,36028.94921875,0,61.45537163506615
2021-08-10,35954.55078125,36317.0,35890.5,36034.1015625,201200,61.51066179734052
2021-08-11,36218.25,36227.55078125,35531.3515625,35806.3984375,200200,57.57967101790229
2021-08-12,35825.3984375,35998.1484375,35702.8984375,35937.05078125,122300,59.19120080956208
2021-08-13,36000.75,36233.30078125,35937.1015625,36169.3515625,125800,61.958404798829314
2021-08-16,36100.6484375,36261.55078125,36032.3984375,36094.5,87300,60.53403785274657
2021-08-17,35935.05078125,35993.69921875,35611.8515625,35867.44921875,118300,56.30559899168682
2021-08-18,36222.5,36248.8984375,35432.0,35554.5,140500,51.01600418358491
2021-08-20,35146.5,35306.5,34926.5,35033.8515625,181200,43.66626033569806
2021-08-23,35424.19921875,35427.3984375,34817.5,35124.3984375,174200,45.14633954458233
2021-08-24,35200.75,35795.30078125,35070.0,35712.1015625,173600,53.65710716513069
2021-08-25,35768.8515625,35910.30078125,35499.6484375,35586.25,144300,51.80354195850925
2021-08-26,35485.94921875,35785.80078125,35411.80078125,35617.55078125,136400,52.24539426541623
2021-08-27,35559.75,35727.8984375,35359.25,35627.80078125,120900,52.39929078507221
2021-08-30,35781.05078125,36398.44921875,35721.8984375,36347.6484375,150400,61.72756046698788
2021-08-31,36367.3984375,36552.80078125,36216.19921875,36424.6015625,210300,62.57197353703306
2021-09-01,36591.44921875,36997.69921875,36487.1484375,36574.30078125,181500,64.2255334096537
2021-09-02,36588.3984375,36895.55078125,36469.0,36831.30078125,118900,66.92697273966027
2021-09-03,36883.6484375,37140.0,36563.19921875,36761.1484375,155600,65.47358360651339
2021-09-06,36878.25,36923.6484375,36554.44921875,36592.3515625,88600,61.98556957044157
2021-09-07,36558.8515625,36685.8515625,36151.94921875,36468.80078125,124500,59.487505091575194
2021-09-08,36519.69921875,36855.8984375,36393.6015625,36768.19921875,175800,63.342827704043735
2021-09-09,36725.5,36857.19921875,36566.69921875,36683.19921875,83600,61.55194317912008
2021-09-13,36608.44921875,36724.8515625,36327.05078125,36471.80078125,82200,57.219046956475765
2021-09-14,36639.94921875,36756.0,36529.6484375,36613.05078125,109300,59.281570457070245
2021-09-15,36543.55078125,36949.69921875,36496.05078125,36852.25,177900,62.57233749701352
2021-09-16,36946.0,37720.1484375,36907.75,37668.6015625,423100,71.14368563173842
2021-09-17,37929.5,38112.75,37396.05078125,37811.94921875,335100,72.34148304637957
2021-09-20,37388.19921875,37802.75,37068.44921875,37145.69921875,152000,59.896951837394795
2021-09-21,37238.3984375,37340.69921875,36525.94921875,37235.8515625,154000,60.87766143101318
2021-09-22,37277.1015625,37328.6015625,36885.6015625,36944.6484375,106400,56.104922293911756
2021-09-23,37241.25,37830.75,37216.1484375,37771.69921875,139100,64.59473981194432
2021-09-24,37954.0,38112.6015625,37680.0,37830.30078125,138400,65.10967112180919
2021-09-27,38054.75,38355.19921875,37968.19921875,38171.25,113000,68.02358350060688
2021-09-28,38360.0,38377.25,37315.19921875,37945.0,201000,64.192352911554
2021-09-29,37601.1015625,37923.44921875,37371.05078125,37743.0,260500,60.894694223792094
2021-09-30,37677.80078125,37884.8515625,37354.25,37425.1015625,235100,56.0175228492945
2021-10-01,37140.3984375,37299.3984375,36876.3515625,37225.8984375,189200,53.145126008542654
2021-10-04,37392.1484375,37670.69921875,37355.6015625,37579.6484375,146400,57.329524243679344
2021-10-05,37499.80078125,37786.6015625,37364.75,37741.0,153100,59.12269600497809
2021-10-06,37768.80078125,38106.8515625,37452.0,37521.55078125,204200,55.69459950777506
2021-10-07,37894.0,37923.6484375,37650.25,37753.19921875,136400,58.43436414972162
2021-10-08,37906.3984375,38105.19921875,37674.3515625,37775.25,168200,58.69619807016991
2021-10-11,37782.75,38495.30078125,37744.6484375,38293.80078125,136100,64.37885401475737
2021-10-12,38178.3515625,38609.6015625,38144.6015625,38521.5,201300,66.55480917831616
2021-10-13,38735.30078125,38779.05078125,38502.69921875,38635.75,205900,67.62349815502728
2021-10-14,38684.6484375,39375.05078125,38673.0,39340.8984375,249600,73.29522813065877
2021-10-18,39794.25,39947.6015625,39569.55078125,39684.80078125,580000,75.54525655892503
2021-10-19,39927.30078125,40011.1484375,39394.25,39540.5,274900,72.77451091835583
2021-10-20,39545.44921875,39774.55078125,39292.80078125,39518.19921875,236900,72.33297921795804
2021-10-21,39676.55078125,40200.44921875,39428.1015625,40030.19921875,271300,75.94190822045502
2021-10-22,40192.6484375,40587.3515625,40149.55078125,40323.6484375,370500,77.73455605537413
2021-10-25,40961.25,41829.6015625,40508.1015625,41192.3984375,476800,82.00865028238599
2021-10-26,41057.75,41367.25,40829.1484375,41238.30078125,437100,82.20304442580759
2021-10-27,41234.55078125,41347.0,40750.0,40874.3515625,322800,75.25964410325109
2021-10-28,40915.1484375,40931.05078125,39350.19921875,39508.94921875,512700,56.1110387796931
2021-10-29,39424.55078125,39775.25,38426.6484375,39115.6015625,341300,52.00589678685007
2021-11-01,39432.1484375,39862.6015625,39120.6484375,39763.75,203200,57.52081015966069
2021-11-02,39796.8984375,40107.6015625,39590.69921875,39938.44921875,265000,58.891941163371804
2021-11-03,40040.6484375,40160.19921875,39304.8515625,39402.05078125,267500,53.21259442483515
2021-11-04,39669.1015625,39734.69921875,39514.1484375,39573.69921875,38800,54.71750232455762
2021-11-08,39674.05078125,39674.05078125,38932.1484375,39438.25,212900,53.261651358021965
2021-11-09,39517.8515625,39560.6015625,39223.3984375,39368.80078125,203500,52.490487261100796
2021-11-10,39206.19921875,39220.30078125,38873.80078125,39023.25,167900,48.71135910726785
2021-11-11,38913.05078125,38929.94921875,38346.05078125,38560.19921875,146000,44.12663457363388
2021-11-12,38707.1484375,38822.8515625,38467.80078125,38733.3515625,136000,46.16703649889861
2021-11-15,38849.44921875,39117.1484375,38606.6015625,38702.3515625,112300,45.844251175537984
2021-11-16,38710.8984375,38724.69921875,38211.1015625,38307.1015625,129100,41.82865062796026
2021-11-17,38113.3984375,38456.30078125,37981.19921875,38041.55078125,139300,39.33570423628606
2021-11-18,38071.8984375,38233.94921875,37748.44921875,37976.25,238700,38.72450827790901
2021-11-22,38232.1484375,38241.0,36655.3984375,37128.80078125,209500,31.815544784180787
2021-11-23,36787.0,37448.75,36647.55078125,37272.80078125,188700,33.97127009744068
2021-11-24,37384.75,37891.8984375,37238.05078125,37441.94921875,157600,36.51048938140991
2021-11-25,37362.05078125,37507.94921875,37118.3984375,37364.75,140800,35.83318746544899
2021-11-26,36830.8984375,36868.8984375,35904.1015625,36025.5,211400,26.610600517220647
2021-11-29,36224.44921875,36347.8515625,35327.8984375,35976.44921875,187200,26.34317405729462
2021-11-30,35958.80078125,36774.19921875,35526.3515625,35695.30078125,227300,24.804473397359118
2021-12-01,35902.8984375,36445.3515625,35805.0,36364.8984375,173900,34.60194090835736
2021-12-02,36281.8515625,36563.5,36166.69921875,36508.25,131700,36.50918346596019
2021-12-03,36497.30078125,36844.0,36062.8515625,36197.1484375,138900,34.17952861490214
2021-12-06,36252.75,36344.55078125,35696.75,35735.8984375,136000,31.019155865915963
2021-12-07,36086.94921875,36820.69921875,36013.94921875,36618.3984375,146700,42.05810970404672
2021-12-08,37052.75,37384.80078125,36905.1484375,37284.69921875,165000,48.72937642001404
2021-12-09,37331.75,37397.55078125,36884.44921875,37082.44921875,123200,46.96185855606906
2021-12-10,37083.1484375,37153.25,36824.3984375,37105.6484375,170900,47.19844463508468
2021-12-13,37358.19921875,37581.05078125,36861.8984375,36925.25,157300,45.49884980058008
2021-12-14,36778.94921875,37039.05078125,36545.3984375,36893.94921875,132200,45.19475232485239
2021-12-15,36929.5,37083.5,36743.19921875,36789.55078125,105800,44.13520335432458
2021-12-16,37092.94921875,37159.30078125,36385.75,36548.6484375,112700,41.70547456060284
2021-12-17,36491.80078125,36550.75,35535.05078125,35618.6484375,152100,33.9379173199157
2021-12-20,35124.3515625,35231.1015625,34018.44921875,34439.8515625,200100,27.058699949929633
2021-12-21,34863.3515625,35050.0,34389.94921875,34607.8515625,159600,29.259482171413424
2021-12-22,34865.25,35112.1015625,34687.6015625,35029.5,128600,34.593453593762845
2021-12-23,35350.5,35477.30078125,35046.25,35191.1484375,114200,36.56812879491428
2021-12-24,35282.19921875,35327.94921875,34583.3984375,34857.05078125,132500,34.265528827981456
2021-12-27,34573.6484375,35143.69921875,34233.0,35057.8984375,335100,36.84027265324345
2021-12-28,35308.30078125,35352.3984375,35037.8984375,35183.80078125,181600,38.46731350937768
2021-12-29,35168.8515625,35378.30078125,34890.80078125,35045.3984375,122500,37.32890590962656
2021-12-30,34977.6484375,35179.05078125,34751.25,35063.6015625,328000,37.59050953380948
2021-12-31,35114.3984375,35596.94921875,35113.75,35481.69921875,210300,43.43126972671548
2022-01-03,35585.19921875,36492.1015625,35526.6015625,36421.8984375,219000,53.88336158237598
2022-01-04,36551.25,36887.80078125,36374.3984375,36840.1484375,190500,57.63352239854983
2022-01-05,36943.55078125,37862.3984375,36756.3515625,37695.8984375,237400,64.07121734020701
2022-01-06,37242.55078125,37752.5,37058.44921875,37490.25,199000,61.64693759807876
2022-01-07,37667.05078125,38134.8515625,37427.80078125,37739.6015625,183300,63.45264378561421
2022-01-10,37930.55078125,38400.3515625,37929.3515625,38347.8984375,206500,67.47559341965157
2022-01-11,38370.0,38504.6015625,38031.75,38442.19921875,159500,68.0625065775545
2022-01-12,38719.6015625,38851.44921875,38604.6015625,38727.55078125,156100,69.83628335426899
2022-01-13,38717.55078125,38717.55078125,38376.1484375,38469.94921875,159200,66.2586671158557
2022-01-14,38302.3515625,38448.05078125,38007.75,38370.3984375,148600,64.87550137057589
2022-01-17,38212.55078125,38617.5,38138.25,38216.1484375,140300,62.69173097367107
2022-01-18,38337.3984375,38855.55078125,38095.3984375,38210.30078125,168800,62.60569473172698
2022-01-19,38145.75,38330.5,37769.25,38041.3515625,165300,60.04189216886208
2022-01-20,38106.1015625,38167.94921875,37591.8515625,37850.8515625,149600,57.1976136364486
2022-01-21,37522.3515625,37741.0,37224.25,37574.30078125,157800,53.25365994485175
2022-01-24,37601.94921875,37694.69921875,36375.3515625,36947.55078125,231000,45.5825735360008
2022-01-25,36598.05078125,37788.80078125,36415.6015625,37706.75,267500,54.190675373469084
2022-01-27,37058.19921875,38147.6484375,37012.25,37982.1015625,346300,56.856324676154586
2022-01-28,38246.6015625,38421.69921875,37581.5,37689.3984375,294300,53.30537418744216
2022-01-31,38091.80078125,38217.25,37647.8515625,37975.3515625,217800,56.1844075284239
2022-02-01,38460.44921875,38802.69921875,37690.6015625,38505.5,234100,60.987007176464786
2022-02-02,38841.55078125,39386.6015625,38752.6484375,39330.5,252600,67.04124692442127
2022-02-03,39255.69921875,39424.8515625,38861.1484375,39010.0,193800,62.95398612623038
2022-02-04,39128.0,39278.6015625,38562.6015625,38789.3515625,163100,60.2314653564842
2022-02-07,38592.05078125,38837.55078125,37802.69921875,37995.44921875,241900,51.58698272944029
2022-02-08,38176.1015625,38222.1015625,37319.05078125,38028.44921875,200200,51.896032208534585
2022-02-09,38283.6015625,38648.1484375,38192.0,38610.25,124900,57.09608585577324
2022-02-10,38801.44921875,39197.19921875,38520.0,39010.94921875,147800,60.280703865492576
2022-02-11,38567.6484375,38790.25,38396.3984375,38517.25,155000,54.87600448700172
2022-02-14,37664.0,37796.55078125,36828.05078125,36908.55078125,213800,41.74277256148347
2022-02-15,36989.80078125,38231.6015625,36651.8515625,38170.1015625,193000,51.53782192871735
2022-02-16,38296.5,38461.69921875,37762.80078125,37953.80078125,170100,49.985995314275634
2022-02-17,38042.1015625,38124.5,37425.6015625,37531.6484375,136300,47.01083159689411
2022-02-18,37344.44921875,37817.55078125,37304.44921875,37599.1484375,113500,47.54840831071654
2022-02-21,37400.0,38054.3984375,37156.80078125,37685.6015625,143300,48.272241694260416
2022-02-22,36833.0,37659.3984375,36818.1015625,37371.6484375,159400,45.80041429868871
2022-02-23,37628.55078125,37774.6015625,37318.0,37392.05078125,137300,45.99395085753805
2022-02-24,36085.19921875,36709.1484375,34991.3515625,35228.1015625,427800,32.669240576564135
2022-02-25,35901.69921875,36684.6484375,35768.19921875,36430.75,372800,42.618783286596255
2022-02-28,35938.94921875,36270.25,35611.8984375,36205.30078125,238300,41.38420412583602
2022-03-02,35381.8984375,35553.69921875,34897.44921875,35372.80078125,211300,37.1093488199642
2022-03-03,35621.1484375,35804.1484375,34721.1484375,34944.30078125,172500,35.09960672211089
2022-03-04,34526.1015625,35097.75,34094.1015625,34407.80078125,194500,32.71095002197826
2022-03-07,33278.1484375,33543.30078125,32376.5,32871.25,248900,27.036067412505915
2022-03-08,32531.900390625,33263.55078125,32155.349609375,33158.1015625,276800,29.49517510544952
2022-03-09,33278.8984375,33969.5,32948.8984375,33815.44921875,258500,34.90909939195541
2022-03-10,35153.94921875,35374.1484375,34218.05078125,34475.6015625,273900,39.90024006974268
2022-03-11,34331.0,34880.05078125,34094.30078125,34546.25,169500,40.42671074421651
2022-03-14,34660.25,35435.1015625,34625.05078125,35312.1484375,193300,45.95407063630201
2022-03-15,35467.94921875,35643.80078125,34706.05078125,35022.6484375,224200,44.281625849329814
2022-03-16,35555.75,35806.3515625,35461.55078125,35748.25,173800,49.2654837370141
2022-03-17,36302.0,36611.94921875,36261.6484375,36428.55078125,182000,53.46797315542282
2022-03-21,36545.8515625,36600.19921875,35900.19921875,36018.5,128700,50.73979235850938
2022-03-22,35975.6015625,36468.80078125,35384.75,36348.55078125,202900,52.826241074755494
2022-03-23,36627.69921875,36827.6015625,36064.75,36147.3515625,197900,51.39708335578036
2022-03-24,35633.69921875,35957.69921875,35421.69921875,35527.1015625,205200,47.16123158052288
2022-03-25,35700.3984375,35717.3984375,35203.8515625,35410.1015625,157000,46.38466187031537
2022-03-28,35488.69921875,35770.80078125,35016.30078125,35710.5,197000,48.719434564250044
2022-03-29,35931.75,35977.19921875,35506.55078125,35847.3984375,177100,49.79245996975104
2022-03-30,36241.55078125,36421.1015625,36070.55078125,36334.30078125,325600,53.51784774811051
2022-03-31,36457.19921875,36590.8515625,36278.1484375,36373.6015625,188100,53.81572727359669
2022-04-01,36298.3515625,37209.80078125,36242.3515625,37148.5,245700,59.3475632241035
2022-04-04,37824.94921875,38765.8515625,37665.55078125,38635.19921875,309200,67.41232541338034
2022-04-05,38731.30078125,38759.25,37935.94921875,38067.8984375,220600,62.33092405118311
2022-04-06,37711.30078125,37868.5,37513.8515625,37632.80078125,198800,58.677707832283204
2022-04-07,37421.75,37975.8984375,37346.80078125,37557.3515625,245000,58.04242076320259
2022-04-08,37619.69921875,37884.19921875,37405.19921875,37752.05078125,202200,59.26795989519683
2022-04-11,37591.75,37941.75,37524.44921875,37613.80078125,132100,57.97308215695056
2022-04-12,37407.3984375,37920.6015625,37264.44921875,37747.3984375,171000,58.90739189439044
2022-04-13,37887.30078125,37988.6015625,37408.19921875,37463.3984375,143300,56.05454571706735
2022-04-18,36833.1484375,36965.8515625,36441.3515625,36729.0,182900,49.39304000311406
2022-04-19,36806.80078125,37123.55078125,35926.30078125,36341.6015625,216300,46.26936453855232
2022-04-20,36482.6015625,36513.8515625,36114.05078125,36314.8984375,153400,46.05316808348718
2022-04-21,36513.1015625,36913.3515625,36395.69921875,36816.1015625,132700,50.70862519305169
2022-04-22,36514.1484375,36578.94921875,35991.5,36044.75,140100,44.36343266612406
2022-04-25,35792.3515625,36270.1484375,35511.3984375,36082.3515625,183100,44.72652572207273
2022-04-26,36515.3515625,36604.55078125,36265.8984375,36404.80078125,143400,47.86846815175944
2022-04-27,36067.55078125,36175.8984375,35747.1484375,36028.8515625,134200,44.67955398606539
2022-04-28,36189.94921875,36501.1015625,35951.1015625,36422.19921875,137300,48.54213107261229
2022-04-29,36474.05078125,36718.80078125,35978.94921875,36088.1484375,172700,45.62841343220063
2022-05-02,35627.6015625,36235.25,35618.19921875,36163.75,170200,46.412377356451024
2022-05-04,36266.1484375,36309.30078125,35127.8515625,35264.55078125,214600,39.17694522070392
2022-05-05,35705.3515625,35934.8515625,35133.80078125,35232.8515625,167300,38.94644264818569
2022-05-06,34569.1015625,34797.94921875,34353.19921875,34591.19921875,199200,34.51912307713718
2022-05-09,34091.75,34554.3515625,33927.19921875,34275.3984375,179900,32.55747162174252
2022-05-10,34181.19921875,34781.80078125,34176.80078125,34482.6484375,138000,35.16158854006473
2022-05-11,34686.30078125,34793.19921875,34143.19921875,34693.1484375,179500,37.789046278777896
2022-05-12,34289.1015625,34341.19921875,33297.6484375,33532.1484375,382100,30.45795105454745
2022-05-13,33925.94921875,34002.19921875,33007.8984375,33121.3515625,272700,28.361378663361222
2022-05-16,33256.0,33821.6484375,33001.75,33597.6015625,195100,34.03085052003624
2022-05-17,33796.19921875,34366.05078125,33680.6015625,34301.8984375,161500,41.41480061493798
2022-05-18,34448.19921875,34655.80078125,34134.69921875,34163.69921875,146800,40.45785935951515
2022-05-19,33461.0,33633.94921875,33180.6015625,33315.6484375,150400,35.09843217740553
2022-05-20,33765.1484375,34358.05078125,33658.05078125,34276.3984375,129400,44.12828540676255
2022-05-23,34321.3984375,34819.94921875,34117.3515625,34247.6015625,156000,43.93099037514934
2022-05-24,34223.19921875,34586.44921875,34115.80078125,34290.1484375,163700,44.327040716213226
2022-05-25,34491.80078125,34722.6015625,34285.80078125,34339.5,153600,44.81397965685343
2022-05-26,34670.6015625,35222.05078125,34424.75,35094.8984375,191500,51.767851270055765
2022-05-27,35326.6015625,35694.8515625,35291.94921875,35613.30078125,132600,55.87688160626407
2022-05-30,35958.80078125,36083.69921875,35748.44921875,35826.94921875,127000,57.48444475063803
2022-05-31,35615.30078125,35881.94921875,35288.94921875,35487.3984375,149300,54.110243171262006
2022-06-01,35358.94921875,35768.69921875,35285.44921875,35620.80078125,100800,55.22229723590029
2022-06-02,35470.94921875,35676.19921875,35385.0,35613.6484375,140700,55.14513816718176
2022-06-03,35929.55078125,35958.44921875,35175.1015625,35275.05078125,104800,51.47810126904171
2022-06-06,35159.1484375,35424.5,35072.30078125,35310.19921875,100800,51.83614498054609
2022-06-07,35080.80078125,35154.30078125,34834.3984375,34996.0,91600,48.39810900092656
2022-06-08,35165.6484375,35449.8984375,34831.75,34946.1484375,124600,47.85577055484183
2022-06-09,34802.25,35149.1015625,34659.1015625,35085.44921875,100900,49.55677066443814
2022-06-10,34686.94921875,34752.44921875,34346.6484375,34483.80078125,90000,43.028107572979685
2022-06-13,33728.6484375,33774.05078125,33210.3515625,33405.8515625,131900,34.30743947858899
2022-06-14,33180.6015625,33618.1484375,33123.8984375,33311.3515625,113200,33.663310955957726
2022-06-15,33317.80078125,33554.55078125,33249.55078125,33339.0,90800,34.05343245863649
2022-06-16,33648.80078125,33756.5,32537.94921875,32617.099609375,129500,29.221317506721903
2022-06-17,32393.44921875,32889.80078125,32290.55078125,32743.05078125,139800,31.05938368700953
2022-06-20,32873.3984375,32926.1015625,32426.400390625,32684.80078125,144400,30.662787347362112
2022-06-21,32978.05078125,33593.80078125,32797.55078125,33191.75,258100,38.07389077279319
2022-06-22,33051.6484375,33106.94921875,32758.150390625,32845.30078125,135000,35.2972649312545
2022-06-23,32927.3984375,33431.75,32652.150390625,33135.0,193100,39.28458837624457
2022-06-24,33434.80078125,33721.8984375,33390.8515625,33627.44921875,149800,45.439680329841245
2022-06-27,34126.19921875,34147.5,33735.5,33811.25,111400,47.57585868844396
2022-06-28,33578.19921875,33745.30078125,33503.30078125,33642.44921875,125000,45.80224452434185
2022-06-29,33273.55078125,33422.80078125,33185.25,33269.8984375,140800,42.0741763522975
2022-06-30,33180.69921875,33659.30078125,33179.6015625,33425.1015625,149500,44.11493892436421
2022-07-01,33264.75,33666.5,33080.44921875,33539.44921875,149900,45.63462587163469
2022-07-04,33558.8515625,33978.5,33515.6015625,33940.8984375,152600,50.702981606296845
2022-07-05,34084.69921875,34361.05078125,33757.0,33815.8984375,115000,49.1659828611841
2022-07-06,33929.3984375,34388.5,33876.1484375,34324.25,122700,55.123893888678296
2022-07-07,34627.3984375,34965.75,34553.1015625,34920.30078125,184000,60.90910229333818
2022-07-08,35258.8984375,35262.1015625,34977.75,35124.05078125,109000,62.68019870898609
2022-07-11,35017.6015625,35543.1015625,35006.55078125,35469.6484375,130600,65.53273536116694
2022-07-12,35298.69921875,35419.6484375,35047.5,35132.25,113400,60.65814632917902
2022-07-13,35259.80078125,35308.1484375,34757.6015625,34827.80078125,103400,56.569157693717735
2022-07-14,34817.94921875,35027.6015625,34558.44921875,34651.19921875,121300,54.28325867549178
2022-07-15,34734.44921875,34899.94921875,34463.8984375,34682.6484375,99100,54.63481909895306
2022-07-18,34841.8515625,35382.5,34804.3984375,35358.69921875,146600,61.490448252671044
2022-07-19,35113.25,35761.6484375,35110.5,35720.3515625,183400,64.57460223929161
2022-07-20,36061.30078125,36182.69921875,35876.55078125,35972.1015625,173400,66.58103000484306
2022-07-21,36026.55078125,36331.69921875,35887.3515625,36201.0,153800,68.3370068813997
2022-07-22,36322.8984375,36823.44921875,36286.3515625,36738.94921875,143600,72.05352236114088
2022-07-25,36766.69921875,37011.19921875,36464.6484375,36726.3984375,139700,71.84164993492058
2022-07-26,36688.55078125,36695.75,36334.1015625,36408.5,114000,66.50719362537995
2022-07-27,36370.55078125,36808.30078125,36248.6015625,36783.75,113100,69.39594295907936
2022-07-28,37102.44921875,37414.3984375,37028.5,37378.1484375,172500,73.32118543307845
2022-07-29,37717.30078125,37754.6484375,37221.1484375,37491.3984375,166900,74.00528264649475
2022-08-01,37594.1484375,37939.6015625,37407.19921875,37903.19921875,346400,76.3772831466783
2022-08-02,37767.69921875,38179.8515625,37632.30078125,38024.0,317300,77.03917113307455
2022-08-03,37954.55078125,38068.6015625,37692.94921875,37989.25,200300,76.37621841599426
2022-08-04,38111.05078125,38231.8515625,37249.5,37755.55078125,186300,71.89538205139357
2022-08-05,37868.25,38150.44921875,37779.8984375,37920.6015625,175900,73.09588875616085
2022-08-08,37847.3515625,38302.3515625,37681.44921875,38237.3984375,174100,75.27865388478733
2022-08-10,38298.8515625,38402.94921875,38155.30078125,38287.8515625,163900,75.61792808109968
2022-08-11,38712.94921875,38932.1015625,38648.8984375,38879.8515625,200900,79.22134467021117
2022-08-12,38942.44921875,39088.8984375,38739.94921875,39042.30078125,125300,80.0908594758373
2022-08-16,39284.1015625,39444.6015625,39119.8984375,39239.6484375,0,81.12424619465568
2022-08-17,39351.30078125,39504.5,39202.80078125,39461.69921875,169800,82.24118495868231
2022-08-18,39324.3984375,39703.69921875,39291.1484375,39656.1484375,137200,83.17981491425593
2022-08-19,39732.6484375,39759.1484375,38848.3984375,38985.94921875,148100,69.53766211315349
2022-08-22,38693.6484375,38732.8515625,38247.25,38297.75,124300,58.86199800481786
2022-08-23,37955.44921875,38869.8984375,37950.8515625,38697.6484375,176400,62.467778624568716
2022-08-24,38552.69921875,39120.80078125,38552.19921875,39038.5,214900,65.26259776030602
2022-08-25,39190.05078125,39471.75,38803.69921875,38950.75,333400,63.94250156014349
2022-08-26,39129.6484375,39337.1015625,38846.80078125,38987.1484375,196300,64.2653885803909
2022-08-29,38111.6015625,38397.1015625,37943.8515625,38276.69921875,158000,54.08495154323864
2022-08-30,38516.94921875,39606.55078125,38472.69921875,39536.75,176800,64.750476294137
2022-09-01,38806.69921875,39667.6484375,38803.30078125,39301.25,191200,61.85837668573952
2022-09-02,39422.30078125,39595.8515625,39200.44921875,39421.0,133900,62.76901127624298
2022-09-05,39412.05078125,39865.19921875,39407.3984375,39805.75,214100,65.60997236127605
2022-09-06,39892.94921875,40073.75,39564.30078125,39666.5,210200,63.71499668941346
2022-09-07,39337.75,39572.05078125,39258.25,39455.8984375,138900,60.85238489683388
2022-09-08,39763.8984375,40265.75,39706.3984375,40208.94921875,203800,66.62632394568809
2022-09-09,40520.75,40685.94921875,40280.30078125,40415.69921875,207000,68.02089032838688
2022-09-12,40540.44921875,40684.8984375,40377.8984375,40574.0,147000,69.08604325295288
2022-09-13,40802.1015625,40904.30078125,40693.94921875,40873.1015625,176400,71.04823289658017
2022-09-14,40308.80078125,41626.8984375,40288.8984375,41405.3984375,218400,74.18819674876102
2022-09-15,41533.69921875,41840.1484375,41153.5,41209.19921875,245300,71.12618314261942
2022-09-16,40977.19921875,41162.5,40502.05078125,40776.80078125,244200,64.78037038487457
2022-09-19,40685.6015625,41184.25,40509.8984375,40904.3984375,206000,65.75142470436387
2022-09-20,41304.1484375,41677.6484375,41207.30078125,41468.30078125,175200,69.72425055640416
2022-09-21,41282.6015625,41501.69921875,40889.1484375,41203.44921875,151300,65.86002698189378
2022-09-22,40889.05078125,41159.19921875,40360.19921875,40630.6015625,209500,58.33007494724293
2022-09-23,40429.3515625,40528.3984375,39412.69921875,39546.25,226200,47.30476417874369
2022-09-26,39027.8515625,39229.3984375,38492.19921875,38616.25,241800,40.273751051868736
2022-09-27,38811.69921875,39050.5,38184.8984375,38359.1484375,168700,38.56713112515351
2022-09-28,38081.25,38368.80078125,37626.19921875,37759.8515625,210600,34.85902660349679
2022-09-29,38092.8515625,38283.3984375,37536.6484375,37647.75,253000,34.19669855193271
2022-09-30,37660.0,38811.0,37386.3515625,38631.94921875,246100,44.217684719768044
2022-10-03,38444.8984375,38641.6015625,37963.25,38029.6484375,172900,40.184598498281055
2022-10-04,38700.3984375,39177.5,38596.8984375,39110.05078125,241100,49.14507842654847
2022-10-06,39343.69921875,39608.3515625,39232.8984375,39282.8515625,158800,50.42426036518628
2022-10-07,39093.5,39235.05078125,38807.5,39178.05078125,165000,49.60924564076399
2022-10-10,38641.55078125,39315.69921875,38518.30078125,39093.1015625,159700,48.91903233315936
2022-10-11,39058.8515625,39174.94921875,38622.75,38712.44921875,177600,45.841296110276026
2022-10-12,38784.19921875,39164.1015625,38606.3984375,39118.55078125,195800,49.492219017314234
2022-10-13,38957.6484375,39061.30078125,38437.94921875,38624.0,158900,45.47208795866977
2022-10-14,39446.05078125,39570.8515625,39196.30078125,39305.6015625,185600,51.338748119293406
2022-10-17,39295.6015625,39974.69921875,39146.69921875,39920.44921875,201600,55.9434755174092
2022-10-18,40252.05078125,40435.3515625,40139.8515625,40318.75,245200,58.671796684413586
2022-10-19,40556.6484375,40643.6015625,40195.19921875,40373.19921875,232900,59.04518046881403
2022-10-20,40149.5,40208.3515625,39848.8515625,40099.55078125,262800,56.292562444465595
2022-10-21,40370.75,41032.25,40355.44921875,40784.05078125,324200,61.169025595003404
2022-10-24,41348.3515625,41427.25,41201.1484375,41304.8984375,74300,64.42181080340893
2022-10-25,41513.6484375,41530.6484375,41021.44921875,41122.75,351800,62.45156749839739
2022-10-27,41440.69921875,41511.80078125,41178.6484375,41299.30078125,239400,63.61317646018191
2022-10-28,41236.80078125,41482.3984375,40839.30078125,40990.8515625,237100,60.11417786176426
2022-10-31,41265.69921875,41353.69921875,41106.1015625,41307.8984375,237200,62.40330960648096
2022-11-01,41552.3984375,41677.25,41188.55078125,41289.55078125,304400,62.180901274143
2022-11-02,41472.6015625,41474.30078125,41060.44921875,41146.6484375,175800,60.37600905537271
2022-11-03,40873.69921875,41478.0,40819.1484375,41298.3515625,263600,61.648675195163285
2022-11-04,41314.8515625,41516.19921875,41051.1484375,41258.44921875,190400,61.09285381480817
2022-11-07,41740.6484375,41779.3984375,41337.05078125,41686.69921875,393400,64.76461304162757
2022-11-09,41914.8515625,41948.8984375,41667.8984375,41783.19921875,490500,65.55348182996887
2022-11-10,41462.8515625,41643.8984375,41318.6015625,41603.75,253400,62.74046454888592
2022-11-11,42163.3984375,42345.5,41918.1015625,42137.05078125,255400,67.2397101721998
2022-11-14,42177.55078125,42231.44921875,41965.44921875,42076.75,142700,66.26533973629134
2022-11-15,42234.8515625,42450.05078125,42079.55078125,42372.69921875,139400,68.66529331577115
2022-11-16,42371.80078125,42611.75,42296.30078125,42535.30078125,185400,69.93101289916618
2022-11-17,42399.6484375,42622.75,42366.55078125,42458.05078125,165400,68.51503585665877
2022-11-18,42545.75,42590.75,42223.69921875,42437.44921875,280100,68.11890342768942
2022-11-21,42286.94921875,42386.80078125,42202.55078125,42346.55078125,259100,66.29755530251626
2022-11-22,42467.3984375,42508.75,42347.1484375,42457.05078125,216300,67.43737273883946
2022-11-23,42668.55078125,42860.55078125,42556.3984375,42729.1015625,359100,70.11697781344755
2022-11-24,42838.3515625,43163.3984375,42769.6484375,43075.3984375,204900,73.14625799898845
2022-11-25,43192.44921875,43339.1484375,42864.94921875,42983.94921875,502800,71.09660702785582
2022-11-28,42757.19921875,43159.80078125,42740.0,43020.44921875,238700,71.44058814827449
2022-11-29,42959.3984375,43279.6015625,42959.3984375,43053.44921875,223000,71.76773091523053
2022-11-30,43122.75,43332.30078125,42880.05078125,43231.0,202000,73.52492067734181
2022-12-01,43512.1015625,43515.05078125,43101.8515625,43260.6484375,268400,73.81796958640103
2022-12-02,42976.69921875,43131.8984375,42937.80078125,43103.75,212800,69.43771122073943
2022-12-05,43269.3515625,43372.1484375,42985.0,43332.94921875,242600,72.04712698406203
2022-12-06,43093.8984375,43306.8515625,43076.3984375,43138.55078125,379200,66.83488097043166
2022-12-07,43157.3515625,43327.3515625,42948.44921875,43098.69921875,242900,65.78420896036991
2022-12-08,43142.25,43640.8984375,43095.30078125,43596.8515625,355700,71.76039500441951
2022-12-09,43765.30078125,43853.3984375,43361.69921875,43633.44921875,443500,72.14531594632322
2022-12-12,43455.8515625,43767.05078125,43378.80078125,43708.75,234200,72.96193484098156
2022-12-13,43793.69921875,43983.80078125,43767.75,43946.55078125,277000,75.41336107393329
2022-12-14,44078.6015625,44151.80078125,43987.94921875,44049.1015625,349200,76.4067984078486
2022-12-15,43940.1015625,44120.6015625,43379.1015625,43498.19921875,421900,61.9302648574827
2022-12-16,43261.75,43598.19921875,43080.55078125,43219.5,275200,56.13573981472556
2022-12-19,43346.3515625,43451.44921875,43110.30078125,43413.75,175600,59.01418796155948
2022-12-20,43152.6484375,43426.19921875,42955.3984375,43359.5,182300,57.87199506677346
2022-12-21,43525.75,43614.6484375,42363.80078125,42617.94921875,279400,45.03969981300183
2022-12-22,42864.0,42933.5,42231.3515625,42408.80078125,344800,42.19770591389899
2022-12-23,41951.3515625,42226.6484375,41597.6484375,41668.05078125,332600,34.011917875984125
2022-12-26,41716.3515625,42846.1484375,41569.44921875,42630.1484375,323200,48.095390697769176
2022-12-27,42827.75,42927.19921875,42394.1484375,42859.5,229600,50.79158307986015
2022-12-28,42733.6015625,43034.94921875,42694.8515625,42827.69921875,230500,50.40065050289928
2022-12-29,42684.8984375,43498.05078125,42489.80078125,43252.3515625,308300,55.34347773544635
2022-12-30,43401.69921875,43422.94921875,42833.1015625,42986.44921875,258700,51.85855476720175
2023-01-02,43038.25,43382.75,42961.75,43203.1015625,1798102100,54.379220996169586
2023-01-03,43151.44921875,43482.80078125,43148.44921875,43425.25,197000,56.872739773608785
2023-01-04,43417.5,43578.3984375,42858.6484375,42958.80078125,216800,50.616827396115774
2023-01-05,43073.05078125,43137.55078125,42298.6015625,42608.69921875,189100,46.4838506095841
2023-01-06,42649.69921875,42685.8984375,41877.0,42188.80078125,195100,42.049188297143566
2023-01-09,42404.8515625,42716.80078125,42186.55078125,42582.75,161800,47.14405652488868
2023-01-10,42642.0,42674.25,41835.75,42014.75,179300,41.481406954767756
2023-01-11,42071.8515625,42318.0,41729.0,42232.69921875,169800,44.24860438277495
2023-01-12,42238.5,42343.5,41742.94921875,42082.25,154100,42.745945172996024
2023-01-13,42171.25,42453.94921875,41885.6015625,42371.25,205500,46.504094660584364
2023-01-16,42622.5,42715.6484375,42066.55078125,42167.55078125,312300,44.297012779464396
2023-01-17,42241.19921875,42383.80078125,41861.1015625,42235.05078125,256300,45.22472002898902
2023-01-18,42271.80078125,42555.8984375,42119.6484375,42458.0,170500,48.28815964159768
2023-01-19,42416.30078125,42506.25,42234.8984375,42328.8515625,143400,46.66021606650937
2023-01-20,42516.05078125,42709.19921875,42366.1484375,42506.80078125,159100,49.20143315386823
2023-01-23,42891.44921875,43005.8515625,42727.69921875,42821.25,203600,53.42413628122923
2023-01-24,42994.44921875,43078.8984375,42615.6484375,42733.44921875,159500,52.12130869656846
2023-01-25,42703.6015625,42733.05078125,41540.30078125,41647.6484375,244700,39.343444499904685
2023-01-27,41382.3515625,41417.8984375,40148.80078125,40345.30078125,350800,29.881062798236712
2023-01-30,39856.1484375,40789.55078125,39419.80078125,40387.44921875,369900,30.46394043100959
2023-01-31,40563.8515625,40811.6484375,40167.69921875,40655.05078125,289900,34.20363240649513
2023-02-01,41115.0,42015.6484375,39490.5,40513.0,400100,33.18342919780417
2023-02-02,39943.3515625,40757.6015625,39761.44921875,40669.30078125,348500,35.46438116160191
2023-02-03,41019.3515625,41539.94921875,40609.75,41499.69921875,308800,46.009660182012624
2023-02-06,41530.1484375,41724.5,41261.19921875,41374.6484375,197800,44.82188756809392
2023-02-07,41513.1015625,41630.75,41095.1015625,41490.94921875,171900,46.21262623011672
2023-02-08,41542.05078125,41791.94921875,41403.05078125,41537.6484375,136500,46.79253928779921
2023-02-09,41634.0,41634.0,41252.94921875,41554.30078125,142900,47.01192640136745
2023-02-10,41452.3984375,41678.8984375,41424.8984375,41559.3984375,155000,47.083855833990725
2023-02-13,41563.5,41662.55078125,41157.8984375,41282.19921875,147000,43.61659583191327
2023-02-14,41410.44921875,41718.0,41195.75,41648.3515625,143100,48.96291352668964
2023-02-15,41674.6015625,41795.44921875,41455.6015625,41731.05078125,116300,50.11347802055528
2023-02-16,41925.69921875,41979.1015625,41521.94921875,41631.3515625,111700,48.68844148744892
2023-02-17,41514.0,41516.30078125,40882.69921875,41131.75,138800,42.210866661400175
2023-02-20,41221.55078125,41292.6015625,40580.1015625,40701.69921875,143700,37.57656519873142
2023-02-21,40784.8984375,40946.19921875,40508.25,40673.6015625,170200,37.28851371088629
2023-02-22,40494.1484375,40529.25,39899.0,39995.8984375,155200,31.096657883832364
2023-02-23,39983.69921875,40147.80078125,39600.25,40001.55078125,200500,31.199273285380073
2023-02-24,40259.1015625,40348.1015625,39818.8984375,39909.3984375,144600,30.404269248374774
2023-02-27,39820.3984375,40371.44921875,39745.3984375,40307.1015625,165200,37.7737332797224
2023-02-28,40302.69921875,40391.44921875,40073.0,40269.05078125,327800,37.36605292265914
2023-03-01,40473.8515625,40725.3515625,40341.94921875,40698.1484375,169800,44.62422030227106
2023-03-02,40604.55078125,40773.25,40312.8984375,40389.80078125,149200,40.951745626167806
2023-03-03,40671.3984375,41390.1484375,40605.3515625,41251.3515625,213800,52.671874452269606
2023-03-06,41418.3984375,41671.19921875,41259.1484375,41350.3984375,180200,53.8070055431672
2023-03-08,41178.3515625,41625.3515625,41100.3515625,41577.1015625,157600,56.385459767022034
2023-03-09,41532.6484375,41659.0,41208.1015625,41256.75,119200,51.97080472126245
2023-03-10,40805.25,40839.0,40341.69921875,40485.44921875,145300,43.20074597842962
2023-03-13,40356.1015625,40690.05078125,39454.6015625,39564.69921875,174500,35.49939884906074
2023-03-14,39522.3984375,39768.5,39132.6015625,39411.3984375,205700,34.39983822981391
2023-03-15,39777.8984375,39914.1015625,38934.6484375,39051.5,164300,31.9016156291098
2023-03-16,39061.69921875,39381.3984375,38613.1484375,39132.6015625,196300,33.081007340211855
2023-03-17,39442.3984375,39705.1484375,38926.80078125,39598.1015625,173400,39.55210012494423
2023-03-20,39512.1015625,39512.1015625,38941.8984375,39361.94921875,173800,37.567392480569396
2023-03-21,39599.6484375,39970.8984375,39366.30078125,39894.69921875,187900,44.35155034325094
2023-03-22,40036.0,40085.6015625,39837.80078125,39999.05078125,0,45.59851854568262
2023-03-23,39836.1484375,40201.6015625,39552.5,39616.8984375,153200,41.89600092088248
2023-03-24,39555.25,39767.8984375,39294.8984375,39395.3515625,166100,39.87458198726092
2023-03-27,39484.69921875,39695.19921875,39273.75,39431.30078125,194200,40.37727642646632
2023-03-28,39545.05078125,39645.19921875,39326.1015625,39567.8984375,202300,42.34963779193798
2023-03-29,39611.55078125,40055.0,39609.55078125,39910.1484375,259600,47.07385473752952
2023-03-31,40231.25,40690.3984375,40180.19921875,40608.6484375,188000,55.151477545567005
2023-04-03,40695.80078125,40857.6015625,40535.8984375,40813.05078125,167500,57.20956647140151
2023-04-05,40972.30078125,41071.1484375,40802.6484375,40999.1484375,177400,59.05198610823137
2023-04-06,40940.69921875,41274.69921875,40820.55078125,41041.0,196500,59.47458157247245
2023-04-10,41116.1484375,41139.8515625,40727.25,40834.6484375,153900,56.38475262749115
2023-04-11,41232.0,41403.25,40990.19921875,41366.5,219200,61.88150473438408
2023-04-12,41426.0,41610.1484375,41332.0,41557.94921875,143000,63.65706591073619
2023-04-13,41680.1015625,42196.19921875,41502.6484375,42132.55078125,232600,68.41271763653185
2023-04-17,42603.55078125,42603.55078125,41799.0,42262.55078125,229100,69.38868060098942
2023-04-18,42406.94921875,42500.69921875,42114.3515625,42265.19921875,214200,69.40941731241192
2023-04-19,42280.1015625,42339.8984375,42022.1484375,42154.0,170000,67.34655652340852
2023-04-20,42218.5,42378.1484375,42108.8515625,42269.5,180200,68.39716873915874
2023-04-21,42252.55078125,42382.1484375,41962.3515625,42118.0,144100,65.42369661917687
2023-04-24,42469.94921875,42714.1484375,42269.1015625,42635.75,201000,70.19282223676407
2023-04-25,42731.6015625,42865.55078125,42601.5,42678.5,262400,70.55397223227317
2023-04-26,42559.05078125,42875.6015625,42432.25,42829.8984375,178000,71.8545745724748
2023-04-27,42753.8984375,43043.3984375,42736.6015625,43000.8515625,181400,73.28922043893458
2023-04-28,43045.5,43302.05078125,42810.3515625,43233.8984375,238700,75.14888133868652
2023-05-02,43395.05078125,43483.8515625,43269.3984375,43352.1015625,241600,76.05932675537026
2023-05-03,43154.8515625,43354.94921875,43078.1484375,43312.69921875,175900,75.07199364648996
2023-05-04,43236.1015625,43739.80078125,43213.94921875,43685.44921875,175400,77.98363050848866
2023-05-05,43110.6484375,43588.0,42582.19921875,42661.19921875,251200,57.952863963389284
2023-05-08,42796.8515625,43418.55078125,42780.30078125,43284.0,223400,64.0068550162751
2023-05-09,43438.55078125,43533.25,43125.8515625,43198.1484375,229000,62.66739203739922
2023-05-10,43275.25,43383.6484375,42822.1484375,43331.05078125,249100,63.92593607398292
2023-05-11,43535.1015625,43774.25,43367.25,43475.30078125,190700,65.2935337333792
2023-05-12,43447.1484375,43905.94921875,43347.75,43793.55078125,144900,68.16137346283995
2023-05-15,43821.05078125,44151.69921875,43666.6015625,44072.1015625,161300,70.46200045695684
2023-05-16,44144.1484375,44144.1484375,43815.69921875,43903.69921875,222500,67.29600975925752
2023-05-17,43948.5,43992.75,43446.3984375,43698.69921875,203600,63.5525101904305
2023-05-18,44006.8984375,44079.19921875,43673.69921875,43752.30078125,226500,64.11461124598918
2023-05-19,43930.0,44020.8984375,43531.8984375,43969.3984375,192000,66.37640642353284
2023-05-22,43935.30078125,44026.75,43684.8984375,43885.1015625,183800,64.67192439713554
2023-05-23,43978.8984375,44095.25,43852.19921875,43954.44921875,142000,65.45776439151122
2023-05-24,43751.94921875,44010.44921875,43639.80078125,43677.8515625,148600,59.74895128823077
2023-05-25,43630.25,43719.8515625,43390.30078125,43681.3984375,170200,59.7973708866045
2023-05-26,43765.3515625,44067.6015625,43588.80078125,44018.0,143200,64.19882511217847
2023-05-29,44276.80078125,44483.3515625,44193.94921875,44311.8984375,148600,67.54039673759618
2023-05-30,44277.3515625,44498.6015625,44207.5,44436.3515625,157600,68.86561379151571
2023-05-31,44318.0,44339.05078125,43822.69921875,44128.1484375,305700,62.10359371538678
2023-06-01,44172.05078125,44179.94921875,43706.1484375,43790.19921875,182900,55.65084319651423
2023-06-02,43997.30078125,44088.8984375,43812.55078125,43937.8515625,123900,57.71792659919556
2023-06-05,44103.25,44266.1484375,44074.19921875,44101.6484375,124500,59.94813441185345
2023-06-06,44156.69921875,44236.19921875,44009.69921875,44164.55078125,123600,60.80317329545188
2023-06-07,44318.69921875,44346.30078125,44143.5,44275.30078125,119200,62.32807725636116
2023-06-08,44208.30078125,44459.25,43917.8984375,43995.25,160200,56.35744134980297
2023-06-09,44045.75,44220.1015625,43932.6015625,43989.0,132300,56.227986804042416
2023-06-12,44035.19921875,44124.94921875,43874.05078125,43944.19921875,91400,55.24832670458639
2023-06-13,43889.69921875,44138.1484375,43889.69921875,44079.8515625,160000,57.654131194963114
2023-06-14,44181.6484375,44212.3515625,43956.1484375,43988.0,154600,55.47929806338607
2023-06-15,44054.3515625,44077.44921875,43397.5,43443.6015625,228200,44.71344106244712
2023-06-16,43583.3515625,44083.25,43536.94921875,43938.1484375,234700,53.534548063239214
2023-06-19,44015.30078125,44040.3515625,43501.3984375,43633.75,234900,48.41423788886745
2023-06-20,43597.55078125,43823.94921875,43345.94921875,43766.5,161900,50.63185093776974
2023-06-21,43894.3984375,43946.69921875,43698.94921875,43859.19921875,180000,52.17785695248187
2023-06-22,43874.80078125,44042.1484375,43663.3515625,43724.8515625,263800,49.746410084060855
2023-06-23,43641.6015625,43824.1015625,43519.55078125,43622.8984375,161300,47.92140847720331
2023-06-26,43714.75,43773.1015625,43541.75,43641.05078125,120700,48.285183887150566
2023-06-27,43804.55078125,44194.6484375,43693.1484375,44121.5,137300,56.87201208086432
2023-06-28,44419.5,44508.3984375,44163.19921875,44327.80078125,243800,59.94731228975921
2023-06-30,44666.0,44787.1015625,44447.19921875,44747.3515625,191300,65.35743058504315
2023-07-03,44957.94921875,45353.19921875,44882.1015625,45158.1015625,228200,69.6759947904814
2023-07-04,45310.55078125,45655.5,45000.25,45301.44921875,463000,71.03314625394188
2023-07-05,45169.69921875,45418.8984375,45073.3984375,45151.80078125,366300,67.63024765493658
2023-07-06,45060.55078125,45417.5,45042.6015625,45339.8984375,244900,69.60147343904671
2023-07-07,45118.05078125,45227.25,44844.80078125,44925.0,220900,60.805516849288566
2023-07-10,44958.6484375,45184.30078125,44721.8984375,44860.8515625,220900,59.55239629984557
2023-07-11,44998.0,45139.55078125,44663.05078125,44745.05078125,209000,57.25836722789562
2023-07-12,44872.6015625,44937.25,44562.3984375,44639.44921875,233100,55.171207422206635
2023-07-13,45009.30078125,45085.1484375,44612.19921875,44665.05078125,336800,55.593818602868495
2023-07-14,44860.6484375,44923.8515625,44547.80078125,44819.30078125,196300,58.153503071419685
2023-07-17,44951.19921875,45556.44921875,44695.05078125,45449.75,245900,66.62210268556669
2023-07-18,45754.80078125,45905.8515625,45281.30078125,45410.8515625,307300,65.73813457572993
2023-07-19,45622.5,45707.3984375,45433.0,45669.30078125,261100,68.70889051908469
2023-07-20,45689.05078125,46256.19921875,45640.94921875,46186.8984375,315200,73.63864662358917
2023-07-21,46063.94921875,46369.5,45925.8984375,46075.19921875,235600,71.03767434126192
2023-07-24,46131.8984375,46191.5,45858.75,45923.05078125,225800,67.53836364299978
2023-07-25,46154.69921875,46156.1015625,45622.8515625,45845.0,228100,65.74908521688866
2023-07-26,45935.1484375,46096.6015625,45804.69921875,46062.3515625,298400,68.27005105325111
2023-07-27,46285.8515625,46310.1015625,45570.6484375,45679.30078125,320400,59.902168118171936
2023-07-28,45560.8984375,45727.75,45238.80078125,45468.1015625,194700,55.838312311126764
2023-07-31,45546.3515625,45694.8984375,45359.75,45651.1015625,247900,58.46753244050494
2023-08-01,45740.0,45782.75,45471.05078125,45592.5,175200,57.29124798308418
2023-08-02,45234.6484375,45404.8984375,44720.8984375,44995.69921875,233600,46.93506163719914
2023-08-03,44862.8515625,45038.44921875,44279.3984375,44513.44921875,245800,40.555524970115734
2023-08-04,44754.75,45118.05078125,44520.55078125,44879.5,245200,46.49982514119947
2023-08-07,44993.69921875,45011.3515625,44773.8515625,44837.5,200800,45.93228069030537
2023-08-08,44888.94921875,45096.8515625,44817.8515625,44964.44921875,229400,47.998286972748936
2023-08-09,44973.44921875,44975.0,44533.75,44880.69921875,177300,46.72968350719731
2023-08-10,44797.6484375,44980.3515625,44418.3984375,44541.80078125,232000,41.90333998448522
2023-08-11,44568.1484375,44571.25,44120.8984375,44199.1015625,196900,37.66679089516074
2023-08-14,44066.6015625,44212.75,43776.8984375,44090.94921875,172300,36.41550250789403
2023-08-16,43726.25,44002.80078125,43600.3515625,43946.3984375,0,34.753737898182536
2023-08-17,43897.25,44071.8515625,43745.1015625,43891.3515625,266400,34.115284641110534
2023-08-18,43724.75,43957.6484375,43672.44921875,43851.05078125,167600,33.62820856679818
2023-08-21,43952.8515625,44113.80078125,43862.0,44002.0,126300,37.24243981906605
2023-08-22,44125.0,44151.30078125,43938.69921875,43993.25,160700,37.116269099856865
2023-08-23,44064.5,44521.6484375,43952.05078125,44479.05078125,212400,47.70847878099146
2023-08-24,44704.19921875,44949.8984375,44433.75,44496.19921875,220400,48.041183186159266
2023-08-25,44276.19921875,44359.1015625,43983.75,44231.44921875,152500,43.445326881432415
2023-08-28,44253.6484375,44610.3984375,44201.44921875,44494.6484375,163000,48.69953596030651
2023-08-29,44655.75,44673.0,44429.80078125,44495.25,140300,48.71126443916734
2023-08-30,44706.55078125,44779.6484375,44149.80078125,44232.6015625,153100,43.98317462280298
2023-08-31,44265.8515625,44399.6484375,43895.05078125,43989.1484375,705100,40.09805139309228
2023-09-01,43996.1015625,44568.55078125,43830.75,44436.1015625,320800,49.00409534579774
2023-09-04,44647.6484375,44656.05078125,44310.94921875,44578.30078125,238600,51.47593868417129
2023-09-05,44625.05078125,44668.69921875,44401.69921875,44532.1484375,225500,50.61835812028395
2023-09-06,44494.6484375,44577.0,44207.25,44409.1015625,252000,48.30763483540435
2023-09-07,44418.05078125,44915.55078125,44341.19921875,44878.3515625,169100,56.46890658058107
2023-09-08,44953.6484375,45383.3515625,44812.1484375,45156.3984375,179100,60.45311573092298
2023-09-11,45340.80078125,45636.19921875,45231.30078125,45570.69921875,228100,65.51747014354883
2023-09-12,45893.80078125,45893.80078125,45322.55078125,45511.3515625,271400,64.24822515784751
2023-09-13,45449.3515625,45990.5,45299.3984375,45909.44921875,441700,68.63729579627399
2023-09-14,46013.30078125,46153.8984375,45801.5,46000.8515625,238600,69.5612576948813
2023-09-15,46122.1484375,46310.3984375,46028.75,46231.5,278400,71.81755871413719
2023-09-18,46100.94921875,46252.94921875,45906.8984375,45979.8515625,348800,66.06367026134282
2023-09-20,45493.69921875,45745.1484375,45276.3984375,45384.6015625,334000,54.866079788213526
2023-09-21,45179.6015625,45276.80078125,44592.44921875,44623.8515625,257700,44.48770936491795
2023-09-22,44707.3515625,44996.75,44548.8984375,44612.05078125,249400,44.34757373068208
2023-09-25,44615.0,44936.55078125,44400.8984375,44766.1015625,266500,46.70757298735022
2023-09-26,44722.5,44773.80078125,44532.44921875,44624.19921875,188500,44.822058356231814
2023-09-27,44465.8984375,44668.0,44182.5,44588.30078125,221900,44.334468376959244
2023-09-28,44700.3515625,44756.80078125,44248.19921875,44300.94921875,389900,40.533455792182444
2023-09-29,44445.3515625,44755.05078125,44344.8984375,44584.55078125,156000,45.499787650531886
2023-10-03,44561.5,44566.30078125,44243.1015625,44399.05078125,192600,42.97184611671008
2023-10-04,44108.1484375,44161.3515625,43857.5,43964.05078125,310300,37.684364421627706
2023-10-05,44181.3515625,44391.8515625,44108.30078125,44213.3515625,243400,42.082736493895176
2023-10-06,44395.3984375,44500.69921875,44242.94921875,44360.6015625,157500,44.571284909836805
2023-10-09,44057.80078125,44113.19921875,43796.75,43886.5,162300,38.79192016376488
2023-10-10,44027.55078125,44487.25,44004.55078125,44360.1484375,175300,46.28544783233121
2023-10-11,44554.8984375,44710.55078125,44411.3984375,44516.8984375,213700,48.531179679753556
2023-10-12,44571.55078125,44693.05078125,44530.05078125,44599.19921875,112100,49.719802343007366
2023-10-13,44322.05078125,44563.05078125,44203.69921875,44287.94921875,169900,45.44536033485723
2023-10-16,44204.75,44356.94921875,44044.3984375,44225.8984375,140400,44.62175479656911
2023-10-17,44589.80078125,44589.8515625,44336.94921875,44409.5,120500,47.64518626021354
2023-10-18,44404.19921875,44412.5,43861.44921875,43888.69921875,217200,40.83480585218546
2023-10-19,43616.75,44058.80078125,43558.1015625,43754.5,156600,39.27686073415459
2023-10-20,43584.25,43877.5,43567.44921875,43723.05078125,152400,38.902283557572716
2023-10-23,43822.69921875,43831.30078125,43029.44921875,43151.19921875,201400,32.780496673174795
2023-10-25,43308.30078125,43397.44921875,42758.3984375,42832.0,188300,29.94761435056185
2023-10-26,42708.3984375,42716.19921875,42105.3984375,42280.1484375,307100,25.796876794448053
2023-10-27,42555.6015625,42840.1484375,42482.75,42782.0,213900,34.66526802766967
2023-10-30,42721.3984375,43112.5,42390.5,43039.1484375,189000,38.70751793733983
2023-10-31,43356.8515625,43356.8515625,42797.1484375,42845.94921875,157400,36.862219206334906
2023-11-01,42694.25,42815.1484375,42589.6484375,42700.94921875,145200,35.494552168344924
2023-11-02,43018.69921875,43271.5,42796.44921875,43017.19921875,144700,40.66531654229625
2023-11-03,43318.30078125,43416.1015625,43221.0,43318.25,124100,45.17101829668146
2023-11-06,43627.75,43648.69921875,43415.19921875,43619.3984375,149900,49.31712604015129
2023-11-07,43598.8515625,43799.3515625,43283.8515625,43737.8984375,198200,50.89080324465908
2023-11-08,43791.80078125,43797.55078125,43547.75,43658.6484375,163400,49.777651359996575
2023-11-09,43626.1015625,43876.75,43542.6484375,43683.6015625,108900,50.14740566476379
2023-11-10,43543.25,43908.69921875,43504.94921875,43820.1015625,90000,52.21972764709366
2023-11-13,43915.1015625,43970.75,43681.3984375,43891.25,169600,53.30920482968941
2023-11-15,44398.44921875,44408.55078125,44164.55078125,44201.69921875,202500,57.82782095195272
2023-11-16,44251.69921875,44420.94921875,44064.1484375,44161.55078125,144300,57.05876261121299
2023-11-17,43656.25,43872.8515625,43513.8515625,43583.94921875,227400,47.310552645447544
2023-11-20,43591.5,43724.0,43450.05078125,43584.94921875,124300,47.32733079945522
2023-11-21,43790.94921875,43790.94921875,43586.44921875,43689.1484375,108200,49.14454945033577
2023-11-22,43663.6015625,43692.5,43230.94921875,43449.6015625,150900,45.27721038456247
2023-11-23,43452.75,43649.6484375,43451.3515625,43577.5,72300,47.646102712843515
2023-11-24,43607.3515625,43806.5,43566.1484375,43769.1015625,96800,51.06374286593206
2023-11-28,43851.55078125,43960.30078125,43739.80078125,43880.94921875,151200,52.992838973603284
2023-11-29,44081.75,44630.3515625,44003.44921875,44566.44921875,152300,62.69831462653723
2023-11-30,44711.19921875,44764.80078125,44254.6015625,44481.75,343200,61.021848474653076
2023-12-01,44580.1484375,44951.1015625,44531.75,44814.19921875,204900,64.97994467955294
2023-12-04,45671.5,46484.44921875,45484.19921875,46431.3984375,311200,77.14052403590193
2023-12-05,46895.8984375,47230.55078125,46653.6484375,47012.25,326100,79.84732576630358
2023-12-06,47256.75,47259.8515625,46750.19921875,46834.55078125,244200,76.84930152849566
2023-12-07,46735.3984375,46927.69921875,46507.1484375,46841.3984375,208100,76.88531821857707
2023-12-08,46797.19921875,47303.6484375,46793.8984375,47262.0,218300,79.04207691033679
2023-12-11,47233.30078125,47588.0,47186.6015625,47314.25,182500,79.30046607701563
2023-12-12,47421.69921875,47454.0,47004.05078125,47097.55078125,182000,75.1616321942858
2023-12-13,47190.75,47201.94921875,46886.8984375,47092.25,202300,75.05843474107716
2023-12-14,47567.6484375,47943.6015625,47510.8515625,47732.30078125,193100,78.83686944239983
2023-12-15,47939.8984375,48219.94921875,47632.8515625,48143.55078125,313900,80.84480996061556
2023-12-18,48068.5,48076.6015625,47806.69921875,47867.69921875,157300,75.65934470761981
2023-12-19,47940.3984375,48017.0,47646.05078125,47870.8984375,189800,75.6788284889107
2023-12-20,48085.3515625,48166.1484375,47202.6484375,47445.30078125,242500,67.89298196717016
2023-12-21,47172.44921875,47932.3984375,46919.69921875,47840.1484375,208000,70.8856188326744
2023-12-22,47837.75,48071.3984375,47415.8515625,47491.8515625,165800,65.11966812938513
2023-12-26,47576.3984375,47838.44921875,47411.6484375,47724.8515625,118700,67.0505343813075
2023-12-27,47818.5,48347.6484375,47806.69921875,48282.19921875,184900,71.16278720292983
2023-12-28,48479.05078125,48636.44921875,48343.1484375,48508.55078125,391100,72.65539298277122
2023-12-29,48374.8515625,48477.69921875,48091.8515625,48292.25,174000,68.98104020853701
2024-01-01,48203.44921875,48450.0,48044.1484375,48234.30078125,146900,67.98900775926359
2024-01-02,48194.80078125,48223.55078125,47689.80078125,47761.6484375,183200,60.36380088506756
2024-01-03,47796.30078125,47798.75,47481.3515625,47704.94921875,233300,59.50169187353163
2024-01-04,47805.3984375,48281.19921875,47738.1484375,48195.8515625,175700,64.26087326230945
2024-01-05,48245.55078125,48381.94921875,47822.8515625,48159.0,181000,63.65611613002966
2024-01-08,48096.6484375,48154.5,47387.3515625,47450.25,231400,53.27228633558983
2024-01-09,47705.3984375,47939.30078125,47156.05078125,47242.6484375,161000,50.66523425083235
2024-01-10,47073.8515625,47423.44921875,47010.80078125,47360.8515625,165200,52.10252302241124
2024-01-11,47538.6015625,47662.1015625,47237.0,47438.3515625,132500,53.06794669811709
2024-01-12,47572.69921875,47873.69921875,47408.5,47709.80078125,191600,56.38400862940977
2024-01-15,47891.05078125,48248.05078125,47825.3984375,48158.30078125,167100,61.2550988108955
2024-01-16,48109.94921875,48305.3984375,48002.8515625,48125.1015625,224500,60.7145643278894
2024-01-17,46573.94921875,47212.75,45979.6015625,46064.44921875,499600,38.18882667029547
2024-01-18,45492.75,46184.05078125,45430.69921875,45713.55078125,275000,35.756077153521005
2024-01-19,46103.5,46249.8515625,45558.05078125,45701.1484375,296600,35.669587098131075
2024-01-23,46495.44921875,46580.30078125,44886.1015625,45015.05078125,422600,31.17681028669506
2024-01-24,44489.3984375,45485.5,44489.3984375,45082.3984375,348700,32.08114325477899
2024-01-25,45057.94921875,45139.05078125,44429.0,44866.1484375,386800,30.686819093915773
2024-01-29,45171.5,45660.3515625,45110.8984375,45442.3515625,336800,38.37266197038344
2024-01-30,45481.5,45678.69921875,45206.05078125,45367.75,232100,37.78842178701049
2024-01-31,45295.6484375,46179.75,45071.19921875,45996.80078125,373100,45.34494922870074
2024-02-01,46164.8984375,46306.8984375,45668.3515625,46188.6484375,305700,47.44170472746486
2024-02-02,46568.19921875,46892.3515625,45901.25,45970.94921875,337000,45.31716303277127
2024-02-05,45962.25,46048.6015625,45615.1015625,45825.55078125,265900,43.90304024545664
2024-02-06,45891.19921875,45932.1484375,45527.0,45690.80078125,178600,42.57701043306684
2024-02-07,45944.6015625,46062.8515625,45620.5,45818.5,283700,44.29414252863737
2024-02-08,45973.8515625,46181.19921875,44893.75,45012.0,319900,36.80795916960264
2024-02-09,44986.75,45718.1484375,44859.1484375,45634.55078125,276000,44.59257559102043
2024-02-12,45664.30078125,45748.5,44633.8515625,44882.25,268800,38.431413820525734
2024-02-13,45056.80078125,45750.3984375,44819.55078125,45502.3984375,245900,45.15810282423145
2024-02-14,45014.6484375,46170.44921875,44860.75,45908.30078125,280000,49.079538437639364
2024-02-15,46027.1015625,46297.69921875,45590.19921875,46218.8984375,277700,51.91302634052145
2024-02-16,46454.30078125,46693.3984375,46264.3984375,46384.8515625,291400,53.4049305475126
2024-02-19,46554.8984375,46717.3984375,46317.69921875,46535.5,158400,54.776572769119674
2024-02-20,46444.8984375,47136.75,46367.80078125,47094.19921875,171900,59.53416781817669
2024-02-21,47363.3984375,47363.3984375,46886.94921875,47019.69921875,198900,58.648152502084216
2024-02-22,46934.55078125,47024.05078125,46426.8515625,46919.80078125,177200,57.414247498603174
2024-02-23,47060.69921875,47245.3515625,46723.1484375,46811.75,200500,56.04088163709106
2024-02-26,46615.8515625,46893.1484375,46513.55078125,46576.5,223700,53.06470483276021
2024-02-27,46480.19921875,46722.25,46324.8984375,46588.05078125,157300,53.19613706315787
2024-02-28,46640.8984375,46754.55078125,45852.55078125,45963.1484375,167300,45.73453520435993
2024-02-29,45881.44921875,46329.6484375,45661.75,46120.8984375,544700,47.72779847782931
2024-03-01,46218.0,47342.25,46218.0,47286.8984375,172500,59.55369039488672
2024-03-04,47318.5,47529.6015625,47191.6484375,47456.1015625,158100,60.93485999785138
2024-03-05,47265.69921875,47737.8515625,47196.75,47581.0,176900,61.96728554277864
2024-03-06,47451.6484375,48161.25,47442.25,47965.3984375,301700,65.03043948002704
2024-03-07,48035.80078125,48071.69921875,47747.19921875,47835.80078125,146300,63.182827481351495
2024-03-11,47792.19921875,47853.80078125,47230.6484375,47327.8515625,204200,56.417125383367754
2024-03-12,47351.3515625,47812.75,46884.44921875,47282.3984375,207200,55.84089741018795
2024-03-13,47341.1484375,47468.69921875,46842.1484375,46981.30078125,274600,52.04845058345981
2024-03-14,46825.75,47231.5,46565.55078125,46789.94921875,220400,49.73663680740971
2024-03-15,46572.1015625,46802.55078125,46310.5,46594.1015625,339300,47.41531816123544
2024-03-18,46458.75,46739.25,46022.1484375,46575.8984375,151300,47.19484023196974
2024-03-19,46421.8984375,46602.3515625,46258.75,46384.80078125,147100,44.837707986108775
2024-03-20,46392.8984375,46655.55078125,45828.80078125,46310.8984375,210400,43.924058890438914
2024-03-21,46674.8515625,46990.25,46570.1484375,46684.8984375,150400,49.52905754440961
2024-03-22,46634.8984375,46974.1484375,46566.80078125,46863.75,172200,51.99991000217217
2024-03-26,46552.94921875,46788.3515625,46529.05078125,46600.19921875,171700,48.25129671316909
2024-03-27,46643.44921875,46956.1015625,46643.44921875,46785.94921875,285100,50.9359056591459
2024-03-28,46827.8515625,47440.44921875,46827.8515625,47124.6015625,348000,55.47145610420075
2024-04-01,47391.05078125,47646.80078125,47373.1015625,47578.25,134089400,60.71093319236249
2024-04-02,47490.75,47707.3515625,47408.55078125,47545.44921875,183400,60.15973873070519
2024-04-03,47350.25,47676.94921875,47279.80078125,47624.25,283800,61.07407901018293
2024-04-04,48086.19921875,48254.6484375,47712.69921875,48060.80078125,324300,65.76202571461285
2024-04-05,48104.6484375,48557.3984375,47894.5,48493.05078125,214300,69.65845163711855
2024-04-08,48586.75,48716.94921875,48424.6484375,48581.69921875,263400,70.40238802464668
2024-04-09,48810.80078125,48960.75,48568.25,48730.55078125,147600,71.6589419122085
2024-04-10,48879.55078125,49057.3984375,48669.25,48986.6015625,247100,73.72536183644678
2024-04-12,48671.19921875,48882.6484375,48477.55078125,48564.55078125,208000,65.27676768361849
2024-04-15,48057.5,48255.5,47725.80078125,47773.25,197100,53.010991582426335
2024-04-16,47436.69921875,47609.0,47316.55078125,47484.80078125,186100,49.36927926923501
2024-04-18,47592.69921875,47829.75,46982.1484375,47069.44921875,186400,44.616314803966354
2024-04-19,46744.94921875,47668.69921875,46579.05078125,47574.1484375,164600,50.81300188639922
2024-04-22,48145.69921875,48146.30078125,47628.44921875,47924.8984375,177700,54.61360996719647
2024-04-23,48299.6015625,48302.69921875,47899.30078125,47970.44921875,141100,55.098835015488206
2024-04-24,48120.8984375,48246.19921875,48028.69921875,48189.0,112200,57.44936006373616
2024-04-25,47772.6484375,48625.44921875,47737.19921875,48494.94921875,337400,60.56183353752
2024-04-26,48660.0,48679.6484375,48088.25,48201.05078125,208100,56.30142212201189
2024-04-29,48359.8984375,49473.6015625,48342.69921875,49424.05078125,327100,66.77566581984011
2024-04-30,49477.1015625,49974.75,49249.8984375,49396.75,402900,66.39309522354759
2024-05-02,49262.0,49529.3515625,49123.6015625,49231.05078125,291900,63.99657998188663
2024-05-03,49375.05078125,49607.75,48659.69921875,48923.55078125,223000,59.690594819297296
2024-05-06,49174.55078125,49252.6484375,48784.0,48895.30078125,340200,59.29586657834948
2024-05-07,48965.05078125,49023.5,48213.75,48285.3515625,230300,51.39344912107579
2024-05-08,48124.19921875,48223.05078125,47851.1484375,48021.1015625,286000,48.38493724720575
2024-05-09,47976.3515625,48258.6484375,47440.6484375,47487.8984375,272900,42.92467664782876
2024-05-10,47555.5,47868.69921875,47313.3515625,47421.1015625,218900,42.280957913197234
2024-05-13,47389.80078125,47841.6015625,46983.25,47754.1015625,220900,46.58177838177752
2024-05-14,47748.8515625,47937.25,47607.8515625,47859.44921875,152000,47.904289976920744
2024-05-15,47923.1015625,47957.19921875,47534.5,47687.44921875,188800,45.90595918057947
2024-05-16,47945.8515625,48052.8984375,47340.3515625,47977.05078125,219900,49.709890704475534
2024-05-17,47842.94921875,48188.6484375,47758.80078125,48115.6484375,143800,51.46880203548491
2024-05-21,47927.1015625,48259.75,47927.1015625,48048.19921875,166800,50.54235088177795
2024-05-22,48113.8984375,48114.05078125,47435.25,47781.94921875,204900,46.94974881217405
2024-05-23,47899.3515625,48829.69921875,47873.1484375,48768.6015625,184500,58.67297278568499
2024-05-24,48668.0,49052.94921875,48644.80078125,48971.6484375,135000,60.60247549787595
2024-05-27,49105.8984375,49688.8515625,49051.25,49281.80078125,226500,63.412483756553605
2024-05-28,49390.8984375,49511.1484375,49043.6484375,49142.1484375,155200,61.29263536642511
2024-05-29,48786.69921875,49022.6015625,48401.55078125,48501.3515625,183600,52.603071479571575
2024-05-30,48313.6015625,49044.6015625,48313.6015625,48682.3515625,151000,54.56257596050788
2024-05-31,48895.1484375,49122.55078125,48569.05078125,48983.94921875,303600,57.70065430869774
2024-06-03,50889.8515625,51133.19921875,50092.6484375,50979.94921875,453200,71.65358591210463
2024-06-04,50667.05078125,50667.05078125,46077.8515625,46928.6015625,653100,41.6340435587179
2024-06-05,47486.6015625,49362.8984375,46446.80078125,49054.6015625,546800,52.807500263431336
2024-06-06,49426.3984375,49672.75,48906.75,49291.8984375,250400,53.8690343200386
2024-06-07,49316.94921875,49943.19921875,49080.44921875,49803.19921875,170300,56.157404737746496
2024-06-10,49808.1484375,50252.94921875,49622.75,49780.8984375,195800,56.026860300830116
2024-06-11,49751.19921875,49970.30078125,49530.44921875,49705.75,128500,55.558172282574404
2024-06-12,49857.44921875,50233.3984375,49697.3515625,49895.1015625,211700,56.54459927152339
2024-06-13,50179.0,50186.44921875,49799.6484375,49846.69921875,125700,56.20119887168118
2024-06-14,49993.94921875,50102.6015625,49693.3515625,50002.0,155000,57.101410484582054
2024-06-18,50194.3515625,50562.1484375,49900.19921875,50440.8984375,189200,59.62692185463114
2024-06-19,50607.8984375,51957.0,50441.75,51398.05078125,435300,64.53099596400367
2024-06-20,51712.8984375,51842.19921875,51281.5,51783.25,235900,66.30486431648211
2024-06-21,51927.30078125,51934.3515625,51224.94921875,51661.44921875,289400,65.1945824176929
2024-06-24,51280.25,51783.94921875,51138.8984375,51703.94921875,176600,65.41222010130444
2024-06-25,51759.44921875,52746.5,51747.6484375,52606.0,204000,69.73753984138197
2024-06-26,52653.19921875,52988.30078125,52373.69921875,52870.5,214300,70.88717300371373
2024-06-27,52980.30078125,53180.75,52639.0,52811.30078125,332900,70.24398317949837
2024-06-28,52874.94921875,53030.30078125,52242.30078125,52342.25,244600,65.19639772624308
2024-07-01,52351.1484375,52656.1484375,52166.05078125,52574.75,0,66.48209633852584
2024-07-02,52793.75,52828.44921875,51996.6484375,52168.1015625,0,62.15709244058862
2024-07-03,52872.30078125,53256.69921875,52482.6484375,53089.25,0,67.34020301412625
2024-07-04,53357.69921875,53357.69921875,52815.8984375,53103.69921875,163700,67.41559327129646
2024-07-05,52560.1015625,52817.8515625,52290.05078125,52660.3515625,199600,62.63784477517916
2024-07-08,52533.1015625,52710.80078125,52246.69921875,52425.80078125,158000,60.20683948546242
2024-07-09,52390.5,52626.6015625,52292.94921875,52568.80078125,145100,61.19565060357249
2024-07-10,52528.80078125,52528.80078125,52075.3984375,52189.30078125,228000,57.1378628630376
2024-07-11,52316.8984375,52400.30078125,51749.44921875,52270.6484375,138300,57.78405729130367
2024-07-12,52272.6484375,52794.55078125,52171.1484375,52278.8984375,171000,57.85345497158339
2024-07-15,52330.05078125,52662.25,52154.0,52455.8984375,186100,59.39566959288456
2024-07-16,52466.69921875,52619.05078125,52331.6015625,52396.80078125,158800,58.62433564500109
2024-07-18,52215.05078125,52782.75,52168.6484375,52620.69921875,139400,60.70631268914325
2024-07-19,52531.55078125,52586.75,52146.30078125,52265.6015625,134100,55.901913787544544
2024-07-22,52145.6015625,52427.0,51874.55078125,52280.3984375,175300,56.05797398922265
2024-07-23,52511.0,52547.55078125,51342.6484375,51778.30078125,207800,49.638571988385316
2024-07-24,51657.6484375,51944.6484375,50784.25,51317.0,292200,44.58679562677302
2024-07-25,50762.30078125,51006.1015625,50559.8984375,50888.75,188400,40.469168783627296
2024-07-26,50456.1015625,51398.6015625,50438.30078125,51295.94921875,215700,45.61238722129056
2024-07-29,51546.6484375,52340.25,51186.94921875,51406.25,513700,46.949412314585274
2024-07-30,51383.8984375,51957.75,51260.05078125,51499.30078125,235200,48.108358026620145
2024-07-31,51583.44921875,51663.1015625,51335.69921875,51553.3984375,219000,48.80854412536017
2024-08-01,51672.6015625,51877.1484375,51456.19921875,51564.0,156400,48.95390739622254
2024-08-02,51172.25,51608.69921875,51087.8515625,51350.1484375,163000,46.10960454716059
2024-08-05,50586.25,50747.55078125,49719.1015625,50092.1015625,257800,33.703560138040345
2024-08-06,50436.8984375,50688.80078125,49659.05078125,49748.30078125,162800,31.23060071134779
2024-08-07,50286.19921875,50292.44921875,49782.19921875,50119.0,171000,36.62975907433508
2024-08-08,50051.8984375,50440.75,49829.6015625,50156.69921875,124800,37.17000712513528
2024-08-09,50612.1015625,50707.75,50386.44921875,50484.5,120200,41.81496190870197
2024-08-12,50412.6015625,50830.69921875,50149.25,50577.94921875,163500,43.10626822467647
2024-08-13,50395.3515625,50559.25,49785.1015625,49831.8515625,148900,36.19882785586159
2024-08-14,49887.1484375,49959.25,49654.6484375,49727.30078125,137100,35.34413444078447
2024-08-16,50133.0,50603.3984375,49806.05078125,50516.8984375,130700,45.76006874294236
2024-08-19,50683.55078125,50728.25,50283.55078125,50368.3515625,115300,44.31372696162086
2024-08-20,50417.25,51025.6015625,50398.6015625,50803.1484375,144200,49.35909973326191
2024-08-21,50666.6484375,50772.44921875,50333.3515625,50685.55078125,180800,48.08999696373351
2024-08-22,50894.80078125,51080.0,50794.44921875,50985.69921875,133100,51.51645953492206
2024-08-23,51040.05078125,51117.8515625,50856.69921875,50933.44921875,88500,50.88675820038068
2024-08-26,51100.6484375,51317.8515625,51061.55078125,51148.1015625,100300,53.40645554267389
2024-08-27,51214.05078125,51404.69921875,50938.1015625,51278.75,111400,54.92233428850446
2024-08-28,51208.94921875,51260.75,51033.69921875,51143.8515625,128100,53.00480784614074
2024-08-29,51103.75,51368.94921875,50984.3984375,51152.75,143600,53.12107620055452
2024-08-30,51437.44921875,51466.55078125,51256.0,51351.0,478600,55.74787238728842
2024-09-02,51579.5,51579.5,51295.80078125,51439.55078125,150200,56.90931049657308
2024-09-03,51479.75,51750.1015625,51240.05078125,51689.1015625,127200,60.08846454170614
2024-09-04,51364.6484375,51503.55078125,51259.8984375,51400.25,159700,55.027765857226704
2024-09-05,51544.25,51636.75,51389.1484375,51473.05078125,129600,56.03283024704021
2024-09-06,51200.3984375,51380.05078125,50447.30078125,50576.8515625,186000,43.22586297569265
2024-09-09,50549.25,51192.75,50369.3984375,51117.80078125,172400,50.56985571261894
2024-09-10,51328.30078125,51366.0,50958.25,51272.30078125,119300,52.46126696903674
2024-09-11,51218.55078125,51420.1484375,50947.69921875,51010.0,145100,49.03105385611501
2024-09-12,51271.0,51878.1015625,51025.0,51772.3984375,127900,57.69045369337146
2024-09-13,51952.55078125,51994.1015625,51643.94921875,51938.05078125,152000,59.30812438843389
2024-09-16,52038.69921875,52208.69921875,51921.44921875,52153.1484375,93800,61.37332322593924
2024-09-17,52249.05078125,52284.6015625,52085.5,52188.6484375,111400,61.71864094959602
2024-09-18,52177.1015625,52954.19921875,52154.55078125,52750.3984375,205100,66.77963002856463
2024-09-19,52929.25,53353.30078125,52847.8984375,53037.6015625,164900,69.03370357751197
2024-09-20,53235.80078125,54066.1015625,53037.6015625,53793.19921875,271900,74.02685061876048
2024-09-23,53917.8984375,54197.94921875,53741.3984375,54105.80078125,163700,75.76771403963066
2024-09-24,54110.6484375,54247.69921875,53904.6484375,53968.6015625,192600,73.44109951922043
2024-09-25,53794.0,54141.30078125,53792.8515625,54101.6484375,184600,74.26633817401753
2024-09-26,54045.8515625,54467.3515625,54010.8984375,54375.3515625,170500,75.92370587892765
2024-09-27,54338.69921875,54338.69921875,53763.19921875,53834.30078125,217400,66.7691721336735
2024-09-30,53556.94921875,53726.3984375,52926.55078125,52978.1015625,179300,55.3878042243982
2024-10-01,52844.0,53235.25,52817.80078125,52922.6015625,240200,54.736478600151294
2024-10-03,52314.44921875,52582.94921875,51683.3984375,51845.19921875,272300,43.935378233606755
2024-10-04,51643.75,52358.3515625,51347.25,51462.05078125,255800,40.84835733025074
2024-10-07,51543.19921875,51784.80078125,50194.30078125,50478.8984375,328700,34.20672102674544
2024-10-08,50736.1015625,51176.05078125,50466.0,51021.0,153200,39.999657261883435
2024-10-09,51161.75,51707.1484375,50903.75,51007.0,310000,39.901946284683675
2024-10-10,51195.69921875,51659.44921875,51047.0,51530.8984375,123700,45.28803102430268
2024-10-11,51491.8984375,51560.0,51005.8515625,51172.30078125,109400,42.48157397163344
2024-10-14,51263.25,51893.0,51220.8515625,51816.8984375,126600,48.64248480395659
2024-10-15,51975.94921875,52022.05078125,51698.75,51906.0,101400,49.44851831983792
2024-10-16,51711.19921875,52031.6015625,51711.19921875,51801.05078125,94400,48.483312449567094
2024-10-17,51849.30078125,51930.19921875,51150.25,51288.80078125,107800,43.971741624577234
2024-10-18,51261.0,52199.44921875,51000.8984375,52094.19921875,139100,51.59801194080836
2024-10-21,52361.1015625,52577.5,51855.1484375,51962.69921875,145700,50.391960096528884
2024-10-22,52071.3515625,52257.30078125,51179.6015625,51257.1484375,203900,44.39593523092747
2024-10-23,51117.80078125,51551.55078125,51107.8984375,51239.0,208100,44.25008339048347
2024-10-24,51272.30078125,51781.55078125,51201.8515625,51531.1484375,171800,47.2541267868225
2024-10-25,51369.75,51501.05078125,50382.1015625,50787.44921875,271700,41.17215965262799
2024-10-28,51061.3515625,51589.1484375,51012.55078125,51259.30078125,447600,45.927418741632394
2024-10-29,51404.1015625,52354.8515625,51278.8984375,52320.69921875,374600,54.78186924172804
2024-10-30,51988.69921875,52220.0,51733.0,51807.5,247700,50.47781910767367
2024-10-31,51649.44921875,52005.6015625,51318.1015625,51475.3515625,319900,47.85711551598199
2024-11-01,51550.1484375,51825.5,51459.3984375,51673.8984375,51400,49.54347508980153
2024-11-04,51764.5,51764.5,51066.80078125,51215.25,320500,45.85424121760795
2024-11-05,51052.6015625,52289.55078125,50865.44921875,52207.25,245000,53.857506594709555
2024-11-06,52440.3984375,52493.94921875,52185.3984375,52317.3984375,219100,54.658900749832306
2024-11-07,52258.94921875,52377.25,51752.25,51916.5,160500,51.17516601965679
2024-11-08,51869.1484375,52007.1484375,51494.0,51561.19921875,157200,48.24060329039521
2024-11-11,51562.69921875,52177.69921875,51294.19921875,51876.75,160700,50.931780035625536
2024-11-12,52053.75,52169.05078125,51006.8515625,51157.80078125,131400,45.169293153000545
2024-11-13,51030.94921875,51353.5,49904.3984375,50088.3515625,207100,38.23869400439368
2024-11-14,50053.44921875,50561.80078125,49939.3515625,50179.55078125,133900,39.09688241382083
2024-11-18,50312.44921875,50445.80078125,50074.0,50363.80078125,161500,40.884076481738965
2024-11-19,50580.55078125,50983.5,50440.8515625,50626.5,185800,43.432856795870066
2024-11-21,50625.0,50652.1484375,49787.1015625,50372.8984375,254600,41.56956351824318
2024-11-22,50512.80078125,51271.5,50508.25,51135.3984375,183400,48.69620511013356
2024-11-25,52046.3515625,52331.1015625,51774.05078125,52207.5,458500,56.69406779624492
2024-11-26,52554.8984375,52555.5,51999.75,52191.5,113100,56.55237621472678
2024-11-27,52154.30078125,52444.3515625,52019.6484375,52301.80078125,151600,57.3438407644465
2024-11-28,52389.94921875,52760.19921875,51782.8984375,51906.8515625,172000,53.58012745894035
2024-11-29,51984.1484375,52170.8984375,51759.44921875,52055.6015625,139600,54.783842826714384
2024-12-02,52087.6484375,52197.25,51693.94921875,52109.0,102500,55.23262720176639
2024-12-03,52357.94921875,52780.8984375,52216.8515625,52695.75,173600,59.937921462735964
2024-12-04,52775.0,53387.1015625,52685.1484375,53266.8984375,228600,63.91391381608922
2024-12-05,53354.44921875,53888.30078125,52850.3515625,53603.55078125,155600,66.05254834184066
2024-12-06,53634.19921875,53868.5,53160.6484375,53509.5,209400,64.89543372536625
2024-12-09,53380.75,53775.1015625,53326.3984375,53407.75,121800,63.59740913714116
2024-12-10,53450.05078125,53624.05078125,53302.6484375,53577.69921875,121800,64.8616212231986
2024-12-11,53459.30078125,53648.05078125,53302.1484375,53391.3515625,101600,62.306506014735554
2024-12-12,53201.0,53537.44921875,53174.3984375,53216.44921875,99500,59.92059003357701
2024-12-13,53109.80078125,53654.0,52264.55078125,53583.80078125,139900,63.11535085983553
2024-12-16,53502.5,53738.8984375,53335.0,53581.3515625,85800,63.07924863968058
2024-12-17,53394.1015625,53515.69921875,52709.3984375,52834.80078125,116200,53.10750180258222
2024-12-18,52696.94921875,52827.6015625,52010.6484375,52139.55078125,149500,45.83984804886031
2024-12-19,51428.44921875,51789.8515625,51263.75,51575.69921875,145900,40.945921172033344
2024-12-20,51401.3515625,51629.0,50609.3515625,50759.19921875,228200,35.1017934679834
2024-12-23,51044.3984375,51417.3515625,51030.3984375,51317.6015625,110800,41.274961369399534
2024-12-24,51314.94921875,51382.1015625,51137.5,51233.0,112000,40.6441646426844
2024-12-26,51395.80078125,51740.0,50951.80078125,51170.69921875,91300,40.157456352607085
2024-12-27,51268.19921875,51628.44921875,51240.1015625,51311.30078125,78200,41.84985504452206
2024-12-30,51255.3515625,51979.75,50718.3515625,50952.75,316300,38.83374540735742
2024-12-31,50648.19921875,50945.55078125,50599.80078125,50860.19921875,105300,38.07103107990246
2025-01-01,50841.8984375,51321.94921875,50485.05078125,51060.6015625,81100,40.78312963429922
2025-01-02,51084.94921875,51672.75,50992.80078125,51605.55078125,134400,47.51429931651322
2025-01-03,51567.1484375,51671.6015625,50904.3515625,50988.80078125,148200,41.73256684448018
2025-01-06,50990.6484375,51026.1015625,49751.0,49922.0,184600,34.02104399006947
2025-01-07,50061.19921875,50447.6015625,49969.30078125,50202.1484375,103800,37.297751884451515
2025-01-08,50201.75,50246.8984375,49389.75,49835.05078125,131200,34.855020453672765
2025-01-09,49712.55078125,49798.1015625,49230.1484375,49503.5,136400,32.76768634413678
2025-01-10,49426.5,49483.1484375,48631.19921875,48734.1484375,142400,28.502234827293847
2025-01-13,48264.25,48606.3515625,47898.3515625,48041.25,168800,25.307087919361607
2025-01-14,48266.8984375,49007.3515625,48235.19921875,48729.1484375,151900,33.301185685712255
2025-01-15,48832.75,49083.6484375,48522.3984375,48751.69921875,145100,33.55225420911182
2025-01-16,49082.8984375,49459.0,49038.44921875,49278.69921875,146700,39.30240634179898
2025-01-17,48959.5,49047.19921875,48309.5,48540.6015625,130600,34.76480095840131
2025-01-20,48834.1484375,49650.6015625,48683.6015625,49350.80078125,173100,42.598922497799336
2025-01-21,49532.0,49543.1484375,48430.94921875,48570.8984375,134700,37.88281548953234
2025-01-22,48689.55078125,48781.75,48074.05078125,48724.3984375,151700,39.307032749619445
2025-01-23,48770.1484375,48892.69921875,48493.0,48589.0,124600,38.46918062725321
2025-01-24,48546.05078125,48858.6484375,48203.0,48367.80078125,139900,37.07866515985582
2025-01-27,47881.6484375,48319.19921875,47844.1484375,48064.6484375,271800,35.200746462664995
2025-01-28,48642.5,49247.1484375,48449.05078125,48866.8515625,299900,43.373699226369496
2025-01-29,48997.19921875,49199.6484375,48849.80078125,49165.94921875,177200,46.10321249431958
2025-01-30,49206.19921875,49426.19921875,49031.80078125,49311.94921875,197900,47.43515935848638
2025-01-31,49259.6484375,49674.80078125,49031.80078125,49587.19921875,232000,49.946566081675755
2025-02-01,49605.3515625,50008.5,48925.44921875,49520.94921875,0,49.33558853243697
2025-02-03,49074.80078125,49373.44921875,48906.05078125,49210.55078125,122900,46.46753297376313
2025-02-04,49538.80078125,50206.6015625,49482.5,50157.94921875,155700,55.05568682333882
2025-02-05,50402.30078125,50522.1484375,50215.44921875,50343.05078125,149000,56.523266107583225
2025-02-06,50468.3515625,50553.3515625,50149.80078125,50382.1015625,158400,56.843434185287805
2025-02-07,50484.44921875,50641.75,49871.1484375,50158.8515625,178700,54.378014345673336
2025-02-10,50052.5,50155.6484375,49703.1015625,49981.0,98400,52.42719046086909
2025-02-11,49812.1484375,49906.75,49177.3984375,49403.3984375,127000,46.58236423077122
2025-02-12,49402.25,49702.3515625,48734.3515625,49479.44921875,136500,47.41364567480164
2025-02-13,49469.3515625,49836.1015625,49276.1015625,49359.8515625,118600,46.19613510838755
2025-02-14,49485.6484375,49592.94921875,48719.75,49099.44921875,130600,43.572583548228124
2025-02-17,48880.3984375,49319.0,48525.6015625,49258.8984375,114800,45.609481855390236
2025-02-18,49211.8515625,49328.55078125,48814.94921875,49087.30078125,107800,43.77797524028005
2025-02-19,48895.3515625,49628.25,48804.0,49570.1015625,113300,49.87664079962599
2025-02-20,49314.1015625,49455.80078125,49150.94921875,49334.55078125,112000,47.187247906262236
2025-02-21,49127.94921875,49306.55078125,48764.0,48981.19921875,95300,43.40616961057779
2025-02-24,48619.80078125,48748.3984375,48281.8984375,48651.94921875,95700,40.17575325305859
2025-02-25,48691.19921875,48862.1484375,48534.1484375,48608.3515625,106700,39.753854420969745
2025-02-27,48732.19921875,48972.55078125,48627.1015625,48743.80078125,186700,41.79876599447072
2025-02-28,48437.55078125,48574.5,48078.69921875,48344.69921875,287700,37.734556187723555
2025-03-03,48478.6015625,48574.69921875,47841.30078125,48114.30078125,151000,35.5835450612454
2025-03-04,47942.5,48374.8984375,47924.75,48245.19921875,139300,37.754500857505015
2025-03-05,48241.30078125,48657.6484375,48190.25,48489.94921875,127800,41.710169239676894
2025-03-06,48760.0,48839.1015625,48299.3984375,48627.69921875,137400,43.87211210503144
2025-03-07,48463.80078125,48709.05078125,48359.3515625,48497.5,106000,42.27605889327225
2025-03-10,48312.0,48599.1484375,48124.6484375,48216.80078125,123800,38.98333494764198
2025-03-11,47874.80078125,48029.05078125,47702.8984375,47853.94921875,222400,35.169994300122355
2025-03-12,47894.3984375,48222.1484375,47844.94921875,48056.6484375,243300,38.77309719780346
2025-03-13,48219.1484375,48352.44921875,48006.1015625,48060.3984375,145900,38.8408186316982
2025-03-17,48219.55078125,48481.3515625,48196.1015625,48354.1484375,131300,44.060387131650025
2025-03-18,48792.8984375,49400.30078125,48629.44921875,49314.5,146600,56.98528323850556
2025-03-19,49375.3984375,49807.55078125,49324.80078125,49702.6015625,137600,60.915462903845665
2025-03-20,49947.6015625,50155.30078125,49771.6484375,50062.8515625,115700,64.18649941351129
2025-03-21,49927.1015625,50672.1484375,49891.94921875,50593.55078125,225500,68.38421944266963
2025-03-24,50982.69921875,51801.1484375,50795.8984375,51704.94921875,180400,74.99435992081447
2025-03-25,51874.19921875,52063.94921875,51429.6015625,51607.94921875,185200,73.54901899286929
2025-03-26,51640.05078125,51875.80078125,51069.1484375,51209.0,152900,67.76441099212701
2025-03-27,51084.69921875,51714.3515625,51050.8515625,51575.8515625,415800,70.09366912725986
2025-03-28,51608.3984375,51839.1015625,51335.3515625,51564.8515625,171200,69.93050088120063
2025-04-01,51178.1484375,51683.8515625,50742.0,50827.5,176300,59.86974001597309
2025-04-02,50966.8984375,51404.19921875,50908.3515625,51348.05078125,149900,63.826403036466424
2025-04-03,50910.0,51661.6015625,50906.6484375,51597.3515625,291200,65.57686520235899
2025-04-04,51711.6015625,51893.6015625,51360.3984375,51502.69921875,189600,64.30454874705643
2025-04-07,49336.1015625,50426.25,49156.94921875,49860.1015625,236800,47.19250064558821
2025-04-08,50388.55078125,50793.69921875,50030.80078125,50511.0,162300,52.57778729655726
2025-04-09,50487.1015625,50496.8984375,49910.8515625,50240.1484375,141800,50.27999257595377
2025-04-11,50634.1015625,51244.69921875,50634.1015625,51002.3515625,140000,56.094960901701775
2025-04-15,52299.0,52486.3515625,51863.30078125,52379.5,203800,64.23412393800427
2025-04-16,52690.8984375,53164.44921875,52471.3515625,53117.75,200500,67.69180880603565
2025-04-17,53153.75,54407.19921875,53084.8984375,54290.19921875,294900,72.27586394463249
2025-04-21,54891.25,55461.6484375,54674.94921875,55304.5,300,75.51279735720631
2025-04-22,55414.30078125,55961.19921875,55243.55078125,55647.19921875,276900,76.51067505783534
2025-04-23,56097.1015625,56098.69921875,55162.5,55370.05078125,245500,73.88828241921385
2025-04-24,55103.8984375,55550.44921875,55088.3984375,55201.3984375,233200,72.2650941844132
2025-04-25,55233.55078125,55350.55078125,54176.44921875,54664.05078125,210800,67.19975354428473
2025-04-28,54610.30078125,55577.3984375,54582.3515625,55432.80078125,178600,70.39669535338217
2025-04-29,55524.3515625,55957.75,55262.3984375,55391.25,193900,69.99956624405064
2025-04-30,55382.3984375,55478.25,54723.69921875,55087.1484375,193500,67.01963890946152
2025-05-02,55100.94921875,55691.94921875,54994.3984375,55115.3515625,154200,67.15927136430793
2025-05-05,55065.80078125,55345.5,54786.5,54919.5,139400,65.09810151002395
2025-05-06,54918.25,55036.94921875,54172.94921875,54271.3984375,198700,58.680106022676746
2025-05-07,54013.3984375,54684.30078125,53919.8984375,54610.8984375,268900,60.85713916901052
2025-05-08,54801.75,54937.25,54108.0,54365.6484375,302200,58.46092598267951
2025-05-09,53595.94921875,54054.80078125,53483.05078125,53595.25,179300,51.58922874043504
2025-05-12,54658.75,55466.30078125,54558.05078125,55382.8515625,199600,62.580273009372995
2025-05-13,55233.5,55499.6484375,54888.5,54940.8515625,190000,59.012655084548015
2025-05-14,55008.55078125,55208.6015625,54491.0,54801.30078125,145200,57.89052537488254
2025-05-15,54853.69921875,55490.55078125,54442.30078125,55355.6015625,138400,61.05800617929935
2025-05-16,55276.0,55418.8984375,55170.25,55354.8984375,136000,61.05173276606664
2025-05-19,55326.05078125,55695.55078125,55296.55078125,55420.69921875,138100,61.45090348349958
2025-05-20,55445.30078125,55568.3515625,54829.44921875,54877.3515625,143400,56.318150664637905
2025-05-21,55060.19921875,55336.8515625,54690.80078125,55075.1015625,119500,57.70285332452969
2025-05-22,54875.8984375,54996.1015625,54576.6015625,54941.30078125,148200,56.40009989975525
2025-05-23,54959.30078125,55441.30078125,54854.5,55398.25,88900,59.74283595120459
2025-05-26,55534.8984375,55875.75,55307.5,55572.0,90800,60.96823171724716
2025-05-27,55458.94921875,55831.3515625,55037.8515625,55352.80078125,145400,58.54699806153137
2025-05-28,55328.6015625,55521.80078125,55235.55078125,55417.0,128300,59.0598102963023
2025-05-29,55571.3984375,55782.75,55096.44921875,55546.05078125,185700,60.12761105905729
2025-05-30,55615.55078125,55813.30078125,55356.6015625,55749.69921875,281100,61.81993003264618
2025-06-02,55598.25,55966.30078125,55400.55078125,55903.3984375,211300,63.09311816544259
2025-06-03,56104.80078125,56161.3984375,55455.80078125,55599.94921875,212800,58.91589759713943
2025-06-04,55650.3515625,55791.0,55408.3515625,55676.8515625,151500,59.64508653618134
2025-06-05,55806.75,56010.1484375,55580.44921875,55760.8515625,141300,60.47038911477862
2025-06-06,55699.44921875,56695.0,55534.75,56578.3984375,347000,67.44807636461543
2025-06-09,57049.5,57049.5,56792.69921875,56839.6015625,207500,69.31191834993074
2025-06-10,56993.8984375,57015.3984375,56564.1484375,56629.1015625,146000,66.03068835973374
2025-06-11,56639.8515625,56782.5,56399.3984375,56459.75,135300,63.42909704848654
2025-06-12,56480.8984375,56611.05078125,55968.5,56082.55078125,135300,57.95225923785829
2025-06-13,55149.30078125,55688.0,55149.30078125,55527.3515625,142000,50.97533248838566
2025-06-16,55554.1015625,55999.8515625,55381.44921875,55944.8984375,107700,55.330875503978305
2025-06-17,55975.0,56067.30078125,55643.94921875,55714.1484375,106300,52.55218860677807
2025-06-18,55544.94921875,55933.6015625,55511.80078125,55828.75,116400,53.793299371970974
2025-06-19,55784.8515625,55942.44921875,55475.44921875,55577.44921875,131300,50.66376448493325
2025-06-20,55566.69921875,56328.19921875,55566.3984375,56252.8515625,161500,57.774013734438
2025-06-23,55832.3515625,56233.55078125,55779.25,56059.3515625,86800,55.31443685888819
2025-06-24,56529.44921875,56862.0,56276.1484375,56461.8984375,132900,59.205347627715916
2025-06-25,56564.5,56681.3984375,56420.6484375,56621.1484375,98700,60.66455096034247
2025-06-26,56693.55078125,57263.44921875,56558.3515625,57206.69921875,176500,65.54475249590718
2025-06-27,57234.69921875,57475.3984375,56993.8515625,57443.8984375,238000,67.3138462031807
2025-06-30,57529.94921875,57614.5,57193.80078125,57312.75,183000,65.31694812889404
2025-07-01,57375.80078125,57533.8515625,57150.3515625,57459.44921875,283300,66.51360396933232
2025-07-02,57558.19921875,57628.3984375,56833.80078125,56999.19921875,169600,59.56935136868774
2025-07-03,57050.3984375,57193.25,56764.1015625,56791.94921875,149900,56.69874338093063
2025-07-04,56825.25,57075.1015625,56623.6015625,57031.8984375,93900,59.153003713306916
2025-07-07,56938.69921875,57152.19921875,56838.55078125,56949.19921875,103300,57.93423264266584
2025-07-08,56942.55078125,57303.30078125,56923.05078125,57256.30078125,105500,61.13646565955156
2025-07-09,57199.75,57290.6484375,57037.8984375,57213.55078125,91100,60.44664673417173
2025-07-10,57339.75,57363.69921875,56886.6015625,56956.0,102000,56.32343757468142
2025-07-11,56843.44921875,57091.05078125,56607.75,56754.69921875,95500,53.265181574430564
2025-07-14,56780.75,56896.30078125,56594.25,56765.3515625,123000,53.409349236457594
2025-07-15,56709.19921875,57134.94921875,56707.80078125,57006.6484375,124600,56.67002030149813
2025-07-16,57111.25,57276.55078125,56937.6015625,57168.94921875,161300,58.760633988573076
2025-07-17,57231.94921875,57262.8515625,56780.1484375,56828.80078125,129800,52.99014082498455
2025-07-18,56524.25,56705.1484375,56204.8515625,56283.0,141200,45.302410734082535
2025-07-21,56558.8984375,56983.44921875,56255.69921875,56952.75,133700,54.10196032703598
2025-07-22,57253.3515625,57286.1484375,56692.0,56756.0,132800,51.48177235011204
2025-07-23,56918.1484375,57249.0,56715.80078125,57210.44921875,129800,56.698280538465625
2025-07-24,57316.6015625,57316.6015625,56850.8984375,57066.05078125,179800,54.68633777219062
2025-07-25,57170.69921875,57170.69921875,56439.3984375,56528.8984375,125100,47.87991708890602
2025-07-28,56215.1015625,56578.3984375,55997.44921875,56084.8984375,145700,43.10428787374549
2025-07-29,55881.80078125,56296.3984375,55843.25,56222.0,145100,44.93083067632036
2025-07-30,56310.1015625,56321.1484375,56064.55078125,56150.69921875,139700,44.1372480789806
2025-07-31,55728.1484375,56406.19921875,55547.3515625,55961.94921875,182800,42.02134861202506
2025-08-01,55897.1484375,56097.6015625,55562.1015625,55617.6015625,98900,38.40422281826878
2025-08-04,55557.5,55752.44921875,55437.30078125,55619.3515625,131100,38.4332273337774
2025-08-05,55545.05078125,55648.1484375,55202.8515625,55360.25,105700,35.74913828218352
2025-08-06,55329.80078125,55559.3984375,55227.69921875,55411.1484375,117600,36.68458408696843
2025-08-07,55215.6484375,55614.80078125,54973.55078125,55521.1484375,95500,38.75973485491384
2025-08-08,55609.3515625,55652.6015625,54905.6015625,55004.8984375,97300,33.25159741845465
2025-08-11,54999.3515625,55582.1484375,54927.55078125,55510.75,105200,41.95582657297387
2025-08-12,55441.1015625,55566.69921875,55001.5,55043.69921875,74700,37.14013555272682
2025-08-13,55340.05078125,55340.05078125,55026.94921875,55181.44921875,80100,39.351196717356075
2025-08-14,55102.55078125,55472.80078125,55074.30078125,55341.8515625,74200,41.913363133177036
2025-08-18,55940.6015625,56156.30078125,55647.6484375,55734.8984375,101700,47.73945531162243
2025-08-19,55622.30078125,55965.55078125,55608.1484375,55865.1484375,89300,49.54546226716038
2025-08-20,55751.5,55812.6015625,55577.3515625,55698.5,69100,47.2935295474599
2025-08-21,55972.05078125,55993.6484375,55708.19921875,55755.44921875,70300,48.160655600112705
2025-08-22,55669.25,55745.0,55102.6015625,55149.3984375,77100,40.520547056201025
2025-08-25,55147.75,55306.0,55048.3984375,55139.30078125,79900,40.40553476704334
2025-08-26,54999.05078125,55068.8984375,54396.1015625,54450.44921875,123800,33.43375244088543
2025-08-28,54256.0,54382.25,53768.44921875,53820.3515625,134300,28.57661260245547
2025-08-29,53660.3515625,54086.0,53606.44921875,53655.6484375,103900,27.45387617470648
2025-09-01,53658.1484375,54035.8515625,53658.1484375,54002.44921875,78000,33.38832428375633
2025-09-02,54038.25,54160.94921875,53578.0,53661.0,77500,30.72350578807712
2025-09-03,53630.75,54136.1484375,53561.75,54067.55078125,100100,37.15507010645721
2025-09-04,54379.6015625,54450.55078125,53971.8515625,54075.44921875,120000,37.27690432144845
2025-09-05,54308.05078125,54308.05078125,53719.55078125,54114.55078125,79900,37.91855469576749
2025-09-08,54215.3984375,54518.69921875,54067.1484375,54186.8984375,76300,39.1587333496411
2025-09-09,54330.55078125,54350.6484375,54079.44921875,54216.1015625,93800,39.68252088554602
2025-09-10,54554.75,54705.19921875,54400.0,54536.0,116900,45.243602339833615
2025-09-11,54413.05078125,54757.44921875,54402.3984375,54669.6015625,96900,47.42376867027267
2025-09-12,54781.55078125,54852.25,54580.3515625,54809.30078125,80100,49.679895037920296
2025-09-15,54884.05078125,55018.69921875,54807.5,54887.8515625,72000,50.954324788652016
2025-09-16,54778.3984375,55185.44921875,54777.75,55147.6015625,98700,55.01185858032942
2025-09-17,55158.3515625,55540.75,55146.55078125,55493.30078125,155300,59.78080385640627
2025-09-18,55797.1015625,55835.25,55490.8984375,55727.44921875,134300,62.66742496574769
2025-09-19,55647.94921875,55688.75,55355.30078125,55458.8515625,190000,57.56355455475147
2025-09-22,55429.30078125,55666.3515625,55215.6015625,55284.75,118600,54.46701590672013
2025-09-23,55248.69921875,55662.0,55159.0,55509.75,171200,57.6385151238575
2025-09-24,55387.1015625,55511.1015625,55040.44921875,55121.5,172000,51.03304669345481
2025-09-25,55061.6484375,55276.6484375,54903.30078125,54976.19921875,158400,48.77998210267377
2025-09-26,54797.8984375,54897.0,54310.94921875,54389.3515625,127700,40.9218471514332
2025-09-29,54460.3984375,54686.05078125,54226.6015625,54461.0,218300,42.14721960978733
2025-09-30,54705.5,54793.05078125,54502.94921875,54635.8515625,206900,45.13784193461252
2025-10-01,54653.8984375,55406.75,54582.55078125,55347.94921875,173000,55.27740141738942
2025-10-03,55182.6015625,55616.44921875,55177.0,55589.25,156900,58.10313725290119
2025-10-06,55834.69921875,56164.19921875,55727.25,56104.8515625,162600,63.42142137268403
2025-10-07,56126.3984375,56502.44921875,56025.05078125,56239.3515625,153700,64.68090448064679
2025-10-08,56098.5,56303.6015625,55821.0,56018.25,133600,60.964711527783855
2025-10-09,55979.0,56286.25,55843.8984375,56192.05078125,118000,62.77521342207871
2025-10-10,56168.6015625,56760.25,56152.44921875,56609.75,163000,66.76487065811254
2025-10-13,56337.05078125,56770.8984375,56327.3984375,56625.0,123500,66.90433569181593
2025-10-14,56598.6484375,56721.30078125,56230.1484375,56496.44921875,129800,64.44920242977835
2025-10-15,56528.94921875,56922.69921875,56491.8515625,56799.8984375,123700,67.48262090899685
2025-10-16,57139.94921875,57525.80078125,56994.69921875,57422.55078125,148600,72.64114221305874
2025-10-17,57362.8984375,57830.19921875,57238.6484375,57713.3515625,147200,74.66277972141897
2025-10-20,57872.8515625,58261.55078125,57872.8515625,58033.19921875,341700,76.70196594120765
2025-10-21,58063.3984375,58155.55078125,57887.19921875,58007.19921875,39000,76.16534183918505
2025-10-23,58314.55078125,58577.5,57951.44921875,58078.05078125,291600,76.64486201457197
2025-10-24,58172.75,58232.8984375,57482.05078125,57699.6015625,132100,68.69489568362984
2025-10-27,57796.44921875,58224.55078125,57652.75,58114.25,153000,72.10848626277198
2025-10-28,58006.55078125,58313.80078125,57770.3515625,58214.1015625,256100,72.87552471670074
2025-10-29,58316.25,58469.8984375,58087.05078125,58385.25,151800,74.18592614252677
2025-10-30,58152.05078125,58331.19921875,57999.19921875,58031.1015625,223000,66.97557317602602
2025-10-31,57942.44921875,58254.94921875,57656.94921875,57776.3515625,307900,62.285943033155675
2025-11-03,57726.8515625,58247.55078125,57718.3984375,58101.44921875,27800,65.59655594008208
2025-11-04,57966.6484375,58119.6484375,57732.94921875,57827.05078125,168600,60.749269439568245
2025-11-06,57714.80078125,57945.05078125,57521.0,57554.25,170400,56.29538348255221
2025-11-07,57391.3984375,58001.3515625,57157.8515625,57876.80078125,142400,60.027038835377006
2025-11-10,57846.19921875,58097.19921875,57846.19921875,57937.55078125,123400,60.70752063487877
2025-11-11,57962.30078125,58187.3515625,57594.25,58138.1484375,119600,62.95036131588568
2025-11-12,58505.3515625,58507.69921875,58171.8515625,58274.6484375,149300,64.43789869012028
2025-11-13,58158.75,58615.94921875,58127.1015625,58381.94921875,121200,65.6068873738952
2025-11-14,58050.0,58590.1484375,58050.0,58517.55078125,114800,67.07965348793331
2025-11-17,58696.30078125,59001.55078125,58605.30078125,58962.69921875,157500,71.40808359859723
2025-11-18,58990.5,59103.6484375,58798.8984375,58899.25,145500,69.9954104661757
2025-11-19,58908.1484375,59264.25,58688.55078125,59216.05078125,149800,72.88026787075748
2025-11-20,59308.19921875,59440.1015625,59125.25,59347.69921875,120000,73.99903642918682
2025-11-21,59116.69921875,59232.1484375,58823.6484375,58867.69921875,121400,63.68349640993093
2025-11-24,58996.8984375,59309.8984375,58649.5,58835.3515625,190400,63.04566282386432
2025-11-25,58925.6484375,59166.1484375,58746.19921875,58820.30078125,137400,62.73084267944219
2025-11-26,58783.05078125,59554.94921875,58783.05078125,59528.05078125,140200,70.25318770957635
2025-11-27,59605.30078125,59866.6015625,59523.0,59737.30078125,137800,72.04942883455217
2025-11-28,59758.69921875,59897.5,59598.94921875,59752.69921875,100000,72.18254703442796
2025-12-01,60102.05078125,60114.30078125,59527.6015625,59681.3515625,122300,70.50696193029762
2025-12-02,59354.19921875,59656.55078125,59251.94921875,59273.80078125,207100,61.69680463437374
2025-12-03,59158.69921875,59414.8984375,58925.69921875,59348.25,166400,62.615778374144924
2025-12-04,59287.1015625,59548.69921875,59062.1484375,59288.69921875,109600,61.34789369458142
2025-12-05,59133.19921875,59806.6015625,59106.55078125,59777.19921875,119500,67.2128115686289
2025-12-08,59672.05078125,59713.1484375,59030.6015625,59238.55078125,131200,56.95116801579558
2025-12-09,58918.8515625,59358.25,58878.44921875,59222.3515625,137800,56.670948298069305
2025-12-10,59281.55078125,59440.8984375,58853.8984375,58960.3984375,105200,52.198282330445764
2025-12-11,58966.19921875,59423.3515625,58799.8984375,59209.8515625,96900,55.77758549566715
2025-12-12,59401.5,59545.69921875,59224.8515625,59389.94921875,107700,58.21049526166475
2025-12-15,59053.69921875,59533.0,59052.30078125,59461.80078125,125200,59.17547355800603
2025-12-16,59288.75,59335.25,58966.3515625,59034.6015625,123300,51.553194887335074
2025-12-17,59072.80078125,59127.19921875,58801.3984375,58926.75,132700,49.8088580971589
2025-12-18,58712.69921875,59211.0,58712.69921875,58912.8515625,97400,49.576064503540344
2025-12-19,59047.3984375,59140.55078125,58897.5,59069.19921875,179100,52.278107040839316
2025-12-22,59224.75,59371.19921875,59155.5,59304.0,114800,56.08411690178626
2025-12-23,59334.3515625,59402.3515625,59216.75,59299.55078125,91800,55.99298828100541
2025-12-24,59322.94921875,59478.1484375,59118.25,59183.6015625,82500,53.550958739372824
2025-12-26,59092.8515625,59180.6484375,58947.05078125,59011.3515625,72900,50.058200031676606
2025-12-29,59007.05078125,59140.3984375,58809.55078125,58932.3515625,106900,48.49591930879085
2025-12-30,58885.94921875,59272.69921875,58737.6015625,59171.25,295700,53.24771329438239
2025-12-31,59194.6015625,59766.19921875,59187.1015625,59581.8515625,122600,60.06701238814178
2026-01-01,59674.80078125,59743.19921875,59569.6484375,59711.55078125,71800,61.954738158366496
2026-01-02,59757.3984375,60203.75,59738.25,60150.94921875,250400,67.55117830858153
2026-01-05,60360.3984375,60437.3515625,59859.80078125,60044.19921875,318500,65.04773631684975
2026-01-06,59957.80078125,60305.0,59844.80078125,60118.3984375,295400,65.99117221839796
2026-01-07,60039.69921875,60065.3984375,59760.6484375,59990.8515625,376300,62.850648847398105
2026-01-08,59893.1484375,60112.8515625,59564.80078125,59686.5,312900,56.001926631569376
2026-01-09,59558.1484375,59739.6484375,59154.19921875,59251.55078125,272500,47.95894447864216
2026-01-12,59217.25,59541.1015625,58864.19921875,59450.5,262400,51.39738960921295
2026-01-13,59767.55078125,59767.55078125,59312.05078125,59578.80078125,224200,53.52976009415979
2026-01-14,59330.3515625,59796.6484375,59324.19921875,59580.1484375,341500,53.55281147842914
2026-01-16,59590.3515625,60235.1484375,59510.5,60095.1484375,478100,61.427188029862336
2026-01-19,60093.30078125,60107.5,59594.6015625,59891.3515625,492900,57.28817574433985
2026-01-20,59851.3984375,59993.5,59283.94921875,59404.19921875,396100,48.82006725563223
2026-01-21,59142.0,59447.3515625,58278.6015625,58800.30078125,331700,40.77392459157443
2026-01-22,59194.25,59573.1015625,58823.05078125,59200.1015625,300700,47.00147888174626
2026-01-23,59305.1484375,59400.1484375,58346.25,58473.1015625,323400,38.97590294994948
2026-01-27,58366.05078125,59436.80078125,58121.6015625,59205.44921875,388800,48.51325270490627
2026-01-28,59575.6484375,59699.8984375,59240.1015625,59598.80078125,289300,52.78183555091843
2026-01-29,59416.25,60060.69921875,59339.0,59957.8515625,617400,56.34004283139363
2026-01-30,59542.25,59906.8984375,59501.80078125,59610.44921875,317800,52.238262323436004
2026-02-02,58239.30078125,58687.05078125,57829.8515625,58619.0,282500,42.686775006789574
2026-02-03,61411.19921875,61764.8515625,59793.19921875,60041.30078125,368300,55.31063393238931
2026-02-04,60163.3515625,60389.3984375,59891.75,60238.1484375,255600,56.73111823993064
2026-02-05,60315.3515625,60328.30078125,59881.05078125,60063.6484375,200,55.06033181900179
2026-02-06,59967.1015625,60149.8984375,59644.55078125,60120.55078125,204800,55.520355624296144
2026-02-09,60805.19921875,60876.19921875,60495.69921875,60669.3515625,263400,59.79499795938979
2026-02-10,60740.80078125,60797.55078125,60531.55078125,60626.3984375,215900,59.314530146460164
2026-02-11,60670.25,60779.94921875,60444.6484375,60745.3515625,235100,60.26671161818099
2026-02-12,60786.1484375,60864.3984375,60597.6484375,60739.75,267000,60.195268441048555
2026-02-13,60504.3984375,60621.8984375,60073.55078125,60186.6484375,236600,53.45672550982904
2026-02-16,59947.80078125,61011.30078125,59861.1015625,60949.1015625,168600,60.08934975937733
2026-02-17,60821.1484375,61241.6015625,60560.0,61174.0,264000,61.817763827529795
2026-02-18,61255.3515625,61596.8515625,61100.8984375,61550.80078125,218100,64.58505938965656
2026-02-19,61660.8515625,61678.80078125,60592.8984375,60739.55078125,190600,55.293367029476386
2026-02-20,60627.8515625,61360.5,60562.3515625,61172.0,219800,58.70400617000986
2026-02-23,61145.55078125,61517.80078125,61029.1484375,61264.25,841900,59.415288811562085
2026-02-24,61392.1015625,61435.6484375,60801.8515625,61047.30078125,587700,56.93178140209642
2026-02-25,61175.05078125,61317.55078125,60816.75,61043.3515625,321600,56.88516872126866
2026-02-26,61193.8984375,61284.75,60813.30078125,61187.69921875,602700,58.23128823130058
2026-02-27,61057.44921875,61086.44921875,60438.94921875,60529.0,369200,50.48518972513643
2026-03-02,59204.30078125,60177.5,59148.0,59839.6484375,387100,43.90314869118276
2026-03-04,58447.1484375,59058.3984375,58393.55078125,58755.25,363100,35.96065335286207
2026-03-05,59008.25,59274.3515625,58506.3984375,59055.8515625,273500,39.24199778562512
2026-03-06,58629.6015625,58807.1484375,57696.3984375,57783.25,256900,31.810708460572457
2026-03-09,56121.3984375,56274.1484375,55270.6015625,56019.80078125,374100,24.801786616917113
2026-03-10,56583.8515625,57097.05078125,56387.19921875,56950.80078125,346800,33.1732198620312
2026-03-11,56790.3984375,56938.3984375,55631.94921875,55735.75,261000,28.684978031436017
2026-03-12,55008.19921875,55636.94921875,54760.55078125,55100.94921875,311300,26.655852543134856
2026-03-13,54592.05078125,54713.75,53675.69921875,53757.8515625,327500,22.95584587428195
2026-03-16,53721.5,54664.1484375,53258.1484375,54413.3984375,390200,28.194823314392835
2026-03-17,54649.1015625,54996.0,54113.1484375,54876.0,277100,31.723146533286624
2026-03-18,54927.05078125,55554.1484375,54689.1015625,55326.05078125,223200,35.066047819407444
2026-03-19,53474.55078125,54150.30078125,53240.6015625,53451.0,395300,28.750254079714196
2026-03-20,53548.19921875,54382.44921875,53297.55078125,53427.05078125,403500,28.679202916129626
2026-03-23,52576.1015625,52665.30078125,51323.6015625,51437.75,397300,23.487007986511784
2026-03-24,52384.80078125,52949.1484375,51827.5,52605.6484375,340600,31.345548904232047
2026-03-25,53024.75,54146.1484375,53024.75,53708.1015625,348600,37.83614265799479
2026-03-27,53244.25,53292.5,52211.19921875,52274.6015625,653000,33.412797629655486
2026-03-30,51527.8984375,51624.5,50105.25,50275.3515625,564900,28.422168836940358
2026-04-01,51433.8984375,52025.8515625,51133.55078125,51448.6484375,370100,34.59622708135038
2026-04-02,50625.6484375,51731.94921875,49954.8515625,51548.75,339200,35.11048893976172
2026-04-06,51747.6015625,52704.55078125,51111.1015625,52609.1015625,355000,40.45175472144553
2026-04-07,52258.69921875,52778.19921875,51868.44921875,52716.25,279700,40.980426827449975
2026-04-08,54904.44921875,55778.25,54797.5,55703.8984375,443600,53.402822819714345
2026-04-09,55505.94921875,55583.1015625,54626.8515625,54821.69921875,298800,50.0527148519638
2026-04-10,55182.25,55978.5,55145.25,55912.75,281000,53.90412386858961
2026-04-13,54646.0,55752.6484375,54356.19921875,55605.05078125,303600,52.67061505332422
2026-04-15,56343.44921875,56786.25,56109.19921875,56301.94921875,268000,55.17263767456873
2026-04-16,56657.25,56834.25,55898.25,56086.3984375,402200,54.21793500363237
2026-04-17,56072.3984375,56628.69921875,55841.6484375,56565.69921875,290600,56.039522395474805
2026-04-20,56704.05078125,57085.1015625,56356.55078125,56582.3515625,596100,56.10486898064898
2026-04-21,56823.6015625,57456.30078125,56696.30078125,57371.44921875,281400,59.19987871299642
2026-04-22,57163.3515625,57438.19921875,57002.1484375,57124.44921875,261900,57.825470543424686
2026-04-23,56608.94921875,56868.69921875,56217.1484375,56305.0,336300,53.39636170106595
2026-04-24,56170.19921875,56460.5,55750.3984375,56089.75,241200,52.263947812995795
2026-04-27,56162.6015625,56474.94921875,55911.1015625,56264.30078125,235500,53.131975326011364
2026-04-28,55862.5,56138.05078125,55263.75,55400.3515625,292600,48.43717723086307
2026-04-29,55634.5,56178.75,55290.5,55403.6015625,313100,48.45562832121372
2026-04-30,54880.6484375,55111.6015625,54440.25,54863.3515625,299000,45.53847073150387
2026-05-04,54937.8984375,55602.30078125,54723.5,54878.5,282600,45.63729746651211
2026-05-05,54691.30078125,54888.55078125,54221.6484375,54547.05078125,379800,43.76594840725272
2026-05-06,55113.3984375,56078.80078125,54587.19921875,55981.05078125,653300,52.786235304894014
2026-05-07,56114.0,56334.1484375,55783.19921875,56047.3984375,463500,53.160598744324716
2026-05-08,55783.94921875,55797.69921875,55062.5,55310.55078125,429500,48.55587688060396
2026-05-11,54832.44921875,55002.44921875,54360.69921875,54439.8984375,486800,43.73531613788018
2026-05-12,54178.3984375,54365.44921875,53457.5,53555.19921875,364400,39.44950641667761
2026-05-13,53600.3984375,54103.8984375,53194.25,53456.1484375,305900,38.98883861414617
2026-05-14,53639.5,54393.75,53191.6015625,54128.94921875,311800,43.790273286612354
2026-05-15,54207.75,54325.44921875,53628.30078125,53710.3515625,315100,41.59687535477815
2026-05-18,53282.1484375,53667.55078125,52783.44921875,53537.0,311800,40.68796429642845
2026-05-19,53553.75,53770.6484375,53337.05078125,53409.1484375,267800,39.99387220517192
2026-05-20,53015.69921875,53640.8984375,52836.1015625,53562.19921875,221400,41.285131384227235
2026-05-21,53963.1015625,54109.1484375,53156.1484375,53439.3984375,285500,40.531496963926905
2026-05-22,53483.8515625,54213.05078125,53483.55078125,54055.3515625,229300,45.869069204826616
2026-05-25,54610.55078125,55405.19921875,54590.69921875,55293.6484375,262400,54.67637702031831
2026-05-26,55311.80078125,55536.80078125,54979.75,55092.8984375,321300,53.16612931711052
2026-05-27,54992.94921875,55221.69921875,54738.6015625,54853.8515625,268100,51.347355328683506
2026-05-29,54748.30078125,55184.44921875,54116.1484375,54239.19921875,1042600,46.90424595314118
2026-06-01,54403.8515625,54582.75,53470.0,53643.1015625,322900,43.01667508367122
2026-06-02,53265.1015625,53933.55078125,53121.8515625,53714.6484375,0,43.62068475999857
