Date,Open,High,Low,Close,Volume,RSI_14
2010-01-22,1089.199951171875,1095.4000244140625,1083.0,1089.199951171875,58,33.02626299148494
2010-01-25,1095.199951171875,1095.199951171875,1095.199951171875,1095.199951171875,8,36.944392465425544
2010-01-26,1097.9000244140625,1097.9000244140625,1097.9000244140625,1097.9000244140625,4,38.68285429283881
2010-01-27,1084.4000244140625,1084.4000244140625,1084.4000244140625,1084.4000244140625,206694,33.68262137448002
2010-01-28,1087.800048828125,1095.699951171875,1073.199951171875,1083.5999755859375,101168,33.407022839086
2010-01-29,1085.0,1090.800048828125,1074.5,1083.0,11456,33.187717013349584
2010-02-01,1081.0,1107.300048828125,1076.800048828125,1104.300048828125,2452,46.59216840254901
2010-02-02,1117.4000244140625,1118.5,1100.199951171875,1117.4000244140625,3326,52.856683171007596
2010-02-03,1115.800048828125,1124.9000244140625,1108.5999755859375,1111.4000244140625,853,49.96586139074171
2010-02-04,1110.0,1110.699951171875,1059.0,1062.4000244140625,1426,33.737773722576975
2010-02-05,1052.199951171875,1068.5,1045.199951171875,1052.199951171875,1956,31.448067212425315
2010-02-08,1065.699951171875,1073.4000244140625,1061.5999755859375,1065.699951171875,549,37.49446906908037
2010-02-09,1076.699951171875,1082.0,1063.0999755859375,1076.699951171875,387,41.9846498025555
2010-02-10,1075.800048828125,1081.0999755859375,1063.300048828125,1075.800048828125,640,41.72060153871449
2010-02-11,1076.800048828125,1097.0999755859375,1075.5999755859375,1094.199951171875,1491,48.80961778931569
2010-02-12,1089.5,1092.0,1079.800048828125,1089.5,197,47.22929822990148
2010-02-16,1119.300048828125,1120.4000244140625,1092.4000244140625,1119.300048828125,928,56.78355412699571
2010-02-17,1119.5,1127.0,1108.5,1119.5,1083,56.84001881172415
2010-02-18,1118.0,1123.699951171875,1100.800048828125,1118.0,989,56.246309472294996
2010-02-19,1121.300048828125,1126.199951171875,1099.699951171875,1121.300048828125,137,57.30295964841674
2010-02-22,1112.5999755859375,1127.4000244140625,1110.0,1112.5999755859375,124,53.62607681217678
2010-02-23,1116.4000244140625,1118.300048828125,1102.5999755859375,1102.699951171875,152,49.71673722477996
2010-02-24,1096.5,1096.5,1096.5,1096.5,751,47.38691647959775
2010-02-25,1107.800048828125,1108.199951171875,1088.699951171875,1107.800048828125,386,51.818668212225674
2010-02-26,1106.800048828125,1118.300048828125,1106.800048828125,1118.300048828125,382,55.564159007381875
2010-03-01,1119.300048828125,1121.9000244140625,1113.5999755859375,1117.800048828125,184,55.3435302186449
2010-03-02,1136.9000244140625,1137.4000244140625,1115.699951171875,1136.9000244140625,155,61.61384742316014
2010-03-03,1142.699951171875,1145.0,1133.699951171875,1142.699951171875,170,63.299067421159556
2010-03-04,1132.5999755859375,1139.0,1128.5999755859375,1132.5999755859375,118,58.48400806274982
2010-03-05,1134.800048828125,1134.800048828125,1134.800048828125,1134.800048828125,129,59.21185455183216
2010-03-08,1123.5999755859375,1123.5999755859375,1123.5999755859375,1123.5999755859375,17,54.01972905477606
2010-03-09,1122.0,1124.0,1113.0999755859375,1122.0,27,53.300699727696994
2010-03-10,1107.800048828125,1127.0999755859375,1106.9000244140625,1107.800048828125,21,47.285127498668096
2010-03-11,1108.0,1108.0,1108.0,1108.0,46,47.37519255835511
2010-03-12,1101.5,1117.4000244140625,1099.9000244140625,1101.5,135,44.701454131087296
2010-03-15,1105.0999755859375,1107.0999755859375,1101.4000244140625,1105.0999755859375,21,46.50228948552853
2010-03-16,1122.199951171875,1127.0,1114.5,1122.199951171875,66,54.14168519617399
2010-03-17,1124.0,1131.4000244140625,1118.0,1124.0,29,54.87222057500932
2010-03-18,1127.4000244140625,1127.800048828125,1121.0999755859375,1127.4000244140625,86,56.28866539790976
2010-03-19,1107.4000244140625,1107.4000244140625,1107.4000244140625,1107.4000244140625,54,46.9528850721737
2010-03-22,1099.300048828125,1099.300048828125,1099.300048828125,1099.300048828125,71,43.7855168818169
2010-03-23,1103.5,1103.5,1103.5,1103.5,16,45.826178313730274
2010-03-24,1088.5999755859375,1092.4000244140625,1085.5,1088.5999755859375,9,40.24459154245713
2010-03-25,1092.699951171875,1092.699951171875,1086.699951171875,1092.699951171875,8,42.326211737962915
2010-03-26,1104.199951171875,1104.199951171875,1104.199951171875,1104.199951171875,5,47.81722733683031
2010-03-29,1110.300048828125,1110.300048828125,1110.300048828125,1110.300048828125,158733,50.50891582572714
2010-03-30,1109.699951171875,1112.9000244140625,1101.0999755859375,1104.5,56533,47.975000049431806
2010-03-31,1103.0999755859375,1118.699951171875,1102.0,1113.300048828125,5950,51.91647308734882
2010-04-01,1125.0999755859375,1127.699951171875,1111.300048828125,1125.0999755859375,2696,56.658158569025346
2010-04-05,1122.300048828125,1133.300048828125,1119.9000244140625,1132.9000244140625,567,59.501188302143184
2010-04-06,1130.800048828125,1138.5,1122.699951171875,1135.0999755859375,2490,60.29232031125327
2010-04-07,1152.300048828125,1153.0,1132.5999755859375,1152.300048828125,1342,65.90088486686298
2010-04-08,1152.199951171875,1152.300048828125,1144.0,1152.199951171875,254,65.84259910532572
2010-04-09,1161.0999755859375,1164.800048828125,1150.5,1161.0999755859375,505,68.50947668117388
2010-04-12,1161.5999755859375,1169.0,1154.5999755859375,1161.5999755859375,483,68.6575289224288
2010-04-13,1152.800048828125,1157.0,1145.0,1152.800048828125,278,63.0400031801209
2010-04-14,1159.0,1160.5999755859375,1151.199951171875,1159.0,162,65.20036028460859
2010-04-15,1157.5,1159.800048828125,1151.0,1159.699951171875,179,65.44591999577256
2010-04-16,1136.300048828125,1160.0,1130.4000244140625,1136.300048828125,483,52.18779042023433
2010-04-19,1135.199951171875,1137.0999755859375,1124.0,1135.199951171875,145,51.6579576791589
2010-04-20,1138.5999755859375,1145.800048828125,1136.0,1138.5999755859375,80,53.23810459582389
2010-04-21,1148.199951171875,1150.0,1138.4000244140625,1148.199951171875,68,57.465621400741284
2010-04-22,1142.300048828125,1144.0,1133.5999755859375,1142.300048828125,213,54.22130938097373
2010-04-23,1153.0999755859375,1153.0999755859375,1153.0999755859375,1153.0999755859375,40,58.805991537256894
2010-04-26,1160.0999755859375,1160.0999755859375,1151.4000244140625,1153.5,108,58.969899035828185
2010-04-27,1152.800048828125,1170.699951171875,1148.5999755859375,1161.699951171875,213,62.282836547777904
2010-04-28,1171.300048828125,1171.300048828125,1171.300048828125,1171.300048828125,299,65.76777312304563
2010-04-29,1168.4000244140625,1171.199951171875,1164.0,1168.4000244140625,166,63.848583838210516
2010-04-30,1180.0999755859375,1181.300048828125,1170.0,1180.0999755859375,146,67.91634619717547
2010-05-03,1178.5999755859375,1187.5,1177.300048828125,1182.699951171875,90,68.75763303037638
2010-05-04,1168.5999755859375,1191.800048828125,1168.300048828125,1168.5999755859375,94,59.62634151482368
2010-05-05,1174.5999755859375,1177.199951171875,1159.199951171875,1174.5999755859375,98,61.942504253647435
2010-05-06,1196.9000244140625,1210.5999755859375,1175.9000244140625,1196.9000244140625,79,69.04939122214674
2010-05-07,1210.0,1210.800048828125,1194.5999755859375,1210.0,112,72.31950193704341
2010-05-10,1200.4000244140625,1203.800048828125,1189.199951171875,1200.4000244140625,118,66.75340210881785
2010-05-11,1219.9000244140625,1233.5,1201.5,1219.9000244140625,201,71.54427252050118
2010-05-12,1242.699951171875,1246.5,1227.0999755859375,1242.699951171875,213,75.91452009966588
2010-05-13,1235.300048828125,1240.0,1228.699951171875,1228.800048828125,37,68.96102669368784
2010-05-14,1227.4000244140625,1227.4000244140625,1227.4000244140625,1227.4000244140625,99,68.28260949475384
2010-05-17,1233.300048828125,1235.9000244140625,1225.199951171875,1227.699951171875,49,68.35443361099512
2010-05-18,1214.300048828125,1216.0999755859375,1208.199951171875,1214.300048828125,73,61.63864484774373
2010-05-19,1192.5999755859375,1192.5999755859375,1192.5999755859375,1192.5999755859375,75,52.622053623097955
2010-05-20,1187.800048828125,1191.800048828125,1179.4000244140625,1187.800048828125,297,50.85015183176852
2010-05-21,1175.699951171875,1175.699951171875,1175.699951171875,1175.699951171875,177,46.59109243996831
2010-05-24,1193.800048828125,1193.800048828125,1193.800048828125,1193.800048828125,14,52.94065809045539
2010-05-25,1197.800048828125,1200.0,1195.5999755859375,1197.800048828125,9,54.2355175531648
2010-05-26,1213.300048828125,1213.300048828125,1213.300048828125,1213.300048828125,237497,58.94914625091909
2010-05-27,1211.699951171875,1218.5,1205.4000244140625,1211.9000244140625,109434,58.36440534890982
2010-05-28,1210.4000244140625,1214.800048828125,1201.0999755859375,1212.199951171875,12895,58.459470702237496
2010-06-01,1224.800048828125,1228.199951171875,1209.300048828125,1224.800048828125,4547,62.34884045393201
2010-06-02,1220.5999755859375,1225.800048828125,1213.199951171875,1220.5999755859375,2799,60.32140836820723
2010-06-03,1208.300048828125,1224.0,1201.0,1208.300048828125,1552,54.710666547224996
2010-06-04,1207.5999755859375,1220.4000244140625,1196.9000244140625,1216.199951171875,1070,57.44826629646455
2010-06-07,1239.300048828125,1244.699951171875,1211.0,1239.300048828125,859,64.25272708781286
2010-06-08,1241.5,1252.0999755859375,1234.0999755859375,1244.0,763,65.46284376240219
2010-06-09,1237.0,1238.199951171875,1222.0,1228.5,446,58.43704636787302
2010-06-10,1232.800048828125,1233.5,1215.0999755859375,1220.800048828125,488,55.263947432429504
2010-06-11,1228.9000244140625,1229.5999755859375,1218.0,1228.9000244140625,481,57.856380827979116
2010-06-14,1223.199951171875,1232.699951171875,1217.699951171875,1223.300048828125,989,55.463377158203784
2010-06-15,1222.5999755859375,1236.0,1222.4000244140625,1233.199951171875,251,58.714400981831176
2010-06-16,1229.300048828125,1229.300048828125,1229.300048828125,1229.300048828125,318,56.95076111437475
2010-06-17,1233.9000244140625,1251.0999755859375,1233.9000244140625,1247.5,266,62.59715402833999
2010-06-18,1247.699951171875,1261.5,1242.9000244140625,1257.199951171875,130,65.21577117060903
2010-06-21,1257.4000244140625,1264.800048828125,1232.0,1239.699951171875,219,57.406957309143564
2010-06-22,1239.9000244140625,1242.800048828125,1232.0999755859375,1239.9000244140625,172,57.46965722588008
2010-06-23,1233.9000244140625,1245.0999755859375,1226.9000244140625,1234.0999755859375,100,54.94454767745092
2010-06-24,1236.4000244140625,1248.0999755859375,1230.699951171875,1245.5,253,58.778318402850694
2010-06-25,1246.699951171875,1256.9000244140625,1243.699951171875,1255.800048828125,159,61.930251402064904
2010-06-28,1238.199951171875,1238.199951171875,1238.199951171875,1238.199951171875,351,54.291172880324275
2010-06-29,1242.0,1245.0,1228.5,1242.0,417,55.56560350767965
2010-06-30,1245.5,1246.199951171875,1236.699951171875,1245.5,73,56.76138398225987
2010-07-01,1206.300048828125,1242.4000244140625,1204.5,1206.300048828125,50,42.85205956140529
2010-07-02,1201.4000244140625,1211.5999755859375,1200.800048828125,1207.4000244140625,169,43.272139237496354
2010-07-06,1207.300048828125,1211.800048828125,1190.5,1194.800048828125,52,39.67452826176011
2010-07-07,1198.5999755859375,1198.5999755859375,1198.5999755859375,1198.5999755859375,18,41.26060966775851
2010-07-08,1195.800048828125,1203.300048828125,1189.300048828125,1195.800048828125,93,40.41737399936972
2010-07-09,1209.5999755859375,1213.0,1195.0,1209.5999755859375,22,46.2480916234415
2010-07-12,1198.5,1198.5,1198.5,1198.5,45,42.634082717942064
2010-07-13,1213.300048828125,1217.4000244140625,1205.199951171875,1213.300048828125,53,48.42156135472888
2010-07-14,1212.0,1213.800048828125,1202.4000244140625,1206.800048828125,54,46.216273551740855
2010-07-15,1208.0999755859375,1208.0999755859375,1208.0999755859375,1208.0999755859375,32,46.73870393540177
2010-07-16,1188.0,1188.0,1188.0,1188.0,46,40.231362321987845
2010-07-19,1181.699951171875,1182.199951171875,1180.0,1181.699951171875,4,38.425520252720126
2010-07-20,1191.5,1191.5,1191.5,1191.5,8,42.731756918041306
2010-07-21,1191.5999755859375,1194.5,1184.0999755859375,1191.5999755859375,24,42.77572402114138
2010-07-22,1195.5,1196.0,1194.4000244140625,1195.5,79,44.56371834468112
2010-07-23,1187.699951171875,1198.5999755859375,1187.699951171875,1187.699951171875,32,41.75378293410343
2010-07-26,1183.0,1183.0,1183.0,1183.0,37,40.11252940442909
2010-07-27,1158.0,1158.0,1158.0,1158.0,29,32.74036922573228
2010-07-28,1160.4000244140625,1160.4000244140625,1160.4000244140625,1160.4000244140625,206828,33.99453499625079
2010-07-29,1163.800048828125,1169.199951171875,1158.699951171875,1168.4000244140625,54384,38.13549483904216
2010-07-30,1168.199951171875,1183.0999755859375,1166.0,1181.699951171875,5466,44.382560370895284
2010-08-02,1183.4000244140625,1191.800048828125,1174.699951171875,1183.4000244140625,2504,45.14508370988284
2010-08-03,1185.199951171875,1190.5,1180.0,1185.199951171875,598,45.989376775109925
2010-08-04,1186.300048828125,1203.0,1186.300048828125,1193.699951171875,1068,49.91018724751781
2010-08-05,1197.199951171875,1199.300048828125,1190.0,1197.199951171875,214,51.47232715748406
2010-08-06,1203.300048828125,1211.0,1195.300048828125,1203.4000244140625,347,54.19737627892028
2010-08-09,1205.800048828125,1209.5,1199.800048828125,1200.699951171875,658,52.806664868220686
2010-08-10,1196.199951171875,1206.5,1191.0,1196.199951171875,713,50.48171031557038
2010-08-11,1197.5,1208.0,1193.0,1197.5,351,51.150846635126754
2010-08-12,1214.800048828125,1215.5,1199.0,1214.800048828125,289,59.07587335610967
2010-08-13,1214.9000244140625,1214.9000244140625,1214.9000244140625,1214.9000244140625,138,59.11715111959504
2010-08-16,1224.5,1225.4000244140625,1218.0,1224.5,252,62.9786011296057
2010-08-17,1226.5999755859375,1227.4000244140625,1224.0,1226.5999755859375,84,63.784412880198644
2010-08-18,1229.699951171875,1231.5999755859375,1218.0,1229.699951171875,169,64.99565627650148
2010-08-19,1233.800048828125,1237.5999755859375,1228.800048828125,1233.800048828125,46,66.58737770877886
2010-08-20,1227.199951171875,1232.800048828125,1223.0,1227.199951171875,236,61.72190241242204
2010-08-23,1226.9000244140625,1228.9000244140625,1222.9000244140625,1226.9000244140625,56,61.501978737889345
2010-08-24,1231.800048828125,1234.0,1211.5,1231.800048828125,300,63.77305690837675
2010-08-25,1239.5,1240.699951171875,1230.699951171875,1239.5,298,67.06137313805334
2010-08-26,1235.4000244140625,1243.300048828125,1235.0,1235.4000244140625,104,63.74352905087351
2010-08-27,1236.0,1236.0,1236.0,1236.0,573,64.02402916720646
2010-08-30,1237.0999755859375,1237.9000244140625,1234.0,1237.0999755859375,128,64.5652948470766
2010-08-31,1248.300048828125,1249.4000244140625,1233.0,1248.300048828125,124,69.58331447602353
2010-09-01,1246.300048828125,1254.300048828125,1243.5999755859375,1246.300048828125,41,67.73858176687735
2010-09-02,1251.5,1252.5,1246.9000244140625,1251.5,100,69.96788051934162
2010-09-03,1249.199951171875,1249.199951171875,1240.0,1249.199951171875,3,67.73820843073071
2010-09-07,1257.300048828125,1258.0,1255.5,1257.300048828125,7,71.21691288625175
2010-09-08,1255.5999755859375,1260.199951171875,1254.699951171875,1255.5999755859375,27,69.52251048158219
2010-09-09,1248.9000244140625,1256.0,1244.0999755859375,1248.9000244140625,9,63.1462017466334
2010-09-10,1244.5,1244.5,1244.5,1244.5,20,59.29971176897623
2010-09-13,1245.0999755859375,1245.0999755859375,1245.0999755859375,1245.0999755859375,18,59.66054833293702
2010-09-14,1269.699951171875,1272.4000244140625,1253.4000244140625,1269.699951171875,87,71.00947735133825
2010-09-15,1266.5999755859375,1269.800048828125,1263.5,1266.699951171875,34,68.47927471945034
2010-09-16,1271.9000244140625,1275.199951171875,1268.699951171875,1271.9000244140625,37,70.44508495333254
2010-09-17,1275.5999755859375,1279.5999755859375,1273.800048828125,1275.5999755859375,54,71.79303253182249
2010-09-20,1279.0,1282.0,1279.0,1279.0,27,73.01117474957947
2010-09-21,1272.4000244140625,1289.800048828125,1271.800048828125,1272.4000244140625,56,66.96559050933209
2010-09-22,1290.199951171875,1290.199951171875,1290.199951171875,1290.199951171875,17,73.37001883531552
2010-09-23,1294.300048828125,1294.300048828125,1289.4000244140625,1294.300048828125,45,74.59194754285352
2010-09-24,1296.0,1297.4000244140625,1294.199951171875,1296.0,37,75.10205933844858
2010-09-27,1296.699951171875,1296.699951171875,1296.699951171875,1296.699951171875,67,75.32175638416354
2010-09-28,1287.5,1308.5999755859375,1287.5,1306.5999755859375,25190,78.24564132248913
2010-09-29,1309.4000244140625,1312.5,1305.0,1308.5,6745,78.76562897557177
2010-09-30,1307.199951171875,1315.199951171875,1295.699951171875,1307.800048828125,579,78.0257208723687
2010-10-01,1309.0,1320.0,1309.0,1316.0999755859375,153,80.37938676309523
2010-10-04,1318.300048828125,1319.0999755859375,1312.0,1315.4000244140625,95,79.60501629739423
2010-10-05,1312.9000244140625,1341.0999755859375,1312.9000244140625,1338.9000244140625,197,84.87387523255038
2010-10-06,1339.0999755859375,1349.0,1339.0,1346.4000244140625,215,86.10741813225897
2010-10-07,1347.9000244140625,1363.0,1325.699951171875,1333.9000244140625,261,75.11293660541348
2010-10-08,1333.5,1348.4000244140625,1325.0,1344.199951171875,80,77.64574948995968
2010-10-11,1346.699951171875,1353.699951171875,1344.0,1353.300048828125,79,79.6192871683246
2010-10-12,1346.9000244140625,1352.199951171875,1343.5999755859375,1345.699951171875,112,73.7622589004926
2010-10-13,1356.4000244140625,1374.0,1355.0999755859375,1369.5,251,78.97761896595043
2010-10-14,1372.800048828125,1383.9000244140625,1371.300048828125,1376.699951171875,106,80.25619094871371
2010-10-15,1379.199951171875,1382.4000244140625,1364.699951171875,1371.0999755859375,170,76.36588348485078
2010-10-18,1358.0,1372.5999755859375,1358.0,1371.199951171875,46,76.38788905906735
2010-10-19,1366.800048828125,1370.5,1328.5,1335.0999755859375,301,56.0822591422883
2010-10-20,1336.0,1345.800048828125,1334.199951171875,1343.300048828125,148,58.76369381182386
2010-10-21,1344.199951171875,1346.199951171875,1317.5,1324.699951171875,102,51.13687255094811
2010-10-22,1326.699951171875,1328.0999755859375,1319.0,1324.4000244140625,113,51.02187844080077
2010-10-25,1333.5999755859375,1349.0999755859375,1333.0999755859375,1338.300048828125,194,55.96421390613629
2010-10-26,1341.199951171875,1341.199951171875,1328.300048828125,1338.0,195,55.83324024030131
2010-10-27,1341.0,1341.0,1321.0999755859375,1322.199951171875,106,49.29145356072491
2010-10-28,1327.9000244140625,1343.5999755859375,1325.9000244140625,1342.0999755859375,192,56.245065456476944
2010-10-29,1340.199951171875,1358.699951171875,1336.800048828125,1357.0999755859375,74,60.627764901703145
2010-11-01,1360.300048828125,1360.300048828125,1350.699951171875,1350.199951171875,40,57.7616204766575
2010-11-02,1356.800048828125,1356.800048828125,1355.5,1356.4000244140625,17,59.60934932013954
2010-11-03,1351.4000244140625,1359.199951171875,1327.5,1337.0999755859375,135,51.985726842412056
2010-11-04,1368.5999755859375,1392.5,1368.5999755859375,1382.699951171875,109,63.77416544213125
2010-11-05,1390.699951171875,1398.0,1378.199951171875,1397.300048828125,109,66.60156915344986
2010-11-08,1390.5,1409.199951171875,1387.0999755859375,1402.800048828125,112,67.62662840310898
2010-11-09,1405.199951171875,1423.199951171875,1382.9000244140625,1409.800048828125,84,68.93350678127777
2010-11-10,1395.199951171875,1408.0999755859375,1384.0,1399.0999755859375,29,64.63805438962976
2010-11-11,1400.699951171875,1413.5,1397.300048828125,1403.0999755859375,26,65.5034450182634
2010-11-12,1407.9000244140625,1407.9000244140625,1360.0999755859375,1365.4000244140625,182,52.470159721004194
2010-11-15,1363.699951171875,1372.5999755859375,1355.300048828125,1368.4000244140625,46,53.26701315753918
2010-11-16,1356.5,1358.199951171875,1329.5,1338.300048828125,67,45.09753252539782
2010-11-17,1336.9000244140625,1341.800048828125,1331.300048828125,1336.800048828125,50,44.72937075481249
2010-11-18,1349.5,1353.199951171875,1347.699951171875,1352.9000244140625,17,49.49518725465518
2010-11-19,1350.699951171875,1352.0,1344.5,1352.199951171875,7,49.29613882481797
2010-11-22,1357.699951171875,1357.699951171875,1357.699951171875,1357.699951171875,7,50.964575091985864
2010-11-23,1369.4000244140625,1377.5,1364.5,1377.5,15,56.5123947698317
2010-11-24,1377.800048828125,1377.800048828125,1377.800048828125,1372.9000244140625,3,54.95676062062303
2010-11-26,1372.0999755859375,1372.0999755859375,1372.0999755859375,1362.300048828125,138416,51.442606959131865
2010-11-29,1364.0,1369.300048828125,1352.5999755859375,1366.0,94486,52.58237181116018
2010-11-30,1366.699951171875,1390.0999755859375,1362.800048828125,1385.0,11370,58.03037416924824
2010-12-01,1386.800048828125,1396.5999755859375,1382.300048828125,1387.300048828125,4759,58.64973522317057
2010-12-02,1387.5999755859375,1398.5999755859375,1383.300048828125,1388.5,1550,58.989761354190044
2010-12-03,1385.0999755859375,1415.0999755859375,1385.0999755859375,1405.4000244140625,2341,63.53743840438114
2010-12-06,1414.0,1428.4000244140625,1410.0,1415.300048828125,833,65.92146888437335
2010-12-07,1424.5,1431.0999755859375,1398.0,1408.300048828125,866,62.795123161915875
2010-12-08,1402.5,1403.800048828125,1372.0,1382.5,1675,52.847067806277124
2010-12-09,1380.5999755859375,1394.199951171875,1380.5,1392.0999755859375,971,55.66172405617379
2010-12-10,1388.9000244140625,1392.0,1373.0999755859375,1384.300048828125,457,52.898808402930634
2010-12-13,1384.5,1399.199951171875,1384.5,1397.300048828125,193,56.75195037039804
2010-12-14,1401.9000244140625,1407.300048828125,1391.800048828125,1403.5999755859375,431,58.52275187600917
2010-12-15,1394.0,1394.0,1379.5,1385.5,215,51.942353972155985
2010-12-16,1380.9000244140625,1385.0,1362.5,1370.4000244140625,228,47.176546428529065
2010-12-17,1376.4000244140625,1378.5999755859375,1365.9000244140625,1378.5999755859375,102,49.86660474739745
2010-12-20,1383.199951171875,1386.699951171875,1376.5,1385.5,125,52.07813390354736
2010-12-21,1385.800048828125,1389.5,1381.5,1388.199951171875,113,52.952695225166494
2010-12-22,1388.0,1389.5,1385.0,1386.800048828125,58,52.41853939325504
2010-12-23,1388.4000244140625,1388.4000244140625,1373.699951171875,1380.0,101,49.791112112817935
2010-12-27,1373.5,1384.199951171875,1373.5,1382.4000244140625,322,50.729794087840816
2010-12-28,1389.800048828125,1406.699951171875,1389.800048828125,1405.199951171875,519,58.640506001734146
2010-12-29,1403.4000244140625,1412.199951171875,1402.9000244140625,1413.0999755859375,413,60.978354865842
2010-12-30,1413.800048828125,1413.800048828125,1403.0999755859375,1405.5999755859375,185,57.64689454580549
2010-12-31,1405.699951171875,1421.0999755859375,1405.699951171875,1421.0999755859375,54,62.23848806653543
2011-01-03,1415.5999755859375,1423.9000244140625,1413.699951171875,1422.5999755859375,28,62.6603714423361
2011-01-04,1409.5999755859375,1410.9000244140625,1375.800048828125,1378.5,122,46.2871188996538
2011-01-05,1383.4000244140625,1384.0,1364.199951171875,1373.4000244140625,175,44.82827620141022
2011-01-06,1374.800048828125,1376.5,1368.9000244140625,1371.4000244140625,158,44.239426596661886
2011-01-07,1372.699951171875,1377.199951171875,1355.5,1368.5,225,43.35022537594011
2011-01-10,1369.0,1374.0,1365.699951171875,1373.699951171875,181,45.46680118988394
2011-01-11,1375.4000244140625,1384.5,1373.9000244140625,1384.0,13,49.49228483640472
2011-01-12,1382.5999755859375,1385.5,1378.0,1385.699951171875,204,50.14637212329813
2011-01-13,1386.0999755859375,1392.5,1371.4000244140625,1386.9000244140625,66,50.63241641200011
2011-01-14,1375.0,1376.0,1356.699951171875,1360.4000244140625,252,41.10283794793271
2011-01-18,1365.0999755859375,1371.0,1359.199951171875,1368.0999755859375,106,44.37860986461894
2011-01-19,1371.9000244140625,1376.199951171875,1367.0,1370.199951171875,40,45.27260472692236
2011-01-20,1367.699951171875,1367.699951171875,1345.0,1346.5,10,37.873965479156624
2011-01-21,1341.699951171875,1345.5999755859375,1338.5999755859375,1341.0,20,36.3877838199149
2011-01-24,1352.300048828125,1352.300048828125,1341.800048828125,1344.5,2,38.05363792474925
2011-01-25,1330.4000244140625,1331.5,1323.5999755859375,1332.300048828125,394,34.6476368015974
2011-01-26,1333.0,1341.699951171875,1333.0,1333.0,4,35.00706248527386
2011-01-27,1342.0,1342.0,1318.4000244140625,1318.4000244140625,210699,31.15775158724722
2011-01-28,1314.0,1346.5999755859375,1307.699951171875,1340.699951171875,73023,41.70202748741215
2011-01-31,1339.0,1345.9000244140625,1323.300048828125,1333.800048828125,13657,39.67702745813655
2011-02-01,1333.0999755859375,1342.9000244140625,1325.300048828125,1339.5999755859375,3180,42.21701779500011
2011-02-02,1344.0,1344.0,1327.0,1331.5,1363,39.70272674785732
2011-02-03,1335.5999755859375,1355.800048828125,1324.9000244140625,1352.300048828125,1865,48.229347791010326
2011-02-04,1354.800048828125,1360.0,1345.0,1348.300048828125,591,46.85709240226522
2011-02-07,1345.800048828125,1353.800048828125,1343.800048828125,1347.5999755859375,1004,46.60714751910651
2011-02-08,1351.199951171875,1367.0,1350.0,1363.4000244140625,2536,52.73499885886994
2011-02-09,1362.800048828125,1366.5,1359.5999755859375,1364.800048828125,146,53.247029755801805
2011-02-10,1364.300048828125,1364.5,1351.699951171875,1361.9000244140625,312,51.99061740096214
2011-02-11,1364.0,1368.800048828125,1355.199951171875,1359.9000244140625,488,51.09519106409032
2011-02-14,1357.800048828125,1365.5999755859375,1356.5999755859375,1364.5999755859375,181,53.13775659334384
2011-02-15,1361.5999755859375,1376.0,1361.5999755859375,1373.5999755859375,321,56.85395797759319
2011-02-16,1373.5999755859375,1382.0,1370.5,1374.699951171875,156,57.29964792760385
2011-02-17,1377.699951171875,1384.699951171875,1377.0,1384.699951171875,113,61.22144516697993
2011-02-18,1384.0999755859375,1391.800048828125,1381.800048828125,1388.199951171875,98,62.518976488374676
2011-02-22,1395.0999755859375,1408.699951171875,1395.0999755859375,1400.5,430,66.73184944531788
2011-02-23,1397.800048828125,1413.800048828125,1397.800048828125,1413.4000244140625,318,70.47949939690858
2011-02-24,1415.0999755859375,1415.300048828125,1408.300048828125,1415.300048828125,809,70.99772135862251
2011-02-25,1401.699951171875,1411.0,1401.0,1408.699951171875,352,66.62260536181859
2011-02-28,1410.699951171875,1415.699951171875,1407.699951171875,1409.300048828125,205,66.82279482384732
2011-03-01,1415.300048828125,1434.4000244140625,1415.300048828125,1430.699951171875,116,73.03404623799985
2011-03-02,1432.5,1440.5,1428.800048828125,1437.199951171875,1600,74.5901132232284
2011-03-03,1432.300048828125,1432.300048828125,1415.9000244140625,1416.0,244,62.01972894848887
2011-03-04,1418.9000244140625,1429.800048828125,1416.800048828125,1428.199951171875,60,65.61134866421361
2011-03-07,1434.5,1445.0,1429.5,1434.0999755859375,613,67.22551598194684
2011-03-08,1431.5999755859375,1432.5999755859375,1424.300048828125,1426.9000244140625,198,63.31952293470279
2011-03-09,1430.0,1435.699951171875,1426.0999755859375,1429.300048828125,98,64.06896461933854
2011-03-10,1429.5,1429.800048828125,1403.800048828125,1412.199951171875,23,55.38595758251955
2011-03-11,1413.699951171875,1422.5999755859375,1404.9000244140625,1421.5,23,58.66685198159873
2011-03-14,1420.0,1427.699951171875,1420.0,1424.5999755859375,58,59.72991962770925
2011-03-15,1413.300048828125,1413.300048828125,1385.5,1392.5999755859375,20,46.449308537762256
2011-03-16,1398.0,1404.199951171875,1394.300048828125,1396.0,38,47.77791713616549
2011-03-17,1387.699951171875,1393.5999755859375,1387.699951171875,1404.0,27,50.86678809905552
2011-03-18,1406.4000244140625,1419.300048828125,1406.4000244140625,1415.9000244140625,6,55.11931976311548
2011-03-21,1433.5,1433.5,1430.800048828125,1426.199951171875,43,58.46980235619447
2011-03-22,1430.4000244140625,1430.4000244140625,1430.4000244140625,1427.5,85,58.88699568971958
2011-03-23,1432.199951171875,1439.699951171875,1432.199951171875,1437.9000244140625,19,62.161646321210995
2011-03-24,1437.699951171875,1446.9000244140625,1437.5,1434.800048828125,27,60.611929085500634
2011-03-25,1436.0,1436.0,1436.0,1426.0999755859375,1,56.3648747242539
2011-03-28,1413.199951171875,1415.5999755859375,1413.199951171875,1419.800048828125,6,53.44455466821521
2011-03-29,1416.0,1416.0,1416.0,1416.0,135792,51.704400322325505
2011-03-30,1418.699951171875,1430.300048828125,1412.0,1423.800048828125,47011,54.9470523464984
2011-03-31,1423.300048828125,1440.0,1420.699951171875,1438.9000244140625,8230,60.47906987352105
2011-04-01,1433.4000244140625,1436.5,1413.0,1428.0999755859375,5318,55.25327323663823
2011-04-04,1429.0999755859375,1439.0999755859375,1428.800048828125,1432.199951171875,683,56.78003762378137
2011-04-05,1437.9000244140625,1457.5999755859375,1430.300048828125,1451.800048828125,2609,63.237696669482155
2011-04-06,1456.9000244140625,1462.300048828125,1452.0,1457.699951171875,901,64.9360305641342
2011-04-07,1459.699951171875,1462.5,1453.9000244140625,1458.5,229,65.17100341136478
2011-04-08,1457.5999755859375,1475.5,1457.5,1473.4000244140625,1407,69.29753367019656
2011-04-11,1476.0,1476.0,1459.699951171875,1467.4000244140625,378,65.91103316797134
2011-04-12,1461.800048828125,1467.199951171875,1444.4000244140625,1452.9000244140625,345,58.47403210939464
2011-04-13,1455.0,1462.0,1454.0,1454.9000244140625,197,59.15855426285738
2011-04-14,1456.800048828125,1476.0,1452.699951171875,1471.699951171875,535,64.45843787300726
2011-04-15,1477.5999755859375,1487.5,1473.199951171875,1485.300048828125,293,68.07066029751505
2011-04-18,1486.300048828125,1497.300048828125,1477.5,1492.300048828125,650,69.77347313970105
2011-04-19,1493.300048828125,1499.5,1489.0,1494.5,168,70.30938801747797
2011-04-20,1494.0,1505.300048828125,1494.0,1498.300048828125,386,71.2573590239244
2011-04-21,1503.699951171875,1508.300048828125,1501.699951171875,1503.199951171875,237,72.47759874618828
2011-04-25,1513.300048828125,1518.0,1502.800048828125,1508.5999755859375,233,73.7978262980146
2011-04-26,1501.5,1506.300048828125,1495.0,1503.0,223,70.04535889649915
2011-04-27,1507.0999755859375,1512.800048828125,1505.199951171875,1516.699951171875,460,73.58415424134554
2011-04-28,1528.5999755859375,1536.0,1526.5999755859375,1530.800048828125,425,76.6426176029051
2011-04-29,1538.699951171875,1568.699951171875,1537.300048828125,1556.0,124,80.89913216786964
2011-05-02,1572.9000244140625,1576.5999755859375,1543.0999755859375,1556.699951171875,200,81.00268806510695
2011-05-03,1542.5,1547.0,1527.5,1540.0999755859375,246,71.15067162221608
2011-05-04,1535.0,1539.0,1506.199951171875,1514.9000244140625,272,59.34962311200969
2011-05-05,1514.699951171875,1520.699951171875,1471.0,1480.9000244140625,133,47.824278505116766
2011-05-06,1473.199951171875,1494.800048828125,1472.300048828125,1491.199951171875,144,50.932889244054195
2011-05-09,1501.5,1512.800048828125,1501.300048828125,1502.9000244140625,44,54.266189208690754
2011-05-10,1508.4000244140625,1516.9000244140625,1508.4000244140625,1516.5999755859375,13,57.874807395425684
2011-05-11,1524.0,1524.0999755859375,1495.199951171875,1501.0999755859375,30,52.798771092402646
2011-05-12,1492.0999755859375,1498.5,1484.800048828125,1506.5999755859375,11,54.32946016046049
2011-05-13,1503.5,1511.300048828125,1490.199951171875,1493.4000244140625,16,50.127927510471785
2011-05-16,1489.300048828125,1494.9000244140625,1489.300048828125,1490.4000244140625,10,49.19672916390753
2011-05-17,1489.800048828125,1491.800048828125,1473.0,1479.800048828125,41,45.948811418506736
2011-05-18,1496.4000244140625,1497.0,1496.300048828125,1495.5999755859375,82,51.128022341988554
2011-05-19,1491.5,1491.5,1491.5,1492.199951171875,1,50.01733820143139
2011-05-20,1499.0,1512.699951171875,1488.699951171875,1508.800048828125,93,55.14114823724056
2011-05-23,1510.5,1512.300048828125,1507.0,1515.300048828125,42,56.99993736970993
2011-05-24,1527.0999755859375,1527.0999755859375,1521.9000244140625,1523.199951171875,4,59.212048376880865
2011-05-25,1526.4000244140625,1527.5,1526.0999755859375,1526.5999755859375,10,60.16195484382947
2011-05-26,1521.199951171875,1521.199951171875,1519.5,1522.800048828125,186986,58.521580863583075
2011-05-27,1519.4000244140625,1538.5,1518.4000244140625,1536.300048828125,76719,62.43982723234167
2011-05-31,1536.699951171875,1541.0999755859375,1532.4000244140625,1535.9000244140625,6152,62.25217166092733
2011-06-01,1535.699951171875,1550.5999755859375,1529.699951171875,1542.4000244140625,2845,64.13818012470202
2011-06-02,1541.300048828125,1544.5,1520.0,1532.0,1651,59.054153674211165
2011-06-03,1534.699951171875,1546.300048828125,1525.0,1541.699951171875,1745,62.0737632428119
2011-06-06,1542.9000244140625,1553.9000244140625,1542.0,1546.5,691,63.50793183919054
2011-06-07,1545.0,1549.9000244140625,1537.199951171875,1543.300048828125,2530,61.82936882515117
2011-06-08,1544.199951171875,1544.199951171875,1531.300048828125,1538.0999755859375,489,59.095877753568075
2011-06-09,1536.0999755859375,1548.800048828125,1534.4000244140625,1542.0999755859375,288,60.54099855167039
2011-06-10,1543.699951171875,1543.9000244140625,1526.4000244140625,1528.5999755859375,632,53.6516435391091
2011-06-13,1528.0999755859375,1533.0,1511.300048828125,1515.0,851,47.75582171037077
2011-06-14,1517.199951171875,1526.199951171875,1513.0999755859375,1523.800048828125,306,51.47191104447112
2011-06-15,1525.0,1533.4000244140625,1515.0,1525.5999755859375,648,52.22050146454111
2011-06-16,1526.0,1531.199951171875,1522.0,1529.300048828125,164,53.798291759078445
2011-06-17,1523.0,1541.5999755859375,1523.0,1538.5999755859375,72,57.589158140872144
2011-06-20,1536.0,1545.699951171875,1535.199951171875,1541.5,99,58.72641724534345
2011-06-21,1540.0999755859375,1547.5,1540.0,1546.0,125,60.496578320966655
2011-06-22,1547.199951171875,1558.5,1544.4000244140625,1552.9000244140625,222,63.10922787242746
2011-06-23,1547.199951171875,1547.199951171875,1514.699951171875,1520.0999755859375,300,47.14657307678469
2011-06-24,1524.699951171875,1525.0,1498.5,1500.5,257,40.54672733104249
2011-06-27,1503.5,1503.5,1490.699951171875,1496.0,140,39.19027772965691
2011-06-28,1499.9000244140625,1505.0,1496.0999755859375,1499.699951171875,508,40.93976657263031
2011-06-29,1504.0999755859375,1512.199951171875,1504.0999755859375,1509.9000244140625,395,45.58737781483955
2011-06-30,1511.5,1514.0,1498.800048828125,1502.300048828125,69,42.87979983095523
2011-07-01,1502.199951171875,1502.199951171875,1480.0,1482.300048828125,66,36.70206401793969
2011-07-05,1490.4000244140625,1515.0,1490.300048828125,1512.300048828125,199,48.65223390332973
2011-07-06,1513.699951171875,1531.5,1510.300048828125,1528.699951171875,71,53.788412419716
2011-07-07,1529.0999755859375,1533.0999755859375,1522.699951171875,1530.199951171875,55,54.23927699489964
2011-07-08,1527.0,1542.5999755859375,1526.5999755859375,1541.199951171875,3,57.51296830188253
2011-07-11,1550.0,1555.199951171875,1543.0999755859375,1548.800048828125,14,59.660250931568356
2011-07-12,1548.199951171875,1565.0,1542.0,1561.9000244140625,8,63.120110183998996
2011-07-13,1574.0,1585.5999755859375,1570.800048828125,1585.199951171875,29,68.32396124541714
2011-07-14,1586.300048828125,1592.800048828125,1583.5999755859375,1589.0,19,69.0900048390962
2011-07-15,1582.300048828125,1592.199951171875,1582.300048828125,1589.800048828125,8,69.25856647388642
2011-07-18,1592.800048828125,1605.0,1592.800048828125,1602.0999755859375,13,71.80430242939104
2011-07-19,1608.0999755859375,1608.800048828125,1583.300048828125,1600.9000244140625,63,71.18497076562011
2011-07-20,1584.300048828125,1596.699951171875,1582.4000244140625,1596.699951171875,9,68.94344482454298
2011-07-21,1598.0,1601.5999755859375,1586.5999755859375,1586.800048828125,24,63.840613201498726
2011-07-22,1588.5,1606.5,1588.5,1601.300048828125,12,67.6207445597257
2011-07-25,1610.0,1619.4000244140625,1610.0,1612.0,67,70.10440126785332
2011-07-26,1609.800048828125,1618.5,1609.800048828125,1616.5999755859375,28,71.12966352284558
2011-07-27,1619.699951171875,1619.699951171875,1617.0,1615.0,232220,70.22751605668961
2011-07-28,1614.199951171875,1620.5999755859375,1602.800048828125,1613.4000244140625,70263,69.2812200878216
2011-07-29,1617.0999755859375,1634.9000244140625,1610.5999755859375,1628.300048828125,6761,72.93828972416472
2011-08-01,1623.0,1631.800048828125,1607.0,1619.0,2889,67.53404551407318
2011-08-02,1619.300048828125,1660.5999755859375,1616.800048828125,1641.9000244140625,2440,72.86540671103258
2011-08-03,1659.9000244140625,1672.300048828125,1651.5999755859375,1663.4000244140625,2024,76.72915848629852
2011-08-04,1660.5,1681.800048828125,1640.0,1656.199951171875,1952,72.98132093282412
2011-08-05,1647.5,1666.0999755859375,1642.699951171875,1648.800048828125,825,69.23815101069053
2011-08-08,1679.0999755859375,1720.0,1678.0999755859375,1710.199951171875,1885,78.9057447997296
2011-08-09,1722.5,1779.0,1720.0999755859375,1740.0,1861,81.88188242531388
2011-08-10,1744.0,1795.5999755859375,1741.300048828125,1781.300048828125,969,85.03346297659186
2011-08-11,1795.0999755859375,1813.5,1733.300048828125,1748.800048828125,1503,74.10891947096877
2011-08-12,1760.5999755859375,1764.199951171875,1723.800048828125,1740.199951171875,1166,71.49150454526938
2011-08-15,1734.9000244140625,1765.199951171875,1730.5,1755.5,976,73.298323900843
2011-08-16,1769.0,1787.300048828125,1761.5999755859375,1782.4000244140625,278,76.15923971366573
2011-08-17,1784.800048828125,1794.300048828125,1782.0,1791.199951171875,231,77.02641403918301
2011-08-18,1786.5,1828.5,1785.5,1818.9000244140625,868,79.54818019097398
2011-08-19,1823.699951171875,1874.4000244140625,1823.699951171875,1848.9000244140625,328,81.86938555085378
2011-08-22,1868.5999755859375,1895.0,1858.4000244140625,1888.699951171875,1106,84.39912736772791
2011-08-23,1909.0,1909.300048828125,1824.5999755859375,1858.300048828125,458,75.70972433853558
2011-08-24,1833.0,1853.0999755859375,1753.0999755859375,1754.0999755859375,992,54.86041780390334
2011-08-25,1748.4000244140625,1772.5,1707.300048828125,1759.800048828125,864,55.58103640143688
2011-08-26,1768.5,1829.300048828125,1768.5,1794.0999755859375,270,59.74550640792294
2011-08-29,1817.9000244140625,1817.9000244140625,1786.699951171875,1788.4000244140625,828,58.75960650873988
2011-08-30,1787.199951171875,1839.5999755859375,1783.0999755859375,1826.699951171875,598,63.15879792471233
2011-08-31,1830.5999755859375,1837.9000244140625,1811.4000244140625,1828.5,336,63.356638964678865
2011-09-01,1825.800048828125,1829.5,1814.4000244140625,1826.0,263,62.851814007774244
2011-09-02,1828.5999755859375,1884.199951171875,1828.5999755859375,1873.699951171875,442,68.07817091089376
2011-09-06,1886.300048828125,1911.5999755859375,1864.0,1869.9000244140625,536,67.26627416549817
2011-09-07,1868.9000244140625,1873.699951171875,1792.800048828125,1814.199951171875,470,56.60905183256267
2011-09-08,1839.300048828125,1870.0,1835.0,1854.4000244140625,142,61.36642591481707
2011-09-09,1858.0999755859375,1881.300048828125,1830.0,1856.4000244140625,188,61.59204569557863
2011-09-12,1852.4000244140625,1852.4000244140625,1806.0,1809.9000244140625,245,53.73471746664634
2011-09-13,1817.800048828125,1835.300048828125,1808.0999755859375,1826.800048828125,52,55.934925943469175
2011-09-14,1843.0,1843.0,1809.0,1823.5,156,55.38108154836827
2011-09-15,1816.300048828125,1816.300048828125,1775.800048828125,1778.5,80,48.35062368838156
2011-09-16,1768.5,1819.0999755859375,1768.5,1812.0999755859375,111,53.13456617182142
2011-09-19,1814.699951171875,1818.9000244140625,1788.0,1776.4000244140625,13,48.0428628518886
2011-09-20,1778.800048828125,1807.800048828125,1776.0,1806.5999755859375,86,52.214489946015895
2011-09-21,1808.0,1811.699951171875,1782.800048828125,1805.5,22,52.050564189687876
2011-09-22,1773.199951171875,1773.199951171875,1730.9000244140625,1739.199951171875,23,43.23909651309901
2011-09-23,1737.300048828125,1737.300048828125,1636.300048828125,1637.5,81,33.789790907287625
2011-09-26,1646.4000244140625,1661.800048828125,1562.4000244140625,1592.5,151,30.60293241184955
2011-09-27,1653.800048828125,1665.4000244140625,1653.699951171875,1650.5999755859375,47,38.6483999827518
2011-09-28,1650.0,1650.0,1650.0,1616.300048828125,21275,35.99527567085643
2011-09-29,1604.0,1633.800048828125,1585.0,1615.5,7181,35.93331282976858
2011-09-30,1620.800048828125,1639.4000244140625,1609.4000244140625,1620.4000244140625,284,36.65256517364158
2011-10-03,1627.800048828125,1660.800048828125,1627.5999755859375,1656.0,101,41.76761355963602
2011-10-04,1661.0,1678.0999755859375,1596.5999755859375,1614.699951171875,159,37.9401961090272
2011-10-05,1629.300048828125,1640.300048828125,1599.5999755859375,1640.300048828125,114,41.517593190210654
2011-10-06,1642.5999755859375,1654.699951171875,1637.5999755859375,1651.9000244140625,38,43.1176464657429
2011-10-07,1657.0,1665.0,1626.199951171875,1634.5,66,41.29266046762144
2011-10-10,1645.5999755859375,1676.800048828125,1645.5999755859375,1669.5999755859375,61,46.23617993288905
2011-10-11,1685.0,1685.0,1657.5999755859375,1659.699951171875,151,45.0830680516403
2011-10-12,1667.0999755859375,1691.0,1667.0999755859375,1681.300048828125,37,48.12303058747843
2011-10-13,1676.0999755859375,1678.800048828125,1656.199951171875,1667.300048828125,148,46.33280578368274
2011-10-14,1665.800048828125,1683.300048828125,1665.800048828125,1681.800048828125,51,48.470923487976115
2011-10-17,1683.5999755859375,1693.5,1667.300048828125,1675.5,41,47.583883498137304
2011-10-18,1666.0,1666.0,1627.5,1651.699951171875,85,44.286624225229744
2011-10-19,1659.300048828125,1659.300048828125,1641.300048828125,1646.0,22,43.50903429221526
2011-10-20,1643.199951171875,1643.199951171875,1608.699951171875,1611.9000244140625,92,39.08740336872981
2011-10-21,1626.0999755859375,1647.4000244140625,1626.0999755859375,1635.0999755859375,32,43.3086210798996
2011-10-24,1646.199951171875,1657.800048828125,1646.199951171875,1651.5,313,46.149560652662736
2011-10-25,1645.0,1706.800048828125,1645.0,1699.5999755859375,355,53.50832965361551
2011-10-26,1717.0,1723.5999755859375,1708.9000244140625,1722.699951171875,135,56.57724323737746
2011-10-27,1717.800048828125,1735.5,1717.800048828125,1746.699951171875,494,59.56375822485313
2011-10-28,1752.0,1752.0,1733.0,1746.199951171875,158,59.471987701882234
2011-10-31,1741.9000244140625,1741.9000244140625,1717.0,1724.199951171875,62,55.42558796946187
2011-11-01,1706.699951171875,1720.0999755859375,1682.5,1711.0,246,53.09150807156008
2011-11-02,1724.300048828125,1741.4000244140625,1723.199951171875,1728.699951171875,294,55.78058268006783
2011-11-03,1740.5,1766.0,1726.5999755859375,1764.199951171875,290,60.65259566644037
2011-11-04,1757.0,1761.199951171875,1754.9000244140625,1755.300048828125,47,58.900507211572496
2011-11-07,1755.300048828125,1797.0,1755.300048828125,1790.300048828125,35,63.38058472573047
2011-11-08,1798.4000244140625,1798.4000244140625,1785.699951171875,1798.4000244140625,14,64.3491291770247
2011-11-09,1793.0,1793.0,1774.199951171875,1790.9000244140625,6,62.695616361521125
2011-11-10,1766.800048828125,1766.800048828125,1754.800048828125,1758.9000244140625,16,56.07487525802282
2011-11-11,1777.0,1789.0999755859375,1777.0,1787.5,28,60.127558209738474
2011-11-14,1779.0,1779.0,1779.0,1777.800048828125,24,58.16737065370925
2011-11-15,1779.199951171875,1783.0999755859375,1761.300048828125,1781.699951171875,18,58.74963569496237
2011-11-16,1777.5,1777.5,1757.699951171875,1773.800048828125,65,57.01833401157683
2011-11-17,1755.300048828125,1755.300048828125,1714.0,1719.800048828125,54,46.85415310432816
2011-11-18,1725.0,1736.0,1719.0,1724.699951171875,14,47.7640778511645
2011-11-21,1704.5999755859375,1704.5999755859375,1674.4000244140625,1678.300048828125,9,40.66403541100898
2011-11-22,1675.4000244140625,1702.199951171875,1675.4000244140625,1702.199951171875,13,45.18395768843272
2011-11-23,1691.199951171875,1700.0,1681.5999755859375,1695.699951171875,34,44.19786849560061
2011-11-25,1690.0999755859375,1693.5,1675.300048828125,1685.5,28,42.62579152129047
2011-11-28,1710.800048828125,1710.800048828125,1710.800048828125,1710.800048828125,175525,47.60405741464395
2011-11-29,1711.300048828125,1718.4000244140625,1704.0,1713.4000244140625,64786,48.10241505872024
2011-11-30,1714.0,1749.199951171875,1699.9000244140625,1745.5,15463,53.92872773170031
2011-12-01,1747.0,1753.300048828125,1734.5,1735.300048828125,1350,51.933589220218245
2011-12-02,1744.800048828125,1762.9000244140625,1741.5999755859375,1747.0,1067,54.034258976282445
2011-12-05,1748.9000244140625,1752.5999755859375,1718.699951171875,1730.699951171875,756,50.709250044204275
2011-12-06,1722.0999755859375,1731.800048828125,1703.0,1727.9000244140625,648,50.138511111813905
2011-12-07,1730.5999755859375,1741.9000244140625,1720.0,1740.9000244140625,300,52.795067603316454
2011-12-08,1742.0,1752.300048828125,1705.4000244140625,1709.800048828125,942,46.42289653127758
2011-12-09,1713.300048828125,1720.699951171875,1705.699951171875,1712.800048828125,568,47.086345802146965
2011-12-12,1707.5,1708.199951171875,1658.5,1664.199951171875,894,38.72113103465076
2011-12-13,1654.699951171875,1671.800048828125,1628.0,1659.9000244140625,274,38.07659265167547
2011-12-14,1636.5,1639.5,1565.800048828125,1584.300048828125,890,28.951822418703486
2011-12-15,1571.4000244140625,1592.800048828125,1565.5999755859375,1574.5999755859375,589,28.023861100889917
2011-12-16,1587.4000244140625,1595.9000244140625,1586.0,1595.5999755859375,57,33.028502254884344
2011-12-19,1596.4000244140625,1603.4000244140625,1589.699951171875,1594.4000244140625,92,32.88778479659132
2011-12-20,1596.4000244140625,1617.0,1596.4000244140625,1615.5999755859375,215,37.920081186129444
2011-12-21,1615.5999755859375,1635.0,1608.300048828125,1611.9000244140625,38,37.39309184685065
2011-12-22,1608.800048828125,1610.0,1601.9000244140625,1608.9000244140625,599,36.9447643076279
2011-12-23,1612.0,1612.800048828125,1604.699951171875,1604.699951171875,62,36.288775177316076
2011-12-27,1599.0,1599.0,1592.5999755859375,1594.199951171875,52,34.63318335095131
2011-12-28,1584.9000244140625,1588.5999755859375,1561.300048828125,1562.9000244140625,763,30.208796502082905
2011-12-29,1559.300048828125,1559.300048828125,1525.0,1539.9000244140625,866,27.435230575938917
2011-12-30,1549.4000244140625,1579.5,1547.9000244140625,1565.800048828125,289,34.70532204015727
2012-01-03,1568.9000244140625,1604.300048828125,1566.0,1599.699951171875,229,42.78520970199824
2012-01-04,1596.5999755859375,1618.5999755859375,1594.5,1611.9000244140625,172,45.4036335781591
2012-01-05,1610.800048828125,1624.0999755859375,1597.800048828125,1619.4000244140625,362,47.00915460920964
2012-01-06,1622.5,1627.800048828125,1616.0999755859375,1616.0999755859375,20,46.36310105302963
2012-01-09,1614.300048828125,1620.0999755859375,1607.5,1607.5,8,44.64129434919865
2012-01-10,1619.9000244140625,1638.0,1619.9000244140625,1631.0,47,50.09522200677383
2012-01-11,1634.800048828125,1645.4000244140625,1633.800048828125,1639.199951171875,65,51.87680471596521
2012-01-12,1645.199951171875,1656.0999755859375,1645.199951171875,1647.300048828125,84,53.63753975550338
2012-01-13,1638.9000244140625,1643.4000244140625,1630.4000244140625,1630.4000244140625,368,49.56299707022115
2012-01-17,1643.699951171875,1657.800048828125,1642.0999755859375,1655.199951171875,16,54.96892316901014
2012-01-18,1654.0,1660.300048828125,1654.0,1659.5,11,55.8524806538536
2012-01-19,1663.0,1664.4000244140625,1653.5,1654.0999755859375,58,54.40871091815637
2012-01-20,1652.800048828125,1664.300048828125,1652.800048828125,1663.699951171875,8,56.55861091726891
2012-01-23,1676.9000244140625,1680.0,1669.9000244140625,1678.0,10,59.61369118102104
2012-01-24,1666.9000244140625,1668.199951171875,1664.199951171875,1664.199951171875,5,55.553398510605625
2012-01-25,1673.0,1706.199951171875,1672.0,1699.800048828125,239,62.625410751384784
2012-01-26,1729.0,1729.0,1721.0,1726.300048828125,16,66.85330438515692
2012-01-27,1727.0,1734.0999755859375,1727.0,1731.800048828125,175023,67.67072408674801
2012-01-30,1737.199951171875,1739.9000244140625,1715.699951171875,1731.0,53427,67.41030689436613
2012-01-31,1731.699951171875,1747.699951171875,1725.0,1737.800048828125,7540,68.51921264531299
2012-02-01,1738.199951171875,1751.0999755859375,1734.0,1747.0999755859375,2027,70.02157719044952
2012-02-02,1745.0999755859375,1761.0999755859375,1742.9000244140625,1756.800048828125,2062,71.54682577932951
2012-02-03,1758.699951171875,1761.300048828125,1724.5,1737.9000244140625,543,64.64536135218096
2012-02-06,1728.0,1738.300048828125,1713.300048828125,1722.800048828125,726,59.6913094476908
2012-02-07,1722.0,1748.0,1713.199951171875,1746.4000244140625,272,64.29655977246735
2012-02-08,1744.0,1751.5,1728.199951171875,1729.300048828125,955,59.033684676940695
2012-02-09,1731.4000244140625,1749.699951171875,1726.0999755859375,1739.0,119,60.98456454136456
2012-02-10,1732.699951171875,1734.4000244140625,1706.4000244140625,1723.300048828125,248,56.31038334791507
2012-02-13,1725.0,1733.0,1718.4000244140625,1723.0,104,56.22169473432452
2012-02-14,1720.0,1724.9000244140625,1715.0,1715.9000244140625,94,54.05227799196174
2012-02-15,1723.5999755859375,1737.0,1723.5999755859375,1726.300048828125,110,56.688628659207055
2012-02-16,1718.4000244140625,1728.4000244140625,1707.0,1726.800048828125,38,56.81691287004222
2012-02-17,1733.5999755859375,1735.0999755859375,1718.800048828125,1724.5,80,55.99528629751399
2012-02-21,1736.0999755859375,1760.0,1733.5999755859375,1757.0999755859375,115,63.95213791017376
2012-02-22,1758.699951171875,1781.9000244140625,1750.0,1770.0,161,66.5310805968216
2012-02-23,1774.0,1786.0,1773.0,1784.9000244140625,298,69.2661033025833
2012-02-24,1778.5,1780.699951171875,1771.300048828125,1775.0999755859375,129,65.4761956640865
2012-02-27,1773.5999755859375,1775.5999755859375,1768.0999755859375,1773.5999755859375,841,64.89094799638255
2012-02-28,1767.9000244140625,1789.4000244140625,1767.9000244140625,1787.0,306,67.6709682826731
2012-02-29,1789.9000244140625,1790.4000244140625,1669.0,1709.9000244140625,359,45.39728373314239
2012-03-01,1698.5999755859375,1724.5999755859375,1698.5999755859375,1721.0999755859375,214,48.071180850523696
2012-03-02,1723.0,1723.0,1705.199951171875,1708.800048828125,135,45.43948941241787
2012-03-05,1705.5,1709.5,1695.4000244140625,1703.0,421,44.21038636609487
2012-03-06,1708.699951171875,1708.699951171875,1666.0,1671.4000244140625,176,38.15494907124002
2012-03-07,1676.0,1684.0,1673.0999755859375,1683.300048828125,39,41.409522163822956
2012-03-08,1686.4000244140625,1702.4000244140625,1686.4000244140625,1698.0999755859375,301,45.267259624359895
2012-03-09,1698.800048828125,1710.9000244140625,1680.699951171875,1710.9000244140625,73,48.42983505311153
2012-03-12,1708.0999755859375,1708.0999755859375,1694.9000244140625,1699.199951171875,98,45.82342419681707
2012-03-13,1698.4000244140625,1698.4000244140625,1685.0999755859375,1693.699951171875,47,44.60807205128416
2012-03-14,1676.9000244140625,1681.0,1637.4000244140625,1642.5,201,35.2384353768424
2012-03-15,1646.300048828125,1660.199951171875,1640.0,1659.0999755859375,405,39.66342765989337
2012-03-16,1660.0,1661.4000244140625,1641.300048828125,1655.5,317,39.04042978589125
2012-03-19,1661.199951171875,1668.0,1652.0999755859375,1666.9000244140625,462,42.13975737151094
2012-03-20,1648.0999755859375,1652.300048828125,1642.0,1646.699951171875,250,38.41296449852499
2012-03-21,1657.800048828125,1660.0,1646.0999755859375,1650.0,546,39.35654566074458
2012-03-22,1648.0,1649.4000244140625,1633.800048828125,1642.300048828125,321,37.89755198854445
2012-03-23,1652.5,1665.0999755859375,1646.300048828125,1662.300048828125,76,43.732302453655265
2012-03-26,1665.0,1692.9000244140625,1657.800048828125,1685.5,84,49.642713020195
2012-03-27,1687.800048828125,1690.800048828125,1684.4000244140625,1684.800048828125,100,49.47386355464626
2012-03-28,1670.0999755859375,1670.0999755859375,1657.9000244140625,1657.9000244140625,193107,43.36878754214849
2012-03-29,1661.800048828125,1664.5,1644.300048828125,1652.199951171875,47342,42.18098457289381
2012-03-30,1660.5999755859375,1670.0,1659.0,1669.300048828125,9825,46.88120452833287
2012-04-02,1670.4000244140625,1682.800048828125,1662.0,1677.5,2531,49.021302163305926
2012-04-03,1677.5999755859375,1679.5,1638.699951171875,1670.0,1165,47.150174773544684
2012-04-04,1646.5,1647.0,1612.300048828125,1612.300048828125,1122,35.82185598543299
2012-04-05,1620.800048828125,1633.199951171875,1620.4000244140625,1628.5,289,40.16832193530182
2012-04-09,1645.300048828125,1646.4000244140625,1636.5,1642.5,158,43.71591465263329
2012-04-10,1649.0,1661.699951171875,1636.199951171875,1659.5,350,47.76597619872478
2012-04-11,1654.800048828125,1659.699951171875,1654.699951171875,1659.0,426,47.65735571860987
2012-04-12,1660.0,1680.0999755859375,1650.0,1679.5,1309,52.43335368164756
2012-04-13,1673.300048828125,1674.800048828125,1650.0,1659.0999755859375,220,47.762884307060865
2012-04-16,1650.800048828125,1656.800048828125,1641.199951171875,1648.699951171875,717,45.53600747542662
2012-04-17,1652.0,1652.9000244140625,1637.0,1650.300048828125,69,45.95352035433086
2012-04-18,1653.199951171875,1653.300048828125,1638.0999755859375,1638.800048828125,273,43.379673426129195
2012-04-19,1642.0999755859375,1653.0999755859375,1632.0,1640.5999755859375,77,43.90921144938144
2012-04-20,1641.699951171875,1645.5999755859375,1640.9000244140625,1642.0999755859375,54,44.376093710832954
2012-04-23,1642.4000244140625,1642.4000244140625,1625.0999755859375,1631.9000244140625,226,41.82656700309607
2012-04-24,1634.4000244140625,1648.5999755859375,1634.4000244140625,1643.0,123,45.49638414546651
2012-04-25,1641.300048828125,1643.800048828125,1626.9000244140625,1641.4000244140625,82,45.05517910288117
2012-04-26,1658.300048828125,1659.5999755859375,1658.300048828125,1659.5999755859375,280,50.889370068129175
2012-04-27,1654.5,1666.9000244140625,1654.0,1664.0,236,52.21053072597558
2012-04-30,1663.0,1665.699951171875,1653.0,1663.4000244140625,36,52.00508876798608
2012-05-01,1665.0,1670.5,1661.699951171875,1661.699951171875,25,51.38805075641966
2012-05-02,1659.199951171875,1659.199951171875,1648.300048828125,1653.4000244140625,50,48.370608688982664
2012-05-03,1651.199951171875,1652.199951171875,1631.300048828125,1634.199951171875,78,42.19783599278677
2012-05-04,1635.699951171875,1645.5999755859375,1629.4000244140625,1644.699951171875,68,46.23840020668079
2012-05-07,1637.9000244140625,1640.0,1632.5999755859375,1638.5999755859375,21,44.300933390388934
2012-05-08,1636.699951171875,1636.699951171875,1596.0,1604.0,154,35.27270365328009
2012-05-09,1595.300048828125,1595.300048828125,1586.300048828125,1593.699951171875,30,33.10953219334418
2012-05-10,1594.199951171875,1595.0999755859375,1592.4000244140625,1595.0999755859375,6,33.70466809910809
2012-05-11,1586.0999755859375,1589.5999755859375,1583.5999755859375,1583.5999755859375,6,31.245509991298633
2012-05-14,1563.0,1563.0999755859375,1555.5,1560.5999755859375,5,27.002153847780917
2012-05-15,1555.4000244140625,1558.300048828125,1542.4000244140625,1556.800048828125,28,26.36508966075378
2012-05-16,1541.4000244140625,1541.4000244140625,1528.5,1536.199951171875,26,23.17318927094901
2012-05-17,1546.9000244140625,1579.0,1546.9000244140625,1574.5,51,38.16264083996917
2012-05-18,1573.699951171875,1591.5999755859375,1568.199951171875,1591.5999755859375,26,43.46613909664421
2012-05-21,1591.9000244140625,1594.0999755859375,1588.4000244140625,1588.4000244140625,32,42.72763502183659
2012-05-22,1575.699951171875,1578.0999755859375,1568.4000244140625,1576.300048828125,27,39.96271459019943
2012-05-23,1538.199951171875,1548.0999755859375,1534.4000244140625,1548.0999755859375,6,34.37906374428084
2012-05-24,1559.0,1569.4000244140625,1551.5,1557.300048828125,23,37.449632790230574
2012-05-25,1558.199951171875,1568.800048828125,1557.300048828125,1568.800048828125,7,41.15617202169228
2012-05-29,1574.699951171875,1582.5,1548.5999755859375,1548.5999755859375,259050,37.007850705045044
2012-05-30,1553.9000244140625,1569.0,1530.4000244140625,1563.4000244140625,79887,41.64855520790193
2012-05-31,1562.699951171875,1572.5999755859375,1551.800048828125,1562.5999755859375,5901,41.47069580112017
2012-06-01,1560.0,1630.0,1545.5,1620.5,2820,56.08647910127977
2012-06-04,1623.0,1627.9000244140625,1609.0,1612.199951171875,2134,54.00455122902002
2012-06-05,1619.300048828125,1622.699951171875,1612.9000244140625,1615.199951171875,604,54.659666172705435
2012-06-06,1619.699951171875,1639.699951171875,1616.5,1632.800048828125,419,58.40287824751426
2012-06-07,1622.5999755859375,1627.199951171875,1581.9000244140625,1586.5999755859375,1200,47.35172101780925
2012-06-08,1589.9000244140625,1593.9000244140625,1566.5,1590.0999755859375,157,48.15213460389334
2012-06-11,1608.0,1608.0,1583.0,1595.5,129,49.429570962830354
2012-06-12,1594.0999755859375,1612.800048828125,1588.5,1612.699951171875,523,53.37038880207524
2012-06-13,1608.199951171875,1622.4000244140625,1608.199951171875,1618.0999755859375,655,54.567433012649246
2012-06-14,1621.199951171875,1626.4000244140625,1610.0999755859375,1618.4000244140625,493,54.63711651072573
2012-06-15,1624.300048828125,1630.0,1621.5,1627.0,1015,56.68763880391213
2012-06-18,1622.5999755859375,1627.5999755859375,1615.0,1625.699951171875,246,56.27352936852961
2012-06-19,1629.800048828125,1630.699951171875,1622.0,1622.199951171875,32,55.10639246127089
2012-06-20,1618.300048828125,1618.300048828125,1601.300048828125,1614.800048828125,140,52.62141312055634
2012-06-21,1603.199951171875,1603.300048828125,1564.5,1564.5,29,39.56194390317568
2012-06-22,1565.5,1568.4000244140625,1560.0,1566.0,16,40.039839841451524
2012-06-25,1574.9000244140625,1587.5,1571.0,1587.5,32,46.56218032374524
2012-06-26,1583.5,1583.5,1567.699951171875,1574.0,104,43.37189810822161
2012-06-27,1567.0,1577.5,1563.0,1577.5,220,44.434858731178686
2012-06-28,1573.699951171875,1573.699951171875,1548.4000244140625,1549.699951171875,133,38.2873070236198
2012-06-29,1562.5999755859375,1603.5,1561.9000244140625,1603.5,61,52.09894681084929
2012-07-02,1597.0999755859375,1598.300048828125,1589.699951171875,1597.199951171875,35,50.66887471277
2012-07-03,1603.800048828125,1624.0,1603.800048828125,1621.300048828125,44,55.680549968914676
2012-07-05,1618.5,1619.199951171875,1598.0,1608.9000244140625,27,52.713193969440304
2012-07-06,1592.300048828125,1593.800048828125,1578.4000244140625,1578.4000244140625,15,46.19242410879687
2012-07-09,1582.0999755859375,1588.5999755859375,1580.9000244140625,1588.5999755859375,5,48.48738897665071
2012-07-10,1599.199951171875,1599.800048828125,1567.5999755859375,1579.300048828125,12,46.538396559108484
2012-07-11,1577.4000244140625,1579.5,1575.199951171875,1575.199951171875,12,45.666867386806246
2012-07-12,1569.300048828125,1574.699951171875,1557.199951171875,1564.9000244140625,44,43.464789323640325
2012-07-13,1567.800048828125,1594.0999755859375,1567.800048828125,1591.5999755859375,26,50.172326839000704
2012-07-16,1586.199951171875,1591.199951171875,1585.800048828125,1591.199951171875,7,50.07646660453059
2012-07-17,1596.0,1596.0,1576.300048828125,1589.0999755859375,27,49.5413425821847
2012-07-18,1581.199951171875,1583.699951171875,1569.9000244140625,1570.4000244140625,30,44.936344819054064
2012-07-19,1580.0,1586.9000244140625,1578.4000244140625,1580.0999755859375,60,47.65438407540595
2012-07-20,1583.9000244140625,1584.4000244140625,1576.0999755859375,1582.5,5,48.33394250759084
2012-07-23,1571.699951171875,1577.0999755859375,1569.800048828125,1577.0999755859375,4,46.859891482682734
2012-07-24,1574.0,1581.9000244140625,1574.0,1576.0,9,46.54847773222079
2012-07-25,1583.699951171875,1608.0,1583.300048828125,1608.0,12,55.75950555516696
2012-07-26,1614.9000244140625,1615.0,1614.0999755859375,1615.0,7,57.48541767251134
2012-07-27,1613.4000244140625,1617.9000244140625,1613.4000244140625,1617.9000244140625,197976,58.2127465490933
2012-07-30,1622.9000244140625,1625.800048828125,1613.0999755859375,1619.699951171875,52890,58.685175698585354
2012-07-31,1621.0999755859375,1627.5,1610.0,1610.5,6281,55.24708298449718
2012-08-01,1613.4000244140625,1617.199951171875,1592.0,1603.699951171875,3530,52.78549715416956
2012-08-02,1600.0,1615.0,1583.0999755859375,1587.4000244140625,933,47.340509901544095
2012-08-03,1589.300048828125,1606.0,1585.0999755859375,1606.0,676,53.26481748799581
2012-08-06,1604.699951171875,1614.0999755859375,1603.199951171875,1612.9000244140625,662,55.274994439235606
2012-08-07,1610.800048828125,1615.699951171875,1609.300048828125,1609.699951171875,449,54.11252349185008
2012-08-08,1610.199951171875,1614.800048828125,1603.0,1612.9000244140625,341,55.12878599830793
2012-08-09,1612.800048828125,1617.199951171875,1610.0999755859375,1617.0999755859375,433,56.49073997328863
2012-08-10,1615.800048828125,1624.0999755859375,1605.0,1619.699951171875,1219,57.35369026646837
2012-08-13,1622.0,1623.699951171875,1607.300048828125,1609.5999755859375,402,52.95945478689474
2012-08-14,1612.800048828125,1615.5999755859375,1591.199951171875,1599.4000244140625,910,48.88594792151094
2012-08-15,1593.800048828125,1604.5999755859375,1592.0,1603.699951171875,280,50.61061861040946
2012-08-16,1600.199951171875,1616.0999755859375,1600.199951171875,1616.0999755859375,199,55.29515513064213
2012-08-17,1617.800048828125,1617.800048828125,1611.4000244140625,1616.300048828125,249,55.36871206403166
2012-08-20,1614.0,1621.4000244140625,1611.5999755859375,1620.0999755859375,68,56.821840652061546
2012-08-21,1620.0,1639.9000244140625,1620.0,1639.9000244140625,258,63.49189843469927
2012-08-22,1638.4000244140625,1653.0999755859375,1635.0,1637.4000244140625,37,62.18568447385837
2012-08-23,1659.9000244140625,1672.699951171875,1658.0,1669.5999755859375,141,70.58080117313403
2012-08-24,1665.800048828125,1669.800048828125,1662.199951171875,1669.800048828125,24,70.62444020684532
2012-08-27,1674.9000244140625,1674.9000244140625,1663.9000244140625,1672.4000244140625,42,71.22184967903793
2012-08-28,1659.9000244140625,1671.0,1659.199951171875,1666.5,51,67.84972763959252
2012-08-29,1667.199951171875,1667.300048828125,1659.800048828125,1659.800048828125,403,64.13612635185588
2012-08-30,1655.4000244140625,1662.0,1650.699951171875,1653.5,418,60.768068380882816
2012-08-31,1658.5999755859375,1690.0,1646.199951171875,1684.5999755859375,58,69.33030314169741
2012-09-04,1689.0999755859375,1698.0,1687.699951171875,1692.9000244140625,43,71.14056164870803
2012-09-05,1690.4000244140625,1693.300048828125,1690.4000244140625,1690.800048828125,82,70.0145632332165
2012-09-06,1696.4000244140625,1712.4000244140625,1696.4000244140625,1702.5999755859375,39,72.63550668102229
2012-09-07,1696.699951171875,1738.199951171875,1696.699951171875,1737.5,109,78.59483114371658
2012-09-10,1733.0999755859375,1733.5,1727.199951171875,1728.699951171875,14,74.20653614475533
2012-09-11,1736.0,1736.0,1731.800048828125,1731.800048828125,2,74.74157228576345
2012-09-12,1742.199951171875,1742.300048828125,1730.5,1730.5999755859375,15,74.10078582720446
2012-09-13,1728.699951171875,1769.0999755859375,1728.699951171875,1769.0999755859375,33,80.01916083749973
2012-09-14,1771.0,1774.5,1766.0,1769.800048828125,25,80.10817476440421
2012-09-17,1774.800048828125,1774.800048828125,1753.800048828125,1767.699951171875,54,78.97160552173258
2012-09-18,1766.300048828125,1768.4000244140625,1766.300048828125,1768.4000244140625,13,79.0781687647606
2012-09-19,1776.0,1778.5,1768.0,1769.0,27,79.17556659689203
2012-09-20,1769.0999755859375,1771.300048828125,1760.5999755859375,1767.699951171875,17,78.3247045924418
2012-09-21,1785.300048828125,1785.300048828125,1772.300048828125,1775.5,10,79.73204822775762
2012-09-24,1762.0999755859375,1762.0999755859375,1762.0999755859375,1762.0999755859375,4,71.18147794749923
2012-09-25,1772.5999755859375,1772.699951171875,1763.800048828125,1763.800048828125,5,71.59764079039077
2012-09-26,1762.800048828125,1764.199951171875,1743.0,1750.5999755859375,15237,63.88371980933858
2012-09-27,1752.5999755859375,1780.199951171875,1750.699951171875,1777.5999755859375,6989,70.81106500665135
2012-09-28,1776.800048828125,1782.199951171875,1767.5,1771.0999755859375,2839,67.45660534336149
2012-10-01,1766.0,1791.0,1763.300048828125,1780.5,816,69.69259844383087
2012-10-02,1777.9000244140625,1779.300048828125,1772.699951171875,1772.699951171875,94,65.66107999892654
2012-10-03,1772.199951171875,1779.9000244140625,1771.9000244140625,1777.300048828125,134,66.87797548910447
2012-10-04,1783.5,1794.800048828125,1783.5,1794.0999755859375,199,70.92971043839633
2012-10-05,1792.199951171875,1792.199951171875,1776.5999755859375,1778.5999755859375,257,63.24291970196595
2012-10-08,1778.0,1778.0,1766.800048828125,1773.5,33,60.904163583114496
2012-10-09,1776.699951171875,1776.699951171875,1762.300048828125,1763.0,24,56.288849288816934
2012-10-10,1762.4000244140625,1764.199951171875,1758.0999755859375,1763.199951171875,29,56.35667454933382
2012-10-11,1761.5999755859375,1771.0,1761.5999755859375,1768.800048828125,30,58.307908067757495
2012-10-12,1769.5,1769.5,1753.5999755859375,1758.0,84,53.353736375245944
2012-10-15,1750.0,1750.0,1729.9000244140625,1736.0,108,44.97145594126261
2012-10-16,1736.699951171875,1744.699951171875,1736.5999755859375,1744.699951171875,15,48.42239535225842
2012-10-17,1749.4000244140625,1751.5,1746.0,1751.5,36,51.0085217944343
2012-10-18,1749.0999755859375,1749.0999755859375,1740.5,1743.300048828125,27,47.89021196518149
2012-10-19,1741.0999755859375,1741.0999755859375,1721.0,1722.800048828125,70,41.121945386823526
2012-10-22,1715.0,1728.300048828125,1715.0,1725.0999755859375,12,42.11044328160422
2012-10-23,1726.5999755859375,1726.5999755859375,1708.300048828125,1708.300048828125,75,37.19777614540078
2012-10-24,1708.4000244140625,1708.5,1698.5999755859375,1700.5,27,35.147570375370066
2012-10-25,1711.699951171875,1716.699951171875,1711.699951171875,1712.0,33,40.366218633916155
2012-10-26,1706.0999755859375,1716.199951171875,1706.0999755859375,1710.9000244140625,77,40.03437407067667
2012-10-31,1714.4000244140625,1724.5,1714.4000244140625,1717.5,64,43.05909274492832
2012-11-01,1722.300048828125,1725.0999755859375,1714.0999755859375,1714.0999755859375,24,41.8869362403811
2012-11-02,1711.300048828125,1711.300048828125,1674.0999755859375,1674.0999755859375,50,31.145199891532286
2012-11-05,1682.800048828125,1683.0999755859375,1674.300048828125,1682.199951171875,7,34.791946051240586
2012-11-06,1690.0999755859375,1718.0,1690.0999755859375,1714.0999755859375,47,46.75275253454026
2012-11-07,1707.699951171875,1726.5,1703.699951171875,1713.199951171875,42,46.4936326968359
2012-11-08,1715.9000244140625,1725.4000244140625,1714.199951171875,1725.4000244140625,34,50.49864109059008
2012-11-09,1733.699951171875,1734.0999755859375,1727.5999755859375,1730.300048828125,6,52.05102032083653
2012-11-12,1733.199951171875,1733.4000244140625,1730.300048828125,1730.300048828125,6,52.05102032083653
2012-11-13,1721.5999755859375,1728.199951171875,1718.5,1724.199951171875,12,49.79633472513588
2012-11-14,1722.0,1729.5,1722.0,1729.5,11,51.75186714752605
2012-11-15,1724.9000244140625,1724.9000244140625,1706.300048828125,1713.300048828125,10,45.870460430309954
2012-11-16,1710.0,1714.300048828125,1706.9000244140625,1714.300048828125,16,46.27633496193126
2012-11-19,1721.800048828125,1734.0,1721.800048828125,1734.0,4,53.64961379440939
2012-11-20,1730.5999755859375,1731.0999755859375,1722.5,1723.199951171875,21,49.62828532800249
2012-11-21,1725.800048828125,1727.9000244140625,1725.800048828125,1727.9000244140625,23,51.33774465284028
2012-11-23,1735.0,1751.300048828125,1735.0,1751.300048828125,8,58.82907618180432
2012-11-26,1750.300048828125,1750.5,1749.4000244140625,1749.5,24,58.088264463129455
2012-11-27,1746.4000244140625,1746.4000244140625,1742.199951171875,1742.199951171875,7,55.06010320584086
2012-11-28,1739.800048828125,1739.800048828125,1716.5,1716.5,276136,45.973712800822355
2012-11-29,1719.5999755859375,1729.0,1717.699951171875,1727.199951171875,65599,49.695849922868376
2012-11-30,1725.199951171875,1731.199951171875,1708.4000244140625,1710.9000244140625,3690,44.64934315349812
2012-12-03,1714.9000244140625,1721.9000244140625,1714.5,1719.5999755859375,1238,47.70195800419735
2012-12-04,1716.300048828125,1716.800048828125,1691.5999755859375,1694.4000244140625,1428,40.70011405428701
2012-12-05,1697.0999755859375,1706.0,1685.0,1692.4000244140625,1262,40.19583347874622
2012-12-06,1694.300048828125,1702.0999755859375,1686.4000244140625,1700.300048828125,525,43.19005615238535
2012-12-07,1701.199951171875,1704.5,1684.0,1704.0,169,44.58931610836111
2012-12-10,1704.199951171875,1717.0,1704.199951171875,1713.0,88,47.947807743332476
2012-12-11,1710.0,1714.0999755859375,1705.9000244140625,1708.199951171875,88,46.33476615313391
2012-12-12,1710.0999755859375,1722.300048828125,1708.0,1716.5999755859375,195,49.53434142461568
2012-12-13,1707.199951171875,1707.199951171875,1689.9000244140625,1695.5999755859375,240,42.68297197828077
2012-12-14,1698.300048828125,1699.199951171875,1694.4000244140625,1695.800048828125,72,42.76419762303657
2012-12-17,1690.5,1698.5,1689.5,1697.0,65,43.28333161121218
2012-12-18,1701.4000244140625,1702.800048828125,1661.0,1669.5,501,35.36640816017872
2012-12-19,1675.300048828125,1676.0,1664.5999755859375,1666.5,76,34.62241932205454
2012-12-20,1667.9000244140625,1671.0,1637.5999755859375,1644.9000244140625,158,29.766995392422814
2012-12-21,1648.0,1659.0999755859375,1635.800048828125,1659.0999755859375,78,36.11034382748099
2012-12-24,1657.699951171875,1663.800048828125,1654.9000244140625,1658.5999755859375,73,35.987092412141436
2012-12-26,1654.5,1666.699951171875,1654.5,1659.800048828125,73,36.54689589421428
2012-12-27,1656.199951171875,1662.5999755859375,1656.199951171875,1662.5999755859375,446,37.91118070656135
2012-12-28,1664.0,1664.0,1653.699951171875,1654.9000244140625,197,35.64165052283879
2012-12-31,1655.4000244140625,1677.0999755859375,1655.4000244140625,1674.800048828125,89,44.83334582172467
2013-01-02,1672.800048828125,1693.800048828125,1670.0,1687.9000244140625,35,49.90539269493137
2013-01-03,1686.0999755859375,1686.800048828125,1662.0,1673.699951171875,140,45.06831849298093
2013-01-04,1647.0,1658.300048828125,1625.699951171875,1648.0999755859375,199,37.930610798525585
2013-01-07,1656.5,1659.9000244140625,1643.800048828125,1645.5,49,37.28475860099061
2013-01-08,1647.699951171875,1661.5,1647.699951171875,1661.5,17,43.64417830151977
2013-01-09,1658.5999755859375,1662.0999755859375,1651.9000244140625,1654.800048828125,9,41.735694942974945
2013-01-10,1672.5,1677.300048828125,1672.5,1677.300048828125,9,49.69173497983917
2013-01-11,1673.0999755859375,1673.0999755859375,1654.199951171875,1660.0,147,44.64389100778975
2013-01-14,1665.4000244140625,1673.800048828125,1664.0999755859375,1668.9000244140625,10,47.5933136821534
2013-01-15,1671.5999755859375,1684.300048828125,1671.5999755859375,1683.4000244140625,20,52.073618733502904
2013-01-16,1674.4000244140625,1682.699951171875,1674.4000244140625,1682.699951171875,11,51.84317091502486
2013-01-17,1676.4000244140625,1694.5999755859375,1671.0,1690.4000244140625,81,54.241782891074955
2013-01-18,1687.4000244140625,1692.0,1686.5999755859375,1686.5999755859375,14,52.8429426629045
2013-01-22,1690.300048828125,1694.699951171875,1687.800048828125,1692.800048828125,15,54.88715812897053
2013-01-23,1691.300048828125,1693.699951171875,1685.199951171875,1686.300048828125,28,52.326211737821694
2013-01-24,1680.800048828125,1681.699951171875,1668.0,1669.5,13,46.311675982079066
2013-01-25,1663.0,1663.0,1656.4000244140625,1656.4000244140625,44,42.23505353506343
2013-01-28,1651.5999755859375,1655.5,1651.5999755859375,1652.4000244140625,82,41.04692132200741
2013-01-29,1661.199951171875,1661.5,1660.699951171875,1660.699951171875,145863,44.533665921619445
2013-01-30,1662.4000244140625,1683.0,1661.800048828125,1679.9000244140625,44893,51.65667464644272
2013-01-31,1675.4000244140625,1680.0,1657.4000244140625,1660.5999755859375,6044,45.35189825109628
2013-02-01,1663.9000244140625,1681.199951171875,1659.9000244140625,1669.4000244140625,3250,48.44185153425591
2013-02-04,1668.0,1676.5,1661.5999755859375,1675.300048828125,450,50.46417062412196
2013-02-05,1674.199951171875,1683.4000244140625,1666.5,1672.4000244140625,353,49.43770780296884
2013-02-06,1672.199951171875,1678.5,1668.0,1677.699951171875,376,51.383931758399214
2013-02-07,1677.0,1682.0999755859375,1663.0999755859375,1670.4000244140625,475,48.60861459625744
2013-02-08,1671.5,1672.5,1664.800048828125,1666.0,289,46.96214219575467
2013-02-11,1666.5,1668.0,1643.699951171875,1648.199951171875,868,40.92319132293653
2013-02-12,1643.800048828125,1650.4000244140625,1642.4000244140625,1648.699951171875,85,41.1521082987095
2013-02-13,1652.199951171875,1652.300048828125,1640.199951171875,1644.199951171875,236,39.66251266821343
2013-02-14,1641.0999755859375,1646.9000244140625,1632.699951171875,1634.699951171875,219,36.64668340443376
2013-02-15,1633.199951171875,1633.9000244140625,1599.5,1608.800048828125,460,29.958529928622866
2013-02-19,1610.0,1617.0,1599.699951171875,1603.5999755859375,272,28.82121722453296
2013-02-20,1604.699951171875,1606.9000244140625,1561.800048828125,1577.5999755859375,278,23.929684763496255
2013-02-21,1568.5,1581.199951171875,1555.199951171875,1578.199951171875,2019,24.24918035612869
2013-02-22,1580.0,1585.4000244140625,1572.4000244140625,1572.4000244140625,76,23.23331880892256
2013-02-25,1579.4000244140625,1596.0,1577.699951171875,1586.199951171875,118,30.674926207482258
2013-02-26,1593.300048828125,1615.199951171875,1589.0,1615.199951171875,1158,43.14734392480955
2013-02-27,1612.800048828125,1612.800048828125,1591.800048828125,1595.199951171875,700,38.06150145081697
2013-02-28,1596.0,1601.5999755859375,1575.0999755859375,1577.699951171875,102,34.25658093139555
2013-03-01,1579.5999755859375,1585.5999755859375,1566.0,1571.9000244140625,68,33.076404043656055
2013-03-04,1580.800048828125,1580.800048828125,1569.699951171875,1572.0999755859375,64,33.16189365747472
2013-03-05,1577.5999755859375,1585.5,1571.4000244140625,1574.5999755859375,65,34.29208636981022
2013-03-06,1577.5999755859375,1582.5999755859375,1566.800048828125,1574.5999755859375,106,34.29208636981022
2013-03-07,1580.0,1583.5,1573.9000244140625,1574.800048828125,52,34.39504988078325
2013-03-08,1578.5999755859375,1581.199951171875,1561.800048828125,1576.5999755859375,68,35.37614036815333
2013-03-11,1576.0,1579.699951171875,1576.0,1577.800048828125,1115,36.062678237967994
2013-03-12,1579.800048828125,1595.5999755859375,1579.800048828125,1591.5,159,43.4486934695016
2013-03-13,1592.300048828125,1596.0,1585.0,1588.300048828125,396,42.2218146499728
2013-03-14,1585.699951171875,1590.5999755859375,1575.699951171875,1590.5999755859375,137,43.457631972409374
2013-03-15,1590.5,1594.4000244140625,1590.199951171875,1592.5,11,44.513495064257114
2013-03-18,1605.9000244140625,1607.699951171875,1601.5999755859375,1604.5999755859375,613,50.81283961488731
2013-03-19,1613.0999755859375,1613.0999755859375,1611.300048828125,1611.300048828125,202,53.931659545239185
2013-03-20,1610.0,1612.5,1606.199951171875,1607.5,5,51.92083343833819
2013-03-21,1612.800048828125,1613.800048828125,1611.9000244140625,1613.800048828125,7,54.921641680198576
2013-03-22,1611.0,1611.0,1604.0999755859375,1606.199951171875,101,50.802327965816815
2013-03-25,1607.0999755859375,1607.800048828125,1596.0999755859375,1604.5999755859375,27,49.95291081832834
2013-03-26,1595.800048828125,1595.800048828125,1595.800048828125,1595.800048828125,165484,45.45161915422086
2013-03-27,1598.5,1608.0999755859375,1590.300048828125,1606.199951171875,50450,51.063913918461964
2013-03-28,1604.699951171875,1606.5999755859375,1593.5999755859375,1594.800048828125,4717,45.53362991037688
2013-04-01,1596.800048828125,1600.5,1594.800048828125,1600.0,688,48.2849017790809
2013-04-02,1599.199951171875,1602.5999755859375,1574.0999755859375,1575.0999755859375,2289,38.30646806652682
2013-04-03,1575.699951171875,1576.4000244140625,1549.199951171875,1552.800048828125,2171,31.940296790667716
2013-04-04,1557.300048828125,1557.300048828125,1539.0999755859375,1551.800048828125,829,31.685991871592037
2013-04-05,1553.199951171875,1580.5999755859375,1550.0999755859375,1575.4000244140625,1184,43.18312133990736
2013-04-08,1575.800048828125,1577.800048828125,1567.800048828125,1572.0,101,42.08423134462593
2013-04-09,1571.5999755859375,1589.300048828125,1570.0,1586.199951171875,215,48.03214283499161
2013-04-10,1584.4000244140625,1586.0,1557.0,1558.300048828125,359,39.45779657799597
2013-04-11,1557.0999755859375,1566.699951171875,1554.800048828125,1564.300048828125,1070,41.86142158926741
2013-04-12,1560.800048828125,1560.800048828125,1480.199951171875,1501.0,881,28.848615774499876
2013-04-15,1478.199951171875,1487.4000244140625,1338.0,1360.5999755859375,1309,16.555741582929272
2013-04-16,1358.0,1401.0,1323.0,1386.800048828125,619,23.137793598485587
2013-04-17,1373.199951171875,1394.199951171875,1370.199951171875,1382.199951171875,92,22.797772014334384
2013-04-18,1347.5,1396.4000244140625,1347.5,1392.0,57,25.315792124590175
2013-04-19,1419.300048828125,1420.300048828125,1395.0999755859375,1395.300048828125,241,26.18882041256201
2013-04-22,1406.800048828125,1434.9000244140625,1406.800048828125,1421.0,70,32.77905350864788
2013-04-23,1429.5,1429.5,1405.800048828125,1408.5999755859375,334,31.325754122433437
2013-04-24,1423.199951171875,1430.0999755859375,1420.4000244140625,1423.4000244140625,138,35.02836254350734
2013-04-25,1433.0,1461.800048828125,1433.0,1461.800048828125,222,43.53480133903375
2013-04-26,1467.4000244140625,1476.199951171875,1451.4000244140625,1453.5999755859375,976,42.262329114382396
2013-04-29,1462.699951171875,1475.5,1462.300048828125,1467.4000244140625,269,45.16702791702828
2013-04-30,1471.0999755859375,1476.5999755859375,1461.0,1472.199951171875,534,46.18120658815231
2013-05-01,1475.800048828125,1477.0999755859375,1440.0,1446.300048828125,131,41.69942253823112
2013-05-02,1459.0,1471.199951171875,1453.5,1467.699951171875,244,46.333735570184395
2013-05-03,1465.5,1487.0999755859375,1461.4000244140625,1464.300048828125,68,45.712033398783994
2013-05-06,1468.0999755859375,1477.199951171875,1466.800048828125,1468.0999755859375,33,46.574861324791854
2013-05-07,1462.0,1466.199951171875,1441.199951171875,1449.0,91,42.88532654404774
2013-05-08,1455.5,1474.699951171875,1450.699951171875,1473.9000244140625,81,48.60169814571381
2013-05-09,1471.199951171875,1473.4000244140625,1453.0,1468.800048828125,27,47.551928768956486
2013-05-10,1455.5999755859375,1459.300048828125,1423.0,1436.800048828125,569,41.49558021130503
2013-05-13,1440.0,1440.5999755859375,1427.800048828125,1434.5,344,41.09048625282777
2013-05-14,1430.0999755859375,1444.4000244140625,1422.0,1424.699951171875,72,39.3287537125096
2013-05-15,1425.699951171875,1425.699951171875,1390.0999755859375,1396.5,364,34.7162539927221
2013-05-16,1390.4000244140625,1395.0999755859375,1370.5999755859375,1387.0999755859375,38,33.31371624280325
2013-05-17,1386.699951171875,1391.0999755859375,1359.0999755859375,1364.9000244140625,50,30.209623192011165
2013-05-20,1342.9000244140625,1387.5,1342.9000244140625,1384.300048828125,21,35.83610964976137
2013-05-21,1386.5,1392.300048828125,1358.5,1377.800048828125,51,34.823119615232855
2013-05-22,1387.199951171875,1395.699951171875,1364.5,1367.5999755859375,14,33.2354487327851
2013-05-23,1380.5999755859375,1394.800048828125,1377.800048828125,1392.0,58,40.25292724830348
2013-05-24,1386.800048828125,1386.800048828125,1386.800048828125,1386.800048828125,2,39.30478335513792
2013-05-28,1380.800048828125,1390.4000244140625,1379.0999755859375,1379.0999755859375,55,37.88183838548844
2013-05-29,1391.300048828125,1391.300048828125,1391.300048828125,1391.300048828125,168665,41.49578803003389
2013-05-30,1392.0999755859375,1417.5,1388.300048828125,1411.5,45133,46.99445448183862
2013-05-31,1412.4000244140625,1421.0999755859375,1384.199951171875,1392.5999755859375,5997,42.92892611413486
2013-06-03,1389.0999755859375,1416.300048828125,1388.300048828125,1411.699951171875,1420,47.83986180266471
2013-06-04,1410.9000244140625,1413.699951171875,1389.0,1397.0999755859375,930,44.67525849885328
2013-06-05,1397.5,1410.0,1395.5999755859375,1398.4000244140625,1687,45.0239928854941
2013-06-06,1401.699951171875,1422.699951171875,1391.5999755859375,1415.699951171875,782,49.5786831328123
2013-06-07,1411.5,1416.0999755859375,1377.9000244140625,1383.0,1163,42.42407914264691
2013-06-10,1378.800048828125,1386.9000244140625,1375.5999755859375,1386.199951171875,367,43.286575785947335
2013-06-11,1384.199951171875,1384.4000244140625,1366.0,1377.0,482,41.36787781140014
2013-06-12,1375.0,1393.5,1373.699951171875,1391.800048828125,514,45.549256563579675
2013-06-13,1386.800048828125,1390.9000244140625,1373.4000244140625,1377.5999755859375,458,42.423182527207075
2013-06-14,1383.9000244140625,1389.5999755859375,1377.800048828125,1387.300048828125,90,45.190402548968514
2013-06-17,1390.300048828125,1390.5,1380.0,1382.800048828125,114,44.13075943486543
2013-06-18,1383.0999755859375,1383.5,1363.0,1366.5999755859375,346,40.45323307263136
2013-06-19,1368.0999755859375,1373.5999755859375,1348.0999755859375,1373.5999755859375,198,42.676111846323465
2013-06-20,1348.0999755859375,1348.0999755859375,1275.4000244140625,1285.9000244140625,712,28.381356298458215
2013-06-21,1280.4000244140625,1300.0,1268.9000244140625,1291.5999755859375,456,30.02198378050784
2013-06-24,1297.300048828125,1297.300048828125,1275.699951171875,1276.800048828125,321,28.214676182495282
2013-06-25,1281.300048828125,1286.0,1273.199951171875,1274.800048828125,953,27.969637505425
2013-06-26,1273.9000244140625,1273.9000244140625,1228.800048828125,1229.5999755859375,981,23.089167301407343
2013-06-27,1224.699951171875,1241.4000244140625,1198.300048828125,1211.4000244140625,533,21.465032244365375
2013-06-28,1200.9000244140625,1232.300048828125,1183.199951171875,1223.800048828125,232,25.31944658512245
2013-07-01,1234.699951171875,1261.0,1234.199951171875,1255.9000244140625,150,34.307724269035475
2013-07-02,1254.0999755859375,1266.300048828125,1241.199951171875,1243.5999755859375,107,32.68443202863668
2013-07-03,1243.800048828125,1258.199951171875,1240.300048828125,1252.0999755859375,19,34.97417862418486
2013-07-05,1252.699951171875,1254.0999755859375,1208.9000244140625,1212.9000244140625,72,29.91965956098126
2013-07-08,1218.800048828125,1235.199951171875,1215.4000244140625,1234.9000244140625,58,35.54931352017002
2013-07-09,1234.699951171875,1254.5,1234.4000244140625,1245.9000244140625,33,38.22156359387387
2013-07-10,1244.5999755859375,1263.9000244140625,1244.5999755859375,1247.4000244140625,58,38.59544459656166
2013-07-11,1284.5999755859375,1285.0,1278.9000244140625,1280.0999755859375,18,46.23451608026293
2013-07-12,1282.300048828125,1282.300048828125,1274.300048828125,1277.800048828125,6,45.80291287020291
2013-07-15,1292.0999755859375,1292.4000244140625,1281.5999755859375,1283.800048828125,19,47.18798694214537
2013-07-16,1279.4000244140625,1291.4000244140625,1279.4000244140625,1290.800048828125,13,48.830979625518864
2013-07-17,1286.199951171875,1294.4000244140625,1272.9000244140625,1277.9000244140625,11,45.99138360970056
2013-07-18,1275.300048828125,1286.4000244140625,1275.199951171875,1284.5999755859375,26,47.69271565858714
2013-07-19,1291.699951171875,1293.300048828125,1290.0,1293.300048828125,9,49.89971489737579
2013-07-22,1317.0,1336.4000244140625,1317.0,1336.4000244140625,18,59.10520377197203
2013-07-23,1334.800048828125,1342.300048828125,1327.9000244140625,1335.0999755859375,10,58.7545203235204
2013-07-24,1342.199951171875,1343.5,1318.5999755859375,1319.699951171875,42,54.620331489252855
2013-07-25,1318.5,1336.800048828125,1318.5,1329.0,55,56.60608947012677
2013-07-26,1326.5,1326.5,1321.699951171875,1321.699951171875,66,54.58689293499995
2013-07-29,1328.4000244140625,1328.4000244140625,1328.4000244140625,1328.4000244140625,134359,56.133523743239344
2013-07-30,1327.199951171875,1329.5999755859375,1316.199951171875,1324.0,44769,54.8132879178498
2013-07-31,1325.5,1338.4000244140625,1304.9000244140625,1312.4000244140625,6252,51.382224225444986
2013-08-01,1323.0,1328.5,1306.9000244140625,1311.0,1562,50.96755676293665
2013-08-02,1306.699951171875,1317.0,1283.0,1310.5999755859375,1451,50.84130445786461
2013-08-05,1311.199951171875,1318.300048828125,1297.5,1302.5999755859375,904,48.266301710559624
2013-08-06,1303.0,1305.9000244140625,1279.300048828125,1283.199951171875,1314,42.62794691029985
2013-08-07,1282.5,1288.4000244140625,1274.0,1286.0999755859375,989,43.686960199352185
2013-08-08,1283.9000244140625,1312.800048828125,1283.699951171875,1310.699951171875,482,51.812514363646144
2013-08-09,1315.0999755859375,1315.800048828125,1306.699951171875,1312.9000244140625,449,52.47301228317097
2013-08-12,1317.199951171875,1342.4000244140625,1317.199951171875,1334.699951171875,312,58.53751377321223
2013-08-13,1331.9000244140625,1339.0999755859375,1320.199951171875,1321.199951171875,209,53.946763880373894
2013-08-14,1317.699951171875,1336.300048828125,1317.699951171875,1334.0,333,57.36118458809165
2013-08-15,1340.0999755859375,1369.5999755859375,1319.9000244140625,1361.5999755859375,235,63.6238027071645
2013-08-16,1366.800048828125,1378.9000244140625,1361.0,1371.699951171875,175,65.61414138276079
2013-08-19,1379.0,1384.4000244140625,1363.9000244140625,1366.199951171875,139,63.57420022784048
2013-08-20,1355.0,1377.0,1355.0,1373.0999755859375,123,65.04255985064245
2013-08-21,1372.5,1377.300048828125,1360.9000244140625,1370.5999755859375,109,64.03535633520724
2013-08-22,1362.0,1380.4000244140625,1362.0,1371.199951171875,79,64.17871995627756
2013-08-23,1376.800048828125,1398.199951171875,1373.9000244140625,1395.699951171875,178,69.52156995967205
2013-08-26,1398.5999755859375,1402.800048828125,1391.300048828125,1393.0,203,68.31234915583438
2013-08-27,1403.800048828125,1421.0999755859375,1398.699951171875,1420.5999755859375,397,73.4047992678728
2013-08-28,1417.300048828125,1428.0,1417.300048828125,1419.0,489,72.67565239197441
2013-08-29,1417.4000244140625,1417.4000244140625,1404.5,1412.9000244140625,375,69.82779450450819
2013-08-30,1407.199951171875,1409.800048828125,1392.300048828125,1396.0999755859375,0,62.55714176141643
2013-09-03,1393.0,1414.4000244140625,1382.300048828125,1412.0,139,66.14951837318843
2013-09-04,1413.0,1413.0,1387.0999755859375,1389.9000244140625,104,57.842609770184815
2013-09-05,1393.5,1397.5,1367.0999755859375,1373.0999755859375,37,52.450420212486975
2013-09-06,1371.0,1390.0999755859375,1368.9000244140625,1386.699951171875,52,56.02431796630046
2013-09-09,1389.800048828125,1389.800048828125,1386.5,1386.800048828125,44,56.050500992027004
2013-09-10,1377.5,1377.5,1357.5999755859375,1364.0999755859375,21,48.93486567114168
2013-09-11,1365.800048828125,1365.800048828125,1356.699951171875,1363.9000244140625,60,48.87600688795516
2013-09-12,1360.0,1360.0,1322.4000244140625,1330.4000244140625,120,40.1604195908361
2013-09-13,1322.9000244140625,1323.0,1305.300048828125,1308.4000244140625,38,35.66283480722822
2013-09-16,1328.4000244140625,1329.5999755859375,1310.800048828125,1317.9000244140625,107,38.847619608731605
2013-09-17,1313.0,1313.0999755859375,1309.5,1309.5,24,37.09889750023695
2013-09-18,1292.0999755859375,1347.699951171875,1292.0999755859375,1307.800048828125,29,36.73846990423791
2013-09-19,1362.9000244140625,1373.0,1362.9000244140625,1369.4000244140625,35,54.12932506791203
2013-09-20,1347.5,1347.5,1330.699951171875,1332.5,2,45.97586494530686
2013-09-23,1327.0999755859375,1327.800048828125,1317.5999755859375,1326.9000244140625,78,44.871223298959
2013-09-24,1321.199951171875,1324.9000244140625,1309.4000244140625,1316.0,61,42.71970157804289
2013-09-25,1322.699951171875,1335.9000244140625,1322.699951171875,1335.9000244140625,51,47.654485281047826
2013-09-26,1335.199951171875,1338.300048828125,1323.5999755859375,1323.5999755859375,13170,45.069919771145926
2013-09-27,1321.5,1343.800048828125,1319.699951171875,1338.4000244140625,2990,48.67685248078446
2013-09-30,1345.800048828125,1350.9000244140625,1322.0,1326.5,597,46.05805001294646
2013-10-01,1328.0,1334.0,1284.5,1286.0,815,38.4719829309376
2013-10-02,1288.5,1321.0,1280.0,1320.5999755859375,152,46.56875442240434
2013-10-03,1312.0,1319.5,1302.5,1317.4000244140625,217,45.966291021990905
2013-10-04,1316.199951171875,1318.0999755859375,1305.699951171875,1309.699951171875,38,44.47524654293373
2013-10-07,1313.800048828125,1325.4000244140625,1311.800048828125,1324.800048828125,84,48.03508999151934
2013-10-08,1326.5,1330.0,1321.199951171875,1324.199951171875,57,47.90364631719567
2013-10-09,1317.5999755859375,1319.0,1295.300048828125,1306.9000244140625,140,44.15266404128936
2013-10-10,1303.4000244140625,1310.800048828125,1285.0,1296.5999755859375,89,42.041905599008345
2013-10-11,1286.9000244140625,1291.5999755859375,1263.800048828125,1268.0,210,36.78358841971226
2013-10-14,1275.800048828125,1285.800048828125,1273.9000244140625,1276.4000244140625,61,39.189302128701414
2013-10-15,1270.5,1283.5999755859375,1254.0999755859375,1273.0,208,38.5498283772285
2013-10-16,1282.800048828125,1284.0,1269.199951171875,1282.0,86,41.28118034076758
2013-10-17,1307.0,1322.699951171875,1307.0,1322.699951171875,72,51.730013733977856
2013-10-18,1318.800048828125,1326.0,1312.5999755859375,1314.4000244140625,65,49.78443364323286
2013-10-21,1316.800048828125,1317.699951171875,1315.699951171875,1315.699951171875,23,50.100973136346504
2013-10-22,1313.9000244140625,1342.5999755859375,1313.9000244140625,1342.5,55,56.227226915219916
2013-10-23,1331.9000244140625,1333.9000244140625,1331.9000244140625,1333.9000244140625,13,53.938731975959534
2013-10-24,1334.5,1350.199951171875,1334.5,1350.199951171875,18,57.47181060444883
2013-10-25,1346.199951171875,1353.0,1346.199951171875,1352.4000244140625,23,57.94074827806991
2013-10-28,1351.4000244140625,1359.199951171875,1349.0,1352.0,23,57.815918068521896
2013-10-29,1359.5999755859375,1359.699951171875,1345.199951171875,1345.199951171875,168,55.62213601446704
2013-10-30,1340.800048828125,1355.800048828125,1335.5999755859375,1349.0,44,56.61289619433796
2013-10-31,1334.0,1334.0,1321.699951171875,1323.5999755859375,62,48.774540371170104
2013-11-01,1325.699951171875,1325.699951171875,1308.0,1313.0999755859375,21,45.9427172247137
2013-11-04,1314.5999755859375,1320.5,1312.0999755859375,1314.5999755859375,39,46.42129420384481
2013-11-05,1313.300048828125,1317.5,1306.9000244140625,1308.0,98,44.552318502182715
2013-11-06,1313.5,1318.5999755859375,1312.5,1317.699951171875,11,47.87396207647845
2013-11-07,1323.5999755859375,1323.5999755859375,1298.0,1308.4000244140625,129,45.08527959341913
2013-11-08,1308.0,1308.0999755859375,1281.300048828125,1284.5,22,38.825981434113345
2013-11-11,1281.5999755859375,1281.800048828125,1281.0,1281.0,5,37.99410002816442
2013-11-12,1282.300048828125,1282.300048828125,1271.0999755859375,1271.0999755859375,3,35.66627852342515
2013-11-13,1274.0,1280.5,1268.300048828125,1268.300048828125,17,35.01291206438684
2013-11-14,1280.199951171875,1293.300048828125,1278.0999755859375,1286.199951171875,29,42.29120780174262
2013-11-15,1287.699951171875,1288.5,1281.5,1287.300048828125,16,42.71582981875021
2013-11-18,1284.699951171875,1284.800048828125,1272.199951171875,1272.199951171875,10,38.525553948965744
2013-11-19,1274.199951171875,1275.199951171875,1271.0,1273.4000244140625,10,39.03738898136691
2013-11-20,1269.0,1269.0,1241.9000244140625,1257.9000244140625,120,34.98571270672501
2013-11-21,1245.699951171875,1247.0999755859375,1236.5,1243.5,90,31.69451274479499
2013-11-22,1243.199951171875,1247.0,1241.4000244140625,1244.0,77,31.93394660819787
2013-11-25,1231.0999755859375,1241.0999755859375,1229.0,1241.0999755859375,19,31.249731587690718
2013-11-26,1243.0,1243.0,1241.4000244140625,1241.4000244140625,178417,31.413471214728048
2013-11-27,1241.5999755859375,1254.800048828125,1235.5,1237.800048828125,82331,30.47564030631986
2013-11-29,1237.800048828125,1254.5,1233.699951171875,1250.5999755859375,9203,37.60795424720995
2013-12-02,1251.4000244140625,1251.5,1217.800048828125,1222.300048828125,4979,30.22510798653468
2013-12-03,1219.199951171875,1225.699951171875,1215.5999755859375,1221.699951171875,1932,30.090214586203373
2013-12-04,1225.0999755859375,1250.4000244140625,1212.9000244140625,1248.199951171875,1823,42.33017705023184
2013-12-05,1240.0,1241.5,1218.5999755859375,1233.199951171875,446,38.2480927498707
2013-12-06,1228.699951171875,1242.0,1213.0,1230.300048828125,1032,37.49528286023366
2013-12-09,1230.199951171875,1243.199951171875,1229.0,1235.300048828125,352,39.699075935439
2013-12-10,1239.0,1267.0,1239.0,1262.4000244140625,882,49.990866272306256
2013-12-11,1261.9000244140625,1261.9000244140625,1252.0999755859375,1258.5,147,48.702609877037155
2013-12-12,1253.5,1255.4000244140625,1225.9000244140625,1226.0,609,39.554895351066776
2013-12-13,1226.699951171875,1239.0,1222.199951171875,1235.699951171875,446,42.99628911543493
2013-12-16,1238.4000244140625,1250.5999755859375,1228.9000244140625,1245.5,242,46.32148403984403
2013-12-17,1237.0,1240.4000244140625,1231.199951171875,1231.199951171875,22,42.43192244767402
2013-12-18,1231.5,1245.0999755859375,1217.0,1236.0999755859375,114,44.16210772296826
2013-12-19,1226.5999755859375,1226.5999755859375,1188.699951171875,1195.0,124,34.73281921351433
2013-12-20,1190.9000244140625,1207.800048828125,1190.9000244140625,1205.0999755859375,204,38.22354365791758
2013-12-23,1205.199951171875,1205.199951171875,1195.9000244140625,1198.4000244140625,123,36.81683811602857
2013-12-24,1199.800048828125,1205.5999755859375,1197.699951171875,1205.0999755859375,184,39.225513276324676
2013-12-26,1207.0999755859375,1215.9000244140625,1207.0999755859375,1214.0999755859375,140,42.40195003924528
2013-12-27,1213.4000244140625,1218.5,1212.9000244140625,1216.0999755859375,278,43.11349174551
2013-12-30,1215.0,1215.0,1194.4000244140625,1203.0999755859375,351,39.68199116445502
2013-12-31,1196.4000244140625,1212.4000244140625,1182.0,1201.9000244140625,124,39.37049930088926
2014-01-02,1204.300048828125,1227.300048828125,1204.300048828125,1225.0,209,47.85621426263427
2014-01-03,1221.699951171875,1239.0,1221.699951171875,1238.4000244140625,142,52.04880645777429
2014-01-06,1232.800048828125,1247.0,1221.9000244140625,1237.800048828125,127,51.847793979511145
2014-01-07,1239.300048828125,1242.4000244140625,1226.300048828125,1229.4000244140625,73,48.994843267553904
2014-01-08,1227.5,1227.5,1218.5999755859375,1225.300048828125,189,47.61758077949515
2014-01-09,1225.800048828125,1229.300048828125,1225.800048828125,1229.300048828125,7,49.120288072092194
2014-01-10,1235.0,1246.800048828125,1234.0,1246.699951171875,58,55.14787361082213
2014-01-13,1250.5999755859375,1252.699951171875,1245.5,1250.9000244140625,46,56.48787056909054
2014-01-14,1251.0,1251.300048828125,1242.0,1245.199951171875,37,54.12454637812367
2014-01-15,1243.0999755859375,1243.199951171875,1238.0999755859375,1238.0999755859375,68,51.24840924590905
2014-01-16,1239.300048828125,1242.800048828125,1239.0,1240.0,48,51.98375322204932
2014-01-17,1239.699951171875,1254.300048828125,1239.699951171875,1251.699951171875,101,56.34988364726983
2014-01-21,1256.4000244140625,1257.5,1240.0,1242.300048828125,224,52.239946380023255
2014-01-22,1241.699951171875,1242.0,1239.0,1239.0,58,50.838059906366006
2014-01-23,1235.199951171875,1264.199951171875,1235.199951171875,1262.5999755859375,40,59.258310694367616
2014-01-24,1258.300048828125,1269.4000244140625,1258.300048828125,1264.5,38,59.85447431885327
2014-01-27,1259.800048828125,1264.4000244140625,1254.4000244140625,1263.5999755859375,92,59.41099531686247
2014-01-28,1257.9000244140625,1258.4000244140625,1251.0,1251.0,20,53.441282869710484
2014-01-29,1262.199951171875,1262.199951171875,1262.199951171875,1262.199951171875,137028,57.52667676730797
2014-01-30,1267.0,1267.699951171875,1237.5,1242.199951171875,45276,49.22088729791623
2014-01-31,1243.5999755859375,1254.5,1238.4000244140625,1240.0999755859375,5820,48.430214212065046
2014-02-03,1242.4000244140625,1266.300048828125,1241.199951171875,1260.4000244140625,2914,55.81867210137015
2014-02-04,1258.4000244140625,1260.699951171875,1247.800048828125,1251.699951171875,1745,52.3565677554277
2014-02-05,1254.0,1273.699951171875,1253.0999755859375,1257.300048828125,1616,54.320555794850414
2014-02-06,1258.0,1267.0,1253.5,1257.5999755859375,274,54.42890595281554
2014-02-07,1258.300048828125,1271.4000244140625,1257.9000244140625,1263.300048828125,436,56.538798660626576
2014-02-10,1269.5999755859375,1277.300048828125,1265.699951171875,1274.800048828125,742,60.51114864404848
2014-02-11,1274.0,1292.0,1273.800048828125,1290.0999755859375,562,65.0836217765617
2014-02-12,1290.5,1296.199951171875,1285.5,1295.300048828125,140,66.50327979229459
2014-02-13,1293.300048828125,1303.5,1287.5,1300.4000244140625,877,67.88251824178751
2014-02-14,1301.699951171875,1320.699951171875,1301.699951171875,1319.0,308,72.35352916068423
2014-02-18,1322.9000244140625,1330.5999755859375,1313.9000244140625,1324.699951171875,373,73.56786799385279
2014-02-19,1318.300048828125,1321.5999755859375,1309.0999755859375,1320.5999755859375,193,71.14710519641976
2014-02-20,1310.699951171875,1323.5,1309.5999755859375,1317.0999755859375,116,69.05805037709342
2014-02-21,1320.0,1328.300048828125,1317.4000244140625,1323.9000244140625,171,70.84896643258838
2014-02-24,1324.300048828125,1339.0,1321.4000244140625,1338.300048828125,93,74.24813099411936
2014-02-25,1336.4000244140625,1343.9000244140625,1333.0999755859375,1343.0,290,75.26203537133267
2014-02-26,1341.199951171875,1342.0,1325.5999755859375,1328.199951171875,485,66.39680706933834
2014-02-27,1329.300048828125,1335.0,1324.5999755859375,1331.5999755859375,369,67.34833782516509
2014-02-28,1329.800048828125,1332.5999755859375,1321.0999755859375,1321.4000244140625,239,61.70348385959715
2014-03-03,1335.9000244140625,1354.0999755859375,1332.9000244140625,1350.0999755859375,232,69.45994174762609
2014-03-04,1350.4000244140625,1350.4000244140625,1332.199951171875,1337.800048828125,80,63.52201934590107
2014-03-05,1334.800048828125,1341.0,1334.800048828125,1340.199951171875,32,64.1657062601758
2014-03-06,1338.0,1351.699951171875,1333.300048828125,1351.699951171875,59,67.15647358203435
2014-03-07,1349.5,1352.699951171875,1329.199951171875,1338.0999755859375,97,60.70400237367858
2014-03-10,1336.0,1344.699951171875,1330.5,1341.4000244140625,97,61.66646523532454
2014-03-11,1340.0,1352.4000244140625,1338.0999755859375,1346.5,53,63.16786043773367
2014-03-12,1349.0999755859375,1370.5,1348.699951171875,1370.300048828125,58,69.22547864143925
2014-03-13,1366.800048828125,1374.5,1366.5,1372.199951171875,23,69.65452771126397
2014-03-14,1376.0999755859375,1386.5999755859375,1371.0999755859375,1379.0,91,71.20206945892627
2014-03-17,1386.0999755859375,1391.4000244140625,1372.199951171875,1372.9000244140625,29,67.85891726796157
2014-03-18,1359.300048828125,1361.800048828125,1353.4000244140625,1359.0,35,60.84789655107466
2014-03-19,1357.0999755859375,1358.0,1332.699951171875,1341.4000244140625,57,53.33408408546203
2014-03-20,1333.699951171875,1333.699951171875,1325.800048828125,1330.5,72,49.2757472549696
2014-03-21,1339.0999755859375,1339.0999755859375,1335.800048828125,1336.0,3,51.28985443525727
2014-03-24,1333.0,1333.0,1310.5,1311.199951171875,103,42.998991756940654
2014-03-25,1315.5,1315.5,1307.5,1311.4000244140625,46,43.078931446466314
2014-03-26,1315.199951171875,1315.199951171875,1303.4000244140625,1303.4000244140625,4,40.62555129454829
2014-03-27,1294.699951171875,1294.699951171875,1294.699951171875,1294.699951171875,185016,38.08530970623972
2014-03-28,1292.199951171875,1299.4000244140625,1285.9000244140625,1293.800048828125,65486,37.821873207075676
2014-03-31,1294.300048828125,1298.800048828125,1282.4000244140625,1283.4000244140625,4121,34.82395228437005
2014-04-01,1285.0999755859375,1287.9000244140625,1277.300048828125,1279.5999755859375,884,33.77064286396531
2014-04-02,1280.199951171875,1294.0999755859375,1280.199951171875,1290.5,1099,39.42989701852865
2014-04-03,1290.800048828125,1293.5,1282.699951171875,1284.4000244140625,775,37.498769362165675
2014-04-04,1285.5,1306.0999755859375,1284.4000244140625,1303.199951171875,976,46.23800519551043
2014-04-07,1301.4000244140625,1304.0,1296.300048828125,1298.0,361,44.389204710589254
2014-04-08,1296.5999755859375,1314.0999755859375,1296.5999755859375,1308.699951171875,264,48.915542452975
2014-04-09,1309.5,1313.5999755859375,1301.0999755859375,1305.5,191,47.66602303891029
2014-04-10,1311.800048828125,1323.800048828125,1311.199951171875,1320.0999755859375,127,53.50212297729758
2014-04-11,1319.0,1322.800048828125,1316.300048828125,1318.699951171875,76,52.89299949781219
2014-04-14,1320.0999755859375,1330.0,1320.0999755859375,1327.199951171875,328,56.156666860519785
2014-04-15,1322.699951171875,1322.699951171875,1291.5,1300.0,238,45.333113423404484
2014-04-16,1302.699951171875,1303.5,1295.0,1303.0999755859375,177,46.59643418034534
2014-04-17,1300.0999755859375,1303.0,1292.5,1293.4000244140625,124,43.2299974306727
2014-04-21,1290.0,1299.199951171875,1283.800048828125,1288.0,100,41.43526878436217
2014-04-22,1289.199951171875,1291.5999755859375,1276.0,1280.5999755859375,100,39.0431613893844
2014-04-23,1284.300048828125,1287.699951171875,1282.4000244140625,1284.199951171875,176,40.8327091109507
2014-04-24,1284.5999755859375,1297.9000244140625,1272.4000244140625,1290.5,522,43.934723855657985
2014-04-25,1293.800048828125,1304.5999755859375,1293.800048828125,1300.699951171875,274,48.63048996779193
2014-04-28,1305.4000244140625,1305.4000244140625,1293.0,1298.9000244140625,388,47.86857861016602
2014-04-29,1295.5,1300.5,1289.0999755859375,1296.0,904,46.60171686147229
2014-04-30,1296.0,1296.5,1286.5999755859375,1295.5999755859375,181,46.419223910607315
2014-05-01,1288.699951171875,1288.699951171875,1278.0,1283.0999755859375,25,41.014320950718655
2014-05-02,1276.699951171875,1302.699951171875,1276.699951171875,1302.5999755859375,90,50.66493620417061
2014-05-05,1305.5999755859375,1314.199951171875,1305.5,1309.0,31,53.361934364762625
2014-05-06,1309.4000244140625,1309.4000244140625,1306.9000244140625,1308.300048828125,14,53.02055284645156
2014-05-07,1310.300048828125,1312.0,1288.0,1288.5999755859375,21,44.40928659999302
2014-05-08,1291.5,1291.5,1285.5,1287.4000244140625,65,43.94114786230236
2014-05-09,1287.300048828125,1287.300048828125,1287.300048828125,1287.300048828125,3,43.89962601462784
2014-05-12,1282.0999755859375,1295.9000244140625,1281.199951171875,1295.5999755859375,19,48.26994557265319
2014-05-13,1295.5,1295.5,1292.0,1294.5999755859375,20,47.78692354920452
2014-05-14,1292.800048828125,1306.9000244140625,1292.800048828125,1305.699951171875,25,53.365279340703594
2014-05-15,1302.5,1302.5,1292.800048828125,1293.5,27,47.3743898417074
2014-05-16,1293.300048828125,1293.300048828125,1293.300048828125,1293.300048828125,8,47.280705498807386
2014-05-19,1293.699951171875,1293.699951171875,1293.699951171875,1293.699951171875,44,47.504300346991165
2014-05-20,1290.699951171875,1294.5,1290.0999755859375,1294.5,8,47.97964947825504
2014-05-21,1287.4000244140625,1288.0,1287.4000244140625,1288.0,2,44.45744155967499
2014-05-22,1294.199951171875,1295.0,1294.199951171875,1294.9000244140625,4,48.757827255181766
2014-05-23,1293.199951171875,1293.4000244140625,1291.5999755859375,1291.5999755859375,3,46.88801584821404
2014-05-27,1291.9000244140625,1291.9000244140625,1265.4000244140625,1265.4000244140625,25,35.31036462573263
2014-05-28,1259.300048828125,1259.300048828125,1259.300048828125,1259.300048828125,168825,33.251703763405374
2014-05-29,1258.300048828125,1260.5999755859375,1250.9000244140625,1256.300048828125,38045,32.25568678760406
2014-05-30,1255.0999755859375,1259.5999755859375,1241.800048828125,1245.5999755859375,3839,28.927457204173123
2014-06-02,1250.0,1250.699951171875,1240.9000244140625,1243.699951171875,774,28.36771449570496
2014-06-03,1244.0999755859375,1247.5,1240.5,1244.300048828125,654,28.836080620631947
2014-06-04,1245.0999755859375,1248.800048828125,1242.699951171875,1244.0,604,28.734913067993915
2014-06-05,1244.0,1256.5999755859375,1241.199951171875,1253.0,1317,35.98918194241254
2014-06-06,1253.4000244140625,1256.5999755859375,1246.300048828125,1252.0999755859375,381,35.59892540953611
2014-06-09,1252.699951171875,1256.0999755859375,1252.5999755859375,1253.5,97,36.74792269368101
2014-06-10,1252.4000244140625,1262.300048828125,1251.0,1259.800048828125,1007,41.781533567072934
2014-06-11,1259.9000244140625,1264.4000244140625,1259.0999755859375,1260.800048828125,128,42.56287047845988
2014-06-12,1260.0,1274.5,1260.0,1273.5999755859375,129,51.52981400154784
2014-06-13,1272.5,1274.699951171875,1271.300048828125,1273.699951171875,145,51.59338040196586
2014-06-16,1279.800048828125,1282.0999755859375,1270.800048828125,1274.9000244140625,334,52.400346339822725
2014-06-17,1272.800048828125,1272.800048828125,1260.9000244140625,1271.699951171875,819,50.006408014957714
2014-06-18,1269.9000244140625,1272.699951171875,1267.4000244140625,1272.4000244140625,143,50.53877596676407
2014-06-19,1277.199951171875,1321.0,1277.199951171875,1313.699951171875,601,70.49788634454484
2014-06-20,1321.4000244140625,1321.4000244140625,1306.800048828125,1316.199951171875,254,71.25407137133911
2014-06-23,1312.300048828125,1318.0,1312.300048828125,1318.0,142,71.81425880505307
2014-06-24,1315.5999755859375,1325.5999755859375,1315.5999755859375,1320.9000244140625,223,72.73608139664731
2014-06-25,1315.300048828125,1323.4000244140625,1312.0,1322.199951171875,294,73.15982690961673
2014-06-26,1319.5999755859375,1319.5999755859375,1312.4000244140625,1316.0999755859375,1204,67.83205405058855
2014-06-27,1317.4000244140625,1320.9000244140625,1313.300048828125,1319.0,625,68.98831699691272
2014-06-30,1315.300048828125,1328.699951171875,1311.800048828125,1321.800048828125,744,70.10562123209768
2014-07-01,1326.699951171875,1331.4000244140625,1326.199951171875,1326.4000244140625,51,71.89694561762911
2014-07-02,1326.800048828125,1330.699951171875,1326.800048828125,1330.699951171875,226,73.49573302018858
2014-07-03,1327.300048828125,1327.699951171875,1313.0,1320.4000244140625,40,64.09014013413179
2014-07-07,1318.699951171875,1320.300048828125,1313.199951171875,1316.5,93,60.91150100512087
2014-07-08,1318.4000244140625,1323.5,1316.0,1316.0,6,60.497241067453466
2014-07-09,1324.0,1330.4000244140625,1323.800048828125,1323.800048828125,16,64.54791609621871
2014-07-10,1330.5,1343.699951171875,1328.0,1338.699951171875,28,70.72363959108455
2014-07-11,1337.9000244140625,1339.0,1336.199951171875,1337.0,112,69.24162982650164
2014-07-14,1332.800048828125,1332.800048828125,1304.699951171875,1306.300048828125,103,49.19329533721201
2014-07-15,1307.4000244140625,1311.9000244140625,1294.0999755859375,1296.9000244140625,368,44.90592819303333
2014-07-16,1298.4000244140625,1303.0999755859375,1296.9000244140625,1299.5999755859375,34,46.352194708535336
2014-07-17,1303.0999755859375,1323.800048828125,1303.0999755859375,1316.699951171875,16,54.499021143749324
2014-07-18,1322.699951171875,1322.699951171875,1306.199951171875,1309.199951171875,27,50.851555556896436
2014-07-21,1311.0,1315.5,1311.0,1313.699951171875,18,52.88888750146822
2014-07-22,1306.0999755859375,1306.0999755859375,1306.0999755859375,1306.0999755859375,2,49.18094291164807
2014-07-23,1304.5,1304.5,1304.5,1304.5,0,48.41145329152907
2014-07-24,1297.5,1297.5,1290.5999755859375,1290.5999755859375,1,42.2297107644451
2014-07-25,1294.800048828125,1303.0999755859375,1294.800048828125,1303.0999755859375,8,48.587558907123366
2014-07-28,1307.4000244140625,1308.0,1303.300048828125,1303.300048828125,52,48.684904082971315
2014-07-29,1310.9000244140625,1310.9000244140625,1298.300048828125,1298.300048828125,181554,46.32431242112361
2014-07-30,1298.5999755859375,1303.0,1291.0,1294.9000244140625,36189,44.73584288927251
2014-07-31,1295.0999755859375,1297.300048828125,1280.5999755859375,1281.300048828125,5663,38.97834163156304
2014-08-01,1284.0999755859375,1296.5999755859375,1279.699951171875,1293.5999755859375,1985,45.77543970122758
2014-08-04,1294.4000244140625,1295.0,1285.9000244140625,1287.699951171875,917,43.28479997151452
2014-08-05,1288.0,1292.699951171875,1282.5999755859375,1284.0,825,41.750647686021416
2014-08-06,1288.0999755859375,1309.0,1287.800048828125,1306.699951171875,706,52.8031308164349
2014-08-07,1305.300048828125,1313.0999755859375,1302.5,1310.800048828125,225,54.48307792245913
2014-08-08,1310.800048828125,1321.4000244140625,1308.0,1308.9000244140625,586,53.532151790906596
2014-08-11,1308.4000244140625,1309.699951171875,1305.300048828125,1308.5,194,53.32114491209701
2014-08-12,1306.199951171875,1315.800048828125,1305.800048828125,1308.800048828125,438,53.469298316332306
2014-08-13,1308.800048828125,1312.800048828125,1305.0,1312.800048828125,238,55.49713131614716
2014-08-14,1311.800048828125,1316.4000244140625,1309.699951171875,1313.9000244140625,320,56.06417833989439
2014-08-15,1311.699951171875,1312.800048828125,1292.0,1304.5,199,50.17992096470229
2014-08-18,1301.4000244140625,1302.0999755859375,1295.699951171875,1297.699951171875,100,46.38702886447475
2014-08-19,1298.800048828125,1301.5999755859375,1294.0,1295.0999755859375,144,44.98689844997789
2014-08-20,1295.4000244140625,1295.800048828125,1288.4000244140625,1293.4000244140625,332,44.05068165620009
2014-08-21,1290.0,1290.0,1272.0,1273.699951171875,264,34.968611708290936
2014-08-22,1276.0,1280.0,1275.0,1278.5999755859375,119,38.37210299945284
2014-08-25,1277.300048828125,1277.5999755859375,1273.699951171875,1277.300048828125,251,37.80680567983674
2014-08-26,1289.4000244140625,1289.5,1281.0999755859375,1283.800048828125,74,42.37799147686571
2014-08-27,1281.5,1282.300048828125,1281.5,1281.9000244140625,783,41.41964426629057
2014-08-28,1284.5,1293.699951171875,1284.300048828125,1288.699951171875,817,46.11611033451186
2014-08-29,1289.5,1289.699951171875,1284.800048828125,1285.800048828125,116,44.47841792218789
2014-09-02,1284.5,1286.4000244140625,1262.5,1263.699951171875,280,34.44048249592018
2014-09-03,1266.300048828125,1271.0999755859375,1263.0999755859375,1268.9000244140625,279,37.98681192826479
2014-09-04,1268.699951171875,1272.699951171875,1260.4000244140625,1265.0999755859375,290,36.43572840760109
2014-09-05,1263.199951171875,1268.0999755859375,1263.199951171875,1265.800048828125,123,36.94652775005039
2014-09-08,1268.4000244140625,1268.4000244140625,1252.699951171875,1252.699951171875,2,31.797288406709697
2014-09-09,1246.800048828125,1246.800048828125,1246.800048828125,1246.800048828125,0,29.783993689483495
2014-09-10,1256.699951171875,1256.699951171875,1243.5,1243.5,95,28.689773767277217
2014-09-11,1237.4000244140625,1237.4000244140625,1237.4000244140625,1237.4000244140625,0,26.734589806702786
2014-09-12,1227.0,1229.9000244140625,1227.0,1229.9000244140625,47,24.52184422907817
2014-09-15,1226.699951171875,1235.0,1226.699951171875,1233.5999755859375,21,27.70098493645736
2014-09-16,1238.300048828125,1238.300048828125,1235.199951171875,1235.199951171875,3,29.09185525382847
2014-09-17,1236.199951171875,1236.199951171875,1221.9000244140625,1234.4000244140625,10,28.793611096537944
2014-09-18,1216.199951171875,1225.699951171875,1216.199951171875,1225.699951171875,5,25.70682627018573
2014-09-19,1218.300048828125,1218.300048828125,1215.300048828125,1215.300048828125,4,22.58933841818485
2014-09-22,1214.9000244140625,1216.800048828125,1212.4000244140625,1216.800048828125,7,24.020534771464426
2014-09-23,1221.0,1221.0,1221.0,1221.0,5,28.032634435546143
2014-09-24,1218.5999755859375,1218.5999755859375,1216.800048828125,1218.5999755859375,2,27.150353155124236
2014-09-25,1209.5,1221.199951171875,1209.5,1221.199951171875,11,29.730522260352572
2014-09-26,1214.0999755859375,1214.0999755859375,1214.0999755859375,1214.0999755859375,19497,26.92596526725012
2014-09-29,1216.300048828125,1222.199951171875,1214.800048828125,1217.5,6344,30.316003867192208
2014-09-30,1214.800048828125,1218.199951171875,1204.0,1210.5,680,27.488558572338903
2014-10-01,1207.699951171875,1217.800048828125,1205.5,1214.5999755859375,178,31.517314466994534
2014-10-02,1215.300048828125,1219.5,1210.300048828125,1214.199951171875,176,31.33438842032116
2014-10-03,1212.4000244140625,1212.4000244140625,1191.0,1192.199951171875,499,23.318552783008997
2014-10-06,1187.699951171875,1208.0,1182.800048828125,1206.699951171875,415,35.10237976757196
2014-10-07,1209.0999755859375,1211.699951171875,1205.300048828125,1211.699951171875,272,38.605936246651986
2014-10-08,1210.199951171875,1217.9000244140625,1205.300048828125,1205.300048828125,9,35.93200733495249
2014-10-09,1223.9000244140625,1229.0,1223.9000244140625,1224.5999755859375,19,47.69694922702396
2014-10-10,1223.5,1223.5,1217.0,1221.0,186,46.00012725032985
2014-10-13,1229.800048828125,1234.0,1227.0,1229.300048828125,103,50.382843235728416
2014-10-14,1235.9000244140625,1235.9000244140625,1233.5999755859375,1233.5999755859375,73,52.532229738783435
2014-10-15,1243.699951171875,1247.0,1243.699951171875,1244.0999755859375,250,57.38668886418189
2014-10-16,1242.0999755859375,1243.0,1236.699951171875,1240.5,6,55.29859019730295
2014-10-17,1237.4000244140625,1238.300048828125,1232.5999755859375,1238.300048828125,356,54.00536277171777
2014-10-20,1237.300048828125,1244.0,1235.4000244140625,1244.0,105,56.822823448010645
2014-10-21,1251.0,1251.0,1251.0,1251.0,48,60.05864833809114
2014-10-22,1244.800048828125,1244.800048828125,1244.800048828125,1244.800048828125,2,56.05186592487132
2014-10-23,1228.0,1228.5,1227.9000244140625,1228.5,2,47.146444587933395
2014-10-24,1229.4000244140625,1232.699951171875,1229.4000244140625,1231.199951171875,71,48.60308755356695
2014-10-27,1230.199951171875,1230.199951171875,1227.300048828125,1229.0999755859375,282,47.50642188276293
2014-10-28,1224.9000244140625,1231.0,1224.699951171875,1229.199951171875,46,47.567078591499055
2014-10-29,1224.300048828125,1224.300048828125,1224.300048828125,1224.300048828125,631,44.8327767627439
2014-10-30,1213.699951171875,1214.699951171875,1195.800048828125,1198.0999755859375,521,33.68330222874175
2014-10-31,1199.5999755859375,1199.699951171875,1161.4000244140625,1171.0999755859375,260,26.397629840825417
2014-11-03,1166.4000244140625,1172.300048828125,1163.0999755859375,1169.4000244140625,60,26.01607746686082
2014-11-04,1166.9000244140625,1171.0,1165.0,1167.4000244140625,40,25.54820461844581
2014-11-05,1168.0999755859375,1168.699951171875,1137.800048828125,1145.4000244140625,157,21.061285255209015
2014-11-06,1141.0999755859375,1147.5,1137.9000244140625,1142.300048828125,137,20.514558497244778
2014-11-07,1139.9000244140625,1169.699951171875,1133.0,1169.5999755859375,97,36.21732231858095
2014-11-10,1171.0,1171.0,1150.699951171875,1159.5999755859375,40,33.59891636359259
2014-11-11,1155.0,1170.5,1151.5999755859375,1162.800048828125,22,35.21309819788003
2014-11-12,1162.5,1168.0999755859375,1157.5,1158.9000244140625,17,34.12433465127779
2014-11-13,1163.699951171875,1164.5,1155.0,1161.0999755859375,1047,35.338850411174334
2014-11-14,1155.199951171875,1191.0,1148.0,1185.0,486,46.81154650027671
2014-11-17,1183.0999755859375,1186.9000244140625,1180.5999755859375,1183.0,17,46.074827083340715
2014-11-18,1197.0999755859375,1197.0999755859375,1193.9000244140625,1196.699951171875,2,51.684173334417636
2014-11-19,1196.5,1198.300048828125,1190.5999755859375,1193.5999755859375,23,50.4064674280209
2014-11-20,1191.800048828125,1191.9000244140625,1190.699951171875,1190.699951171875,3,49.181558833769685
2014-11-21,1191.0,1202.4000244140625,1189.0,1197.5,20,52.11967886735831
2014-11-24,1197.699951171875,1197.9000244140625,1195.5,1195.5,17,51.182394352865714
2014-11-25,1197.0999755859375,1197.0999755859375,1197.0999755859375,1197.0999755859375,210753,51.92719022467485
2014-11-26,1200.5,1201.0,1193.699951171875,1196.5999755859375,75297,51.661929628466744
2014-11-28,1197.0,1198.199951171875,1163.800048828125,1175.199951171875,11175,41.81613532693217
2014-12-01,1160.0,1220.4000244140625,1141.699951171875,1218.0,5524,58.74896841463486
2014-12-02,1212.300048828125,1212.300048828125,1191.300048828125,1199.199951171875,1236,51.639912115617314
2014-12-03,1198.0999755859375,1213.699951171875,1196.0999755859375,1208.5,440,54.568635938440494
2014-12-04,1208.199951171875,1213.0,1201.5999755859375,1207.5,358,54.18862254398784
2014-12-05,1203.0999755859375,1206.0,1186.699951171875,1190.0999755859375,560,47.9335806862752
2014-12-08,1190.5999755859375,1207.0,1187.199951171875,1194.699951171875,183,49.59021741419668
2014-12-09,1202.0,1238.0,1202.0,1231.5,314,60.435733915917304
2014-12-10,1231.199951171875,1234.5999755859375,1226.5999755859375,1228.9000244140625,306,59.462352477253276
2014-12-11,1226.5999755859375,1231.199951171875,1216.199951171875,1225.0999755859375,264,57.99219651698405
2014-12-12,1227.800048828125,1227.800048828125,1216.199951171875,1222.0,203,56.75934026828854
2014-12-15,1223.0999755859375,1223.0999755859375,1198.4000244140625,1207.199951171875,77,51.16666560371935
2014-12-16,1197.199951171875,1222.0,1192.699951171875,1193.9000244140625,223,46.71231504340052
2014-12-17,1198.199951171875,1199.5999755859375,1184.0,1194.300048828125,94,46.86215345457759
2014-12-18,1189.699951171875,1207.300048828125,1189.699951171875,1194.699951171875,197,47.02252955864608
2014-12-19,1198.0,1200.800048828125,1195.9000244140625,1195.9000244140625,96,47.53427020522792
2014-12-22,1198.0,1198.0,1172.699951171875,1179.699951171875,223,41.68109263447945
2014-12-23,1179.300048828125,1180.300048828125,1175.0,1177.9000244140625,232,41.07589881644
2014-12-24,1177.0,1179.300048828125,1173.5,1173.5,23,39.563604982483504
2014-12-26,1177.199951171875,1195.300048828125,1177.199951171875,1195.300048828125,124,49.48659995443609
2014-12-29,1186.5,1186.5,1181.300048828125,1181.699951171875,180,44.57008946678298
2014-12-30,1181.4000244140625,1210.300048828125,1181.4000244140625,1200.199951171875,191,51.61243749951447
2014-12-31,1199.199951171875,1199.199951171875,1182.699951171875,1183.9000244140625,92,46.05986115139276
2015-01-02,1184.0,1194.5,1169.5,1186.0,138,46.85314932457012
2015-01-05,1180.300048828125,1206.9000244140625,1180.0999755859375,1203.9000244140625,470,53.17469904218949
2015-01-06,1203.5,1220.0,1203.5,1219.300048828125,97,57.822806606106184
2015-01-07,1219.199951171875,1219.199951171875,1210.5999755859375,1210.5999755859375,29,54.529634974347346
2015-01-08,1207.0,1215.699951171875,1206.300048828125,1208.4000244140625,92,53.6968387776776
2015-01-09,1211.0999755859375,1220.199951171875,1210.300048828125,1216.0,43,56.186270416992485
2015-01-12,1224.199951171875,1234.4000244140625,1219.0999755859375,1232.699951171875,100,61.13138456385504
2015-01-13,1239.199951171875,1239.300048828125,1230.300048828125,1234.300048828125,20,61.5788428032896
2015-01-14,1229.5999755859375,1243.800048828125,1225.5999755859375,1234.4000244140625,21,61.60858135073139
2015-01-15,1231.5,1265.0,1227.300048828125,1264.699951171875,130,69.35130276795928
2015-01-16,1256.0999755859375,1279.699951171875,1256.0999755859375,1276.9000244140625,44,71.81602123269951
2015-01-20,1278.9000244140625,1297.300048828125,1273.800048828125,1294.199951171875,157,74.89863522008376
2015-01-21,1295.199951171875,1303.5,1286.699951171875,1293.699951171875,78,74.64452319734778
2015-01-22,1293.199951171875,1302.0999755859375,1283.5,1300.699951171875,131,75.87839551350608
2015-01-23,1299.800048828125,1299.800048828125,1292.5999755859375,1292.5999755859375,23,71.54010750696503
2015-01-26,1289.5,1290.5999755859375,1279.4000244140625,1279.4000244140625,26,65.01637300958932
2015-01-27,1277.199951171875,1291.699951171875,1277.199951171875,1291.699951171875,20,67.94928663795052
2015-01-28,1285.9000244140625,1286.800048828125,1285.9000244140625,1285.9000244140625,180387,65.17457831378513
2015-01-29,1283.300048828125,1285.4000244140625,1251.0,1254.5999755859375,67983,52.673864639261815
2015-01-30,1258.0,1284.300048828125,1257.0,1278.5,8626,59.1213598884209
2015-02-02,1284.0999755859375,1284.0999755859375,1266.0,1276.199951171875,1654,58.29822928672847
2015-02-03,1273.5,1284.699951171875,1255.300048828125,1259.699951171875,2380,52.636572878259216
2015-02-04,1262.0,1271.5999755859375,1256.800048828125,1263.800048828125,668,53.83630328171746
2015-02-05,1271.800048828125,1272.5999755859375,1257.800048828125,1262.0,133,53.199184672781385
2015-02-06,1265.0,1267.5999755859375,1228.0,1233.9000244140625,432,44.37135253727609
2015-02-09,1237.5,1242.300048828125,1235.4000244140625,1240.800048828125,319,46.70979066943073
2015-02-10,1237.5,1245.0,1231.199951171875,1231.5999755859375,231,44.05085940869547
2015-02-11,1233.300048828125,1237.4000244140625,1219.0,1219.0,102,40.6388972496436
2015-02-12,1217.9000244140625,1229.800048828125,1217.9000244140625,1220.0999755859375,99,41.0680370091423
2015-02-13,1222.199951171875,1232.800048828125,1222.199951171875,1226.5,65,43.62186007082557
2015-02-17,1227.699951171875,1234.0,1203.0,1208.0999755859375,204,38.46142079133311
2015-02-18,1207.0999755859375,1210.199951171875,1197.800048828125,1199.699951171875,147,36.34743026647958
2015-02-19,1216.5,1220.0,1205.0,1207.0999755859375,65,39.50210967442171
2015-02-20,1206.5,1213.0999755859375,1199.0999755859375,1204.4000244140625,51,38.747554454588794
2015-02-23,1201.300048828125,1203.300048828125,1191.5999755859375,1200.300048828125,268,37.57382975324066
2015-02-24,1203.4000244140625,1203.5,1193.800048828125,1196.9000244140625,151,36.58413739951337
2015-02-25,1204.300048828125,1204.5999755859375,1201.0,1201.0,570,38.681577858498
2015-02-26,1204.800048828125,1219.0,1204.800048828125,1209.5999755859375,560,42.94434001324464
2015-02-27,1207.699951171875,1217.800048828125,1204.5,1212.5999755859375,195,44.39648863945502
2015-03-02,1214.300048828125,1222.699951171875,1204.9000244140625,1207.699951171875,124,42.49408574797053
2015-03-03,1201.5,1212.0,1195.0,1204.0,51,41.06325049659794
2015-03-04,1204.800048828125,1206.9000244140625,1198.0,1200.5999755859375,27,39.739062977974044
2015-03-05,1201.699951171875,1205.4000244140625,1195.9000244140625,1195.9000244140625,29,37.91874957447015
2015-03-06,1195.0,1195.699951171875,1163.699951171875,1164.0999755859375,168,28.42974537830942
2015-03-09,1169.4000244140625,1174.199951171875,1166.300048828125,1166.4000244140625,45,29.798133336639353
2015-03-10,1166.4000244140625,1168.4000244140625,1156.5,1160.0999755859375,94,28.207282458822434
2015-03-11,1162.0,1162.0,1147.699951171875,1150.699951171875,74,25.97870534435755
2015-03-12,1155.4000244140625,1160.5,1149.699951171875,1152.0999755859375,63,26.904992084866876
2015-03-13,1158.199951171875,1159.199951171875,1152.5999755859375,1152.5999755859375,44,27.25510679633898
2015-03-16,1159.699951171875,1162.300048828125,1150.0999755859375,1153.300048828125,56,27.776731246840257
2015-03-17,1153.5999755859375,1158.199951171875,1144.300048828125,1148.300048828125,71,26.324845411631728
2015-03-18,1148.699951171875,1174.300048828125,1147.0,1151.4000244140625,112,28.809391122541655
2015-03-19,1171.5999755859375,1171.5999755859375,1159.300048828125,1169.0999755859375,39,41.03612432204118
2015-03-20,1171.0,1185.4000244140625,1171.0,1184.800048828125,54,49.34634916084001
2015-03-23,1181.5999755859375,1188.0,1181.199951171875,1188.0,5,50.86631030987763
2015-03-24,1188.0,1193.0,1186.0,1191.699951171875,411,52.636040503841315
2015-03-25,1192.5,1199.199951171875,1192.5,1197.300048828125,11,55.26257412742896
2015-03-26,1198.199951171875,1213.699951171875,1198.199951171875,1205.0999755859375,68,58.69803703785858
2015-03-27,1197.0,1199.800048828125,1196.300048828125,1199.800048828125,172260,55.57513183874191
2015-03-30,1198.0,1198.5,1181.5999755859375,1184.800048828125,37990,47.82058871232658
2015-03-31,1185.800048828125,1190.0999755859375,1178.199951171875,1183.0999755859375,3409,47.01980071623682
2015-04-01,1182.9000244140625,1208.199951171875,1181.0,1208.0999755859375,1632,58.12476070136054
2015-04-02,1204.0,1205.699951171875,1194.800048828125,1200.9000244140625,1684,54.57674704312056
2015-04-06,1209.9000244140625,1224.199951171875,1209.9000244140625,1218.5999755859375,343,60.89608454668747
2015-04-07,1214.800048828125,1214.800048828125,1208.199951171875,1210.5999755859375,406,57.03393358098716
2015-04-08,1208.9000244140625,1211.4000244140625,1197.5999755859375,1203.0999755859375,236,53.601718096852245
2015-04-09,1201.699951171875,1202.5,1193.0,1193.5999755859375,521,49.53537775380486
2015-04-10,1195.800048828125,1209.5999755859375,1195.800048828125,1204.5999755859375,202,53.89663223842473
2015-04-13,1208.0999755859375,1208.0999755859375,1198.300048828125,1199.300048828125,424,51.58351726445342
2015-04-14,1198.800048828125,1200.5999755859375,1184.0999755859375,1192.800048828125,546,48.81638825324709
2015-04-15,1194.5999755859375,1203.0999755859375,1188.5999755859375,1201.5,196,52.48998722778057
2015-04-16,1204.300048828125,1208.5,1194.5999755859375,1198.0,199,50.90701123120408
2015-04-17,1200.199951171875,1206.0,1200.199951171875,1202.9000244140625,21,53.04212575009322
2015-04-20,1205.699951171875,1206.9000244140625,1191.0,1193.5,67,48.6692071466674
2015-04-21,1193.199951171875,1202.9000244140625,1192.800048828125,1202.9000244140625,33,52.85493860190568
2015-04-22,1199.0999755859375,1202.5999755859375,1185.199951171875,1186.9000244140625,93,45.98180082475109
2015-04-23,1187.199951171875,1197.0,1186.0999755859375,1194.4000244140625,331,49.30934150905938
2015-04-24,1192.300048828125,1194.699951171875,1174.5999755859375,1175.199951171875,52,42.15092889935844
2015-04-27,1182.300048828125,1206.699951171875,1181.4000244140625,1203.300048828125,194,52.92273194496201
2015-04-28,1199.699951171875,1214.0,1199.699951171875,1214.0,401,56.26241650575025
2015-04-29,1211.199951171875,1212.5999755859375,1201.9000244140625,1209.800048828125,114,54.624364364465954
2015-04-30,1203.0999755859375,1205.9000244140625,1176.699951171875,1182.4000244140625,143,45.34833564598136
2015-05-01,1178.0999755859375,1178.0999755859375,1170.0,1174.5,23,43.07699012002324
2015-05-04,1177.5,1189.4000244140625,1177.5,1186.800048828125,38,47.48711434454374
2015-05-05,1187.5,1198.699951171875,1186.9000244140625,1193.199951171875,48,49.67197647446957
2015-05-06,1194.5,1194.5999755859375,1189.9000244140625,1190.300048828125,14,48.68357067223309
2015-05-07,1181.5,1186.0,1179.699951171875,1182.4000244140625,44,45.998257343632545
2015-05-08,1183.300048828125,1189.0999755859375,1182.9000244140625,1189.0999755859375,51,48.5882743321141
2015-05-11,1189.699951171875,1190.5,1179.300048828125,1183.199951171875,26,46.47441713933281
2015-05-12,1194.5999755859375,1194.800048828125,1189.699951171875,1192.5999755859375,10,50.192338321621435
2015-05-13,1192.699951171875,1218.4000244140625,1191.0,1218.4000244140625,34,58.67655130275557
2015-05-14,1214.5,1225.5999755859375,1214.5,1225.4000244140625,35,60.63575473686883
2015-05-15,1218.5,1225.5,1214.800048828125,1225.5,12,60.664439344953244
2015-05-18,1224.5,1228.0999755859375,1222.5999755859375,1227.800048828125,8,61.3620117285598
2015-05-19,1223.9000244140625,1223.9000244140625,1206.0,1206.9000244140625,9,52.28798131538099
2015-05-20,1205.0999755859375,1210.800048828125,1205.0999755859375,1208.9000244140625,11,53.00417064296581
2015-05-21,1204.5,1204.5,1203.699951171875,1204.4000244140625,43,51.14396214252885
2015-05-22,1211.5999755859375,1211.9000244140625,1204.300048828125,1204.300048828125,8,51.101053224851285
2015-05-26,1193.5999755859375,1193.5999755859375,1186.0,1187.199951171875,40,44.26094206747227
2015-05-27,1185.9000244140625,1185.9000244140625,1185.9000244140625,1185.9000244140625,200216,43.7811801753712
2015-05-28,1187.0999755859375,1192.0,1179.5999755859375,1188.0999755859375,52705,44.870285005748954
2015-05-29,1187.800048828125,1193.300048828125,1185.699951171875,1189.4000244140625,4748,45.54168825593472
2015-06-01,1190.5999755859375,1204.0,1184.300048828125,1188.300048828125,1236,45.04185855447769
2015-06-02,1189.0,1194.300048828125,1186.0,1194.0999755859375,1003,48.26599337884274
2015-06-03,1193.9000244140625,1193.9000244140625,1179.0999755859375,1184.699951171875,630,43.78290887861646
2015-06-04,1184.9000244140625,1185.300048828125,1173.0,1174.9000244140625,447,39.648262536615725
2015-06-05,1176.4000244140625,1177.300048828125,1164.0,1167.800048828125,390,36.92743154136305
2015-06-08,1169.5,1176.0999755859375,1169.0999755859375,1173.199951171875,173,40.283900043396976
2015-06-09,1172.9000244140625,1180.300048828125,1172.699951171875,1177.300048828125,144,42.77406399885624
2015-06-10,1176.0999755859375,1190.0999755859375,1175.5999755859375,1186.0999755859375,295,47.804853723863
2015-06-11,1183.199951171875,1183.199951171875,1174.4000244140625,1179.9000244140625,69,44.81557682382145
2015-06-12,1180.4000244140625,1181.199951171875,1176.199951171875,1178.800048828125,141,44.286468417023876
2015-06-15,1179.9000244140625,1188.5,1172.699951171875,1185.300048828125,102,48.17986968559088
2015-06-16,1186.5,1186.5,1175.9000244140625,1180.5,29,45.643213139706795
2015-06-17,1177.5999755859375,1186.300048828125,1174.9000244140625,1176.4000244140625,168,43.53481302738221
2015-06-18,1183.4000244140625,1202.0,1183.4000244140625,1201.5,130,56.71661423879583
2015-06-19,1199.699951171875,1203.0999755859375,1199.699951171875,1201.5,142,56.71661423879582
2015-06-22,1197.800048828125,1197.800048828125,1182.699951171875,1183.699951171875,30,47.580875387255396
2015-06-23,1183.800048828125,1186.0,1176.199951171875,1176.199951171875,60,44.34005918820946
2015-06-24,1176.5999755859375,1176.5999755859375,1170.699951171875,1172.5999755859375,263,42.83201705532163
2015-06-25,1175.800048828125,1175.9000244140625,1171.5,1171.5,95,42.35797100816753
2015-06-26,1170.5,1172.9000244140625,1170.5,1172.9000244140625,308,43.21934088278568
2015-06-29,1185.0999755859375,1186.0,1173.800048828125,1178.5,174,46.65328563348521
2015-06-30,1176.300048828125,1176.4000244140625,1166.5999755859375,1171.5,223,43.14107594994923
2015-07-01,1173.0999755859375,1173.0999755859375,1166.5999755859375,1169.0,455,41.92707393585811
2015-07-02,1166.4000244140625,1168.0999755859375,1155.5,1163.0,316,39.08439535165955
2015-07-06,1171.0999755859375,1173.0,1162.199951171875,1172.9000244140625,634,45.63420454888066
2015-07-07,1166.800048828125,1166.800048828125,1149.5,1152.4000244140625,469,36.808481919439295
2015-07-08,1152.5999755859375,1163.300048828125,1146.4000244140625,1163.300048828125,65,43.10880915812409
2015-07-09,1154.800048828125,1163.5999755859375,1154.800048828125,1159.0,65,41.357011014086154
2015-07-10,1160.0999755859375,1161.4000244140625,1157.5,1157.699951171875,27,40.81696630059279
2015-07-13,1159.0,1159.0,1151.199951171875,1155.199951171875,14,39.74223983581587
2015-07-14,1157.199951171875,1157.199951171875,1153.0,1153.300048828125,39,38.90388826402258
2015-07-15,1154.0,1154.0,1144.800048828125,1147.199951171875,15,36.259155925943034
2015-07-16,1146.199951171875,1146.199951171875,1142.9000244140625,1143.800048828125,14,34.83763983581558
2015-07-17,1144.0,1144.0,1130.199951171875,1131.800048828125,120,30.31953672981932
2015-07-20,1130.4000244140625,1130.699951171875,1095.0999755859375,1106.699951171875,189,23.464649280953353
2015-07-21,1097.0999755859375,1106.4000244140625,1097.0999755859375,1103.4000244140625,118,22.736833737484346
2015-07-22,1093.0,1095.0,1086.0,1091.4000244140625,46,20.27413533435498
2015-07-23,1097.4000244140625,1097.5999755859375,1087.800048828125,1094.0,64,22.23936692921022
2015-07-24,1078.5999755859375,1100.699951171875,1078.5999755859375,1085.5999755859375,52,20.482669302402
2015-07-27,1100.0,1102.5,1093.9000244140625,1096.5,19,28.387540364122046
2015-07-28,1097.199951171875,1097.699951171875,1096.300048828125,1096.300048828125,31,28.331900012678332
2015-07-29,1096.4000244140625,1096.9000244140625,1092.699951171875,1092.699951171875,159142,27.294578227842564
2015-07-30,1096.0999755859375,1097.5,1081.0,1088.4000244140625,49298,26.066969946897117
2015-07-31,1087.699951171875,1102.800048828125,1079.0999755859375,1094.9000244140625,5700,31.110920118767822
2015-08-03,1095.5,1097.0999755859375,1085.0,1089.4000244140625,2418,29.290020622686555
2015-08-04,1085.0999755859375,1093.9000244140625,1080.5,1090.699951171875,1139,30.32796126132226
2015-08-05,1086.5,1090.5999755859375,1082.5,1085.699951171875,1207,28.58961639942143
2015-08-06,1084.4000244140625,1092.199951171875,1083.5999755859375,1090.199951171875,269,32.34799549209474
2015-08-07,1088.9000244140625,1098.300048828125,1081.699951171875,1094.0999755859375,614,35.51561685022078
2015-08-10,1093.199951171875,1107.5999755859375,1089.5,1104.199951171875,900,42.96365606064832
2015-08-11,1103.800048828125,1116.699951171875,1094.0,1107.5999755859375,997,45.25595211229323
2015-08-12,1106.0,1124.5,1101.5,1123.199951171875,797,54.32608818818439
2015-08-13,1124.300048828125,1124.300048828125,1113.0,1115.699951171875,441,50.03404085562233
2015-08-14,1113.9000244140625,1118.800048828125,1112.5,1112.9000244140625,908,48.49371840438755
2015-08-17,1113.800048828125,1122.0,1113.800048828125,1118.5999755859375,399,51.75021477873175
2015-08-18,1118.199951171875,1118.4000244140625,1110.0,1117.0999755859375,475,50.8392649244307
2015-08-19,1117.0,1134.300048828125,1116.800048828125,1128.0999755859375,348,56.839337771454055
2015-08-20,1132.800048828125,1153.300048828125,1132.800048828125,1153.0,409,66.73627486114825
2015-08-21,1154.0999755859375,1166.5,1150.5,1159.5999755859375,261,68.77978077054313
2015-08-24,1164.0,1169.0,1147.5,1153.4000244140625,299,64.75529039270718
2015-08-25,1151.5,1155.5,1134.0,1138.199951171875,217,56.090094716580694
2015-08-26,1139.199951171875,1143.0,1119.5999755859375,1124.5999755859375,116,49.68395494780727
2015-08-27,1127.199951171875,1127.4000244140625,1118.4000244140625,1122.4000244140625,564,48.71471785919445
2015-08-28,1125.300048828125,1139.0,1123.5999755859375,1133.0999755859375,279,53.46924570604475
2015-08-31,1131.0999755859375,1134.0,1124.800048828125,1131.5999755859375,194,52.731211413714334
2015-09-01,1133.5,1144.699951171875,1133.5,1138.699951171875,375,55.838399669063826
2015-09-02,1137.300048828125,1140.4000244140625,1130.800048828125,1132.5,201,52.58758353499987
2015-09-03,1130.300048828125,1132.9000244140625,1120.300048828125,1123.699951171875,122,48.290237906409686
2015-09-04,1123.4000244140625,1125.199951171875,1116.199951171875,1120.5999755859375,51,46.83820912077386
2015-09-08,1119.800048828125,1124.300048828125,1116.4000244140625,1120.4000244140625,138,46.74058427032027
2015-09-09,1123.5,1123.5,1102.0999755859375,1102.199951171875,150,38.81102456638057
2015-09-10,1107.300048828125,1113.5,1105.5,1109.5,56,42.988865785454486
2015-09-11,1110.800048828125,1111.699951171875,1098.199951171875,1103.5,81,40.538895432150085
2015-09-14,1107.800048828125,1108.5999755859375,1104.0999755859375,1107.699951171875,19,42.98822420943848
2015-09-15,1104.5,1104.5,1102.800048828125,1102.800048828125,8,40.87289772177596
2015-09-16,1109.800048828125,1119.9000244140625,1109.800048828125,1119.199951171875,31,49.780116577223424
2015-09-17,1118.5999755859375,1130.5,1117.0999755859375,1117.300048828125,14,48.86178492075598
2015-09-18,1128.300048828125,1141.199951171875,1127.800048828125,1138.0999755859375,59,57.997352287413165
2015-09-21,1137.5999755859375,1138.5,1130.800048828125,1133.0999755859375,17,55.43371361140071
2015-09-22,1132.5999755859375,1135.0,1122.5,1125.0,43,51.46492149823162
2015-09-23,1128.5999755859375,1132.199951171875,1128.300048828125,1131.5999755859375,33,54.3338646282569
2015-09-24,1133.0,1155.9000244140625,1133.0,1153.800048828125,37,62.38754891261186
2015-09-25,1149.800048828125,1149.800048828125,1143.4000244140625,1146.0,56,58.4847971687292
2015-09-28,1133.199951171875,1133.199951171875,1132.0,1132.0,4346,52.17583648222263
2015-09-29,1132.199951171875,1134.4000244140625,1124.300048828125,1127.0999755859375,2417,50.137245065218806
2015-09-30,1124.300048828125,1126.0,1112.0999755859375,1115.5,865,45.595466568601594
2015-10-01,1115.199951171875,1119.0,1113.300048828125,1114.199951171875,1181,45.102347381629556
2015-10-02,1112.199951171875,1141.199951171875,1105.800048828125,1137.0999755859375,323,54.447803894713694
2015-10-05,1137.0999755859375,1141.699951171875,1132.5,1138.0999755859375,226,54.8095816386495
2015-10-06,1136.300048828125,1150.0,1136.300048828125,1146.800048828125,145,57.939376177803815
2015-10-07,1147.5999755859375,1152.9000244140625,1143.0,1149.0,104,58.71796010147655
2015-10-08,1142.699951171875,1146.699951171875,1138.699951171875,1144.699951171875,138,56.515820786259006
2015-10-09,1151.5999755859375,1157.199951171875,1151.5999755859375,1156.300048828125,22,60.788144628198836
2015-10-12,1155.9000244140625,1166.800048828125,1155.9000244140625,1164.9000244140625,40,63.64030155458934
2015-10-13,1163.5,1166.199951171875,1154.9000244140625,1165.800048828125,132,63.93594775609045
2015-10-14,1172.4000244140625,1189.0,1167.300048828125,1180.0999755859375,143,68.34066491764436
2015-10-15,1184.199951171875,1188.300048828125,1177.800048828125,1187.9000244140625,143,70.4600116487936
2015-10-16,1182.5,1184.0999755859375,1176.199951171875,1183.5999755859375,243,67.76675545704254
2015-10-19,1176.5,1177.800048828125,1169.300048828125,1173.300048828125,62,61.68460477320825
2015-10-20,1168.699951171875,1179.0999755859375,1168.699951171875,1178.0,19,63.303108319959435
2015-10-21,1175.9000244140625,1176.4000244140625,1164.9000244140625,1167.5999755859375,41,57.5136616222275
2015-10-22,1166.199951171875,1168.5999755859375,1163.5,1166.5999755859375,48,56.9741015127885
2015-10-23,1166.199951171875,1178.699951171875,1163.300048828125,1163.300048828125,38,55.135903484944606
2015-10-26,1165.0999755859375,1170.0,1163.800048828125,1167.0,176,56.81816041420359
2015-10-27,1164.5,1166.800048828125,1162.0,1166.800048828125,302,56.694438536459224
2015-10-28,1175.0999755859375,1182.699951171875,1175.0999755859375,1177.0999755859375,217,61.36179664647071
2015-10-29,1158.0,1162.0,1144.9000244140625,1147.199951171875,329,45.89727630768936
2015-10-30,1147.5,1147.5999755859375,1139.199951171875,1141.5,249,43.63939363737796
2015-11-02,1137.9000244140625,1138.699951171875,1132.5999755859375,1135.800048828125,180,41.44376761366642
2015-11-03,1133.300048828125,1134.699951171875,1114.199951171875,1114.199951171875,185,34.38379881336034
2015-11-04,1119.0,1121.9000244140625,1106.5,1106.5,141,32.27321445275999
2015-11-05,1107.9000244140625,1110.699951171875,1104.4000244140625,1104.4000244140625,84,31.701680414757618
2015-11-06,1105.199951171875,1109.5,1084.800048828125,1087.5999755859375,78,27.505112267917
2015-11-09,1088.5999755859375,1088.5999755859375,1087.9000244140625,1087.9000244140625,5,27.689223843153286
2015-11-10,1090.0999755859375,1091.300048828125,1085.0,1088.199951171875,18,27.886374850992013
2015-11-11,1091.4000244140625,1091.4000244140625,1084.199951171875,1084.699951171875,15,26.962540094531462
2015-11-12,1086.0,1086.5999755859375,1080.800048828125,1080.800048828125,4,25.931671934164584
2015-11-13,1083.0999755859375,1085.9000244140625,1080.800048828125,1080.800048828125,23,25.931671934164584
2015-11-16,1092.0,1092.4000244140625,1083.699951171875,1083.699951171875,11,28.295878657939866
2015-11-17,1075.5,1075.800048828125,1065.0999755859375,1068.699951171875,6,24.024234774956184
2015-11-18,1064.0,1071.9000244140625,1064.0,1068.800048828125,5,24.106571456782106
2015-11-19,1077.4000244140625,1082.4000244140625,1077.4000244140625,1078.0,10,31.458758413847647
2015-11-20,1082.9000244140625,1082.9000244140625,1076.4000244140625,1076.4000244140625,5,30.89815285049511
2015-11-23,1070.0,1071.5,1066.800048828125,1066.800048828125,57,27.70766424784061
2015-11-24,1073.199951171875,1079.4000244140625,1073.199951171875,1074.300048828125,222,33.48613210686604
2015-11-25,1070.199951171875,1072.0,1068.5,1070.5,148662,32.0866806642714
2015-11-27,1070.699951171875,1074.199951171875,1051.0999755859375,1056.199951171875,52133,27.43938550871607
2015-11-30,1056.5,1068.4000244140625,1052.0999755859375,1065.800048828125,4601,34.317192516845395
2015-12-01,1064.5999755859375,1074.5999755859375,1063.4000244140625,1063.800048828125,3441,33.6025960047981
2015-12-02,1068.699951171875,1069.5,1049.5999755859375,1054.199951171875,503,30.33707022627543
2015-12-03,1054.4000244140625,1064.5999755859375,1046.199951171875,1061.699951171875,1161,35.60234045727489
2015-12-04,1063.0,1088.800048828125,1058.699951171875,1084.5,889,48.37634053543567
2015-12-07,1084.9000244140625,1086.5,1067.4000244140625,1076.4000244140625,656,44.96398524155861
2015-12-08,1071.0,1078.4000244140625,1069.5999755859375,1076.300048828125,306,44.92186663869004
2015-12-09,1075.0999755859375,1086.0,1070.5999755859375,1077.5999755859375,386,45.634947175938635
2015-12-10,1073.0,1076.300048828125,1071.699951171875,1073.0999755859375,226,43.53376405860045
2015-12-11,1067.800048828125,1079.4000244140625,1064.4000244140625,1076.9000244140625,410,45.80311681037572
2015-12-14,1074.0,1076.699951171875,1060.0,1064.699951171875,509,40.21507104129337
2015-12-15,1064.5999755859375,1066.199951171875,1061.800048828125,1062.9000244140625,220,39.45036758079448
2015-12-16,1064.800048828125,1078.699951171875,1064.300048828125,1078.0,81,48.327449172444915
2015-12-17,1072.5999755859375,1072.5999755859375,1050.5,1050.800048828125,56,37.626369848612576
2015-12-18,1053.699951171875,1070.300048828125,1052.699951171875,1066.199951171875,253,45.04577856297997
2015-12-21,1070.199951171875,1081.9000244140625,1070.199951171875,1081.9000244140625,26,51.39367013387034
2015-12-22,1078.5999755859375,1078.5999755859375,1073.800048828125,1074.800048828125,106,48.6564560005305
2015-12-23,1074.5,1074.800048828125,1069.4000244140625,1069.4000244140625,202,46.622604575161745
2015-12-24,1074.300048828125,1077.800048828125,1073.5,1077.199951171875,24,49.88140048608744
2015-12-28,1077.9000244140625,1098.800048828125,1070.5,1070.5,361,47.21488263641701
2015-12-29,1079.0999755859375,1079.699951171875,1077.5,1077.5,252,50.209643691272085
2015-12-30,1068.5999755859375,1070.199951171875,1059.699951171875,1060.0999755859375,71,43.58947806310938
2015-12-31,1061.9000244140625,1062.0,1058.5,1060.300048828125,10,43.68142921547082
2016-01-04,1063.4000244140625,1082.5,1063.199951171875,1075.0999755859375,143,50.15407653879811
2016-01-05,1075.5999755859375,1081.5,1075.300048828125,1078.4000244140625,82,51.49277340481268
2016-01-06,1081.5999755859375,1093.699951171875,1081.5999755859375,1091.9000244140625,52,56.62483464226984
2016-01-07,1091.5999755859375,1109.4000244140625,1091.5999755859375,1107.699951171875,122,61.72834102369021
2016-01-08,1111.0999755859375,1111.0999755859375,1093.0,1097.800048828125,98,57.18795667052936
2016-01-11,1105.699951171875,1107.9000244140625,1096.5,1096.5,43,56.59920549818298
2016-01-12,1093.800048828125,1098.5,1084.0,1085.5999755859375,87,51.785415294111054
2016-01-13,1081.5,1093.9000244140625,1081.5,1087.5,50,52.543106976508064
2016-01-14,1091.5,1091.5,1073.699951171875,1073.9000244140625,59,46.86590053744854
2016-01-15,1085.0,1095.800048828125,1081.800048828125,1091.5,44,53.81986900816451
2016-01-19,1089.800048828125,1094.4000244140625,1084.9000244140625,1089.9000244140625,17,53.1390074646251
2016-01-20,1099.800048828125,1109.800048828125,1099.800048828125,1107.0999755859375,30,59.12543649314429
2016-01-21,1103.5999755859375,1103.5999755859375,1094.0999755859375,1099.0999755859375,16,55.569605390319694
2016-01-22,1098.0,1103.199951171875,1097.199951171875,1097.199951171875,4,54.727767680224375
2016-01-25,1099.300048828125,1109.300048828125,1099.300048828125,1106.199951171875,8,57.975370903622625
2016-01-26,1115.0999755859375,1121.699951171875,1114.300048828125,1121.699951171875,181,62.91007264962791
2016-01-27,1117.800048828125,1117.800048828125,1115.800048828125,1116.0999755859375,168706,60.16145415928529
2016-01-28,1125.4000244140625,1125.699951171875,1109.800048828125,1115.5999755859375,52861,59.90976734476419
2016-01-29,1114.4000244140625,1118.5999755859375,1108.800048828125,1116.4000244140625,6955,60.19670814333526
2016-02-01,1116.699951171875,1130.0,1115.300048828125,1127.9000244140625,1682,64.16683945884546
2016-02-02,1128.300048828125,1131.4000244140625,1123.0,1127.300048828125,1230,63.8092457142724
2016-02-03,1128.5,1146.0,1125.0,1141.300048828125,1630,68.25489476915234
2016-02-04,1142.5,1157.5999755859375,1141.0,1157.5999755859375,771,72.49174306506484
2016-02-05,1155.5999755859375,1174.800048828125,1146.0,1157.800048828125,877,72.54018837480376
2016-02-08,1173.5,1200.4000244140625,1165.0,1197.9000244140625,931,80.10341341292668
2016-02-09,1188.699951171875,1199.199951171875,1186.699951171875,1198.699951171875,700,80.2204486676327
2016-02-10,1189.800048828125,1197.699951171875,1182.0999755859375,1194.699951171875,671,77.75739276507528
2016-02-11,1205.5999755859375,1260.800048828125,1204.5999755859375,1247.9000244140625,995,84.5512829576992
2016-02-12,1247.800048828125,1247.800048828125,1233.5,1239.0999755859375,250,80.18812987757784
2016-02-16,1233.0999755859375,1233.5999755859375,1193.5999755859375,1207.9000244140625,422,66.98920421088248
2016-02-17,1196.5,1212.9000244140625,1196.5,1211.0999755859375,53,67.57863646131594
2016-02-18,1209.5999755859375,1239.199951171875,1201.5999755859375,1226.0999755859375,315,70.25940967836968
2016-02-19,1230.800048828125,1232.800048828125,1221.800048828125,1230.4000244140625,76,70.99969340203167
2016-02-22,1226.0999755859375,1226.0999755859375,1203.0,1209.5,280,62.81553929356358
2016-02-23,1207.4000244140625,1226.0999755859375,1207.4000244140625,1222.300048828125,351,65.4428124671766
2016-02-24,1230.0,1250.0999755859375,1230.0,1238.699951171875,111,68.51251335279385
2016-02-25,1239.4000244140625,1241.5,1235.0,1238.199951171875,1349,68.31327350914336
2016-02-26,1232.4000244140625,1239.0999755859375,1212.199951171875,1219.800048828125,656,61.2538406223303
2016-02-29,1218.5999755859375,1241.0,1218.5999755859375,1233.9000244140625,580,64.29849995833052
2016-03-01,1240.5,1248.4000244140625,1229.0,1230.300048828125,477,62.93864278034124
2016-03-02,1232.800048828125,1242.5999755859375,1226.0,1241.0999755859375,267,65.30900722123747
2016-03-03,1238.4000244140625,1267.9000244140625,1238.0,1257.4000244140625,123,68.575726587659
2016-03-04,1263.0,1279.9000244140625,1250.9000244140625,1269.9000244140625,268,70.8431929472636
2016-03-07,1259.800048828125,1272.300048828125,1259.699951171875,1263.199951171875,67,68.01046058349527
2016-03-08,1268.699951171875,1276.300048828125,1261.0,1262.0999755859375,43,67.53302825728046
2016-03-09,1254.5,1260.0,1244.800048828125,1256.5999755859375,79,65.07321195450892
2016-03-10,1250.0,1273.0,1237.5,1272.0,119,68.52966900698831
2016-03-11,1270.0,1280.699951171875,1249.4000244140625,1258.699951171875,87,62.75365726774878
2016-03-14,1256.0,1258.0,1234.5,1244.4000244140625,58,57.173932713655596
2016-03-15,1228.300048828125,1236.0,1228.0,1230.4000244140625,37,52.2735023326665
2016-03-16,1229.5,1263.800048828125,1228.9000244140625,1229.300048828125,45,51.89712870787842
2016-03-17,1261.5,1270.0999755859375,1255.9000244140625,1264.5,27,61.460082579937946
2016-03-18,1257.0999755859375,1264.4000244140625,1251.5,1253.800048828125,542,57.70467987570215
2016-03-21,1256.199951171875,1256.199951171875,1243.4000244140625,1243.800048828125,1061,54.361514862231616
2016-03-22,1244.0,1252.4000244140625,1243.800048828125,1248.199951171875,20,55.580909169224654
2016-03-23,1247.699951171875,1247.699951171875,1218.5999755859375,1223.699951171875,28,47.905431245815585
2016-03-24,1214.199951171875,1221.4000244140625,1214.199951171875,1221.4000244140625,13,47.24583838651434
2016-03-28,1211.5,1222.199951171875,1210.0,1219.9000244140625,33,46.79331921831257
2016-03-29,1217.800048828125,1235.5999755859375,1217.699951171875,1235.5999755859375,189732,51.97782078794817
2016-03-30,1241.4000244140625,1245.0,1223.4000244140625,1226.9000244140625,48248,49.121446050820985
2016-03-31,1225.5999755859375,1239.5999755859375,1224.5,1234.199951171875,3377,51.528416163492864
2016-04-01,1232.300048828125,1235.199951171875,1209.199951171875,1222.199951171875,1602,47.546417038932255
2016-04-04,1221.699951171875,1222.300048828125,1215.0,1218.0,2038,46.200709485491494
2016-04-05,1215.4000244140625,1236.699951171875,1215.4000244140625,1228.4000244140625,477,49.97628884802919
2016-04-06,1230.4000244140625,1230.4000244140625,1217.5999755859375,1222.5,248,47.921616175181434
2016-04-07,1224.800048828125,1242.9000244140625,1224.5999755859375,1236.199951171875,375,52.77657973342196
2016-04-08,1241.0,1242.800048828125,1232.0,1242.5,409,54.86056284606271
2016-04-11,1241.5,1258.699951171875,1241.5,1256.699951171875,437,59.227997518908275
2016-04-12,1260.0,1261.699951171875,1253.699951171875,1259.4000244140625,185,60.02010712755255
2016-04-13,1256.5,1256.9000244140625,1241.300048828125,1246.800048828125,203,54.68133717211404
2016-04-14,1231.4000244140625,1243.699951171875,1224.5,1225.0,264,46.90713553769119
2016-04-15,1225.699951171875,1235.0,1225.699951171875,1233.0999755859375,97,49.76495255457297
2016-04-18,1238.699951171875,1241.0999755859375,1232.199951171875,1233.5999755859375,304,49.94406461099407
2016-04-19,1231.5999755859375,1256.199951171875,1228.800048828125,1253.0,386,56.43454982592851
2016-04-20,1256.0999755859375,1256.0999755859375,1243.0,1253.199951171875,180,56.49716009256325
2016-04-21,1247.699951171875,1270.5999755859375,1247.5999755859375,1249.0,124,54.71830348229133
2016-04-22,1248.5,1248.5,1228.0,1228.699951171875,188,47.0133038739732
2016-04-25,1231.5999755859375,1240.9000244140625,1231.5999755859375,1238.9000244140625,442,50.76481679453909
2016-04-26,1239.800048828125,1244.199951171875,1233.0,1242.199951171875,97,51.95008843224788
2016-04-27,1248.5999755859375,1249.5,1248.5999755859375,1249.199951171875,547,54.45483087943311
2016-04-28,1245.9000244140625,1270.0999755859375,1238.5,1265.5,887,59.7202484124103
2016-04-29,1267.300048828125,1295.5,1267.199951171875,1289.199951171875,464,65.89418491424821
2016-05-02,1292.0999755859375,1304.4000244140625,1290.4000244140625,1294.699951171875,192,67.15246711343767
2016-05-03,1292.699951171875,1301.5,1284.5,1290.699951171875,151,65.26655143576772
2016-05-04,1286.9000244140625,1290.0,1273.0,1273.300048828125,109,57.678260784090625
2016-05-05,1282.9000244140625,1286.0,1270.800048828125,1271.4000244140625,330,56.900287283570776
2016-05-06,1278.5999755859375,1295.5999755859375,1276.9000244140625,1292.9000244140625,305,62.9844499540659
2016-05-09,1286.5,1286.5,1262.300048828125,1265.5999755859375,341,52.79346311787072
2016-05-10,1265.0999755859375,1267.4000244140625,1258.699951171875,1263.9000244140625,23,52.226788284158424
2016-05-11,1266.9000244140625,1279.199951171875,1266.9000244140625,1274.5999755859375,50,55.466946942016214
2016-05-12,1267.0,1281.199951171875,1264.0,1270.300048828125,101,53.885276854036434
2016-05-13,1271.4000244140625,1275.699951171875,1264.5999755859375,1271.9000244140625,66,54.40626019589239
2016-05-16,1272.800048828125,1287.800048828125,1272.800048828125,1273.4000244140625,44,54.920453429377794
2016-05-17,1272.5,1281.5999755859375,1270.800048828125,1276.199951171875,16,55.91977449785548
2016-05-18,1276.4000244140625,1276.4000244140625,1256.800048828125,1273.699951171875,17,54.752672407137865
2016-05-19,1248.0,1255.5,1247.5,1254.199951171875,69,46.58547185077623
2016-05-20,1256.5999755859375,1256.5999755859375,1252.4000244140625,1252.4000244140625,44,45.90481063599744
2016-05-23,1251.5999755859375,1251.5999755859375,1247.5,1251.0999755859375,56,45.388964367070145
2016-05-24,1240.0,1240.0,1228.199951171875,1228.9000244140625,20,37.61562817926623
2016-05-25,1219.300048828125,1223.5,1218.5999755859375,1223.5,5,36.00054590385253
2016-05-26,1232.5999755859375,1232.5999755859375,1220.0999755859375,1220.0999755859375,199778,34.9820880621311
2016-05-27,1220.300048828125,1223.199951171875,1206.4000244140625,1213.800048828125,63739,33.112833441137965
2016-05-31,1212.5,1217.5999755859375,1199.0,1214.800048828125,6432,33.71826600827201
2016-06-01,1215.699951171875,1219.800048828125,1205.4000244140625,1211.9000244140625,2717,32.791291400972824
2016-06-02,1212.4000244140625,1217.0,1209.5999755859375,1209.800048828125,1627,32.10304165090652
2016-06-03,1209.0999755859375,1244.5,1206.4000244140625,1240.0999755859375,1622,48.80093225252628
2016-06-06,1244.4000244140625,1247.300048828125,1240.0,1244.5999755859375,1135,50.73857574769216
2016-06-07,1244.0,1244.9000244140625,1236.5,1244.4000244140625,281,50.64685650924222
2016-06-08,1247.5999755859375,1264.0,1247.300048828125,1259.800048828125,406,57.08181376887856
2016-06-09,1262.5,1271.4000244140625,1258.0999755859375,1270.199951171875,381,60.799048535182536
2016-06-10,1267.5999755859375,1278.0,1265.300048828125,1273.4000244140625,397,61.89275682118232
2016-06-13,1276.199951171875,1287.300048828125,1273.0,1284.4000244140625,328,65.46008905340335
2016-06-14,1281.800048828125,1289.699951171875,1277.800048828125,1285.5999755859375,554,65.8358077062621
2016-06-15,1284.5999755859375,1296.199951171875,1278.800048828125,1285.800048828125,162,65.90240788174131
2016-06-16,1296.300048828125,1316.4000244140625,1281.0999755859375,1296.0999755859375,251,69.22814351746104
2016-06-17,1280.300048828125,1300.0999755859375,1280.300048828125,1292.5,129,66.77660647441827
2016-06-20,1288.9000244140625,1291.199951171875,1280.300048828125,1290.0,153,65.05373396871138
2016-06-21,1293.9000244140625,1293.9000244140625,1266.300048828125,1270.5,134,53.466279382586066
2016-06-22,1267.0,1269.199951171875,1264.9000244140625,1268.0,53,52.18296042428247
2016-06-23,1263.4000244140625,1270.5,1255.199951171875,1261.199951171875,218,48.75503898242014
2016-06-24,1253.699951171875,1355.5999755859375,1253.699951171875,1320.0,694,68.20479381704997
2016-06-27,1330.0,1331.699951171875,1320.0,1322.5,92,68.74790544273428
2016-06-28,1314.800048828125,1315.5999755859375,1314.0999755859375,1315.300048828125,1072,65.28897725894163
2016-06-29,1311.5999755859375,1327.4000244140625,1311.5999755859375,1323.9000244140625,414,67.39890057268977
2016-06-30,1315.800048828125,1323.5,1314.5,1318.4000244140625,560,64.69063751107656
2016-07-01,1324.5,1344.199951171875,1321.9000244140625,1336.699951171875,137,69.1346975402881
2016-07-05,1342.199951171875,1356.800048828125,1339.699951171875,1356.4000244140625,90,73.06487537615517
2016-07-06,1359.0,1374.9000244140625,1359.0,1364.9000244140625,130,74.56951363168105
2016-07-07,1366.800048828125,1368.5999755859375,1350.5,1360.0999755859375,207,72.11945237095384
2016-07-08,1361.300048828125,1365.800048828125,1335.0,1356.5999755859375,249,70.3055564856171
2016-07-11,1371.699951171875,1371.800048828125,1353.0,1355.0,26,69.44568177547035
2016-07-12,1353.5999755859375,1356.0,1330.300048828125,1334.0999755859375,252,59.25128725004991
2016-07-13,1341.5,1342.4000244140625,1336.699951171875,1342.4000244140625,7,61.65844447031631
2016-07-14,1341.4000244140625,1341.4000244140625,1322.699951171875,1331.300048828125,20,56.823981043917065
2016-07-15,1333.699951171875,1333.699951171875,1322.9000244140625,1326.5,52,54.8221825798581
2016-07-18,1327.5,1335.0,1326.199951171875,1328.4000244140625,54,55.49058617813304
2016-07-19,1328.5,1333.199951171875,1326.4000244140625,1331.5,322,56.61831258375348
2016-07-20,1331.0,1337.5,1315.5,1318.800048828125,751,50.92563262519307
2016-07-21,1312.800048828125,1330.5,1312.800048828125,1330.5,318,55.376924083007616
2016-07-22,1330.699951171875,1330.699951171875,1320.4000244140625,1323.0999755859375,55,52.154680288700156
2016-07-25,1315.699951171875,1319.300048828125,1313.800048828125,1319.300048828125,548,50.52877554682409
2016-07-26,1315.199951171875,1320.699951171875,1315.199951171875,1320.699951171875,63,51.133173719279355
2016-07-27,1326.0,1326.5999755859375,1326.0,1326.5999755859375,215388,53.70053623118681
2016-07-28,1339.5,1344.300048828125,1330.0999755859375,1332.300048828125,56908,56.100181764689594
2016-07-29,1333.199951171875,1353.300048828125,1325.800048828125,1349.0,6076,62.270061257520894
2016-08-01,1348.800048828125,1353.5,1345.5999755859375,1351.4000244140625,1257,63.073290861988
2016-08-02,1352.0999755859375,1366.0,1346.5999755859375,1364.4000244140625,2941,67.15243593570132
2016-08-03,1362.4000244140625,1364.699951171875,1353.300048828125,1356.0999755859375,715,62.41199653025405
2016-08-04,1354.4000244140625,1361.5999755859375,1347.0,1358.800048828125,381,63.31913987823366
2016-08-05,1357.5999755859375,1360.800048828125,1333.699951171875,1336.4000244140625,1107,52.08803960746333
2016-08-08,1330.0,1335.4000244140625,1327.800048828125,1333.4000244140625,587,50.78873161124739
2016-08-09,1331.800048828125,1339.4000244140625,1328.5,1339.0,620,53.138576201315715
2016-08-10,1344.800048828125,1354.199951171875,1344.300048828125,1344.300048828125,110,55.313429787892396
2016-08-11,1341.5999755859375,1350.4000244140625,1334.800048828125,1342.5,666,54.39016970781056
2016-08-12,1336.800048828125,1351.800048828125,1333.199951171875,1335.800048828125,113,50.979342382696395
2016-08-15,1336.5,1340.5999755859375,1333.5999755859375,1340.300048828125,62,53.106396250172345
2016-08-16,1342.199951171875,1355.0,1341.0,1350.5,338,57.59757473866853
2016-08-17,1345.5,1347.300048828125,1338.5999755859375,1342.699951171875,135,53.38677754166474
2016-08-18,1351.300048828125,1354.4000244140625,1348.199951171875,1351.199951171875,140,57.06999495685272
2016-08-19,1350.0999755859375,1350.0999755859375,1338.5999755859375,1340.4000244140625,197,51.501652232690454
2016-08-22,1334.4000244140625,1337.699951171875,1333.300048828125,1337.699951171875,117,50.18334348275833
2016-08-23,1337.0,1341.199951171875,1334.300048828125,1340.5999755859375,551,51.615892527058854
2016-08-24,1337.199951171875,1337.199951171875,1322.9000244140625,1324.4000244140625,262,44.00353429485392
2016-08-25,1321.4000244140625,1324.0,1317.0,1320.0999755859375,58,42.223476396152854
2016-08-26,1323.800048828125,1340.5,1320.0999755859375,1321.5,141,43.03150772545411
2016-08-29,1315.0,1323.0,1315.0,1322.9000244140625,437,43.876794251008356
2016-08-30,1322.0,1322.0999755859375,1308.0,1311.699951171875,705,38.90366573411126
2016-08-31,1310.300048828125,1313.699951171875,1306.300048828125,1306.9000244140625,214,36.969740727357
2016-09-01,1305.300048828125,1313.0999755859375,1301.5,1312.199951171875,225,40.487585066972564
2016-09-02,1309.5999755859375,1326.699951171875,1309.199951171875,1322.0999755859375,55,46.4948177442828
2016-09-06,1323.300048828125,1349.4000244140625,1323.199951171875,1349.4000244140625,46,58.834677934046674
2016-09-07,1348.4000244140625,1350.5,1343.9000244140625,1344.300048828125,14,56.22588248226818
2016-09-08,1344.800048828125,1345.4000244140625,1335.699951171875,1336.800048828125,30,52.536563873273316
2016-09-09,1338.5,1338.5,1328.0,1330.0999755859375,35,49.417031440453165
2016-09-12,1327.0,1329.300048828125,1319.9000244140625,1321.0,177,45.46809653934831
2016-09-13,1324.5999755859375,1324.5999755859375,1315.0,1319.0,79,44.62408745479685
2016-09-14,1319.199951171875,1322.300048828125,1319.199951171875,1321.5,73,45.97409772630327
2016-09-15,1320.699951171875,1320.699951171875,1310.800048828125,1313.5,37,42.410987760980994
2016-09-16,1312.199951171875,1312.5999755859375,1305.800048828125,1305.800048828125,4,39.25729722494172
2016-09-19,1313.5,1313.5,1313.5,1313.5,20,43.760935089663654
2016-09-20,1313.699951171875,1313.699951171875,1313.699951171875,1313.699951171875,97,43.87730174678085
2016-09-21,1326.300048828125,1326.9000244140625,1324.0,1326.9000244140625,76,51.074490533534764
2016-09-22,1338.5999755859375,1340.4000244140625,1338.199951171875,1340.4000244140625,23,57.12962442911191
2016-09-23,1337.199951171875,1337.199951171875,1337.199951171875,1337.199951171875,40,55.37997131503877
2016-09-26,1335.199951171875,1341.800048828125,1335.199951171875,1339.699951171875,24,56.5007934367941
2016-09-27,1328.0,1328.699951171875,1325.9000244140625,1325.9000244140625,48,49.160041536676665
2016-09-28,1319.4000244140625,1319.4000244140625,1319.4000244140625,1319.4000244140625,10551,46.1205447639501
2016-09-29,1321.199951171875,1325.0,1314.699951171875,1321.699951171875,6108,47.36072464071621
2016-09-30,1320.5999755859375,1327.699951171875,1312.9000244140625,1313.300048828125,868,43.4289739852459
2016-10-03,1313.5,1316.800048828125,1308.199951171875,1309.0,299,41.528350279751294
2016-10-04,1307.5999755859375,1310.199951171875,1266.300048828125,1266.300048828125,1893,28.288871870125575
2016-10-05,1272.0999755859375,1274.0,1261.300048828125,1265.199951171875,246,28.040840977883178
2016-10-06,1265.300048828125,1265.300048828125,1249.800048828125,1249.800048828125,114,24.767150594865782
2016-10-07,1253.9000244140625,1263.5999755859375,1248.9000244140625,1248.9000244140625,169,24.58648972261635
2016-10-11,1258.9000244140625,1258.9000244140625,1253.0,1253.0,26,27.19191909900202
2016-10-12,1251.699951171875,1254.0,1251.0999755859375,1251.0999755859375,127,26.731017480524187
2016-10-13,1258.699951171875,1259.0,1255.0,1255.0,315,29.377119760430887
2016-10-14,1253.9000244140625,1253.9000244140625,1250.5999755859375,1253.0999755859375,311,28.830833591695722
2016-10-17,1249.9000244140625,1255.0,1249.9000244140625,1254.4000244140625,41,29.792839120799712
2016-10-18,1260.9000244140625,1261.699951171875,1260.800048828125,1260.800048828125,11,34.48762392483624
2016-10-19,1262.9000244140625,1271.5,1262.9000244140625,1267.9000244140625,219,39.33423185250488
2016-10-20,1270.0,1270.5,1265.5,1265.5999755859375,415,38.34457785801214
2016-10-21,1265.9000244140625,1265.9000244140625,1265.9000244140625,1265.9000244140625,224,38.561743518745516
2016-10-24,1269.199951171875,1269.199951171875,1261.800048828125,1262.0,42,36.74983866252604
2016-10-25,1264.0999755859375,1274.0999755859375,1264.0999755859375,1271.9000244140625,61,43.9494966698193
2016-10-26,1274.0,1274.0,1264.800048828125,1264.800048828125,279,40.397970263764584
2016-10-27,1269.4000244140625,1269.4000244140625,1267.9000244140625,1267.9000244140625,338,42.57975686825824
2016-10-28,1270.300048828125,1281.5,1262.0,1275.5,560,47.64019212108476
2016-10-31,1276.5999755859375,1276.5999755859375,1271.5,1271.5,58,45.37367363340814
2016-11-01,1279.300048828125,1290.699951171875,1279.0,1286.4000244140625,49,54.12837876865334
2016-11-02,1288.300048828125,1307.0,1288.300048828125,1306.800048828125,30,62.89611219097749
2016-11-03,1296.4000244140625,1303.0999755859375,1287.300048828125,1302.0999755859375,73,60.048354833642456
2016-11-04,1300.0,1303.300048828125,1296.699951171875,1303.300048828125,11,60.53963372425581
2016-11-07,1292.0,1294.5,1278.300048828125,1278.300048828125,34,47.449548838482194
2016-11-08,1284.0999755859375,1289.4000244140625,1273.199951171875,1273.4000244140625,50,45.37847542691879
2016-11-09,1272.199951171875,1318.5999755859375,1270.0,1272.5999755859375,108,45.0328578291262
2016-11-10,1274.4000244140625,1287.5,1253.300048828125,1265.5,63,41.97733288754931
2016-11-14,1227.800048828125,1229.5,1210.4000244140625,1221.199951171875,216,28.83217591589289
2016-11-15,1224.300048828125,1226.0,1222.5,1224.0,20,30.317498388683575
2016-11-16,1229.300048828125,1229.300048828125,1223.0,1223.4000244140625,66,30.17218804595106
2016-11-17,1224.5999755859375,1225.0,1211.0,1216.5,1139,28.481484300356442
2016-11-18,1211.9000244140625,1211.9000244140625,1207.199951171875,1208.5,607,26.619064658807687
2016-11-21,1209.5999755859375,1209.5999755859375,1209.5999755859375,1209.5999755859375,19,27.322770298459005
2016-11-22,1210.4000244140625,1211.0999755859375,1207.5999755859375,1211.0,19,28.265684106923587
2016-11-23,1212.800048828125,1213.800048828125,1186.800048828125,1189.0999755859375,309,23.196004738677573
2016-11-25,1177.0,1189.300048828125,1177.0,1178.199951171875,14,21.16160132672998
2016-11-28,1188.0,1190.5999755859375,1188.0,1190.5999755859375,189914,28.810828804443133
2016-11-29,1193.199951171875,1194.800048828125,1179.4000244140625,1187.9000244140625,42124,28.16993845312294
2016-11-30,1187.0999755859375,1193.300048828125,1167.9000244140625,1170.800048828125,7158,24.458946652079092
2016-12-01,1172.699951171875,1174.5999755859375,1160.0,1166.9000244140625,1588,23.692346859171167
2016-12-02,1172.300048828125,1177.300048828125,1166.4000244140625,1175.0999755859375,1521,28.748862705765333
2016-12-05,1181.800048828125,1186.699951171875,1157.0,1174.0,358,28.47626464672119
2016-12-06,1170.9000244140625,1174.5,1167.0999755859375,1167.5999755859375,652,26.87927219428944
2016-12-07,1167.699951171875,1178.5,1166.4000244140625,1175.0,182,31.652156063592443
2016-12-08,1173.800048828125,1177.800048828125,1169.0999755859375,1169.800048828125,322,30.162263056694243
2016-12-09,1166.5999755859375,1168.800048828125,1156.0,1159.4000244140625,365,27.385770437786846
2016-12-12,1158.300048828125,1163.9000244140625,1153.0,1163.5,331,30.116864014265076
2016-12-13,1163.5,1164.0,1155.4000244140625,1156.699951171875,637,28.22101838146638
2016-12-14,1159.800048828125,1164.0,1142.0,1161.300048828125,487,31.368452993966045
2016-12-15,1139.800048828125,1143.300048828125,1123.9000244140625,1127.800048828125,244,23.341501306190906
2016-12-16,1126.9000244140625,1140.9000244140625,1126.9000244140625,1135.300048828125,146,27.79620393921681
2016-12-19,1139.4000244140625,1140.699951171875,1137.9000244140625,1140.5,249,30.798785486003382
2016-12-20,1133.5,1133.5,1126.5,1131.5,46,28.5832708084328
2016-12-21,1136.0999755859375,1136.0999755859375,1130.0,1131.0999755859375,50,28.485188920582758
2016-12-22,1131.199951171875,1132.800048828125,1128.300048828125,1128.800048828125,104,27.8925671906443
2016-12-23,1130.9000244140625,1132.800048828125,1130.300048828125,1131.9000244140625,70,30.006282434419063
2016-12-27,1134.300048828125,1142.199951171875,1134.300048828125,1137.300048828125,84,33.654653838526954
2016-12-28,1141.199951171875,1141.199951171875,1138.0,1139.4000244140625,1570,35.07199770547531
2016-12-29,1143.800048828125,1158.800048828125,1143.5999755859375,1156.4000244140625,950,45.265932412683384
2016-12-30,1162.0,1162.0,1150.0,1150.0,16,42.55699979305395
2017-01-03,1155.199951171875,1160.800048828125,1146.5,1160.4000244140625,52,48.002600203307004
2017-01-04,1156.300048828125,1165.0,1156.300048828125,1163.800048828125,36,49.682038507055715
2017-01-05,1172.0,1183.300048828125,1171.5,1179.699951171875,500,56.721671405502974
2017-01-06,1176.5,1176.5,1171.9000244140625,1171.9000244140625,16,52.81786253294659
2017-01-09,1173.9000244140625,1183.5999755859375,1173.0,1183.5,62,57.502287774291325
2017-01-10,1184.300048828125,1188.9000244140625,1182.300048828125,1184.199951171875,8,57.77471259158621
2017-01-11,1187.5,1197.0,1176.5,1195.5999755859375,20,62.042488160222405
2017-01-12,1192.699951171875,1204.300048828125,1192.300048828125,1198.9000244140625,110,63.20194112733976
2017-01-13,1195.699951171875,1196.0,1187.699951171875,1195.300048828125,65,61.01247653218639
2017-01-17,1205.5,1214.5999755859375,1200.800048828125,1212.0,79,66.76438039490807
2017-01-18,1213.5999755859375,1214.699951171875,1203.0999755859375,1211.300048828125,114,66.32272296093534
2017-01-19,1200.5,1204.0,1195.800048828125,1200.9000244140625,26,59.97441429771157
2017-01-20,1202.800048828125,1212.0999755859375,1202.800048828125,1204.300048828125,38,61.279296435467295
2017-01-23,1212.0,1215.0,1210.0,1215.0,16,65.13183605288339
2017-01-24,1219.0,1219.0,1207.699951171875,1210.300048828125,24,62.204182427497365
2017-01-25,1202.0,1202.800048828125,1194.9000244140625,1197.300048828125,403,54.85890510042825
2017-01-26,1199.699951171875,1199.699951171875,1185.5999755859375,1189.5,19,50.969878929981135
2017-01-27,1187.9000244140625,1188.300048828125,1187.9000244140625,1188.0999755859375,234352,50.280878397751515
2017-01-30,1191.699951171875,1198.5,1187.0999755859375,1193.199951171875,50503,52.784713677220374
2017-01-31,1194.9000244140625,1214.699951171875,1193.5,1208.5999755859375,3212,59.42883798754525
2017-02-01,1211.9000244140625,1211.9000244140625,1197.9000244140625,1205.5999755859375,1145,57.72471304461357
2017-02-02,1209.699951171875,1224.199951171875,1208.9000244140625,1216.699951171875,1512,62.05972340284951
2017-02-03,1214.9000244140625,1220.5999755859375,1206.199951171875,1218.5,865,62.72720980955078
2017-02-06,1221.9000244140625,1235.4000244140625,1218.5,1230.0,908,66.75168960303543
2017-02-07,1234.199951171875,1236.199951171875,1228.5,1234.199951171875,1177,68.10611878797573
2017-02-08,1232.0999755859375,1243.9000244140625,1231.0,1237.5999755859375,288,69.1999750777475
2017-02-09,1239.4000244140625,1243.5,1226.9000244140625,1235.0999755859375,885,67.37034076421236
2017-02-10,1227.5999755859375,1234.4000244140625,1221.5,1234.4000244140625,391,66.83750787185967
2017-02-13,1230.5,1231.0999755859375,1219.0,1224.4000244140625,398,59.58666788764904
2017-02-14,1225.9000244140625,1233.5,1222.0999755859375,1223.9000244140625,159,59.24061512572421
2017-02-15,1225.5,1231.699951171875,1217.300048828125,1231.699951171875,175,62.86384097552615
2017-02-16,1234.5,1240.699951171875,1233.199951171875,1240.0,87,66.29712362207539
2017-02-17,1240.699951171875,1241.199951171875,1234.800048828125,1237.5999755859375,301,64.44188196908094
2017-02-21,1237.300048828125,1237.5,1228.0999755859375,1237.5,119,64.36108554457495
2017-02-22,1236.0999755859375,1238.5999755859375,1231.800048828125,1232.0,36,59.91085166878673
2017-02-23,1236.0999755859375,1250.300048828125,1236.0999755859375,1250.199951171875,112,67.83621003264325
2017-02-24,1250.0,1258.800048828125,1250.0,1256.9000244140625,1264,70.17387826885509
2017-02-27,1254.699951171875,1263.0999755859375,1250.4000244140625,1257.4000244140625,544,70.34708239216353
2017-02-28,1253.5999755859375,1257.300048828125,1247.199951171875,1252.5999755859375,721,66.36283146469003
2017-03-01,1247.800048828125,1248.9000244140625,1236.9000244140625,1248.9000244140625,138,63.38289054153546
2017-03-02,1247.199951171875,1247.5999755859375,1230.699951171875,1231.9000244140625,79,51.86018593969681
2017-03-03,1231.699951171875,1235.199951171875,1222.9000244140625,1225.5,121,48.3001967451089
2017-03-06,1235.199951171875,1235.199951171875,1224.5,1224.5,29,47.74865447678813
2017-03-07,1224.300048828125,1225.4000244140625,1213.699951171875,1215.0999755859375,53,42.801019205875654
2017-03-08,1212.199951171875,1212.199951171875,1206.699951171875,1208.5,24,39.69124211506907
2017-03-09,1204.5,1205.5999755859375,1202.300048828125,1202.4000244140625,37,37.01443703045279
2017-03-10,1196.199951171875,1203.300048828125,1196.199951171875,1200.699951171875,3,36.28006797402564
2017-03-13,1206.199951171875,1210.0,1202.300048828125,1202.4000244140625,35,37.61304208097755
2017-03-14,1203.0999755859375,1205.9000244140625,1196.800048828125,1201.9000244140625,22,37.36546872726215
2017-03-15,1198.199951171875,1221.199951171875,1197.699951171875,1200.0999755859375,36,36.43566537051957
2017-03-16,1222.199951171875,1231.4000244140625,1222.199951171875,1226.5,47,54.36972137709935
2017-03-17,1227.0999755859375,1230.9000244140625,1227.0999755859375,1229.800048828125,26,56.03938689386297
2017-03-20,1229.300048828125,1234.4000244140625,1229.300048828125,1233.5999755859375,23,57.94751515379915
2017-03-21,1226.4000244140625,1246.0999755859375,1226.4000244140625,1246.0999755859375,11,63.552014501933336
2017-03-22,1247.9000244140625,1249.5,1247.699951171875,1249.300048828125,3,64.84377495511407
2017-03-23,1246.4000244140625,1247.5,1244.800048828125,1246.9000244140625,16,63.03926201841745
2017-03-24,1248.0,1248.300048828125,1247.5999755859375,1248.199951171875,3,63.629636074100624
2017-03-27,1255.800048828125,1257.699951171875,1253.800048828125,1255.4000244140625,72,66.7934644176804
2017-03-28,1255.9000244140625,1255.9000244140625,1255.300048828125,1255.300048828125,19,66.70669305769886
2017-03-29,1252.199951171875,1253.4000244140625,1252.0999755859375,1253.4000244140625,190678,64.97900474186119
2017-03-30,1253.0999755859375,1253.5999755859375,1241.0999755859375,1245.0,51328,57.845958246010355
2017-03-31,1242.0999755859375,1248.800048828125,1238.699951171875,1247.300048828125,8223,59.16770125163383
2017-04-03,1247.5,1252.4000244140625,1243.5999755859375,1250.800048828125,1160,61.16326752262307
2017-04-04,1253.0999755859375,1260.300048828125,1253.0,1255.0,724,63.470377959291234
2017-04-05,1255.4000244140625,1255.4000244140625,1243.0,1245.4000244140625,907,55.37316407496044
2017-04-06,1256.0999755859375,1257.5,1249.0,1250.300048828125,169,58.29757649510535
2017-04-07,1249.5,1269.0999755859375,1249.5,1254.300048828125,445,60.56914158758594
2017-04-10,1252.699951171875,1255.199951171875,1246.800048828125,1251.0999755859375,182,57.85406322858216
2017-04-11,1254.5,1273.5,1254.5,1271.199951171875,401,67.6600376189887
2017-04-12,1275.0,1285.0999755859375,1272.0,1275.300048828125,492,69.23260452406117
2017-04-13,1285.300048828125,1287.5999755859375,1282.0,1285.9000244140625,915,72.90131310682779
2017-04-17,1291.800048828125,1294.800048828125,1284.300048828125,1289.4000244140625,73,74.00357300221937
2017-04-18,1283.9000244140625,1291.699951171875,1278.5999755859375,1291.699951171875,394,74.73094309090538
2017-04-19,1288.0,1288.0,1274.0,1281.4000244140625,194,65.84561536912605
2017-04-20,1279.699951171875,1281.9000244140625,1276.199951171875,1281.9000244140625,127,66.05659906364704
2017-04-21,1279.800048828125,1287.4000244140625,1279.199951171875,1287.4000244140625,474,68.37113239744693
2017-04-24,1275.0,1276.4000244140625,1265.0,1275.800048828125,605,59.20208610954277
2017-04-25,1275.5999755859375,1276.9000244140625,1262.0999755859375,1265.5999755859375,356,52.53098074898972
2017-04-26,1266.0,1266.0,1262.0999755859375,1262.0999755859375,1156,50.4310348460051
2017-04-27,1266.699951171875,1267.199951171875,1262.199951171875,1263.699951171875,206,51.38771902527632
2017-04-28,1265.9000244140625,1267.199951171875,1264.699951171875,1266.0999755859375,85,52.857518757331015
2017-05-01,1268.699951171875,1269.300048828125,1253.300048828125,1253.300048828125,34,45.036653784147354
2017-05-02,1256.199951171875,1256.199951171875,1251.199951171875,1255.0999755859375,90,46.241216671820126
2017-05-03,1255.0999755859375,1255.800048828125,1238.699951171875,1246.4000244140625,195,41.50625440539324
2017-05-04,1239.800048828125,1239.800048828125,1224.199951171875,1226.5,72,33.145686697923495
2017-05-05,1227.0,1233.699951171875,1224.800048828125,1224.800048828125,16,32.54265147326497
2017-05-08,1224.0,1234.0,1224.0,1225.300048828125,43,32.92916758053036
2017-05-09,1226.0999755859375,1226.199951171875,1214.0,1214.300048828125,55,28.993277137677367
2017-05-10,1219.800048828125,1220.199951171875,1217.300048828125,1217.300048828125,23,31.401464890817024
2017-05-11,1218.5,1222.699951171875,1218.300048828125,1222.699951171875,13,35.63305054029131
2017-05-12,1228.0,1229.5,1226.0999755859375,1226.199951171875,29,38.29016053258961
2017-05-15,1227.5,1232.699951171875,1227.5,1228.5999755859375,13,40.115702670914615
2017-05-16,1230.4000244140625,1237.300048828125,1230.4000244140625,1235.0,20,44.804801632233655
2017-05-17,1241.0,1259.199951171875,1240.699951171875,1257.5,26,57.42613168242794
2017-05-18,1254.800048828125,1260.0,1245.800048828125,1251.699951171875,43,53.99831306894423
2017-05-19,1252.699951171875,1252.699951171875,1252.699951171875,1252.699951171875,14,54.50256574306394
2017-05-22,1251.699951171875,1260.699951171875,1251.699951171875,1260.699951171875,14,58.4285148249898
2017-05-23,1261.5,1261.5999755859375,1250.5999755859375,1254.800048828125,20,54.68107780826868
2017-05-24,1251.9000244140625,1257.800048828125,1249.699951171875,1252.4000244140625,14,53.186674394787985
2017-05-25,1257.0999755859375,1258.300048828125,1255.800048828125,1255.800048828125,11,55.06042093585007
2017-05-26,1267.5999755859375,1267.5999755859375,1267.5999755859375,1267.5999755859375,271457,60.908411084734624
2017-05-30,1267.4000244140625,1270.0,1258.4000244140625,1262.0999755859375,129819,57.17382123242447
2017-05-31,1262.4000244140625,1273.199951171875,1258.5,1272.0,2712,61.72326955101036
2017-06-01,1268.0,1269.199951171875,1260.800048828125,1267.0,825,58.35177909753646
2017-06-02,1265.199951171875,1279.0,1259.0,1276.800048828125,1732,62.65726394192259
2017-06-05,1279.199951171875,1282.0,1277.0,1279.300048828125,433,63.68851884709339
2017-06-06,1279.4000244140625,1295.199951171875,1279.4000244140625,1294.4000244140625,942,69.2179272948333
2017-06-07,1291.5999755859375,1293.0999755859375,1284.300048828125,1290.0999755859375,641,66.12967399201922
2017-06-08,1285.4000244140625,1287.5999755859375,1268.0999755859375,1276.300048828125,319,57.294848471275515
2017-06-09,1277.9000244140625,1277.9000244140625,1264.5999755859375,1268.5,467,52.985938229176035
2017-06-12,1266.4000244140625,1269.300048828125,1263.199951171875,1266.0999755859375,255,51.697613366396915
2017-06-13,1264.0999755859375,1266.9000244140625,1259.699951171875,1265.800048828125,150,51.528996628954864
2017-06-14,1269.4000244140625,1278.0,1256.800048828125,1272.800048828125,336,55.2014919322977
2017-06-15,1263.199951171875,1264.199951171875,1250.300048828125,1252.199951171875,743,44.512889003774774
2017-06-16,1252.800048828125,1255.300048828125,1251.300048828125,1254.0,34,45.505821957963576
2017-06-19,1252.0999755859375,1252.199951171875,1241.9000244140625,1244.199951171875,108,41.184737539587395
2017-06-20,1242.199951171875,1245.5,1240.5,1241.0,75,39.85398490426377
2017-06-21,1244.0999755859375,1245.0,1240.0,1243.4000244140625,205,41.383788815386865
2017-06-22,1251.0,1252.699951171875,1246.300048828125,1247.5999755859375,156,44.06496932514362
2017-06-23,1250.0,1273.5999755859375,1249.800048828125,1256.199951171875,269,49.189986028538115
2017-06-26,1260.199951171875,1260.199951171875,1241.5999755859375,1246.300048828125,194,44.172545775589725
2017-06-27,1251.5999755859375,1251.800048828125,1245.9000244140625,1246.4000244140625,111,44.23440715003186
2017-06-28,1248.5,1248.5,1248.0,1248.0,370,45.27943152966153
2017-06-29,1248.199951171875,1250.699951171875,1238.0999755859375,1244.199951171875,540,43.20839054647712
2017-06-30,1243.699951171875,1243.699951171875,1239.0999755859375,1240.699951171875,43,41.3331797502793
2017-07-03,1236.0,1236.0,1217.9000244140625,1217.9000244140625,33,31.686014590260825
2017-07-05,1222.5,1225.0,1217.0999755859375,1220.4000244140625,40,33.518304639721876
2017-07-06,1225.0999755859375,1225.0999755859375,1222.199951171875,1222.199951171875,5,34.872705269887945
2017-07-07,1219.0999755859375,1220.4000244140625,1208.5999755859375,1208.5999755859375,116,29.9138116187916
2017-07-10,1211.4000244140625,1212.0999755859375,1209.5999755859375,1212.0999755859375,28,32.57122444883247
2017-07-11,1208.699951171875,1214.9000244140625,1208.699951171875,1213.5999755859375,12,33.730923763846775
2017-07-12,1218.300048828125,1219.4000244140625,1217.9000244140625,1218.0999755859375,7,37.21936772378708
2017-07-13,1221.4000244140625,1221.4000244140625,1216.300048828125,1216.300048828125,7,36.39412980246623
2017-07-14,1214.9000244140625,1227.5,1214.800048828125,1226.5999755859375,23,44.04038656581544
2017-07-17,1229.9000244140625,1233.4000244140625,1229.9000244140625,1232.800048828125,7,48.08599270479094
2017-07-18,1236.199951171875,1241.199951171875,1236.199951171875,1241.0999755859375,29,52.98601526253198
2017-07-19,1240.4000244140625,1241.199951171875,1240.0999755859375,1241.199951171875,3,53.04350807454165
2017-07-20,1236.5999755859375,1244.800048828125,1236.5999755859375,1244.800048828125,5,55.1695162060139
2017-07-21,1250.699951171875,1254.300048828125,1250.5,1254.300048828125,16,60.280109566791985
2017-07-24,1256.0,1256.0,1253.9000244140625,1253.9000244140625,8,59.97009634026333
2017-07-25,1252.699951171875,1253.5999755859375,1249.199951171875,1251.699951171875,18,58.1973574195429
2017-07-26,1244.800048828125,1249.0,1244.800048828125,1249.0,7,56.00922766533898
2017-07-27,1259.5999755859375,1259.5999755859375,1259.5999755859375,1259.5999755859375,220309,62.0430767866892
2017-07-28,1258.4000244140625,1270.0,1256.9000244140625,1268.4000244140625,64180,66.1892935641621
2017-07-31,1268.9000244140625,1270.800048828125,1265.800048828125,1266.5999755859375,7780,64.6340225564599
2017-08-01,1268.4000244140625,1273.300048828125,1262.0,1272.5999755859375,1061,67.38500193704114
2017-08-02,1268.5,1272.0999755859375,1262.9000244140625,1271.800048828125,393,66.64074113721557
2017-08-03,1265.9000244140625,1269.800048828125,1256.5999755859375,1267.800048828125,878,62.89959884896569
2017-08-04,1269.0,1269.5999755859375,1253.9000244140625,1258.300048828125,521,55.00206175380807
2017-08-07,1258.699951171875,1259.0999755859375,1255.300048828125,1258.199951171875,260,54.92381083451519
2017-08-08,1256.9000244140625,1264.0999755859375,1251.4000244140625,1256.4000244140625,555,53.45121466729953
2017-08-09,1260.199951171875,1277.800048828125,1260.199951171875,1273.0,574,63.2401246098322
2017-08-10,1276.5999755859375,1287.4000244140625,1274.9000244140625,1283.699951171875,608,67.92268153766858
2017-08-11,1286.300048828125,1291.0999755859375,1282.0,1287.699951171875,139,69.48745114476189
2017-08-14,1288.4000244140625,1288.4000244140625,1278.800048828125,1284.199951171875,338,66.43370080072557
2017-08-15,1280.5,1280.5,1267.4000244140625,1273.699951171875,188,58.174038368378184
2017-08-16,1271.300048828125,1282.5999755859375,1269.4000244140625,1276.9000244140625,110,59.813892057782994
2017-08-17,1283.800048828125,1288.5,1283.199951171875,1286.4000244140625,43,64.28997102125807
2017-08-18,1288.5999755859375,1300.699951171875,1284.300048828125,1285.699951171875,358,63.726660953461646
2017-08-21,1285.199951171875,1290.800048828125,1284.699951171875,1290.800048828125,18,66.05978871646494
2017-08-22,1287.199951171875,1288.4000244140625,1283.199951171875,1285.0999755859375,100,61.31309861570223
2017-08-23,1289.4000244140625,1289.4000244140625,1286.9000244140625,1288.9000244140625,250,63.210964523496564
2017-08-24,1288.699951171875,1288.699951171875,1284.0,1286.5,550,61.16992828694858
2017-08-25,1285.4000244140625,1292.699951171875,1280.300048828125,1292.5,280,64.27552084907626
2017-08-28,1293.5,1311.300048828125,1293.5,1309.699951171875,145,71.34957004911092
2017-08-29,1318.800048828125,1323.800048828125,1313.0999755859375,1313.0999755859375,1178,72.50845627898005
2017-08-30,1308.199951171875,1312.5,1304.9000244140625,1308.0999755859375,1178,68.14324638624865
2017-08-31,1306.5999755859375,1322.300048828125,1301.699951171875,1316.199951171875,373,71.17115083815618
2017-09-01,1320.199951171875,1327.699951171875,1316.9000244140625,1324.5,313,73.90787896169412
2017-09-05,1335.199951171875,1339.199951171875,1328.5999755859375,1339.199951171875,39,77.90789222077001
2017-09-06,1340.0,1340.300048828125,1332.5999755859375,1333.9000244140625,20,73.53104446439164
2017-09-07,1336.4000244140625,1349.0,1336.4000244140625,1345.0999755859375,26,76.53155554476706
2017-09-08,1351.0,1355.800048828125,1345.5999755859375,1346.0,37,76.75955079156411
2017-09-11,1331.0,1331.0,1327.300048828125,1331.0,9,65.36251537892585
2017-09-12,1327.0,1328.0,1325.199951171875,1328.0,15,63.33701764298459
2017-09-13,1323.4000244140625,1323.4000244140625,1323.4000244140625,1323.4000244140625,16,60.25378500990307
2017-09-14,1319.5999755859375,1329.300048828125,1319.5999755859375,1324.699951171875,316,60.83402237939549
2017-09-15,1320.5999755859375,1321.199951171875,1319.800048828125,1320.4000244140625,15,57.82679742113243
2017-09-18,1309.800048828125,1310.4000244140625,1306.0,1306.300048828125,129,49.23245147362092
2017-09-19,1307.9000244140625,1310.300048828125,1305.0999755859375,1306.199951171875,20,49.17657458742926
2017-09-20,1312.0,1312.0,1298.699951171875,1312.0,12,52.537969030110474
2017-09-21,1299.0999755859375,1304.0999755859375,1290.300048828125,1290.5999755859375,336,41.60439681579302
2017-09-22,1295.0,1295.699951171875,1293.300048828125,1293.300048828125,209,43.21024596084299
2017-09-25,1293.0999755859375,1309.199951171875,1291.0,1306.800048828125,51,50.534595586582675
2017-09-26,1304.5,1305.5999755859375,1297.0,1297.0,39,45.90601501434093
2017-09-27,1283.4000244140625,1283.4000244140625,1283.4000244140625,1283.4000244140625,19488,40.378792667965484
2017-09-28,1283.0999755859375,1288.0,1277.0,1285.5,5226,41.54907204482745
2017-09-29,1284.199951171875,1289.4000244140625,1281.5,1281.5,492,39.940883793573356
2017-10-02,1275.0,1276.0999755859375,1270.4000244140625,1272.699951171875,136,36.5858388141173
2017-10-03,1269.699951171875,1273.300048828125,1268.5999755859375,1271.5,192,36.140046517699645
2017-10-04,1273.800048828125,1280.800048828125,1270.0,1273.699951171875,218,37.640276613892226
2017-10-05,1277.800048828125,1277.800048828125,1267.5999755859375,1269.9000244140625,36,36.06428650391439
2017-10-06,1267.5999755859375,1272.0,1260.5,1271.5999755859375,46,37.328489309007594
2017-10-09,1280.5999755859375,1284.0,1279.0,1281.800048828125,19,44.42875915157604
2017-10-10,1282.5999755859375,1293.0,1281.699951171875,1290.5999755859375,18,49.72113420413069
2017-10-11,1287.300048828125,1292.0,1284.9000244140625,1285.800048828125,21,47.086977715194294
2017-10-12,1291.5,1294.5,1289.300048828125,1293.300048828125,14,51.417971180115075
2017-10-13,1293.300048828125,1301.699951171875,1291.699951171875,1301.5,74,55.6884501428405
2017-10-16,1302.0,1303.800048828125,1291.9000244140625,1299.9000244140625,173,54.67849002314254
2017-10-17,1295.0999755859375,1295.0999755859375,1283.0,1283.0,571,45.32746561567946
2017-10-18,1279.9000244140625,1279.9000244140625,1279.9000244140625,1279.9000244140625,163,43.8462088372803
2017-10-19,1286.4000244140625,1286.9000244140625,1285.0999755859375,1286.9000244140625,134,47.98013384451439
2017-10-20,1279.5999755859375,1279.5999755859375,1277.4000244140625,1277.4000244140625,304,43.319187898209194
2017-10-23,1274.699951171875,1280.800048828125,1271.5,1277.699951171875,115,43.50577985541143
2017-10-24,1275.5,1275.5,1273.699951171875,1275.0,111,42.16027379184227
2017-10-25,1269.9000244140625,1275.4000244140625,1269.9000244140625,1275.4000244140625,105,42.44428952045597
2017-10-26,1273.5,1273.5,1264.699951171875,1266.300048828125,39,37.88664241654199
2017-10-27,1268.4000244140625,1268.5,1267.0999755859375,1268.5,567,39.57587441287839
2017-10-30,1270.0,1274.0999755859375,1267.9000244140625,1274.0999755859375,222,43.768101633834725
2017-10-31,1273.0999755859375,1274.5999755859375,1266.0999755859375,1267.0,235,39.98070895519787
2017-11-01,1272.199951171875,1274.800048828125,1270.300048828125,1274.0999755859375,78,45.09708774732421
2017-11-02,1274.9000244140625,1274.9000244140625,1274.9000244140625,1274.9000244140625,70,45.65922450226255
2017-11-03,1265.300048828125,1267.9000244140625,1265.300048828125,1266.5,75,40.92172408022523
2017-11-06,1269.0,1280.5,1269.0,1279.4000244140625,128,49.574672680871245
2017-11-07,1276.800048828125,1276.800048828125,1270.4000244140625,1273.699951171875,11,46.34461570045824
2017-11-08,1275.9000244140625,1284.9000244140625,1274.699951171875,1281.5999755859375,15,51.100062355094266
2017-11-09,1279.699951171875,1286.9000244140625,1279.699951171875,1285.5999755859375,18,53.354330512360065
2017-11-10,1283.5,1283.5,1272.4000244140625,1272.4000244140625,10,45.843736369182224
2017-11-13,1277.300048828125,1277.300048828125,1277.0,1277.300048828125,3,48.72900948903481
2017-11-14,1276.9000244140625,1281.5,1276.9000244140625,1281.5,4,51.13221848170793
2017-11-15,1281.4000244140625,1284.699951171875,1275.9000244140625,1276.5,13,48.233669887077205
2017-11-16,1277.5,1277.5,1277.4000244140625,1277.4000244140625,43,48.79634266136585
2017-11-17,1288.300048828125,1295.800048828125,1288.300048828125,1295.800048828125,1,58.68367260094896
2017-11-20,1274.5999755859375,1275.9000244140625,1274.5999755859375,1274.5999755859375,1,47.340921611690334
2017-11-21,1281.0999755859375,1281.0999755859375,1281.0999755859375,1281.0999755859375,4,50.50004504447037
2017-11-22,1284.699951171875,1291.5999755859375,1282.9000244140625,1291.5999755859375,4,55.17789429624161
2017-11-24,1286.699951171875,1286.699951171875,1286.699951171875,1286.699951171875,0,52.67611615723472
2017-11-27,1293.800048828125,1293.800048828125,1293.800048828125,1293.800048828125,1,55.80310405811836
2017-11-28,1294.699951171875,1294.699951171875,1294.699951171875,1294.699951171875,275442,56.19815578227671
2017-11-29,1293.4000244140625,1296.199951171875,1281.0999755859375,1282.0999755859375,47244,49.52345052045847
2017-11-30,1283.0999755859375,1284.5,1269.699951171875,1273.199951171875,3049,45.41987750223435
2017-12-01,1274.0999755859375,1288.5999755859375,1271.0,1278.800048828125,823,48.32155911564182
2017-12-04,1272.5,1276.0999755859375,1270.300048828125,1274.300048828125,850,46.19624313913383
2017-12-05,1275.4000244140625,1275.800048828125,1260.0,1261.5999755859375,1499,40.74898718355045
2017-12-06,1264.9000244140625,1267.800048828125,1261.5999755859375,1262.800048828125,373,41.451530139450796
2017-12-07,1262.300048828125,1262.4000244140625,1243.9000244140625,1249.800048828125,358,36.41452862993618
2017-12-08,1246.300048828125,1249.300048828125,1241.5,1245.199951171875,157,34.8029342014711
2017-12-11,1248.4000244140625,1249.199951171875,1239.9000244140625,1243.699951171875,146,34.27032558741601
2017-12-12,1241.300048828125,1244.4000244140625,1236.5,1238.5,692,32.41818595596861
2017-12-13,1241.9000244140625,1254.5,1239.800048828125,1245.4000244140625,349,37.263395344859184
2017-12-14,1252.9000244140625,1257.699951171875,1250.300048828125,1253.800048828125,139,42.6535797408344
2017-12-15,1253.0999755859375,1260.300048828125,1253.0999755859375,1254.300048828125,578,42.967686829581325
2017-12-18,1256.199951171875,1262.4000244140625,1255.699951171875,1262.199951171875,45,47.82985391589322
2017-12-19,1261.0999755859375,1264.300048828125,1259.5,1260.699951171875,329,47.01033968099936
2017-12-20,1261.300048828125,1266.5999755859375,1261.300048828125,1266.0999755859375,63,50.31104289806863
2017-12-21,1266.4000244140625,1267.4000244140625,1264.300048828125,1267.300048828125,226,51.04091265236284
2017-12-22,1266.300048828125,1276.300048828125,1266.300048828125,1275.4000244140625,119,55.763960676390006
2017-12-26,1282.4000244140625,1284.0999755859375,1281.800048828125,1284.0999755859375,84,60.20454674610798
2017-12-27,1284.0,1287.0,1284.0,1287.0,456,61.588725861757005
2017-12-28,1288.199951171875,1294.0999755859375,1288.199951171875,1294.0999755859375,245,64.81537435241002
2017-12-29,1294.199951171875,1306.300048828125,1294.0,1306.300048828125,65,69.5489137690197
2018-01-02,1302.300048828125,1317.5999755859375,1302.300048828125,1313.699951171875,68,72.00873644361232
2018-01-03,1320.0,1320.0999755859375,1312.0999755859375,1316.199951171875,42,72.80791214305435
2018-01-04,1319.4000244140625,1322.0,1319.4000244140625,1319.4000244140625,2,73.83759167307541
2018-01-05,1320.300048828125,1320.300048828125,1320.300048828125,1320.300048828125,1,74.1342548031017
2018-01-08,1319.9000244140625,1319.9000244140625,1314.5999755859375,1318.5999755859375,41,72.46278362117661
2018-01-09,1309.5999755859375,1311.699951171875,1309.5999755859375,1311.699951171875,16,65.96233041558853
2018-01-10,1320.300048828125,1320.699951171875,1315.300048828125,1317.4000244140625,70,68.47801760019715
2018-01-11,1317.0999755859375,1320.5999755859375,1316.300048828125,1320.5999755859375,9,69.8262765849569
2018-01-12,1327.800048828125,1338.199951171875,1327.800048828125,1333.4000244140625,14,74.5208642362399
2018-01-16,1331.0999755859375,1335.4000244140625,1331.0,1335.4000244140625,13,75.17089318249795
2018-01-17,1334.4000244140625,1338.0,1326.800048828125,1338.0,27,76.02712637049352
2018-01-18,1328.9000244140625,1328.9000244140625,1326.0,1326.0,211,64.90242101548188
2018-01-19,1330.0999755859375,1333.0,1330.0999755859375,1331.9000244140625,50,67.4261692234196
2018-01-22,1328.4000244140625,1330.9000244140625,1328.4000244140625,1330.9000244140625,162,66.55266464302777
2018-01-23,1335.800048828125,1335.9000244140625,1335.699951171875,1335.699951171875,47,68.65192756848622
2018-01-24,1355.9000244140625,1357.199951171875,1355.9000244140625,1355.9000244140625,18,75.59419656286562
2018-01-25,1356.300048828125,1362.4000244140625,1346.699951171875,1362.4000244140625,4,77.33366664451836
2018-01-26,1351.5999755859375,1352.0,1350.9000244140625,1351.5999755859375,280546,68.58664038964692
2018-01-30,1338.699951171875,1347.800048828125,1332.800048828125,1335.4000244140625,52100,57.99104361474702
2018-01-31,1337.5,1346.9000244140625,1331.800048828125,1339.0,4881,59.48876791916175
2018-02-01,1343.800048828125,1350.5999755859375,1336.800048828125,1344.300048828125,1680,61.656221902905685
2018-02-02,1348.5,1352.0999755859375,1327.699951171875,1333.699951171875,2841,55.28534600568786
2018-02-05,1331.0999755859375,1340.199951171875,1329.0,1333.0,641,54.882076545943896
2018-02-06,1338.199951171875,1343.699951171875,1319.5,1326.0999755859375,529,50.93758341171159
2018-02-07,1325.4000244140625,1331.0999755859375,1310.5,1311.5999755859375,491,43.81150072536791
2018-02-08,1317.0999755859375,1321.0999755859375,1307.0,1316.9000244140625,459,46.74425410298535
2018-02-09,1320.9000244140625,1322.0,1311.9000244140625,1313.0999755859375,451,44.933368251541474
2018-02-12,1323.800048828125,1325.5,1318.0,1324.199951171875,140,50.91511655877582
2018-02-13,1324.5,1329.5999755859375,1323.4000244140625,1328.0999755859375,71,52.85298294046825
2018-02-14,1332.800048828125,1355.5,1324.0,1355.5,400,63.69693646779764
2018-02-15,1352.0,1355.9000244140625,1349.699951171875,1352.0999755859375,111,61.79751981341618
2018-02-16,1354.0,1361.4000244140625,1344.9000244140625,1353.199951171875,110,62.190336745714845
2018-02-20,1348.4000244140625,1350.199951171875,1328.5,1328.800048828125,283,49.92665580640478
2018-02-21,1326.800048828125,1331.5,1324.4000244140625,1330.0,119,50.44420607977837
2018-02-22,1322.0,1331.4000244140625,1322.0,1330.5999755859375,70,50.71848013398019
2018-02-23,1328.0,1332.0999755859375,1327.699951171875,1328.199951171875,427,49.537371056890926
2018-02-26,1335.0,1340.5,1330.699951171875,1330.699951171875,652,50.82207486207765
2018-02-27,1331.699951171875,1332.5999755859375,1312.699951171875,1315.5,710,43.56075734540896
2018-02-28,1315.4000244140625,1321.0,1315.4000244140625,1315.5,58,43.56075734540896
2018-03-01,1310.4000244140625,1318.0999755859375,1301.800048828125,1302.9000244140625,43,38.29988905020451
2018-03-02,1314.300048828125,1323.199951171875,1314.300048828125,1321.0999755859375,155,48.058002391512645
2018-03-05,1323.5,1325.9000244140625,1318.0999755859375,1318.0999755859375,18,46.7456312928534
2018-03-06,1321.5999755859375,1333.5999755859375,1321.4000244140625,1333.5999755859375,18,53.77003740141598
2018-03-07,1338.0999755859375,1338.0999755859375,1326.0,1326.0,27,50.26882628592772
2018-03-08,1324.800048828125,1326.800048828125,1319.300048828125,1319.9000244140625,62,47.59029373570671
2018-03-09,1316.800048828125,1322.4000244140625,1313.0,1322.4000244140625,88,48.794528466278784
2018-03-12,1319.4000244140625,1319.4000244140625,1319.4000244140625,1319.4000244140625,0,47.38741735635497
2018-03-13,1325.9000244140625,1325.9000244140625,1325.300048828125,1325.9000244140625,13,50.70439291399785
2018-03-14,1322.199951171875,1324.4000244140625,1322.199951171875,1324.4000244140625,19,49.92220873398527
2018-03-15,1316.800048828125,1316.800048828125,1316.800048828125,1316.800048828125,0,46.046380187177704
2018-03-16,1310.0999755859375,1311.300048828125,1310.0999755859375,1311.300048828125,34,43.41921198961241
2018-03-19,1309.4000244140625,1316.9000244140625,1307.300048828125,1316.800048828125,6,46.69449710511729
2018-03-20,1311.0999755859375,1311.0999755859375,1311.0999755859375,1311.0999755859375,4,43.860765236111405
2018-03-21,1312.4000244140625,1328.800048828125,1312.4000244140625,1320.699951171875,34,49.427284328111014
2018-03-22,1326.5999755859375,1326.5999755859375,1326.5999755859375,1326.5999755859375,0,52.541842530629296
2018-03-23,1343.199951171875,1349.300048828125,1343.199951171875,1349.300048828125,8,62.190010677783654
2018-03-26,1348.5,1354.4000244140625,1345.0999755859375,1354.4000244140625,10,63.962618805674296
2018-03-27,1341.0,1341.300048828125,1341.0,1341.300048828125,290889,56.619818354761534
2018-03-28,1345.0,1346.4000244140625,1322.4000244140625,1324.199951171875,59284,48.75221231300672
2018-03-29,1324.0,1327.0999755859375,1321.699951171875,1322.800048828125,5585,48.16219569366878
2018-04-02,1327.0,1344.199951171875,1324.699951171875,1342.0999755859375,649,56.05793779893644
2018-04-03,1340.4000244140625,1341.5,1328.5,1332.800048828125,702,51.95160734038176
2018-04-04,1331.800048828125,1347.300048828125,1331.5999755859375,1335.800048828125,718,53.14397083254742
2018-04-05,1333.5,1333.699951171875,1322.5999755859375,1324.300048828125,258,48.20554977715992
2018-04-06,1326.5,1333.0,1319.0,1331.9000244140625,348,51.41850053726042
2018-04-09,1333.0,1337.5,1327.0,1336.300048828125,290,53.22750224775329
2018-04-10,1335.199951171875,1342.0,1333.0,1342.0,105,55.53725284043321
2018-04-11,1340.0999755859375,1365.4000244140625,1340.0999755859375,1356.5,118,60.835676742500894
2018-04-12,1351.199951171875,1351.5,1334.5999755859375,1338.4000244140625,34,52.43579893315353
2018-04-13,1335.9000244140625,1346.0,1335.9000244140625,1344.800048828125,67,54.811703122380905
2018-04-16,1341.0,1348.800048828125,1341.0,1347.5,60,55.814442384123254
2018-04-17,1348.0,1348.0999755859375,1339.0,1347.199951171875,409,55.66660730161837
2018-04-18,1343.5,1354.199951171875,1343.5,1351.199951171875,45,57.29068305744896
2018-04-19,1348.5999755859375,1355.199951171875,1341.5999755859375,1346.800048828125,387,54.907934833666005
2018-04-20,1342.5,1343.4000244140625,1335.300048828125,1336.699951171875,310,49.788837797647595
2018-04-23,1334.0,1334.4000244140625,1322.5,1322.5,68,43.63011606247625
2018-04-24,1326.4000244140625,1331.699951171875,1326.199951171875,1331.4000244140625,28,47.97390627703401
2018-04-25,1324.0,1325.0,1320.0,1321.199951171875,278,43.807453303570625
2018-04-26,1315.699951171875,1316.300048828125,1315.699951171875,1316.300048828125,569,41.92384197006576
2018-04-27,1315.300048828125,1321.699951171875,1312.800048828125,1320.300048828125,622,44.03920267224915
2018-04-30,1309.5999755859375,1316.199951171875,1309.5999755859375,1316.199951171875,49,42.33694627039111
2018-05-01,1313.199951171875,1313.800048828125,1303.4000244140625,1303.800048828125,28,37.603063449448264
2018-05-02,1309.0,1309.300048828125,1302.5999755859375,1302.5999755859375,23,37.16988843104551
2018-05-03,1310.699951171875,1310.699951171875,1310.699951171875,1310.699951171875,4,42.02440543879959
2018-05-04,1312.699951171875,1312.699951171875,1312.699951171875,1312.699951171875,0,43.191543296792666
2018-05-07,1310.5999755859375,1312.5,1310.199951171875,1312.199951171875,4,42.95870585083559
2018-05-08,1310.0999755859375,1312.0,1308.5,1312.0,337,42.85920270187371
2018-05-09,1311.300048828125,1311.300048828125,1311.300048828125,1311.300048828125,70,42.48819545203754
2018-05-10,1312.199951171875,1320.800048828125,1312.199951171875,1320.800048828125,8,48.947633410530884
2018-05-11,1319.0,1319.0,1319.0,1319.0,3,47.8509687835272
2018-05-14,1319.9000244140625,1319.9000244140625,1316.5,1316.5,4,46.29944537819481
2018-05-15,1304.5999755859375,1304.699951171875,1288.9000244140625,1288.9000244140625,8,33.41721156389116
2018-05-16,1290.9000244140625,1294.0,1285.4000244140625,1290.199951171875,26,34.34379815937518
2018-05-17,1291.300048828125,1291.300048828125,1288.199951171875,1288.199951171875,2,33.569750079426086
2018-05-18,1285.199951171875,1290.199951171875,1285.199951171875,1290.199951171875,2,35.14393197554374
2018-05-21,1287.4000244140625,1292.0999755859375,1287.4000244140625,1290.199951171875,52,35.14393197554374
2018-05-22,1291.699951171875,1291.699951171875,1291.699951171875,1291.699951171875,50,36.45374592739576
2018-05-23,1289.300048828125,1289.300048828125,1289.300048828125,1289.300048828125,10,35.227908572849785
2018-05-24,1303.699951171875,1303.699951171875,1303.699951171875,1303.699951171875,0,46.7899608307719
2018-05-25,1303.300048828125,1303.300048828125,1303.300048828125,1303.300048828125,1,46.541495141917366
2018-05-29,1298.699951171875,1298.699951171875,1298.699951171875,1298.699951171875,386334,43.66884191575779
2018-05-30,1298.0,1303.699951171875,1295.199951171875,1301.5,50845,45.85937285243915
2018-05-31,1301.0,1306.800048828125,1296.5999755859375,1300.0999755859375,4082,44.91881886908059
2018-06-01,1298.5999755859375,1299.5,1288.9000244140625,1294.800048828125,663,41.45281836585195
2018-06-04,1293.9000244140625,1297.0999755859375,1290.0,1293.0999755859375,144,40.37657082433205
2018-06-05,1292.0999755859375,1299.800048828125,1289.9000244140625,1297.5,357,44.40007496505031
2018-06-06,1296.0999755859375,1300.4000244140625,1294.0999755859375,1297.0999755859375,373,44.10864959340936
2018-06-07,1298.4000244140625,1302.800048828125,1296.199951171875,1298.699951171875,79,45.64535927179051
2018-06-08,1295.300048828125,1299.4000244140625,1294.800048828125,1298.0999755859375,650,45.14411060434215
2018-06-11,1299.300048828125,1302.0,1295.199951171875,1298.9000244140625,71,45.995743041558185
2018-06-12,1297.800048828125,1298.0999755859375,1292.699951171875,1295.0999755859375,153,42.61184954502798
2018-06-13,1294.0,1299.4000244140625,1290.9000244140625,1296.9000244140625,135,44.68772069926562
2018-06-14,1297.199951171875,1307.699951171875,1297.199951171875,1304.0,42,52.05458250952514
2018-06-15,1297.199951171875,1307.699951171875,1274.0,1274.5999755859375,589,32.65797607852238
2018-06-18,1280.699951171875,1280.699951171875,1276.199951171875,1276.199951171875,35,34.0971761054346
2018-06-19,1278.699951171875,1281.800048828125,1269.9000244140625,1275.5999755859375,34,33.80541581534274
2018-06-20,1274.4000244140625,1274.4000244140625,1271.199951171875,1271.199951171875,7,31.665483282723628
2018-06-21,1262.699951171875,1268.9000244140625,1260.0,1267.199951171875,46,29.817593848512317
2018-06-22,1268.0999755859375,1270.199951171875,1267.0,1267.4000244140625,74,30.037515903403857
2018-06-25,1270.5999755859375,1271.199951171875,1265.5999755859375,1265.5999755859375,37,29.152410560881833
2018-06-26,1267.199951171875,1267.199951171875,1256.5999755859375,1256.5999755859375,89,25.160402261031933
2018-06-27,1255.5,1255.5,1252.300048828125,1252.800048828125,1162,23.685648080374634
2018-06-28,1251.699951171875,1251.699951171875,1244.800048828125,1247.800048828125,378,21.869233114292868
2018-06-29,1250.300048828125,1253.300048828125,1249.0999755859375,1251.300048828125,48,26.1392188022333
2018-07-02,1249.9000244140625,1249.9000244140625,1239.800048828125,1239.800048828125,29,21.90345743700523
2018-07-03,1238.0999755859375,1254.0999755859375,1237.0,1251.5999755859375,36,33.76387437872465
2018-07-05,1255.5,1257.300048828125,1253.5999755859375,1257.300048828125,9,38.6136926599426
2018-07-06,1255.5,1255.5,1254.300048828125,1254.300048828125,7,37.07504992143495
2018-07-09,1258.199951171875,1262.300048828125,1257.699951171875,1258.0999755859375,37,40.31897902846932
2018-07-10,1256.199951171875,1256.9000244140625,1249.300048828125,1253.800048828125,65,37.935740266837975
2018-07-11,1253.199951171875,1253.199951171875,1242.800048828125,1242.800048828125,30,32.62321407849818
2018-07-12,1240.9000244140625,1246.699951171875,1240.9000244140625,1245.0,7,34.59592023619875
2018-07-13,1244.699951171875,1247.0,1239.5999755859375,1239.5999755859375,2,32.11067680483998
2018-07-16,1242.699951171875,1243.800048828125,1238.0999755859375,1238.0999755859375,2,31.435154237540203
2018-07-17,1225.699951171875,1225.699951171875,1225.699951171875,1225.699951171875,0,26.476470044796358
2018-07-18,1226.699951171875,1226.699951171875,1222.199951171875,1226.300048828125,67,27.07599250117177
2018-07-19,1227.199951171875,1228.0,1211.699951171875,1222.4000244140625,33,25.614186466112145
2018-07-20,1229.5,1229.5,1229.5,1229.5,0,32.734097275705906
2018-07-23,1222.0,1224.0,1222.0,1224.0,1,30.31355937442504
2018-07-24,1223.9000244140625,1223.9000244140625,1223.9000244140625,1223.9000244140625,0,30.269743023656446
2018-07-25,1231.4000244140625,1231.4000244140625,1231.4000244140625,1231.4000244140625,0,37.56107206456772
2018-07-26,1227.800048828125,1227.800048828125,1225.300048828125,1225.300048828125,1,34.409579320130845
2018-07-27,1222.5999755859375,1222.5999755859375,1222.5999755859375,1222.5999755859375,254428,33.08627907669032
2018-07-30,1222.5,1223.9000244140625,1218.0999755859375,1221.300048828125,62239,32.43946314371925
2018-07-31,1220.4000244140625,1228.0999755859375,1213.0,1223.699951171875,2722,34.96715934107654
2018-08-01,1222.9000244140625,1223.699951171875,1214.4000244140625,1217.9000244140625,1026,31.864380082074945
2018-08-02,1214.699951171875,1219.300048828125,1205.800048828125,1210.5999755859375,411,28.443333697182723
2018-08-03,1206.5,1218.5999755859375,1205.0999755859375,1214.199951171875,784,32.303265930668374
2018-08-06,1214.4000244140625,1214.4000244140625,1206.5999755859375,1208.5999755859375,297,29.626099790487444
2018-08-07,1207.800048828125,1214.800048828125,1207.800048828125,1209.5999755859375,715,30.730107119979166
2018-08-08,1212.0,1215.199951171875,1205.9000244140625,1212.5999755859375,209,34.071587330956476
2018-08-09,1214.5,1215.300048828125,1211.5999755859375,1211.9000244140625,44,33.6635633990072
2018-08-10,1212.5,1216.4000244140625,1205.5999755859375,1211.0999755859375,75,33.17453781269806
2018-08-13,1207.0,1207.4000244140625,1191.300048828125,1191.300048828125,78,23.915240594215533
2018-08-14,1193.0999755859375,1197.5,1192.800048828125,1193.0,92,25.829332893111186
2018-08-15,1187.800048828125,1188.0999755859375,1174.5999755859375,1177.5,71,20.712722720101056
2018-08-16,1173.199951171875,1180.199951171875,1161.4000244140625,1176.199951171875,123,20.348625907143514
2018-08-17,1174.699951171875,1181.199951171875,1174.699951171875,1176.5,66,20.695120569990962
2018-08-20,1184.800048828125,1190.0,1184.4000244140625,1186.800048828125,68,31.681914884068036
2018-08-21,1189.800048828125,1192.5999755859375,1189.800048828125,1192.5999755859375,22,36.97660771446941
2018-08-22,1194.699951171875,1196.300048828125,1194.699951171875,1196.300048828125,17,40.1626388278897
2018-08-23,1189.300048828125,1190.300048828125,1184.9000244140625,1187.0,95,35.32836382230394
2018-08-24,1185.300048828125,1208.0,1185.300048828125,1206.300048828125,12,49.03768927341374
2018-08-27,1210.300048828125,1211.4000244140625,1205.199951171875,1209.0,154,50.61486705641534
2018-08-28,1209.699951171875,1217.0,1202.300048828125,1207.4000244140625,136,49.63456948304398
2018-08-29,1205.199951171875,1205.199951171875,1202.4000244140625,1204.5,817,47.826474757212765
2018-08-30,1205.4000244140625,1205.5999755859375,1196.0,1197.699951171875,493,43.79761251790151
2018-08-31,1207.0999755859375,1208.199951171875,1199.0999755859375,1200.300048828125,191,45.681789998095454
2018-09-04,1193.800048828125,1193.800048828125,1189.9000244140625,1192.699951171875,26,41.321119066091526
2018-09-05,1192.5,1196.0,1192.5,1194.9000244140625,21,43.016858956167596
2018-09-06,1202.0,1202.0,1197.9000244140625,1197.9000244140625,7,45.336617149251495
2018-09-07,1198.300048828125,1198.300048828125,1193.0999755859375,1193.5999755859375,29,42.65612494787196
2018-09-10,1193.0,1193.0,1193.0,1193.0,11,42.280503431968484
2018-09-11,1190.4000244140625,1196.300048828125,1190.4000244140625,1195.4000244140625,21,44.390046318516404
2018-09-12,1205.0,1205.0,1204.699951171875,1204.699951171875,37,51.74906800694335
2018-09-13,1203.4000244140625,1203.4000244140625,1200.0,1202.0,22,49.69306202910169
2018-09-14,1195.0,1195.0,1195.0,1195.0,1,44.73105068189317
2018-09-17,1199.699951171875,1199.699951171875,1199.699951171875,1199.699951171875,0,48.45279957222313
2018-09-18,1198.699951171875,1198.699951171875,1196.800048828125,1196.800048828125,2,46.37765044429596
2018-09-19,1202.199951171875,1202.199951171875,1202.199951171875,1202.199951171875,0,50.61876137528599
2018-09-20,1206.199951171875,1206.199951171875,1206.199951171875,1206.199951171875,0,53.54953724095826
2018-09-21,1196.199951171875,1196.199951171875,1196.199951171875,1196.199951171875,0,46.17181550322682
2018-09-24,1199.300048828125,1199.300048828125,1199.300048828125,1199.300048828125,0,48.53885785210189
2018-09-25,1202.0999755859375,1202.800048828125,1200.0,1200.0,21,49.08327749920904
2018-09-26,1194.0,1194.0,1194.0,1194.0,17857,44.716231619137766
2018-09-27,1194.5999755859375,1197.300048828125,1180.5,1182.300048828125,4947,37.67668941107499
2018-09-28,1181.699951171875,1191.9000244140625,1180.0,1191.5,404,45.00775084871796
2018-10-01,1191.5999755859375,1191.5999755859375,1185.800048828125,1187.0999755859375,180,42.43669145900002
2018-10-02,1193.0,1206.0,1190.300048828125,1202.4000244140625,451,52.5805603935429
2018-10-03,1202.5999755859375,1202.5999755859375,1196.5999755859375,1198.300048828125,76,50.035995319478225
2018-10-04,1199.300048828125,1204.5999755859375,1197.199951171875,1197.199951171875,496,49.345954852069546
2018-10-05,1197.0999755859375,1205.300048828125,1196.9000244140625,1201.199951171875,34,51.94119992911954
2018-10-08,1201.0,1201.0,1183.699951171875,1184.4000244140625,250,42.16904965587428
2018-10-09,1185.5999755859375,1189.0999755859375,1185.5999755859375,1187.199951171875,9,44.0580823482032
2018-10-10,1189.300048828125,1192.0,1189.300048828125,1189.300048828125,1078,45.496164553158756
2018-10-11,1198.0999755859375,1224.5999755859375,1196.300048828125,1223.5,126,62.43276583883706
2018-10-12,1221.5999755859375,1221.5999755859375,1216.0,1218.0999755859375,122,59.29944581392468
2018-10-15,1222.4000244140625,1232.300048828125,1222.4000244140625,1226.4000244140625,136,62.42123976436539
2018-10-16,1227.0999755859375,1230.5,1227.0999755859375,1227.300048828125,426,62.754844365387044
2018-10-17,1225.9000244140625,1225.9000244140625,1223.699951171875,1223.699951171875,1,60.44340154127908
2018-10-18,1226.5,1226.5,1226.5,1226.5,165,61.62724660478628
2018-10-19,1225.300048828125,1225.300048828125,1225.300048828125,1225.300048828125,55,60.787643779451805
2018-10-22,1224.5,1224.5,1219.5999755859375,1221.199951171875,18,57.88570806941897
2018-10-23,1224.800048828125,1237.800048828125,1224.800048828125,1233.4000244140625,33,63.47342446326015
2018-10-24,1231.5999755859375,1231.5999755859375,1227.800048828125,1227.800048828125,36,59.56666631801486
2018-10-25,1238.5999755859375,1238.5999755859375,1229.0999755859375,1229.0999755859375,7,60.17936953637021
2018-10-26,1234.300048828125,1234.800048828125,1232.5,1232.5,20,61.809469142125
2018-10-29,1224.5,1224.5,1224.5,1224.5,214,56.00060324191254
2018-10-30,1227.699951171875,1227.699951171875,1219.800048828125,1222.5999755859375,72,54.686083726806565
2018-10-31,1216.0,1216.5999755859375,1212.0,1212.300048828125,121,48.09530602688175
2018-11-01,1215.4000244140625,1236.0,1215.4000244140625,1236.0,14,60.03170784075368
2018-11-02,1233.300048828125,1233.300048828125,1230.9000244140625,1230.9000244140625,18,56.99429708673609
2018-11-05,1230.5999755859375,1231.5,1226.699951171875,1229.800048828125,15,56.33226404396328
2018-11-06,1230.699951171875,1233.800048828125,1223.800048828125,1223.800048828125,4,52.73400901513567
2018-11-07,1228.5999755859375,1228.5999755859375,1226.199951171875,1226.199951171875,1,53.99968500976748
2018-11-08,1222.9000244140625,1222.9000244140625,1222.9000244140625,1222.9000244140625,2,51.940135356598844
2018-11-09,1207.9000244140625,1207.9000244140625,1206.4000244140625,1206.4000244140625,14,43.09047423288791
2018-11-12,1201.5999755859375,1201.5999755859375,1201.300048828125,1201.300048828125,1,40.77779128301155
2018-11-13,1196.300048828125,1201.300048828125,1196.300048828125,1199.199951171875,5,39.829811335995345
2018-11-14,1207.9000244140625,1207.9000244140625,1207.9000244140625,1207.9000244140625,0,45.48396745767337
2018-11-15,1212.800048828125,1212.800048828125,1212.800048828125,1212.800048828125,0,48.42362830579897
2018-11-16,1216.699951171875,1223.800048828125,1216.699951171875,1220.800048828125,5,52.89007190300899
2018-11-19,1223.0999755859375,1223.0999755859375,1223.0999755859375,1223.0999755859375,0,54.12017502788059
2018-11-20,1225.300048828125,1228.800048828125,1219.0,1219.0,12,51.53673757476328
2018-11-21,1225.800048828125,1225.800048828125,1225.800048828125,1225.800048828125,0,55.34417132931571
2018-11-23,1224.800048828125,1224.800048828125,1221.0,1221.0,1,52.22515428209453
2018-11-26,1220.199951171875,1222.0,1220.199951171875,1220.199951171875,2,51.70214434949529
2018-11-27,1221.9000244140625,1222.0,1211.199951171875,1211.199951171875,5,46.10818930286508
2018-11-28,1211.5,1221.4000244140625,1211.5,1221.4000244140625,247168,52.39471953573299
2018-11-29,1221.0,1228.699951171875,1220.5,1224.0999755859375,55478,53.92677384163695
2018-11-30,1224.0999755859375,1225.0,1216.0999755859375,1220.199951171875,2060,51.355760696430295
2018-12-03,1222.5,1234.0999755859375,1221.300048828125,1233.9000244140625,751,58.78863956929775
2018-12-04,1231.0,1241.4000244140625,1230.4000244140625,1241.0999755859375,474,62.068928482556224
2018-12-06,1237.5,1244.4000244140625,1234.800048828125,1238.0999755859375,434,59.92847992924098
2018-12-07,1238.300048828125,1249.800048828125,1237.5999755859375,1246.800048828125,211,63.82458293223247
2018-12-10,1249.5999755859375,1249.5999755859375,1241.699951171875,1243.699951171875,131,61.52890505675719
2018-12-11,1245.800048828125,1248.699951171875,1241.5,1241.9000244140625,117,60.17556394781067
2018-12-12,1245.300048828125,1245.5999755859375,1244.0999755859375,1244.4000244140625,84,61.44406034518291
2018-12-13,1243.5,1243.5,1241.0,1242.699951171875,194,60.0434493110957
2018-12-14,1241.699951171875,1241.699951171875,1234.0999755859375,1237.0,33,55.47738712792534
2018-12-17,1239.300048828125,1247.4000244140625,1239.300048828125,1247.4000244140625,10,61.26532675070692
2018-12-18,1248.199951171875,1249.199951171875,1245.5999755859375,1249.199951171875,31,62.18165489739024
2018-12-19,1255.800048828125,1255.800048828125,1252.0999755859375,1252.0999755859375,268,63.67278236427107
2018-12-20,1243.199951171875,1263.5999755859375,1243.199951171875,1263.5999755859375,49,68.90807260905589
2018-12-21,1260.300048828125,1261.300048828125,1253.800048828125,1253.800048828125,96,60.85904471862506
2018-12-24,1260.300048828125,1268.5,1260.300048828125,1267.5,27,66.71276452374249
2018-12-26,1269.300048828125,1277.4000244140625,1269.199951171875,1269.199951171875,63,67.36497323352523
2018-12-27,1276.699951171875,1277.300048828125,1276.699951171875,1277.300048828125,480,70.34640396635108
2018-12-28,1273.5,1280.0999755859375,1273.5,1279.9000244140625,805,71.2541808879555
2018-12-31,1278.0,1281.300048828125,1277.5999755859375,1278.300048828125,19,69.83734912021016
2019-01-02,1286.0,1286.0,1277.5999755859375,1281.0,149,70.88928213781634
2019-01-03,1286.800048828125,1292.0,1286.699951171875,1291.800048828125,10,74.69151887486261
2019-01-04,1294.199951171875,1294.199951171875,1275.300048828125,1282.699951171875,34,66.77710360776831
2019-01-07,1286.800048828125,1286.800048828125,1286.5999755859375,1286.800048828125,2,68.40169504652927
2019-01-08,1280.5,1283.199951171875,1278.199951171875,1283.199951171875,54,65.37863162064889
2019-01-09,1279.4000244140625,1289.300048828125,1279.199951171875,1289.300048828125,102,67.96236685974131
2019-01-10,1284.699951171875,1284.699951171875,1284.699951171875,1284.699951171875,0,64.07878051985293
2019-01-11,1291.199951171875,1291.199951171875,1286.300048828125,1287.0999755859375,11,65.19622041008813
2019-01-14,1292.4000244140625,1293.9000244140625,1289.0999755859375,1289.0999755859375,7,66.14145670158133
2019-01-15,1290.0999755859375,1292.699951171875,1286.199951171875,1286.199951171875,3,63.45050797316419
2019-01-16,1291.5999755859375,1291.5999755859375,1291.5999755859375,1291.5999755859375,2,66.20747201766387
2019-01-17,1291.5999755859375,1292.699951171875,1288.5,1291.0,10,65.61526009023714
2019-01-18,1281.300048828125,1281.300048828125,1281.300048828125,1281.300048828125,3,56.7735398240369
2019-01-22,1282.5,1283.300048828125,1282.5,1282.5,7,57.53585231676173
2019-01-23,1281.699951171875,1283.9000244140625,1278.699951171875,1283.0999755859375,14,57.9352963022762
2019-01-24,1279.0999755859375,1279.0999755859375,1278.5,1279.0999755859375,1,54.27003712720295
2019-01-25,1297.4000244140625,1297.4000244140625,1297.4000244140625,1297.4000244140625,0,65.13690405364667
2019-01-28,1300.800048828125,1307.0999755859375,1298.4000244140625,1302.4000244140625,54,67.41525325603274
2019-01-29,1308.199951171875,1308.199951171875,1308.199951171875,1308.199951171875,213607,69.87462399974024
2019-01-30,1310.4000244140625,1323.4000244140625,1308.0999755859375,1309.9000244140625,54958,70.57566925167994
2019-01-31,1320.0,1325.4000244140625,1316.699951171875,1319.699951171875,1970,74.28981288544274
2019-02-01,1320.300048828125,1320.699951171875,1315.4000244140625,1316.9000244140625,878,71.51239056250938
2019-02-04,1318.0999755859375,1318.0999755859375,1308.300048828125,1314.300048828125,675,68.9351173558587
2019-02-05,1311.0999755859375,1315.0999755859375,1311.0,1314.199951171875,362,68.83226587450939
2019-02-06,1312.5,1313.5,1305.0,1309.5,358,64.00358552631288
2019-02-07,1302.9000244140625,1310.4000244140625,1302.199951171875,1309.4000244140625,203,63.90089541380741
2019-02-08,1309.5,1314.0,1307.800048828125,1313.699951171875,122,66.39802410636142
2019-02-11,1313.4000244140625,1313.4000244140625,1304.699951171875,1307.0,119,59.49242404059177
2019-02-12,1310.0,1312.0,1307.5999755859375,1309.199951171875,109,60.92931362057447
2019-02-13,1311.5999755859375,1316.0,1308.0999755859375,1310.800048828125,143,61.98553310661987
2019-02-14,1305.0,1311.800048828125,1301.5999755859375,1309.800048828125,858,60.87788731606181
2019-02-15,1313.5999755859375,1318.800048828125,1313.5999755859375,1318.0999755859375,190,66.26600721979082
2019-02-19,1320.9000244140625,1340.0999755859375,1320.5,1340.0999755859375,390,75.78565345728096
2019-02-20,1342.199951171875,1344.0,1338.0,1343.300048828125,581,76.8107430308745
2019-02-21,1331.300048828125,1334.9000244140625,1320.9000244140625,1323.5,414,59.91080099672949
2019-02-22,1324.199951171875,1331.300048828125,1321.0,1329.199951171875,718,62.47070242189461
2019-02-25,1329.199951171875,1331.5999755859375,1325.5999755859375,1325.9000244140625,185,60.078845005524606
2019-02-26,1323.300048828125,1325.5,1323.300048828125,1325.0999755859375,939,59.4842005106774
2019-02-27,1327.699951171875,1327.9000244140625,1316.5,1317.699951171875,604,54.14590303210087
2019-02-28,1321.0999755859375,1323.699951171875,1311.5,1312.800048828125,141,50.88928765295804
2019-03-01,1312.199951171875,1312.199951171875,1288.9000244140625,1296.4000244140625,110,41.82251429180523
2019-03-04,1285.5,1287.0,1281.9000244140625,1284.800048828125,28,36.82487473449122
2019-03-05,1287.0,1287.0,1282.0,1282.0,114,35.71543442226431
2019-03-06,1287.0999755859375,1287.0999755859375,1282.5999755859375,1284.9000244140625,14,37.805385764527706
2019-03-07,1281.0,1284.5999755859375,1281.0,1283.800048828125,11,37.30991301514978
2019-03-08,1292.0999755859375,1297.4000244140625,1291.5999755859375,1297.0,10,46.38992597861234
2019-03-11,1291.0,1291.0,1288.800048828125,1288.800048828125,9,42.291954104703755
2019-03-12,1294.699951171875,1296.300048828125,1294.699951171875,1296.300048828125,1,46.91131547698203
2019-03-13,1307.5,1307.5,1307.5,1307.5,0,52.96606811427493
2019-03-14,1293.4000244140625,1293.4000244140625,1293.4000244140625,1293.4000244140625,1,45.87293820923934
2019-03-15,1300.9000244140625,1304.699951171875,1300.5,1301.800048828125,26,50.15550595670917
2019-03-18,1297.300048828125,1302.199951171875,1297.300048828125,1300.300048828125,8,49.403804182898654
2019-03-19,1306.9000244140625,1306.9000244140625,1304.800048828125,1305.0,20,51.83940212957465
2019-03-20,1300.699951171875,1300.699951171875,1300.5,1300.5,2,49.38800824887051
2019-03-21,1306.0999755859375,1306.0999755859375,1306.0999755859375,1306.0999755859375,0,52.40433780904477
2019-03-22,1311.5999755859375,1311.5999755859375,1311.5999755859375,1311.5999755859375,0,55.226656964600224
2019-03-25,1320.699951171875,1322.9000244140625,1320.699951171875,1321.9000244140625,19,60.00921212519591
2019-03-26,1315.5999755859375,1315.5999755859375,1314.300048828125,1314.300048828125,1,55.31422013197789
2019-03-27,1309.9000244140625,1309.9000244140625,1309.9000244140625,1309.9000244140625,206263,52.74147494466782
2019-03-28,1308.4000244140625,1311.0999755859375,1287.699951171875,1289.800048828125,87798,42.92058690937755
2019-03-29,1289.5999755859375,1298.5,1286.0999755859375,1293.0,1265,44.68647165904409
2019-04-01,1291.800048828125,1295.9000244140625,1285.699951171875,1288.4000244140625,675,42.64408252706762
2019-04-02,1286.300048828125,1290.9000244140625,1284.5,1290.0,525,43.609490665113704
2019-04-03,1291.4000244140625,1293.0999755859375,1287.5,1289.9000244140625,172,43.56015199985656
2019-04-04,1290.5999755859375,1292.5999755859375,1279.5,1289.0,269,43.08754177306287
2019-04-05,1292.0,1292.0,1283.5999755859375,1290.4000244140625,181,44.10347356533621
2019-04-08,1292.199951171875,1302.0999755859375,1291.800048828125,1297.0999755859375,63,48.81260633849069
2019-04-09,1298.5,1304.9000244140625,1298.5,1303.5,30,52.89502524639764
2019-04-10,1304.0,1309.0999755859375,1301.5,1309.0999755859375,66,56.187636219744384
2019-04-11,1307.0,1307.0999755859375,1288.5999755859375,1288.5999755859375,420,44.04917060894706
2019-04-12,1293.4000244140625,1293.4000244140625,1289.199951171875,1290.5999755859375,607,45.2909460128261
2019-04-15,1284.800048828125,1287.300048828125,1282.300048828125,1286.800048828125,523,43.323555687274954
2019-04-16,1285.199951171875,1285.199951171875,1272.199951171875,1272.5999755859375,643,36.87691122533206
2019-04-17,1273.5,1273.5,1271.5999755859375,1272.199951171875,308,36.711185992550014
2019-04-18,1270.800048828125,1273.5999755859375,1270.0999755859375,1271.9000244140625,27,36.578454843430784
2019-04-22,1273.5,1273.5,1273.5,1273.5,147,37.86897788724592
2019-04-23,1266.4000244140625,1269.800048828125,1266.0,1269.300048828125,206,35.80911594650624
2019-04-24,1268.4000244140625,1275.5,1267.800048828125,1275.5,518,40.91813407819024
2019-04-25,1280.5999755859375,1280.800048828125,1275.800048828125,1275.800048828125,95,41.162200961161076
2019-04-26,1284.9000244140625,1284.9000244140625,1284.9000244140625,1284.9000244140625,804,48.157035632272766
2019-04-29,1284.800048828125,1284.9000244140625,1277.0999755859375,1278.5999755859375,568,44.23612881516262
2019-04-30,1281.699951171875,1283.300048828125,1280.800048828125,1282.800048828125,114,47.31580299862575
2019-05-01,1278.699951171875,1283.300048828125,1278.699951171875,1281.4000244140625,70,46.395997914013684
2019-05-02,1269.199951171875,1270.800048828125,1266.5999755859375,1269.699951171875,63,39.487455946401894
2019-05-03,1270.0999755859375,1279.199951171875,1270.0999755859375,1279.199951171875,15,46.45875983453347
2019-05-06,1282.199951171875,1282.199951171875,1280.300048828125,1281.699951171875,12,48.15155883266518
2019-05-07,1280.5,1283.5,1280.5,1283.5,8,49.392247954012674
2019-05-08,1279.4000244140625,1279.4000244140625,1279.4000244140625,1279.4000244140625,5,46.653850800479326
2019-05-09,1278.9000244140625,1285.0,1278.800048828125,1283.5,38,49.659510184447456
2019-05-10,1285.4000244140625,1286.5,1283.300048828125,1285.699951171875,6,51.246800137186035
2019-05-13,1286.699951171875,1300.0999755859375,1281.800048828125,1300.0999755859375,56,60.11245812633953
2019-05-14,1297.800048828125,1297.800048828125,1294.699951171875,1294.699951171875,6,55.99989798354928
2019-05-15,1296.9000244140625,1296.9000244140625,1296.0,1296.300048828125,55,56.939962430754356
2019-05-16,1285.199951171875,1285.4000244140625,1285.0,1285.0,3,48.98110007396248
2019-05-17,1280.0,1280.0,1274.5,1274.5,1,42.97074216259629
2019-05-20,1276.0999755859375,1276.0999755859375,1276.0999755859375,1276.0999755859375,20,44.096435358602484
2019-05-21,1272.0,1272.0,1272.0,1272.0,0,41.818490178225886
2019-05-22,1273.5999755859375,1273.5999755859375,1273.5999755859375,1273.5999755859375,0,43.054761986533215
2019-05-23,1284.800048828125,1284.800048828125,1284.800048828125,1284.800048828125,0,50.91709489281647
2019-05-24,1283.0,1283.0,1283.0,1283.0,9,49.7287308612609
2019-05-28,1276.5,1276.5,1276.5,1276.5,0,45.59085573990501
2019-05-29,1280.5999755859375,1280.5999755859375,1280.5999755859375,1280.5999755859375,189694,48.50167795201658
2019-05-30,1279.4000244140625,1288.300048828125,1273.9000244140625,1287.0999755859375,55573,52.81183999118985
2019-05-31,1287.699951171875,1306.4000244140625,1287.5,1305.800048828125,2814,62.528486226090315
2019-06-03,1307.0,1327.800048828125,1307.0,1322.699951171875,812,68.78427822015547
2019-06-04,1324.300048828125,1328.5999755859375,1320.800048828125,1323.4000244140625,302,69.0150463758965
2019-06-05,1328.9000244140625,1343.300048828125,1326.300048828125,1328.300048828125,622,70.65051576654795
2019-06-06,1330.800048828125,1338.699951171875,1326.199951171875,1337.5999755859375,161,73.50852529571621
2019-06-07,1333.0999755859375,1347.699951171875,1329.800048828125,1341.199951171875,240,74.54198248405446
2019-06-10,1335.800048828125,1336.5,1324.0999755859375,1324.699951171875,268,62.5061025268482
2019-06-11,1328.4000244140625,1328.4000244140625,1319.0999755859375,1326.4000244140625,201,63.166026419073084
2019-06-12,1326.9000244140625,1334.5,1326.9000244140625,1331.9000244140625,139,65.29423701921185
2019-06-13,1331.5999755859375,1341.0999755859375,1331.5999755859375,1339.199951171875,157,67.94179639793671
2019-06-14,1345.4000244140625,1355.4000244140625,1339.300048828125,1340.0999755859375,914,68.26325640263066
2019-06-17,1339.0,1340.300048828125,1335.0,1338.699951171875,76,67.13552376986797
2019-06-18,1349.300048828125,1349.300048828125,1341.5999755859375,1346.5999755859375,29,70.13383124914412
2019-06-19,1344.0,1344.5999755859375,1344.0,1344.5999755859375,129,68.43170006660685
2019-06-20,1381.5,1392.9000244140625,1379.5,1392.9000244140625,76,80.6472048999008
2019-06-21,1406.0,1406.0,1390.300048828125,1396.199951171875,35,81.18294396829553
2019-06-24,1406.0,1420.5999755859375,1402.0999755859375,1414.300048828125,125,83.82747543921224
2019-06-25,1418.0999755859375,1433.300048828125,1414.9000244140625,1414.9000244140625,105,83.9082061665411
2019-06-26,1407.199951171875,1413.300048828125,1405.800048828125,1411.5999755859375,1333,81.49840276074482
2019-06-27,1407.0,1410.800048828125,1399.800048828125,1408.4000244140625,437,79.12538662483414
2019-06-28,1408.300048828125,1422.0,1408.300048828125,1409.699951171875,356,79.38794931355801
2019-07-01,1386.5999755859375,1395.800048828125,1382.800048828125,1385.5999755859375,214,63.45304555416824
2019-07-02,1391.0999755859375,1418.4000244140625,1390.800048828125,1404.5999755859375,38,68.77445388789768
2019-07-03,1431.0,1434.0,1413.0999755859375,1417.699951171875,46,71.8209669760241
2019-07-05,1418.300048828125,1418.300048828125,1390.199951171875,1396.699951171875,20,61.46778064590089
2019-07-08,1395.9000244140625,1397.0,1393.5999755859375,1397.0,14,61.55305960487334
2019-07-09,1394.5,1397.5,1386.199951171875,1397.5,53,61.70515669864547
2019-07-10,1409.9000244140625,1410.0999755859375,1409.9000244140625,1410.0999755859375,50,65.41789963811954
2019-07-11,1424.0,1424.0,1404.300048828125,1404.300048828125,6,62.41803165935084
2019-07-12,1405.5999755859375,1410.0999755859375,1405.5999755859375,1409.9000244140625,8,64.12845620953337
2019-07-15,1414.4000244140625,1415.0,1411.4000244140625,1411.4000244140625,25,64.59329220882537
2019-07-16,1413.5999755859375,1413.699951171875,1405.0,1409.199951171875,13,63.297700431410014
2019-07-17,1404.5999755859375,1421.300048828125,1404.5999755859375,1421.300048828125,6,67.19494734334512
2019-07-18,1422.300048828125,1444.199951171875,1419.5,1426.0999755859375,66,68.6184850331847
2019-07-19,1440.5,1442.0,1425.0999755859375,1425.0999755859375,22,67.9568604847443
2019-07-22,1425.300048828125,1425.300048828125,1424.0,1425.300048828125,1,68.02329257564998
2019-07-23,1418.5999755859375,1421.300048828125,1416.300048828125,1420.0999755859375,5,64.29244150100922
2019-07-24,1422.800048828125,1422.800048828125,1422.800048828125,1422.800048828125,20,65.35497329000395
2019-07-25,1413.9000244140625,1413.9000244140625,1413.9000244140625,1413.9000244140625,4,59.111138070255365
2019-07-26,1422.800048828125,1423.0,1418.5,1418.5,5,61.17568882000124
2019-07-29,1419.5999755859375,1419.5999755859375,1419.5999755859375,1419.5999755859375,224267,61.6740290053333
2019-07-30,1426.300048828125,1433.9000244140625,1422.0999755859375,1429.699951171875,73874,65.99063698523348
2019-07-31,1431.300048828125,1435.800048828125,1411.199951171875,1426.0999755859375,3294,63.25590704640992
2019-08-01,1411.300048828125,1445.199951171875,1400.9000244140625,1420.9000244140625,2431,59.42513180574704
2019-08-02,1448.0,1448.0,1432.300048828125,1445.5999755859375,1873,69.02184718314585
2019-08-05,1440.4000244140625,1469.699951171875,1440.4000244140625,1464.5999755859375,1008,74.09708431110614
2019-08-06,1469.699951171875,1475.0,1457.699951171875,1472.4000244140625,460,75.84656114741486
2019-08-07,1473.5,1509.9000244140625,1473.199951171875,1507.300048828125,824,81.77705852117529
2019-08-08,1498.4000244140625,1508.5,1492.0,1497.699951171875,367,76.23226268649204
2019-08-09,1506.199951171875,1507.5,1495.5999755859375,1496.5999755859375,74,75.59975394067543
2019-08-12,1496.0,1514.9000244140625,1488.0999755859375,1505.300048828125,257,77.21036140899744
2019-08-13,1510.4000244140625,1531.4000244140625,1483.699951171875,1502.199951171875,672,75.30294886023401
2019-08-14,1500.0,1520.5,1497.0,1515.9000244140625,328,77.90114011187818
2019-08-15,1519.800048828125,1522.699951171875,1510.5999755859375,1519.5999755859375,87,78.55723197188533
2019-08-16,1524.5999755859375,1524.5999755859375,1504.699951171875,1512.5,1815,74.01607633839139
2019-08-19,1507.199951171875,1507.5999755859375,1492.9000244140625,1500.4000244140625,205,66.91659872285527
2019-08-20,1497.5,1506.0999755859375,1497.5,1504.5999755859375,486,68.06173223272522
2019-08-21,1504.9000244140625,1505.0,1498.800048828125,1504.5999755859375,350,68.06173223272522
2019-08-22,1495.0999755859375,1497.300048828125,1493.800048828125,1497.300048828125,686,63.62257200365713
2019-08-23,1493.5,1527.5999755859375,1493.5,1526.5999755859375,983,71.6227671683962
2019-08-26,1543.199951171875,1543.300048828125,1524.300048828125,1526.300048828125,334,71.4495458156224
2019-08-27,1530.5,1542.0999755859375,1528.5,1541.0,166,74.68155589139089
2019-08-28,1538.0999755859375,1538.0999755859375,1537.800048828125,1537.800048828125,2756,72.75087694844403
2019-08-29,1537.5,1549.300048828125,1519.5999755859375,1526.5,704,66.2386459030357
2019-08-30,1524.5999755859375,1530.4000244140625,1516.699951171875,1519.0999755859375,276,62.30536871002175
2019-09-03,1522.9000244140625,1547.300048828125,1521.0,1545.9000244140625,139,69.39366087903784
2019-09-04,1549.0,1553.199951171875,1534.800048828125,1550.300048828125,46,70.37851766760171
2019-09-05,1551.0,1551.0999755859375,1511.0999755859375,1515.4000244140625,125,55.204748844903975
2019-09-06,1517.300048828125,1526.0,1504.5,1506.199951171875,54,52.0206996156434
2019-09-09,1509.0,1513.0,1498.0,1502.199951171875,69,50.65278173584836
2019-09-10,1498.5,1498.5,1486.9000244140625,1490.300048828125,23,46.717034544141384
2019-09-11,1491.699951171875,1496.5999755859375,1490.199951171875,1494.4000244140625,8,48.210142354797114
2019-09-12,1499.5,1515.4000244140625,1498.699951171875,1498.699951171875,27,49.79898096062073
2019-09-13,1490.9000244140625,1490.9000244140625,1486.9000244140625,1490.9000244140625,1,46.98324317715848
2019-09-16,1506.5999755859375,1506.800048828125,1496.9000244140625,1503.0999755859375,21,51.59352488108515
2019-09-17,1497.9000244140625,1505.0999755859375,1497.9000244140625,1505.0999755859375,3,52.32543480076938
2019-09-18,1508.9000244140625,1509.4000244140625,1489.300048828125,1507.5,8,53.239141888261585
2019-09-19,1496.0999755859375,1502.4000244140625,1496.0999755859375,1498.4000244140625,10,49.3751357600316
2019-09-20,1503.0,1507.300048828125,1503.0,1507.300048828125,2,52.97026836958465
2019-09-23,1515.5,1523.699951171875,1515.5,1523.699951171875,5,58.779269653126754
2019-09-24,1515.0999755859375,1533.0,1515.0999755859375,1532.0999755859375,25,61.40859048725632
2019-09-25,1527.5999755859375,1527.9000244140625,1504.5999755859375,1504.5999755859375,25,50.13407821879502
2019-09-26,1507.5,1507.5,1507.5,1507.5,8178,51.152584859789144
2019-09-27,1504.199951171875,1506.0999755859375,1485.5999755859375,1499.0999755859375,7827,48.08873855017603
2019-09-30,1495.9000244140625,1495.9000244140625,1463.5,1465.699951171875,1078,38.27264321196631
2019-10-01,1468.699951171875,1485.5,1458.300048828125,1482.0,219,44.25320636346136
2019-10-02,1476.5999755859375,1503.699951171875,1474.0999755859375,1501.0,205,50.298076504810666
2019-10-03,1497.4000244140625,1518.199951171875,1496.5999755859375,1507.0999755859375,1213,52.09411296029552
2019-10-04,1505.5999755859375,1508.699951171875,1497.0999755859375,1506.199951171875,233,51.79670338435983
2019-10-07,1504.800048828125,1505.800048828125,1489.0999755859375,1497.699951171875,121,48.95417162814493
2019-10-08,1489.4000244140625,1506.300048828125,1489.300048828125,1497.199951171875,46,48.784573334497296
2019-10-09,1507.699951171875,1507.699951171875,1498.4000244140625,1506.0999755859375,120,51.97400995125237
2019-10-10,1511.199951171875,1511.199951171875,1490.5999755859375,1494.800048828125,78,47.89571219666082
2019-10-11,1491.9000244140625,1494.9000244140625,1476.9000244140625,1482.699951171875,57,43.92135946271319
2019-10-14,1484.4000244140625,1493.5,1481.300048828125,1491.699951171875,400,47.41644670677514
2019-10-15,1488.9000244140625,1495.4000244140625,1476.5999755859375,1477.5999755859375,367,42.90487635953878
2019-10-16,1482.0,1488.0,1480.0,1488.0,383,46.9168330351546
2019-10-17,1486.199951171875,1493.199951171875,1485.800048828125,1492.300048828125,271,48.52732178144125
2019-10-18,1487.300048828125,1489.0999755859375,1486.5999755859375,1488.199951171875,82,47.06120223468537
2019-10-21,1489.9000244140625,1489.9000244140625,1481.5,1482.4000244140625,72,44.99050355577162
2019-10-22,1483.4000244140625,1483.5,1481.699951171875,1481.699951171875,99,44.734642895427946
2019-10-23,1486.4000244140625,1490.300048828125,1486.4000244140625,1489.9000244140625,67,48.4338314003921
2019-10-24,1490.5,1501.199951171875,1485.9000244140625,1498.9000244140625,115,52.21442310449041
2019-10-25,1501.4000244140625,1514.300048828125,1499.0,1499.5,93,52.46462327730544
2019-10-28,1504.0999755859375,1504.0999755859375,1490.0,1490.0,37,48.164394265931975
2019-10-29,1485.9000244140625,1487.0,1485.9000244140625,1487.0,425,46.85824334112014
2019-10-30,1487.199951171875,1495.4000244140625,1481.0,1493.199951171875,320,49.883089212931324
2019-10-31,1496.0999755859375,1513.0999755859375,1496.0999755859375,1511.4000244140625,210,57.52601888852513
2019-11-01,1511.0,1511.5999755859375,1503.0,1508.0,235,55.81360313866967
2019-11-04,1511.5999755859375,1511.5999755859375,1508.0,1508.0,101,55.81360313866967
2019-11-05,1507.0999755859375,1507.0999755859375,1480.800048828125,1480.800048828125,31,43.73472173206073
2019-11-06,1483.199951171875,1491.0,1483.199951171875,1490.199951171875,567,47.92868929777715
2019-11-07,1489.0999755859375,1489.0999755859375,1464.199951171875,1464.199951171875,581,39.22042532799002
2019-11-08,1469.0999755859375,1469.0999755859375,1461.300048828125,1461.300048828125,21,38.38276679228196
2019-11-11,1461.0,1461.0,1449.300048828125,1455.5,22,36.694694818915075
2019-11-12,1454.9000244140625,1454.9000244140625,1447.0999755859375,1452.0999755859375,6,35.70340779406274
2019-11-13,1456.800048828125,1463.300048828125,1456.800048828125,1461.699951171875,56,40.583997993715805
2019-11-14,1463.800048828125,1471.800048828125,1463.699951171875,1471.800048828125,83,45.2893926185263
2019-11-15,1469.0999755859375,1469.0999755859375,1467.300048828125,1467.300048828125,13,43.6314705909549
2019-11-18,1472.0,1472.0,1469.699951171875,1470.9000244140625,141,45.35488867426486
2019-11-19,1467.699951171875,1474.300048828125,1467.699951171875,1473.300048828125,18,46.528639636683906
2019-11-20,1472.5999755859375,1474.5,1467.300048828125,1473.300048828125,31,46.528639636683906
2019-11-21,1463.0999755859375,1463.0999755859375,1463.0999755859375,1463.0999755859375,16,42.074158887356226
2019-11-22,1468.5999755859375,1468.5999755859375,1463.0999755859375,1463.0999755859375,19,42.074158887356226
2019-11-25,1457.0999755859375,1457.0999755859375,1455.5,1456.5999755859375,14,39.29392354287272
2019-11-26,1459.800048828125,1459.800048828125,1459.800048828125,1459.800048828125,346362,41.34874765093521
2019-11-27,1461.0999755859375,1461.9000244140625,1452.0,1453.4000244140625,88364,38.53910848953645
2019-11-29,1453.5999755859375,1465.5999755859375,1452.0999755859375,1465.5999755859375,7020,46.06290261838031
2019-12-02,1462.800048828125,1464.4000244140625,1453.300048828125,1462.300048828125,2172,44.4769015888603
2019-12-03,1461.5999755859375,1480.4000244140625,1459.5,1478.199951171875,1460,52.893027049581015
2019-12-04,1477.5,1483.4000244140625,1471.199951171875,1474.0,613,50.70658805627712
2019-12-05,1474.699951171875,1478.0,1472.300048828125,1476.9000244140625,907,52.1766020473874
2019-12-06,1475.0,1476.0,1458.199951171875,1459.0999755859375,899,43.58500481009941
2019-12-09,1458.800048828125,1464.199951171875,1458.5999755859375,1459.300048828125,1461,43.69722742873567
2019-12-10,1460.699951171875,1467.199951171875,1460.699951171875,1462.5999755859375,367,45.618705184255425
2019-12-11,1463.0999755859375,1475.4000244140625,1463.0999755859375,1469.4000244140625,393,49.447324111864454
2019-12-12,1475.0999755859375,1483.9000244140625,1463.699951171875,1466.699951171875,955,48.00221036881156
2019-12-13,1463.0999755859375,1475.9000244140625,1463.0999755859375,1475.5999755859375,468,52.8895939012377
2019-12-16,1473.800048828125,1475.300048828125,1473.800048828125,1475.0,99,52.5311382647132
2019-12-17,1474.0999755859375,1476.9000244140625,1474.0,1474.5999755859375,410,52.27674166931865
2019-12-18,1472.5999755859375,1472.5999755859375,1472.5999755859375,1472.5999755859375,250,50.94827056865909
2019-12-19,1475.9000244140625,1478.9000244140625,1473.300048828125,1478.199951171875,319,54.439459032621954
2019-12-20,1476.699951171875,1478.0999755859375,1474.699951171875,1474.699951171875,118,51.950732163827986
2019-12-23,1482.300048828125,1482.5,1479.9000244140625,1482.5,391,56.70136633150596
2019-12-24,1488.699951171875,1499.0999755859375,1488.699951171875,1499.0999755859375,52,64.70027813710064
2019-12-26,1505.199951171875,1512.300048828125,1505.0,1509.300048828125,126,68.54548914263782
2019-12-27,1513.800048828125,1513.800048828125,1513.800048828125,1513.800048828125,839,70.09327765433656
2019-12-30,1512.5999755859375,1515.0999755859375,1510.0,1514.5,446,70.33777398023285
2019-12-31,1513.800048828125,1523.4000244140625,1513.800048828125,1519.5,301,72.09288808073936
2020-01-02,1518.0999755859375,1528.699951171875,1518.0,1524.5,214,73.7646454150179
2020-01-03,1530.0999755859375,1552.699951171875,1530.0999755859375,1549.199951171875,107,80.10499461761879
2020-01-06,1580.0,1580.0,1560.4000244140625,1566.199951171875,416,83.1273589592675
2020-01-07,1558.300048828125,1576.300048828125,1558.300048828125,1571.800048828125,47,83.99017969849099
2020-01-08,1579.699951171875,1604.199951171875,1552.300048828125,1557.4000244140625,236,73.57177856660114
2020-01-09,1555.699951171875,1555.699951171875,1543.300048828125,1551.699951171875,54,69.87683603873857
2020-01-10,1551.199951171875,1558.800048828125,1545.4000244140625,1557.5,16,71.44816239254627
2020-01-13,1557.4000244140625,1558.0,1548.4000244140625,1548.4000244140625,48,65.66098906420905
2020-01-14,1546.699951171875,1546.699951171875,1534.9000244140625,1542.4000244140625,32,62.08996677875619
2020-01-15,1548.0,1553.9000244140625,1545.5999755859375,1552.0999755859375,11,65.36905060440418
2020-01-16,1555.699951171875,1556.0999755859375,1548.5,1549.0,98,63.47930253979901
2020-01-17,1554.0999755859375,1558.800048828125,1553.5999755859375,1558.800048828125,108,66.75162988483267
2020-01-21,1559.300048828125,1566.199951171875,1551.0,1556.4000244140625,45,65.21061068649736
2020-01-22,1549.800048828125,1557.0999755859375,1549.800048828125,1555.300048828125,42,64.47593462184824
2020-01-23,1553.0999755859375,1564.5999755859375,1552.199951171875,1564.5999755859375,15,67.78093644065561
2020-01-24,1556.300048828125,1571.0999755859375,1556.300048828125,1571.0999755859375,43,69.88949466628344
2020-01-27,1584.300048828125,1584.5,1576.800048828125,1576.800048828125,22,71.64215467291709
2020-01-28,1576.4000244140625,1576.4000244140625,1569.199951171875,1569.199951171875,3,66.1161575033301
2020-01-29,1569.800048828125,1569.800048828125,1569.800048828125,1569.800048828125,251274,66.33694929901242
2020-01-30,1576.800048828125,1585.0,1571.4000244140625,1583.5,62336,70.9852192543375
2020-01-31,1573.4000244140625,1589.0,1570.0,1582.9000244140625,1095,70.52593036675609
2020-02-03,1592.9000244140625,1593.300048828125,1568.199951171875,1577.199951171875,1062,66.14707883376657
2020-02-04,1577.699951171875,1577.699951171875,1547.800048828125,1550.4000244140625,978,50.32584563168561
2020-02-05,1553.199951171875,1560.699951171875,1547.699951171875,1557.800048828125,1305,53.6242566669376
2020-02-06,1553.5999755859375,1565.5999755859375,1551.5999755859375,1565.0999755859375,110,56.68010450954727
2020-02-07,1564.9000244140625,1571.9000244140625,1560.5,1568.5999755859375,431,58.10548952009081
2020-02-10,1569.300048828125,1574.699951171875,1568.5999755859375,1574.699951171875,128,60.5422975469114
2020-02-11,1570.9000244140625,1571.0999755859375,1561.9000244140625,1565.5999755859375,440,55.36834378943464
2020-02-12,1565.199951171875,1568.699951171875,1561.0,1567.4000244140625,36,56.166338723190286
2020-02-13,1570.199951171875,1575.0999755859375,1570.199951171875,1575.0999755859375,74,59.501979650731734
2020-02-14,1575.800048828125,1582.699951171875,1574.800048828125,1582.699951171875,68,62.53261599685
2020-02-18,1579.800048828125,1604.300048828125,1579.800048828125,1600.0,310,68.34056741757007
2020-02-19,1600.5999755859375,1610.5,1599.699951171875,1607.5,542,70.4771812782644
2020-02-20,1606.5,1621.0,1603.0,1616.5999755859375,117,72.86962817825469
2020-02-21,1619.300048828125,1645.0,1619.300048828125,1644.5999755859375,186,78.61268633299187
2020-02-24,1657.0,1686.5999755859375,1650.0,1672.4000244140625,435,82.5600335095018
2020-02-25,1645.0999755859375,1653.699951171875,1632.300048828125,1646.9000244140625,409,69.82898629523501
2020-02-26,1644.0,1648.0999755859375,1636.4000244140625,1640.0,1990,66.82612231990178
2020-02-27,1641.0999755859375,1658.0,1638.5,1640.0,707,66.82612231990178
2020-02-28,1640.300048828125,1642.5,1564.0999755859375,1564.0999755859375,289,43.15243580245276
2020-03-02,1583.9000244140625,1608.300048828125,1574.300048828125,1592.300048828125,537,50.20999892119839
2020-03-03,1594.5,1645.300048828125,1594.0,1642.0999755859375,610,59.72026496616754
2020-03-04,1645.4000244140625,1645.9000244140625,1631.300048828125,1641.0999755859375,83,59.4746029221115
2020-03-05,1637.300048828125,1672.9000244140625,1637.199951171875,1666.4000244140625,154,63.5588706743709
2020-03-06,1670.800048828125,1686.199951171875,1647.199951171875,1670.800048828125,175,64.23398281441877
2020-03-09,1696.0999755859375,1701.5999755859375,1657.699951171875,1674.5,161,64.82412223176414
2020-03-10,1671.5999755859375,1674.5999755859375,1643.0,1659.0999755859375,48,60.35993016578017
2020-03-11,1656.5999755859375,1666.5,1635.0,1641.4000244140625,47,55.61898806156416
2020-03-12,1637.0,1647.5,1566.4000244140625,1589.300048828125,256,44.53149556487543
2020-03-13,1574.9000244140625,1589.800048828125,1513.800048828125,1515.699951171875,89,34.16893187111749
2020-03-16,1569.0999755859375,1569.0999755859375,1452.0999755859375,1485.9000244140625,193,31.021316574112802
2020-03-17,1469.300048828125,1537.699951171875,1469.300048828125,1524.9000244140625,122,38.94788239456991
2020-03-18,1537.5,1542.0,1477.300048828125,1477.300048828125,333,33.83707218621545
2020-03-19,1481.5,1491.5999755859375,1471.0,1478.5999755859375,262,34.09142973503937
2020-03-20,1483.5,1484.0,1483.5,1484.0,14,35.20579509660689
2020-03-23,1505.300048828125,1567.0,1490.199951171875,1567.0,51,49.37429445209186
2020-03-24,1592.699951171875,1685.5,1592.699951171875,1660.199951171875,442,59.96162376686378
2020-03-25,1676.5,1676.5,1631.0999755859375,1632.300048828125,476,56.17436330934691
2020-03-26,1660.5,1660.5,1650.0999755859375,1650.0999755859375,3,57.99712954312949
2020-03-27,1623.9000244140625,1623.9000244140625,1623.9000244140625,1623.9000244140625,100638,54.40998949424703
2020-03-30,1641.199951171875,1652.800048828125,1607.199951171875,1622.0,16389,54.14842964270996
2020-03-31,1618.699951171875,1621.0,1576.0,1583.4000244140625,2874,48.9954253482126
2020-04-01,1570.0,1600.0,1570.0,1578.199951171875,2158,48.32818509529307
2020-04-02,1590.9000244140625,1631.199951171875,1586.0,1625.699951171875,1294,54.43267119286717
2020-04-03,1624.5,1636.0,1619.800048828125,1633.699951171875,643,55.38859301173689
2020-04-06,1629.0999755859375,1696.699951171875,1625.9000244140625,1677.0,1063,60.2492723290511
2020-04-07,1695.699951171875,1724.4000244140625,1658.0,1664.800048828125,1144,58.321163178128884
2020-04-08,1669.699951171875,1677.0,1662.5,1665.4000244140625,747,58.391684446319346
2020-04-09,1662.699951171875,1736.199951171875,1662.699951171875,1736.199951171875,825,65.75517017124386
2020-04-13,1722.0,1756.800048828125,1710.699951171875,1744.800048828125,696,66.53001386885204
2020-04-14,1756.800048828125,1775.0,1739.5,1756.699951171875,675,67.62170009756218
2020-04-15,1739.4000244140625,1744.9000244140625,1722.699951171875,1727.199951171875,642,62.20504469024874
2020-04-16,1731.0,1750.5999755859375,1715.0,1720.4000244140625,162,60.99225166278796
2020-04-17,1715.699951171875,1725.0,1684.9000244140625,1689.199951171875,223,55.632713245572155
2020-04-20,1686.0,1701.5999755859375,1680.0,1701.5999755859375,106,57.2408871757882
2020-04-21,1697.0,1707.0999755859375,1659.9000244140625,1678.199951171875,666,53.313650951905316
2020-04-22,1696.0,1728.699951171875,1684.800048828125,1728.699951171875,453,59.73425844570555
2020-04-23,1734.0,1745.0999755859375,1733.300048828125,1733.300048828125,482,60.27025542034956
2020-04-24,1744.0,1744.0,1714.5,1723.5,221,58.48413562515145
2020-04-27,1731.9000244140625,1731.9000244140625,1711.9000244140625,1711.9000244140625,169,56.355235253410385
2020-04-28,1716.5999755859375,1716.5999755859375,1707.0999755859375,1710.5,1255,56.08985731572721
2020-04-29,1710.0,1713.5,1702.0,1703.4000244140625,373,54.68350914193227
2020-04-30,1719.300048828125,1719.300048828125,1680.800048828125,1684.199951171875,327,50.96226668007925
2020-05-01,1686.5999755859375,1701.5,1670.5,1694.5,337,52.817233208110274
2020-05-04,1702.5999755859375,1709.0,1699.5999755859375,1706.9000244140625,320,55.0230218847638
2020-05-05,1701.5,1704.4000244140625,1697.199951171875,1704.4000244140625,82,54.47012893282806
2020-05-06,1704.0,1704.0,1684.199951171875,1684.199951171875,469,50.09038607279606
2020-05-07,1686.199951171875,1721.800048828125,1685.5999755859375,1721.800048828125,853,57.01819047483953
2020-05-08,1726.199951171875,1728.9000244140625,1703.800048828125,1709.9000244140625,330,54.44250363693827
2020-05-11,1702.300048828125,1704.5,1690.199951171875,1695.300048828125,749,51.37609732842167
2020-05-12,1699.300048828125,1713.0999755859375,1699.300048828125,1704.4000244140625,324,53.147420870419886
2020-05-13,1702.0,1721.300048828125,1701.9000244140625,1713.9000244140625,431,54.99081129644733
2020-05-14,1724.300048828125,1743.0999755859375,1720.5,1738.0999755859375,672,59.37557887745388
2020-05-15,1739.699951171875,1753.4000244140625,1739.699951171875,1753.4000244140625,719,61.90257200432928
2020-05-18,1755.699951171875,1770.5,1731.800048828125,1731.800048828125,229,56.55414083633168
2020-05-19,1744.199951171875,1749.5,1744.199951171875,1744.199951171875,167,58.75714889222442
2020-05-20,1751.5999755859375,1752.0999755859375,1745.5999755859375,1750.5999755859375,16,59.88770787217245
2020-05-21,1746.800048828125,1746.800048828125,1720.5,1720.5,528,52.58659901339962
2020-05-22,1726.5999755859375,1734.5999755859375,1726.5999755859375,1734.5999755859375,6,55.33366059265849
2020-05-26,1726.4000244140625,1726.4000244140625,1704.800048828125,1704.800048828125,39,48.88690312260583
2020-05-27,1685.5999755859375,1710.300048828125,1685.5999755859375,1710.300048828125,137416,50.043744944491905
2020-05-28,1709.300048828125,1727.800048828125,1705.0,1713.300048828125,23355,50.699194166379264
2020-05-29,1718.800048828125,1738.300048828125,1715.0999755859375,1736.9000244140625,1526,55.6309778321877
2020-06-01,1740.4000244140625,1747.0,1727.0999755859375,1737.800048828125,871,55.812519640864046
2020-06-02,1743.0,1745.5,1721.800048828125,1725.199951171875,741,52.569602883357156
2020-06-03,1726.300048828125,1726.300048828125,1684.5,1697.800048828125,2755,46.27318744406368
2020-06-04,1694.5,1718.9000244140625,1694.5,1718.9000244140625,807,51.12763339411308
2020-06-05,1711.800048828125,1711.800048828125,1668.5999755859375,1676.199951171875,1502,42.71615881068159
2020-06-08,1679.0999755859375,1699.4000244140625,1675.9000244140625,1698.300048828125,587,47.52782782702858
2020-06-09,1694.5999755859375,1720.9000244140625,1692.0,1714.699951171875,690,50.82854580317521
2020-06-10,1716.0999755859375,1740.800048828125,1711.9000244140625,1713.300048828125,718,50.53631625991575
2020-06-11,1737.199951171875,1744.0999755859375,1720.0,1732.0,347,54.31481464588162
2020-06-12,1724.9000244140625,1743.0,1724.9000244140625,1729.300048828125,318,53.67725154292044
2020-06-15,1730.0,1730.0,1703.300048828125,1720.300048828125,188,51.506844928136594
2020-06-16,1726.300048828125,1729.5999755859375,1722.4000244140625,1729.5999755859375,22,53.5948829775349
2020-06-17,1714.699951171875,1729.199951171875,1714.699951171875,1729.199951171875,51,53.48819694166911
2020-06-18,1730.5,1734.0999755859375,1717.300048828125,1724.800048828125,110,52.25605124853204
2020-06-19,1723.699951171875,1750.699951171875,1723.5,1745.9000244140625,1329,57.33213329866271
2020-06-22,1755.199951171875,1767.5999755859375,1750.5,1756.699951171875,1356,59.69424740785388
2020-06-23,1755.4000244140625,1776.300048828125,1754.199951171875,1772.0999755859375,666,62.85228524202432
2020-06-24,1778.300048828125,1783.0999755859375,1764.5,1765.800048828125,961,60.755123266553426
2020-06-25,1761.699951171875,1764.800048828125,1759.800048828125,1762.0999755859375,207,59.4994310034473
2020-06-26,1766.0,1772.5,1764.699951171875,1772.5,640,61.88403337369728
2020-06-29,1779.800048828125,1780.199951171875,1774.300048828125,1774.800048828125,584,62.411143477978705
2020-06-30,1777.300048828125,1793.199951171875,1774.4000244140625,1793.0,986,66.37382951207665
2020-07-01,1793.5999755859375,1798.0,1765.800048828125,1773.199951171875,331,59.07706720982484
2020-07-02,1773.4000244140625,1784.0,1768.699951171875,1784.0,215,61.559440903299254
2020-07-06,1788.199951171875,1790.0999755859375,1788.199951171875,1788.5,172,62.57802888408866
2020-07-07,1789.300048828125,1804.199951171875,1783.300048828125,1804.199951171875,751,65.9663733366603
2020-07-08,1801.5,1817.9000244140625,1801.5,1815.5,209,68.1982904527353
2020-07-09,1816.0999755859375,1819.800048828125,1799.199951171875,1799.199951171875,396,61.89300609355595
2020-07-10,1805.5,1805.5,1797.699951171875,1798.199951171875,236,61.517234651142125
2020-07-13,1805.0,1811.0,1805.0,1811.0,164,64.48916981482361
2020-07-14,1791.0,1811.5,1791.0,1810.5999755859375,339,64.3219868343109
2020-07-15,1806.0999755859375,1813.5,1806.0999755859375,1811.4000244140625,167,64.52009501263174
2020-07-16,1810.9000244140625,1810.9000244140625,1794.300048828125,1798.699951171875,146,58.9265495730802
2020-07-17,1798.5,1810.0999755859375,1798.5,1808.300048828125,24,61.63418803624365
2020-07-20,1807.0,1817.300048828125,1807.0,1815.9000244140625,89,63.67568238052005
2020-07-21,1822.0,1842.4000244140625,1822.0,1842.4000244140625,117,69.72499897132138
2020-07-22,1858.0999755859375,1867.0,1854.699951171875,1864.0999755859375,213,73.60185618458014
2020-07-23,1868.699951171875,1890.300048828125,1868.5,1889.0999755859375,133,77.22093088355153
2020-07-24,1884.300048828125,1897.300048828125,1884.300048828125,1897.300048828125,474,78.27309717663759
2020-07-27,1901.699951171875,1938.0,1901.5,1931.0,364,81.96084225608
2020-07-28,1931.5,1944.699951171875,1928.5999755859375,1944.699951171875,825,83.20858431459439
2020-07-29,1953.199951171875,1953.5,1952.5999755859375,1953.5,209835,83.97532504313884
2020-07-30,1963.4000244140625,1965.0999755859375,1930.0,1942.300048828125,28853,79.02920594888495
2020-07-31,1948.5999755859375,1981.0999755859375,1948.0,1962.800048828125,2914,81.21066335892036
2020-08-03,1984.300048828125,1984.300048828125,1955.5,1966.0,683,81.53357877198866
2020-08-04,1971.0,2016.199951171875,1968.800048828125,2001.199951171875,2010,84.65724170195264
2020-08-05,2024.0,2050.199951171875,2011.0,2031.0999755859375,1422,86.71320691816571
2020-08-06,2045.5,2063.0,2040.0,2051.5,294,87.90415382838734
2020-08-07,2040.0999755859375,2055.0,2009.5999755859375,2010.0999755859375,808,73.50481329512404
2020-08-10,2026.4000244140625,2043.800048828125,2017.5,2024.4000244140625,233,75.02652964934924
2020-08-11,2012.4000244140625,2016.0,1904.0,1932.5999755859375,971,53.703131722353056
2020-08-12,1923.0,1946.5999755859375,1871.5999755859375,1934.9000244140625,404,54.0554654640882
2020-08-13,1921.5,1957.4000244140625,1916.9000244140625,1956.699951171875,71,57.367154879660355
2020-08-14,1938.699951171875,1947.4000244140625,1937.0,1937.0,201,53.60678711199442
2020-08-17,1949.5999755859375,1985.0,1949.5999755859375,1985.0,97,60.41533845558476
2020-08-18,2001.0999755859375,2002.800048828125,1972.0999755859375,1999.4000244140625,92,62.20724554280836
2020-08-19,1980.0,1980.0,1938.699951171875,1958.699951171875,347,54.67394020708372
2020-08-20,1941.199951171875,1948.300048828125,1922.300048828125,1933.800048828125,106,50.63400831434728
2020-08-21,1941.0,1945.0,1908.9000244140625,1934.5999755859375,184,50.75988635682225
2020-08-24,1930.199951171875,1940.0,1922.199951171875,1927.699951171875,85,49.58536553474573
2020-08-25,1927.5,1928.5,1911.800048828125,1911.800048828125,176,46.892750307315026
2020-08-26,1909.699951171875,1950.800048828125,1909.699951171875,1940.699951171875,287,51.99534138828033
2020-08-27,1948.9000244140625,1972.5,1921.5999755859375,1921.5999755859375,2303,48.6672525946337
2020-08-28,1927.0999755859375,1971.300048828125,1922.5,1964.5999755859375,778,55.56319496767305
2020-08-31,1970.0,1971.300048828125,1953.300048828125,1967.5999755859375,158,56.00723067814096
2020-09-01,1961.699951171875,1986.300048828125,1961.699951171875,1968.199951171875,186,56.10170629139408
2020-09-02,1967.300048828125,1967.300048828125,1934.4000244140625,1934.4000244140625,71,49.63486599373397
2020-09-03,1937.0999755859375,1938.800048828125,1923.0,1927.5999755859375,179,48.42546364248227
2020-09-04,1927.9000244140625,1939.699951171875,1917.699951171875,1923.9000244140625,607,47.743800849382225
2020-09-08,1930.9000244140625,1937.9000244140625,1903.0999755859375,1933.0,271,49.622100074749376
2020-09-09,1926.9000244140625,1946.199951171875,1924.5999755859375,1944.699951171875,219,52.01047193534236
2020-09-10,1944.0999755859375,1962.699951171875,1944.0999755859375,1954.199951171875,722,53.92072862396731
2020-09-11,1944.0,1949.5,1937.800048828125,1937.800048828125,73,50.205393722673946
2020-09-14,1946.300048828125,1953.0999755859375,1943.0,1953.0999755859375,55,53.42933711807283
2020-09-15,1955.800048828125,1968.5,1955.800048828125,1956.300048828125,74,54.098736026785325
2020-09-16,1961.300048828125,1961.4000244140625,1956.699951171875,1960.199951171875,124,54.9486191098572
2020-09-17,1939.0,1946.0,1933.699951171875,1940.0,67,49.80478578962221
2020-09-18,1950.5,1952.0999755859375,1949.0,1952.0999755859375,38,52.66334087596726
2020-09-21,1946.199951171875,1946.199951171875,1883.4000244140625,1901.199951171875,52,41.863092541112984
2020-09-22,1913.0999755859375,1913.0999755859375,1898.5999755859375,1898.5999755859375,331,41.39608853648278
2020-09-23,1875.5,1875.5,1859.9000244140625,1859.9000244140625,5,35.11655932270304
2020-09-24,1851.5,1868.300048828125,1851.5,1868.300048828125,365,37.33845513549012
2020-09-25,1856.300048828125,1857.699951171875,1856.300048828125,1857.699951171875,4,35.67808338295396
2020-09-28,1872.800048828125,1872.800048828125,1872.800048828125,1872.800048828125,10455,39.78581779646242
2020-09-29,1876.5,1895.4000244140625,1872.4000244140625,1894.300048828125,3283,45.156302610358544
2020-09-30,1893.0,1899.699951171875,1879.800048828125,1887.5,600,43.82494616116916
2020-10-01,1884.0999755859375,1909.5999755859375,1882.5,1908.4000244140625,730,48.81953397566047
2020-10-02,1893.9000244140625,1913.0,1893.9000244140625,1900.199951171875,530,47.05191332884992
2020-10-05,1898.9000244140625,1915.5999755859375,1884.699951171875,1912.5,1360,49.97763777464582
2020-10-06,1906.5999755859375,1918.0,1874.4000244140625,1901.0999755859375,968,47.36531288002911
2020-10-07,1874.0999755859375,1889.800048828125,1873.0999755859375,1883.5999755859375,50,43.59797371975081
2020-10-08,1893.0,1893.0,1882.699951171875,1888.5999755859375,348,44.94533805923737
2020-10-09,1909.300048828125,1929.0999755859375,1905.0999755859375,1919.5,580,52.49763528446136
2020-10-12,1924.0,1926.5,1921.5999755859375,1922.5,96,53.169315558357226
2020-10-13,1921.9000244140625,1922.199951171875,1887.0,1888.5,191,45.343882001945055
2020-10-14,1889.699951171875,1910.800048828125,1882.5,1901.300048828125,33,48.42162523194888
2020-10-15,1897.300048828125,1906.300048828125,1889.5999755859375,1903.199951171875,254,48.88174821917769
2020-10-16,1898.5,1900.800048828125,1898.5,1900.800048828125,53,48.295662179194395
2020-10-19,1907.300048828125,1907.800048828125,1899.5,1906.4000244140625,43,49.80792422128945
2020-10-20,1901.300048828125,1910.4000244140625,1896.0999755859375,1910.4000244140625,329,50.91233586942815
2020-10-21,1913.5999755859375,1927.300048828125,1913.5999755859375,1924.5999755859375,1202,54.721254946635
2020-10-22,1924.300048828125,1924.300048828125,1898.199951171875,1901.0999755859375,899,48.07315285329211
2020-10-23,1899.9000244140625,1913.300048828125,1896.199951171875,1902.0,287,48.332053979764275
2020-10-26,1895.5,1907.0,1893.5,1902.699951171875,242,48.54691199931204
2020-10-27,1904.5999755859375,1908.800048828125,1904.4000244140625,1908.800048828125,176,50.479627800969276
2020-10-28,1870.9000244140625,1876.199951171875,1870.9000244140625,1876.199951171875,277,41.506574582901024
2020-10-29,1876.0999755859375,1879.800048828125,1858.800048828125,1865.5999755859375,240,39.074440494207494
2020-10-30,1862.800048828125,1886.5999755859375,1862.800048828125,1877.4000244140625,725,43.073421365395305
2020-11-02,1872.9000244140625,1894.699951171875,1872.9000244140625,1890.4000244140625,190,47.18625371293392
2020-11-03,1891.5,1908.5,1891.5,1908.5,712,52.34831874960929
2020-11-04,1893.800048828125,1907.0,1885.300048828125,1894.5999755859375,782,48.43322519497749
2020-11-05,1901.699951171875,1948.0,1901.699951171875,1945.300048828125,135,60.14244101262558
2020-11-06,1940.800048828125,1958.800048828125,1940.800048828125,1950.300048828125,304,61.08100852973258
2020-11-09,1955.5999755859375,1963.199951171875,1847.0999755859375,1853.199951171875,745,40.92582955243794
2020-11-10,1879.300048828125,1885.300048828125,1871.199951171875,1875.4000244140625,276,45.36470705114286
2020-11-11,1878.800048828125,1878.800048828125,1855.5,1860.699951171875,222,43.057562813149914
2020-11-12,1869.0,1878.5,1866.5999755859375,1872.5999755859375,220,45.47505409420845
2020-11-13,1877.0,1890.0999755859375,1876.800048828125,1885.699951171875,240,48.0878483473248
2020-11-16,1874.5999755859375,1887.300048828125,1871.0,1887.300048828125,6,48.413018572057055
2020-11-17,1888.4000244140625,1888.4000244140625,1884.5,1884.5,59,47.84819720232668
2020-11-18,1873.5,1873.5,1873.5,1873.5,152,45.59757564702338
2020-11-19,1865.800048828125,1865.800048828125,1856.0,1861.0999755859375,59,43.134508310129995
2020-11-20,1871.199951171875,1872.5999755859375,1871.199951171875,1872.5999755859375,1900,46.04538058409405
2020-11-23,1834.800048828125,1837.800048828125,1829.199951171875,1837.800048828125,843,39.4623942328875
2020-11-24,1829.300048828125,1829.300048828125,1799.300048828125,1804.800048828125,1041,34.43485529002518
2020-11-25,1801.4000244140625,1805.699951171875,1801.4000244140625,1805.699951171875,205754,34.67924859850007
2020-11-27,1806.0999755859375,1817.0,1770.699951171875,1781.9000244140625,71804,31.350883274838083
2020-11-30,1785.0,1787.199951171875,1762.300048828125,1775.699951171875,3145,30.5288716755789
2020-12-01,1775.0,1815.9000244140625,1774.9000244140625,1814.0999755859375,1859,40.86974626774897
2020-12-02,1811.300048828125,1830.0,1807.800048828125,1825.699951171875,771,43.60083524318774
2020-12-03,1829.199951171875,1842.0,1825.300048828125,1836.800048828125,1765,46.16330588395607
2020-12-04,1840.699951171875,1847.5999755859375,1828.199951171875,1835.9000244140625,1213,45.980884510514855
2020-12-07,1836.5,1866.9000244140625,1820.800048828125,1861.800048828125,1427,51.874534357679
2020-12-08,1863.0,1875.800048828125,1861.800048828125,1870.800048828125,121,53.76235022359581
2020-12-09,1867.0999755859375,1867.0999755859375,1827.0,1834.5999755859375,215,45.953994683389034
2020-12-10,1833.199951171875,1849.0999755859375,1828.0,1833.5999755859375,177,45.75629434459847
2020-12-11,1838.5,1846.0,1829.0999755859375,1839.800048828125,109,47.27095570672256
2020-12-14,1835.5,1835.699951171875,1822.699951171875,1828.699951171875,258,44.85604098331372
2020-12-15,1833.5,1853.5999755859375,1833.199951171875,1852.300048828125,961,50.63081576742754
2020-12-16,1856.5,1864.699951171875,1850.5,1856.0999755859375,1090,51.511304331662345
2020-12-17,1874.199951171875,1896.199951171875,1874.199951171875,1887.199951171875,414,58.09805804831872
2020-12-18,1882.4000244140625,1889.5,1882.300048828125,1885.699951171875,276,57.69100136016277
2020-12-21,1884.800048828125,1908.0,1869.0999755859375,1879.199951171875,136,55.86443493727695
2020-12-22,1882.199951171875,1882.199951171875,1861.0,1866.5999755859375,233,52.40099278548568
2020-12-23,1867.0,1878.800048828125,1864.5,1874.699951171875,82,54.359917036658366
2020-12-24,1877.300048828125,1879.9000244140625,1875.699951171875,1879.9000244140625,46,55.6225935417395
2020-12-28,1895.5,1895.800048828125,1873.699951171875,1877.199951171875,75,54.77520909958081
2020-12-29,1881.300048828125,1881.300048828125,1879.699951171875,1879.699951171875,343,55.45192647245754
2020-12-30,1879.9000244140625,1895.800048828125,1877.300048828125,1891.0,444,58.47640626029393
2020-12-31,1897.0,1901.300048828125,1892.699951171875,1893.0999755859375,127,59.03304578959549
2021-01-04,1912.199951171875,1945.0999755859375,1912.199951171875,1944.699951171875,154,69.76008030777318
2021-01-05,1941.699951171875,1952.699951171875,1941.300048828125,1952.699951171875,113,71.02676400148711
2021-01-06,1952.0,1959.9000244140625,1901.5,1906.9000244140625,331,56.44867016565894
2021-01-07,1922.5999755859375,1926.699951171875,1912.0,1912.300048828125,122,57.55484173790966
2021-01-08,1908.0,1908.0,1834.0999755859375,1834.0999755859375,60,41.22511093442203
2021-01-11,1826.5,1849.5999755859375,1826.5,1849.5999755859375,20,44.5814187663128
2021-01-12,1849.0,1859.699951171875,1839.4000244140625,1842.9000244140625,176,43.42702319550464
2021-01-13,1858.0,1858.5999755859375,1853.5999755859375,1853.5999755859375,189,45.83904867911994
2021-01-14,1836.699951171875,1850.699951171875,1836.699951171875,1850.300048828125,149,45.19900600224441
2021-01-15,1829.4000244140625,1829.4000244140625,1825.0,1829.300048828125,31,41.2515832839116
2021-01-19,1802.0,1842.9000244140625,1802.0,1839.5,13,43.81810315761934
2021-01-20,1847.800048828125,1866.5999755859375,1844.4000244140625,1865.9000244140625,16,49.91672999659889
2021-01-21,1865.300048828125,1868.0,1865.300048828125,1865.300048828125,6,49.78446545092911
2021-01-22,1854.9000244140625,1855.699951171875,1852.699951171875,1855.699951171875,8,47.610623613620476
2021-01-25,1864.699951171875,1864.699951171875,1851.800048828125,1854.9000244140625,26,47.42480087030121
2021-01-26,1855.800048828125,1855.800048828125,1850.699951171875,1850.699951171875,59,46.40077355573563
2021-01-27,1844.9000244140625,1844.9000244140625,1844.9000244140625,1844.9000244140625,195540,44.957146245215526
2021-01-28,1843.4000244140625,1862.9000244140625,1831.5,1837.9000244140625,27283,43.20982564678564
2021-01-29,1842.0,1876.0,1838.699951171875,1847.300048828125,1634,46.2319594981628
2021-02-01,1866.5999755859375,1871.9000244140625,1850.0,1860.800048828125,1494,50.320838167173854
2021-02-02,1859.5999755859375,1861.300048828125,1827.5999755859375,1830.5,1293,42.507451373694096
2021-02-03,1834.800048828125,1842.4000244140625,1829.800048828125,1832.199951171875,1195,43.04180099832973
2021-02-04,1832.199951171875,1832.199951171875,1782.800048828125,1788.9000244140625,2375,34.29771319829459
2021-02-05,1794.300048828125,1813.5,1790.9000244140625,1810.9000244140625,1278,40.87048553624141
2021-02-08,1816.300048828125,1836.699951171875,1809.0,1831.9000244140625,254,46.384176057169526
2021-02-09,1841.9000244140625,1843.300048828125,1830.699951171875,1835.300048828125,184,47.24195268796079
2021-02-10,1842.5999755859375,1851.0999755859375,1837.0,1840.5999755859375,543,48.62180493393236
2021-02-11,1840.5,1845.0,1820.9000244140625,1824.9000244140625,602,44.87738513474268
2021-02-12,1825.0,1827.5,1809.199951171875,1821.5999755859375,259,44.10846340813415
2021-02-16,1820.9000244140625,1823.4000244140625,1787.300048828125,1797.199951171875,1141,38.81318875090032
2021-02-17,1785.800048828125,1789.699951171875,1768.800048828125,1771.0999755859375,614,34.09770516663292
2021-02-18,1776.0999755859375,1784.5999755859375,1766.0,1773.4000244140625,587,34.84889608684958
2021-02-19,1764.300048828125,1787.5999755859375,1764.300048828125,1775.800048828125,118,35.672858371703484
2021-02-22,1784.0,1807.800048828125,1784.0,1806.699951171875,165,45.269910307305466
2021-02-23,1809.5999755859375,1811.300048828125,1796.4000244140625,1804.4000244140625,569,44.734937133559235
2021-02-24,1805.800048828125,1805.800048828125,1796.4000244140625,1796.4000244140625,1500,42.83858847953918
2021-02-25,1801.5,1802.0,1766.699951171875,1774.4000244140625,1049,38.060411681350445
2021-02-26,1768.0999755859375,1768.199951171875,1718.800048828125,1728.0999755859375,1593,30.38037005741053
2021-03-01,1737.0999755859375,1747.0,1720.300048828125,1722.5,407,29.602324067036065
2021-03-02,1709.4000244140625,1733.0999755859375,1708.699951171875,1733.0999755859375,867,33.09512158582811
2021-03-03,1730.0,1732.4000244140625,1703.5,1715.300048828125,501,30.370161052069022
2021-03-04,1706.5,1717.4000244140625,1700.199951171875,1700.199951171875,521,28.245490581473092
2021-03-05,1690.5999755859375,1701.0,1685.0,1698.0,302,27.93882111816984
2021-03-08,1704.699951171875,1705.4000244140625,1673.699951171875,1677.699951171875,1290,25.217995556788594
2021-03-09,1686.199951171875,1717.5,1685.199951171875,1716.5999755859375,335,37.73196901562713
2021-03-10,1713.5999755859375,1722.9000244140625,1711.0,1721.5,412,39.11409598014396
2021-03-11,1725.5999755859375,1737.5,1720.199951171875,1722.300048828125,18,39.350802814003735
2021-03-12,1715.9000244140625,1722.5,1699.0,1719.5,80,38.782520857278676
2021-03-15,1729.5,1731.9000244140625,1722.800048828125,1728.9000244140625,147,41.82012458589
2021-03-16,1732.300048828125,1733.9000244140625,1726.0,1730.5999755859375,729,42.376981769695504
2021-03-17,1735.300048828125,1750.0999755859375,1725.5999755859375,1726.800048828125,488,41.42257911669334
2021-03-18,1745.800048828125,1750.300048828125,1721.800048828125,1732.199951171875,138,43.374268957372365
2021-03-19,1742.199951171875,1742.199951171875,1733.5999755859375,1741.4000244140625,13,46.63650147233121
2021-03-22,1737.800048828125,1737.800048828125,1737.800048828125,1737.800048828125,51,45.53114435974343
2021-03-23,1724.699951171875,1724.699951171875,1724.699951171875,1724.699951171875,6,41.66149871915062
2021-03-24,1727.5,1732.9000244140625,1727.5,1732.9000244140625,26,44.82269179775985
2021-03-25,1732.699951171875,1733.199951171875,1724.5,1724.9000244140625,15,42.40832203975161
2021-03-26,1721.300048828125,1732.199951171875,1721.300048828125,1732.199951171875,33,45.30352102221921
2021-03-29,1712.0999755859375,1712.0999755859375,1712.0999755859375,1712.0999755859375,135457,39.426366013722344
2021-03-30,1711.0,1712.5999755859375,1676.5,1683.9000244140625,25316,32.96498214725861
2021-03-31,1683.699951171875,1713.800048828125,1676.5,1713.800048828125,762,43.53193089689199
2021-04-01,1706.800048828125,1728.800048828125,1706.4000244140625,1726.5,720,47.32970243397419
2021-04-05,1727.9000244140625,1729.699951171875,1721.9000244140625,1727.0,275,47.47946651403086
2021-04-06,1726.9000244140625,1744.800048828125,1726.9000244140625,1741.5,890,51.76302442333138
2021-04-07,1742.699951171875,1742.699951171875,1733.699951171875,1740.0999755859375,557,51.32773322183758
2021-04-08,1736.0,1758.0,1734.5999755859375,1756.800048828125,1298,56.07298625556149
2021-04-09,1750.800048828125,1750.800048828125,1733.300048828125,1743.300048828125,484,51.68614405734994
2021-04-12,1740.800048828125,1740.800048828125,1726.699951171875,1731.199951171875,40,48.05707330340678
2021-04-13,1733.800048828125,1746.9000244140625,1722.0999755859375,1746.199951171875,367,52.50873456760145
2021-04-14,1741.300048828125,1745.9000244140625,1732.699951171875,1734.9000244140625,1037,49.09520385245495
2021-04-15,1740.0999755859375,1767.9000244140625,1740.0999755859375,1765.4000244140625,368,57.185619300161925
2021-04-16,1770.4000244140625,1779.5,1770.0999755859375,1779.0,625,60.22149217246285
2021-04-19,1782.0999755859375,1788.5,1769.4000244140625,1769.4000244140625,144,57.14141506167369
2021-04-20,1769.300048828125,1777.300048828125,1765.5,1777.300048828125,1464,58.999813768830315
2021-04-21,1783.0,1794.0999755859375,1777.699951171875,1792.300048828125,250,62.33899846304406
2021-04-22,1794.199951171875,1794.199951171875,1779.5,1781.199951171875,159,58.53951995398078
2021-04-23,1786.0999755859375,1794.5,1772.0,1777.0,332,57.1209150626672
2021-04-26,1778.0,1779.699951171875,1770.800048828125,1779.199951171875,549,57.69916385173301
2021-04-27,1780.0,1782.0,1777.699951171875,1778.0,117,57.245695196570516
2021-04-28,1768.199951171875,1774.0,1764.5999755859375,1773.199951171875,756,55.3710157906047
2021-04-29,1781.0,1789.0,1758.5999755859375,1768.0999755859375,196,53.37116327483892
2021-04-30,1771.800048828125,1771.800048828125,1763.9000244140625,1767.300048828125,18,53.04753423092092
2021-05-03,1788.5,1793.0,1788.5,1791.4000244140625,18,60.766348829252024
2021-05-04,1788.199951171875,1788.5,1774.800048828125,1775.800048828125,182,54.51853111103772
2021-05-05,1781.5,1784.0999755859375,1779.199951171875,1784.0999755859375,57,57.04884874304699
2021-05-06,1788.9000244140625,1815.5,1787.5999755859375,1815.5,13,64.9853748603033
2021-05-07,1842.9000244140625,1842.9000244140625,1831.0999755859375,1831.0999755859375,2,68.13558949910848
2021-05-10,1835.5999755859375,1845.5999755859375,1835.4000244140625,1837.5,13,69.35376587924577
2021-05-11,1837.199951171875,1838.0999755859375,1831.5999755859375,1835.9000244140625,420,68.64721471631172
2021-05-12,1825.199951171875,1825.199951171875,1821.699951171875,1822.5999755859375,3,62.909797676449905
2021-05-13,1814.699951171875,1826.800048828125,1814.0999755859375,1823.800048828125,100,63.208596616450706
2021-05-14,1824.5,1842.9000244140625,1824.5,1837.9000244140625,41,66.61194396185647
2021-05-17,1849.9000244140625,1867.5,1847.199951171875,1867.5,13,72.38672492556178
2021-05-18,1870.5,1870.5,1867.800048828125,1867.800048828125,3,72.43876385338332
2021-05-19,1866.4000244140625,1884.9000244140625,1863.5999755859375,1881.300048828125,348,74.7449052902178
2021-05-20,1865.5,1885.0,1864.800048828125,1881.800048828125,85,74.82891126333459
2021-05-21,1872.0999755859375,1876.699951171875,1872.0999755859375,1876.699951171875,5,72.19113353146128
2021-05-24,1882.0999755859375,1884.5999755859375,1882.0999755859375,1884.5999755859375,39,73.73557446038568
2021-05-25,1882.5,1898.0999755859375,1882.5,1898.0999755859375,56,76.1710457659648
2021-05-26,1901.300048828125,1901.300048828125,1901.300048828125,1901.300048828125,170526,76.72206950731061
2021-05-27,1896.800048828125,1903.9000244140625,1888.199951171875,1895.699951171875,35794,73.51815942502111
2021-05-28,1897.5,1905.4000244140625,1881.9000244140625,1902.5,2415,74.88941364835316
2021-06-01,1905.0999755859375,1916.199951171875,1892.800048828125,1902.9000244140625,640,74.97151749038002
2021-06-02,1899.199951171875,1908.800048828125,1896.0,1907.5,1267,75.9455118863173
2021-06-03,1908.800048828125,1908.800048828125,1865.0,1871.199951171875,1021,57.071063415455356
2021-06-04,1869.300048828125,1895.5,1854.0,1889.800048828125,367,62.24833518865256
2021-06-07,1890.5,1899.699951171875,1883.199951171875,1896.800048828125,87,64.00759197602231
2021-06-08,1896.5,1902.9000244140625,1890.0,1892.199951171875,930,61.96403608583355
2021-06-09,1894.9000244140625,1897.699951171875,1889.199951171875,1893.199951171875,148,62.246220548430685
2021-06-10,1887.699951171875,1899.800048828125,1871.5,1894.199951171875,186,62.54546613264932
2021-06-11,1900.9000244140625,1902.300048828125,1875.199951171875,1877.4000244140625,349,54.701138045912835
2021-06-14,1866.199951171875,1866.5999755859375,1846.5,1864.0,41,49.38122360444603
2021-06-15,1866.4000244140625,1867.199951171875,1854.4000244140625,1854.5,78,45.96798644191839
2021-06-16,1859.4000244140625,1860.0999755859375,1809.199951171875,1859.5,117,48.00501518293608
2021-06-17,1811.800048828125,1823.300048828125,1769.5999755859375,1773.800048828125,1135,28.30666207600801
2021-06-18,1775.699951171875,1792.4000244140625,1767.9000244140625,1767.9000244140625,354,27.470915964100982
2021-06-21,1768.800048828125,1785.199951171875,1766.800048828125,1781.800048828125,38,32.525352702537305
2021-06-22,1783.4000244140625,1786.9000244140625,1775.9000244140625,1776.300048828125,101,31.587346884759867
2021-06-23,1780.699951171875,1793.199951171875,1780.5999755859375,1782.300048828125,136,33.82927984938041
2021-06-24,1778.9000244140625,1786.4000244140625,1775.5999755859375,1775.5999755859375,78,32.546638282519964
2021-06-25,1777.699951171875,1788.0,1775.199951171875,1776.5999755859375,35,32.95522348873696
2021-06-28,1779.5999755859375,1779.5999755859375,1779.5999755859375,1779.5999755859375,888,34.24208848743304
2021-06-29,1776.800048828125,1777.0999755859375,1752.0999755859375,1762.800048828125,419,30.68961900926864
2021-06-30,1761.0999755859375,1770.800048828125,1759.199951171875,1770.800048828125,51,34.190872271820666
2021-07-01,1775.699951171875,1781.199951171875,1768.800048828125,1775.9000244140625,44,36.39668081331092
2021-07-02,1778.699951171875,1787.9000244140625,1778.300048828125,1782.5999755859375,23,39.27625613718873
2021-07-06,1786.699951171875,1809.800048828125,1786.699951171875,1793.5,332,43.738949209768855
2021-07-07,1798.699951171875,1808.4000244140625,1797.199951171875,1801.5,244,46.827621058807665
2021-07-08,1797.0,1818.5,1797.0,1799.5999755859375,148,46.17918954261923
2021-07-09,1803.5999755859375,1810.0999755859375,1798.800048828125,1810.0,218,50.24077407258757
2021-07-12,1802.5999755859375,1805.5,1799.5,1805.5,147,48.53408295054008
2021-07-13,1808.0999755859375,1812.0,1800.5999755859375,1809.4000244140625,78,50.115702283995034
2021-07-14,1813.0999755859375,1829.0,1813.0999755859375,1824.300048828125,707,55.71511075442049
2021-07-15,1831.5999755859375,1833.0,1823.4000244140625,1828.4000244140625,99,57.140725175750674
2021-07-16,1830.0999755859375,1831.4000244140625,1814.5,1814.5,78,51.131059841161324
2021-07-19,1803.300048828125,1813.4000244140625,1803.300048828125,1808.699951171875,33,48.82359514174258
2021-07-20,1812.9000244140625,1824.0,1810.9000244140625,1810.9000244140625,128,49.749949074951324
2021-07-21,1807.0,1807.0,1800.0,1802.9000244140625,135,46.45692314357999
2021-07-22,1793.5999755859375,1805.0,1793.5999755859375,1805.0,2,47.440398575581256
2021-07-23,1800.0,1801.4000244140625,1800.0,1801.4000244140625,1,45.88444835338121
2021-07-26,1802.5,1802.5,1797.199951171875,1798.699951171875,17,44.70026715486885
2021-07-27,1803.699951171875,1803.699951171875,1799.5,1799.5,1,45.15195605917578
2021-07-28,1799.5,1799.5,1799.5,1799.5,209783,45.15195605917578
2021-07-29,1806.5999755859375,1832.5999755859375,1806.0999755859375,1831.199951171875,30496,60.1204499719972
2021-07-30,1828.0,1830.5,1808.9000244140625,1812.5999755859375,3100,51.27775874777464
2021-08-02,1812.4000244140625,1818.699951171875,1804.800048828125,1818.0999755859375,1334,53.45770138037241
2021-08-03,1812.300048828125,1813.5,1806.0,1810.0999755859375,3341,49.9564645871907
2021-08-04,1809.300048828125,1831.300048828125,1806.300048828125,1810.5,2860,50.132342525037494
2021-08-05,1810.800048828125,1813.699951171875,1796.0,1805.0999755859375,588,47.6954613968574
2021-08-06,1799.800048828125,1800.0999755859375,1758.4000244140625,1760.0,859,33.186343321887364
2021-08-09,1753.5,1753.800048828125,1692.5999755859375,1723.4000244140625,1621,26.216438781746774
2021-08-10,1728.5999755859375,1735.199951171875,1720.0999755859375,1728.800048828125,1363,28.59914475242425
2021-08-11,1727.300048828125,1752.199951171875,1727.300048828125,1750.4000244140625,542,37.3186422204394
2021-08-12,1749.699951171875,1752.4000244140625,1745.5,1749.0,739,37.00321833833784
2021-08-13,1758.300048828125,1777.300048828125,1757.4000244140625,1775.199951171875,436,46.17226891973233
2021-08-16,1776.9000244140625,1787.800048828125,1771.9000244140625,1786.9000244140625,219,49.69356337754284
2021-08-17,1787.699951171875,1794.199951171875,1780.0,1785.0,200,49.131466361740415
2021-08-18,1787.800048828125,1791.5,1779.0,1781.5999755859375,263,48.08334080204105
2021-08-19,1780.0,1789.300048828125,1775.5,1780.199951171875,245,47.63273440180198
2021-08-20,1784.0999755859375,1787.5,1778.199951171875,1781.0,235,47.933017369535804
2021-08-23,1776.800048828125,1804.800048828125,1776.800048828125,1803.199951171875,32,55.54969771897392
2021-08-24,1801.0,1805.5999755859375,1801.0,1805.5999755859375,22,56.29407306150676
2021-08-25,1792.0,1792.9000244140625,1784.0,1788.199951171875,812,49.7847944621272
2021-08-26,1787.4000244140625,1792.199951171875,1781.0,1792.199951171875,61,51.18226490432992
2021-08-27,1803.4000244140625,1816.5999755859375,1803.0999755859375,1816.5999755859375,1219,58.72765186731757
2021-08-30,1818.199951171875,1820.300048828125,1807.800048828125,1809.0,684,55.83296746258473
2021-08-31,1815.9000244140625,1815.9000244140625,1801.0999755859375,1815.0,82,57.60941242855432
2021-09-01,1813.5,1815.9000244140625,1809.5,1813.0999755859375,114,56.82990000227357
2021-09-02,1813.199951171875,1813.9000244140625,1806.800048828125,1808.699951171875,26,54.974773069965075
2021-09-03,1820.9000244140625,1833.9000244140625,1818.9000244140625,1830.9000244140625,53,61.757800930534195
2021-09-07,1825.699951171875,1825.699951171875,1792.699951171875,1795.9000244140625,48,49.17885099286788
2021-09-08,1781.699951171875,1790.699951171875,1781.699951171875,1790.699951171875,69,47.62671665208046
2021-09-09,1798.699951171875,1798.699951171875,1787.9000244140625,1797.4000244140625,49,49.82407598157929
2021-09-10,1789.5999755859375,1789.5999755859375,1789.5999755859375,1789.5999755859375,0,47.33424868772204
2021-09-13,1789.800048828125,1796.0,1784.0,1792.0,533,48.192132956872136
2021-09-14,1791.4000244140625,1806.199951171875,1783.0,1804.699951171875,764,52.59277487125682
2021-09-15,1803.699951171875,1803.699951171875,1792.4000244140625,1792.4000244140625,59,48.31256040785998
2021-09-16,1792.9000244140625,1792.9000244140625,1743.9000244140625,1754.5999755859375,1645,38.06092221013747
2021-09-17,1758.800048828125,1763.0,1749.4000244140625,1749.4000244140625,581,36.900911760624524
2021-09-20,1751.800048828125,1761.800048828125,1750.9000244140625,1761.800048828125,185,41.48113305078894
2021-09-21,1762.199951171875,1776.0,1759.0,1776.0,106,46.289235424347766
2021-09-22,1776.699951171875,1784.300048828125,1767.0,1776.699951171875,17,46.5224816475002
2021-09-23,1766.800048828125,1766.800048828125,1738.199951171875,1747.699951171875,31,38.97132625460856
2021-09-24,1749.699951171875,1749.699951171875,1745.0,1749.699951171875,76,39.698263687134734
2021-09-27,1751.699951171875,1754.4000244140625,1747.5,1750.0,808,39.81408928744474
2021-09-28,1739.5999755859375,1741.699951171875,1726.800048828125,1735.800048828125,15748,36.26406870661627
2021-09-29,1732.4000244140625,1744.0999755859375,1721.4000244140625,1721.5,6634,33.06651489748843
2021-09-30,1725.5,1760.300048828125,1724.5,1755.300048828125,997,45.335559165290505
2021-10-01,1754.300048828125,1762.5999755859375,1748.5,1757.0,2220,45.87294411985445
2021-10-04,1764.5,1768.9000244140625,1749.5,1766.199951171875,417,48.806083542081424
2021-10-05,1764.300048828125,1764.300048828125,1749.0,1759.5999755859375,98,46.84488323513248
2021-10-06,1759.300048828125,1762.9000244140625,1744.699951171875,1760.5,56,47.15672505996012
2021-10-07,1762.4000244140625,1762.4000244140625,1752.800048828125,1757.9000244140625,336,46.31148961663465
2021-10-08,1757.0,1780.0,1754.199951171875,1756.300048828125,254,45.76783484975724
2021-10-11,1756.5999755859375,1757.800048828125,1752.199951171875,1754.5999755859375,128,45.16118411212056
2021-10-12,1751.9000244140625,1768.0,1749.800048828125,1758.300048828125,139,46.813551910643454
2021-10-13,1760.800048828125,1794.5,1760.800048828125,1793.699951171875,150,59.41367547705882
2021-10-14,1792.199951171875,1799.9000244140625,1792.0,1796.699951171875,337,60.27262483970046
2021-10-15,1794.5,1795.4000244140625,1766.5999755859375,1767.199951171875,874,49.2376655183827
2021-10-18,1761.5999755859375,1770.0999755859375,1759.5,1764.800048828125,266,48.46035691061718
2021-10-19,1777.5999755859375,1785.0,1767.5,1769.699951171875,51,50.18936351633367
2021-10-20,1774.5999755859375,1785.5999755859375,1774.0,1784.0999755859375,127,54.970318039024704
2021-10-21,1782.0,1785.699951171875,1781.0,1781.199951171875,146,53.849342754178586
2021-10-22,1787.0999755859375,1806.9000244140625,1784.0,1795.5,532,58.35868101808811
2021-10-25,1794.300048828125,1809.0,1794.0,1806.0,140,61.34526088415407
2021-10-26,1808.800048828125,1808.800048828125,1788.5999755859375,1792.699951171875,359,55.8783516686552
2021-10-27,1791.5,1798.0999755859375,1791.5,1797.9000244140625,543,57.474067658022214
2021-10-28,1795.5,1807.300048828125,1795.5,1801.5999755859375,452,58.62078744191337
2021-10-29,1793.0999755859375,1797.0,1774.5999755859375,1783.0,583,51.15324476332475
2021-11-01,1787.5,1795.0999755859375,1786.699951171875,1795.0999755859375,142,55.15539232750681
2021-11-02,1790.5,1795.5,1787.699951171875,1788.699951171875,213,52.69605932911036
2021-11-03,1768.0,1768.0,1761.800048828125,1763.5999755859375,108,44.34485758749363
2021-11-04,1776.5999755859375,1798.199951171875,1776.199951171875,1793.0,103,53.617153956737994
2021-11-05,1794.9000244140625,1817.0999755859375,1794.9000244140625,1816.4000244140625,239,59.41306329154408
2021-11-08,1817.0,1827.4000244140625,1816.9000244140625,1827.4000244140625,261,61.827813879854666
2021-11-09,1826.0999755859375,1832.699951171875,1820.699951171875,1830.199951171875,170,62.44037013532149
2021-11-10,1825.800048828125,1865.0,1824.9000244140625,1847.5999755859375,795,66.08291823268345
2021-11-11,1853.9000244140625,1866.5,1853.9000244140625,1863.199951171875,292,68.98686349769889
2021-11-12,1860.800048828125,1867.9000244140625,1847.5999755859375,1867.9000244140625,210,69.82512743504822
2021-11-15,1864.5,1866.9000244140625,1864.5,1866.0999755859375,87,69.05529462192835
2021-11-16,1853.5999755859375,1853.5999755859375,1853.5999755859375,1853.5999755859375,1,63.795317054330795
2021-11-17,1862.5999755859375,1869.699951171875,1862.5999755859375,1869.699951171875,2,67.25496751545828
2021-11-18,1861.0,1861.0,1861.0,1861.0,9,63.712016821720084
2021-11-19,1851.199951171875,1851.199951171875,1851.199951171875,1851.199951171875,21,59.885045292770144
2021-11-22,1841.5999755859375,1841.5999755859375,1805.699951171875,1806.0,14,46.12390660427805
2021-11-23,1795.5,1795.5,1783.5,1783.5,264,41.065203362792076
2021-11-24,1793.0,1793.0,1781.4000244140625,1784.0999755859375,188,41.25023882460591
2021-11-26,1791.0999755859375,1791.4000244140625,1785.300048828125,1785.300048828125,186800,41.64489679478842
2021-11-29,1791.699951171875,1798.9000244140625,1779.0999755859375,1782.300048828125,26926,40.90513685710465
2021-11-30,1783.9000244140625,1808.0999755859375,1768.699951171875,1773.5999755859375,4903,38.75510791619815
2021-12-01,1774.800048828125,1790.5,1772.300048828125,1781.5999755859375,1128,41.78517214879974
2021-12-02,1780.9000244140625,1780.9000244140625,1760.5999755859375,1760.699951171875,1557,36.67956259945697
2021-12-03,1767.5,1785.0999755859375,1766.5,1782.0,694,44.16702510971237
2021-12-06,1780.199951171875,1783.0,1777.199951171875,1777.5,381,43.00991175929108
2021-12-07,1779.5,1786.0999755859375,1772.300048828125,1782.5999755859375,308,44.775737911155474
2021-12-08,1789.9000244140625,1789.9000244140625,1779.0,1783.4000244140625,1383,45.063308321475525
2021-12-09,1783.5,1783.5,1771.800048828125,1774.5999755859375,455,42.445151617688516
2021-12-10,1773.800048828125,1785.4000244140625,1769.0999755859375,1782.9000244140625,545,45.652404105610216
2021-12-13,1784.4000244140625,1787.0999755859375,1783.800048828125,1786.300048828125,206,46.95638263824346
2021-12-14,1787.0,1787.0,1769.0,1770.4000244140625,322,41.8941310004423
2021-12-15,1767.4000244140625,1778.699951171875,1753.9000244140625,1762.5999755859375,283,39.63661976376644
2021-12-16,1781.0,1798.0999755859375,1781.0,1796.5999755859375,21,51.82318009065979
2021-12-17,1804.0,1812.9000244140625,1803.800048828125,1803.800048828125,654,53.943685823329886
2021-12-20,1796.800048828125,1799.800048828125,1792.0,1793.699951171875,226,50.58044976684845
2021-12-21,1791.4000244140625,1796.5,1787.9000244140625,1787.9000244140625,575,48.70264306981212
2021-12-22,1786.0,1805.199951171875,1785.5,1801.5999755859375,567,53.12906684744026
2021-12-23,1806.0,1811.199951171875,1800.800048828125,1811.199951171875,193,55.99456487309839
2021-12-27,1810.0,1812.0999755859375,1807.0,1808.0999755859375,150,54.82888642399295
2021-12-28,1812.0,1818.0,1805.5,1810.199951171875,146,55.50463987898005
2021-12-29,1803.199951171875,1805.0999755859375,1791.4000244140625,1805.0999755859375,623,53.41473235677623
2021-12-30,1801.699951171875,1816.0,1796.0,1812.699951171875,306,56.06930513201521
2021-12-31,1825.0999755859375,1827.800048828125,1821.4000244140625,1827.5,80,60.75877965112248
2022-01-03,1830.0999755859375,1830.0999755859375,1798.800048828125,1799.4000244140625,116,49.87321522265567
2022-01-04,1800.5,1815.300048828125,1800.0,1814.0,38,54.44043919355003
2022-01-05,1813.0999755859375,1824.5999755859375,1813.0999755859375,1824.5999755859375,8,57.47023175665714
2022-01-06,1787.0999755859375,1791.300048828125,1787.0999755859375,1788.699951171875,30,46.251708168114035
2022-01-07,1791.800048828125,1797.0,1784.4000244140625,1797.0,17,48.74295581781089
2022-01-10,1794.9000244140625,1798.699951171875,1790.4000244140625,1798.4000244140625,534,49.17091678192382
2022-01-11,1803.9000244140625,1822.5,1803.0,1818.5999755859375,743,55.007873975349455
2022-01-12,1819.0,1827.199951171875,1816.9000244140625,1827.199951171875,1547,57.258264872537076
2022-01-13,1819.800048828125,1823.0,1815.4000244140625,1821.199951171875,40,55.18441826254634
2022-01-14,1821.5,1822.0,1816.5,1816.5,816,53.5483138094097
2022-01-18,1816.800048828125,1820.0999755859375,1812.300048828125,1812.300048828125,900,52.062863303436984
2022-01-19,1817.4000244140625,1843.0999755859375,1817.4000244140625,1843.0999755859375,4,60.67760847002422
2022-01-20,1840.5999755859375,1843.0,1838.199951171875,1842.5,20,60.44971432052811
2022-01-21,1838.0,1842.4000244140625,1828.9000244140625,1831.800048828125,19,56.382631965971484
2022-01-24,1837.9000244140625,1842.0999755859375,1837.9000244140625,1841.699951171875,8,59.122956441696395
2022-01-25,1843.0,1852.699951171875,1842.0,1852.699951171875,11,61.981127547540524
2022-01-26,1829.9000244140625,1829.9000244140625,1829.9000244140625,1829.9000244140625,55,53.6133997441629
2022-01-27,1793.300048828125,1793.300048828125,1793.300048828125,1793.300048828125,196036,43.468367547776886
2022-01-28,1797.5,1798.4000244140625,1778.800048828125,1784.9000244140625,28521,41.52619993095829
2022-01-31,1788.5,1798.5,1785.0999755859375,1795.0,1735,44.72416105376569
2022-02-01,1797.199951171875,1806.0999755859375,1797.0999755859375,1800.300048828125,223,46.38134977325352
2022-02-02,1797.800048828125,1810.0999755859375,1795.0999755859375,1809.199951171875,1690,49.1388337284346
2022-02-03,1805.800048828125,1808.0999755859375,1787.9000244140625,1803.0,466,47.3133881995823
2022-02-04,1806.0,1813.699951171875,1792.5,1806.5999755859375,571,48.50948744983031
2022-02-07,1812.199951171875,1821.300048828125,1809.0999755859375,1820.5999755859375,601,52.980050924235606
2022-02-08,1818.9000244140625,1827.5999755859375,1815.0,1826.5999755859375,108,54.79164805398461
2022-02-09,1825.4000244140625,1835.199951171875,1825.300048828125,1835.199951171875,683,57.32934319752894
2022-02-10,1833.300048828125,1842.0999755859375,1820.800048828125,1836.199951171875,365,57.627191744727085
2022-02-11,1822.0,1864.800048828125,1822.0,1840.800048828125,181,59.043446234329984
2022-02-14,1861.800048828125,1870.5999755859375,1854.5999755859375,1868.0,79,66.230684817226
2022-02-15,1872.5999755859375,1879.699951171875,1847.4000244140625,1854.800048828125,86,60.66679417951462
2022-02-16,1858.699951171875,1870.199951171875,1856.300048828125,1870.199951171875,34,64.4219800583042
2022-02-17,1876.300048828125,1900.699951171875,1876.199951171875,1900.699951171875,393,70.44103000312339
2022-02-18,1899.4000244140625,1899.4000244140625,1890.699951171875,1898.5999755859375,51,69.56834614790974
2022-02-22,1908.0999755859375,1912.0,1890.800048828125,1906.0999755859375,173,70.95246148536629
2022-02-23,1896.5999755859375,1910.5999755859375,1895.699951171875,1909.199951171875,73,71.52887355935601
2022-02-24,1911.9000244140625,1972.5,1911.699951171875,1925.0999755859375,2706,74.34130823423342
2022-02-25,1906.9000244140625,1920.0,1883.5999755859375,1886.5,586,59.082780220995595
2022-02-28,1928.300048828125,1928.4000244140625,1894.199951171875,1899.4000244140625,390,61.89743320458522
2022-03-01,1908.300048828125,1942.4000244140625,1903.800048828125,1942.4000244140625,547,69.44300271395757
2022-03-02,1945.5999755859375,1948.199951171875,1919.800048828125,1920.9000244140625,109,62.75159840893931
2022-03-03,1930.5,1940.300048828125,1924.800048828125,1934.4000244140625,122,65.03016810177489
2022-03-04,1937.0,1970.9000244140625,1935.5999755859375,1965.0999755859375,47,69.58644821950733
2022-03-07,1989.0,2001.0999755859375,1963.0,1993.9000244140625,2516,73.12413619982043
2022-03-08,1999.4000244140625,2072.0,1998.0,2040.0999755859375,1813,77.62114056445617
2022-03-09,2053.60009765625,2063.0,1980.800048828125,1985.9000244140625,1022,64.07561853661076
2022-03-10,1978.0999755859375,2010.5,1978.0999755859375,1998.0999755859375,670,65.53361136633453
2022-03-11,1985.0,1996.0,1959.9000244140625,1982.699951171875,865,62.107076347208455
2022-03-14,1976.5,1977.699951171875,1959.5999755859375,1959.5999755859375,145,57.26989617467582
2022-03-15,1939.800048828125,1939.9000244140625,1910.699951171875,1928.5,71,51.458968554423016
2022-03-16,1922.4000244140625,1922.4000244140625,1907.199951171875,1908.0,104,48.00154354334417
2022-03-17,1933.9000244140625,1947.199951171875,1933.9000244140625,1942.0999755859375,39,53.587660716855
2022-03-18,1934.5,1939.300048828125,1928.199951171875,1928.199951171875,28,51.17432420401547
2022-03-21,1925.4000244140625,1928.5999755859375,1925.0,1928.5999755859375,5,51.242377822237444
2022-03-22,1920.699951171875,1920.699951171875,1920.699951171875,1920.699951171875,26,49.76710627779943
2022-03-23,1936.5999755859375,1936.5999755859375,1936.5999755859375,1936.5999755859375,204,52.717609913641944
2022-03-24,1963.5999755859375,1964.0,1961.5999755859375,1961.5999755859375,8,56.99477562002122
2022-03-25,1953.800048828125,1953.800048828125,1953.800048828125,1953.800048828125,83,55.31355981926336
2022-03-28,1932.5999755859375,1939.5999755859375,1932.5999755859375,1939.5999755859375,7,52.289517974925836
2022-03-29,1893.5,1912.0,1893.5,1912.0,128051,46.92020316676617
2022-03-30,1918.4000244140625,1937.0,1914.5,1933.5,17765,51.12999890041484
2022-03-31,1933.5,1949.9000244140625,1919.0999755859375,1949.199951171875,3617,53.9990799371768
2022-04-01,1935.0,1938.0,1917.0,1919.0999755859375,1016,48.16125836651333
2022-04-04,1921.199951171875,1936.0999755859375,1915.5999755859375,1929.199951171875,371,50.11027018553175
2022-04-05,1927.0999755859375,1943.5,1918.4000244140625,1922.9000244140625,412,48.87587442301743
2022-04-06,1916.699951171875,1931.800048828125,1916.699951171875,1918.4000244140625,138,47.966942388248185
2022-04-07,1919.5,1934.800048828125,1919.5,1933.800048828125,311,51.304431727605206
2022-04-08,1928.800048828125,1947.699951171875,1928.800048828125,1941.5999755859375,153,52.950505519556074
2022-04-11,1946.5999755859375,1968.4000244140625,1941.800048828125,1944.300048828125,163,53.53603109520201
2022-04-12,1952.5,1977.0999755859375,1950.5999755859375,1972.0999755859375,246,59.17009840880293
2022-04-13,1969.5,1981.0,1969.5,1981.0,204,60.80853433555167
2022-04-14,1977.199951171875,1978.699951171875,1963.0,1970.9000244140625,101,57.96579689562557
2022-04-18,1973.4000244140625,1997.0999755859375,1972.800048828125,1982.9000244140625,196,60.33820904895026
2022-04-19,1973.800048828125,1978.300048828125,1945.699951171875,1955.699951171875,130,53.031900277683526
2022-04-20,1945.5,1953.5999755859375,1945.5,1952.300048828125,621,52.18134618569895
2022-04-21,1942.5,1944.9000244140625,1942.5,1944.9000244140625,4,50.29072702070676
2022-04-22,1949.5999755859375,1950.4000244140625,1930.199951171875,1931.0,178,46.856524200254405
2022-04-25,1925.0,1925.0,1889.300048828125,1893.199951171875,748,39.04756034743406
2022-04-26,1900.5,1909.0999755859375,1894.0,1901.4000244140625,302,41.33177212795138
2022-04-27,1897.800048828125,1900.5999755859375,1882.199951171875,1885.9000244140625,1786,38.40222611045844
2022-04-28,1883.800048828125,1893.0,1872.9000244140625,1888.699951171875,513,39.24001312663852
2022-04-29,1902.699951171875,1918.199951171875,1902.4000244140625,1909.300048828125,132,45.15081102323966
2022-05-02,1896.699951171875,1896.800048828125,1853.0,1861.800048828125,385,36.3659908200793
2022-05-03,1868.800048828125,1868.800048828125,1868.800048828125,1868.800048828125,466,38.27205812692643
2022-05-04,1867.0,1867.0,1867.0,1867.0,1,37.95720062120994
2022-05-05,1897.0,1904.300048828125,1874.0,1874.0,80,40.02358529161326
2022-05-06,1874.699951171875,1890.300048828125,1871.5,1881.199951171875,214,42.15752833400097
2022-05-09,1866.5999755859375,1867.5,1854.0,1857.0999755859375,304,37.36525082202542
2022-05-10,1839.9000244140625,1839.9000244140625,1839.9000244140625,1839.9000244140625,1540,34.36296049939905
2022-05-11,1841.5,1852.5999755859375,1841.0,1852.5999755859375,892,38.30477222465135
2022-05-12,1849.800048828125,1851.9000244140625,1822.199951171875,1823.800048828125,153,33.40542805147197
2022-05-13,1825.0,1825.0,1807.4000244140625,1807.4000244140625,335,30.97577095959622
2022-05-16,1790.5,1813.5,1787.0,1813.5,34,32.92977733654706
2022-05-17,1824.9000244140625,1828.5999755859375,1816.699951171875,1818.199951171875,121,34.469068187911375
2022-05-18,1815.0,1819.699951171875,1805.0,1815.9000244140625,311,34.05715598158322
2022-05-19,1810.9000244140625,1841.199951171875,1810.699951171875,1841.199951171875,138,42.23485179215035
2022-05-20,1839.0999755859375,1841.800048828125,1836.300048828125,1841.800048828125,110,42.41725940469141
2022-05-23,1846.300048828125,1863.0,1845.800048828125,1847.800048828125,216,44.31074699337264
2022-05-24,1852.5,1867.0,1852.5,1865.0999755859375,33,49.47011104340028
2022-05-25,1846.199951171875,1846.199951171875,1846.199951171875,1846.199951171875,0,44.607844092815974
2022-05-26,1840.4000244140625,1847.4000244140625,1840.4000244140625,1847.4000244140625,123355,44.97764262060637
2022-05-27,1848.300048828125,1860.699951171875,1845.9000244140625,1851.300048828125,30091,46.23387477425593
2022-05-31,1850.300048828125,1862.0999755859375,1832.800048828125,1842.699951171875,4073,43.85604419400156
2022-06-01,1831.0,1847.9000244140625,1825.300048828125,1843.300048828125,1623,44.072192403276006
2022-06-02,1845.4000244140625,1868.699951171875,1842.0999755859375,1866.5,551,51.79830091855443
2022-06-03,1867.5999755859375,1871.800048828125,1845.4000244140625,1845.4000244140625,53,45.625024989359666
2022-06-06,1849.0,1854.0999755859375,1839.199951171875,1839.199951171875,142,43.96686943828837
2022-06-07,1836.9000244140625,1851.5999755859375,1835.0,1847.5,1168,46.75656450746941
2022-06-08,1844.800048828125,1855.0,1844.4000244140625,1851.9000244140625,218,48.22808132642678
2022-06-09,1846.0999755859375,1850.0999755859375,1837.9000244140625,1848.800048828125,159,47.237536193418485
2022-06-10,1842.699951171875,1875.5999755859375,1823.9000244140625,1871.5,1490,54.59210165986849
2022-06-13,1873.800048828125,1873.800048828125,1818.699951171875,1828.0,127,42.39633114214011
2022-06-14,1825.0,1825.5,1805.300048828125,1809.5,536,38.46111611639332
2022-06-15,1814.0999755859375,1839.0,1810.800048828125,1815.300048828125,108,40.331078979034395
2022-06-16,1819.199951171875,1850.5999755859375,1814.9000244140625,1845.699951171875,136,49.066985347685886
2022-06-17,1853.699951171875,1853.699951171875,1833.5999755859375,1835.5999755859375,170,46.624634532437575
2022-06-21,1835.300048828125,1838.5999755859375,1830.0999755859375,1834.5999755859375,216,46.378484677759474
2022-06-22,1829.5,1842.699951171875,1821.5999755859375,1834.300048828125,115,46.29953312949714
2022-06-23,1835.5,1841.199951171875,1825.699951171875,1825.699951171875,9,43.98723608692667
2022-06-24,1820.5,1826.5,1815.800048828125,1826.5,61,44.2660948394481
2022-06-27,1830.5,1830.699951171875,1819.9000244140625,1820.9000244140625,77,42.664977639356366
2022-06-28,1824.199951171875,1826.0,1817.5,1817.5,391,41.67926006779802
2022-06-29,1818.300048828125,1830.300048828125,1812.800048828125,1813.699951171875,173,40.551593447641096
2022-06-30,1809.5999755859375,1817.300048828125,1801.0,1804.0999755859375,328,37.77131397701177
2022-07-01,1795.5,1806.0999755859375,1791.5999755859375,1798.9000244140625,77,36.318782249170056
2022-07-05,1805.4000244140625,1805.4000244140625,1761.800048828125,1761.800048828125,64,28.03508153837197
2022-07-06,1762.5,1768.0,1734.0,1734.9000244140625,1729,23.7969191759382
2022-07-07,1745.199951171875,1745.199951171875,1737.0,1737.9000244140625,1869,25.15581785891031
2022-07-08,1738.0999755859375,1749.300048828125,1732.0999755859375,1740.5999755859375,370,26.427416033893152
2022-07-11,1732.5,1736.699951171875,1730.0,1730.0,75,24.656275732387357
2022-07-12,1734.199951171875,1735.5,1723.300048828125,1723.300048828125,451,23.580545042549247
2022-07-13,1710.0,1734.199951171875,1710.0,1734.199951171875,368,29.00712837968004
2022-07-14,1710.300048828125,1710.5,1704.5,1704.5,1289,24.005121723477174
2022-07-15,1705.4000244140625,1709.699951171875,1701.0999755859375,1702.4000244140625,721,23.694006526322795
2022-07-18,1712.199951171875,1712.4000244140625,1709.199951171875,1709.199951171875,264,26.993545362599434
2022-07-19,1712.300048828125,1714.4000244140625,1706.0999755859375,1710.0,1684,27.391359160749943
2022-07-20,1707.0999755859375,1708.5,1699.5,1699.5,130,25.432659492932444
2022-07-21,1687.0,1715.5,1679.800048828125,1712.699951171875,183,32.014374509451144
2022-07-22,1713.300048828125,1735.0,1713.0,1727.0999755859375,61,38.40190902260762
2022-07-25,1727.0,1732.0,1719.0,1719.0,67,36.333985985584775
2022-07-26,1718.0,1718.0,1717.699951171875,1717.699951171875,1,35.99891898799929
2022-07-27,1719.0999755859375,1719.0999755859375,1719.0999755859375,1719.0999755859375,144865,36.676164985143295
2022-07-28,1732.300048828125,1755.0,1732.0,1750.300048828125,37236,49.50087792904293
2022-07-29,1754.0,1765.699951171875,1750.0,1762.9000244140625,3485,53.58879487247622
2022-08-01,1763.9000244140625,1772.5,1756.0999755859375,1769.0,705,55.468246317001714
2022-08-02,1772.0999755859375,1786.5999755859375,1759.4000244140625,1771.0999755859375,1078,56.126930323903736
2022-08-03,1756.699951171875,1770.5,1753.0,1758.0,399,51.053796832371276
2022-08-04,1769.4000244140625,1792.0999755859375,1767.699951171875,1788.5,285,60.09703898172204
2022-08-05,1791.199951171875,1791.4000244140625,1764.199951171875,1772.9000244140625,645,54.545970472926186
2022-08-08,1771.800048828125,1786.800048828125,1771.800048828125,1786.800048828125,127,58.246725839265096
2022-08-09,1790.0,1796.0999755859375,1789.0,1794.0,249,60.06064411279436
2022-08-10,1804.4000244140625,1804.9000244140625,1787.800048828125,1795.5999755859375,601,60.47160908069006
2022-08-11,1794.300048828125,1794.300048828125,1785.699951171875,1789.699951171875,1235,58.09757532347847
2022-08-12,1786.300048828125,1800.4000244140625,1784.300048828125,1798.5999755859375,187,60.60973010633792
2022-08-15,1799.0,1799.0,1774.699951171875,1781.4000244140625,64,53.8860878980027
2022-08-16,1777.4000244140625,1777.4000244140625,1771.4000244140625,1773.199951171875,308,50.98235074066265
2022-08-17,1769.699951171875,1769.699951171875,1760.0,1760.300048828125,23,46.717412000694814
2022-08-18,1762.9000244140625,1762.9000244140625,1753.4000244140625,1755.300048828125,321,45.14113099547326
2022-08-19,1753.699951171875,1754.300048828125,1747.5,1747.5999755859375,49,42.748971817772215
2022-08-22,1740.5,1740.5,1726.5,1734.0,347,38.834580716674694
2022-08-23,1738.0,1748.9000244140625,1731.9000244140625,1746.800048828125,509,44.02924940412398
2022-08-24,1745.0,1751.800048828125,1743.5999755859375,1747.800048828125,187,44.42634395043357
2022-08-25,1761.5999755859375,1761.800048828125,1755.0,1757.699951171875,172,48.33430863709489
2022-08-26,1754.0,1755.0,1736.0999755859375,1736.0999755859375,202,41.48049047765175
2022-08-29,1732.4000244140625,1741.199951171875,1732.0999755859375,1736.5999755859375,950,41.68662308016486
2022-08-30,1736.4000244140625,1739.0,1720.699951171875,1723.199951171875,385,37.839696304402594
2022-08-31,1718.300048828125,1720.9000244140625,1708.5,1712.800048828125,2133,35.13009794949666
2022-09-01,1707.9000244140625,1707.9000244140625,1693.9000244140625,1696.5999755859375,683,31.36268741736413
2022-09-02,1703.4000244140625,1715.699951171875,1703.0999755859375,1709.800048828125,182,37.26618428282867
2022-09-06,1709.699951171875,1717.4000244140625,1699.699951171875,1700.4000244140625,697,34.96018029595004
2022-09-07,1694.800048828125,1715.300048828125,1694.699951171875,1715.300048828125,651,41.173980318169235
2022-09-08,1718.199951171875,1718.199951171875,1705.300048828125,1708.0,1193,39.1980749073536
2022-09-09,1719.199951171875,1720.0,1712.800048828125,1716.199951171875,635,42.534059247843544
2022-09-12,1727.4000244140625,1728.0999755859375,1727.4000244140625,1728.0999755859375,68,47.0725255384233
2022-09-13,1720.5,1720.5,1697.300048828125,1705.0,432,40.402135014634105
2022-09-14,1698.699951171875,1701.800048828125,1696.5,1696.5,532,38.25404154669894
2022-09-15,1685.5,1686.0,1662.300048828125,1665.4000244140625,1125,31.628097885818917
2022-09-16,1660.4000244140625,1674.9000244140625,1651.699951171875,1671.699951171875,464,34.11753074310448
2022-09-19,1661.800048828125,1669.4000244140625,1658.5,1666.199951171875,580,32.98827015778578
2022-09-20,1659.699951171875,1659.699951171875,1659.699951171875,1659.699951171875,2830,31.654775833623063
2022-09-21,1665.5,1680.0999755859375,1664.5999755859375,1664.5999755859375,2337,33.826406272320725
2022-09-22,1668.300048828125,1670.800048828125,1668.300048828125,1670.800048828125,973,36.57264088615627
2022-09-23,1667.0,1667.0,1645.300048828125,1645.300048828125,1224,30.893881846643495
2022-09-26,1623.300048828125,1623.300048828125,1623.300048828125,1623.300048828125,1205,26.99886131448372
2022-09-27,1632.199951171875,1636.5999755859375,1626.699951171875,1626.699951171875,888,28.499157058740167
2022-09-28,1620.4000244140625,1660.4000244140625,1620.4000244140625,1660.4000244140625,18311,41.362935433012346
2022-09-29,1657.0,1662.5999755859375,1640.0,1658.5,6028,40.91598087120905
2022-09-30,1661.699951171875,1672.699951171875,1658.0,1662.4000244140625,548,42.29434271390712
2022-10-03,1667.199951171875,1700.0,1661.9000244140625,1692.9000244140625,410,51.770334193420744
2022-10-04,1701.199951171875,1728.0,1696.0,1721.0999755859375,291,58.54806449591514
2022-10-05,1724.0999755859375,1726.5999755859375,1703.0,1711.4000244140625,418,55.651058873222404
2022-10-06,1721.0,1723.300048828125,1709.0999755859375,1711.699951171875,133,55.724010573553095
2022-10-07,1710.0999755859375,1710.0999755859375,1693.699951171875,1700.5,179,52.26651743388152
2022-10-10,1693.4000244140625,1693.4000244140625,1667.0,1667.300048828125,195,43.62549175743867
2022-10-11,1661.800048828125,1678.699951171875,1661.0,1678.699951171875,167,46.87338853205517
2022-10-12,1668.0,1672.699951171875,1668.0,1670.300048828125,149,44.82416448324194
2022-10-13,1675.199951171875,1675.300048828125,1641.5,1670.0,729,44.74890730856053
2022-10-14,1665.300048828125,1667.0,1640.0,1641.699951171875,82,38.22942121799904
2022-10-17,1650.199951171875,1657.0,1646.800048828125,1657.0,238,43.05938010729212
2022-10-18,1651.4000244140625,1655.199951171875,1649.0,1649.0,597,41.24345210362379
2022-10-19,1637.5,1637.5,1627.5,1627.5,84,36.75699050250636
2022-10-20,1622.800048828125,1641.4000244140625,1622.800048828125,1630.800048828125,477,37.8740810102663
2022-10-21,1634.0999755859375,1653.9000244140625,1634.0999755859375,1651.0,224,44.353396565652844
2022-10-24,1662.699951171875,1662.699951171875,1648.699951171875,1648.699951171875,29,43.793335032894824
2022-10-25,1648.199951171875,1652.800048828125,1637.300048828125,1652.800048828125,880,45.12359446332006
2022-10-26,1649.800048828125,1667.0,1649.800048828125,1664.0,89,48.69558178076221
2022-10-27,1660.699951171875,1660.699951171875,1660.699951171875,1660.699951171875,2298,47.71015580496997
2022-10-28,1661.0,1661.0,1638.699951171875,1639.5999755859375,626,41.87519951793303
2022-10-31,1641.800048828125,1641.800048828125,1633.4000244140625,1635.9000244140625,522,40.929906930287444
2022-11-01,1630.800048828125,1653.699951171875,1630.800048828125,1645.0,985,44.26252519386355
2022-11-02,1650.800048828125,1664.699951171875,1634.0,1645.699951171875,612,44.52179534116915
2022-11-03,1629.199951171875,1629.199951171875,1615.0999755859375,1627.300048828125,1427,39.341140824774406
2022-11-04,1630.199951171875,1674.5,1629.0,1672.5,159,53.618902147253664
2022-11-07,1676.9000244140625,1677.9000244140625,1672.9000244140625,1676.5,42,54.636506787208
2022-11-08,1703.199951171875,1712.0999755859375,1703.199951171875,1712.0999755859375,23,62.518400322236815
2022-11-09,1707.4000244140625,1720.199951171875,1706.0,1710.0999755859375,497,61.8680379648558
2022-11-10,1708.199951171875,1750.300048828125,1708.199951171875,1750.300048828125,325,68.8764311947453
2022-11-11,1763.800048828125,1766.0,1757.5999755859375,1766.0,257,71.10968330390305
2022-11-14,1762.0,1773.5999755859375,1761.5999755859375,1773.5999755859375,358,72.15140158198967
2022-11-15,1770.800048828125,1773.800048828125,1769.9000244140625,1773.800048828125,57,72.17984089409286
2022-11-16,1776.5999755859375,1778.9000244140625,1773.0,1773.0,303,71.86380376181522
2022-11-17,1763.0,1763.0,1756.0,1760.800048828125,18,67.04318162732157
2022-11-18,1763.300048828125,1763.300048828125,1747.5999755859375,1751.9000244140625,414,63.68688243277623
2022-11-21,1739.0,1744.9000244140625,1736.0999755859375,1737.4000244140625,544,58.54461679189831
2022-11-22,1741.699951171875,1741.699951171875,1738.300048828125,1738.300048828125,15,58.76716223930404
2022-11-23,1736.5,1750.9000244140625,1736.5,1744.9000244140625,39,60.44411788655539
2022-11-25,1753.0,1757.9000244140625,1749.199951171875,1753.300048828125,216,62.532709552932815
2022-11-28,1741.300048828125,1741.300048828125,1740.0999755859375,1740.0999755859375,132767,57.40338211251576
2022-11-29,1739.5,1758.199951171875,1737.9000244140625,1748.4000244140625,19416,59.64489210533129
2022-11-30,1748.0999755859375,1769.4000244140625,1745.0999755859375,1746.0,3339,58.68328062082037
2022-12-01,1768.699951171875,1803.699951171875,1768.699951171875,1801.0999755859375,1053,70.45870066001636
2022-12-02,1802.0,1802.300048828125,1779.4000244140625,1795.9000244140625,1725,68.47527066197571
2022-12-05,1795.699951171875,1808.0,1764.300048828125,1767.4000244140625,1713,58.71885868313822
2022-12-06,1768.5999755859375,1779.4000244140625,1767.9000244140625,1769.300048828125,105,59.13686901637478
2022-12-07,1769.300048828125,1790.300048828125,1769.300048828125,1785.5,422,62.612992783849464
2022-12-08,1782.0,1790.9000244140625,1782.0,1788.699951171875,713,63.277515718414534
2022-12-09,1794.9000244140625,1804.300048828125,1791.0999755859375,1798.0999755859375,125,65.2324564412242
2022-12-12,1787.300048828125,1793.9000244140625,1777.699951171875,1780.5,85,58.909046991827
2022-12-13,1780.699951171875,1819.800048828125,1780.5,1813.9000244140625,205,65.70352971856528
2022-12-14,1810.800048828125,1812.800048828125,1797.9000244140625,1807.5,1074,63.53559202760876
2022-12-15,1801.0,1801.0,1774.800048828125,1777.199951171875,421,54.38618278327395
2022-12-16,1777.9000244140625,1791.4000244140625,1777.9000244140625,1790.0,206,57.19075436370492
2022-12-19,1791.5999755859375,1796.300048828125,1785.5999755859375,1787.699951171875,79,56.51829005686488
2022-12-20,1786.5,1821.4000244140625,1786.5,1815.9000244140625,51,62.36175731187088
2022-12-21,1817.4000244140625,1821.4000244140625,1814.4000244140625,1815.9000244140625,35,62.36175731187088
2022-12-22,1818.0999755859375,1818.0999755859375,1785.0,1787.0,411,53.77273951064548
2022-12-23,1794.300048828125,1802.800048828125,1794.0999755859375,1795.9000244140625,49,55.792050466375166
2022-12-27,1803.4000244140625,1826.300048828125,1803.4000244140625,1814.800048828125,69,59.807262478275874
2022-12-28,1803.199951171875,1807.9000244140625,1803.0999755859375,1807.9000244140625,434,57.745222345209044
2022-12-29,1805.800048828125,1819.5,1805.800048828125,1819.5,277,60.22785968761644
2022-12-30,1817.0,1822.300048828125,1816.800048828125,1819.699951171875,95,60.27119027521787
2023-01-03,1836.199951171875,1839.699951171875,1836.199951171875,1839.699951171875,29,64.44391965545778
2023-01-04,1845.5999755859375,1859.0999755859375,1845.5999755859375,1852.800048828125,25,66.89647138292405
2023-01-05,1855.199951171875,1855.199951171875,1834.800048828125,1834.800048828125,24,60.70089071086512
2023-01-06,1838.4000244140625,1868.199951171875,1835.300048828125,1864.199951171875,26,66.20611474312398
2023-01-09,1867.0,1880.0,1867.0,1872.699951171875,62,67.6184806736903
2023-01-10,1877.800048828125,1878.0999755859375,1871.5999755859375,1871.5999755859375,101,67.22691815444108
2023-01-11,1873.0999755859375,1877.800048828125,1873.0999755859375,1874.5999755859375,1236,67.7750075780199
2023-01-12,1877.199951171875,1897.4000244140625,1877.199951171875,1895.5,59,71.36755710733557
2023-01-13,1899.0,1920.9000244140625,1898.300048828125,1918.4000244140625,512,74.69621569297249
2023-01-17,1920.0999755859375,1920.0999755859375,1905.199951171875,1907.199951171875,706,70.3863017627038
2023-01-18,1911.0999755859375,1911.0999755859375,1903.0999755859375,1904.4000244140625,1027,69.30965259000176
2023-01-19,1922.0999755859375,1931.800048828125,1922.0999755859375,1922.0999755859375,371,72.20416773869468
2023-01-20,1922.0999755859375,1928.5,1921.4000244140625,1926.4000244140625,1346,72.87351809244083
2023-01-23,1926.5,1927.0999755859375,1915.0,1927.0999755859375,218,72.98754750118566
2023-01-24,1931.800048828125,1936.800048828125,1931.800048828125,1933.9000244140625,201,74.12550050605834
2023-01-25,1941.199951171875,1941.199951171875,1939.800048828125,1941.199951171875,7,75.32713146860861
2023-01-26,1936.5999755859375,1937.0999755859375,1927.0999755859375,1929.0999755859375,131,69.56061863396087
2023-01-27,1928.5999755859375,1928.5999755859375,1928.5999755859375,1928.5999755859375,150902,69.32445203643587
2023-01-30,1928.300048828125,1933.5999755859375,1920.300048828125,1922.9000244140625,27220,66.550541532392
2023-01-31,1923.0,1930.4000244140625,1900.5999755859375,1929.5,1910,68.14020381473118
2023-02-01,1927.199951171875,1955.0,1922.0,1927.800048828125,2290,67.2536392471401
2023-02-02,1952.300048828125,1959.0999755859375,1911.300048828125,1916.300048828125,748,61.430746247849896
2023-02-03,1912.4000244140625,1917.0,1861.5,1862.9000244140625,992,42.8697205862342
2023-02-06,1865.5999755859375,1880.0,1863.4000244140625,1866.199951171875,424,43.99583885815314
2023-02-07,1870.0,1875.699951171875,1868.0,1871.699951171875,297,45.90957101711746
2023-02-08,1872.0999755859375,1880.4000244140625,1872.0999755859375,1877.4000244140625,230,47.89671084765278
2023-02-09,1875.300048828125,1884.5999755859375,1859.800048828125,1866.199951171875,223,44.441889253139536
2023-02-10,1861.5999755859375,1863.5,1852.4000244140625,1862.800048828125,27,43.41807594073256
2023-02-13,1859.0,1861.0,1850.0,1851.9000244140625,569,40.219131762948926
2023-02-14,1854.0999755859375,1862.0,1846.199951171875,1854.0,656,41.11921186440186
2023-02-15,1842.0,1842.0,1828.199951171875,1834.199951171875,368,35.66646094938871
2023-02-16,1838.5999755859375,1843.699951171875,1827.199951171875,1842.0,222,39.09298613577153
2023-02-17,1827.4000244140625,1842.199951171875,1818.4000244140625,1840.4000244140625,35,38.63837915215334
2023-02-21,1842.5999755859375,1843.0,1833.0,1833.0,862,36.52290809406303
2023-02-22,1835.699951171875,1836.199951171875,1825.0999755859375,1832.0,278,36.23420037161556
2023-02-23,1826.4000244140625,1827.5,1818.0,1818.0,291,32.37564927290029
2023-02-24,1808.800048828125,1808.800048828125,1808.800048828125,1808.800048828125,404,30.10676746625751
2023-02-27,1811.5999755859375,1817.5,1808.9000244140625,1817.0,829,34.51196866203715
2023-02-28,1808.0999755859375,1830.0,1808.0999755859375,1828.9000244140625,618,40.38432445466814
2023-03-01,1827.0999755859375,1841.699951171875,1827.0999755859375,1837.699951171875,211,44.35780053303892
2023-03-02,1830.0,1836.300048828125,1830.0,1833.5,154,42.88853198618453
2023-03-03,1837.300048828125,1855.4000244140625,1837.300048828125,1847.699951171875,61,49.03506155202217
2023-03-06,1853.300048828125,1853.800048828125,1844.199951171875,1847.9000244140625,5,49.118153006542265
2023-03-07,1840.9000244140625,1840.9000244140625,1813.9000244140625,1813.9000244140625,450,37.830542461201944
2023-03-08,1811.5999755859375,1812.9000244140625,1811.5,1812.699951171875,75,37.50294623135932
2023-03-09,1816.4000244140625,1829.300048828125,1815.5999755859375,1829.300048828125,332,44.64380043981582
2023-03-10,1852.300048828125,1868.5,1852.0,1862.0,248,55.443723408582414
2023-03-13,1890.800048828125,1913.0999755859375,1875.0999755859375,1911.699951171875,503,66.22825777137163
2023-03-14,1912.199951171875,1912.199951171875,1901.0999755859375,1906.199951171875,107,64.37140734255475
2023-03-15,1903.9000244140625,1926.5999755859375,1898.5,1926.5999755859375,564,67.95966277681558
2023-03-16,1909.9000244140625,1931.699951171875,1909.9000244140625,1919.0,394,65.32030023438767
2023-03-17,1946.0,1985.0999755859375,1946.0,1969.800048828125,82,72.89729637013897
2023-03-20,1988.300048828125,2003.9000244140625,1968.9000244140625,1979.199951171875,389,74.02805548831905
2023-03-21,1973.800048828125,1973.800048828125,1938.0,1938.0,47,61.848189349546
2023-03-22,1946.800048828125,1974.0,1946.800048828125,1946.800048828125,50,63.23942757835021
2023-03-23,1990.5,1994.5999755859375,1990.5,1993.800048828125,33,69.61286302890915
2023-03-24,1991.699951171875,1995.4000244140625,1982.0999755859375,1982.0999755859375,19,66.52096424841577
2023-03-27,1957.199951171875,1957.199951171875,1952.4000244140625,1952.4000244140625,877,59.318549398510186
2023-03-28,1972.4000244140625,1972.4000244140625,1972.4000244140625,1972.4000244140625,21,62.28028915604604
2023-03-29,1966.0999755859375,1966.0999755859375,1966.0999755859375,1966.0999755859375,88563,60.77920823100408
2023-03-30,1965.9000244140625,1984.4000244140625,1954.9000244140625,1980.300048828125,10119,62.94695591765223
2023-03-31,1981.300048828125,1986.800048828125,1968.0,1969.0,957,60.10024707024249
2023-04-03,1968.0999755859375,1991.699951171875,1950.0,1983.9000244140625,737,62.507928891760706
2023-04-04,1984.5999755859375,2027.0999755859375,1979.0,2022.199951171875,811,67.87426221039192
2023-04-05,2022.0999755859375,2033.800048828125,2013.5999755859375,2020.9000244140625,525,67.52101171727695
2023-04-06,2022.199951171875,2023.300048828125,2005.0,2011.9000244140625,0,64.9987454110277
2023-04-10,2000.0,2006.5999755859375,1984.0,1989.0999755859375,652,58.987179927602085
2023-04-11,1991.4000244140625,2006.5,1991.4000244140625,2004.800048828125,68,61.61952907311828
2023-04-12,2005.199951171875,2025.699951171875,2005.199951171875,2010.9000244140625,172,62.62330293319696
2023-04-13,2015.5999755859375,2048.60009765625,2015.5999755859375,2041.300048828125,1043,67.22389237578875
2023-04-14,2041.0,2047.800048828125,1995.0,2002.199951171875,718,57.432222291320016
2023-04-17,2002.699951171875,2007.5999755859375,1983.199951171875,1994.199951171875,554,55.64628533772218
2023-04-18,1996.9000244140625,2007.4000244140625,1996.9000244140625,2007.4000244140625,72,57.968773975003856
2023-04-19,2005.699951171875,2006.4000244140625,1969.800048828125,1995.199951171875,61,55.09717548892856
2023-04-20,1998.0,2007.5999755859375,1998.0,2007.5999755859375,164,57.406665191794865
2023-04-21,1996.199951171875,1996.199951171875,1974.0999755859375,1979.5,132,51.00460380426344
2023-04-24,1981.300048828125,1989.800048828125,1977.4000244140625,1989.0999755859375,145,52.9356747138962
2023-04-25,1995.699951171875,1999.0999755859375,1982.300048828125,1994.0,306,53.93369445117727
2023-04-26,1997.800048828125,1998.800048828125,1985.5999755859375,1985.699951171875,615,51.92510239148912
2023-04-27,1990.5999755859375,2002.300048828125,1979.9000244140625,1989.9000244140625,355,52.881382258845406
2023-04-28,1986.9000244140625,1990.0999755859375,1977.699951171875,1990.0999755859375,152,52.9293852487223
2023-05-01,1980.0999755859375,2005.0,1976.9000244140625,1983.4000244140625,210,51.052552492736666
2023-05-02,1994.699951171875,2018.0,1994.699951171875,2014.300048828125,1896,58.38215153163703
2023-05-03,2017.0999755859375,2035.0999755859375,2015.199951171875,2028.5999755859375,1349,61.27237056157343
2023-05-04,2045.0,2072.0,2040.0,2048.0,930,64.83980166588556
2023-05-05,2046.4000244140625,2046.4000244140625,2004.300048828125,2017.4000244140625,59,56.06687467195326
2023-05-08,2022.5,2026.300048828125,2022.5,2026.300048828125,3,57.85304883461404
2023-05-09,2026.5999755859375,2037.300048828125,2025.9000244140625,2036.199951171875,241,59.810404446184045
2023-05-10,2032.300048828125,2044.300048828125,2029.5,2030.5,248,58.13632503701837
2023-05-11,2034.0999755859375,2038.300048828125,2014.0,2014.699951171875,90,53.653332703244196
2023-05-12,2014.5,2014.5,2014.5,2014.5,115,53.597006411227014
2023-05-15,2013.800048828125,2018.0,2013.800048828125,2018.0,3,54.49749566105284
2023-05-16,1988.4000244140625,1988.4000244140625,1988.4000244140625,1988.4000244140625,49,46.31217491405265
2023-05-17,1983.5999755859375,1983.5999755859375,1980.699951171875,1980.699951171875,13,44.442170611993916
2023-05-18,1956.5,1956.800048828125,1956.5,1956.5,23,39.09880133496392
2023-05-19,1960.0,1978.699951171875,1960.0,1978.699951171875,106,45.56461837718883
2023-05-22,1980.5,1980.5,1974.800048828125,1974.800048828125,8,44.667447631034655
2023-05-23,1972.4000244140625,1972.4000244140625,1972.4000244140625,1972.4000244140625,1,44.0920680485257
2023-05-24,1975.4000244140625,1975.4000244140625,1962.800048828125,1962.800048828125,189,41.77408928454326
2023-05-25,1943.0999755859375,1943.0999755859375,1943.0999755859375,1943.0999755859375,1,37.42594313721018
2023-05-26,1948.199951171875,1948.4000244140625,1944.0999755859375,1944.0999755859375,166036,37.779976471944195
2023-05-30,1942.699951171875,1962.5999755859375,1931.0,1958.0,37838,42.63815222797235
2023-05-31,1958.199951171875,1973.0,1953.0,1963.9000244140625,5959,44.61493369348923
2023-06-01,1963.199951171875,1983.0,1954.300048828125,1978.0,750,49.1269679247541
2023-06-02,1977.0999755859375,1982.5,1947.4000244140625,1952.4000244140625,356,42.376811242671614
2023-06-05,1947.5,1961.9000244140625,1937.800048828125,1958.0,713,44.18351779952694
2023-06-06,1960.800048828125,1965.5,1958.800048828125,1965.5,164,46.59844503417711
2023-06-07,1959.0,1968.4000244140625,1940.699951171875,1942.699951171875,139,40.81693627523696
2023-06-08,1943.199951171875,1969.0,1943.0999755859375,1963.5999755859375,433,47.27473141277222
2023-06-09,1965.0999755859375,1969.800048828125,1960.300048828125,1962.199951171875,49,46.90551227594105
2023-06-12,1959.699951171875,1963.5,1951.4000244140625,1955.300048828125,212,45.038566476296296
2023-06-13,1960.5999755859375,1967.5,1940.300048828125,1944.5999755859375,343,42.23137802212739
2023-06-14,1946.199951171875,1958.199951171875,1940.300048828125,1955.300048828125,202,45.86507911710904
2023-06-15,1941.699951171875,1958.800048828125,1926.0,1957.800048828125,329,46.70851668651239
2023-06-16,1961.4000244140625,1962.9000244140625,1953.5,1958.4000244140625,119,46.92224704664118
2023-06-20,1958.5999755859375,1958.5999755859375,1931.300048828125,1935.5,193,40.281707981470596
2023-06-21,1935.5999755859375,1936.800048828125,1920.0,1933.300048828125,557,39.700433097043216
2023-06-22,1920.0,1921.0,1912.0999755859375,1912.699951171875,237,34.657209797492925
2023-06-23,1918.699951171875,1932.5,1918.699951171875,1919.0999755859375,105,37.32118845655973
2023-06-26,1922.9000244140625,1928.5,1922.5,1923.699951171875,71,39.23861746087203
2023-06-27,1927.0,1929.4000244140625,1914.0,1914.0,49,36.68977884595944
2023-06-28,1912.300048828125,1912.300048828125,1912.300048828125,1912.300048828125,628,36.245420475116326
2023-06-29,1909.9000244140625,1909.9000244140625,1892.5,1909.199951171875,289,35.40333522545335
2023-06-30,1908.5999755859375,1921.0999755859375,1900.5999755859375,1921.0999755859375,445,41.06368248105836
2023-07-03,1917.9000244140625,1929.5,1917.9000244140625,1921.699951171875,41,41.34276010271366
2023-07-05,1923.5,1933.9000244140625,1914.699951171875,1919.5999755859375,193,40.61778416129336
2023-07-06,1909.300048828125,1910.199951171875,1903.199951171875,1908.699951171875,81,36.99178785527943
2023-07-07,1913.4000244140625,1934.0999755859375,1913.4000244140625,1926.199951171875,61,45.416713431154605
2023-07-10,1923.5999755859375,1926.0999755859375,1912.300048828125,1925.0,269,44.97266762317809
2023-07-11,1925.0,1937.0,1924.199951171875,1931.300048828125,142,47.855287474989275
2023-07-12,1932.300048828125,1958.0,1932.199951171875,1956.199951171875,132,57.36224681828458
2023-07-13,1961.0999755859375,1961.0999755859375,1953.0,1959.199951171875,121,58.34757287245993
2023-07-14,1958.4000244140625,1960.5999755859375,1952.699951171875,1960.0999755859375,94,58.656256201301495
2023-07-17,1954.0,1956.5,1946.5999755859375,1952.4000244140625,29,54.90721153494767
2023-07-18,1968.800048828125,1978.4000244140625,1963.4000244140625,1977.199951171875,83,63.08993994168186
2023-07-19,1977.0,1977.5,1973.0,1977.5,35,63.177003495660934
2023-07-20,1973.699951171875,1973.699951171875,1965.5999755859375,1968.300048828125,638,58.61185043680875
2023-07-21,1961.800048828125,1964.300048828125,1961.800048828125,1964.300048828125,50,56.69366749621775
2023-07-24,1965.300048828125,1965.5,1960.300048828125,1960.300048828125,2,54.76356236156926
2023-07-25,1953.0,1962.5,1953.0,1962.0999755859375,19,55.497751397425226
2023-07-26,1966.199951171875,1972.0,1966.199951171875,1968.9000244140625,51,58.25434449175669
2023-07-27,1945.4000244140625,1945.4000244140625,1945.4000244140625,1945.4000244140625,194253,47.340779737896845
2023-07-28,1945.5,1962.199951171875,1944.199951171875,1960.4000244140625,23155,53.34852818644402
2023-07-31,1959.199951171875,1971.5999755859375,1950.0,1970.5,1025,56.91301619194506
2023-08-01,1964.9000244140625,1965.4000244140625,1940.699951171875,1940.699951171875,688,45.794919581581716
2023-08-02,1948.4000244140625,1953.5999755859375,1933.199951171875,1937.4000244140625,652,44.75234613946733
2023-08-03,1934.199951171875,1936.5,1928.0,1932.0,773,43.02612015872936
2023-08-04,1934.9000244140625,1945.0,1920.0,1939.5999755859375,290,46.17302062573351
2023-08-07,1941.0,1941.0,1929.800048828125,1933.5,376,44.069041626679216
2023-08-08,1931.699951171875,1933.199951171875,1923.0,1924.0999755859375,555,40.97081431766609
2023-08-09,1925.4000244140625,1928.800048828125,1913.699951171875,1915.4000244140625,451,38.28785997760245
2023-08-10,1921.0999755859375,1927.800048828125,1911.4000244140625,1914.4000244140625,178,37.979994176987695
2023-08-11,1913.0,1916.5999755859375,1911.800048828125,1912.9000244140625,57,37.492996988239
2023-08-14,1909.300048828125,1912.5999755859375,1903.300048828125,1910.5999755859375,46,36.71558279235247
2023-08-15,1906.0,1907.699951171875,1895.0,1902.5,73,34.038829961793354
2023-08-16,1904.5,1904.5,1890.300048828125,1896.0999755859375,22,32.05055689942799
2023-08-17,1893.699951171875,1902.4000244140625,1884.0,1884.0999755859375,245,28.669128504418268
2023-08-18,1891.800048828125,1891.800048828125,1886.0999755859375,1886.0999755859375,19,29.994777324300983
2023-08-21,1893.5999755859375,1893.5999755859375,1893.300048828125,1893.300048828125,876,34.69975302950233
2023-08-22,1894.5999755859375,1896.800048828125,1892.800048828125,1896.4000244140625,46,36.67317826962276
2023-08-23,1909.5999755859375,1918.5,1909.5999755859375,1918.5,547,48.59916301175525
2023-08-24,1920.0,1920.800048828125,1918.199951171875,1918.199951171875,337,48.46571074107199
2023-08-25,1919.800048828125,1919.800048828125,1911.0999755859375,1911.0999755859375,195,45.296088659437004
2023-08-28,1915.5,1921.5,1915.5,1917.9000244140625,99,48.75294752340078
2023-08-29,1917.9000244140625,1936.5,1916.9000244140625,1936.5,1674,56.79524045562534
2023-08-30,1936.0,1946.4000244140625,1934.5999755859375,1944.300048828125,396,59.654636176697664
2023-08-31,1944.4000244140625,1944.4000244140625,1938.199951171875,1938.199951171875,491,56.50504596048578
2023-09-01,1950.0,1950.0,1936.5999755859375,1939.800048828125,167,57.14421204255088
2023-09-05,1934.4000244140625,1934.4000244140625,1924.699951171875,1926.199951171875,113,50.36906184480104
2023-09-06,1924.0999755859375,1925.300048828125,1916.300048828125,1918.0999755859375,24,46.809419986282116
2023-09-07,1917.5999755859375,1921.5,1917.5,1917.5,41,46.5470169542884
2023-09-08,1924.0,1924.699951171875,1918.4000244140625,1918.4000244140625,105,47.026747774874856
2023-09-11,1923.0,1928.300048828125,1921.800048828125,1923.300048828125,50,49.674876894260464
2023-09-12,1920.800048828125,1920.800048828125,1911.300048828125,1911.300048828125,365,43.88856797076964
2023-09-13,1910.300048828125,1914.5999755859375,1908.9000244140625,1909.0999755859375,15,42.90187581699823
2023-09-14,1903.0,1910.0,1903.0,1910.0,169,43.46185726163692
2023-09-15,1923.5,1927.300048828125,1923.5,1923.699951171875,8,51.292494361490974
2023-09-18,1928.199951171875,1931.5,1926.4000244140625,1931.5,19,55.10504876289117
2023-09-19,1934.0,1934.0,1932.0,1932.0,6,55.34633615245217
2023-09-20,1945.5999755859375,1945.5999755859375,1929.199951171875,1945.5999755859375,119,61.420016915897136
2023-09-21,1924.0,1924.0,1919.199951171875,1919.199951171875,9,47.82205110153629
2023-09-22,1925.4000244140625,1925.4000244140625,1925.4000244140625,1925.4000244140625,1,50.5887809582166
2023-09-25,1916.5999755859375,1916.5999755859375,1916.5999755859375,1916.5999755859375,114,46.79597035709567
2023-09-26,1905.0,1905.0999755859375,1900.4000244140625,1900.4000244140625,161,40.740515524379454
2023-09-27,1871.5999755859375,1871.5999755859375,1871.5999755859375,1871.5999755859375,12251,32.65135098760845
2023-09-28,1875.5,1878.199951171875,1856.699951171875,1860.4000244140625,4654,30.144690225209146
2023-09-29,1864.300048828125,1872.300048828125,1846.0,1848.0999755859375,1605,27.635481267789842
2023-10-02,1844.0999755859375,1845.9000244140625,1826.699951171875,1830.0,2309,24.414883437042903
2023-10-03,1825.0,1830.9000244140625,1816.800048828125,1824.5999755859375,310,23.533708274827802
2023-10-04,1821.800048828125,1828.199951171875,1816.4000244140625,1818.5,357,22.54389428429839
2023-10-05,1826.300048828125,1826.300048828125,1815.5999755859375,1816.5999755859375,393,22.230259998662234
2023-10-06,1819.0,1831.800048828125,1809.4000244140625,1830.199951171875,390,29.762548863719374
2023-10-09,1842.5,1861.5,1842.5,1849.5,232,38.818633181106286
2023-10-10,1857.0,1861.4000244140625,1852.800048828125,1861.0,236,43.4937485063391
2023-10-11,1869.5,1874.5999755859375,1869.0999755859375,1872.800048828125,65,47.893570587956155
2023-10-12,1874.699951171875,1881.199951171875,1867.0,1869.300048828125,46,46.73127870458336
2023-10-13,1877.5,1930.0999755859375,1877.5,1927.4000244140625,43,62.848933852647654
2023-10-16,1910.4000244140625,1921.0999755859375,1910.300048828125,1921.0999755859375,53,60.7040684904946
2023-10-17,1914.300048828125,1925.800048828125,1914.300048828125,1922.699951171875,103,61.06745519773232
2023-10-18,1935.0,1957.9000244140625,1935.0,1955.300048828125,67,67.63480193264105
2023-10-19,1950.0999755859375,1977.699951171875,1945.699951171875,1968.4000244140625,1945,69.8366766868383
2023-10-20,1981.0999755859375,1988.5999755859375,1980.4000244140625,1982.5,557,72.04143871238864
2023-10-23,1976.199951171875,1978.9000244140625,1972.9000244140625,1976.300048828125,127,69.63130221192071
2023-10-24,1970.300048828125,1975.0,1970.300048828125,1975.0,10,69.10920516229226
2023-10-25,1971.199951171875,1985.300048828125,1971.199951171875,1984.0999755859375,97,70.761786345784
2023-10-26,1988.199951171875,1988.199951171875,1980.4000244140625,1987.199951171875,521,71.32457624548788
2023-10-27,1988.5999755859375,1988.5999755859375,1988.5999755859375,1988.5999755859375,372,71.59053878775927
2023-10-30,2004.0999755859375,2004.0999755859375,1992.5,1996.199951171875,157,73.05171640730688
2023-10-31,1996.5,2001.0,1983.699951171875,1985.199951171875,84,67.62991013140032
2023-11-01,1990.5,1990.5,1977.800048828125,1978.800048828125,41,64.62468272518032
2023-11-02,1989.0999755859375,1990.300048828125,1979.5,1985.5999755859375,39,66.33633483616381
2023-11-03,1989.0,1991.5,1989.0,1991.5,12,67.79248650088323
2023-11-06,1981.5999755859375,1981.5999755859375,1977.4000244140625,1981.5999755859375,130,62.8776544106156
2023-11-07,1966.5,1966.800048828125,1960.699951171875,1966.800048828125,20,56.30579586046401
2023-11-08,1967.800048828125,1967.800048828125,1947.699951171875,1951.5,43,50.43687831605161
2023-11-09,1951.699951171875,1964.199951171875,1945.300048828125,1964.199951171875,10,54.661305556537506
2023-11-10,1959.5999755859375,1959.5999755859375,1932.5999755859375,1932.5999755859375,375,44.49830346481744
2023-11-13,1939.9000244140625,1947.199951171875,1934.0,1945.5,191,48.69216575757112
2023-11-14,1965.800048828125,1965.800048828125,1961.800048828125,1961.800048828125,2,53.47591897694827
2023-11-15,1962.800048828125,1962.800048828125,1960.0,1960.0999755859375,6,52.921698877683184
2023-11-16,1965.300048828125,1983.9000244140625,1964.5999755859375,1983.9000244140625,39,59.28361738158021
2023-11-17,1982.5,1984.0,1979.800048828125,1981.5999755859375,32,58.461411634608474
2023-11-20,1978.699951171875,1979.4000244140625,1969.699951171875,1977.699951171875,182,57.017408162961374
2023-11-21,1990.699951171875,2005.5,1988.5,1999.300048828125,16,62.536641111672814
2023-11-22,1999.0999755859375,1999.4000244140625,1991.0,1991.4000244140625,6075,59.52605780799551
2023-11-24,1991.9000244140625,2002.199951171875,1991.5,2002.199951171875,63,62.20479359124332
2023-11-27,2011.699951171875,2011.800048828125,2011.699951171875,2011.800048828125,228,64.45670637047974
2023-11-28,2040.5999755859375,2042.699951171875,2039.699951171875,2039.699951171875,174665,70.04301213659929
2023-11-29,2041.699951171875,2052.10009765625,2036.0,2047.0999755859375,15290,71.33010048079448
2023-11-30,2046.0999755859375,2047.0999755859375,2033.0999755859375,2038.0999755859375,2506,67.52995092863114
2023-12-01,2038.300048828125,2073.199951171875,2036.0,2071.0,614,73.15932041038813
2023-12-04,2075.300048828125,2130.199951171875,2021.0,2024.0999755859375,1071,57.78059476399197
2023-12-05,2035.0999755859375,2037.0,2010.199951171875,2018.5,289,56.25988179320406
2023-12-06,2019.9000244140625,2035.800048828125,2019.0,2030.5,417,58.764362830216875
2023-12-07,2029.199951171875,2034.9000244140625,2024.0,2029.9000244140625,67,58.58374859826753
2023-12-08,2031.699951171875,2033.0999755859375,1995.0,1998.300048828125,449,49.88689323196136
2023-12-11,2004.0999755859375,2004.199951171875,1977.199951171875,1978.0,651,45.24058205137191
2023-12-12,1984.199951171875,1994.199951171875,1977.800048828125,1977.800048828125,95,45.1959308935562
2023-12-13,1978.5,2024.800048828125,1975.0,1982.300048828125,2252,46.4762675377992
2023-12-14,2024.699951171875,2040.0999755859375,2024.300048828125,2030.199951171875,236,57.782351524017635
2023-12-15,2032.5999755859375,2043.4000244140625,2018.300048828125,2021.0999755859375,261,55.38861363745588
2023-12-18,2024.300048828125,2032.800048828125,2024.0,2026.300048828125,100,56.49765555509131
2023-12-19,2025.199951171875,2042.699951171875,2025.199951171875,2038.4000244140625,498,59.048764287754324
2023-12-20,2037.0999755859375,2037.0999755859375,2030.300048828125,2034.5,258,57.870770270942884
2023-12-21,2035.800048828125,2044.5,2033.0,2039.0999755859375,228,58.911938266733586
2023-12-22,2055.699951171875,2068.699951171875,2052.199951171875,2057.10009765625,202,62.78746837313035
2023-12-26,2060.0,2060.800048828125,2054.199951171875,2058.199951171875,64,63.017010055418126
2023-12-27,2067.300048828125,2081.89990234375,2064.800048828125,2081.89990234375,586,67.64797133180355
2023-12-28,2081.60009765625,2087.300048828125,2066.5,2073.89990234375,338,64.70274253225405
2023-12-29,2068.0,2068.89990234375,2062.10009765625,2062.39990234375,47,60.61717414403376
2024-01-02,2063.5,2073.699951171875,2057.10009765625,2064.39990234375,61,61.07748113588188
2024-01-03,2034.199951171875,2044.0,2034.199951171875,2034.199951171875,54,51.322820959626505
2024-01-04,2041.5999755859375,2044.5,2038.0,2042.300048828125,88,53.469359801601165
2024-01-05,2044.5,2048.10009765625,2042.4000244140625,2042.4000244140625,12,53.496617317944626
2024-01-08,2019.0999755859375,2033.699951171875,2019.0999755859375,2026.5999755859375,10,48.64654302637328
2024-01-09,2035.800048828125,2035.800048828125,2026.4000244140625,2026.4000244140625,27,48.586510311404716
2024-01-10,2029.0,2035.5999755859375,2021.699951171875,2021.699951171875,538,47.114680461324326
2024-01-11,2025.0999755859375,2025.0999755859375,2014.300048828125,2014.300048828125,97,44.81296505139054
2024-01-12,2031.0999755859375,2057.0,2031.0999755859375,2046.699951171875,390,55.14544021873461
2024-01-16,2051.699951171875,2054.800048828125,2026.0,2026.0,46,48.85236137113746
2024-01-17,2026.5,2026.5,2002.5999755859375,2002.5999755859375,764,42.893338071126735
2024-01-18,2012.800048828125,2018.5999755859375,2009.5,2018.5999755859375,1474,47.599961815977615
2024-01-19,2023.199951171875,2036.0,2019.5,2026.5,50,49.799948263121976
2024-01-22,2021.300048828125,2021.300048828125,2019.800048828125,2019.800048828125,12,47.960857232045186
2024-01-23,2030.300048828125,2030.300048828125,2022.5,2023.699951171875,15,49.1382792735478
2024-01-24,2023.199951171875,2033.199951171875,2013.9000244140625,2013.9000244140625,253,46.303190109361736
2024-01-25,2012.0999755859375,2022.4000244140625,2012.0999755859375,2016.9000244140625,548,47.30548450440752
2024-01-26,2021.699951171875,2022.4000244140625,2016.800048828125,2016.800048828125,49,47.273816196007715
2024-01-29,2025.199951171875,2025.199951171875,2025.199951171875,2025.199951171875,150708,50.285186396548106
2024-01-30,2032.5,2048.5,2028.0999755859375,2031.5,26907,52.477445819461224
2024-01-31,2035.4000244140625,2055.0,2030.0,2048.39990234375,2007,57.84723417550793
2024-02-01,2040.199951171875,2064.5,2029.0,2053.0,947,59.198681526878005
2024-02-02,2054.800048828125,2055.89990234375,2027.699951171875,2036.0999755859375,888,52.534829475804635
2024-02-05,2038.9000244140625,2040.800048828125,2013.800048828125,2025.699951171875,412,48.887751212718456
2024-02-06,2025.9000244140625,2037.300048828125,2025.9000244140625,2034.5,249,51.928765349990094
2024-02-07,2032.800048828125,2039.5,2032.699951171875,2035.199951171875,71,52.172511839388235
2024-02-08,2028.0,2036.699951171875,2020.300048828125,2032.199951171875,341,50.979386979417264
2024-02-09,2032.0,2032.0,2020.0,2023.300048828125,62,47.508323743712964
2024-02-12,2025.5,2025.5,2011.5999755859375,2018.199951171875,317,45.59256897708409
2024-02-13,2025.0999755859375,2025.800048828125,1990.0,1992.9000244140625,198,37.51163349646322
2024-02-14,1990.300048828125,1993.5,1984.800048828125,1990.300048828125,1916,36.789974953700415
2024-02-15,1993.5999755859375,2007.199951171875,1993.5999755859375,2002.0999755859375,286,42.22270026115402
2024-02-16,2005.0,2011.5,1996.5,2011.5,32,46.190290259544874
2024-02-20,2015.5999755859375,2029.0,2015.5999755859375,2027.5,1326,52.2063904666795
2024-02-21,2028.199951171875,2028.199951171875,2022.300048828125,2022.300048828125,15,50.24044330511568
2024-02-22,2033.199951171875,2033.199951171875,2019.699951171875,2019.699951171875,964,49.24191994549416
2024-02-23,2026.0,2038.5999755859375,2014.9000244140625,2038.5999755859375,22,56.07578180201863
2024-02-26,2034.0999755859375,2035.4000244140625,2024.800048828125,2028.5,143,52.04333393551186
2024-02-27,2035.9000244140625,2035.9000244140625,2034.0,2034.0,964,53.98390792657266
2024-02-28,2029.5,2037.0,2024.800048828125,2033.0,581,53.559542421326455
2024-02-29,2034.300048828125,2049.800048828125,2034.300048828125,2045.699951171875,706,58.06781327509826
2024-03-01,2043.0999755859375,2086.89990234375,2041.800048828125,2086.89990234375,1210,68.68747957262985
2024-03-04,2083.60009765625,2119.800048828125,2080.699951171875,2117.699951171875,805,73.99061613030752
2024-03-05,2114.89990234375,2133.5,2111.39990234375,2133.5,1287,76.21593651793994
2024-03-06,2125.5,2150.300048828125,2125.5,2150.300048828125,443,78.3381756158678
2024-03-07,2147.0,2163.0,2147.0,2158.0,152,79.25196747888059
2024-03-08,2167.300048828125,2194.89990234375,2166.300048828125,2178.60009765625,259,81.50040335667367
2024-03-11,2181.0,2184.0,2177.199951171875,2182.5,738,81.90029670338359
2024-03-12,2182.5,2182.699951171875,2160.39990234375,2160.39990234375,550,72.35526837007116
2024-03-13,2162.5,2175.39990234375,2162.5,2175.39990234375,20,74.5253760238629
2024-03-14,2163.0,2163.0,2162.300048828125,2163.0,515,69.65740608466442
2024-03-15,2161.699951171875,2161.699951171875,2157.300048828125,2157.300048828125,100,67.47554222477274
2024-03-18,2146.199951171875,2160.699951171875,2146.199951171875,2160.699951171875,21,68.11704553319565
2024-03-19,2156.10009765625,2156.300048828125,2156.10009765625,2156.300048828125,12,66.29470736561882
2024-03-20,2157.300048828125,2185.89990234375,2150.89990234375,2157.89990234375,17,66.64414295757769
2024-03-21,2207.0,2211.60009765625,2182.39990234375,2182.39990234375,63,71.51452519316784
2024-03-22,2179.199951171875,2179.60009765625,2157.5,2158.10009765625,19,61.8659341387905
2024-03-25,2166.199951171875,2179.39990234375,2166.199951171875,2174.800048828125,79,65.3280747300233
2024-03-26,2182.699951171875,2182.699951171875,2175.60009765625,2175.60009765625,202373,65.48972112807533
2024-03-27,2179.39990234375,2196.199951171875,2172.10009765625,2190.60009765625,31200,68.458824996853
2024-03-28,2193.60009765625,2234.10009765625,2187.10009765625,2217.39990234375,2040,72.9385649011945
2024-04-01,2235.699951171875,2264.199951171875,2230.0,2236.5,400,75.59855002102849
2024-04-02,2252.0,2279.199951171875,2247.60009765625,2261.0,435,78.51573556236076
2024-04-03,2281.699951171875,2298.800048828125,2267.89990234375,2294.39990234375,285,81.72351744967753
2024-04-04,2301.699951171875,2302.89990234375,2280.0,2288.800048828125,251,79.57818537324844
2024-04-05,2289.199951171875,2328.39990234375,2267.39990234375,2325.699951171875,344,82.78508639827831
2024-04-08,2325.60009765625,2341.800048828125,2319.0,2331.699951171875,202,83.24579442999071
2024-04-09,2337.800048828125,2364.699951171875,2337.800048828125,2343.5,211,84.14450133584529
2024-04-10,2346.60009765625,2358.10009765625,2327.699951171875,2329.60009765625,377,78.78354366090099
2024-04-11,2341.5,2376.300048828125,2330.60009765625,2354.800048828125,283,81.13071462354065
2024-04-12,2377.300048828125,2429.0,2334.300048828125,2356.199951171875,584,81.25477845183005
2024-04-15,2362.10009765625,2384.699951171875,2326.0,2365.800048828125,1801,82.12284062362896
2024-04-16,2384.0,2390.800048828125,2371.39990234375,2390.800048828125,41,84.17768661147305
2024-04-17,2384.199951171875,2391.39990234375,2369.300048828125,2371.699951171875,37,76.90468284113778
2024-04-18,2368.39990234375,2384.39990234375,2368.39990234375,2382.300048828125,128,78.0387352762903
2024-04-19,2379.300048828125,2399.800048828125,2377.300048828125,2398.39990234375,160,79.67145709773197
2024-04-22,2383.300048828125,2383.300048828125,2326.89990234375,2332.199951171875,53,59.93887681170828
2024-04-23,2327.699951171875,2330.800048828125,2294.199951171875,2327.699951171875,171,58.871480726097495
2024-04-24,2321.300048828125,2328.699951171875,2314.60009765625,2324.5,95,58.07942662566943
2024-04-25,2315.0,2329.800048828125,2305.0,2329.800048828125,1024,59.0618513608732
2024-04-26,2347.89990234375,2347.89990234375,2332.800048828125,2334.800048828125,717,60.01389315367933
2024-04-29,2334.800048828125,2345.5,2327.89990234375,2345.39990234375,405,62.029865159093994
2024-04-30,2322.5,2322.5,2291.39990234375,2291.39990234375,113,48.589855955654585
2024-05-01,2287.699951171875,2327.300048828125,2283.800048828125,2299.89990234375,42,50.411200757388876
2024-05-02,2321.699951171875,2324.699951171875,2292.300048828125,2299.199951171875,56,50.253315502538626
2024-05-03,2300.0,2301.0,2277.60009765625,2299.0,194,50.20494262781006
2024-05-06,2322.800048828125,2325.5,2314.199951171875,2321.60009765625,9,55.427413855802506
2024-05-07,2324.300048828125,2324.300048828125,2315.199951171875,2315.199951171875,25,53.70948532888262
2024-05-08,2313.60009765625,2313.60009765625,2313.60009765625,2313.60009765625,4,53.26506093052888
2024-05-09,2310.699951171875,2339.5,2310.699951171875,2332.10009765625,5,57.63094201423709
2024-05-10,2367.300048828125,2367.300048828125,2367.300048828125,2367.300048828125,126,64.43815740950035
2024-05-13,2358.300048828125,2358.300048828125,2336.10009765625,2336.10009765625,14,55.86985535099396
2024-05-14,2336.0,2358.0,2336.0,2353.39990234375,6,59.11606326032541
2024-05-15,2361.60009765625,2388.699951171875,2356.0,2388.699951171875,29,64.80510865129995
2024-05-16,2389.5,2392.199951171875,2380.0,2380.0,7,62.49691898999975
2024-05-17,2380.699951171875,2415.800048828125,2380.699951171875,2412.199951171875,213,67.15920574768073
2024-05-20,2415.800048828125,2435.800048828125,2409.699951171875,2433.89990234375,40,69.87701094309824
2024-05-21,2429.5,2429.5,2421.0,2421.699951171875,6,66.54282419572397
2024-05-22,2417.5,2417.60009765625,2375.800048828125,2389.199951171875,180,58.530674053932216
2024-05-23,2371.199951171875,2371.199951171875,2335.0,2335.0,365,48.12404268564034
2024-05-24,2342.60009765625,2345.39990234375,2332.5,2332.5,25,47.70273851941965
2024-05-28,2336.89990234375,2359.699951171875,2336.89990234375,2355.199951171875,26,51.82665666530323
2024-05-29,2340.300048828125,2340.300048828125,2340.300048828125,2340.300048828125,119317,49.09031639317991
2024-05-30,2336.89990234375,2349.5,2320.800048828125,2342.89990234375,32587,49.59044296626364
2024-05-31,2344.10009765625,2354.0,2319.0,2322.89990234375,941,45.858260172984124
2024-06-03,2322.60009765625,2347.5,2312.0,2346.60009765625,781,50.602598335902165
2024-06-04,2347.5,2347.699951171875,2313.89990234375,2325.5,890,46.68068599554621
2024-06-05,2326.39990234375,2354.300048828125,2326.199951171875,2354.10009765625,295,52.09982060569205
2024-06-06,2355.0,2375.800048828125,2355.0,2370.300048828125,179,54.89615936636703
2024-06-07,2379.89990234375,2385.10009765625,2285.39990234375,2305.199951171875,269,43.82430635692712
2024-06-10,2290.60009765625,2309.300048828125,2290.5,2307.699951171875,69,44.28899535698337
2024-06-11,2300.0,2314.10009765625,2300.0,2307.5,871,44.25746208164835
2024-06-12,2314.89990234375,2338.699951171875,2310.300048828125,2336.0,132,49.74933702735974
2024-06-13,2309.39990234375,2317.699951171875,2296.199951171875,2300.199951171875,298,43.89863048433601
2024-06-14,2307.0,2331.39990234375,2305.800048828125,2331.39990234375,948,49.47535587947072
2024-06-17,2320.199951171875,2320.199951171875,2309.60009765625,2312.39990234375,110,46.44738669776707
2024-06-18,2311.800048828125,2330.39990234375,2311.800048828125,2330.39990234375,43,49.59471594741599
2024-06-20,2328.89990234375,2354.0,2328.300048828125,2353.800048828125,183,53.426745507677715
2024-06-21,2331.199951171875,2331.199951171875,2316.39990234375,2316.39990234375,76,47.24453519585379
2024-06-24,2323.300048828125,2332.89990234375,2322.699951171875,2330.0,99,49.531496868430494
2024-06-25,2324.39990234375,2333.0,2316.60009765625,2316.60009765625,105,47.35335349667777
2024-06-26,2307.89990234375,2314.39990234375,2298.0,2299.199951171875,986,44.61005108571205
2024-06-27,2296.800048828125,2329.0,2295.0,2324.5,1532,49.2168156025517
2024-06-28,2325.39990234375,2338.300048828125,2319.0,2327.699951171875,92,49.785667767950756
2024-07-01,2323.800048828125,2329.699951171875,2321.699951171875,2327.60009765625,237,49.7669340031534
2024-07-02,2330.699951171875,2334.60009765625,2323.0,2323.0,30,48.85488721853005
2024-07-03,2330.89990234375,2361.60009765625,2330.89990234375,2359.800048828125,59,55.828868562305736
2024-07-05,2354.89990234375,2388.5,2354.89990234375,2388.5,72,60.36769352351947
2024-07-08,2381.699951171875,2383.800048828125,2352.800048828125,2355.199951171875,64,53.49865194097648
2024-07-09,2363.10009765625,2363.699951171875,2360.10009765625,2360.10009765625,9,54.32230556450502
2024-07-10,2366.300048828125,2377.0,2365.800048828125,2372.199951171875,19,56.37701395111131
2024-07-11,2378.699951171875,2416.699951171875,2378.699951171875,2415.0,72,62.75850244268069
2024-07-12,2399.800048828125,2414.0,2391.300048828125,2414.0,355,62.52834556522196
2024-07-15,2430.0,2436.0,2422.89990234375,2422.89990234375,540,63.80073785283255
2024-07-16,2427.39990234375,2462.39990234375,2427.39990234375,2462.39990234375,93,68.85545329448861
2024-07-17,2472.89990234375,2473.10009765625,2454.800048828125,2454.800048828125,10,66.91929370635366
2024-07-18,2466.0,2466.0,2451.800048828125,2451.800048828125,2,66.12880764181226
2024-07-19,2418.800048828125,2419.199951171875,2395.5,2395.5,15,53.38416828135814
2024-07-22,2402.10009765625,2402.10009765625,2392.0,2392.0,18,52.70414220887662
2024-07-23,2395.800048828125,2404.60009765625,2388.699951171875,2404.60009765625,41,54.9299696086473
2024-07-24,2421.0,2421.0,2411.60009765625,2413.300048828125,6,56.45383253560965
2024-07-25,2365.5,2365.5,2351.89990234375,2351.89990234375,31,44.912360379445104
2024-07-26,2368.699951171875,2386.89990234375,2368.699951171875,2380.0,95,49.95493296278326
2024-07-29,2377.300048828125,2377.300048828125,2377.300048828125,2377.300048828125,126409,49.486211366554905
2024-07-30,2380.89990234375,2409.300048828125,2373.800048828125,2405.0,25944,54.2309892430387
2024-07-31,2407.10009765625,2447.60009765625,2402.800048828125,2426.5,1313,57.56291721934615
2024-08-01,2446.699951171875,2455.10009765625,2430.39990234375,2435.0,690,58.838704487478445
2024-08-02,2444.0,2477.0,2416.0,2425.699951171875,550,56.82577261064352
2024-08-05,2442.0,2449.800048828125,2367.39990234375,2401.699951171875,334,51.89202125006482
2024-08-06,2414.5,2421.800048828125,2380.0,2389.10009765625,163,49.46395950954109
2024-08-07,2392.199951171875,2401.0,2384.5,2390.5,130,49.74531321354336
2024-08-08,2384.300048828125,2422.800048828125,2384.300048828125,2422.199951171875,201,55.75267736011258
2024-08-09,2422.300048828125,2432.10009765625,2418.5,2432.10009765625,611,57.462863374255335
2024-08-12,2432.699951171875,2469.800048828125,2432.0,2462.39990234375,566,62.26940687912249
2024-08-13,2461.0,2470.0,2456.5,2466.699951171875,510,62.90993827676435
2024-08-14,2468.0,2472.10009765625,2439.39990234375,2439.39990234375,274,56.36735624553253
2024-08-15,2451.800048828125,2467.699951171875,2431.199951171875,2453.10009765625,285,58.68924327768261
2024-08-16,2453.5,2508.0,2451.39990234375,2498.60009765625,197,65.2945956151035
2024-08-19,2508.5,2508.5,2487.199951171875,2501.800048828125,88,65.70985437782286
2024-08-20,2503.5,2527.300048828125,2500.699951171875,2511.300048828125,187,66.97328671939115
2024-08-21,2511.0,2515.39990234375,2503.89990234375,2508.39990234375,96,66.17172653023886
2024-08-22,2504.10009765625,2504.10009765625,2471.10009765625,2478.89990234375,210,58.5018106723533
2024-08-23,2486.5,2508.39990234375,2486.5,2508.39990234375,94,63.10699339188394
2024-08-26,2509.89990234375,2523.10009765625,2509.10009765625,2517.699951171875,290,64.44650925831613
2024-08-27,2515.199951171875,2523.10009765625,2506.89990234375,2516.0,100,63.989161940293144
2024-08-28,2501.0,2501.0,2501.0,2501.0,2353,59.94665139396828
2024-08-29,2504.10009765625,2525.699951171875,2503.89990234375,2525.699951171875,3966,63.981772679376505
2024-08-30,2519.5,2525.39990234375,2493.800048828125,2493.800048828125,208,56.118525049328404
2024-09-03,2501.60009765625,2501.800048828125,2476.300048828125,2489.89990234375,206,55.224896887709214
2024-09-04,2490.89990234375,2493.39990234375,2483.5,2493.39990234375,470,55.90351643609191
2024-09-05,2493.699951171875,2513.300048828125,2493.39990234375,2511.39990234375,54,59.31840754659734
2024-09-06,2510.300048828125,2517.89990234375,2483.699951171875,2493.5,96,54.775614040859764
2024-09-09,2491.300048828125,2504.699951171875,2491.300048828125,2501.800048828125,96,56.44141070436992
2024-09-10,2512.300048828125,2512.300048828125,2512.300048828125,2512.300048828125,5,58.52279433329816
2024-09-11,2525.800048828125,2525.800048828125,2502.300048828125,2512.10009765625,90,58.46550188935574
2024-09-12,2529.10009765625,2557.0,2523.39990234375,2551.199951171875,132,65.56473698471413
2024-09-13,2568.800048828125,2581.800048828125,2565.0,2581.300048828125,31,69.83869436020518
2024-09-16,2580.39990234375,2580.39990234375,2580.39990234375,2580.39990234375,28,69.56064598791372
2024-09-17,2581.199951171875,2581.800048828125,2564.300048828125,2564.300048828125,22,64.60623429650822
2024-09-18,2570.699951171875,2570.699951171875,2549.199951171875,2570.699951171875,25,65.65347706262062
2024-09-19,2566.0,2588.0,2566.0,2588.0,99,68.37729617633978
2024-09-20,2590.39990234375,2621.800048828125,2590.39990234375,2619.89990234375,17,72.67966992713589
2024-09-23,2626.5,2626.5,2626.5,2626.5,9,73.48351217203206
2024-09-24,2636.800048828125,2662.300048828125,2625.5,2651.199951171875,35,76.29453156928608
2024-09-25,2656.300048828125,2664.199951171875,2649.300048828125,2659.199951171875,175,77.13982213717378
2024-09-26,2662.300048828125,2669.89990234375,2660.800048828125,2669.89990234375,17216,78.25658687155213
2024-09-27,2670.0,2672.10009765625,2641.699951171875,2644.300048828125,4228,69.5076539970046
2024-09-30,2660.89990234375,2662.10009765625,2623.199951171875,2636.10009765625,973,66.92663248170501
2024-10-01,2631.39990234375,2670.89990234375,2631.39990234375,2667.300048828125,153,71.29434274043169
2024-10-02,2650.60009765625,2657.199951171875,2640.0,2647.10009765625,72,65.2831887712808
2024-10-03,2642.800048828125,2657.10009765625,2640.0,2657.10009765625,354,66.7766059523542
2024-10-04,2656.0,2667.0,2639.0,2645.800048828125,114,63.45482515168187
2024-10-07,2648.699951171875,2657.39990234375,2639.0,2644.800048828125,284,63.155418386575846
2024-10-08,2639.0,2639.0,2609.300048828125,2615.0,687,54.84977190214761
2024-10-09,2603.0,2607.699951171875,2603.0,2606.0,152,52.599899159172956
2024-10-10,2602.5,2628.300048828125,2602.5,2620.60009765625,320,55.76948868467672
2024-10-11,2638.300048828125,2658.10009765625,2638.199951171875,2657.60009765625,12,62.59564958778282
2024-10-14,2655.0,2655.300048828125,2647.800048828125,2647.800048828125,40,59.95627865617233
2024-10-15,2661.39990234375,2661.39990234375,2661.39990234375,2661.39990234375,39,62.33006601211334
2024-10-16,2674.0,2674.0,2674.0,2674.0,6,64.43370116157676
2024-10-17,2677.39990234375,2691.699951171875,2677.199951171875,2691.0,30,67.1029678835498
2024-10-18,2713.699951171875,2719.60009765625,2713.699951171875,2713.699951171875,29,70.30747416279276
2024-10-21,2721.89990234375,2738.39990234375,2719.5,2723.10009765625,52,71.5436438164292
2024-10-22,2731.699951171875,2746.0,2728.60009765625,2744.199951171875,93,74.14557235844714
2024-10-23,2742.5,2742.5,2714.199951171875,2714.39990234375,18,65.09298941189988
2024-10-24,2729.0,2736.10009765625,2729.0,2734.89990234375,27,67.98843719060159
2024-10-25,2725.5,2742.39990234375,2725.5,2740.89990234375,29,68.80404877242628
2024-10-28,2736.10009765625,2742.89990234375,2729.5,2742.89990234375,56,69.08678671033971
2024-10-29,2768.39990234375,2768.39990234375,2768.39990234375,2768.39990234375,848,72.50804838634855
2024-10-30,2774.60009765625,2789.0,2774.60009765625,2788.5,231,74.86903725209646
2024-10-31,2787.39990234375,2787.5,2733.5,2738.300048828125,849,60.82057732422873
2024-11-01,2745.5,2756.0,2734.199951171875,2738.60009765625,109,60.86784166383438
2024-11-04,2736.5,2737.10009765625,2736.10009765625,2736.10009765625,16,60.21603250809689
2024-11-05,2743.0,2743.89990234375,2740.300048828125,2740.300048828125,23,60.972161635377965
2024-11-06,2734.5,2734.5,2659.39990234375,2667.60009765625,427,45.02139976522491
2024-11-07,2662.5,2699.10009765625,2662.5,2698.39990234375,676,50.88377178126239
2024-11-08,2688.5,2694.60009765625,2682.89990234375,2687.5,1038,48.8966779372529
2024-11-11,2671.699951171875,2671.699951171875,2611.199951171875,2611.199951171875,20,37.775788712420265
2024-11-12,2605.5,2605.5,2592.800048828125,2600.0,118,36.46476782705902
2024-11-13,2611.10009765625,2611.800048828125,2580.800048828125,2580.800048828125,53,34.26909615825366
2024-11-14,2555.10009765625,2576.199951171875,2554.199951171875,2568.199951171875,27,32.87029489455675
2024-11-15,2565.699951171875,2565.699951171875,2565.699951171875,2565.699951171875,20,32.58608685588628
2024-11-18,2591.699951171875,2610.699951171875,2589.39990234375,2610.60009765625,136,42.244743102394196
2024-11-19,2621.89990234375,2627.699951171875,2619.300048828125,2627.10009765625,87,45.34378599662598
2024-11-20,2638.5,2648.199951171875,2638.5,2648.199951171875,27,49.10470421327827
2024-11-21,2659.300048828125,2672.10009765625,2655.699951171875,2672.10009765625,33,53.04594739528791
2024-11-22,2687.5,2710.5,2685.60009765625,2709.89990234375,41,58.517317562421916
2024-11-25,2689.39990234375,2689.39990234375,2616.800048828125,2616.800048828125,94,44.70119263723681
2024-11-26,2625.60009765625,2625.60009765625,2620.300048828125,2620.300048828125,177858,45.22478065240422
2024-11-27,2633.5,2657.89990234375,2627.199951171875,2639.89990234375,61653,48.183549623652475
2024-11-29,2636.39990234375,2664.300048828125,2620.699951171875,2657.0,3861,50.686340761169205
2024-12-02,2649.0,2649.800048828125,2621.699951171875,2634.89990234375,695,47.493540286656184
2024-12-03,2639.0,2654.699951171875,2636.0,2644.699951171875,1062,49.026888238110004
2024-12-04,2639.199951171875,2658.300048828125,2637.0,2653.800048828125,249,50.47322856505539
2024-12-05,2652.39990234375,2655.0,2625.699951171875,2626.60009765625,573,46.24907984510562
2024-12-06,2620.199951171875,2643.10009765625,2617.5,2638.60009765625,571,48.304627676287645
2024-12-09,2632.10009765625,2677.10009765625,2630.800048828125,2664.89990234375,935,52.58438399123216
2024-12-10,2662.300048828125,2698.199951171875,2661.0,2697.60009765625,437,57.316053936176914
2024-12-11,2701.800048828125,2733.800048828125,2693.10009765625,2733.800048828125,3387,61.854233851196035
2024-12-12,2725.10009765625,2725.10009765625,2677.39990234375,2687.5,2365,53.95306384081119
2024-12-13,2688.199951171875,2689.300048828125,2647.89990234375,2656.0,1125,49.33567122453662
2024-12-16,2658.300048828125,2663.300048828125,2651.0,2651.39990234375,877,48.68046711905785
2024-12-17,2651.800048828125,2652.300048828125,2632.5,2644.39990234375,705,47.64357030572416
2024-12-18,2644.300048828125,2647.10009765625,2590.199951171875,2636.5,566,46.44132316274483
2024-12-19,2582.10009765625,2610.300048828125,2582.10009765625,2592.199951171875,238,40.30000349372491
2024-12-20,2605.300048828125,2631.60009765625,2604.89990234375,2628.699951171875,592,46.56933250306994
2024-12-23,2620.0,2627.699951171875,2611.10009765625,2612.300048828125,451,44.31740621192755
2024-12-24,2613.0,2620.0,2609.5,2620.0,35,45.64637285909136
2024-12-26,2628.5,2638.800048828125,2627.89990234375,2638.800048828125,84,48.85593339152309
2024-12-27,2617.699951171875,2617.699951171875,2616.39990234375,2617.199951171875,642,45.52941070206011
2024-12-30,2620.699951171875,2626.89990234375,2597.0,2606.10009765625,794,43.87612592997966
2024-12-31,2608.39990234375,2629.199951171875,2604.89990234375,2629.199951171875,401,48.09989831973533
2025-01-02,2633.0,2663.10009765625,2633.0,2658.89990234375,1728,52.997720145815975
2025-01-03,2658.699951171875,2658.699951171875,2641.800048828125,2645.0,591,50.59140655172135
2025-01-06,2645.5,2647.0,2617.300048828125,2638.39990234375,960,49.443445741312054
2025-01-07,2653.39990234375,2657.5,2653.0,2656.699951171875,643,52.65150967676932
2025-01-08,2655.5,2676.89990234375,2653.5,2664.5,999,53.99159509482763
2025-01-09,2669.699951171875,2686.300048828125,2667.89990234375,2683.800048828125,1139,57.218098987661755
2025-01-10,2686.10009765625,2720.10009765625,2683.699951171875,2708.5,403,60.988678071203154
2025-01-13,2711.10009765625,2711.199951171875,2673.5,2673.5,765,53.75845953961436
2025-01-14,2673.60009765625,2688.300048828125,2670.800048828125,2677.5,794,54.42345734422491
2025-01-15,2690.800048828125,2712.5,2690.800048828125,2712.5,930,59.862593840792705
2025-01-16,2731.699951171875,2749.800048828125,2731.699951171875,2746.39990234375,1721,64.30584417010245
2025-01-17,2736.0,2751.60009765625,2725.5,2744.300048828125,1214,63.8344525555513
2025-01-21,2746.0,2755.0,2724.800048828125,2755.0,1439,65.23299660097919
2025-01-22,2754.5,2768.800048828125,2753.5,2767.60009765625,2079,66.85829372771923
2025-01-23,2760.0,2765.0,2745.39990234375,2763.10009765625,2201,65.67741621448903
2025-01-24,2759.800048828125,2792.0,2759.800048828125,2777.300048828125,1593,67.62086806684687
2025-01-27,2761.10009765625,2762.199951171875,2737.5,2737.5,984,57.75054561394673
2025-01-28,2738.0,2766.800048828125,2738.0,2766.800048828125,2307,62.132670048875816
2025-01-29,2769.10009765625,2769.10009765625,2769.10009765625,2769.10009765625,125692,62.4618173054256
2025-01-30,2772.5,2829.5,2770.0,2823.0,40141,69.2148956949596
2025-01-31,2829.0,2838.0,2804.0,2812.5,3443,66.69765292050481
2025-02-03,2818.199951171875,2848.39990234375,2780.89990234375,2833.89990234375,2649,69.15946350341079
2025-02-04,2827.60009765625,2853.300048828125,2816.10009765625,2853.300048828125,2187,71.23540877171254
2025-02-05,2850.0,2880.5,2848.0,2871.60009765625,4519,73.07642899675295
2025-02-06,2865.199951171875,2871.699951171875,2836.300048828125,2856.0,3116,69.02095987055928
2025-02-07,2859.89990234375,2889.5,2857.800048828125,2867.300048828125,1822,70.30643537637867
2025-02-10,2864.199951171875,2916.10009765625,2863.800048828125,2914.300048828125,2237,74.96042149692406
2025-02-11,2925.5,2945.39990234375,2890.0,2912.5,2554,74.47895350058515
2025-02-12,2902.0,2912.300048828125,2868.60009765625,2909.0,2504,73.49054759913693
2025-02-13,2911.300048828125,2937.699951171875,2910.60009765625,2925.89990234375,4670,75.20183201613392
2025-02-14,2937.300048828125,2944.39990234375,2874.800048828125,2883.60009765625,1992,64.05583360675945
2025-02-18,2879.199951171875,2936.39990234375,2873.800048828125,2931.60009765625,4010,69.56785268695755
2025-02-19,2938.699951171875,2946.0,2917.10009765625,2919.39990234375,2630,66.76536475239519
2025-02-20,2949.10009765625,2955.800048828125,2924.199951171875,2940.0,656,69.03372145123976
2025-02-21,2938.800048828125,2940.0,2917.300048828125,2937.60009765625,570,68.44759998078273
2025-02-24,2933.10009765625,2957.89990234375,2933.10009765625,2947.89990234375,415,69.6390129783995
2025-02-25,2938.699951171875,2943.199951171875,2890.0,2904.5,1854,59.452120343015
2025-02-26,2913.5,2917.0,2913.0,2916.800048828125,2050,61.185088141105204
2025-02-27,2918.5,2922.800048828125,2870.39990234375,2883.199951171875,3215,54.35145156357158
2025-02-28,2877.10009765625,2877.10009765625,2834.10009765625,2836.800048828125,990,46.6096300457481
2025-03-03,2872.699951171875,2891.800048828125,2863.39990234375,2890.199951171875,423,54.62081532163804
2025-03-04,2886.10009765625,2927.89990234375,2886.10009765625,2909.60009765625,885,57.13712656013311
2025-03-05,2916.699951171875,2922.0,2893.0,2915.300048828125,551,57.87619736582813
2025-03-06,2904.0,2918.60009765625,2903.800048828125,2916.60009765625,870,58.05384936121009
2025-03-07,2900.89990234375,2927.300048828125,2900.5,2904.699951171875,531,55.73666378308592
2025-03-10,2910.10009765625,2915.10009765625,2880.199951171875,2891.0,55,53.108541519209396
2025-03-11,2884.39990234375,2916.699951171875,2880.39990234375,2912.89990234375,197,56.6290948226602
2025-03-12,2912.0,2939.10009765625,2910.0,2939.10009765625,213,60.454370269770486
2025-03-13,2937.10009765625,2988.0,2935.199951171875,2984.300048828125,2366,66.0221080984787
2025-03-14,2994.39990234375,3004.800048828125,2986.0,2994.5,1800,67.14622222915804
2025-03-17,2991.0,3001.5,2989.0,3000.0,214,67.76549818664456
2025-03-18,3006.39990234375,3039.199951171875,3004.39990234375,3035.10009765625,428,71.46246596496132
2025-03-19,3035.199951171875,3050.89990234375,3030.89990234375,3035.89990234375,175,71.54255644370977
2025-03-20,3047.300048828125,3047.300048828125,3034.39990234375,3040.0,185,71.97674459865142
2025-03-21,3034.5,3037.5,3000.89990234375,3018.199951171875,151,66.19382058854072
2025-03-24,3024.300048828125,3024.300048828125,3006.0,3013.10009765625,137,64.88054849160757
2025-03-25,3026.39990234375,3028.800048828125,3023.699951171875,3023.699951171875,74,66.37382944203542
2025-03-26,3033.199951171875,3033.199951171875,3019.5,3020.89990234375,83,65.5805624889908
2025-03-27,3025.5,3065.0,3025.5,3060.199951171875,124359,70.84700999374908
2025-03-28,3069.699951171875,3094.89990234375,3066.800048828125,3086.5,31206,73.74246062515701
2025-03-31,3091.0,3132.5,3086.0,3122.800048828125,3438,77.12016263014687
2025-04-01,3129.699951171875,3149.5,3104.0,3118.89990234375,1721,75.9891247725569
2025-04-02,3120.699951171875,3168.60009765625,3117.39990234375,3139.89990234375,5946,77.87101288979221
2025-04-03,3150.0,3166.89990234375,3052.0,3097.0,5516,66.41859502276938
2025-04-04,3110.5,3127.699951171875,3011.0,3012.0,3247,50.554133419583366
2025-04-07,3016.39990234375,3050.800048828125,2949.699951171875,2951.300048828125,4424,42.70886537254723
2025-04-08,2994.0,3014.5,2968.39990234375,2968.39990234375,3213,45.28487365157267
2025-04-09,2965.800048828125,3090.39990234375,2965.800048828125,3056.5,2175,56.2095367691649
2025-04-10,3073.89990234375,3167.0,3072.10009765625,3155.199951171875,3456,64.71055120143095
2025-04-11,3182.10009765625,3235.0,3182.10009765625,3222.199951171875,862,69.096304320375
2025-04-14,3215.5,3228.800048828125,3194.5,3204.800048828125,263,66.77532119412552
2025-04-15,3216.0,3218.699951171875,3214.0,3218.699951171875,390,67.70847940463119
2025-04-16,3238.300048828125,3334.89990234375,3238.300048828125,3326.60009765625,1874,73.84868589205475
2025-04-17,3345.0,3345.0,3287.800048828125,3308.699951171875,824,71.42236660435695
2025-04-21,3342.199951171875,3418.5,3342.199951171875,3406.199951171875,78,76.04004685846806
2025-04-22,3422.199951171875,3485.60009765625,3361.699951171875,3400.800048828125,785,75.31420755507291
2025-04-23,3321.199951171875,3370.300048828125,3256.199951171875,3276.300048828125,331,60.88408504510187
2025-04-24,3305.39990234375,3353.89990234375,3304.89990234375,3332.0,560,64.18983203940545
2025-04-25,3355.5,3355.5,3266.10009765625,3282.39990234375,162,59.37755286619359
2025-04-28,3284.5,3332.5,3284.5,3332.5,1300,62.44053651816865
2025-04-29,3340.0,3340.0,3299.89990234375,3318.800048828125,1278,61.08418422729199
2025-04-30,3318.699951171875,3318.699951171875,3268.0,3305.0,207,59.67792343246234
2025-05-01,3272.89990234375,3275.0,3198.60009765625,3210.0,2131,50.977450364792645
2025-05-02,3239.89990234375,3257.0,3225.0,3231.89990234375,1349,52.68978005683344
2025-05-05,3242.699951171875,3315.699951171875,3239.699951171875,3311.300048828125,244,58.36765905349857
2025-05-06,3365.5,3430.89990234375,3356.800048828125,3411.39990234375,2357,64.20078658724802
2025-05-07,3418.699951171875,3418.699951171875,3364.699951171875,3381.39990234375,1080,61.423151240943575
2025-05-08,3390.0,3390.0,3288.699951171875,3296.60009765625,200,54.2750107478113
2025-05-09,3299.0,3335.5,3299.0,3335.39990234375,216,56.754818866101594
2025-05-12,3300.699951171875,3300.699951171875,3205.0,3220.0,886,48.35505739163766
2025-05-13,3232.0,3251.39990234375,3223.5,3240.300048828125,2424,49.763565477785015
2025-05-14,3233.0,3233.0,3171.699951171875,3181.39990234375,3518,45.85578918967266
2025-05-15,3151.0,3228.10009765625,3125.0,3220.699951171875,652,48.74775085069839
2025-05-16,3227.699951171875,3228.10009765625,3173.89990234375,3182.0,199,46.13457271189226
2025-05-19,3234.39990234375,3241.0,3228.300048828125,3228.89990234375,266,49.65667931703254
2025-05-20,3219.0,3293.199951171875,3207.5,3280.300048828125,356,53.26350866325322
2025-05-21,3293.39990234375,3317.5,3290.199951171875,3309.300048828125,979,55.21314077037262
2025-05-22,3327.300048828125,3328.0,3282.699951171875,3292.300048828125,1210,53.79641591799273
2025-05-23,3328.0,3363.60009765625,3323.5,3363.60009765625,47,58.59508247297283
2025-05-27,3332.5,3341.0,3296.300048828125,3299.10009765625,189,53.21112164172992
2025-05-28,3293.60009765625,3293.60009765625,3293.60009765625,3293.60009765625,127758,52.76589444598168
2025-05-29,3283.699951171875,3328.800048828125,3242.39990234375,3317.10009765625,24370,54.51702292290548
2025-05-30,3315.10009765625,3318.0,3270.89990234375,3288.89990234375,2213,52.02449996689752
2025-06-02,3296.89990234375,3380.800048828125,3296.89990234375,3370.60009765625,976,58.01371790111538
2025-06-03,3385.10009765625,3390.0,3331.300048828125,3350.199951171875,6410,56.12947679101376
2025-06-04,3355.0,3380.0,3344.0,3373.5,207,57.81476610155934
2025-06-05,3371.5,3400.0,3343.699951171875,3350.699951171875,731,55.565352308498156
2025-06-06,3364.300048828125,3364.300048828125,3306.0,3322.699951171875,81,52.84609431401748
2025-06-09,3315.60009765625,3334.60009765625,3290.0,3332.10009765625,1887,53.665895215543976
2025-06-10,3302.0,3344.300048828125,3302.0,3320.89990234375,65,52.49482516888035
2025-06-11,3328.0,3356.0,3321.300048828125,3321.300048828125,2106,52.53467615161951
2025-06-12,3363.0,3395.89990234375,3353.39990234375,3380.89990234375,1818,58.16403319542941
2025-06-13,3407.300048828125,3444.0,3407.300048828125,3431.199951171875,499,62.23484914977614
2025-06-16,3442.0,3442.0,3385.39990234375,3396.39990234375,480,58.02792366792758
2025-06-17,3398.300048828125,3398.300048828125,3376.10009765625,3386.60009765625,1477,56.86224873029251
2025-06-18,3385.300048828125,3391.89990234375,3365.10009765625,3389.800048828125,0,57.16483657007964
2025-06-20,3350.0,3372.89990234375,3341.0,3368.10009765625,709,54.37918525651822
2025-06-23,3365.89990234375,3387.89990234375,3350.0,3377.699951171875,30,55.41428932139476
2025-06-24,3358.0,3358.0,3301.0,3317.39990234375,538,48.040860446886775
2025-06-25,3321.60009765625,3331.199951171875,3310.60009765625,3327.10009765625,373,49.21159859314614
2025-06-26,3332.39990234375,3333.5,3332.39990234375,3333.5,2058,50.01187899732747
2025-06-27,3318.699951171875,3318.699951171875,3253.800048828125,3273.699951171875,284,43.16731823517486
2025-06-30,3265.89990234375,3306.89990234375,3262.0,3294.39990234375,1242,45.92607113516609
2025-07-01,3310.10009765625,3354.10009765625,3310.10009765625,3336.699951171875,371,51.14498397920694
2025-07-02,3329.0,3357.5,3329.0,3348.0,39,52.46485376703006
2025-07-03,3362.0,3362.0,3322.300048828125,3331.60009765625,0,50.33928764943055
2025-07-04,3342.0,3342.0,3332.5,3332.5,0,50.45789712700256
2025-07-07,3305.5,3333.300048828125,3299.199951171875,3332.199951171875,254,50.41466122372481
2025-07-08,3330.39990234375,3334.5,3287.60009765625,3307.0,909,46.7885011608799
2025-07-09,3289.39990234375,3314.0,3282.0,3311.60009765625,114,47.530408784066836
2025-07-10,3323.60009765625,3330.5,3311.60009765625,3317.39990234375,209,48.50525972224087
2025-07-11,3330.5,3370.0,3330.5,3356.0,776,54.55671673959721
2025-07-14,3367.0,3375.5,3350.0,3351.5,583,53.763497232921814
2025-07-15,3341.0,3341.0,3329.800048828125,3329.800048828125,210,49.98906930662385
2025-07-16,3341.199951171875,3352.89990234375,3329.5,3352.5,10,53.65447681084948
2025-07-17,3313.800048828125,3340.800048828125,3313.800048828125,3340.10009765625,667,51.4367459543163
2025-07-18,3338.199951171875,3353.0,3338.199951171875,3353.0,602,53.58608022297441
2025-07-21,3350.300048828125,3411.699951171875,3350.300048828125,3401.89990234375,53,60.688717671455
2025-07-22,3411.0,3441.0,3395.60009765625,3439.199951171875,39,65.0785664053059
2025-07-23,3430.300048828125,3433.89990234375,3388.10009765625,3394.10009765625,63,56.81702225602123
2025-07-24,3367.0,3371.0,3367.0,3371.0,1175,53.098832173607235
2025-07-25,3344.0,3345.0,3326.5,3334.0,67,47.712892815246114
2025-07-28,3326.60009765625,3326.800048828125,3309.10009765625,3309.10009765625,533,44.44561535819293
2025-07-29,3323.39990234375,3323.39990234375,3323.39990234375,3323.39990234375,113144,46.70282353606328
2025-07-30,3325.800048828125,3331.800048828125,3263.89990234375,3295.800048828125,19252,43.0657919992732
2025-07-31,3272.89990234375,3312.0,3272.89990234375,3293.199951171875,3704,42.72820466793615
2025-08-01,3286.199951171875,3360.60009765625,3281.0,3347.699951171875,3420,51.33871346331136
2025-08-04,3367.60009765625,3386.5,3347.39990234375,3374.39990234375,351,54.91489648255122
2025-08-05,3378.5,3387.199951171875,3351.199951171875,3381.89990234375,915,55.89541404918195
2025-08-06,3380.699951171875,3383.300048828125,3361.300048828125,3380.0,1492,55.5657404933613
2025-08-07,3384.89990234375,3422.89990234375,3384.89990234375,3400.300048828125,5464,58.38970489685778
2025-08-08,3438.800048828125,3477.0,3402.5,3439.10009765625,7657,63.20330450205975
2025-08-11,3383.89990234375,3383.89990234375,3349.199951171875,3353.10009765625,1488,49.52716558046567
2025-08-12,3356.199951171875,3356.199951171875,3330.10009765625,3348.89990234375,1611,48.96984108568068
2025-08-13,3358.800048828125,3363.39990234375,3358.699951171875,3358.699951171875,1011,50.37306050649647
2025-08-14,3346.800048828125,3356.0,3328.89990234375,3335.199951171875,592,47.03320594803319
2025-08-15,3346.800048828125,3346.800048828125,3335.89990234375,3336.0,1185,47.16164934534346
2025-08-18,3333.5,3347.800048828125,3331.699951171875,3331.699951171875,646,46.50884175076331
2025-08-19,3330.199951171875,3343.5,3313.39990234375,3313.39990234375,1655,43.734356028910355
2025-08-20,3310.60009765625,3343.5,3310.10009765625,3343.39990234375,1213,49.095492914553425
2025-08-21,3349.39990234375,3349.39990234375,3326.5,3336.89990234375,142,48.02771168413044
2025-08-22,3349.39990234375,3377.699951171875,3349.39990234375,3374.39990234375,1240,54.214574758261755
2025-08-25,3366.0,3378.0,3366.0,3373.800048828125,1044,54.10362569001114
2025-08-26,3378.89990234375,3396.5,3371.10009765625,3388.60009765625,905,56.470596709606866
2025-08-27,3397.0,3404.60009765625,3382.0,3404.60009765625,3222,58.936157233620754
2025-08-28,3409.0,3434.60009765625,3400.0,3431.800048828125,1035,62.794275571129056
2025-08-29,3432.5,3475.60009765625,3426.60009765625,3473.699951171875,0,67.81132745736235
2025-09-02,3485.699951171875,3559.199951171875,3485.699951171875,3549.39990234375,658,74.501297602079
2025-09-03,3554.800048828125,3593.699951171875,3553.199951171875,3593.199951171875,72,77.42487714264828
2025-09-04,3549.89990234375,3573.60009765625,3549.89990234375,3565.800048828125,237,71.8732152253769
2025-09-05,3567.800048828125,3613.199951171875,3567.800048828125,3613.199951171875,925,75.18774441014467
2025-09-08,3594.5,3641.0,3590.0,3638.10009765625,97,76.73851759827936
2025-09-09,3647.10009765625,3670.39990234375,3627.800048828125,3643.300048828125,535,77.06095061082556
2025-09-10,3625.0,3655.39990234375,3620.800048828125,3643.60009765625,136,77.08069214790507
2025-09-11,3632.89990234375,3636.89990234375,3618.39990234375,3636.89990234375,307,75.51777856753432
2025-09-12,3655.5,3656.800048828125,3643.0,3649.39990234375,1300,76.476088797225
2025-09-15,3640.0,3686.39990234375,3635.10009765625,3682.199951171875,210,78.81897617103799
2025-09-16,3681.39990234375,3698.60009765625,3681.39990234375,3688.89990234375,373,79.27308339560874
2025-09-17,3669.0,3685.199951171875,3661.60009765625,3681.800048828125,183,77.37986011208372
2025-09-18,3654.60009765625,3667.39990234375,3637.0,3643.699951171875,80,67.99525359909372
2025-09-19,3659.0,3685.89990234375,3658.199951171875,3671.5,211,70.77992296603753
2025-09-22,3688.199951171875,3748.199951171875,3688.0,3740.699951171875,410,76.30626423623073
2025-09-23,3747.0,3786.0,3740.0,3780.60009765625,627,78.79638104819925
2025-09-24,3769.800048828125,3772.5,3732.10009765625,3732.10009765625,588,69.26700392236208
2025-09-25,3742.800048828125,3756.0,3724.699951171875,3736.89990234375,1899,69.65808583326205
2025-09-26,3775.300048828125,3775.300048828125,3775.300048828125,3775.300048828125,19308,72.6559979963246
2025-09-29,3754.800048828125,3827.60009765625,3754.800048828125,3820.89990234375,8860,75.72345232401473
2025-09-30,3827.5,3865.5,3793.39990234375,3840.800048828125,1611,76.93926504027206
2025-10-01,3863.5,3891.89990234375,3853.300048828125,3867.5,1778,78.49540915968511
2025-10-02,3856.199951171875,3888.60009765625,3823.699951171875,3839.699951171875,3418,72.97382664006675
2025-10-03,3855.199951171875,3886.800048828125,3853.699951171875,3880.800048828125,392,75.69579294243394
2025-10-06,3931.300048828125,3960.0,3926.800048828125,3948.5,1267,79.37980569253097
2025-10-07,3959.39990234375,3981.5,3940.0,3976.60009765625,2903,80.68827881983214
2025-10-08,3987.199951171875,4049.199951171875,3987.199951171875,4043.300048828125,2179,83.38360447876751
2025-10-09,4011.199951171875,4046.199951171875,3940.0,3946.300048828125,3130,68.42655754093587
2025-10-10,3957.0,4012.0,3945.5,3975.89990234375,1697,70.18413745343294
2025-10-13,4016.0,4111.0,4016.0,4108.60009765625,1697,76.49994292711264
2025-10-14,4131.7001953125,4160.10009765625,4085.800048828125,4138.7001953125,2424,77.65611147199051
2025-10-15,4145.0,4210.60009765625,4145.0,4176.89990234375,3287,79.06386174761292
2025-10-16,4198.7998046875,4307.0,4196.60009765625,4280.2001953125,4705,82.30970879853871
2025-10-17,4354.7001953125,4358.0,4182.2001953125,4189.89990234375,4060,71.82662150041226
2025-10-20,4244.10009765625,4356.60009765625,4214.60009765625,4336.39990234375,1750,76.95469021917236
2025-10-21,4332.7001953125,4332.7001953125,4087.699951171875,4087.699951171875,2943,57.740628814895835
2025-10-22,4109.7001953125,4148.5,4006.0,4044.39990234375,1237,55.158409165344494
2025-10-23,4078.39990234375,4136.7998046875,4070.699951171875,4125.5,354,58.86865164514633
2025-10-24,4117.5,4120.60009765625,4074.89990234375,4118.39990234375,123,58.41297347403655
2025-10-27,4060.0,4078.60009765625,3971.300048828125,4001.89990234375,220,51.38462033421457
2025-10-28,3929.699951171875,3966.199951171875,3923.60009765625,3966.199951171875,219,49.422197049375
2025-10-29,3983.699951171875,3983.699951171875,3983.699951171875,3983.699951171875,1344,50.421750076268744
2025-10-30,3960.0,4027.199951171875,3913.699951171875,4001.300048828125,935,51.460715187020476
2025-10-31,4034.5,4034.5,3976.60009765625,3982.199951171875,559,50.230496178542964
2025-11-03,3976.199951171875,4020.0,3959.0,4000.300048828125,0,51.415805329971235
2025-11-04,3994.199951171875,3995.39990234375,3927.39990234375,3947.699951171875,657,47.849366080104254
2025-11-05,3929.89990234375,3983.5,3929.89990234375,3980.300048828125,559,50.15696182211397
2025-11-06,4004.0,4007.5,3979.89990234375,3979.89990234375,650,50.12764194131126
2025-11-07,3980.800048828125,3999.39990234375,3980.800048828125,3999.39990234375,245,51.612100365893184
2025-11-10,4060.0,4111.7998046875,4060.0,4111.7998046875,189,59.15829504861365
2025-11-11,4140.10009765625,4140.10009765625,4106.7998046875,4106.7998046875,569,58.71959965539801
2025-11-12,4115.60009765625,4204.39990234375,4102.89990234375,4204.39990234375,396,64.28684737253644
2025-11-13,4228.7001953125,4228.7001953125,4163.7001953125,4186.89990234375,167,62.65520022013064
2025-11-14,4197.7001953125,4197.89990234375,4047.0,4087.60009765625,483,54.24244244433364
2025-11-17,4070.0,4099.5,4019.39990234375,4068.300048828125,1552,52.75965829956661
2025-11-18,4037.39990234375,4063.39990234375,4035.60009765625,4061.300048828125,1375,52.20227691705315
2025-11-19,4086.10009765625,4122.7001953125,4072.0,4077.699951171875,486,53.44324633659224
2025-11-20,4045.0,4090.39990234375,4040.199951171875,4056.5,202,51.57899265735389
2025-11-21,4031.800048828125,4085.199951171875,4031.800048828125,4076.699951171875,171,53.25228828974848
2025-11-24,4060.5,4091.89990234375,4060.5,4091.89990234375,591,54.52573593071363
2025-11-25,4139.2001953125,4139.2001953125,4139.2001953125,4139.2001953125,132704,58.32983868271961
2025-11-26,4128.60009765625,4171.0,4127.5,4165.2001953125,25088,60.29598220668551
2025-11-28,4163.39990234375,4223.89990234375,4140.0,4218.2998046875,3615,64.0288843467129
2025-12-01,4218.5,4262.10009765625,4214.89990234375,4239.2998046875,913,65.41381325918609
2025-12-02,4230.5,4230.5,4167.0,4186.60009765625,366,59.248893764266164
2025-12-03,4215.7001953125,4234.10009765625,4195.7001953125,4199.2998046875,1897,60.22180495901436
2025-12-04,4211.0,4211.7998046875,4175.0,4211.7998046875,616,61.20361187586014
2025-12-05,4204.10009765625,4255.7001953125,4194.5,4212.89990234375,533,61.29415666438762
2025-12-08,4205.5,4215.7998046875,4175.5,4187.2001953125,318,57.8948251061379
2025-12-09,4190.7001953125,4219.7001953125,4177.7001953125,4206.7001953125,660,59.72020324412257
2025-12-10,4209.0,4234.5,4183.60009765625,4196.39990234375,692,58.2828684577025
2025-12-11,4224.0,4286.89990234375,4214.2998046875,4285.5,528,65.92315036657065
2025-12-12,4276.39990234375,4355.0,4260.0,4300.10009765625,1531,66.98999885906723
2025-12-15,4308.2998046875,4349.2001953125,4292.89990234375,4306.7001953125,854,67.48556183033872
2025-12-16,4270.5,4321.39990234375,4270.5,4304.5,1796,67.12379779760298
2025-12-17,4308.5,4351.39990234375,4308.5,4347.5,2169,70.45699556324722
2025-12-18,4331.0,4348.10009765625,4328.2001953125,4339.5,705,69.05425898107472
2025-12-19,4350.10009765625,4361.39990234375,4350.10009765625,4361.39990234375,1065,70.76987297656115
2025-12-22,4371.10009765625,4447.60009765625,4371.10009765625,4444.60009765625,449,76.17411292816881
2025-12-23,4503.2998046875,4503.7998046875,4450.39990234375,4482.7998046875,694,78.16975605048896
2025-12-24,4500.7001953125,4503.39990234375,4468.39990234375,4480.60009765625,500,77.76582052198107
2025-12-26,4512.0,4556.2998046875,4502.0,4529.10009765625,263,80.1957480383868
2025-12-29,4371.5,4379.0,4325.10009765625,4325.10009765625,2044,53.640999807852566
2025-12-30,4346.39990234375,4403.60009765625,4338.0,4370.10009765625,1837,57.02170324710184
2025-12-31,4333.5,4363.7998046875,4285.0,4325.60009765625,785,52.912448604220515
2026-01-02,4350.60009765625,4350.60009765625,4314.39990234375,4314.39990234375,589,51.89870149375938
2026-01-05,4386.7001953125,4443.5,4384.7998046875,4436.89990234375,618,60.75498390861952
2026-01-06,4449.7001953125,4482.2001953125,4449.0,4482.2001953125,459,63.43599161301144
2026-01-07,4450.0,4450.0,4449.2998046875,4449.2998046875,972,60.21842413401041
2026-01-08,4460.2001953125,4461.2998046875,4418.0,4449.7001953125,2423,60.244851436794
2026-01-09,4473.0,4490.2998046875,4473.0,4490.2998046875,237,62.93373688228297
2026-01-12,4579.10009765625,4620.0,4577.7998046875,4604.2998046875,156,69.22748780710805
2026-01-13,4578.60009765625,4617.10009765625,4578.60009765625,4589.2001953125,239,67.59043925300053
2026-01-14,4610.2998046875,4635.0,4608.2001953125,4626.2998046875,1313,69.49891475203361
2026-01-15,4612.89990234375,4616.2998046875,4612.89990234375,4616.2998046875,4358,68.33090633745073
2026-01-16,4608.0,4608.0,4588.39990234375,4588.39990234375,352,65.04633897530161
2026-01-20,4662.2001953125,4764.0,4661.7998046875,4759.60009765625,175,73.47270345180189
2026-01-21,4863.5,4872.2998046875,4771.5,4831.7998046875,1706,76.09048933221521
2026-01-22,4791.89990234375,4908.7998046875,4791.89990234375,4908.7998046875,1175,78.52450960711215
2026-01-23,4949.60009765625,4976.2001953125,4936.0,4976.2001953125,169,80.40493688273551
2026-01-26,5081.5,5095.60009765625,5052.2001953125,5079.7001953125,180,82.88345540023613
2026-01-27,5079.89990234375,5079.89990234375,5079.89990234375,5079.89990234375,34,82.88795304503185
2026-01-28,5301.60009765625,5301.60009765625,5301.60009765625,5301.60009765625,112054,86.97854367878564
2026-01-29,5415.7001953125,5586.2001953125,5097.5,5318.39990234375,23709,87.22770230586192
2026-01-30,5376.39990234375,5440.5,4700.0,4713.89990234375,8374,50.08856967736989
2026-02-02,4807.7001953125,4855.7998046875,4400.0,4622.5,3588,46.84114604988245
2026-02-03,4680.0,4984.60009765625,4674.2998046875,4903.7001953125,1213,56.241020819893166
2026-02-04,4923.2998046875,5082.2001953125,4897.89990234375,4920.39990234375,3886,56.73035740167205
2026-02-05,5008.7001953125,5012.2998046875,4786.0,4861.39990234375,793,54.41515883056615
2026-02-06,4762.0,4958.5,4655.0,4951.2001953125,1386,57.27329276459471
2026-02-09,5017.39990234375,5065.7001953125,4979.10009765625,5050.89990234375,170,60.252959800324696
2026-02-10,5013.5,5029.0,5002.7001953125,5003.7998046875,281,58.18844650985414
2026-02-11,5049.89990234375,5111.2998046875,5041.2998046875,5071.60009765625,2681,60.29733401548563
2026-02-12,5060.39990234375,5078.10009765625,4892.0,4923.7001953125,484,53.909634247822865
2026-02-13,4953.0,5043.89990234375,4946.2001953125,5022.0,232,57.15814356911218
2026-02-17,5020.0,5020.0,4847.7998046875,4882.89990234375,540,51.61438644556867
2026-02-18,4872.2001953125,4987.0,4869.5,4986.5,544,55.106787999352164
2026-02-19,5014.7001953125,5014.7001953125,4975.89990234375,4975.89990234375,37,54.671970481882575
2026-02-20,5039.5,5072.7001953125,5039.5,5059.2998046875,134,57.512525528680584
2026-02-23,5120.2998046875,5211.60009765625,5120.2998046875,5204.7001953125,779,61.985259929090496
2026-02-24,5158.7998046875,5159.0,5112.7001953125,5155.7998046875,88,59.70868909403461
2026-02-25,5166.0,5206.39990234375,5166.0,5206.39990234375,1772,61.292879278572194
2026-02-26,5177.2001953125,5199.2001953125,5143.89990234375,5176.5,1520,59.79672487025359
2026-02-27,5186.7001953125,5280.0,5176.7001953125,5230.5,354,61.618909490551154
2026-03-02,5346.60009765625,5405.0,5266.2998046875,5294.39990234375,72,63.71472239825094
2026-03-03,5298.7001953125,5303.7998046875,5023.0,5107.39990234375,1776,54.359819165357074
2026-03-04,5130.7001953125,5180.2001953125,5117.2001953125,5120.2001953125,679,54.84851042693098
2026-03-05,5169.5,5169.5,5054.7001953125,5065.2998046875,1701,52.26370634967957
2026-03-06,5121.0,5146.10009765625,5076.10009765625,5146.10009765625,148,55.581496400570536
2026-03-09,5155.0,5160.60009765625,5077.7001953125,5091.5,639,52.90561337088964
2026-03-10,5138.2001953125,5229.7001953125,5137.60009765625,5229.7001953125,4300,58.36890790716771
2026-03-11,5190.7998046875,5191.2998046875,5167.39990234375,5167.39990234375,633,55.25691756796656
2026-03-12,5137.2001953125,5137.2001953125,5115.7998046875,5115.7998046875,410,52.748433444603876
2026-03-13,5089.60009765625,5117.0,5009.5,5052.5,479,49.76390524833455
2026-03-16,5001.60009765625,5010.60009765625,4994.0,4994.0,130,47.11097175948367
2026-03-17,5017.60009765625,5017.60009765625,4994.2001953125,5001.0,239,47.47182538570093
2026-03-18,4949.60009765625,4949.60009765625,4821.7001953125,4889.89990234375,1461,42.51392524787472
2026-03-19,4830.2998046875,4830.2998046875,4554.0,4600.7001953125,627,32.88585805143396
2026-03-20,4686.89990234375,4686.89990234375,4570.39990234375,4570.39990234375,235,32.06646430145929
2026-03-23,4353.0,4480.39990234375,4100.7998046875,4404.10009765625,544,27.950243527003053
2026-03-24,4338.7001953125,4399.2998046875,4325.2001953125,4399.2998046875,378,27.839156245213545
2026-03-25,4549.0,4551.89990234375,4541.7998046875,4549.7998046875,388,36.376967483447146
2026-03-26,4441.5,4443.10009765625,4375.5,4375.5,1070,31.69920280286391
2026-03-27,4492.0,4492.0,4492.0,4492.0,74348,37.48556844428425
2026-03-30,4482.7998046875,4579.10009765625,4413.39990234375,4526.0,10816,39.10695099923778
2026-03-31,4510.0,4684.10009765625,4508.60009765625,4647.60009765625,4264,44.63741140944514
2026-04-01,4668.39990234375,4789.10009765625,4668.0,4783.2001953125,1637,50.08195972910456
2026-04-02,4764.89990234375,4784.39990234375,4558.89990234375,4651.5,0,45.41088774197858
2026-04-06,4656.10009765625,4689.60009765625,4605.0,4656.7998046875,148,45.63064718132041
2026-04-07,4624.89990234375,4676.2998046875,4608.0,4657.10009765625,327,45.643999570494415
2026-04-08,4760.0,4851.0,4738.7998046875,4749.5,405,49.73458200449104
2026-04-09,4711.0,4799.10009765625,4711.0,4792.2001953125,1277,51.54918561071919
2026-04-10,4745.89990234375,4791.0,4744.89990234375,4761.89990234375,812,50.16524622556442
2026-04-13,4704.0,4742.39990234375,4704.0,4742.39990234375,32,49.24889033279298
2026-04-14,4770.10009765625,4841.60009765625,4770.10009765625,4825.0,288,53.15259870743064
2026-04-15,4843.60009765625,4843.60009765625,4798.0,4800.0,182,51.852589568103994
2026-04-16,4810.89990234375,4810.89990234375,4785.39990234375,4785.39990234375,805,51.067058829821924
2026-04-17,4771.60009765625,4879.7001953125,4767.2001953125,4857.60009765625,1902,54.720185003773494
2026-04-20,4793.89990234375,4811.0,4770.0,4806.60009765625,724,51.77956929571719
2026-04-21,4698.39990234375,4705.0,4676.39990234375,4698.39990234375,1197,46.1172231232718
2026-04-22,4754.2001953125,4754.2001953125,4732.5,4732.5,765,48.04551721366818
2026-04-23,4711.5,4732.39990234375,4705.10009765625,4705.10009765625,292,46.60237404476086
2026-04-24,4695.0,4722.2998046875,4657.5,4722.2998046875,45,47.66506012631358
2026-04-27,4707.60009765625,4711.10009765625,4675.39990234375,4675.39990234375,538,45.0332651550591
2026-04-28,4680.89990234375,4680.89990234375,4591.5,4591.5,2660,40.70355837685549
2026-04-29,4598.60009765625,4601.60009765625,4515.7001953125,4545.2001953125,507,38.50353143476569
2026-04-30,4561.89990234375,4636.7001953125,4561.89990234375,4614.7001953125,77,43.44500963080174
2026-05-01,4636.7001953125,4636.7001953125,4581.7001953125,4629.89990234375,113,44.495447589510725
2026-05-04,4581.2001953125,4581.2001953125,4512.7001953125,4519.5,20,38.85101830842236
2026-05-05,4547.60009765625,4580.5,4547.60009765625,4555.7998046875,426,41.479661087486186
2026-05-06,4663.60009765625,4712.60009765625,4663.60009765625,4681.89990234375,212,49.58703818330492
2026-05-07,4704.7998046875,4736.2001953125,4699.7998046875,4699.7998046875,254,50.63256228810419
2026-05-08,4714.39990234375,4724.7998046875,4713.60009765625,4720.39990234375,120,51.869687947996866
2026-05-11,4729.5,4729.5,4718.7001953125,4718.7001953125,36,51.75444605916878
2026-05-12,4762.2001953125,4765.2001953125,4677.60009765625,4677.60009765625,36,48.92389357803147
2026-05-13,4722.2998046875,4734.7998046875,4696.0,4717.7998046875,25479,51.70604666184604
