Date,Open,High,Low,Close,Volume,RSI_14
2010-01-21,131.859978383119,132.33748154657428,127.68368945877178,129.26022338867188,33727122,41.49377148749168
2010-01-22,125.66756599526897,128.39618127322504,124.43211832659341,127.441162109375,32621154,36.78646153589199
2010-01-25,126.06171759513268,127.20621664514294,125.09912879618224,125.9404525756836,15865157,33.41819205456849
2010-01-27,124.30327119822086,125.42502338426038,118.23969016705243,119.3462905883789,38013514,23.31592056911181
2010-01-28,121.27147840204582,122.45387579035597,118.1260051836699,119.4599838256836,56519067,23.74394653371114
2010-01-29,117.48173606583683,127.18345728544149,117.48173606583683,125.87220001220703,59256560,43.050774774935974
2010-02-01,124.31840528848363,128.6083895939226,123.54530918525742,126.6983642578125,28587542,44.98351020789874
2010-02-02,127.48662231473195,127.70643100347753,123.66657171834396,124.15165710449219,29159537,40.42868703249102
2010-02-03,125.0763986843011,128.09302516070696,124.7959574157256,127.25170135498047,18166148,47.4094013159701
2010-02-04,126.54679125578139,128.69935964622366,125.1370155664464,125.63725280761719,18276049,44.48575612403457
2010-02-05,122.75703379413508,122.75703379413508,119.75557272936192,120.99102020263672,27352501,37.34762381049996
2010-02-08,128.85091935250801,128.85091935250801,119.14919968932477,122.08245849609375,22972361,39.79163599155102
2010-02-09,122.18100563018302,124.00006956134203,119.96780503169595,123.15117645263672,20874557,42.170469715466965
2010-02-10,124.00006057873875,124.53820892633543,120.79395538454538,121.24114227294922,19253811,39.19025174480685
2010-02-11,119.77073234547662,125.78883207571954,119.77073234547662,125.22036743164062,19596379,47.51244822639955
2010-02-15,126.12233334394875,126.12233334394875,123.16633986413356,123.90155029296875,10649243,45.29970565422627
2010-02-16,123.84846619642373,127.00152080611628,123.84846619642373,126.19051361083984,11282936,49.679997712208774
2010-02-17,127.33505320150537,128.50229888592636,125.91012573336599,127.47906494140625,28238435,52.009771716046096
2010-02-18,127.33501572010809,129.30568603735108,126.47854049824326,127.34259796142578,25365791,51.736571318503145
2010-02-19,126.12234184039026,126.88029904982497,123.8636601432375,126.35731506347656,18276038,49.70642672648236
2010-02-22,128.115736192602,128.85094661018866,125.62967644345213,126.06169891357422,12621301,49.084094903638984
2010-02-23,125.80398904190747,129.15410604355293,125.15214521206977,128.50985717773438,20701076,54.198394694056475
2010-02-24,127.35021302659071,128.22943519902353,126.27392886039445,127.5093765258789,17102217,51.90390235197825
2010-02-25,127.52453875585924,130.03334525879438,126.22844588901815,129.09349060058594,23944123,55.142087596445556
2010-02-26,128.13848733163692,134.45976350876717,127.63825005083196,132.2086639404297,35508192,60.739960447787986
2010-03-02,134.17172117651165,136.88517161089513,134.17172117651165,135.9983673095703,28273393,66.25666426552394
2010-03-03,136.4152236300613,138.32524878376267,135.72549409148604,137.69615173339844,25091231,68.39901958598887
2010-03-04,137.3399191623286,138.63601180113412,134.79322733554037,136.18785095214844,17625426,64.48220117042388
2010-03-05,136.14236337840563,137.79468135821145,135.1646104475775,136.69566345214844,14922803,65.20464640372487
2010-03-08,137.94630143401767,140.49300633713887,137.94630143401767,140.03065490722656,32294977,69.58071314537968
2010-03-09,139.76537097637987,141.67539637477503,137.80228260259085,140.2428741455078,34059690,69.84064496193409
2010-03-10,140.22014117201925,140.9022885615084,137.7037526296664,139.12869262695312,22191510,66.62192302256199
2010-03-11,138.704255508693,141.99375328177865,138.4162447569241,141.10694885253906,21146158,69.32507236424634
2010-03-12,141.7436023287646,142.7819878260505,141.15998596690147,141.98614501953125,20491075,70.469700730945
2010-03-15,140.9780917737444,141.7360361782051,129.7604815108278,140.03065490722656,16240301,64.68795606479742
2010-03-16,139.6137894430346,141.72087700187606,138.27979808145102,141.05389404296875,14485526,66.24843049096509
2010-03-17,141.73604745183331,144.55561154707664,141.28127822860796,143.7900848388672,23114982,70.05872082448042
2010-03-18,144.01746662263832,146.96587804153032,143.85830311545303,146.07908630371094,25947581,72.82281561844657
2010-03-19,145.98056087232396,146.87493488791944,143.77492936531377,145.0028076171875,17969248,69.570654707758
2010-03-22,143.85827912376786,143.85827912376786,139.61377545866182,141.77392578125,20087584,60.79844287002917
2010-03-23,142.34239937818936,143.40353181710316,139.76539071629543,140.2959442138672,20200125,57.240584703178214
2010-03-25,139.46220364112918,142.49399427212128,138.34045141238914,141.5617218017578,26513751,59.430220522126476
2010-03-26,142.34239450360334,144.29790084414495,141.77394252968836,143.6309051513672,21544611,62.78514479115831
2010-03-29,143.2519107215383,145.37416247581646,142.41816941528197,144.40399169921875,21909514,63.983526271593355
2010-03-30,144.93455526637229,146.79909980946366,144.74506282652194,145.4954376220703,18572757,65.6645737826054
2010-03-31,146.25338429482125,147.1629225769966,143.8127928727567,144.3888397216797,28237176,62.480412980408474
2010-04-01,145.07101932787154,145.81381205857534,143.1458291118187,144.41160583496094,19839534,62.5206790564894
2010-04-05,144.76783123617582,150.17956820003812,144.76783123617582,149.36856079101562,28263136,70.05600115520616
2010-04-06,150.36147024731656,153.05975633938732,149.36855266716995,151.25584411621094,30864163,72.3364718193214
2010-04-07,151.99864926216964,152.9536557075198,148.57272202694125,149.6717529296875,19863459,67.67753337437237
2010-04-08,148.89104069755322,149.77026275105948,145.17710323830295,145.6925048828125,23439388,57.63542965609752
2010-04-09,145.8744233396226,148.8531506290266,145.8289426054544,148.2998504638672,12637042,61.6507426775322
2010-04-12,148.55757883988372,149.30035884651411,145.71526790401964,146.23068237304688,20644701,57.03108205937899
2010-04-13,146.23066441469248,146.51109290226486,142.54703019951913,142.82748413085938,21935727,50.3486337502071
2010-04-15,143.67639039065241,145.2074438181332,138.74973861231493,139.15902709960938,29869411,44.32017449818112
2010-04-16,139.00740064072164,142.02403877357906,138.74970619643068,139.8335723876953,24517465,45.609765315787605
2010-04-19,138.52231600274274,140.45508795448458,136.8169476951502,139.43185424804688,23085573,44.942185393325396
2010-04-20,139.76537854522712,143.2519253591783,139.4621906051482,141.432861328125,24374751,48.950388637235
2010-04-21,142.4863877098676,144.69201873862278,142.3423759938247,144.29788208007812,20722333,54.10248277441977
2010-04-22,143.32773117840017,146.23067446352482,141.7587792905698,143.07760620117188,23026162,51.708778126197814
2010-04-23,143.85827602320614,148.527219776687,143.25191291759563,148.20889282226562,26901132,59.76931123608027
2010-04-26,148.57274699634522,151.30893226525424,145.2832614223576,145.5485382080078,31212868,54.673960902320566
2010-04-27,145.22258071769647,145.52575590381562,141.75875555508412,143.54751586914062,15461006,51.14234452478176
2010-04-28,141.1751446003943,142.63798305819282,138.46169413978302,139.37881469726562,21680010,44.668947880147826
2010-04-29,139.91696007135636,144.16146402205337,139.91696007135636,143.56268310546875,25572305,51.32773427826128
2010-04-30,144.44950796369176,146.19278798231576,143.57786795437974,144.3054962158203,18736987,52.42248228230181
2010-05-03,143.41867154659712,145.21500141723575,141.43284922961882,142.0240478515625,16415217,48.79252387388732
2010-05-04,142.78196852959198,143.4944320216086,137.7946731979524,138.73452758789062,19283099,44.05564542086256
2010-05-05,137.94630754506522,137.94630754506522,134.49764635792033,136.9837188720703,29067978,41.73337250677627
2010-05-06,136.19544386446745,138.33284746389717,135.06609684745314,136.8624267578125,17990027,41.569890815379004
2010-05-07,134.1413880443718,135.21767193627335,131.7311131081917,132.88319396972656,28132593,36.51605676167729
2010-05-10,134.89933266846018,140.6748760309569,134.70225800249446,139.78050231933594,24365786,48.25822713800324
2010-05-11,139.7653976005081,141.5844618795683,137.64314534003307,138.94680786132812,22917191,47.12364660081433
2010-05-12,139.76536680628027,139.97759325775692,137.35509158326664,138.6663360595703,19398219,46.72564370455012
2010-05-13,139.76538624031704,141.58445037152293,139.6213745052275,140.52333068847656,16082291,49.751685796127965
2010-05-14,140.22773626767352,140.22773626767352,137.1883759869767,138.10548400878906,14222945,46.08151483534965
2010-05-17,136.12723426291683,137.173202194539,133.86098313295375,136.59716796875,18725272,43.90557712540507
2010-05-18,136.77146812486052,136.77146812486052,133.7775766761585,134.79322814941406,20063351,41.38840572761308
2010-05-19,133.3986220875205,134.00497252143614,124.00007586487212,124.97782897949219,67251569,30.980701355238153
2010-05-20,125.97073628962794,128.39616327093248,123.62109356495928,126.06926727294922,35100450,32.998314426190305
2010-05-21,123.23454226428407,127.19102210437063,122.37805428444501,126.54676055908203,24783665,33.908573945771394
2010-05-24,127.25924643616865,143.94922455525227,125.06119767411018,126.13748168945312,23350662,33.48860870823626
2010-05-25,124.47000571308833,124.47000571308833,121.62770792695284,122.68882751464844,24955590,30.105158833078434
2010-05-26,125.06877871421804,128.9646263214404,124.48516234172489,128.50985717773438,23904468,40.949877589343075
2010-05-27,128.09299663724485,131.12477420550158,126.31181841057536,129.88174438476562,32111810,43.187170606473074
2010-05-28,130.68516210654056,132.9438433911665,128.64628951747437,131.0868682861328,22395593,45.15303100523237
2010-05-31,131.08686688908313,132.5572875615815,129.97269710419678,131.62501525878906,20342899,46.05076044587667
2010-06-01,129.10106314282834,131.0944550689874,126.28908162263834,127.0242919921875,21329060,40.01990665005381
2010-06-02,128.04748275280792,128.83574318985774,124.75799883635186,127.68366241455078,18265478,41.208262003415385
2010-06-03,129.06318464505463,130.2228353935717,128.57809915192263,129.47247314453125,13719871,44.42515813144447
2010-06-04,129.47245340006532,131.6705022714436,129.47245340006532,131.25363159179688,16301560,47.50522178073126
2010-06-07,107.9316101087086,128.85094157150255,107.9316101087086,127.63064575195312,19093156,42.36230176299862
2010-06-08,127.18345430588957,128.04751190360767,123.25729026460847,123.92428588867188,25602786,37.84812630271195
2010-06-09,123.84848222370957,127.3198769122373,123.84848222370957,124.99298095703125,19901849,39.838827520375986
2010-06-10,126.56971967371017,128.3233560878946,125.21602772360376,127.53113555908203,19786860,44.394170971826824
2010-06-11,129.98469945988177,130.75383732530912,127.95416155260935,130.13851928710938,20875123,48.69211275568863
2010-06-14,131.522958781569,132.138276743,129.73855864001368,131.31529235839844,15172569,50.54983345978627
2010-06-15,131.31533270161756,133.03820544926606,129.1079048177041,132.30752563476562,14494936,52.123891990064955
2010-06-16,133.6765788261051,135.3532989801005,132.299817039665,134.86874389648438,20689289,56.015838980192214
2010-06-17,135.06101907497762,137.1992243147887,130.13851370963744,135.96090698242188,64208595,57.59873532365397
2010-06-18,134.76874371745933,136.13781114173437,132.9151212601077,133.72271728515625,17517863,53.36063498664526
2010-06-21,135.199495702907,139.98354500919075,134.69185789899717,138.4145050048828,28587960,60.00416891647252
2010-06-22,137.98375486814518,139.3374338805751,136.6608269110345,137.153076171875,18128176,57.62741220486428
2010-06-23,136.30705868099494,139.16826312185034,135.60714278490903,138.50680541992188,17704599,59.482235418955085
2010-06-24,138.1683717474633,138.75291298892074,135.08411274317092,136.24551391601562,19182339,55.1401820948147
2010-06-25,135.36870129129565,135.6686596895904,130.99229083199188,131.7614288330078,20190291,47.70378330432369
2010-06-28,131.0615032685139,134.13037373445997,131.0615032685139,133.85348510742188,13951817,51.0225365712493
2010-06-29,133.85347203295254,133.85347203295254,129.46938101680252,130.49232482910156,18167385,45.97450251407244
2010-06-30,128.61564025730536,132.96127334910219,128.3310574214462,132.5536346435547,22055880,49.288165122826825
2010-07-01,131.43840348740292,131.83065380667023,128.68487957361532,129.43862915039062,18383568,44.814829436537664
2010-07-02,129.60012368776947,130.4077196948252,128.16951545659015,129.22323608398438,17940307,44.51398437045702
2010-07-05,128.9079191451583,130.09240303007272,128.29261390681987,129.30787658691406,8028047,44.67116674928538
2010-07-06,129.13865728159814,132.5536385015375,128.97713031072604,132.10752868652344,12755105,49.74260143935388
2010-07-07,131.83067184019367,131.9998930713776,129.86936833650185,130.16932678222656,11463655,46.56075667880359
2010-07-08,131.98447744215903,133.18433679744282,131.53068630147362,132.64593505859375,9200433,50.88406213825113
2010-07-09,133.29202251334226,135.2148675012932,133.21510613187118,134.73800659179688,17697773,54.25104346415707
2010-07-12,136.1224620460199,137.67611355902065,134.7610756662017,137.43768310546875,22222106,58.23027963702546
2010-07-13,132.33059565438168,138.59908719679495,132.33059565438168,138.36065673828125,13894930,59.526421035000006
2010-07-14,138.90671071262184,140.66804112236528,136.31470169479724,137.09922790527344,14287663,56.92648121045712
2010-07-15,136.76082904790366,138.57600647852124,135.10717859009566,135.6532745361328,15469250,54.01417211994947
2010-07-16,136.29164833756593,139.21437997864228,136.29164833756593,138.81442260742188,16519811,58.957629534673956
2010-07-19,137.69148296971642,139.11439709384516,136.445471333729,138.4529266357422,17190327,58.187296935402884
2010-07-20,138.45291873216001,139.38358352396534,135.83015843575322,136.42239379882812,8007180,53.92521870805559
2010-07-21,137.5222692816212,139.19898928851313,137.00693736573643,138.84518432617188,16133474,57.88874673658464
2010-07-22,138.29143284179165,139.98354160060086,136.32243543659771,139.7835693359375,15511622,59.34741552450379
2010-07-23,140.7526736476939,141.64488040036466,139.2759256562308,140.4219512939453,26262956,60.353529723428245
2010-07-26,141.33720113903559,142.50628339612294,140.16810597218588,141.01416015625,11298100,61.31014046099794
2010-07-27,140.79880971263006,142.67551490842592,138.1760363879072,142.16787719726562,22837809,63.174331643403676
2010-07-28,142.29090794947007,142.36781138869875,138.82977552306502,139.80657958984375,11353760,57.10926003972587
2010-07-29,138.75293435752283,143.3677757900337,138.4914212112126,142.86013793945312,27850388,62.16751097796747
2010-07-30,142.5985952082746,143.2908166984496,138.4452404476986,139.19898986816406,13123495,53.951908816558486
2010-08-02,140.29119345188488,144.89065879215636,140.1373735990471,144.52915954589844,35178759,61.85537643134842
2010-08-03,145.27518851858673,148.59787717841763,145.0598278730642,147.98255920410156,36030291,65.93487280514401
2010-08-04,148.14410243272752,149.67468395417114,147.22113182464645,149.0978240966797,24579956,67.15649954123177
2010-08-05,149.67470224671086,149.67470224671086,146.5443037613599,146.9673309326172,16833531,62.54237135919382
2010-08-06,146.90581088235322,148.13643427302307,144.99064717917074,146.10589599609375,19349913,60.725599335924876
2010-08-09,145.98284217383096,151.05916857320622,145.98284217383096,150.7668914794922,26036059,66.41103327891561
2010-08-10,150.3130766022718,153.05890585873442,148.69788444079538,152.1205596923828,32136478,67.8659487619432
2010-08-11,150.7668381086017,153.67419375639474,148.0902315298772,149.4977569580078,24126129,62.24055819347786
2010-08-12,148.29026703283645,151.98215043588817,147.2134763134574,148.18258666992188,27957517,59.57395594943936
2010-08-13,149.1978036753458,151.48984145909927,148.18252839293248,150.1976776123047,18807717,62.24313687313467
2010-08-16,150.28999664442534,150.9053017547267,146.6135027807172,147.22882080078125,17307295,56.34086066946674
2010-08-17,147.29034612937738,149.1824267383281,146.52120830019885,147.50570678710938,17407340,56.75275227263877
2010-08-18,147.98260017326533,150.29002707856233,146.30587985290293,148.8901824951172,18024050,58.843562386980274
2010-08-19,149.52855223785159,156.27391671085562,149.52855223785159,155.82781982421875,31322681,67.35936604675591
2010-08-20,154.68177878337664,155.35862471962193,152.53587933725908,152.90505981445312,13829926,61.578617913745475
2010-08-23,152.82819226122234,156.39699365477017,151.52065248238011,155.5970916748047,21478556,64.59267130648314
2010-08-24,154.75101137705096,157.51992323686832,153.52038818705324,154.0895538330078,20445177,61.67484949152962
2010-08-25,152.78971033597463,154.42029092356182,151.00529700661988,151.41294860839844,21110166,56.77135633357054
2010-08-26,151.52063180211206,153.05890760973256,150.15156426776764,151.29757690429688,23825681,56.562606298316695
2010-08-27,152.28977266850538,152.28977266850538,146.636587018927,147.2826690673828,15228587,49.712132117802284
2010-08-30,148.73636264127427,150.89763809333118,147.39036468899812,148.8901824951172,9860900,52.20793744345381
2010-08-31,147.98256783051764,150.98221569692458,147.67491528030635,150.39767456054688,16651382,54.48905890007883
2010-09-01,150.8053040228605,154.24336721416532,150.8053040228605,153.0588836669922,23069332,58.27519003992213
2010-09-02,154.32031342210888,155.10483985893737,153.13584245651708,154.42799377441406,13626541,60.11362578271814
2010-09-03,154.44334256123102,155.3586188659448,152.93583092577808,153.9818572998047,10505940,59.1982965440129
2010-09-06,153.98188977166262,161.21180984564538,153.98188977166262,159.89657592773438,26211993,66.48449810268366
2010-09-07,159.9811840556648,161.3887098596884,158.92746325755778,159.7658233642578,20394539,66.2030478286654
2010-09-08,158.45060526139778,160.1734780546294,157.48917627387135,158.07373046875,14453131,62.514778306499124
2010-09-09,159.21973531077577,162.13478609918687,158.7659441562978,161.55023193359375,19452207,66.62840205683203
2010-09-13,162.90391681019005,169.77233758075496,162.30398714111138,168.90321350097656,27495979,73.30186375243565
2010-09-14,169.51850005508885,171.78746838634038,167.98022431782465,169.23391723632812,21616595,73.55797531289336
2010-09-15,169.287762526671,170.733746355839,168.46477804243673,169.81077575683594,18293869,74.02603515351362
2010-09-16,169.2108597285068,172.90272951082946,168.74937439199593,169.75694274902344,24753080,73.89457828987297
2010-09-17,169.98002818157772,172.59510792155888,169.98002818157772,171.39524841308594,17280802,75.33037294302947
2010-09-20,171.51828298298793,174.4025697230678,169.98000704942385,173.47959899902344,17251201,77.05912280302329
2010-09-21,173.51806159488405,174.2564356109178,169.98770558613046,173.38729858398438,26808430,76.80246038858313
2010-09-22,172.97196541004396,174.88712906325327,171.36446727879817,173.2257843017578,24402427,76.32340260674638
2010-09-23,172.90272485116725,176.59459453399543,166.18813726895357,169.2493133544922,11279944,65.49225925103205
2010-09-24,169.2108674740362,172.0566830879819,167.43414820165296,171.3798370361328,16652922,68.10397761832274
2010-09-27,171.91056621373076,173.95648015679714,170.74916490843867,171.53369140625,16681098,68.29061805756541
2010-09-28,171.05675084368326,171.53361156918118,168.90315754229067,170.8567657470703,19714788,66.44828221201948
2010-09-29,171.53366232924444,171.8259393886427,168.54170830940873,169.5108184814453,13729534,62.81939666410719
2010-09-30,169.2108445895327,172.44122874632816,168.79551169676122,171.20291137695312,21504956,65.37920467700143
2010-10-01,171.83364136153972,175.03326199118533,171.6721143857358,174.6256103515625,17485077,69.89431766016584
2010-10-04,175.5177857353869,179.978792856236,175.5177857353869,177.84828186035156,17268410,73.41051703610555
2010-10-05,176.6022956309152,178.2559460608465,175.63318544945267,176.5484619140625,13780156,69.86611130578612
2010-10-06,178.5944020414622,178.9328186513088,175.13326791721198,176.7715301513672,13735144,70.13262615230653
2010-10-07,176.7484332982777,177.0560858882171,174.1179784802557,174.9947967529297,12894359,65.18726300646733
2010-10-08,175.51781504740416,175.65625936232368,172.01822316632425,173.2411651611328,15274957,60.6420646255004
2010-10-11,173.82568959610455,176.27924174881608,172.8488852663732,174.22564697265625,12662463,62.2340691918741
2010-10-12,174.74866854041883,176.08697212563064,173.73340597745886,175.16400146484375,13894050,63.739596233348706
2010-10-13,175.16399043722353,179.17890094009624,174.77942150440057,178.2405548095703,23386759,68.21374053680792
2010-10-14,179.20198578711498,179.85574910797686,172.94117663191636,175.3178253173828,15209738,60.56784549098576
2010-10-15,175.5177937376165,175.82544629900033,171.9951325349946,173.00270080566406,12092877,55.28204261070539
2010-10-18,172.28743881632786,172.9027440435502,168.29559742035937,171.6951904296875,31960313,52.49561758794392
2010-10-19,173.0565454224904,177.57909353442835,171.28752062293893,172.2181854248047,21956495,53.50511572881513
2010-10-20,171.3644790172302,173.52576749019906,170.4030500147668,171.34909057617188,12450344,51.54486519172205
2010-10-21,172.4412624596129,174.11030148547107,169.68773858735162,173.76419067382812,20931966,56.33256189322796
2010-10-22,174.59486093440182,175.21017910011682,171.84133699412635,174.1103057861328,11809754,56.988468254985314
2010-10-25,175.05633332764594,178.11750966850457,174.59484796508139,175.68702697753906,13466711,59.94042185818299
2010-10-26,175.67164816484464,175.8254680096485,173.3642213951411,174.0026092529297,12090254,55.55391446759755
2010-10-27,173.41806068984155,173.7180190568482,167.45722243908418,170.2491912841797,19789264,47.255205475972275
2010-10-28,171.44138373920578,171.99516102337404,165.8343500077068,167.52645874023438,50115582,42.316955996997194
2010-10-29,168.94937294511428,181.05564810214545,165.2113501741541,178.9020538330078,53175655,60.765015255352814
2010-11-01,182.47855979476506,191.36213118110234,182.44010160216152,189.5161895751953,52388754,70.30721733400382
2010-11-02,188.90085149097354,191.77744395394478,186.01657771810397,189.4161834716797,25181574,70.13414359661539
2010-11-03,191.5158819330472,193.02339348200906,189.6699539030111,190.53907775878906,17747581,70.99744909999949
2010-11-04,192.11586390307616,195.44624755783667,190.90062901671718,194.75401306152344,16242809,74.03181442423596
2010-11-08,195.82313220863767,196.59227021247693,191.35442982032393,193.10037231445312,29505399,70.8978112453313
2010-11-09,192.43888386896677,196.5614747868132,192.00046830566237,195.23086547851562,19700472,72.51232837247001
2010-11-10,193.82335015041798,194.57709963351562,192.07739493268465,193.08497619628906,12210517,68.39645106624477
2010-11-11,193.5156701951251,194.5770850954613,189.53153657411315,190.30067443847656,12496528,63.37035930430354
2010-11-12,189.66999108986613,189.96225523181866,183.64761211144116,184.6628875732422,15188365,54.61826860420008
2010-11-15,184.6628816765631,190.26991464622327,184.18600792795024,188.16246032714844,23387001,58.453981615001844
2010-11-16,189.5161986769667,190.82373855898624,183.6092059099983,184.947509765625,21744272,53.9432584242932
2010-11-18,185.67050699103928,185.739729163411,175.17943621722503,179.117431640625,39112364,46.878595736007995
2010-11-19,179.50194635005974,179.97880719095582,175.4485775633894,176.7022705078125,17577142,44.29083261774251
2010-11-22,177.3483429379916,183.53991677443932,176.1561779904503,181.5247802734375,17846708,50.20200312672128
2010-11-23,180.28648013106456,180.8094933977941,173.51804581153493,177.9713592529297,20635851,46.30332623473947
2010-11-24,178.44053253851197,180.73257067823283,171.4029040682967,173.07192993164062,27031867,41.51597835188841
2010-11-25,174.74866230115538,178.03289321214186,169.61080882525246,171.71055603027344,41819998,40.27008198801703
2010-11-26,173.67185170731727,177.30219322527742,167.8648467042724,172.92579650878906,30729622,41.94493330724818
2010-11-29,174.74865419683363,178.9404671032212,174.34100261539407,177.56370544433594,20550194,47.94419964143504
2010-11-30,176.91765030778964,177.93292585129058,173.4642107632629,175.68702697753906,32235126,45.87826154417671
2010-12-01,176.90224670076216,181.20943412790388,176.10233198073462,179.5865478515625,23061665,50.637969529730995
2010-12-02,181.82472849747515,184.90129260790826,181.51707595936045,183.2322540283203,21933323,54.653198605818766
2010-12-03,182.44007384236266,183.16305935181617,179.51734201757213,181.7401580810547,14783175,52.76157454488815
2010-12-06,182.97845595815656,183.85528709237457,175.85621691573502,177.08685302734375,21383741,47.267083067733644
2010-12-07,176.70226163108538,176.70226163108538,169.21084248756492,170.82603454589844,34666654,41.069982475456015
2010-12-08,169.98001774438356,171.28755753408794,166.94191096565174,169.88772583007812,23239832,40.21892378638186
2010-12-09,169.83386308471262,172.3951086985525,160.7657089306617,162.79623413085938,46268178,34.41457004280136
2010-12-10,162.596266911164,173.05657165023948,160.15039578591148,171.84132385253906,37551387,45.265032642317486
2010-12-13,173.2103830796092,173.29499367385827,167.08033648942688,172.3489532470703,20001096,45.806912916460604
2010-12-14,173.0412067896087,174.28721872656172,169.726211118435,172.21054077148438,15565874,45.67413618350245
2010-12-15,169.51851568320825,170.54916671887855,164.76523082347808,165.934326171875,26295830,40.010764834661515
2010-12-16,166.74962347698548,171.07988135968387,164.3037523338144,170.0953826904297,22559251,44.889730326323274
2010-12-20,169.1647202644405,172.11821631626574,167.3726254072579,169.21856689453125,17667639,44.07624735396249
2010-12-21,169.62617631447966,175.8254444276142,169.51849598267694,175.1101531982422,22757977,50.5594992193319
2010-12-22,176.1331112516866,176.1331112516866,172.30278458919273,174.09487915039062,14806913,49.49464411286578
2010-12-23,175.21014018022592,175.36396000516194,172.71811700887056,173.7718505859375,10596553,49.14002231336208
2010-12-24,171.8259661272474,173.502686550477,171.05682808155004,172.00286865234375,11189920,47.147808760548415
2010-12-27,172.01823130459215,174.74868536312837,172.01823130459215,173.14117431640625,8825591,48.59208644655035
2010-12-28,173.2103856506698,173.2103856506698,170.54916682897223,171.03372192382812,8497280,46.08137560492897
2010-12-29,171.51828785122228,174.13336734031733,170.61070554104998,173.74110412597656,12598855,49.678544467691786
2010-12-30,172.76428925261646,175.91777030777038,172.76428925261646,174.87942504882812,20579317,51.15408156871161
2010-12-31,174.8486531478795,176.62537229999796,174.59483428189634,176.14849853515625,10779400,52.81521920097587
2011-01-03,177.51758754281255,178.1944336306963,175.2024793214047,176.1100616455078,7588053,52.756699633763475
2011-01-04,176.24084217872922,176.7792310866836,168.91861618702322,169.83389282226562,22965195,44.1538611320466
2011-01-05,168.78013791292048,169.05702653214107,163.82688091513933,164.49603271484375,29191800,38.41618949799638
2011-01-06,165.24980710909847,165.89588925785023,161.09645137515938,162.05018615722656,26233795,36.10126853161717
2011-01-07,160.75031079310753,165.81124795888843,160.1349927306098,161.39639282226562,33983851,35.485707224730135
2011-01-10,160.6349266094373,162.88082513868864,154.61256097992762,155.98162841796875,35807255,30.80142156988667
2011-01-11,156.28928928192633,160.38881050503755,154.25106999895144,157.3583984375,34005752,33.215396611723946
2011-01-12,158.56599297308512,165.24981820720234,157.57379993149752,164.51144409179688,37752814,44.122025545063885
2011-01-13,164.28837299177374,164.28837299177374,156.2893021250433,157.8275909423828,28324004,37.89455620845125
2011-01-14,158.44286023211896,162.10397826718892,154.59715842500444,155.2432403564453,24588250,35.79106825376299
2011-01-17,155.3816901688139,156.88920181938462,152.75123577109062,154.0049285888672,18208866,34.79443305036652
2011-01-18,155.36632874735974,157.51992254787677,153.84342852209767,155.58937072753906,19144675,37.203923128417706
2011-01-19,156.2739342961015,159.2120548505057,156.2739342961015,157.40457153320312,18071174,39.94199198436263
2011-01-20,156.7046268601984,164.0576017482697,154.82022750860835,161.6040496826172,19835882,45.82703684708027
2011-01-21,160.46573853500996,164.4575797106937,159.127434893424,163.91148376464844,23706760,48.7959780054074
2011-01-24,163.82687903391428,167.96484565549406,163.05772821075544,166.73422241210938,47351716,52.244021953811426
2011-01-25,167.3649228885168,167.82640823745243,158.9043796743038,159.65814208984375,38448415,44.20744824367026
2011-01-27,161.05797116651928,161.51945650829285,154.82793841722247,156.03549194335938,33297764,40.751287101348105
2011-01-28,156.59697656887377,158.4736820618289,152.78973186161866,156.66619873046875,26788206,41.60722730722251
2011-01-31,153.65882906035725,158.44287741158337,152.52819201262514,157.15072631835938,21694667,42.296894209537335
2011-02-01,156.76615913932616,156.90460343979908,152.28976330125468,153.02813720703125,25132965,38.166436970514845
2011-02-02,156.1354880972262,157.4968615515643,154.15879651107468,155.5817108154297,17083781,41.947987797271246
2011-02-03,155.36634826765894,159.6273840003274,154.32800296687012,157.98141479492188,16068459,45.33156642810808
2011-02-04,156.9046076654185,159.1735760661287,152.32053136910667,153.21273803710938,19283671,40.30426528418817
2011-02-07,151.52061758722178,153.05889325052908,149.8823429034037,150.55918884277344,18498540,37.792637285063705
2011-02-08,151.65908394197263,151.67445947137531,145.64439888758523,146.37509155273438,38561842,34.17615138557862
2011-02-09,146.29049587801194,151.659099410721,144.56762309402498,147.22116088867188,36993066,35.519827604806665
2011-02-10,147.2596227452047,149.94391166859023,146.90581769711426,147.65188598632812,18715125,36.23347391374945
2011-02-11,147.8518196923336,155.05865597478913,147.8518196923336,153.9126434326172,22211942,45.64957592707833
2011-02-14,155.38171203265807,159.72735803545248,155.38171203265807,159.09666442871094,19183411,51.973464545455
2011-02-15,159.05819894878493,164.00377436412367,159.05819894878493,162.16552734375,26982532,55.28997669067718
2011-02-16,160.98103366383657,162.9961830461645,160.63492293037163,161.6117401123047,9236227,54.55781427906777
2011-02-17,161.1887418590471,164.59602900345115,159.3889528131874,162.5962677001953,21857841,55.68142644084747
2011-02-18,163.36538416348444,165.05749263804074,157.30456020260186,157.85833740234375,35232444,49.356609011453145
2011-02-21,157.8583590750652,160.25807781642686,154.7664187389896,159.61968994140625,15063350,51.559478449297245
2011-02-22,157.93525246488164,158.90436255641453,156.15853341738728,157.9967803955078,14653699,49.426160612358444
2011-02-23,156.75079132818442,158.4121360622362,154.3049330914744,154.76641845703125,14496949,45.39954560125659
2011-02-24,154.3202890578095,154.44335783091316,145.1675251057457,146.3443145751953,43431096,36.9481247893567
2011-02-25,149.1209244059802,153.2973494737668,148.62867507803352,151.71292114257812,26761487,44.0926415761024
2011-02-28,153.48963996817125,154.82024941171858,147.9979809988134,149.34397888183594,36869228,41.83974397475111
2011-03-01,151.35141657608725,158.44287856765317,150.48997390114374,157.85833740234375,26361698,51.44283043835943
2011-03-03,155.21250178136776,159.3197173019739,153.22043486490696,156.83538818359375,34432750,50.36682145108555
2011-03-04,158.44288691458434,160.9733684506576,155.58169595867878,156.3431396484375,18568319,49.82672856417431
2011-03-07,155.0202260953578,155.98165502638048,152.59743758255507,155.38941955566406,17101144,48.73629893869152
2011-03-08,156.13547265817985,157.6045263175777,154.61257237406238,156.9969024658203,15472270,50.69486201279796
2011-03-09,158.39675266166773,159.9811809377705,157.10458853840893,159.25048828125,17054807,53.38377720453587
2011-03-10,158.13523699590937,158.13523699590937,155.074060837085,156.06625366210938,10533066,49.29317401716069
2011-03-11,154.90483851058167,157.67373736042256,153.85111784571293,154.8894500732422,14535279,47.8343544553698
2011-03-14,154.88945387358535,157.1507279931485,154.74331535432609,156.7661590576172,10378098,50.35752083527595
2011-03-15,152.28977586169003,154.35875923032827,151.63599958019014,153.30503845214844,21340874,45.94391276586849
2011-03-16,154.135734013279,159.0428392196684,154.135734013279,158.0506591796875,22552920,52.13804957310558
2011-03-17,156.9046177198357,158.04294910266972,154.47413511173355,155.6509246826172,31400270,49.07568157200242
2011-03-18,155.9124303498756,157.21227584039536,153.8357526710243,154.22032165527344,11674993,47.29234199655029
2011-03-21,155.35093072880736,155.80472178985784,153.36654531797424,154.38182067871094,10459223,47.52416817882559
2011-03-22,155.051000072432,155.88936019773573,153.41272510136187,154.46644592285156,18005289,47.65409123421724
2011-03-23,154.08955357181193,160.54264077173568,153.7126788513849,160.11961364746094,28313109,55.56812894477116
2011-03-24,160.97336587271408,163.8191812543325,160.97336587271408,161.99632263183594,16644864,57.846571185821674
2011-03-25,164.71906479893974,168.74936379344916,162.9269701914225,167.84178161621094,21900758,64.03316997066439
2011-03-28,165.98049782616135,171.59521318173296,165.83435927694526,169.3339385986328,31802133,65.42800877487615
2011-03-29,169.21088855545145,170.74916466604054,168.13408495022605,169.13397216796875,19421473,65.06385158461447
2011-03-30,169.98000885878312,171.5875198780383,169.29548148316184,170.61070251464844,14285155,66.54472709629718
2011-03-31,171.08756044162706,173.51804293001845,168.84166175506508,171.70286560058594,39723216,67.63732148095211
2011-04-01,171.48752018403763,172.13360227723172,168.44173226561884,169.65696716308594,17402236,63.456589066323495
2011-04-04,170.0184376730923,173.35650210440215,170.0184376730923,172.16433715820312,16912005,66.21294528639325
2011-04-05,173.01809900741253,173.50265407814646,169.841548370799,170.94142150878906,14686804,63.68970695364512
2011-04-06,170.5645872119534,172.2105437446724,168.59557667580873,169.28781127929688,17832133,60.341204121937686
2011-04-07,169.21086667423802,171.42598863455746,168.24174355485567,169.826171875,15195235,61.05902005560672
2011-04-08,169.90307542829407,172.11819722141666,167.8802445644984,168.9493408203125,18281763,59.18023290418272
2011-04-11,166.9034278510457,170.50300561793418,166.9034278510457,169.3031463623047,17869494,59.718829036473515
2011-04-13,168.25715048597348,173.8257264227106,167.08805498432287,173.34117126464844,27268070,65.33981643057442
2011-04-15,172.2797545451591,175.21018103814288,168.9416892838325,169.47239685058594,32808215,57.116264851861544
2011-04-18,169.5339270977447,171.8797994222333,166.372751405964,166.7650146484375,32784537,52.168066529411114
2011-04-19,166.74963051353478,168.21099013935367,164.9036889759052,167.68028259277344,19193520,53.630588010377565
2011-04-20,169.780032043917,171.34907192157658,168.44172838865035,171.1106414794922,13743636,58.72451266175653
2011-04-21,172.54892043524478,172.8950312020004,170.97988065603124,172.05667114257812,13116108,60.02863922314884
2011-04-25,171.4413668917412,173.26422554617363,170.61068813735412,171.1567840576172,15140691,58.14663721607762
2011-04-26,172.05667640902018,173.11809139940195,168.92627806422044,172.51046752929688,22127270,60.16960952663046
2011-04-27,173.5103759683366,173.59498657312307,169.51853438813697,170.2646026611328,24888902,55.386455844743274
2011-04-28,171.97976601665331,173.5103606194441,166.90344001290018,171.90286254882812,63212490,58.00874089203526
2011-04-29,171.67210046867984,173.51804175255774,169.68771487948746,171.4336700439453,26534112,56.9758441844376
2011-05-02,171.33368379514826,172.02590532119794,168.34941119448158,168.9493408203125,12139336,51.72414831190491
2011-05-03,168.59553529008863,170.433782347471,162.5039471513632,164.25758361816406,34744754,43.5584666140627
2011-05-04,163.01926902174452,164.90365545777146,160.41188423018787,162.69622802734375,23253048,41.22597032416759
2011-05-05,162.59628560151845,164.1807141247313,157.05847353608303,158.4429168701172,26183866,35.6288994950996
2011-05-06,158.90439715704545,167.4726216590159,158.83517499257746,166.7188720703125,31367308,49.88583216797604
2011-05-09,168.1955961028539,168.1955961028539,164.01915835190155,166.5957794189453,11077110,49.70948313164443
2011-05-10,166.2881482167306,166.9034534675217,164.01917944374495,165.54977416992188,11888525,48.151745452375955
2011-05-11,165.82662016782174,166.3957857697435,163.21154125022767,165.62664794921875,11803324,48.28002058514784
2011-05-12,164.59601855794583,165.9727803421052,161.5194539644968,161.85018920898438,12828887,42.69213618117941
2011-05-13,162.2886095360762,168.65710009903736,160.79648593832871,165.06521606445312,23128644,48.18981831577864
2011-05-16,163.59615199702597,164.1037898014672,162.28861220385105,162.71163940429688,10263132,44.80148415560196
2011-05-17,162.75009129167083,163.48077108874588,157.3661124699468,159.94273376464844,19981456,41.136882200443495
2011-05-18,160.75031975828128,161.7886521025901,157.6814493132724,158.7890167236328,17008519,39.680461130752235
2011-05-19,160.5964880193203,160.5964880193203,157.48147805698696,158.45828247070312,9594981,39.251442890001826
2011-05-20,159.673519614882,162.15015467284474,157.67375835101066,160.4734344482422,14523778,43.275663532926615
2011-05-23,159.50429009615226,159.50429009615226,154.289520482971,154.8894500732422,20182530,36.13285280863293
2011-05-24,155.07404520091376,158.5890121210773,155.07404520091376,156.72000122070312,14121596,39.64949874722553
2011-05-25,157.05845665641007,157.05845665641007,154.35107240579117,155.17405700683594,22213400,37.758619196612784
2011-05-26,156.68925354610687,158.75055557676228,155.96626802833399,157.8660430908203,24824552,42.86801074595105
2011-05-27,158.48132914169597,165.16516504108995,158.4736478329953,164.31141662597656,21147302,52.848378859219245
2011-05-30,164.90366881032594,166.64962400128323,164.61139175699768,165.78048706054688,12552633,54.78707193044719
2011-05-31,166.2573719830474,168.41096602151174,165.0728881615214,167.07266235351562,12853775,56.48197589391987
2011-06-01,166.7188554895203,167.44184103430842,164.44988690909108,166.8572998046875,14988578,56.104478960432026
2011-06-02,165.45468808149778,165.50144394361396,162.44698483042453,163.45994567871094,16240906,50.38377386601623
2011-06-03,164.41057798256742,166.43649988818345,162.24441463325772,163.2261962890625,12010872,50.00596841502521
2011-06-06,162.07301138265447,165.81315417742064,161.37172561712197,164.8859100341797,8044250,52.71709068755712
2011-06-07,163.67817390298373,165.77421043616928,163.63921285202213,164.58982849121094,7526590,52.17353501060768
2011-06-08,163.6547734214604,165.56381241762568,162.07301245279476,163.4833526611328,7484163,50.094793578388355
2011-06-09,162.85221316175816,164.70670152793414,162.46261575463797,163.31973266601562,11750871,49.77894782016089
2011-06-10,163.631396517896,163.631396517896,159.9847524871795,161.43406677246094,11831715,46.16633892526186
2011-06-13,160.54582047786718,163.00808328335756,160.19517098497673,162.01071166992188,10309585,47.42294705311014
2011-06-14,162.22888243893598,164.79245194729623,162.22888243893598,164.49635314941406,13611840,52.56310987183518
2011-06-15,163.78726891022762,164.2236222359411,160.07829179879792,160.69384765625,10068916,45.27152686063051
2011-06-16,158.9562471968864,162.68081407648398,158.66014841972867,160.2808837890625,17063546,44.54875173282734
2011-06-17,162.05745682170016,162.05745682170016,159.58739915374116,160.8574981689453,8868018,45.84875546002047
2011-06-20,160.65485680970036,162.35351391875818,157.39782328045953,159.7120361328125,17278728,43.65904152525447
2011-06-21,160.0003454387817,161.76132196999643,156.3692779043299,158.02117919921875,25492472,40.57823892825931
2011-06-22,159.6341427244893,160.10945710000706,157.39785156098026,158.78482055664062,15268286,42.549967873824095
2011-06-23,158.33287409143063,161.44187183280172,158.0757494617434,160.54580688476562,16378895,46.92371283420322
2011-06-24,161.3093997714132,166.57677919990076,161.2938231991577,165.82875061035156,30416006,57.401356659411384
2011-06-27,164.31711679770734,169.04683674746525,163.19506728521122,168.21310424804688,31891365,61.13083174945277
2011-06-28,168.3065864488208,170.17666442705965,167.27025396695055,168.82086181640625,18590737,62.04302719968446
2011-06-29,169.84941597995808,170.59744462823818,168.85204444891795,169.4364471435547,23534104,62.99043977740019
2011-06-30,170.02083235787737,171.34546884047725,167.83907892056968,170.5896453857422,30256534,64.76473356798053
2011-07-01,173.19213909117306,173.19213909117306,169.5688795874093,170.62078857421875,15351198,64.81379360141142
2011-07-04,172.9817960908253,173.26230521688814,170.6831723752726,171.3844451904297,9907144,66.06163925249544
2011-07-05,171.71169207857423,171.71169207857423,169.56110490092468,171.00262451171875,11382959,64.82378694020737
2011-07-06,170.22343579784558,171.4233943267057,166.99755491525744,167.5975341796875,13279783,54.9373255389708
2011-07-07,168.21309681565674,170.5195151112664,165.68070704661318,169.84161376953125,21552668,59.33864255925338
2011-07-08,170.04417773319582,170.62077237572527,164.6833005861108,165.220947265625,22574838,48.77499359517695
2011-07-11,165.1898019555538,165.1898019555538,163.07818892319787,164.25477600097656,11887007,46.89508032486696
2011-07-12,162.38470250832927,166.03914181901115,161.62108422475535,163.10935974121094,14191237,44.69570043109496
2011-07-13,163.63141228602524,165.23655783078095,163.06259927193335,164.25477600097656,7449898,47.354694100382744
2011-07-14,163.6158539990922,168.929976967802,163.0392460949261,166.6001739501953,13062016,52.401215825097296
2011-07-15,165.9689931880566,167.37153851824192,164.80018797481526,165.2910919189453,8569632,49.5463906359349
2011-07-18,164.72224528726625,165.11184258584487,162.36905877072135,163.25735473632812,8912761,45.40754849508183
2011-07-19,163.00029444987547,166.73264331082333,162.24447088534185,165.47035217285156,9965032,50.27510988274965
2011-07-20,166.12482386467582,166.59234333305614,162.43143706660604,162.90673828125,9530686,45.24261931519173
2011-07-21,162.38469551441605,164.2781449508128,161.6444617402795,162.22885131835938,7679364,43.9887257559847
2011-07-22,163.31973136247223,166.74819898061844,163.07818332612752,166.44430541992188,14966286,52.75713693774555
2011-07-25,166.42095507338126,168.92997365857693,164.64438859380013,167.50404357910156,11831814,54.677987298946775
2011-07-26,167.67545287214529,168.25985555130706,160.94318213732768,162.00289916992188,23305628,44.551500207502976
2011-07-27,162.29899668970143,163.03924362495317,158.74586371476406,159.71986389160156,14696011,41.145730118814
2011-07-28,157.72512061246627,161.37175226545094,157.39785561164987,158.55885314941406,21029090,39.49234430238241
2011-07-29,157.55364338035352,163.7872270971502,156.4004409863831,161.56651306152344,35954077,45.59179853816017
2011-08-01,164.06774866665455,165.14304213607278,161.8704058574106,162.90673828125,11485974,48.102311164928366
2011-08-02,162.0574311008698,162.28340257020704,158.66012962810004,159.22116088867188,16090563,42.319359542428316
2011-08-03,157.77963751625532,157.77963751625532,154.3355802515187,156.14332580566406,21226898,38.19021390889929
2011-08-04,157.1640928865505,158.17705413911858,154.28106642429188,154.77195739746094,14940392,36.48218418622789
2011-08-05,151.16424651427894,152.6758932953484,148.04745428593014,150.61880493164062,25544739,31.8381111132351
2011-08-08,146.49688151999274,151.9434641028517,145.46054889674735,148.187744140625,18978404,29.473032083306663
2011-08-09,142.59309235619392,150.79025427462878,141.88402476514295,146.512451171875,29403467,27.93311491272621
2011-08-10,150.2214409095483,151.35127215719385,149.2474407879353,150.18247985839844,18588124,35.84153752088871
2011-08-11,149.37209311764263,151.1408776081456,146.4890671251552,146.88645935058594,21163912,32.40249389590507
2011-08-12,149.496791931753,150.38507517422372,145.25016790734915,146.48129272460938,26148012,31.996072864667198
2011-08-16,149.93312873178667,150.49414691178148,145.34365056013752,145.80337524414062,16205882,31.288915454119305
2011-08-17,145.39820838326884,146.80075390196694,141.29183917099473,141.78273010253906,32595326,27.418428763161955
2011-08-18,142.59307652302522,142.59307652302522,134.22450783408925,134.61410522460938,43620357,22.15595114655477
2011-08-19,131.68433097734243,133.00117258690221,128.31040090310663,129.68179321289062,47374162,19.397346897822274
2011-08-22,130.12594059656743,133.6401255497871,128.63767807668756,132.61936950683594,20057889,25.358148942929233
2011-08-23,133.5543921316476,134.5361870005657,129.61166224103516,132.79856872558594,25564489,25.719030399296003
2011-08-24,131.68432384494878,133.85828226073428,129.95450043961105,131.2479705810547,16749628,24.61024882119527
2011-08-25,132.44797098312327,133.08691143136116,128.95716992201926,129.94674682617188,31804679,23.687367994250607
2011-08-26,129.74410632152433,130.4064179010732,126.83769619162149,127.82728576660156,19450365,22.225401636803227
2011-08-29,130.12592617609215,134.59852114493032,130.12592617609215,133.71803283691406,16352996,34.35277060506253
2011-08-30,135.58030928493997,138.1984026811262,134.02190665728432,136.08677673339844,19674077,38.505176410803976
2011-09-02,138.93087685701622,140.20875753769855,136.53874145459062,138.2529754638672,38295103,42.111311333782524
2011-09-05,136.6712000666414,138.5724444980969,134.86346739258528,137.6374053955078,18440438,41.36890558800817
2011-09-06,136.35951625187926,139.67110087907926,133.28947967224408,138.58023071289062,28641646,43.02566797394639
2011-09-07,139.32045692131373,141.2762387510913,138.71268288334693,139.84251403808594,18460090,45.256046997625766
2011-09-08,140.55159605239137,144.61900432285603,137.76206843482663,143.2086639404297,23734656,50.78860981746747
2011-09-09,144.26836388934439,144.26836388934439,139.27371149508053,139.75682067871094,17818630,45.689346438178134
2011-09-12,137.18545998259512,137.76205472137053,132.98557932211182,134.3881378173828,20189950,39.1119767741883
2011-09-13,135.96992184929638,137.19325176574122,131.21681749974704,132.83753967285156,14670975,37.43572316683277
2011-09-14,133.5310418428931,135.36995390201838,130.91293485713956,134.65309143066406,22201311,40.64341699621521
2011-09-15,136.35948315105915,137.51268548599296,132.60375131192185,136.54649353027344,15777349,43.875185905616426
2011-09-16,138.85293495746532,139.46850380979745,135.73614272711654,137.74647521972656,34330356,45.886114159401046
2011-09-19,136.7802836803622,136.7802836803622,133.3985716852483,133.94400024414062,11492277,40.88689454629293
2011-09-20,134.37256158750685,138.35426600783705,134.03751485052638,137.50494384765625,14962002,46.73901847170798
2011-09-21,138.21399359473685,141.00352085281983,136.68677025323876,140.44248962402344,17767211,51.04462511436546
2011-09-22,137.15429375984235,137.69972227586499,133.04791176761736,134.3881378173828,16171727,43.27909589372365
2011-09-23,132.19855403677442,134.94132476348767,130.64795967128256,131.48948669433594,16569982,40.13122821319213
2011-09-26,131.52848468715035,136.2893835679044,129.81425086649014,133.71803283691406,22269373,43.53180481807388
2011-09-27,136.28157712034172,139.8425041758167,136.14911741380618,138.08152770996094,16565763,49.571633712059935
2011-09-28,138.77505124321996,139.0088175913946,133.64793818084902,135.3855438232422,17561780,46.27808838355235
2011-09-29,134.35698716209734,139.58539301491717,133.7258416514515,138.8061981201172,25041192,50.749244990895576
2011-09-30,138.57247810052638,138.57247810052638,134.9569987971294,136.42189025878906,20190109,47.76511924863591
2011-10-03,134.02192446512967,134.02192446512967,130.2895760292769,130.76487731933594,14760988,41.52607654136704
2011-10-04,129.97009942673006,131.60641120531776,123.29237951153118,124.8196029663086,32054121,36.177748475849654
2011-10-05,124.82740359269022,125.29492313380746,118.65615088136954,121.43789672851562,46823914,33.53224446701469
2011-10-07,127.33640589619196,129.59608144342192,127.00915399609654,128.48182678222656,34183363,42.89872683932437
2011-10-10,128.55195900037762,132.12068152090168,127.1883744880407,131.318115234375,17562314,46.187034735279845
2011-10-11,132.7752139607835,134.177772629835,129.20649137420986,129.73634338378906,16706844,44.642996157938526
2011-10-12,130.90512433537728,134.5439869631487,129.93113733315468,133.9751739501953,22795839,49.513769392807596
2011-10-13,136.43745501704385,138.5101203566761,134.9569741693487,137.1153564453125,32000985,52.825294460918975
2011-10-14,136.67119046938328,140.25550241808986,135.90757220422554,138.7594451904297,18327496,54.50776484066744
2011-10-17,139.47630159574518,140.73860566766052,138.24517682807107,140.0762939453125,14377132,55.86548999108257
2011-10-18,138.38543306482816,138.39322789098318,134.96475992523617,136.59327697753906,14456079,51.48837320772414
2011-10-19,138.38539378688588,141.4865958810133,138.38539378688588,140.90220642089844,14040647,56.07367445593997
2011-10-20,137.97241892969168,138.22177483703007,135.6036685956203,136.8347930908203,14801732,51.15814367021772
2011-10-21,137.13867051274747,137.6529457585954,135.04263464794363,135.66598510742188,10742424,49.80697030855085
2011-10-24,137.8867242661312,139.86589045781747,134.18554263153086,135.3387451171875,17946791,49.41346599273024
2011-10-25,136.9828571869028,138.99318968220376,132.8764883550802,136.8893585205078,41863701,51.373893197410275
2011-10-28,142.07103161263032,145.7098812305112,142.04764713533896,145.45274353027344,37484238,60.48215780554416
2011-10-31,145.7098576912903,148.6162678677503,143.613821534881,145.10987854003906,29742339,59.99758142912808
2011-11-01,143.05278914400355,143.91770077117118,139.08667522527332,139.4762725830078,29988117,52.54789049085995
2011-11-02,138.02702658243936,140.8710923533063,133.89728509401837,137.91793823242188,24366930,50.67356575054823
2011-11-03,137.138686611376,138.94641885034684,135.43224785306893,136.8347930908203,26032380,49.35579932947673
2011-11-04,138.63475803166716,139.00877885308853,137.02181776159821,137.80880737304688,17798830,50.59987939999771
2011-11-08,137.8399484358784,138.22954575791786,135.68158005649352,137.3412628173828,14542528,49.965381509829086
2011-11-09,138.19065255740276,138.5958397258032,133.6011862651838,134.3570098876953,30353092,46.00041302481403
2011-11-11,133.43751878507726,133.5543888477253,127.27406162261317,127.94416809082031,45793786,38.86347753045037
2011-11-14,130.5778642485816,130.81941227757073,126.81433696145133,127.94416809082031,29633483,38.86347753045037
2011-11-15,127.63251313985815,128.24808208743832,121.9833304352951,123.08979034423828,24873563,34.20454645623549
2011-11-16,122.64562556601825,124.82737862871865,120.55737116141583,122.93392944335938,28535793,34.06335113846336
2011-11-17,123.19108249791786,124.49234765897667,120.65091078607531,121.27426147460938,23036904,32.52375824859709
2011-11-18,119.99637323903755,120.50285381569498,116.56790543220791,120.011962890625,28100193,31.36269090716108
2011-11-21,118.88990729913219,119.37300337356989,113.12384215748897,114.01213836669922,26758259,26.517127329106543
2011-11-22,115.32898206609423,117.19125220515751,114.41731444255282,116.1705093383789,38140432,30.667075959193284
2011-11-23,115.31339783405681,115.32119265995902,110.6460104109062,113.24852752685547,35767616,28.334140430157575
2011-11-24,113.13942585445824,114.69781539413222,112.04854271383412,113.77836608886719,29724508,29.383173795604236
2011-11-25,113.03034127938713,114.48743737818153,111.05896981463431,111.92388153076172,27487955,27.846733840124585
2011-11-28,113.76279516007027,117.46399054372463,113.45891464282377,116.85621643066406,31005744,37.245592922622016
2011-11-29,116.95749480759524,117.81461170030816,112.61737272436179,114.37834930419922,47558362,34.7935502236236
2011-11-30,112.82774442918333,114.42509492837745,109.85120696849562,111.02779388427734,175381222,31.749745032113466
2011-12-01,117.50293223968333,120.93139968923079,117.36267770427933,118.77301788330078,56778700,43.955230449795245
2011-12-02,119.26390959972154,123.42482905560834,118.1418733085632,122.75472259521484,38640305,49.00422312105228
2011-12-05,122.4898161014974,123.15992270417081,120.26131961752425,121.48464965820312,25876042,47.53322791760869
2011-12-07,122.17811362212578,122.47421234213482,119.15483321517128,119.66130065917969,35551543,45.42508838088152
2011-12-08,118.20420668828044,119.31846124179626,115.17313140313811,115.99128723144531,39494048,41.441118489027474
2011-12-09,113.91863757230807,115.62507672626485,112.53166858308427,113.94200897216797,41202469,39.365016578174
2011-12-12,115.94453682375539,115.94453682375539,109.72655485128737,110.19406127929688,31186853,35.82963084347281
2011-12-13,109.08761363995599,111.03560732453408,107.55259532275106,110.0927734375,32788915,35.736222967780236
2011-12-14,109.08761812793861,111.7368846781031,108.0590738104815,109.77330780029297,45207921,35.422553287828435
2011-12-15,108.7759405792379,110.00707849444335,107.38117670043657,108.86944580078125,27702009,34.49988788550863
2011-12-16,108.96293594466832,111.42519835579772,103.6098526671949,105.34745788574219,42420169,31.10048984431461
2011-12-19,104.72410365377289,104.72410365377289,99.89308390511242,102.41767883300781,34087234,28.577901618199803
2011-12-20,103.16570586222883,104.56826439113773,101.00733044738162,101.82549285888672,25864234,28.082090231787305
2011-12-21,105.3318895143505,110.49017481033066,104.66957121458088,109.45384216308594,43980706,42.03355906372212
2011-12-22,107.52921402618576,115.4770196407632,106.53184254637317,113.47449493408203,48452464,47.78323681208825
2011-12-23,113.5134289596596,114.44846787675372,111.31609927519682,112.47709655761719,30488474,46.54973206312911
2011-12-26,112.36023413459087,114.49523152389612,112.05634058053745,113.70044708251953,14152754,48.312196162853475
2011-12-27,113.31085278279606,114.38614633202117,112.41477482510847,113.15502166748047,18044147,47.55923189640979
2011-12-28,112.3134785735729,112.32906822400484,108.20710971982288,108.67462921142578,20522848,41.79656463812331
2011-12-29,107.74736924915024,109.24342617141292,105.53445008348288,106.89804077148438,26730649,39.74031663829318
2011-12-30,107.58376354773344,109.05644944252364,106.0643283147291,106.69548034667969,14003913,39.50169867867679
2012-01-02,107.55257829295755,109.00967427792185,106.76558873358513,108.5499496459961,14927627,42.88302242890128
2012-01-03,109.86681143349452,113.60695447691582,109.86681143349452,113.10826873779297,18500311,50.24434399777653
2012-01-04,114.29264936885116,116.72374558972396,113.8251298587936,115.80428314208984,32952243,54.018949984087605
2012-01-05,116.10038691172184,117.93929880806634,115.16534785111054,116.58349609375,23203350,55.07964609061794
2012-01-06,115.6328765830405,118.90550047703617,113.45112296085408,117.14452362060547,22273933,55.86899426078592
2012-01-09,116.2562112214084,117.65875649376089,113.91861396987989,116.5367202758789,18357806,54.74659809722959
2012-01-10,116.98867754882988,121.39894060354044,116.88738404188106,120.6976547241211,22240036,60.584477039294406
2012-01-11,121.2586625178132,123.11315074566704,120.48724950797158,121.57813262939453,27287084,61.71011866416508
2012-01-12,121.53918074692706,124.172863929464,120.63530796082603,121.77293395996094,27573436,61.96889818187519
2012-01-13,122.77029762970798,126.18318848923995,121.67942757378718,123.02743530273438,32983258,63.671665332923084
2012-01-16,121.86647601389295,124.11056234705742,121.13402381234536,123.36253356933594,27942612,64.13360978851911
2012-01-17,124.67155072479909,125.35724687603802,122.08461031557783,122.41967010498047,23766616,61.75418504573757
2012-01-18,121.52358462977908,121.8586443984841,118.74964705131008,119.94181060791016,24342285,55.886023633667506
2012-01-19,121.63270436951342,124.96767403245707,121.63270436951342,124.23522186279297,24162462,62.53002296842309
2012-01-20,126.85330744323157,132.71287149005792,126.85330744323157,131.2869415283203,53063989,70.41215837697345
2012-01-23,131.37263445834796,135.82965265018035,131.37263445834796,133.5154266357422,25234418,72.38887301500147
2012-01-24,134.02190261057928,139.47627894626896,132.0037884670145,138.39320373535156,46604728,76.14549876545398
2012-01-25,138.9776035101716,139.47628923389075,135.47122687196494,137.14649963378906,31109006,73.3968616320617
2012-01-27,138.38544985639774,138.77504734718173,134.66867750046353,138.37765502929688,25271570,74.38037465727693
2012-01-30,136.6711712073844,137.33348280270138,132.1518339372561,132.8063507080078,24137976,63.025280892750715
2012-01-31,133.9829677314594,141.3230130155116,133.85830282466128,140.59056091308594,56490241,69.93209657926147
2012-02-01,141.50221214597218,141.8684381545275,136.8270301928165,138.6815185546875,43818566,66.6441791711655
2012-02-02,140.09964700238126,142.09438981289114,137.02181586831009,140.6217041015625,46734902,68.2766154946437
2012-02-03,140.87885089460036,143.1774874018883,139.0243625005347,142.79568481445312,27169367,70.04559353272809
2012-02-06,144.15148403140375,145.99817755582774,143.26318782617093,144.6267852783203,32126297,71.48776012638086
2012-02-07,146.44232349768907,147.45528466990655,144.30732590437367,146.13844299316406,21908854,72.65809322190616
2012-02-08,144.60343925684583,144.90731979204256,141.98533221241775,143.4424285888672,123255759,67.34851978188249
2012-02-09,142.76451577856162,147.22931631565203,142.3047910597582,146.45791625976562,31702544,69.99007994555801
2012-02-10,145.39820095199644,146.3332268904839,142.7956839709556,145.0008087158203,21887888,67.16257293535415
2012-02-13,144.7748461016758,147.39295289382682,143.21645636365832,145.65533447265625,26742848,67.79200762423957
2012-02-14,144.46315693712037,148.04745560706945,144.41640106431535,147.065673828125,21797572,69.16360522388446
2012-02-15,148.37473983961513,153.80574578756844,148.37473983961513,152.90188598632812,30846134,74.08231690404332
2012-02-16,152.87847803359796,153.01873257013642,149.76168585100842,150.97723388671875,17470497,70.11060849944553
2012-02-17,153.47068585872412,155.41867293047608,152.02137144505957,152.9720001220703,23888958,71.7981880935285
2012-02-21,152.25513125053254,155.6524325911301,152.0992870600091,154.48362731933594,17884201,73.04040634490462
2012-02-22,154.2810498610844,154.2810498610844,148.2422702053389,149.2474365234375,26260360,62.73253109594139
2012-02-23,148.35915397179545,149.46561379315932,145.25795115738873,147.10464477539062,31112955,59.0593382059878
2012-02-24,146.6760519878519,147.0968155372807,143.07616426735515,145.1877899169922,24143553,55.90577496572873
2012-02-27,145.30471432866756,145.30471432866756,137.40366334904766,138.2997283935547,27078117,46.33194022205181
2012-02-28,139.6321517895866,143.3411289823239,139.5074868815456,141.93858337402344,27126286,51.09648831221783
2012-02-29,142.59309215838329,143.6761806083581,139.8425256478579,141.23728942871094,27450786,50.17202961063866
2012-03-01,140.64510670092957,140.64510670092957,135.59590350223613,137.6841583251953,22889075,45.66419386864617
2012-03-02,138.85296234884945,142.55414486100324,136.35953330412045,140.67628479003906,23122115,49.75799526056693
2012-03-05,139.75680017324262,139.75680017324262,135.35433285670197,135.6348419189453,22522533,43.7736940985593
2012-03-06,135.58031294081104,138.8529363135716,132.46352068002213,132.97000122070312,43440551,40.9688699521834
2012-03-07,132.61936029840436,135.25305666316177,131.44277320436254,134.04530334472656,33588164,42.56802339340381
2012-03-09,136.66337359273533,142.9203288420685,136.50754249743522,142.46839904785156,33285477,53.2513004013559
2012-03-12,147.11245196816685,147.11245196816685,143.22425915430927,144.76705932617188,30684005,55.674515448799
2012-03-13,145.7566534114622,146.98777827002326,144.55668170230774,144.90731811523438,15392685,55.8249817127884
2012-03-14,147.54876792895382,149.23183546331373,147.21372123424615,148.6552276611328,28866101,59.7562096292707
2012-03-15,148.82665846657548,149.07600131552633,143.93330015145312,144.9618377685547,17542272,54.59962788308023
2012-03-16,145.8657280545255,148.65524252135066,141.88402373853836,143.01385498046875,26255856,52.04850282493435
2012-03-19,144.4631401537086,145.01636342360467,139.49186015614515,141.48660278320312,17366497,50.07309474368079
2012-03-20,141.77493398494178,143.6839731481511,140.2632870745986,141.59571838378906,15039469,50.218465695661415
2012-03-21,140.58276606045993,146.45790659199056,139.82694262810804,145.56182861328125,19473910,55.311760873453075
2012-03-22,145.87351210754446,146.45791480250662,139.18021532084327,140.20095825195312,20007922,48.14192479626851
2012-03-23,141.3152097450012,143.90215027072531,139.80356282971178,141.8996124267578,18745826,50.33859613423431
2012-03-26,140.8321019088201,141.034688892667,134.97253824200598,135.96990966796875,21647994,43.423665785684165
2012-03-27,138.22959771070788,138.4399926375344,132.77522007359585,136.81146240234375,45526915,44.58707075345153
2012-03-28,136.32055381477298,136.32055381477298,132.88429124660718,133.92062377929688,37140526,41.435035804021005
2012-03-29,132.61937220022432,135.63487143263254,132.01939290003205,133.359619140625,46255594,40.83177154912682
2012-03-30,134.64527189726547,139.35161989964473,134.4972225342303,138.72825622558594,32431927,48.55138942768296
2012-04-02,138.35421271462934,139.20353454765652,137.30229087366527,138.76718139648438,11001446,48.60374824751833
2012-04-03,140.4113367448184,143.1852876948604,139.943817215678,141.53338623046875,17691256,52.31750664321631
2012-04-04,140.09966630997636,140.3879702476555,137.20105035952432,138.73606872558594,14909625,48.50092684352112
2012-04-09,136.72572041226798,136.8737697772989,134.60631266474252,135.12057495117188,11466477,44.03010308799116
2012-04-10,135.7127701274474,136.29717275251036,133.25050781850618,134.61410522460938,20557586,43.42621008530331
2012-04-11,133.25829175863262,136.3594940578532,132.61933848866317,134.7543487548828,32322361,43.65665490523025
2012-04-12,135.75954910489165,137.90234165672518,135.5959100643122,137.0374298095703,17417158,47.41209407997675
2012-04-13,137.9179094787537,140.38017205050215,132.54145445287296,134.80111694335938,24283341,44.29755505424293
2012-04-16,133.73363031075343,136.58549029506716,133.73363031075343,136.14134216308594,20013075,46.56311561266322
2012-04-17,137.2945591714479,139.15682940868723,132.8531301240676,137.988037109375,39678342,49.60465799286567
2012-04-18,139.17243878853023,140.08409351079507,136.64004857509923,137.33352661132812,19053287,48.54991331734393
2012-04-19,137.45036968595267,137.70750735366926,134.98810747711264,136.8036346435547,16033732,47.666241121249556
2012-04-20,136.0478323804628,136.98287145607637,133.32065033491816,134.18556213378906,16000858,43.457550583464965
2012-04-23,132.4635069560516,135.34653263233648,130.29734355626283,131.51287841796875,17939993,39.61236390929473
2012-04-24,132.46352110848454,133.00116787329895,130.64019900327477,132.12066650390625,17862146,40.89315777961328
2012-04-25,131.69210947053017,133.32063943298252,128.918171774466,130.65577697753906,29238880,38.759397607306745
2012-04-26,130.92851650908096,131.78563349170648,130.20385925545986,131.131103515625,24080837,39.85602466752282
2012-04-27,131.7622251820487,136.3594976781396,131.0687473581544,134.1543731689453,80624329,46.427069276094166
2012-04-30,135.65823706694036,138.54127644159783,135.65823706694036,137.50494384765625,28953732,52.60699321896593
2012-05-02,138.04257830788183,139.47628996213558,136.64001979813636,137.4581756591797,21254607,52.515929532017225
2012-05-03,136.37508278021198,137.09194512294673,132.62714513115998,133.64010620117188,25787019,45.579315801299494
2012-05-04,132.5025037453257,132.9544336629885,127.04811311295872,129.8688201904297,30391718,39.96420918728028
2012-05-07,127.74936550048841,133.0868584919712,124.20401513508656,132.19078063964844,36282735,44.49787831324237
2012-05-08,132.69730735634843,133.08690485239111,128.7234102809994,129.37013244628906,21579195,40.49711835879953
2012-05-09,128.10001894662685,129.03505796787346,126.23773572966672,128.09222412109375,28400064,38.7952828765209
2012-05-10,128.41170446989628,130.35970476545853,125.69230411368888,126.8766860961914,20493286,37.19417032723698
2012-05-11,126.07412078618677,128.25587433326328,125.23258036221445,126.7286376953125,15680747,36.99391086783957
2012-05-14,127.0091411154288,129.33114887685016,124.0637696847407,124.78063201904297,25823094,34.37157240547276
2012-05-15,123.76769534416448,128.02211431633185,123.26900954193223,127.29747009277344,19189131,40.26338406876245
2012-05-16,124.51572110114515,125.00662514373278,121.55477258563398,123.79885864257812,25680253,35.493277490208825
2012-05-17,124.3442992577403,125.7312682831992,121.64828331314773,122.71578216552734,17934966,34.14466027646293
2012-05-18,120.01975217561173,126.22993929732861,119.7392300099555,125.4819107055664,24381560,40.37574267251698
2012-05-21,124.21960646363304,127.60131787471116,124.21960646363304,126.40135955810547,17162794,42.3290453314517
2012-05-22,127.79613566661,128.54416425155557,124.42220566970903,124.79622650146484,22998915,39.8732277770852
2012-05-23,123.5806604710199,125.42735372842093,123.14430725685611,123.62740325927734,14613428,38.13807057457754
2012-05-24,124.82738179010651,128.72336856655838,123.39365719157296,127.88182830810547,16923032,47.15286101796889
2012-05-25,127.4766521769592,128.4740366999419,125.48970411347167,126.9468002319336,19192052,45.58075389118158
2012-05-28,127.34417616020724,130.3752511536408,127.32080476572735,130.03240966796875,15097219,51.345712462785336
2012-05-29,130.51554996980806,131.52071645202503,129.97012133737368,130.7025604248047,14274419,52.522102637834514
2012-05-30,129.9544780521712,130.50771436185133,126.71302151041867,127.35975646972656,18202316,46.48453707397877
2012-05-31,127.04168061330334,127.04168061330334,124.21853927419515,124.57640075683594,39922690,42.14078648027817
2012-06-01,124.69566609235083,126.57245629387805,123.88450467057898,124.32984924316406,22170296,41.76845613100209
2012-06-04,122.46099393429122,126.42930429639001,122.0554132472552,125.46705627441406,19790419,44.21665611972969
2012-06-05,126.71562727703609,127.79718051425522,125.20465360965696,125.9760513305664,20350445,45.32465377192914
2012-06-06,126.7633490518651,128.95029520347526,126.6679237708723,128.57652282714844,28167216,50.71114819497702
2012-06-07,130.10339089135178,133.20487898055268,129.62625119891317,132.01995849609375,25033805,56.78266516077605
2012-06-08,132.91860709717045,132.91860709717045,129.30815707537587,131.8768310546875,18841009,56.47128438635673
2012-06-11,133.37981490420262,134.95440489580523,130.89862499881573,131.49505615234375,18055312,55.59552458918885
2012-06-12,129.90456849821686,133.8410705739204,129.63417691514283,133.45140075683594,17886242,59.096139238918504
2012-06-13,133.39574999919472,136.41771051855758,132.8311271023849,135.0896453857422,25697248,61.81115389067022
2012-06-14,134.7158902130844,135.0339878482959,129.78531680103288,130.23861694335938,19523289,51.01343132964592
2012-06-15,130.99407022031608,136.07574237588702,130.92249793705693,134.50909423828125,21824440,57.97353150641753
2012-06-18,136.46545011142672,137.45156481466694,128.8628350461098,129.872802734375,26764353,49.71496600290635
2012-06-19,129.30815027142663,131.9006770976283,128.51289959179505,131.5030517578125,16859507,52.28870196740919
2012-06-20,131.89270638626806,133.507073888759,131.5030365349301,132.48915100097656,12698994,53.82811174005098
2012-06-21,132.3301158054698,135.82922960499016,131.6621121506198,135.13735961914062,19538656,57.76888798748707
2012-06-22,133.43551882891776,135.8292263431043,132.489168104885,135.46340942382812,16548279,58.24145772179806
2012-06-25,136.13141025323725,138.485366966774,134.07965357142382,134.699951171875,17258890,56.643127026211765
2012-06-26,134.0001579117271,135.30437013897765,133.3400963544591,134.254638671875,12241757,55.6832333621808
2012-06-27,135.20095214582528,137.15726994741559,135.08166056824848,135.5906219482422,16390385,57.983692914880294
2012-06-28,136.79946807054432,138.3740721961206,135.59068093022253,136.2984619140625,21821090,59.1923601638077
2012-06-29,138.374035429857,143.93284769169313,138.374035429857,143.06602478027344,26272482,68.51724550761176
2012-07-02,143.3046143121393,143.78176742071358,140.61666203401708,142.2548828125,25763358,66.55421589597809
2012-07-03,143.12961758202377,144.87121855508613,142.8274175909899,143.40000915527344,17527620,67.9502401139209
2012-07-04,144.57699584011718,145.10186818296472,142.58091387526886,143.59088134765625,19609062,68.18858644867356
2012-07-05,143.43978767039928,146.94685662559394,142.1912502993783,146.46176147460938,20610463,71.60859831067837
2012-07-06,146.46176719908328,149.1894831548282,144.95873568124532,148.72824096679688,27997271,73.9863542981471
2012-07-09,147.83758650195074,149.95296073717446,146.9787187739933,147.9171142578125,26408041,71.67292015610957
2012-07-10,148.712333402728,150.30283478848955,148.1397550395434,149.9688262939453,25745714,73.8963297480758
2012-07-11,148.8714077180662,149.50760301364835,147.99662917559476,148.95887756347656,20032639,70.94441712660495
2012-07-12,147.6784692011171,148.71230289863632,146.6605463873381,147.57508850097656,17641354,66.99547001669836
2012-07-13,147.90116054531825,148.9508919138008,146.8434737339404,147.288818359375,11895856,66.17484105216658
2012-07-16,147.91705657149956,148.712307123852,145.84144702367567,146.3424530029297,11950724,63.40965560908448
2012-07-17,147.7262218410416,148.23518336278633,146.07209022134123,146.78782653808594,12351042,64.16848951573748
2012-07-18,146.82754774790462,149.82564124968545,146.82754774790462,149.38031005859375,19347801,68.29080922412273
2012-07-19,150.62094937856614,152.19553991531865,150.39032159980306,151.23329162597656,17223024,70.87040020847208
2012-07-20,151.97286841985795,152.21145164363304,148.26699314014607,148.73619079589844,19528844,63.38674445712985
2012-07-23,147.7580184650198,147.86935462326187,144.67244115441966,145.2132110595703,17632895,54.62311286805209
2012-07-24,145.3722584829805,146.60489825039986,144.73604999279675,145.7460174560547,11203478,55.622407087748854
2012-07-25,145.67446573913463,146.70829967614617,144.3145920904895,146.00051879882812,11564822,56.119497740481094
2012-07-26,146.95483368179504,147.1218446174008,143.30461960774682,144.2191619873047,34698053,51.75003512621985
2012-07-27,148.2352082337501,150.9231608871966,146.65264864539571,147.63876342773438,38883861,58.43967107904904
2012-07-30,149.98472639155938,154.21547365532146,149.98472639155938,153.40431213378906,40639208,66.79800165499432
2012-07-31,154.5176978082097,154.7960315697001,151.17762593002178,152.91128540039062,32326305,65.58335844432096
2012-08-01,151.41619780397292,153.48385229374182,151.41619780397292,152.62498474121094,16975645,64.84595575850842
2012-08-02,152.35458588571348,153.2452751703861,151.74224367653056,152.51364135742188,13503539,64.54202099702759
2012-08-03,151.09807525131376,151.41618618537612,148.31469801467895,149.49961853027344,20106465,56.78338210175716
2012-08-06,151.4877733863387,152.6886049060534,151.12991189835415,151.7342987060547,18837725,60.56818501176743
2012-08-07,152.68858179708135,155.38448906262698,151.8217589133633,154.96299743652344,21468397,65.29703852290123
2012-08-08,155.55148436980872,155.8695952824434,152.06032655771645,152.4102325439453,18885493,59.24718584554246
2012-08-09,153.34069074155485,154.91529442843031,150.91517503983656,151.51956176757812,20166140,57.25399813080905
2012-08-10,152.2114534107025,152.95898482147746,148.71233953919207,151.8535919189453,24225063,57.8270157283807
2012-08-13,151.25712907522973,151.8138098557329,148.90318560747968,150.9310760498047,19828479,55.60985547661876
2012-08-14,151.44799579113857,154.82781770745925,151.11398731660154,154.24728393554688,12958462,61.34707253508922
2012-08-16,154.50174900825417,155.20157431040315,151.5831695586084,152.11599731445312,14593001,56.30992719233778
2012-08-17,152.32276540953856,154.12004137502265,151.45594252303877,153.03053283691406,16247143,57.90706805071958
2012-08-21,153.64288788969293,155.7105421118819,152.47386497354987,155.1061553955078,11457798,61.35957697862648
2012-08-22,153.9928023602935,156.29903989744807,153.77013004514268,154.8914337158203,11877387,60.803967370408806
2012-08-23,155.44811450369735,157.28515442966224,154.12799149875696,154.8914337158203,22625014,60.80396737040881
2012-08-24,154.10412696840564,154.51766314384415,151.4479836196859,151.78994750976562,14489772,52.79552862452559
2012-08-27,152.33865822447933,152.33865822447933,148.31468604433672,148.7520751953125,13891509,46.35532086546206
2012-08-28,149.03043869072255,149.45987248524239,146.10391652402205,146.70034790039062,19070854,42.57768907307627
2012-08-29,147.1615754011941,148.21132014686728,145.41997406560012,145.7539825439453,13951624,40.921186438131706
2012-08-30,145.16549331248652,149.94496602921075,143.9408089066958,146.31861877441406,30491835,42.362018614834966
2012-08-31,145.61880301897662,146.74010678256178,142.3582591033203,143.48751831054688,19478376,37.4325282994366
2012-09-03,143.97260911482869,145.65854894840027,142.45368018491683,143.59088134765625,13718111,37.71748976988492
2012-09-04,143.59088347722366,145.49949564527572,141.95266292726706,145.15753173828125,14125210,42.02724855142244
2012-09-05,144.19534402072344,144.62477793417952,139.43178039406624,139.90892028808594,33446655,33.6310252874062
2012-09-06,141.71412477255646,143.52729872886042,140.92682941860014,142.58094787597656,15364459,40.18281824994103
2012-09-07,145.9846161518542,149.66663830809478,145.84941365764342,149.16561889648438,25978452,52.600638647129664
2012-09-10,149.92909186077893,150.44599552297635,147.19342010703582,148.60101318359375,13318657,51.611266203203144
2012-09-11,148.01249532392129,151.08217501601774,147.59895912585876,150.43006896972656,13007412,54.590997624028155
2012-09-12,151.24122803764172,152.65677626268513,149.74615208178705,150.95492553710938,17858472,55.43897909403958
2012-09-13,152.0205709764205,153.4838385404809,151.89333728288054,152.60110473632812,20175160,58.08294769577174
2012-09-14,157.10226180937454,167.86203957108785,156.6807701174958,160.32302856445312,45380571,67.74948450535884
2012-09-17,163.82211068124485,170.1364226080045,163.82211068124485,168.697021484375,42722014,74.5923304956303
2012-09-18,166.99519537040268,167.95745697353732,165.62736633004172,166.85205078125,15733366,71.01709560496498
2012-09-20,163.9811830306239,165.71482891140974,162.12824554807813,162.63720703125,16886831,63.526103949719165
2012-09-21,163.82214847810417,172.76875279120927,163.75853162159993,169.46844482421875,32631197,69.19722433510972
2012-09-24,169.4684146099116,172.87210269889746,168.36302187000223,170.3352508544922,26437147,69.8380694097397
2012-09-25,170.93169639867935,171.9734857284065,169.2060059043112,169.69110107421875,20529877,68.69431283446494
2012-09-26,169.01515803655028,170.35913420752044,167.59165412091951,169.46844482421875,16583418,68.27806184977962
2012-09-27,170.02508450647107,170.50223751080134,167.2655605323413,167.8540496826172,25812880,65.19346650047338
2012-09-28,169.07082046589454,170.75676060982153,167.61550811325833,168.40281677246094,22840686,65.75972811020767
2012-10-01,168.59365756001986,168.73681550179916,166.36696091370376,167.10653686523438,11890164,63.146362918610016
2012-10-03,167.35306720326057,169.0708022424225,166.40670315578492,167.4803009033203,14719534,63.59560181991975
2012-10-04,168.15628444887403,173.9855028719378,168.15628444887403,172.31546020507812,26381146,68.88040580760075
2012-10-05,174.95569182706868,174.95569182706868,137.85713505520343,169.6593017578125,24384492,63.43267165407581
2012-10-08,170.18416987519294,170.18416987519294,166.88386212739485,167.3530731201172,12172028,59.06468627249474
2012-10-09,168.593646370484,170.7646948112368,168.28350422069587,169.2537078857422,11088011,61.42236571194727
2012-10-10,167.99721086484791,168.54593620669644,166.7884240241936,167.67115783691406,10838525,58.40597642338619
2012-10-11,168.5936617083017,169.83425711643542,166.71687105644108,168.26760864257812,23597805,59.21884847968937
2012-10-12,168.73677946999652,169.05487701610704,165.90566993063615,166.16810607910156,11267652,55.13433910872327
2012-10-15,166.22378997528327,167.89381886936846,164.14022490484967,167.5438995361328,9156532,57.21679022931503
2012-10-16,168.75269115697657,169.06284663518724,165.4285308097934,165.92955017089844,10115490,54.04678772996777
2012-10-17,167.52005352446847,167.75068127541664,165.746643849551,166.9315643310547,8096214,55.687831381698906
2012-10-18,167.83818585383423,169.67522610294557,167.33717973064427,169.3809814453125,24908741,59.49567600455676
2012-10-19,168.75270431968326,171.13846967180763,167.01905839731825,168.16421508789062,14180017,56.88080035093186
2012-10-22,167.44849693921205,171.92576980739224,167.0031522810203,171.07484436035156,25355198,61.266299317847405
2012-10-23,171.58380075817223,173.0232154109296,170.47045249392303,171.68719482421875,12511774,62.138750442446145
2012-10-25,170.20001702557812,173.66732132110914,170.20001702557812,172.91183471679688,22144919,63.89047925624477
2012-10-29,171.29751089197492,172.4744893493447,169.1185203356458,169.93763732910156,12828508,56.99372088844793
2012-10-30,170.50226180939825,172.93573313464094,164.243623810288,166.23175048828125,22333806,49.782734695601626
2012-10-31,166.36695425779638,167.78250259908972,164.7366756864548,167.0349578857422,11476465,51.223194795911496
2012-11-01,167.32122434108183,168.75268337468873,166.2555955191856,168.17214965820312,7583587,53.267103831613625
2012-11-02,170.50225187486907,172.14842787628294,169.48432893935762,171.718994140625,11431942,59.033100994641565
2012-11-05,171.13844084877462,171.917780499034,169.77855415969208,171.40086364746094,6995868,58.337836767408724
2012-11-06,170.42276420371238,172.96757214069396,169.89790507499455,171.8860321044922,9482401,59.12842010253589
2012-11-07,172.74488579499638,174.915920968602,171.7826241891652,173.83438110351562,14058995,62.22821016972878
2012-11-08,171.77468403571942,172.23593961916953,170.37504644126906,171.13848876953125,8693828,55.90965027469928
2012-11-09,171.1861603924805,171.45655200260012,167.71885550842646,168.46640014648438,8468267,50.4425069784467
2012-11-12,168.83225163618405,170.32732787075562,167.50417298900192,168.3391876220703,11718536,50.190877125900656
2012-11-15,167.76658979811307,168.1721705754841,165.96137158211133,167.74273681640625,9099585,48.95772634338925
2012-11-16,166.62142001528957,167.32918744821924,162.54971502305392,163.39268493652344,13092530,41.03842953047957
2012-11-19,163.5199570345188,164.36292707717683,161.62725549747793,162.41455078125,9793987,39.491544042094795
2012-11-20,163.94938563447266,164.48220013461273,161.4363864737675,162.8837432861328,8967777,40.64724543566792
2012-11-21,163.82212502277397,166.52598786574347,163.27339968085266,166.1204071044922,9800725,48.02248733958943
2012-11-22,166.28741346922044,167.6393448537559,163.82212054539306,164.23565673828125,15855147,44.55086512440679
2012-11-23,165.0309276854874,165.24564457707783,162.26344772979726,163.0428009033203,12372706,42.45880399242473
2012-11-26,164.6173842212165,164.6173842212165,161.43636841914855,161.9612274169922,11108696,40.597282932658786
2012-11-27,163.88578436840828,164.9752798030991,163.06666725727115,164.47427368164062,30901959,46.46984765107378
2012-11-29,167.00315949594548,172.72898340390373,166.3112894963856,172.0530242919922,50446946,59.47978167079301
2012-11-30,174.9556614507303,175.74295658803553,173.47649644038006,174.9318084716797,22979440,63.14399728000598
2012-12-03,174.16043507608836,177.12672095141633,173.87414589546125,175.32150268554688,17887342,63.623542079406555
2012-12-04,175.27378735128167,178.5502288120337,174.24790886537528,178.0333251953125,16095821,66.85542348469579
2012-12-05,178.43891462767994,179.40913182364147,176.25196823654082,178.10491943359375,11804232,66.93893633842694
2012-12-06,180.04528460863176,181.79484130835542,175.27376755011798,180.63377380371094,15910317,69.83054031255155
2012-12-07,181.36543349355645,182.02549507165503,178.47866185687704,179.9976043701172,16483456,68.21420858632757
2012-12-10,181.3176667730698,181.3733415177099,177.85037555568644,178.36727905273438,11639776,64.1182734348498
2012-12-11,178.92396810505014,182.82866197571084,176.29167780196985,178.5581512451172,19806627,64.38787917710928
2012-12-12,179.46474815207233,180.1725289336653,175.96563480535087,177.0551300048828,16439901,60.530960263132265
2012-12-13,178.1366737691751,180.27590019094075,177.42093758247498,178.33547973632812,15190774,62.58689049769449
2012-12-14,177.5004817798914,181.23022302527326,177.08694557471367,180.689453125,15357897,66.08476527383559
2012-12-17,179.76696122845985,182.74915789292123,179.76696122845985,181.96981811523438,9314893,67.8456737791646
2012-12-18,182.43106877027472,183.44899180331112,177.9458404004357,182.7412109375,15076039,68.89357081101983
2012-12-19,183.71937875759036,184.28400166865748,180.21230964047976,181.118896484375,9690604,64.15798166025314
2012-12-20,182.081142838865,182.11296461205555,179.74311013320863,181.2620391845703,12803494,64.39056534780471
2012-12-21,180.34747441314977,181.15863587103468,177.69133109134663,178.75697326660156,11991144,57.37382746171752
2012-12-24,179.67947150893465,179.7271908184235,177.21419187030142,178.37525939941406,7691233,56.36589168735517
2012-12-26,179.09098903359177,182.9082135827848,178.29573836852958,182.69349670410156,7557676,64.05842509041257
2012-12-27,183.2660968760904,183.5126222089727,180.12484436168683,180.7530975341797,16870650,59.0230247380156
2012-12-28,181.73122179831975,182.351519407275,179.695375973658,181.56422424316406,7501631,60.42350621833497
2012-12-31,181.5562693172692,181.93798373645063,180.39520182634078,181.0393524169922,5533500,59.01787851061472
2013-01-01,182.3355992680275,184.8088474837431,181.81074030127743,184.25216674804688,7229216,64.46685664239067
2013-01-02,186.08923998633875,187.202601737928,185.29398921980976,186.72544860839844,10345197,67.99474320354739
2013-01-03,187.21056451839564,187.36166457260828,185.34171580017528,186.41531372070312,9034338,67.09517526094885
2013-01-04,186.55045839908428,188.4590571887901,185.30190773649608,188.06143188476562,12765126,69.40858849339034
2013-01-07,188.9521052324818,188.9521052324818,187.20254870255144,188.0216522216797,9683993,69.28182397145297
2013-01-08,187.544537448673,187.9978241771859,186.12897581379585,187.608154296875,8639152,67.89375434184487
2013-01-09,187.4013776393497,188.93621751220348,186.67769929114522,187.7512969970703,19800115,68.13178355008179
2013-01-10,188.67380221658925,188.95213594684634,184.6975355160324,187.60020446777344,12068754,67.56240084549607
2013-01-11,188.31589844994076,188.37952863832322,184.3555432448046,185.06332397460938,9227372,58.693208648168145
2013-01-14,185.29398624346754,189.5883509921932,185.29398624346754,188.4988555908203,14894011,65.33068359359157
2013-01-15,188.1887029136493,192.63416746045493,186.74134608856647,191.55262756347656,17996797,69.95254082653798
2013-01-16,191.5526228477805,191.97410117506132,187.10715841041454,187.6558837890625,18080590,59.12157529483122
2013-01-17,187.24233315497503,188.8248789694801,184.2124173142872,184.89633178710938,13615173,52.87765587251246
2013-01-18,185.37351025379638,188.6658627239177,185.37351025379638,187.07534790039062,18630606,56.760898250804495
2013-01-21,187.67973948717065,188.06940939426318,185.29397403503546,187.29006958007812,9208034,57.13575294077364
2013-01-22,187.07534645750403,190.04164583531482,185.13493894377999,186.11309814453125,10433076,54.35415872707653
2013-01-23,186.88446765110288,189.58831706033226,184.75318319835114,187.83876037597656,7832247,57.61251119649666
2013-01-24,187.65587178031362,188.73741158145486,184.1169944236877,185.2144317626953,12884718,51.58214918424903
2013-01-25,186.1210519288236,187.67974495062776,185.07130709048965,186.55844116210938,8369614,54.224718433221796
2013-01-28,186.66179430796953,189.9700437741173,186.4311665596748,189.3099822998047,15775364,59.14130558363121
2013-01-29,190.20070830942925,195.314176841608,187.99785115478153,191.05162048339844,27676544,61.92869168188367
2013-01-30,191.65599188359587,194.44732457136064,191.47308343519836,192.88067626953125,16929517,64.65569570990833
2013-01-31,191.97404835317042,195.9503140564111,188.68169698717705,189.45309448242188,38534611,56.48980420317258
2013-02-01,189.90644135016328,191.38560652367994,185.71545778579707,186.27212524414062,13833055,50.158441722960596
2013-02-04,188.31593032012125,191.30608249814333,187.36163750956774,187.95806884765625,21575075,53.15523269603248
2013-02-05,185.45301257471806,187.56838618809837,184.8247595057686,185.46096801757812,12408572,48.50349133156313
2013-02-06,186.56636624705874,186.56636624705874,183.03544427550295,183.74322509765625,10558658,45.550453485340455
2013-02-07,183.28201612909288,185.60415165717637,180.76900332443213,182.08912658691406,16021500,42.84532826359976
2013-02-08,182.27994734437908,182.86843653155688,178.90012558748998,179.75103759765625,13064034,39.29314166061197
2013-02-11,180.0930006965829,180.41905371126117,177.6674850190034,178.5661163330078,12921150,37.59214843348595
2013-02-12,178.3752580427136,180.36339796357123,177.19827963670375,179.54428100585938,14740935,39.904915756556306
2013-02-13,180.84054241865675,182.3356184460229,179.94986649591925,181.73123168945312,18682229,44.827852947330136
2013-02-14,182.59010996410345,182.8764124952271,178.2321286698008,179.12281799316406,11742126,40.560035463615215
2013-02-15,179.09101751769862,179.88628165730526,176.72117603204026,178.43096923828125,10179257,39.48623641181749
2013-02-18,178.8365026420432,179.7271919015569,178.0571628880274,178.4547882080078,8438243,39.54557664727053
2013-02-19,178.65361992753517,180.36342640221068,177.27783532134907,179.94989013671875,9649772,43.303791710283285
2013-02-20,180.68149123369753,180.97573582817793,177.92990917278368,178.38320922851562,8424042,40.465036678701615
2013-02-21,176.90403987135815,177.2380483482535,171.13846597859364,171.71104431152344,18339766,31.11120204559562
2013-02-22,171.30548718440974,174.7966457653645,171.30548718440974,173.77076721191406,12275747,36.02741154335649
2013-02-25,174.79663715254213,175.24993727170718,171.9655403128875,173.98548889160156,13709701,36.53587744773275
2013-02-26,173.0470540335496,173.182256513292,167.4087141909693,169.22984313964844,11043499,30.71332924880602
2013-02-27,170.1126007398386,173.19817830941645,170.0251175552848,172.2756805419922,14729671,37.57505877027888
2013-02-28,173.6832871810909,174.12863185228622,163.8221409534508,165.4762725830078,37422676,30.3493243481133
2013-03-01,167.87791816297914,169.714958066687,166.61346992617547,168.0131072998047,19070529,35.344956921076175
2013-03-04,167.7188600248343,170.16029998002602,166.47827813645733,168.37892150878906,16475178,36.057170235323994
2013-03-05,170.18416500154638,174.73301007430769,169.60363120799047,173.93775939941406,21050260,45.823411692108
2013-03-06,176.34738455310531,176.54619055546402,174.3194805710759,176.2837677001953,19993539,49.34007179387017
2013-03-07,175.28970301095285,178.48661681830558,174.63759687851075,177.68341064453125,13692519,51.36827208359453
2013-03-08,178.00944636740184,181.7630406591997,178.00944636740184,181.20635986328125,15786001,56.12923981143974
2013-03-11,182.2242995239191,183.13088635214984,179.25004494380363,180.037353515625,16292661,54.23198270150937
2013-03-12,179.72721155061572,180.96780695596414,177.34144602184563,178.6297607421875,13388914,51.95475141258119
2013-03-13,177.16647187743584,177.2937189195624,172.20409084761224,172.68124389648438,14724347,43.61901674648217
2013-03-14,172.88801517691203,177.50047675870152,168.59363782386325,176.64955139160156,32873681,49.44614039687345
2013-03-15,175.13062497004265,175.41691412809035,167.95744508897917,169.78652954101562,39011340,41.464490574195466
2013-03-18,167.16219797133593,167.90972930548295,164.68896286176263,167.22581481933594,23564761,38.93883717785359
2013-03-19,169.54794365987905,170.4863521995846,162.40657231520044,164.23565673828125,34783644,36.168423458145604
2013-03-20,163.98119945019025,164.57764417065368,158.50190084035424,159.2971649169922,18850507,32.105605283376505
2013-03-21,161.21367044750923,168.47433222032456,160.82400064549876,164.6730194091797,36062972,40.005914586578854
2013-03-22,165.88981370084582,166.8441065767936,161.8340189228417,163.55972290039062,20358745,38.99397245108924
2013-03-25,165.46828166391296,166.78840450704726,160.45819523127682,161.05462646484375,15002658,36.741855955449175
2013-03-26,159.5834084061526,163.34494407589133,159.3925445485012,162.37474060058594,14911814,38.74944633432737
2013-03-28,163.03481644635127,168.01309463357885,160.02081170868794,166.23968505859375,30690621,44.32088603531459
2013-04-01,168.11651590965678,168.59365565127982,165.17406963193667,167.2496795654297,11418841,45.7106233196419
2013-04-02,167.43257036733922,167.64728723284017,165.27743292153625,166.5100860595703,8498853,44.82825284615795
2013-04-03,166.8520434039235,169.03103391851226,163.07459614909902,164.0447998046875,14162923,41.9232427883685
2013-04-04,162.03281756517714,162.70879000480346,159.46415699955236,160.4502716064453,18866171,38.051335453839236
2013-04-05,160.45025824679792,160.45025824679792,156.66485561386736,158.75636291503906,28818724,36.34768824537617
2013-04-08,158.20763143769355,159.86176283873866,157.0306664167761,157.31695556640625,12105428,34.91706304082824
2013-04-09,158.5018684926439,162.19184553608417,156.37855295117177,157.46804809570312,20901188,35.20535475024282
2013-04-10,158.66094509544564,160.21168257160681,156.13999058671993,159.7345428466797,22694012,39.532332261739626
2013-04-11,163.0109866421585,166.84409547490617,162.90759257385494,165.4444580078125,30178714,48.80731393767823
2013-04-12,163.99708952035996,167.1462836075412,163.2336473160683,166.2635498046875,11153571,49.99230289187034
2013-04-15,165.01501619164793,170.00920572986743,164.06071007768466,166.54190063476562,20935975,50.412375454861866
2013-04-16,166.2078714788212,172.56988920018551,166.11244621852217,171.5996856689453,31681606,57.41272661795646
2013-04-17,171.94960348468234,176.79270607668434,171.94960348468234,174.58189392089844,26780105,60.9162500918601
2013-04-18,172.09273935492578,179.28182952279818,172.09273935492578,178.5581512451172,20986465,65.04531565242537
2013-04-22,178.9637642582818,184.45100479927953,177.57206885099652,182.6616973876953,19837163,68.71827233344985
2013-04-23,182.9082121024772,185.27806654009595,178.8762707072321,184.70547485351562,22457715,70.3872412878386
2013-04-25,186.10512761356011,188.952135146413,184.8168129900505,187.25823974609375,34175350,72.37012967552752
2013-04-26,186.48686730327785,189.0793809060242,178.9319587875475,182.033447265625,38868885,63.062604580240176
2013-04-29,182.92409611951962,184.49869978212217,180.28386359411695,183.4171600341797,12108723,64.36955089262023
2013-04-30,184.10107982452595,186.40731730944185,181.65169776140675,185.07923889160156,16337541,65.92898459480267
2013-05-02,184.53053449158853,188.793090594184,184.4987260648305,186.359619140625,15253199,67.12273445371852
2013-05-03,185.71546902960574,186.0892280561926,178.43889428182544,179.71925354003906,21828449,56.13729474529119
2013-05-06,179.32956331366492,182.74914901201686,176.4268945262854,181.7391815185547,13608061,58.36927503557828
2013-05-07,181.79485233975117,186.40732756330522,181.63581021525357,185.12696838378906,16100205,61.873461426328944
2013-05-08,186.0892383128813,187.01173613475072,182.20840980181728,184.1726837158203,13112506,60.33291744698618
2013-05-09,184.4987043455086,185.31782129332566,181.92208860082954,183.32968139648438,8672928,58.93689485739428
2013-05-10,183.38536621619633,186.07331826302834,182.96387455499473,185.34963989257812,10691846,61.250567069793355
2013-05-13,184.65778227456363,187.12306216459828,182.15272516584972,182.7173614501953,10484056,56.76224827011755
2013-05-14,183.3853583159996,185.54049579615707,181.61989070743792,182.50262451171875,11398414,56.39916530550486
2013-05-15,183.3773999089188,190.66987128381663,183.22629988921676,189.4690399169922,19773429,64.3631870265335
2013-05-16,188.47497810993332,193.88270388950738,188.4431696856846,192.05361938476562,16552888,66.78706157380142
2013-05-17,191.67190061979096,196.72972062264552,191.34584757082067,195.70384216308594,15429496,69.90078876731462
2013-05-20,195.46523151232262,196.33205437342536,191.43330388301013,192.41941833496094,15072865,64.07952780527692
2013-05-21,192.41945713069435,196.61839650339851,191.21067013800038,192.61032104492188,13731074,64.26580367256386
2013-05-22,193.24648755993059,195.15509972228207,191.56850314914644,192.46714782714844,14560749,63.9977549930656
2013-05-23,190.86073048913948,191.87865338842656,184.8565604541838,186.45501708984375,18462532,53.842117815073344
2013-05-24,188.6976715288781,192.56260240220402,187.31393150499892,191.52081298828125,14106999,59.6520126204245
2013-05-27,191.49693744696322,194.8369954979007,190.03366985190604,193.94631958007812,13687630,62.111099390217554
2013-05-28,194.5984221019553,196.9682764577651,194.02584378319975,195.94239807128906,14966160,64.05277716624683
2013-05-29,195.63226901906188,196.02989436124966,192.14905286813612,193.23060607910156,11424242,59.58524844887352
2013-05-30,193.24678096952795,193.64298668801706,189.56782480839797,191.27389526367188,23897703,56.521868578180445
2013-05-31,190.9827725752809,192.24413266559492,185.64625120417944,186.68930053710938,18191398,50.03156281638064
2013-06-03,185.96968818452234,187.26338911226125,183.48739740888024,185.1853790283203,13596192,48.08112473412867
2013-06-04,185.96971049948078,188.5813648955377,183.49550802651177,184.06149291992188,12805567,46.61851535662651
2013-06-05,184.33636531596255,185.1206743747191,181.11828380982124,183.4469451904297,14967551,45.798127068770405
2013-06-06,182.41201638092397,188.03961909145283,181.61152998549267,186.7135772705078,10282987,50.75857518569056
2013-06-07,185.48455134560797,187.23105101639837,184.14233237241547,184.62747192382812,13126982,47.75299753434455
2013-06-10,185.3228282595703,187.23104558261025,179.3556268789972,180.7625274658203,16822921,42.70739209003319
2013-06-11,179.01605801280522,179.97824865017395,173.56633607749137,174.0838165283203,31926708,35.689763331359984
2013-06-12,173.07310340877947,176.10521553376174,172.8386154387169,174.85194396972656,17971541,36.972515126983396
2013-06-13,173.0326496030622,175.1995933706971,172.38579241226887,172.8466796875,14672218,35.00929537720873
2013-06-14,175.7656080761756,178.60367509523613,173.84122709379847,178.2317352294922,19640098,43.661010733487444
2013-06-17,177.8840423215308,178.8300555855433,174.66596050395546,178.1185302734375,14558142,43.52982161879659
2013-06-18,177.3827226734174,177.79509194656592,175.46643037891104,176.4205322265625,10463062,41.514872190487786
2013-06-19,175.74942304679166,176.42860747043932,174.32634541076717,175.73324584960938,7688026,40.69378258137579
2013-06-20,172.70925599910458,172.70925599910458,167.64763802965442,169.1758270263672,26143441,33.82072957117035
2013-06-21,167.56678099392485,169.79842036940278,165.94156949223284,168.96560668945312,22564300,33.624661874429236
2013-06-24,167.61526543070985,170.44524351256263,166.44285291927184,169.6609344482422,22071538,34.967589022810984
2013-06-25,170.6069573703464,170.8495339136877,166.2649675306963,167.0250244140625,28836703,32.299687886817466
2013-06-26,168.14894584242265,169.2809290864697,165.15724966673736,165.94155883789062,22165990,31.244459944818715
2013-06-27,168.34298441863413,168.8281239538095,165.78792343816417,166.65309143066406,34649395,32.797203260443894
2013-06-28,169.47502166693826,174.02723492820584,168.82816427505693,173.15399169921875,26626495,45.01515405516028
2013-07-01,171.84409381652407,173.65527530853788,171.25384312939607,172.69308471679688,11799568,44.398832940807296
2013-07-02,173.12966706891655,175.29662434537397,172.81433386719746,174.5042266845703,15842376,47.44388982524107
2013-07-03,171.67427445586418,173.30756077135933,170.80101788968028,172.0623779296875,18527223,43.949164286141446
2013-07-04,172.06240352879638,173.00034188491628,169.1839203718992,172.01388549804688,16176704,43.88003856572011
2013-07-05,173.67950818677642,174.16464772880286,169.64477631705984,170.04905700683594,15904383,41.06189322775822
2013-07-08,167.291862031339,168.00340092937577,165.12490451070101,166.23263549804688,19362282,36.19885591268514
2013-07-09,168.0195616950462,168.50470122764997,165.85261778279317,167.26759338378906,21259342,38.331806932221546
2013-07-10,167.68806765674472,169.79841872270399,167.37273439403845,167.94680786132812,11910833,39.755251474618476
2013-07-11,170.97083046430242,173.62292772447952,169.7903291359674,171.0840301513672,11951973,45.9599170213028
2013-07-12,172.7254075140477,172.7900891677117,170.04098317223455,171.480224609375,10987867,46.70640358821441
2013-07-15,170.76872276278118,172.12710564188336,169.8954795343895,171.5853729248047,10010192,46.91598288395453
2013-07-16,167.37273844620577,167.53444259581235,161.24381867492792,162.27069091796875,35235590,34.11659018620823
2013-07-17,163.15200728690817,163.5967174065609,156.56221434504974,158.51893615722656,33010593,30.506544821884404
2013-07-18,158.4785518166032,160.34632654767685,154.17699027137388,159.1981658935547,40802025,31.91126315330267
2013-07-19,159.1253757712433,159.88543275934484,154.32251155177315,155.13107299804688,29801794,28.2314136691906
2013-07-22,155.2442586709053,158.06614844939438,154.66209665358167,157.5810089111328,14668846,33.22652693774002
2013-07-23,160.09565387067113,160.76676339519918,158.92324113851885,160.03904724121094,19862078,37.89681264408528
2013-07-24,157.18483028954626,157.18483028954626,152.45473594222585,153.91824340820312,25522145,31.911449457807436
2013-07-25,152.17171635577992,153.94246819502425,150.04518828592006,151.17718505859375,29546368,29.652803860275753
2013-07-26,152.6649275457824,153.9020353689827,148.67062524647886,150.64352416992188,24788945,29.21919161825454
2013-07-29,150.50607241329618,152.15553594100334,149.27705318814515,150.16647338867188,17053421,28.81357399065817
2013-07-30,150.59502213812553,152.7134617867344,149.26089169694006,149.75411987304688,23377365,28.445987608259912
2013-07-31,149.58434748851818,149.58434748851818,144.2639886283199,147.00502014160156,42761911,26.059124151310115
2013-08-01,149.9077357680672,149.9077357680672,144.24779264230168,147.8378143310547,29563572,28.02925217501783
2013-08-02,148.45230516027732,148.75147474109696,142.98642100422785,143.45538330078125,32469283,24.352123830838735
2013-08-05,144.07799891974912,147.0777702597256,140.3424364020489,145.9376983642578,13765306,29.957268758871322
2013-08-06,144.89462839042662,144.89462839042662,139.49342573934084,140.099853515625,24008127,25.223786830014532
2013-08-07,140.36669032156752,142.2587306177087,139.1538481537263,140.40711975097656,24653909,25.887555303531997
2013-08-08,140.69010969140348,142.99450547571928,139.4368246657893,141.5067596435547,23881990,28.339186931838654
2013-08-12,143.03493288040008,144.1426638182317,139.33171162210888,140.21304321289062,31439567,27.199216062160275
2013-08-13,138.76573511020524,145.16146954602453,137.63373830737606,144.33673095703125,22996369,36.03205172834676
2013-08-14,144.73295726801996,147.7974243882634,143.3664857534366,146.50372314453125,24325284,40.142054883406935
2013-08-16,144.5712269792194,144.95933049649204,138.42614378867665,138.84658813476562,34698262,32.25564847271424
2013-08-19,139.3317218603904,139.3317218603904,130.98734051736994,131.85250854492188,32644062,27.031669992878435
2013-08-20,128.87697880667676,135.00589759980144,127.57518935984997,134.28627014160156,36937593,31.206829522723254
2013-08-21,140.4152216379904,142.31535071410912,129.9766649779686,134.1488494873047,63672988,31.09862671253093
2013-08-22,133.73643905181265,135.11908724365628,129.69361911329247,134.3994598388672,41854169,31.56464301090581
2013-08-23,135.19188826670984,140.04327058318,132.8308855536587,137.9490966796875,43210046,37.96467160425862
2013-08-26,137.86823084866663,138.78999194932686,132.78236080951535,134.29437255859375,36175271,34.397800538880546
2013-08-27,132.42659995766908,133.25132501397863,129.37022201774494,129.79067993164062,39921134,30.58444581973025
2013-08-28,128.07653311191243,130.7690464492319,122.40041181002904,128.7799835205078,43588979,29.786393940191402
2013-08-29,131.69886988844308,132.28103188344588,128.17352995036214,130.5345458984375,30345694,33.05226597374079
2013-08-30,131.1247991806689,133.8011348356027,128.80421260928242,129.9766387939453,81385683,32.53406998780535
2013-09-02,131.65036484191586,134.6582108501622,130.84178993181655,133.67176818847656,25276520,39.31973922753537
2013-09-03,134.86845622302684,134.86845622302684,125.5780480485619,126.71004486083984,31504698,32.655681904477774
2013-09-04,126.7181247846868,132.9844955357287,126.13594921902747,132.24061584472656,31392993,41.183967149823594
2013-09-05,140.204995420384,146.7624484450678,139.78453746969134,144.52272033691406,48903976,54.85636734421008
2013-09-06,145.81641408055364,155.85877778511448,145.81641408055364,154.98553466796875,57729875,62.791461129988285
2013-09-10,155.7294055474418,158.8019470535654,155.414058725548,156.7967071533203,38762086,63.97203000698577
2013-09-11,156.0528214149275,158.13892009062863,153.33604269109415,156.82095336914062,20022057,63.98850247729387
2013-09-12,155.06637871980044,155.08254234738345,152.0504303848796,153.82118225097656,25472507,60.31426026013779
2013-09-13,152.01001631747815,155.22809853692704,150.76483329431935,152.3253631591797,21111519,58.51011128273232
2013-09-16,156.86137534230818,159.93391658464986,153.78883409996652,156.85328674316406,28962010,62.196406985675466
2013-09-17,156.05281115714337,157.63759298709252,154.3224888311517,155.64044189453125,17370347,60.642183131824375
2013-09-18,156.52181598197853,157.79935354031022,155.62432053644312,157.36273193359375,16914892,62.09088057989933
2013-09-19,165.91729227880555,172.11898128640917,165.91729227880555,167.57484436035156,49554114,69.30533606682282
2013-09-20,166.96843573690748,167.5344341607261,155.2766088068091,159.65093994140625,30961557,59.7961865868928
2013-09-23,155.4059609950392,157.5810070781971,150.8133194196273,152.5436553955078,21412435,52.7986244028006
2013-09-24,150.7486723637731,155.01789308769693,150.7486723637731,152.79434204101562,13807678,53.00751259486625
2013-09-25,153.1419972446164,154.43569816340795,148.46849673796132,151.23377990722656,16844844,51.48017924414961
2013-09-26,151.5087004801323,154.72678243160289,151.06399035582533,152.9964599609375,17722391,53.12315769690729
2013-09-27,153.36838664966402,153.3845638490513,148.02379011619269,149.3094024658203,16665368,49.358175869555474
2013-09-30,146.64114241199405,148.20976075804188,142.17786393695948,142.89749145507812,18900326,43.57450319449032
2013-10-01,143.91626991990273,147.9671649977971,142.9540659635107,147.27989196777344,21525163,48.05472882056566
2013-10-03,148.61404886688365,152.0504417770909,146.38240951811827,151.66233825683594,23232891,52.14663959014363
2013-10-04,150.71634388183958,152.68924345274522,148.79196235074926,150.4899444580078,13725492,50.98945640916303
2013-10-07,148.66255810665785,148.77575779776438,144.4095150184593,148.1612548828125,17777111,48.67878451918231
2013-10-08,153.15816898384614,154.01524843259065,150.77291415012346,151.54104614257812,16082632,52.07345032896679
2013-10-09,148.93744409803446,154.43568262842695,146.83518201290323,153.69180297851562,24777016,54.15175368165142
2013-10-10,152.6568657878593,154.76721679572134,151.08015880330376,153.31179809570312,15558823,53.7085951496715
2013-10-11,155.40595338096492,162.0038344155453,153.78883073245055,161.23570251464844,28277942,60.895027040569126
2013-10-14,160.43524210393568,162.50516359578762,159.53773326510043,161.25189208984375,15013905,60.90838000000861
2013-10-15,162.06855045368127,162.5132605962937,157.03927339927205,157.59718322753906,10947931,56.239735295993256
2013-10-17,157.7912399328039,159.39219914186054,154.90466833944063,156.03665161132812,23994982,54.324960664008856
2013-10-18,157.18480955430212,163.87972730783773,157.18480955430212,163.14393615722656,24448578,60.86081016780602
2013-10-21,163.3298861292676,165.86068111971736,162.27874828747142,163.3703155517578,14406821,61.051983072009044
2013-10-22,161.38934605741863,166.07901030083494,161.38934605741863,163.35415649414062,17948997,61.02906832509457
2013-10-23,163.65332620329258,166.24072810260196,162.5617588171748,165.8768768310547,16787435,63.34229566255263
2013-10-24,165.10872175279138,169.44262272044264,163.70989634582017,165.09254455566406,17110005,62.1079399989283
2013-10-25,165.82027580750307,167.8578565684908,162.71539342342206,165.30279541015625,35171977,62.319913111414664
2013-10-28,165.59387684308098,168.32681912606773,163.1681791912012,164.13845825195312,18652799,60.30789268587472
2013-10-29,165.1006280686553,174.55273877252455,162.22214564363819,173.78460693359375,29328299,69.18430378335437
2013-10-30,174.97321615702532,178.99987316090838,174.55277182274727,177.7223358154297,28588340,71.94269433824185
2013-10-31,176.76823416608133,182.73543585402084,175.8869024969285,181.27194213867188,31071430,74.1858559486819
2013-11-01,181.0859616171193,184.35254790769972,179.0402924036414,183.2933349609375,18527624,75.39238911410251
2013-11-05,180.52807929562343,183.67339135981837,176.58228077143164,177.23721313476562,21797308,65.51285177602824
2013-11-06,177.88405513182622,177.88405513182622,174.09188606039638,174.7144775390625,15238751,61.875465722095
2013-11-07,175.5392122205717,176.59035018512628,169.63669227683837,170.03289794921875,20711839,55.69547063143745
2013-11-08,169.45882164195757,171.02744008811604,168.34300195198634,169.78225708007812,14738262,55.37658132896135
2013-11-11,167.8659370143126,170.2512053148148,165.80410412504853,167.72848510742188,14205246,52.71325183178709
2013-11-12,167.85784878796005,168.6664237463774,163.02264409402332,163.7746124267578,17580420,47.93362317524011
2013-11-13,161.6157710123162,165.4160156069113,161.0174316840379,164.122314453125,19424333,48.376912778709
2013-11-14,166.07092788686853,172.6849728458775,166.07092788686853,170.13800048828125,18201832,55.44482245445463
2013-11-18,171.90067729883503,175.91115716486908,171.2699972162164,173.6229248046875,18228419,58.9510637253385
2013-11-19,174.27785745387536,176.21841573384435,173.03267448616367,175.45835876464844,17385560,60.70498916441755
2013-11-20,174.1646281547836,174.1646281547836,168.35914507344887,169.6609344482422,12389960,53.00164073453212
2013-11-21,168.16512892212447,168.36727608094893,165.27046846521478,166.60459899902344,13863921,49.43973895730247
2013-11-22,168.18127648825597,168.77961568717012,163.6290644170398,165.0359649658203,17010537,47.66908089345357
2013-11-25,167.45358710233597,174.480015938253,166.9441952707478,173.7765655517578,20881300,56.926203391466125
2013-11-26,172.38581498218107,175.37751122051583,167.9953202517899,168.78770446777344,20095630,51.34346076890562
2013-11-27,170.93041963097167,171.01126491998568,167.67190798211104,168.60983276367188,14816301,51.15085096569741
2013-11-28,170.9789211715124,172.15942251439563,166.6369307234375,167.87403869628906,21809337,50.310071145074076
2013-11-29,168.98985168818513,173.5097233044231,168.82813397636772,172.81436157226562,12891444,55.58854259104562
2013-12-02,173.0973743870403,177.88407536305152,173.0973743870403,175.99203491210938,15862258,58.63249416442941
2013-12-03,175.59581102292785,177.8355251903965,174.49615508042322,175.52304077148438,13775069,58.0006378452469
2013-12-04,174.39104943532593,174.39104943532593,171.4559599165506,172.42623901367188,16082533,53.87229185780274
2013-12-05,179.25863831127955,184.433442926472,179.25863831127955,183.68148803710938,43417099,63.92306260985425
2013-12-06,183.60867082014988,185.5815698103272,181.58726737591437,184.9832305908203,18361233,64.87628153173613
2013-12-09,194.05532690290082,195.12262845942868,192.61607191428413,194.33023071289062,33902616,70.83504483811578
2013-12-10,194.05535522408587,194.55665846339156,186.58421609507272,187.32000732421875,27365360,62.29857945213761
2013-12-11,185.64627770718886,189.65675790754457,184.5223829333348,187.32000732421875,16227854,62.29857945213761
2013-12-12,186.78635048447703,186.93997960031967,182.46052372651366,183.15589904785156,14555046,57.5229503880171
2013-12-13,180.30974089309447,180.30974089309447,174.64979733848685,175.45835876464844,25356595,49.90693243245704
2013-12-16,176.1052207725535,178.5228300873816,175.45836347138615,177.4878692626953,11417488,51.7218682715104
2013-12-17,179.50117102188645,181.36087035745018,176.29117769674446,177.609130859375,13249758,51.834157854944735
2013-12-18,176.00819952216813,183.17206648626535,174.90045485933862,177.20486450195312,40179903,51.40489579946885
2013-12-19,179.50117985933815,179.8084380876828,171.14872320876933,171.98153686523438,21106184,46.09347999021217
2013-12-20,173.0326697013119,176.3639513707231,172.36964880733478,175.89498901367188,15528089,50.241761840374046
2013-12-23,175.78179472705625,178.99987681299623,175.78179472705625,177.56871032714844,11206459,51.944992292366194
2013-12-24,177.88404427022056,179.48500338294764,175.99200414999316,177.6980743408203,9597725,52.0815217781852
2013-12-26,177.07546841167826,178.81387928649184,176.6469219634415,177.82742309570312,14374063,52.2276713908486
2013-12-27,179.17774420158895,180.11568244291144,178.27214678631546,179.54159545898438,7796519,54.22037981248395
2013-12-30,180.3097447726234,181.91070403089628,176.78441796442635,177.35040283203125,7419764,51.27601022611225
2013-12-31,178.061974363079,179.3071711568573,176.92190224766503,177.68194580078125,4356632,51.7033669783398
2014-01-01,178.02959587332887,178.86242309357826,176.59035437347183,177.51211547851562,3102869,51.45440650833669
2014-01-02,177.2614697592465,180.79488518384073,173.04884263315634,173.93826293945312,11321513,46.39196081802966
2014-01-03,172.7092257484158,173.84120885455758,168.98982748121185,172.51516723632812,15567502,44.51387527295048
2014-01-06,172.3857995409773,172.87093906126577,167.3807888114711,168.31063842773438,14802265,39.43443174119627
2014-01-07,168.99794330714695,171.28617568426938,165.56962547000208,169.7984161376953,18566515,41.95829762189141
2014-01-08,170.44525470337047,172.03812516095252,168.71491877479653,170.49375915527344,18955475,43.15066906851375
2014-01-09,172.19175695831336,172.32112026071613,168.5451286925752,169.93585205078125,19238686,42.39806776269995
2014-01-10,169.3698748493231,170.54228750875288,164.72871509496912,165.6747283935547,21835286,37.078819489441145
2014-01-13,166.5802955667595,171.59339427847615,166.5802955667595,170.5907745361328,17981914,45.56409825251227
2014-01-14,170.12185551888038,171.5772743867226,167.0493136233099,167.6072235107422,16934159,41.873391085401714
2014-01-15,168.98984324213137,172.83860516203418,168.65024420717367,171.14871215820312,18898968,47.32731794042203
2014-01-16,172.46665960280387,172.46665960280387,169.64476990900783,171.23764038085938,8986741,47.460626382997376
2014-01-17,170.34823297579564,171.72279280093233,166.733958859987,167.29995727539062,9672228,42.34960792995756
2014-01-20,167.29186110532106,169.47498224140077,166.2407231773482,168.828125,10617040,44.83257872427768
2014-01-21,170.2835482505219,174.6497906415524,169.60435016428124,174.33445739746094,14897789,52.732270904043354
2014-01-22,174.68212450474556,176.42862410582543,172.90328407772586,175.93540954589844,12788578,54.76062910300743
2014-01-23,176.42862638034606,176.42862638034606,173.3722622176602,174.56085205078125,10274170,52.67076159196822
2014-01-24,172.07856615967106,173.67951175260424,170.21886680563392,171.12445068359375,10283619,47.763162713257856
2014-01-27,167.98724153440926,168.06001179467805,162.88520757228133,163.29757690429688,27904404,38.87788141496679
2014-01-28,163.44314707714452,166.38631242328597,158.27641694626627,164.728759765625,26612800,41.03782822615878
2014-01-29,166.85525598426656,167.90638044402633,161.0012536961161,161.93917846679688,26522925,38.20394805184482
2014-01-30,159.58625954076246,160.46759122598127,155.8102676285599,157.59718322753906,27447838,34.24050781493776
2014-01-31,159.20625913304647,160.64550090035868,157.09590773345496,159.72373962402344,14484481,37.65210769079677
2014-02-03,158.64023729854466,158.801955017521,154.50039397892837,155.81027221679688,19562653,34.14172401447897
2014-02-04,153.6028809164815,157.34653200921392,152.59217234314534,156.64308166503906,16988900,35.519449327304926
2014-02-05,157.66185962332872,158.26018523720248,154.47611874847894,156.2549591064453,16441700,35.150394904774416
2014-02-06,156.8613942725047,157.5729332250318,152.98837981994546,154.92892456054688,22979121,33.85610426738994
2014-02-07,156.8613997944576,157.18482166736374,153.70799921206066,155.31704711914062,15640619,34.614993693332096
2014-02-10,155.75366409919502,156.50563248518648,154.6378444204583,155.3332061767578,8923442,34.64861196440215
2014-02-11,156.03666157911078,157.42739870816004,155.56769918346018,156.67543029785156,11240361,37.522150151092745
2014-02-12,158.03381213942956,161.9957738388967,158.03381213942956,161.58340454101562,21465790,46.74353978134693
2014-02-13,161.79364212895322,163.16820206244424,158.47853737342814,159.06069946289062,24636953,43.21305639727773
2014-02-14,159.44881075247238,160.30589029890254,156.893749314888,159.8450164794922,15133266,44.61369095868198
2014-02-17,160.25738277117034,163.95251614253357,159.93394731505907,163.1924591064453,14271416,50.253274462731554
2014-02-18,163.6533168602707,168.79577953799773,162.40813400840221,167.82550048828125,19122130,56.80840794877834
2014-02-19,167.51826122761585,168.6259922138978,166.1679536853955,166.70968627929688,11779856,54.93105732880401
2014-02-20,164.60743497240128,164.94703403049715,162.68305388133464,162.9822235107422,10389857,49.094320215866155
2014-02-21,163.4996831223927,167.0250229982318,163.4996831223927,165.80409240722656,8404451,53.15263340531508
2014-02-24,164.96323693701646,168.5856003115638,164.65597865969545,167.56680297851562,10661106,55.53717671040484
2014-02-25,168.79577910970545,169.47497715707868,165.7636672656414,166.74203491210938,15457821,54.14837273079174
2014-02-26,166.74206893378744,168.15704479731068,166.25692931117337,167.6072235107422,10073030,55.40810066178678
2014-02-28,168.98981816971465,169.61240952236096,166.7258385107041,168.80384826660156,15521473,57.16114049539518
2014-03-03,167.728477713694,169.96011680977918,165.1734167921034,166.53179931640625,18154565,52.90807420991094
2014-03-04,166.88760296809374,173.35610839872805,166.88760296809374,172.88714599609375,15723317,61.530412225176164
2014-03-05,173.8412050471684,178.28830567295986,172.33728214724445,177.78700256347656,21977021,66.60690802751088
2014-03-06,178.64409915121385,184.4900261914247,178.42578838149115,183.37420654296875,23331583,71.26357407878861
2014-03-07,185.16920711121628,198.90671670726763,184.22319379423388,194.36257934570312,45170196,77.8157640162153
2014-03-10,191.4679006459713,196.39206600580212,191.1849082525683,193.02035522460938,42221157,75.54974744947485
2014-03-11,193.85320229999238,199.28674676464942,192.5028946056247,193.7561798095703,44639886,75.96299453120642
2014-03-12,193.08505457123934,197.77471884711628,192.11477545996107,195.9392852783203,21739498,77.19453983519746
2014-03-13,196.31931736142326,200.76641903441444,196.31931736142326,197.2895965576172,17975842,77.94716430326163
2014-03-14,193.45699461928902,197.21680921453753,192.11477563319298,196.48101806640625,24014875,76.32286107216282
2014-03-18,196.4810169290211,199.06841883213434,193.85318559884587,194.7830352783203,19604816,72.88792878957
2014-03-19,195.83415871235195,197.87173925634403,194.54044428528476,195.6643524169922,18888683,73.55323220822382
2014-03-20,195.42986137750657,197.25721974461854,193.59442798288987,194.1765899658203,16807334,70.41207091369796
2014-03-21,195.67248300999302,196.3193267908728,192.64845915570248,193.9825897216797,19290540,69.99231944221452
2014-03-24,194.70216937891988,201.96307164431718,194.70216937891988,200.8795928955078,20422748,75.56851302818683
2014-03-25,200.20043061025285,203.5883055651626,199.55357330038927,202.5533447265625,16143154,76.70006733814543
2014-03-26,204.29173528248876,205.16499188395358,202.39969514603658,203.1920928955078,13291063,77.13529293651092
2014-03-27,203.7742558440298,206.34549406317353,201.51027583527147,203.59637451171875,35664090,77.42274792871633
2014-03-28,205.2135051399724,205.5369405618195,201.8175417823876,203.62872314453125,11252411,77.44718007873317
2014-03-31,205.860356071173,205.860356071173,200.60469348575987,201.34048461914062,13578647,71.54892232141403
2014-04-01,202.5128822331193,203.4750726547715,197.06316151959567,197.92832946777344,23417124,63.75198552140297
2014-04-02,198.9309908707155,202.51292453921224,198.9309908707155,201.01708984375,21486437,67.23294130383165
2014-04-03,201.32433462729296,201.44562292314075,198.10625227306585,199.51315307617188,27446622,64.00971908491832
2014-04-04,198.90670667722796,201.31622714702365,196.52143843410144,198.97947692871094,13921022,62.85811710281565
2014-04-07,199.27865460842938,199.82038721681104,194.44343627416075,195.53500366210938,21844784,55.87136300942888
2014-04-09,197.85557474859317,204.32407944144424,195.99587540831226,203.7257537841797,25150895,65.64908950744821
2014-04-10,202.30266820902082,205.35095729027412,200.0386882604629,201.71241760253906,21686857,62.01187005948901
2014-04-11,199.71529330845505,200.81493581919474,198.37307421443393,199.8850860595703,16585882,58.82622411288155
2014-04-15,200.28125227277835,200.74212597577358,196.54567677005915,197.20062255859375,12426375,54.404587611114366
2014-04-16,196.092915856457,200.0387004146751,196.092915856457,197.7019500732422,10880776,55.0835815593142
2014-04-17,198.92287171166163,205.90078158990954,198.47816160023635,204.21896362304688,15660562,62.83218673594157
2014-04-21,205.2135046881755,208.91673983124778,203.32955307455921,207.31578063964844,17192499,65.8472453257596
2014-04-22,206.91956288694973,210.00019280743308,205.37521041276997,208.59329223632812,10952617,67.03523514117289
2014-04-23,208.47201945973262,211.03515547459853,207.2187344073408,210.15382385253906,28399723,68.47767471632868
2014-04-24,210.15382385253906,210.15382385253906,210.15382385253906,210.15382385253906,0,68.47767471632869
2014-04-25,210.9462360124148,213.21829117501952,203.16785284251506,205.45608520507812,26271410,59.40280776008868
2014-04-28,206.18377432714553,207.6391929408963,202.3269238221651,206.26463317871094,19357426,60.376114972413404
2014-04-29,206.3455102808747,206.91150872041777,202.23800782992652,204.21090698242188,12507649,56.660298668551924
2014-04-30,205.1326207121662,206.82251346864842,199.71524128769715,201.07362365722656,19888929,51.451005271871345
2014-05-02,202.1409509399087,204.437271719156,201.66390000841068,202.52906799316406,9145994,53.58308186993284
2014-05-05,201.53453527097946,206.5072052480135,200.2004049635545,202.5371551513672,14052241,53.59527653207867
2014-05-06,204.43727184820355,206.99233280740884,204.43727184820355,206.2808074951172,7045379,58.96915879230797
2014-05-07,206.34548412635877,206.50720182329513,203.22442486151758,205.48031616210938,28329075,57.43748191376716
2014-05-08,206.16761029682436,209.70911398807394,204.7687847390176,208.44775390625,16439945,61.436291136572336
2014-05-09,207.8251980856174,224.92633237331395,207.31580623450773,222.937255859375,34424511,74.18825870759468
2014-05-12,223.49512613764938,228.71035916539316,219.95362246699395,226.18765258789062,28438118,76.09769749528382
2014-05-13,229.30868180780422,230.92580442380074,225.3467205414331,226.5272216796875,22394201,76.2949875029615
2014-05-14,224.29565137653546,228.59721270626483,222.71085562344098,227.9180145263672,20961468,77.12769830924933
2014-05-15,227.9180129046998,227.99887176908533,223.9964801253019,225.6055145263672,22401164,72.5633842659306
2014-05-16,234.48347199867726,257.64074908674695,229.26016461085217,236.9576873779297,64509505,79.10161003477027
2014-05-19,239.49660902788548,241.52608742105616,233.71537775975372,237.45901489257812,42620820,79.33580368747226
2014-05-20,239.32683402060172,240.1434840727412,232.94726272221206,234.46737670898438,22394427,74.00611195923793
2014-05-21,235.2920742819661,235.60742110098388,229.81001221990567,232.95533752441406,19602885,71.39549975429004
2014-05-22,233.20603304347236,240.14350110716367,233.20603304347236,234.7261199951172,17050280,72.6139049391794
2014-05-23,236.12487108708257,237.67731204006708,233.67492139117672,236.22999572753906,18774596,73.64078851787446
2014-05-26,235.77722268833764,242.26189099003494,233.67494679425684,235.21929931640625,22024612,71.69509689404535
2014-05-27,233.6749899868478,235.3891491315986,230.85309963603513,234.0146026611328,10500330,69.34328985670543
2014-05-28,234.49160011263123,237.52371214573338,233.0766108781233,235.48614501953125,13082932,70.61143890213009
2014-05-29,235.77725173931768,237.63695130330996,230.73181068621778,232.37319946289062,24559144,64.53021102642614
2014-05-30,232.9472543528433,234.2247917152612,227.166022536579,229.31680297851562,17143027,59.144381985198976
2014-06-02,228.2171965880783,237.71782873632816,228.03121304567296,236.77987670898438,15135730,66.4973317575292
2014-06-03,236.45642155619672,238.96296458105834,232.87447478190342,235.8338165283203,19736579,64.90270757986467
2014-06-04,239.86749425691303,244.24620129463543,237.25504075207954,241.42837524414062,12880208,69.55253673631583
2014-06-05,241.52851603590813,245.5345278295955,239.91776802870146,244.22422790527344,21069081,71.5789874982008
2014-06-06,245.80162232198748,250.93431530312793,243.69848538259103,248.08837890625,21390919,74.14067750892481
2014-06-09,248.063329150935,252.3280732544291,247.62100584955502,249.07318115234375,21202940,74.76494526631862
2014-06-10,249.12323564337854,249.12323564337854,246.0352658770781,247.2454071044922,10364431,71.32347201461367
2014-06-11,246.702953420636,250.7256634704788,243.69847224066368,245.35093688964844,12749231,67.8379406681047
2014-06-12,245.36763351800855,246.03529288635556,241.72048363289892,243.5983123779297,11788678,64.68838970667301
2014-06-13,244.0823681013587,246.86986193629582,237.2888342044705,238.41554260253906,16782672,56.35592828856956
2014-06-16,237.6226958621954,238.5240402357213,233.85036850106954,236.01194763183594,13089175,52.949546896143765
2014-06-17,236.0202718202174,242.33805868417014,234.8518470047553,241.94580078125,15687243,59.46369998201909
2014-06-18,241.33656940080658,243.3228776916306,235.72818600108116,237.2721710205078,13210807,53.21447543403223
2014-06-19,239.09156206953486,239.61734627235032,233.22443289102424,235.6447296142578,16235054,51.19679351243144
2014-06-20,236.1871954503364,237.85635776145583,232.43156624210735,233.15765380859375,16995341,48.18970944366304
2014-06-23,233.68343151159598,236.93830913481492,233.25779205222776,236.0536346435547,11711777,51.743943169631095
2014-06-24,238.02327773333653,241.34490454286015,236.47094390858885,240.24327087402344,12547546,56.4035221384707
2014-06-25,239.35861600933873,239.35861600933873,236.57112202708143,237.10525512695312,6914721,52.32791981491508
2014-06-26,238.02329685154584,238.87457585554347,233.68345491652047,234.1257781982422,14728395,48.727684073788346
2014-06-27,234.51804536174475,235.38600817962288,229.76091263147677,231.1212921142578,14970114,45.3400657936712
2014-06-30,232.3481078382389,238.80776997444468,232.3481078382389,236.71298217773438,13310649,52.02492057428952
2014-07-01,237.11358689149307,242.2879956696139,237.11358689149307,240.03460693359375,15801005,55.506018966554514
2014-07-02,242.8638509028877,243.86535391844384,241.77891498442145,242.3631134033203,13500459,57.81676412302948
2014-07-03,242.4799429121872,244.53304231348633,242.02927075573268,242.70530700683594,13249676,58.160650389829726
2014-07-04,242.8972441340332,244.86685457184416,239.52552388468507,244.1741485595703,7890861,59.680085945523174
2014-07-07,245.18402064694018,245.18402064694018,240.7356850003981,242.25462341308594,10595145,56.77818613833439
2014-07-08,244.67494035482977,244.67494035482977,233.44978180423252,235.5529327392578,11441408,48.00231201680647
2014-07-09,235.536218265413,237.75621154002357,232.86555282412462,234.1925506591797,15815585,46.43339310132293
2014-07-10,234.5513979083911,243.16431791635452,228.95134973605659,231.84735107421875,21087066,43.77702545501597
2014-07-11,231.34659560505477,234.58477543738314,225.50451367787326,226.43923950195312,12540753,38.33123319413962
2014-07-14,229.49383294500683,229.49383294500683,222.55010278272266,224.37783813476562,17222782,36.4689746528481
2014-07-15,226.8398621967198,233.98389567230348,226.24730086686628,232.78208923339844,20701505,47.638196624438066
2014-07-16,235.79495521059144,245.08385621497223,235.75321074065454,243.84034729003906,34666637,58.081062649123176
2014-07-17,243.59828263418893,243.59828263418893,240.560406263538,242.12940979003906,13358004,56.21307266274543
2014-07-18,239.52555177343393,248.27199930229781,239.52555177343393,247.11192321777344,22105369,60.22496757464413
2014-07-21,248.37210848740142,249.81596280944876,246.3774793260742,247.47076416015625,10873830,60.50562627105108
2014-07-22,248.29702470613532,248.68928267459754,244.8251732692542,247.5792999267578,9693398,60.59619155089652
2014-07-23,249.81599297557253,252.44491424748873,248.9062716283099,251.37664794921875,22595353,63.72995893420075
2014-07-24,251.1930351368333,251.8439967247621,248.71431013014447,251.44338989257812,18655884,63.78447524630026
2014-07-25,250.59212875393547,251.2681650886495,245.2758440158501,246.3107147216797,11547481,56.72340791935223
2014-07-28,247.70446582814176,247.77122896616766,240.7941308371631,242.1962127685547,7511350,51.77533117304603
2014-07-30,242.84718537691555,249.87437637936702,241.19469276497412,248.4472198486328,16305135,57.79843160385662
2014-07-31,249.49886112110255,251.20974026398264,244.73337896728245,245.57630920410156,21827960,54.435723150340344
2014-08-01,244.08240034464623,251.126261896137,243.4063640099322,246.3107147216797,25283104,55.15449819252165
2014-08-04,249.05647746007512,250.54202012147053,247.13693243432252,248.9396209716797,11518006,57.7253239714266
2014-08-05,248.72264374516325,250.17481890825286,244.71663170225895,248.13009643554688,10886089,56.648409823930606
2014-08-06,247.02008398667363,247.99654030952672,240.77740901548697,241.54522705078125,11961031,48.691102312680876
2014-08-07,242.69698033535488,245.00043469020403,240.52705225766175,241.16969299316406,10130070,48.27463181973107
2014-08-08,238.69094065854904,240.58543905499957,235.65306410948995,239.88438415527344,14898592,46.79921066585956
2014-08-11,241.3532755786431,242.5133516069845,239.37531611283046,240.51034545898438,7812183,47.63854201136472
2014-08-12,242.95566532855906,244.85016379558306,240.37680972316093,244.249267578125,7573830,52.46282072962809
2014-08-13,242.8972524043645,244.53304724018787,241.02777259199493,242.39651489257812,9495711,50.00424683404681
2014-08-14,243.39802167058653,248.63922253088964,243.39802167058653,246.97840881347656,13636485,55.551761345228975
2014-08-18,248.12174642471967,256.5510470507946,247.34557949367047,255.49945068359375,21247732,63.63341454652582
2014-08-19,257.0518208791297,260.26496864011887,254.7734131249211,257.535888671875,18915512,65.25914782380147
2014-08-20,257.8863022203114,258.81269297338423,255.71637490503292,257.5107421875,9462876,65.22037558891128
2014-08-21,257.0517889504636,261.02440546941284,255.80825206077648,257.8780212402344,15249839,65.54238474488328
2014-08-22,257.90307559491174,259.6807456155325,256.49261682329063,256.9766845703125,13225470,63.97692375221313
2014-08-25,257.4691375174756,259.05483923509945,251.74386871761507,252.76206970214844,6260974,57.108228642181636
2014-08-26,247.87134177614183,253.28778401167008,247.3872740945726,251.71878051757812,9349499,55.51922186424774
2014-08-27,255.88340777654912,258.5540736227378,254.09741662666363,257.1018981933594,12302625,61.47553507979651
2014-08-28,257.55256358221794,261.0578386775647,257.55256358221794,259.85601806640625,22862356,64.1225725827618
2014-09-01,260.056277715617,267.53414022431235,260.056277715617,266.78302001953125,14692249,69.75203359270563
2014-09-02,267.0501133728035,270.21319562606186,265.06380496462714,265.5812683105469,12260539,67.7654450003011
2014-09-03,266.89984534949065,267.29210323324503,262.64347889484446,263.8619689941406,9697814,64.91685490497292
2014-09-04,264.17914997678866,264.5714079126876,257.43570906977254,262.334716796875,15945864,62.40727606514383
2014-09-05,262.33468866353076,263.82025932423073,256.54268609661943,258.2285461425781,12019744,56.12508287346288
2014-09-08,260.80740065012145,262.384753096671,258.5373422260415,261.6920471191406,8527112,59.800911606876745
2014-09-09,260.8574716375074,260.8574716375074,256.9683162173307,258.01153564453125,8552346,54.56897689986888
2014-09-10,261.0578159172855,263.36127020064754,258.2369263136844,262.07598876953125,14187943,58.85049471938397
2014-09-11,263.2277106058268,264.56305735830273,260.6572038282496,261.3666076660156,9666635,57.826183456407755
2014-09-12,262.7269720406608,262.7269720406608,259.9060825051165,261.12457275390625,6356713,57.45871436356901
2014-09-15,259.81425390658194,260.63213727045286,256.8180938482649,259.2801208496094,7465540,54.61066348102234
2014-09-16,258.8878525646632,259.9144021873081,253.98884543835828,254.67320251464844,7520914,48.1861280053242
2014-09-17,255.74982176947486,257.66936677576615,254.54802942342113,255.3408660888672,10495633,49.120329211965206
2014-09-18,254.54805130555133,261.5585446154124,254.13074669595377,261.2247009277344,6706084,56.554413988139046
2014-09-19,262.04263512184366,263.14426895731566,259.8059438562373,262.4265441894531,10378769,57.907302526920205
2014-09-22,260.39011478100485,266.0903359462722,259.78086967405557,263.5364990234375,10506210,59.171802211896235
2014-09-23,263.5615296212121,265.6980618119954,255.96681046556404,256.8013916015625,21190009,49.46205306725885
2014-09-24,256.88487608069374,258.7209603515972,250.06632319983925,253.112548828125,17279366,45.09716825837312
2014-09-25,252.21117049002004,253.65499663364673,242.44655200761983,244.5830841064453,30332934,36.97265116431191
2014-09-26,244.6999381742792,247.42069693930756,239.52552920914977,246.69459533691406,18873354,39.86107072597439
2014-09-29,246.91994074640584,247.036797245924,242.52169856315118,243.44808959960938,7073148,37.049668243209624
2014-09-30,242.86382065041676,245.01705046482311,238.2736107410754,239.28346252441406,13333391,33.76021378026179
2014-10-01,240.860876587731,240.860876587731,236.8548644639755,238.49900817871094,10776667,33.162946256625034
2014-10-07,236.18720847735685,243.1142408554925,236.18720847735685,238.63253784179688,18449612,33.37900388168475
2014-10-08,238.29038143581832,242.80548071024413,238.19025072759354,241.7873077392578,10532802,38.442041210850775
2014-10-09,242.86388970940126,249.5072006446041,242.86388970940126,248.43893432617188,12238358,47.50131327955345
2014-10-10,245.53456370187976,247.45408094900617,242.59681755511883,243.52320861816406,9018405,42.52099626388605
2014-10-13,241.52852261292713,247.25376214608826,239.825964752606,246.6862335205078,9459494,46.414146608807314
2014-10-14,247.85468194788095,248.24693988558025,242.2462983692424,246.7113037109375,11288403,46.44510873600313
2014-10-15,246.7113037109375,246.7113037109375,246.7113037109375,246.7113037109375,0,46.44510873600313
2014-10-16,245.7014336099527,249.39029971442667,242.3046947259981,243.7902374267578,15670605,43.081362572161446
2014-10-17,245.65976789106318,252.26968343439415,245.3676686266425,251.24313354492188,14839423,52.528215030028655
2014-10-20,258.5290200170986,258.5290200170986,254.68158073293506,256.53436279296875,13952152,57.873864218336706
2014-10-21,257.05181827363515,264.7967627969308,257.05181827363515,264.0790100097656,15513168,64.0842292270342
2014-10-22,265.73143993216536,266.048557769553,260.78233966054086,262.2261657714844,8615480,61.679367706420656
2014-10-27,264.1207237778959,265.0637845437362,261.67539447205013,262.5683898925781,11126714,61.96328918742887
2014-10-28,263.72845822755903,268.3854317323197,263.72845822755903,267.2754211425781,10254244,65.72483447049916
2014-10-29,269.2283966931997,269.2283966931997,266.349064711074,268.04327392578125,10474618,66.31013401702715
2014-10-30,267.0834840135638,271.37324634579664,264.3961208858037,269.4119567871094,26322631,67.37943425920861
2014-10-31,268.9529508168454,272.6084495967959,266.9833402707102,271.51513671875,21065660,69.00729819931003
2014-11-03,271.40662578259673,275.4126379773296,269.12821825382184,274.69488525390625,13022333,71.33625074929466
2014-11-05,276.3306993985197,280.42017280088936,274.78671425664106,278.976318359375,16438026,74.15267383866905
2014-11-07,280.16974982984317,282.38139406141914,277.3488605233397,281.2046203613281,9347464,75.50184735443803
2014-11-10,280.5370007182611,280.66217810167336,277.65769676838465,278.250244140625,8030726,70.26502522920687
2014-11-11,277.2486728007807,282.256187151424,276.62273000489813,281.3464660644531,11662277,72.4237460509229
2014-11-12,282.623422288354,286.2538459859185,282.623422288354,285.08544921875,10523271,74.80271495573646
2014-11-13,285.12719190390976,286.4291430635883,281.5050887497052,282.506591796875,15610947,70.29812032246579
2014-11-14,281.42163962968095,283.59156765895256,281.28811335550455,282.4732360839844,10524866,70.2392026603176
2014-11-17,281.58859318276365,281.58859318276365,277.41568652177676,279.3936462402344,13396053,64.8362976128742
2014-11-18,279.75247606922926,281.6720213146648,279.01805354768146,280.6204528808594,11248880,65.95963419835934
2014-11-19,281.01268240132515,284.42611902707705,279.0847884567281,280.9041748046875,14558984,66.22833517158637
2014-11-20,281.33817316213765,282.7319060134007,279.50208905374166,281.7471008300781,8960451,67.06024571136544
2014-11-21,282.2561986056349,290.2347983045738,279.91934914169747,288.8827819824219,17794084,73.10099746282759
2014-11-24,290.4351512176616,296.9449069256234,290.4351512176616,295.99346923828125,13578185,77.52428332470053
2014-11-25,294.9502549326555,295.1004789894612,287.6392854631261,289.97613525390625,17101408,67.42062141966039
2014-11-26,287.01329233808747,289.4503004124968,284.7599318802528,285.4943542480469,15505330,61.03968354353344
2014-11-27,286.1620474836761,289.56716326853564,284.5930438692323,287.63092041015625,15438511,62.84502413295407
2014-11-28,287.9313885077817,296.6110723916032,287.9313885077817,292.8387451171875,16467154,66.8742952643591
2014-12-01,294.77499125180714,296.4107861445178,292.27124757295957,293.4646911621094,17857713,67.33284458333162
2014-12-02,292.72190091016466,296.310608357083,289.6088842796159,295.5260925292969,14228054,68.8615649508618
2014-12-03,294.6247990179293,300.1414014112421,293.7985665964633,299.46539306640625,12067709,71.59697574685089
2014-12-04,302.53654855728684,305.4993407744819,299.0730469208306,302.28619384765625,13537613,73.39900423314954
2014-12-05,303.62152757398775,304.58131406374423,299.1147783612866,300.283203125,8548679,70.002726269489
2014-12-08,301.2012837936105,302.1193259365069,294.27422325188843,295.2757263183594,6475662,62.248052697851335
2014-12-09,296.2772313128583,298.73925853327006,291.43666581257537,292.4381408691406,8119718,58.30639043907234
2014-12-10,288.4321383878163,296.1102907741848,288.4321383878163,293.815185546875,11679797,59.6419628546101
2014-12-11,293.5231502152282,294.73329177726436,287.30552053102286,290.3934631347656,8902775,54.9331255809389
2014-12-12,290.0178605030961,292.8971643513422,287.59757773305864,289.016357421875,7508487,53.11555749833146
2014-12-15,286.0953552383823,291.2697933285184,285.55287314788995,288.1401062011719,7925545,51.93798537343672
2014-12-16,285.3024524837552,285.8449344490085,274.78668487108723,275.996826171875,16369716,39.02557900795516
2014-12-17,274.99536536939064,282.3814477109303,266.39916955774424,277.3739318847656,25141233,40.822362150744304
2014-12-18,285.385939384466,289.60059010349494,283.2160113259009,288.5573425292969,10631579,52.94829192619109
2014-12-19,291.2697178393951,298.3636716217271,289.39188923981226,297.1117858886719,25004771,59.74340419500953
2014-12-22,296.6945588554756,300.99267070569215,292.98064550279327,299.7825012207031,9977669,61.60758160301029
2014-12-23,298.6140749528859,302.03586070494276,293.14753862705317,294.6080627441406,8114147,56.179477132980814
2014-12-24,294.0656158535152,297.86299021772726,292.85547435914987,294.6915588378906,13035476,56.246467872011436
2014-12-26,295.56781844842527,297.6960017057094,290.51858726229557,292.8971252441406,3566406,54.324360037583574
2014-12-29,292.10430124958623,296.0268522959475,290.76895458956636,291.3948974609375,4125797,52.700711395766625
2014-12-30,293.7734818824783,293.7734818824783,289.8092141384705,292.3129577636719,6246150,53.613168064649756
2014-12-31,292.18781491681483,296.11033865490583,292.18781491681483,294.6915588378906,5069990,55.9824595728933
2015-01-01,294.3576498674838,294.9835927131261,292.27121107056894,294.0238342285156,2583280,55.13116201619936
2015-01-02,293.77346749454347,303.37119294572136,293.77346749454347,302.36968994140625,8272990,62.754736324238806
2015-01-05,304.8734034054019,306.6260264861656,301.701972868142,302.9955749511719,10316090,63.25890318270208
2015-01-06,299.9494003132877,300.3667049344391,288.9328945119674,290.1430358886719,13282427,48.684958661733
2015-01-07,288.4322009087517,288.9746829906524,279.961181965334,282.2980041503906,21254332,42.28173450938953
2015-01-08,287.93138468286804,290.852432913132,284.7599817022095,289.97613525390625,12558144,49.30891329435463
2015-01-09,292.0625701953615,292.43813033214724,281.3381920379529,285.3024597167969,15701030,45.664449215254706
2015-01-12,286.0535727299258,290.1013012271431,282.6735035682234,289.2249755859375,8304115,49.06695386334735
2015-01-13,291.26975196127665,291.26975196127665,283.54985440804086,284.5096130371094,13100848,45.387479485997716
2015-01-14,283.13249548433396,285.2606786586188,277.9163426743144,281.1712341308594,13127934,42.93281963757209
2015-01-15,293.89865319335144,297.1118005851373,290.0595909204979,294.4828796386719,16662989,53.68823898867688
2015-01-16,294.48286270447,295.943386709151,289.97611332469603,295.31744384765625,14726646,54.27014580585048
2015-01-19,296.6945093517396,301.952379001543,295.02534705177857,301.1177978515625,10277015,58.2011698849619
2015-01-20,300.1997879860205,308.170068240512,300.1997879860205,306.9181823730469,11477610,61.742821161839785
2015-01-21,305.8749041413441,309.5887885437468,304.7482238866491,307.5023498535156,12457852,62.091196197466594
2015-01-22,307.8779081548671,310.7154950148748,304.289201129414,308.6290283203125,9320935,62.794890401184254
2015-01-23,312.8854654155373,313.386230983448,307.7110559790055,309.3802185058594,13525550,63.28425309145851
2015-01-27,312.5516351892971,321.1478302078791,311.0493665718306,320.0628662109375,13932787,69.44017160710413
2015-01-28,319.6038389724899,328.3252392172344,318.4771585434371,320.5218811035156,14787690,69.67544213443678
2015-01-29,317.22529005994903,320.3132603117763,313.42794395277554,317.3922119140625,22085259,65.94748269261271
2015-01-30,318.35195390638324,318.81097493258864,295.98510098713126,301.0343322753906,31372235,50.683407193142045
2015-02-02,300.7005255021685,301.03436920451554,292.1043303309678,293.6483154296875,37165959,45.5561270469214
2015-02-03,293.77350422507766,297.77951674321037,288.014868234368,289.2667541503906,25975650,42.79062996626006
2015-02-04,288.8077071088053,289.8092101483816,283.9671137535899,287.6392822265625,15639435,41.77619413640911
2015-02-05,284.5095924077731,288.1817608378135,277.7077375218048,280.0863037109375,18771838,37.350679015980354
2015-02-06,280.4201447665591,283.7584694839102,273.4930845567076,274.8701477050781,17811770,34.622863789056936
2015-02-09,273.32617979920974,273.32617979920974,265.81492069932847,267.1085510253906,15330887,30.995431477080317
2015-02-10,265.8148897598776,279.5855205013568,264.06226657609113,276.2889404296875,31301276,39.12008884390055
2015-02-11,278.83443951719704,283.71674964591335,278.70926213517697,279.335205078125,13732188,41.578155663317894
2015-02-12,282.2562355358272,284.8851565061998,275.4126360862202,283.049072265625,14372362,44.51922726245286
2015-02-13,287.0968265551817,288.68255618940407,283.9254233195862,286.9716491699219,9926537,47.52406026336058
2015-02-16,289.55884068903987,289.55884068903987,280.7539792398307,282.13104248046875,11084024,44.33311674769538
2015-02-18,283.50805554392576,287.0967626253055,283.50805554392576,285.7614440917969,8830098,47.19667740925379
2015-02-19,283.8418808113736,286.9715666911851,277.29038187606386,282.54827880859375,10326464,44.990727845634176
2015-02-20,279.585546674257,280.25323405738095,274.1607547849106,276.20550537109375,17197010,40.92444344184773
2015-02-23,277.9164197588916,279.16830574578086,272.908931844187,274.5780944824219,12236793,39.92732298421617
2015-02-24,274.9953315678957,276.58106106085023,270.8224255726993,272.11602783203125,12177664,38.40286404596568
2015-02-25,273.40962613245506,276.24721337466985,268.11001178133404,269.15325927734375,18029910,36.592284275293586
2015-02-26,270.9892895583239,271.6152323280672,267.19191649620865,268.1517028808594,18356309,35.97481551505403
2015-02-27,270.9058976171122,281.2964605873685,269.5705508339693,279.7942199707031,17157486,47.14091023881324
2015-03-02,292.8137310302697,293.73177318539325,284.21750793541383,291.31146240234375,16237130,55.42312353494972
2015-03-03,290.4351181823285,291.68697581919207,287.1802266903619,290.97760009765625,16309976,55.15334824056217
2015-03-04,300.4502133272221,302.11937604269497,288.80776276297905,291.5618896484375,27007377,55.56102934583787
2015-03-05,289.0998209943104,292.0208693399215,283.84195078206443,290.22650146484375,12677758,54.34508163982797
2015-03-09,285.4276311341497,286.22049585994233,276.87315305485373,277.74945068359375,13711772,44.53754413750033
2015-03-10,277.6660560037536,281.92242339537944,275.7047661532312,278.4588928222656,15690129,45.14374370043191
2015-03-11,278.4171934970062,281.21303679529467,274.5781025070122,277.62432861328125,11762499,44.52719229463171
2015-03-12,281.71377408232286,283.5081139846786,279.29346321474947,282.2562561035156,12265104,48.71377017734281
2015-03-13,287.9313835436926,288.76596474669145,274.5780562792888,275.5795593261719,14368069,43.60517335735419
2015-03-16,274.99535664047676,277.91640511165065,271.78220892547046,276.622802734375,12496540,44.58308786325327
2015-03-17,277.0818217615317,280.83745147971257,275.5378366083516,279.46038818359375,11214858,47.26185202079481
2015-03-18,277.9998325285315,280.8791641962427,276.288953728145,279.41864013671875,9603665,47.22568253812886
2015-03-19,283.3411729189878,284.9269024194657,274.0355742948762,275.5795593261719,15488184,43.898639657937565
2015-03-20,274.49463090798207,274.786730164399,264.31270529299724,265.8984069824219,23389273,36.84868079104552
2015-03-23,268.77771113130365,269.06981035730195,260.7656865529336,261.89239501953125,11517028,34.38769842925319
2015-03-24,259.13821345196544,264.27090509951927,258.2618879439561,260.3066101074219,18209548,33.435748023585276
2015-03-25,260.3901708638777,266.23226844705965,259.6390504355092,264.4796447753906,15109255,38.27796085360308
2015-03-26,259.5555616058076,261.8089506651955,252.545067672467,257.0101013183594,34971712,33.5704937292637
2015-03-27,261.22471073434775,263.89540430318795,257.2604428682488,262.5183410644531,17383920,39.481111864525786
2015-03-30,263.97880559492023,266.6494988438899,261.51680665822187,265.9818115234375,14140124,42.920157806733755
2015-03-31,266.14871356062173,269.36186049387396,261.8923472913746,263.3111267089844,14317689,40.98605741093019
2015-04-01,262.8939146476115,270.7389898554835,262.1010498273228,269.6957702636719,9190830,47.12086250003998
2015-04-06,271.6152596109352,271.6152596109352,266.52428405430607,268.1099853515625,10512775,45.84606696891926
2015-04-07,269.52880534912646,269.9460819126233,262.8938726515961,264.8968505859375,9849292,43.29048899849089
2015-04-08,266.1488207399444,266.8164802631939,262.518395816873,262.9774169921875,9158573,41.791815182178624
2015-04-09,265.39763795639084,268.6525018823352,264.4795958213267,267.56756591796875,13516230,46.55663811399339
2015-04-10,266.64951327235644,268.4438530021145,264.7299681550287,265.64801025390625,9053218,44.90132379205307
2015-04-13,266.9833888754281,266.9833888754281,263.72852434702213,264.4796447753906,8810668,43.87870135893725
2015-04-15,265.68973319738166,268.9863415435755,261.26644443405985,262.8938903808594,11297754,42.46508973694328
2015-04-16,263.64502148408053,263.72848240911935,258.8461723846777,260.80743408203125,9682703,40.61121503876817
2015-04-17,262.1009902250553,262.85211040166746,257.2603975076168,258.80438232421875,11639567,38.85737742979631
2015-04-20,261.14124910078954,265.0637720646821,257.30215903634894,259.68072509765625,11663690,40.07666430249245
2015-04-21,259.55553626029604,264.2292077649489,258.67923861241104,259.43035888671875,9953639,39.83227435939982
2015-04-22,261.433366163164,262.8938902661021,253.21270352756514,261.1829833984375,12256206,42.47671190300515
2015-04-23,262.2679290407431,263.64499212590556,258.51229989789823,260.2649230957031,10352840,41.44904756629451
2015-04-24,260.7657146518314,260.8491755848847,256.30070882382296,257.2604675292969,13482295,38.192497817425995
2015-04-27,259.3051838026756,260.7656798953794,247.62099092966693,252.29466247558594,24819034,33.5067015431335
2015-04-28,255.04879162367766,274.2442155312595,255.04879162367766,272.78369140625,37447522,56.96664424215848
2015-04-29,273.5765799805346,279.4186769891423,271.32319090062373,275.537841796875,24501414,59.0577304709918
2015-04-30,276.24722862665254,278.41715664239257,271.406635061922,276.3724060058594,20787994,59.69682163402489
2015-05-04,277.70770299508195,281.1712327018274,272.24116748163027,274.8283996582031,11308400,57.8962301386214
2015-05-05,274.8284529364195,276.16377172214294,272.99236859373207,274.1190490722656,10109107,57.044939914487436
2015-05-06,272.825427335592,282.0893093162587,258.8461574525786,260.51531982421875,19967506,43.75702406270839
2015-05-07,260.5570210740874,261.22468038050494,250.8758630735624,254.2141876220703,16086181,39.20197569901953
2015-05-08,258.7209231349054,266.1487200729374,258.7209231349054,264.5630187988281,15672276,48.65555134218368
2015-05-11,267.1085199732181,271.9073685005415,266.31565528808,269.9878234863281,9605442,52.7987663769055
2015-05-12,270.0295969321636,270.4051571211267,256.21724682395643,257.21875,13692241,43.83269630248953
2015-05-13,261.34993053406936,266.3574182146728,255.79993280251188,265.1055603027344,15431501,49.53317147711524
2015-05-14,265.1473091741044,265.3559475155298,259.76426066018917,262.8522033691406,11672149,48.03320241014087
2015-05-15,263.14431176524494,264.10409859861767,259.1800430587069,260.68231201171875,12014773,46.570716238883
2015-05-18,262.8939141990309,264.4796158204778,261.141290719237,263.9371337890625,7629436,49.07539372621591
2015-05-19,262.0175796857546,266.14876946773217,260.3901336459508,263.1860046386719,9064851,48.510225368095796
2015-05-20,263.9370926986512,267.9013601433134,263.9370926986512,266.0235595703125,7555070,50.81465835485226
2015-05-21,267.23374407160367,267.73448163328857,260.97437046020576,261.6837463378906,11132704,47.32603070275182
2015-05-22,262.89388874606664,265.52280970301723,260.1814788516011,261.7254638671875,8944914,47.363440497616
2015-05-25,260.39011443567165,262.142737727536,259.5138167979503,260.51531982421875,5481212,46.33541124324605
2015-05-26,260.39009553005354,261.22467665527887,257.5942529630116,258.4705505371094,5505501,44.574877634073026
2015-05-27,260.22320370799645,262.72694710281786,256.63446842073995,261.3498840332031,12557150,47.594420279563124
2015-05-28,262.2679242226804,263.7284481967569,259.97281912290583,262.4765625,11520281,48.77052798380483
2015-05-29,264.64649011741733,266.148730539713,262.72694512425085,264.77166748046875,22664703,51.17436337334437
2015-06-01,264.5630249185641,266.2321871421755,263.7284438067584,264.10400390625,7621775,50.43298598207889
2015-06-02,264.56307574881504,264.98035237667926,252.87890992224843,254.13076782226562,13982208,40.900990733764615
2015-06-03,253.9221097881581,253.9221097881581,242.69696593386738,246.82815551757812,22831293,35.595866775619044
2015-06-04,247.71951278152602,248.5684461229563,242.3287618399607,246.27630615234375,20759124,35.22405084488774
2015-06-05,247.21016966034628,248.22889550974426,240.2489096040493,241.1827392578125,23735127,31.910814198109804
2015-06-08,242.49856843028283,242.49856843028283,237.99919865824472,240.376220703125,21145729,31.407061375515624
2015-06-09,240.16399672892217,244.32376753503164,239.44239336525186,243.72952270507812,19411474,35.9354177154118
2015-06-10,243.64464862875238,249.88433390245362,243.3899600364205,248.3137969970703,17487792,41.61057609231578
2015-06-11,251.2850755509754,252.3038014104803,243.2201933696327,244.91806030273438,21760535,38.864212960164544
2015-06-12,245.76699527813517,252.13401056546556,243.7719773960059,251.24261474609375,20748570,46.011425594342505
2015-06-15,250.43612197634545,254.97791138298894,248.90801906067304,254.00164794921875,17020704,48.82225210381307
2015-06-16,252.17641667051296,257.2276115941897,249.502286503044,256.4211120605469,15828124,51.22061787144223
2015-06-17,258.28879319523855,258.33122704357396,254.72326700273504,255.82688903808594,16849471,50.5935074650548
2015-06-18,258.5434449335583,259.5197082883323,256.6757859085862,257.52471923828125,15455462,52.38721743198769
2015-06-19,255.02036502432426,259.7744089919954,255.02036502432426,258.54345703125,9060393,53.47859216155763
2015-06-22,260.113968869761,268.1788787390734,259.81684646105185,267.457275390625,17123638,61.74199141168616
2015-06-23,267.3723703943977,268.9429070723684,264.8680041779813,266.14141845703125,13093667,60.0463953264531
2015-06-24,266.31119410941113,271.99906716817526,265.41979847039113,269.7493896484375,14984900,63.04330701524434
2015-06-25,268.5609043525904,271.3623931334157,265.8867456079053,267.24505615234375,18385230,59.6961354085335
2015-06-26,267.41486172173074,267.4572955697978,261.93921392615823,264.6133728027344,11342004,56.31260000068037
2015-06-29,256.3786223289903,265.716916991606,254.80811427063426,264.1888427734375,11605396,55.76352184066517
2015-06-30,263.21261921562257,266.22633426688344,258.1189902221651,261.4722900390625,15125139,52.252526204772344
2015-07-01,262.06649995305924,266.14140260473107,262.06649995305924,265.03778076171875,15481941,56.154554681305505
2015-07-02,266.8205714211949,267.79686334516305,264.1039788690244,265.7169494628906,9252723,56.87746979880571
2015-07-03,264.6558005236446,267.8393079944178,263.9341971374586,267.0328369140625,5716323,58.31164862719427
2015-07-06,262.4061425227353,268.9005164932915,259.1377386123098,267.5422058105469,8562220,58.8817240643196
2015-07-07,266.56589846088224,269.96163186231695,264.48598467919845,265.37738037109375,10617091,55.4134910811795
2015-07-08,261.81187437277185,264.52846699872805,260.0291113525574,261.09027099609375,13252578,49.22936488434225
2015-07-09,260.62331902131945,263.9766183544139,259.5196971904457,262.74566650390625,6959346,51.480992825092734
2015-07-10,265.29248835526914,267.3299398274345,263.38236691328297,265.84429931640625,10664155,55.46262953380446
2015-07-13,266.9903316025959,269.2824714317572,265.54715356068976,268.6033020019531,8964077,58.71159103498825
2015-07-14,269.11271401574396,269.19761020549237,264.9104808651776,266.0989990234375,8304877,54.803642398892535
2015-07-15,266.4809971543795,268.2637600056904,266.01408239574533,267.11767578125,7378092,56.08414524522498
2015-07-16,267.20258367246095,270.1738647209098,266.90546126725934,269.1976013183594,13466904,58.659566142328856
2015-07-17,269.9616658028728,272.50846617414174,268.7307137150038,269.4947509765625,9339699,59.02923518060776
2015-07-20,270.7681837530245,271.4897587165873,264.95295070544284,268.0940246582031,9420104,56.46600365167791
2015-07-21,269.5371550513657,269.5371550513657,263.50972532201445,264.4010925292969,10702263,50.26846778677788
2015-07-22,263.84933297595774,269.70699997250796,263.0003994472403,268.9429626464844,11141670,56.58044513453963
2015-07-23,268.98538218163304,269.70698561701226,265.08029955667433,265.6321105957031,15214876,51.45371910016777
2015-07-24,264.69827453101715,264.69827453101715,254.08656349543034,255.190185546875,21177605,39.34520091990072
2015-07-27,254.55344664058632,254.55344664058632,246.2763107832317,247.125244140625,11212545,32.904478688056244
2015-07-28,247.6346358638176,250.73324707584587,239.99420669829567,241.94676208496094,25395273,29.558583287705048
2015-07-29,244.0690776260994,246.10650043609706,241.140230683715,245.55471801757812,13165836,34.551993020451235
2015-07-30,246.1914413063674,249.29008116996508,244.06912193174705,247.04037475585938,13705803,36.54663838700426
2015-07-31,249.96922782015676,262.2363435129622,249.67210538092266,256.71826171875,38967790,47.723556133950105
2015-08-03,258.45859558654917,266.5659402774103,258.24634084200096,265.6321105957031,28709585,55.49871660129614
2015-08-04,266.14142262580725,267.6270631418976,260.66577533798227,266.60833740234375,16797983,56.26589039416245
2015-08-05,267.20257742092576,271.48970651940505,262.32120352594643,264.3161926269531,13798462,53.91565113597183
2015-08-06,265.504732219831,265.5896284116657,261.00537654368486,264.0615539550781,12210084,53.64755914085238
2015-08-07,263.085291634113,265.3349697256077,261.85433946117337,263.29754638671875,6215341,52.799248879831005
2015-08-10,263.17015318649294,266.5659153006641,260.75068301074987,262.8305969238281,7698226,52.25538191259858
2015-08-11,263.08522538250395,263.08522538250395,255.31746714558534,256.59088134765625,10431195,45.509393616027396
2015-08-12,254.68081235445598,254.80817089975025,246.27634529027495,247.59219360351562,10292540,37.90871029483503
2015-08-13,250.64838160706105,253.57720079693328,246.91306275703442,247.80445861816406,13754705,38.17102795921259
2015-08-14,249.7994129581851,257.90675677604503,247.9317537958809,256.8880310058594,9669851,48.247162683139926
2015-08-17,256.33623113124116,258.6708051852597,252.00666779404975,257.1427307128906,8331141,48.50059418962422
2015-08-18,257.22763851834566,258.246335880436,252.7282540943847,255.61463928222656,5936462,47.01311450907497
2015-08-19,255.57221841191645,259.26507490713436,255.10530355632193,258.50103759765625,8754270,50.12469576029138
2015-08-20,254.8930706454374,260.41115256758286,251.15775189824845,253.19517517089844,15936951,44.90449747369956
2015-08-21,249.37492924684398,252.89802130889737,245.00293230030567,251.70950317382812,13769807,43.53724771076742
2015-08-24,239.73952094794282,241.81943489404864,227.09038737926065,229.17027282714844,33312582,29.074048800294435
2015-08-25,234.77322514605757,241.4373617284108,226.79322623460766,240.67332458496094,26553623,40.024583721764
2015-08-26,237.65963097996448,239.61218635247226,234.05165689978801,236.04664611816406,16189880,37.51568042699649
2015-08-27,240.03661194744876,241.52225235809672,237.87183059137192,239.78195190429688,27884874,40.74508885429302
2015-08-28,241.98918014022598,245.59716826023396,239.1027953438628,240.84312438964844,14365759,41.66746337016343
2015-08-31,240.16397716380968,241.3949290674145,234.60343392911346,235.91929626464844,15079961,38.660346715296306
2015-09-01,233.4574068985204,236.38624007118617,227.76953293970018,230.0192108154297,17342438,35.366624804095366
2015-09-02,234.30632284264314,234.94302999542342,223.35505670875816,224.84068298339844,18825908,32.730833921155224
2015-09-03,228.06664865595062,229.0429263514448,222.16654863671542,226.53857421875,16509187,34.455642416819614
2015-09-04,224.88314004910026,225.05293242971146,216.18155127584316,218.81324768066406,21605844,30.60991400599265
2015-09-07,220.76580331114556,221.7845290977483,210.28145152603864,211.46995544433594,21698736,27.47118187650294
2015-09-08,213.7620676758589,222.67589636519327,211.55483811204604,221.40249633789062,18300349,36.89657188823863
2015-09-09,227.47241417524984,228.36379572056939,222.9730441022312,224.58602905273438,24478703,39.60563299809363
2015-09-10,220.7233601717028,229.21272291852006,217.53985270392363,227.0054931640625,13718266,41.65565794524157
2015-09-11,226.96301912511078,229.1278005359711,224.45865298383512,227.13279724121094,14872838,41.76766225898674
2015-09-14,226.02922382529795,232.014220366329,223.3550791631774,231.25018310546875,13300446,45.417340945275406
2015-09-15,231.75951482528131,231.75951482528131,226.49610815604203,227.93930053710938,14825729,43.079229414049685
2015-09-16,231.3350654638218,232.5660318018675,228.40624645923484,231.6322021484375,13377086,46.39408689445914
2015-09-18,236.21641679298202,242.24386048746425,233.28758400334044,235.87684631347656,21286324,49.99850617661379
2015-09-21,230.82570007129004,237.9992000945867,230.06164861529433,237.10781860351562,11510079,51.02692879192025
2015-09-22,236.0042086730876,237.99921223059872,228.44868966107776,229.6796417236328,14741229,45.010715817754125
2015-09-23,226.6234706586388,233.45740028550208,224.24644856035835,232.05665588378906,12489166,47.15775156949714
2015-09-24,230.40119685656316,232.26885584765884,226.6658788743718,227.76950073242188,10557228,43.833531360760276
2015-09-28,230.910583106029,231.5048421859291,226.19898705997508,227.5997314453125,8561999,43.70215592641591
2015-09-29,223.8643999742301,231.4623805358564,217.62472987257402,228.36376953125,29415623,44.50823346834559
2015-09-30,230.31635679713867,231.16529026577595,225.56231227383816,229.50985717773438,13700514,45.76273260006617
2015-10-01,232.14154466377104,232.14154466377104,225.85941197977107,226.75079345703125,7677876,43.22908372740305
2015-10-05,231.25016405316936,239.3999559103734,231.25016405316936,238.50856018066406,13756761,54.73127390213726
2015-10-06,241.09782446701786,241.8194278251487,237.7020766472984,240.03663635253906,10497246,55.9795592537159
2015-10-07,238.46610892174758,240.92802710883927,235.3250497342151,240.24888610839844,7765703,56.16038870932821
2015-10-08,239.7395004980147,239.7395004980147,235.28259331192567,236.38621520996094,6649535,51.97590358695294
2015-10-09,238.97545904201783,244.40864375199732,238.16897380362252,242.8805694580078,11102562,57.68467384647365
2015-10-12,244.23888991477062,247.46485987545964,242.15900435358225,244.15402221679688,7892259,58.72087807849701
2015-10-13,242.7108391992658,245.93680947655014,241.52232083413764,244.0266876220703,6102034,58.56644341877314
2015-10-14,240.63091626850527,242.11655687090263,239.35750189553096,240.16400146484375,5325426,53.93269890947058
2015-10-15,241.09781483676338,243.6446149129938,240.8006924359356,243.09280395507812,6759388,56.72828388448884
2015-10-16,243.22019501184144,248.4835882396386,239.86689497212555,245.7245330810547,8890588,59.128426621234915
2015-10-19,245.68208181367774,246.10653427061706,242.45611204913678,243.81442260742188,5806930,56.67145957719249
2015-10-20,243.22017318743795,245.7669733757592,241.35251401635892,242.96548461914062,8710318,55.56632080537731
2015-10-21,242.41368720767267,244.36624267749156,236.6833650894936,239.9942169189453,5616168,51.761699446391596
2015-10-23,242.75322875495885,245.34246247274712,241.64960692530457,243.0078887939453,8208290,55.11835970739262
2015-10-26,244.28131738812976,245.97918407316865,240.88558401805196,242.24386596679688,6085533,54.09073781921283
2015-10-27,241.09781294473763,242.71078346387074,239.48484242560448,240.84312438964844,6090339,52.1703148670891
2015-10-28,237.70206638510243,238.29632543394712,228.4486671562849,230.23143005371094,15503186,40.452832383590014
2015-10-29,231.16529851683438,232.86316551471143,229.50986536970493,230.44369506835938,9035266,40.73954986469701
2015-10-30,231.12280251122877,237.4049205005424,229.6371620714658,235.15524291992188,27623495,46.85622397552821
2015-11-02,235.1552422008081,238.8056640279093,234.05163458395623,237.32003784179688,11398428,49.43853123037559
2015-11-03,238.04165377757934,239.99420918447177,236.173994562136,237.23516845703125,9079788,49.33731503831458
2015-11-04,238.50856690093224,238.50856690093224,231.33505251066538,232.05665588378906,7389933,43.48696088822588
2015-11-05,230.91057612646995,232.18399043763796,228.15153553411972,229.25515747070312,11422504,40.67684678660559
2015-11-06,229.12781547942785,229.12781547942785,224.75580428126767,226.75079345703125,12121540,38.29456157172617
2015-11-09,220.12910302482476,224.9680435381481,217.32761414850268,223.3975067138672,13448248,35.31239707287851
2015-11-10,221.99673517881146,226.15653413812936,221.10535375870265,223.10035705566406,8652695,35.05190450295666
2015-11-13,221.02048051781375,223.27015820223966,219.87441050453762,222.208984375,10160904,34.23603560385111
2015-11-16,221.57227325971374,227.81195758321468,220.38376942381768,226.8781280517578,8992376,41.868781225211976
2015-11-17,230.65591587325142,231.20772687517857,225.01049006349757,227.38751220703125,17959700,42.65079265379757
2015-11-18,226.66587547905567,227.72704923058447,220.29886146809702,221.1053466796875,9500657,36.18551656734488
2015-11-19,223.27017019021218,227.514851477971,222.9305854278331,226.15655517578125,9618626,43.589878007125456
2015-11-20,224.62847571436026,229.42496818879272,223.69464607769783,224.92559814453125,9819811,42.301750157168534
2015-11-23,225.8169689690493,227.3026095476289,218.43122842028612,225.77452087402344,12735592,43.54088155337956
2015-11-24,223.56729125976562,225.30760616002647,220.42623197046603,223.56729125976562,11775700,41.071118511607274
2015-11-26,223.4823876931371,227.26015403425458,223.4823876931371,224.1190948486328,13255344,41.9575104373082
2015-11-27,225.60473541000027,230.06164275176346,224.4586653797707,229.25515747070312,11608418,49.56224125806575
2015-11-30,227.68463757475735,235.57974134140144,227.68463757475735,232.22645568847656,16528998,53.368658073979994
2015-12-01,233.49983722021634,234.94302964837377,232.01419669866235,232.5235595703125,6603705,53.74455621886065
2015-12-02,233.07539957603032,233.79698875546333,227.98178447398382,229.55230712890625,7161062,49.4513083401471
2015-12-03,228.06665757463753,229.25517579350338,225.052942428653,225.64720153808594,8549273,44.428038216559756
2015-12-04,223.31258074179934,224.1190659186442,221.40247377098302,221.95428466796875,9085607,40.262849460788395
2015-12-07,224.37376639210822,224.58600685769008,222.08164060936502,223.31260681152344,5522740,42.401817344726894
2015-12-08,222.2089589478279,222.8456660211355,220.4261962414944,221.95428466796875,11624224,40.82748271716238
2015-12-09,221.40250927489956,222.37878696094324,219.36505771287645,220.25643920898438,8129762,38.88407292749021
2015-12-10,221.44498580096447,222.33636741151597,217.32763405332778,219.83200073242188,11053207,38.39208465568705
2015-12-11,221.19029372030386,221.65720856844638,209.81455921499267,211.6397705078125,18851171,30.39754303241881
2015-12-14,209.94184792321988,213.88940642975504,207.98929271564796,211.38504028320312,13279719,30.187051041565056
2015-12-15,210.4512260143882,210.4512260143882,206.3338890931648,209.17782592773438,13675557,28.35484984475866
2015-12-16,209.89938642009056,215.20524076480325,206.84322377894287,213.9742889404297,18885293,37.26569389695223
2015-12-17,215.58726777837177,216.73333771949171,212.3188645655019,214.9081268310547,17692297,38.8600745861341
2015-12-18,214.01674376834765,214.7807808904169,212.1066367140674,212.31886291503906,14450734,36.11905102172377
2015-12-21,212.31887425173718,220.29887336596653,212.23397806717267,219.19525146484375,14307700,46.842663763403486
2015-12-22,217.75209076931532,223.69463892652703,217.70964267363226,220.34133911132812,21342967,48.39749290337477
2015-12-23,220.38377705602247,223.22771384114046,219.959310367852,222.29388427734375,11533960,51.02567734692794
2015-12-24,223.27014588411532,223.77950872312377,218.43120603808867,218.98301696777344,6097366,46.683808621958214
2015-12-28,220.76579702420221,224.9680300874362,220.7233489302102,224.1615447998047,12041784,53.367627112254915
2015-12-29,224.1191064102912,226.24143995624817,221.9967586152252,224.7558135986328,9054719,54.07906590189393
2015-12-30,223.48237515714575,224.50110084915133,222.20897516669254,222.7183380126953,10025565,51.19521021363321
2015-12-31,222.50610818428729,223.9917487019973,220.85068954253865,221.86941528320312,8546444,49.998842391960416
2016-01-01,221.82696445372972,223.77951972440093,219.02547582601224,223.27015686035156,5998096,51.992360948490806
2016-01-04,221.57227142615352,221.86940806949954,216.18153474331118,216.94557189941406,9435792,43.54962286208118
2016-01-05,217.53982591319266,218.60099968813512,213.67716363175938,217.92184448242188,8966977,45.033392421970426
2016-01-06,216.8182322147444,217.9642878978483,211.5548257929698,212.31886291503906,17416181,38.73991028236499
2016-01-07,209.17783789799222,210.28145991904574,206.37634899757268,209.47496032714844,18240712,35.990588963862066
2016-01-08,207.56485397980495,210.36634289394408,206.67347243886152,208.03176879882812,14404391,34.64682119036887
2016-01-11,205.35759517975842,207.05546182770263,202.08919190809058,203.2777099609375,14208668,30.594499734725133
2016-01-12,204.59359969711107,205.31518889468427,200.00934741493575,200.98561096191406,11895899,28.84290741342906
2016-01-13,201.87698169647746,206.2065448415904,196.1891080264605,203.32015991210938,18215710,33.04738022023268
2016-01-14,198.82080949969762,203.5748537117363,196.7833579090785,200.13665771484375,14600781,30.408748647771517
2016-01-15,200.00932617028025,200.60357100547597,188.25156001546404,190.54368591308594,22333902,24.15109821382265
2016-01-18,190.33142777710316,194.15164200172012,184.89824307931482,189.39759826660156,30239009,23.528152889477468
2016-01-19,190.71344802305393,196.3164251352237,190.71344802305393,194.194091796875,16222439,31.492363662748105
2016-01-20,190.92568736832004,193.47250160859787,186.85079883298306,190.501220703125,14353478,28.989130399744113
2016-01-21,193.98187126537903,198.2265526272213,190.33144899896305,192.1142120361328,15665863,31.548492016014634
2016-01-22,197.46251472111007,199.41507013575188,195.08549259664727,197.58985900878906,15148522,39.517830485444264
2016-01-25,200.30643072138162,202.47121214018262,198.82079026768747,200.39132690429688,17137268,43.16369070536941
2016-01-27,202.04677376293787,203.1503957971372,199.2452848291484,201.4525146484375,12155561,44.527769755586135
2016-01-28,202.5136974399123,203.362630926826,196.31646018686598,197.97189331054688,24258166,41.04796751013289
2016-01-29,185.91695898656897,198.90567526731124,185.91695898656897,195.38258361816406,47755494,38.629424784198484
2016-02-01,192.70847109477967,193.00560776699066,183.2852787582705,184.38890075683594,40395715,30.431121875864747
2016-02-02,185.0680285247437,186.5112065787327,178.02185936813652,178.61610412597656,31821419,27.17029454414397
2016-02-03,175.72975390808622,177.25782831663372,171.95198748308306,173.2253875732422,23592288,24.52725474308167
2016-02-04,175.22040270650677,175.22040270650677,170.211669702819,173.1405029296875,30869158,24.48686140025991
2016-02-05,174.4563449200172,179.12549297626202,172.84337427282847,177.76719665527344,36189377,31.143180280367886
2016-02-08,179.1254785469889,182.94569287602096,175.00814181980618,177.04559326171875,19366081,30.68881595067778
2016-02-09,173.18294479079836,179.54995968600164,170.4239040529363,177.76719665527344,20906682,31.760973907234074
2016-02-10,172.418908107293,177.85209340839603,171.48507849309658,175.94198608398438,22742128,30.476799800118087
2016-02-11,172.97069767766914,175.6873044645691,168.0893235783176,169.15049743652344,31817116,26.227446887384772
2016-02-12,166.900817658483,168.42890641629913,161.7223207692514,164.3115692138672,41775526,23.692687977156297
2016-02-15,164.60867689883563,175.98442399489593,164.60867689883563,172.7584686279297,34130349,35.42486919513712
2016-02-16,175.72974958434708,175.72974958434708,165.966973052676,166.9008026123047,20895952,31.77625995565495
2016-02-17,166.81592828341522,167.3677250263676,160.32156916332158,161.93453979492188,28792115,29.04490102244023
2016-02-18,164.2691058634237,168.93825364894278,164.01443155199004,166.51878356933594,32260277,34.63054852293665
2016-02-19,166.22166299593505,171.01815511457355,165.75474821223858,168.76846313476562,17617480,37.24150757057272
2016-02-22,167.6648435070359,170.89079866940588,166.7734620969802,168.47132873535156,17567788,37.03112532697866
2016-02-23,169.2778467157961,169.2778467157961,161.5100868184899,162.9957275390625,20001984,33.298069813001575
2016-02-24,160.44887363206158,162.316532538886,157.77472953795564,158.75100708007812,20654961,30.713277407125915
2016-02-25,159.34527700540212,160.4488846402659,154.12431847601073,155.3552703857422,38340699,28.788023329142533
2016-02-26,156.4588799239926,157.85962408968564,153.44515115124108,156.8833465576172,24687792,30.88751463187738
2016-02-29,156.88336373061406,166.3065553766089,154.25166746424588,161.34027099609375,43510436,36.7452424172032
2016-03-01,165.75475175233743,175.26284000490026,165.75475175233743,173.9894256591797,27223692,49.75993185935535
2016-03-02,179.71973033027024,187.95440345188834,179.21036749037447,186.76589965820312,40766551,58.94773935793477
2016-03-03,185.57741814906908,187.02061077136966,181.8420994205523,185.0680694580078,22903720,57.44433165611459
2016-03-04,188.2515577814172,190.50123555709757,185.95943191099678,187.1903839111328,24493722,58.85689156876683
2016-03-08,186.72346264542782,186.72346264542782,181.9269705971545,184.09176635742188,18883002,55.937480237433284
2016-03-09,180.65356827377082,184.98314549073064,178.3189944189064,183.66729736328125,17300650,55.53113312152076
2016-03-10,185.06804160925816,185.7896306872698,182.18165679899568,182.94569396972656,13551255,54.80229628085921
2016-03-11,181.12047048498536,185.5349435812938,180.48376338722628,181.54493713378906,14879621,53.338818805729694
2016-03-14,185.91697877940837,189.14293414849567,185.61984212427788,188.16665649414062,16726756,58.92321739998182
2016-03-15,189.14293828873912,190.88325316759347,187.1903829372886,187.91197204589844,13475557,58.632563667977585
2016-03-16,186.6810006948804,193.04801472503857,185.53494500902335,192.19908142089844,17144832,62.02802979880973
2016-03-17,195.25529171076303,200.56113289097436,190.968162119772,193.34518432617188,32391146,62.90463526501477
2016-03-18,193.72719723918343,196.48623799130027,191.9868822953486,195.42506408691406,18370981,64.50601773403004
2016-03-21,196.57110073974036,200.00929619545505,196.48620456197588,199.37258911132812,14818419,67.38393518128063
2016-03-22,199.16034991070973,199.16034991070973,195.764616771777,198.31141662597656,12269251,65.83850518153255
2016-03-23,196.4862268731672,199.49995603137788,195.9344159041461,198.82080078125,16987529,66.23877723610983
2016-03-28,198.6510045386072,198.6510045386072,190.0767605107532,191.39260864257812,20214214,55.944453528129976
2016-03-29,189.56741703798548,192.66602839114697,188.80337978627705,189.65231323242188,20447782,53.833574894507954
2016-03-30,193.9818699451965,202.8956993194895,192.53869168615452,201.62229919433594,23016348,63.9180187819078
2016-03-31,202.21657464571885,204.89071939962136,198.3963597120809,200.90072631835938,30614104,63.02429169031261
2016-04-01,200.3488972464485,203.2777303318539,197.54740844713263,202.30145263671875,15677352,64.07442190810093
2016-04-04,203.9568410866704,204.63599626256703,199.2027976027144,202.68344116210938,16716587,64.37159178545153
2016-04-05,200.6884458527208,201.6222753505542,191.01058039765852,191.5199432373047,26547328,51.074909599724585
2016-04-06,192.96316508193377,193.55740994480104,186.85082432061273,188.9307098388672,19185947,48.5690088362727
2016-04-07,189.1429626266433,190.37391477876773,186.04433682267597,187.02061462402344,17724531,46.74688682208329
2016-04-08,187.23284354724927,189.99188438077417,186.3839100983354,187.8271026611328,9986871,47.64007876220202
2016-04-11,188.63357171247767,191.1803718391451,186.001875398433,190.7559051513672,19813955,50.86324778242551
2016-04-12,190.41632563041742,196.0193027425872,189.99185896274767,194.194091796875,20594261,54.411113149208
2016-04-13,197.88698465709595,207.31017711678803,197.84453656051093,204.29644775390625,26283492,62.88985218859019
2016-04-18,206.71591731241057,207.09793593127057,199.1603841316555,201.32518005371094,17531597,59.39121971069003
2016-04-20,202.98059967043287,203.4050663875155,198.73591825049732,202.08921813964844,18650423,60.007326642175926
2016-04-21,209.05048742849286,218.8556982901529,209.05048742849286,214.82325744628906,36699098,68.56701009189976
2016-04-22,217.53984353497486,218.1765507013382,212.40378085702906,213.93186950683594,25884500,67.47826446615525
2016-04-25,214.86570182866598,216.77580910304115,213.2102688746234,214.7383575439453,18121694,67.97375244973952
2016-04-26,212.95560275062422,216.22400644048952,209.26273234446165,215.6721954345703,30185498,68.57085675190947
2016-04-27,212.9980688916593,213.08296509193275,206.50370905828856,207.64976501464844,36932788,58.48311825329478
2016-04-28,208.32889871341368,210.5361284455446,202.89569920087192,203.82952880859375,41386507,54.380453718220814
2016-04-29,204.38132021230228,207.47994540851124,196.3588731242342,201.15536499023438,71191415,51.6490834289824
2016-05-02,192.96311526128736,195.6797072873492,191.35013073069112,192.49620056152344,36440547,43.95105184162753
2016-05-03,191.64726634343754,195.2552541814703,186.76589282590953,187.69972229003906,29305611,40.36244626242193
2016-05-04,185.45006912639658,187.44505833474642,181.20538789200614,182.0543212890625,36781786,36.57696485261794
2016-05-05,181.9269996522038,186.68104436646357,181.4600848007874,182.22413635253906,27512684,36.769070134440994
2016-05-06,181.67229624037935,186.97813690830844,180.99314099736245,185.577392578125,22266141,40.59544274070328
2016-05-09,186.42636282795166,191.85954843529012,186.00189609294773,191.26528930664062,19006901,46.508500349330525
2016-05-10,191.35016240717434,193.1329253288304,188.97314042859688,191.43505859375,22357177,46.67910148255587
2016-05-11,186.7659321685071,192.32646203542313,185.66231011510783,190.11923217773438,32481385,45.468688088157556
2016-05-12,193.98186693160963,197.71718530665095,193.7696407052689,196.78335571289062,23932051,52.22542742609746
2016-05-13,195.6372962885949,195.6372962885949,189.65230022959318,192.28399658203125,23963285,47.90921712823941
2016-05-16,193.3027011950984,193.3027011950984,184.81333974642024,189.94940185546875,21535308,45.79437359893703
2016-05-17,191.3077452017113,193.1329565113469,188.67604848761127,191.81710815429688,18859442,47.780353551991034
2016-05-18,189.3127436991933,193.09051066294316,188.29403203125287,192.2415771484375,17541869,48.244451322333
2016-05-19,192.24156105297476,193.98187603691426,190.33145368070575,191.47752380371094,16422069,47.42736684376264
2016-05-20,191.43506659494227,192.11420761771643,186.4263481178249,186.85081481933594,14666521,42.71016926019279
2016-05-23,188.54865557577378,190.07674403956034,187.0630152011846,187.69972229003906,14239474,43.814382792784585
2016-05-24,188.97315281601334,191.18038256612604,188.12421939282453,190.6285858154297,10907585,47.56917316931448
2016-05-25,192.6660106870101,200.00931709433613,192.36888828289494,199.4999542236328,20767970,56.95299305300789
2016-05-26,200.2639941215353,206.29143821598822,197.80207592126038,204.7209014892578,33650773,61.338456724613756
2016-05-27,202.8957005006661,210.7059221782709,202.13166327094783,206.41879272460938,26582685,62.67035678810779
2016-05-30,206.50367501358548,209.34761175922415,202.72590871711347,207.56483459472656,15860236,63.58232555403386
2016-05-31,210.9181243738049,211.38503912744932,204.84823257642728,207.69216918945312,18249239,63.68847097681967
2016-06-01,207.05548245468995,208.3713449119519,202.9805935442166,203.78707885742188,11862710,58.095989287563945
2016-06-02,202.98057887937972,205.78206747463756,201.70717885856467,204.89068603515625,15349530,59.18670977610348
2016-06-03,206.2065430117834,209.17782410384334,205.44250581627472,206.9281463623047,16566716,61.194905123925096
2016-06-06,206.63103092711185,208.83827505037348,205.44252691767937,206.71592712402344,11592082,60.859005533419555
2016-06-07,208.41378596137193,216.35133728638968,207.73463070803237,215.71463012695312,25311345,68.70357032905396
2016-06-08,216.6484926240616,221.7421079264323,214.61104080346908,218.72837829589844,25139392,70.81333129038455
2016-06-09,218.17653337338425,220.0866404716617,214.95057820163078,216.0966339111328,13787240,66.59170286079734
2016-06-10,214.7808089186521,218.72835356329517,213.50740879932619,214.4412384033203,13236448,64.00685938708543
2016-06-13,210.8756908712442,210.8756908712442,205.82452441402904,206.9281463623047,14297870,53.79988358988798
2016-06-14,209.6871991174738,210.06921773733373,207.395073149205,207.94688415527344,11988708,54.85122774240168
2016-06-15,208.41378228353747,211.5548414331709,205.10293076128838,210.49366760253906,15761615,57.457609387718115
2016-06-16,211.1435172167447,211.1435172167447,206.24831068681678,207.11471557617188,17042021,53.079435096051306
2016-06-17,209.1940775777594,209.84388844958644,203.73570406455156,206.5948486328125,15150943,52.41764861727014
2016-06-20,202.436096276979,207.4612673752024,202.436096276979,206.29161071777344,17780316,52.01030866235293
2016-06-21,208.15438004471082,208.8041908979475,204.68874639805006,206.0749969482422,12191664,51.701231012644406
2016-06-22,205.42519920187826,209.973831515667,204.29886427543497,207.0713653564453,13478056,53.08235586164086
2016-06-23,207.1146855629751,209.19406862999207,204.51547127156454,208.71754455566406,7979235,55.3539053211383
2016-06-24,198.40729868939485,201.786274308652,191.56267498261755,200.09678649902344,33755632,43.4813962032369
2016-06-27,198.66721873966424,203.0859005178632,198.66721873966424,201.61300659179688,13172968,45.68783963419079
2016-06-28,199.79353523820268,202.9125950312465,199.27368951563548,202.00286865234375,11302737,46.268687279847704
2016-06-29,204.38549801984698,206.4648810036986,202.95592585403898,205.03530883789062,7959976,50.68640322629475
2016-06-30,207.5045808368826,210.3637254838052,207.33130859735988,208.41432189941406,16851065,55.11488618921157
2016-07-01,209.41066994174497,210.23376758453742,207.54789527110518,208.24102783203125,9108853,54.84287484365954
2016-07-04,210.62364797691825,215.69212619625287,209.58395640824418,214.99900817871094,10389222,62.59566389538951
2016-07-05,217.29497270762243,217.5548883136161,211.87992124954468,212.3564453125,10375132,58.37526379541978
2016-07-07,212.2698125988952,214.04595840817302,211.40340781222167,212.13986206054688,8365966,58.029924810379384
2016-07-08,211.83662260796282,211.83662260796282,207.54790557471242,209.62728881835938,7658211,54.03618321817854
2016-07-11,213.6560856369741,217.20834830262865,213.6560856369741,216.47190856933594,9682385,61.75747244552218
2016-07-12,217.98809522654759,227.1720176882051,217.2516555422563,226.7388153076172,28558549,69.9200278184828
2016-07-13,228.94817177926058,231.93728159211253,224.48618245065651,226.26231384277344,28248930,69.18198446409095
2016-07-14,226.13231782145212,233.58343048607168,224.9626757996919,232.71702575683594,14269365,73.2942599916781
2016-07-15,233.49681283949081,233.80005016543655,228.21172595782568,230.24778747558594,11510449,69.475019268484
2016-07-18,230.2910988179933,235.01301798859714,227.47527599304092,228.2117156982422,14310274,66.40242122674574
2016-07-19,229.5979741091484,234.3632151361019,228.081758411052,233.19357299804688,14880049,69.90909384759117
2016-07-20,231.33077537518338,232.37046693299004,229.98784650566685,231.7639923095703,7892214,67.72467339706975
2016-07-21,231.24413231247325,233.0635851555842,226.39224836927065,226.91209411621094,12060367,60.78288228375974
2016-07-22,227.3019872358796,229.0781184854608,224.26955596975873,228.25503540039062,8537587,61.94556165476046
2016-07-25,226.91210595004128,234.75308516912003,225.91573609497345,232.76034545898438,11311554,65.62727982562619
2016-07-26,232.5870556456146,233.49678204583842,225.3525515912236,226.6954803466797,11896758,57.55478451249396
2016-07-27,227.69184912197534,237.22232997976243,227.69184912197534,234.4498291015625,26003949,63.702442115190074
2016-07-28,234.7097631187145,237.395635370949,234.31988242436003,235.66281127929688,9781546,64.56697775005476
2016-07-29,233.97333194620938,235.0996669196956,227.04206441182868,227.7785186767578,21115025,55.340397495294965
2016-08-01,221.71365672849942,226.39225402549275,215.04231977550805,216.16864013671875,42583051,45.116522150656635
2016-08-02,216.12530803315826,216.12530803315826,212.26979398247138,212.52972412109375,20758831,42.46822668011081
2016-08-03,212.00988792361443,214.21922148949398,208.41430384980018,209.75723266601562,17910406,40.5168146181866
2016-08-04,212.13986394913266,212.3131361825933,205.03532427585594,208.24102783203125,29931529,39.449245736236755
2016-08-05,211.4900517275994,215.43220951340732,211.4900517275994,213.09291076660156,16307350,44.48971732356876
2016-08-08,213.2228593788845,214.60912447933345,211.87993051408307,212.48641967773438,11906856,43.99669064736311
2016-08-09,212.6163655126075,215.3022229990997,211.83658964639133,212.5730438232422,12642014,44.09198870281094
2016-08-10,213.13624487551667,213.61276899137107,206.33494216495077,207.3746337890625,12527824,39.723473812366805
2016-08-11,207.9377554655445,210.84020667477813,205.81505098898702,210.2770538330078,9477854,43.1124298319578
2016-08-12,210.97020594582466,214.5224830308918,208.9774662060817,213.09291076660156,11727486,46.2687404962416
2016-08-16,213.13623213351383,216.12532719618451,211.2734574776607,215.34556579589844,13111524,48.719945440276376
2016-08-17,214.95569386650854,217.9881107465213,212.4431082463229,214.52249145507812,12875115,47.86080986404268
2016-08-18,214.7390806622452,219.89420233290508,214.65243727339418,219.11444091796875,20725328,52.85570916926679
2016-08-19,219.2010735841448,221.54037225688353,217.9447881343431,219.9808349609375,14519513,53.75587406558437
2016-08-22,220.2840936502519,220.8905682766595,215.47553107847648,218.55126953125,9076842,51.991861809071324
2016-08-23,216.99175496085275,218.3346838879298,215.51886094788904,216.775146484375,10995821,49.80509178995064
2016-08-24,216.77512670271057,218.07473381589733,214.73906537906575,215.2589111328125,9228359,47.95094890428038
2016-08-25,214.82572487547148,216.7751429626544,213.22286580266112,213.95932006835938,14901359,46.357939426158566
2016-08-26,215.04230941597774,215.56215515086268,210.7102713201763,212.52972412109375,11490424,44.60255528990267
2016-08-29,212.26980865788295,218.8978386003093,211.92324965811997,217.03504943847656,9206563,50.91109602691947
2016-08-30,218.3346640527847,222.58005892481037,218.3346640527847,222.0168914794922,15251016,56.773048213583074
2016-08-31,222.75333565437253,226.0023753179326,222.66670681226051,223.53311157226562,16906022,58.40120658971792
2016-09-01,224.18290822464004,228.73155503538126,224.18290822464004,226.08900451660156,18098850,61.063546614857174
2016-09-02,227.4319492271171,228.99147198978744,225.48253123141842,226.3922576904297,8034006,61.37937377701102
2016-09-06,227.60522546622423,237.3089939231746,227.60522546622423,236.26930236816406,23274042,69.93360205677546
2016-09-07,237.39562688848733,245.8431094953447,235.79276793301258,240.9912109375,35379184,73.01125378242612
2016-09-08,241.3811044494739,243.20057195877163,238.73856838651565,239.4316864013672,13116475,70.44643655132549
2016-09-09,237.87214996591706,239.12843538482187,234.01663578436057,237.48226928710938,16649877,67.26549139452541
2016-09-12,231.33076138592594,233.45346606661172,227.6052123143812,232.37045288085938,20617372,59.6583180412753
2016-09-14,231.07084948440396,237.2223406285343,230.76761218617483,235.186279296875,16807794,62.19461430424851
2016-09-15,235.4028771873412,237.17900829019433,232.3704461717327,234.4498291015625,12135372,61.112438596822614
2016-09-16,235.44621047524348,238.7818789397876,230.7242915033112,231.63401794433594,32955498,57.02672201412823
2016-09-19,232.19719354656567,236.0093862113196,232.02390677367288,235.31625366210938,15144399,60.724595387336734
2016-09-20,235.57619370458167,237.56891896464492,233.36684542695346,235.7494659423828,11030397,61.14817865065178
2016-09-21,236.35595412008257,236.5292408995044,231.28747578797032,233.84336853027344,12736748,58.17524406081775
2016-09-22,239.1284538683769,240.77463463569205,235.9227502652869,238.69525146484375,14886284,63.09393441020669
2016-09-23,238.9551744537295,238.998496149654,233.84337430062237,235.01303100585938,17977571,57.561313434563196
2016-09-26,232.63038682869106,232.80365905243912,226.8254546723835,227.4752655029297,15868805,48.23656360453158
2016-09-27,228.34168319442108,228.99147951944667,224.3995253808397,225.26593017578125,17356843,45.890020977437835
2016-09-28,225.61248910901702,227.38863493464407,224.44284699894965,225.91574096679688,17881785,46.7111257907822
2016-09-29,227.86514369433507,228.29834606251197,210.79692094414085,216.90509033203125,48140661,38.08154485804992
2016-09-30,214.91236752160307,219.46100001439555,213.95931932860262,218.46463012695312,15104920,40.142703697637856
2016-10-03,217.46826320874288,222.58006291488203,216.6884872926467,221.9302520751953,18062317,44.55931655116527
2016-10-04,222.53673310413788,225.2225906644509,220.8472307995332,223.7063751220703,16201324,46.72872762825068
2016-10-05,225.2226124331168,225.78577992241742,220.58733651920508,221.3237762451172,16039581,44.22850814614713
2016-10-06,222.66674068857466,222.7100623874019,215.90875926460478,217.6848907470703,13854468,40.65109901384382
2016-10-07,217.38160371754373,219.9808177989803,215.04230522730703,217.12167358398438,10506728,40.11032639874433
2016-10-10,218.24802914371415,219.3743640780813,215.86540873821508,216.68849182128906,6611211,39.673188488498106
2016-10-13,214.69575377737004,215.21559955554702,207.1580118073455,208.93414306640625,20736801,32.78510105449479
2016-10-14,208.97747065274024,210.53700803124855,207.6778634418307,209.45399475097656,10761830,33.61720179782324
2016-10-17,213.1362246386605,225.17927693779916,212.74632940986692,224.1829071044922,69082439,51.81741154142207
2016-10-18,224.87603609433646,235.1429570256251,224.8327144029305,234.2332305908203,41861705,59.89703880343135
2016-10-19,235.09965438376335,235.40289168705831,228.08174383449713,229.6412811279297,19968759,55.33166172189745
2016-10-20,231.46072205116496,241.64101381020296,231.46072205116496,240.51467895507812,36280178,62.60084968903362
2016-10-21,239.34506077972858,242.6374077505167,237.48228609398114,240.3414306640625,26362877,62.42653111275612
2016-10-24,241.8576126320553,248.18239044901577,241.8576126320553,246.53622436523438,22219428,66.06526637095968
2016-10-25,250.565016426914,252.64439946667147,246.57953711483236,250.6083526611328,25090671,68.24245180575743
2016-10-26,246.4495895183852,246.4495895183852,239.99484640526504,241.20782470703125,30017739,58.85496093425539
2016-10-27,240.34142202223333,246.92611572704726,238.26203893971913,246.31964111328125,19868027,61.922375257660555
2016-10-28,244.32691770990252,244.76010558156042,238.73857893856152,239.8649139404297,18314125,56.222653834786975
2016-11-01,242.1175541212124,242.37746973627563,237.82883740496285,238.56527709960938,11675305,55.12247437128827
2016-11-02,233.92999124308176,236.7458139056291,232.84697805214503,235.576171875,15140657,52.57429764225146
2016-11-03,235.66279680061453,239.47498920873008,232.54373689504726,233.71337890625,12484687,50.9922728656792
2016-11-04,235.57619671384217,236.0960279762475,229.9012145569984,233.75672912597656,16361493,51.029203635822036
2016-11-07,238.95515744693628,243.63376939253868,236.0960129735819,241.46774291992188,18741014,57.20659985507964
2016-11-08,247.61923317096355,249.0488054013957,241.0778611735694,245.36659240722656,35153751,59.9570514942307
2016-11-09,220.84725060009148,246.70953143569463,212.269816863451,243.85037231445312,51055067,58.38545042846914
2016-11-10,249.95855588809923,258.53598959611804,248.39900397818144,253.5108184814453,29137485,64.72908793188523
2016-11-11,248.87552271608368,254.94038527858268,237.82883992516264,239.47500610351562,33036653,52.26340877341883
2016-11-15,239.99483495005128,243.2871816168456,230.59431900068273,233.71337890625,37961485,48.16304248557542
2016-11-16,239.64828516066572,241.03453567656612,228.90484002684744,230.6376495361328,26473183,46.08446086841057
2016-11-17,232.15386631035958,234.49316497675372,228.73155442396575,231.89393615722656,14654093,47.088903707087766
2016-11-18,232.58708784410086,233.0636119550606,227.25867923203094,229.2514190673828,9983933,45.1821612841905
2016-11-21,230.63767228783829,231.33079034298223,220.80395263056434,226.30563354492188,21625818,43.08759685256545
2016-11-22,229.5979643252498,230.98421487925813,224.65943672872194,227.605224609375,23906788,44.314082247711625
2016-11-23,228.81818681772745,230.3344023444279,225.69911238411055,229.55462646484375,17154845,46.18743053689243
2016-11-24,228.5582596496739,228.5582596496739,223.53310349774785,224.659423828125,22563160,42.33587902736343
2016-11-25,227.3453246923527,227.3453246923527,222.71004862784469,225.3525848388672,16611698,43.05994464984023
2016-11-28,222.3634592243666,222.3634592243666,219.63427981538467,221.19381713867188,32939718,39.82860529265031
2016-11-29,221.36709793986043,224.74608833330265,220.3274208931071,221.3237762451172,32329662,39.98018131977786
2016-11-30,223.05659709931246,230.89757651139345,221.75698990337594,230.07449340820312,20731093,49.25048482839128
2016-12-01,230.68098686503842,232.19720255962156,223.3165168666467,224.5294952392578,15792045,44.55443537406393
2016-12-02,223.53311076022132,229.25139960631452,221.6703361702692,224.8327178955078,12275345,44.864036154581825
2016-12-05,224.9193671256921,226.47890445398716,223.35982979739703,226.00238037109375,8305074,46.11399247449656
2016-12-06,227.21533743211324,227.56189642513968,224.8760387800538,226.13232421875,8335181,46.25975281480931
2016-12-07,227.69186511637056,229.0781156528488,217.4682655920485,224.1396026611328,13635680,44.281589480233684
2016-12-08,225.74241773658244,228.2116811822314,223.87964336619225,227.6485137939453,11336250,48.46091303192213
2016-12-09,228.6882307264681,233.75670870215112,227.8651476668188,232.58706665039062,17533272,53.722200113028606
2016-12-12,231.76397850661343,232.45709647563112,228.60158232809465,229.46798706054688,7515935,50.23427725478725
2016-12-13,228.211720197144,229.90120810847708,227.43195878304584,229.078125,10265621,49.79906266120995
2016-12-14,229.16475881586027,229.3380455861373,225.26592282351297,225.74244689941406,14369017,46.11754165072455
2016-12-15,224.13962821174727,226.73884281055402,223.31653050066564,225.52587890625,24089601,45.88038897557676
2016-12-16,225.26592804717168,225.26592804717168,220.80393903267705,221.4537353515625,24984316,41.55343477541559
2016-12-19,221.28044711050873,224.35618533520133,220.71727967715375,222.75332641601562,7417692,43.388404578215756
2016-12-20,222.40677993650928,222.40677993650928,216.81845606399523,217.98809814453125,11590031,38.60266666541875
2016-12-21,219.20108490265292,221.23714637674053,217.64154752617975,219.4176788330078,7685724,40.71531585263853
2016-12-22,218.94113690625102,220.76060430181815,217.1650057440595,219.15774536132812,8951470,40.442821477342186
2016-12-23,219.15776009575677,220.71729745008227,216.73181794759304,218.2047119140625,6932571,39.401597447376574
2016-12-26,218.55127073892598,218.72455751449203,214.08928169171142,214.99900817871094,6767153,36.04041247807537
2016-12-27,215.73546936581067,220.37074565001583,213.7427294178757,219.67762756347656,9094498,43.60212772119728
2016-12-28,220.06747520752143,220.76060773217844,217.51156810969673,218.11805725097656,9176829,41.826946275358026
2016-12-29,218.42132045954713,219.20108186580006,216.64517463496475,217.55490112304688,6379633,41.17505112169423
2016-12-30,218.33467265049248,223.0999134641248,217.77150518299757,221.19381713867188,11565801,46.93068281391091
2017-01-02,222.06023780466805,222.06023780466805,214.9556977689238,218.29136657714844,10404350,43.292213547693805
2017-01-03,218.42130689658555,221.28045126512146,215.99536489821932,220.41403198242188,10236706,46.555578270808404
2017-01-04,220.2840951296545,221.58370232086313,216.94842649256623,217.55490112304688,6901181,42.96873300579111
2017-01-05,219.37436004820344,223.96631400268046,218.5079407456427,222.88330078125,13830668,50.606374410139686
2017-01-06,223.74971478320964,226.47890879563548,222.8399882931881,223.6630859375,9055143,51.627335312988414
2017-01-09,223.44647012171333,225.13595796410968,221.80028942956753,224.1396026611328,7875294,52.27650512052279
2017-01-10,225.26592221456642,226.91210290066599,223.79302829827543,225.439208984375,14784040,54.086258265585506
2017-01-11,227.4319620609797,232.2838319353747,226.6521860932815,229.3380584716797,19565679,59.09750963737989
2017-01-12,230.9842267931923,233.49681241421197,229.98785688386317,232.5004425048828,11711279,62.65765634333522
2017-01-13,233.93002759389822,233.93002759389822,229.42470190831554,232.24053955078125,7810375,62.178650593070444
2017-01-16,231.67732034992034,234.66641503201808,229.42465073837403,233.323486328125,8863676,63.433050165569064
2017-01-17,233.4967950914727,235.22960460921522,230.03116151362707,232.5437469482422,6968061,61.84262288427632
2017-01-18,231.67734020712342,235.74944835592134,231.11417275596745,232.58706665039062,10085606,61.899776856322305
2017-01-19,232.8902985707034,234.53647919433408,230.6376433604784,233.67007446289062,8605687,63.37669442085078
2017-01-20,231.33077381729754,232.15387144472862,227.47527400846738,228.25503540039062,12207059,52.43249604160345
2017-01-23,226.8254462991323,226.8254462991323,221.0638360470414,223.14321899414062,43793368,44.60234096479299
2017-01-24,224.00962435492835,224.00962435492835,221.49703904365364,222.79664611816406,26520047,44.12125608813937
2017-01-25,224.39952736539524,225.95906473549908,221.45373940265287,225.2226104736328,41078083,48.32305631612954
2017-01-27,227.9084754580936,237.395635370949,225.87241405802374,235.66281127929688,89433645,61.678090998918364
2017-01-30,236.52923478263514,238.78189014505574,233.670090250284,234.62313842773438,17037472,60.014759525975236
2017-01-31,232.89032909999162,237.395654653399,230.85426753454277,233.02029418945312,20535165,57.44280763515162
2017-02-01,230.33441414708219,245.6264916409183,227.6918636268855,243.46047973632812,44647342,67.27910282756393
2017-02-02,244.326899888278,249.0921406372712,243.07059989113208,247.61923217773438,28910922,70.23075971418632
2017-02-03,246.8827850960314,246.8827850960314,241.55439127526873,243.93701171875,20058936,64.66833967713616
2017-02-06,245.66981210921065,253.20755341273838,245.66981210921065,251.51805114746094,22521926,69.94600944351896
2017-02-07,249.5253561171649,253.59747932229618,247.1860717183855,249.61199951171875,12829302,67.22698934530052
2017-02-08,249.52532847733167,249.9585454021135,244.93337449825117,247.61923217773438,16662978,64.4079846270335
2017-02-09,248.31233760426468,250.17512665945887,241.38108529399307,246.9261016845703,16631183,63.411968277977635
2017-02-10,247.44595055231912,247.92247463712556,242.68072424661568,243.98033142089844,16771421,59.2204892271341
2017-02-13,244.7600901011658,246.14635518918539,242.20419747433903,244.0236358642578,13144434,59.26311793040828
2017-02-14,245.19330679115677,247.70587772263636,243.72039831877646,246.6228790283203,12889195,61.841518163154234
2017-02-15,247.09941020396803,248.13910177764845,241.3811065487257,243.24388122558594,14420745,56.807722243429
2017-02-16,243.72040961438796,243.85037469897924,236.39927586019766,241.5543975830078,20257845,54.42241652685525
2017-02-17,242.33415450256405,247.87917137610555,238.9984858565719,245.1933135986328,28496342,58.46749985544715
2017-02-20,245.2366321309471,247.92249003306156,243.54714415369878,244.63015747070312,9947581,57.615272901393695
2017-02-21,245.19328498252813,247.61921231252262,243.63374780550924,246.7528076171875,11288626,59.982937791914836
2017-02-22,249.43868570615865,249.43868570615865,243.5904462579024,247.92247009277344,30787289,61.266921976472815
2017-02-23,246.6661914382045,250.1751468378274,244.37021437968923,246.49290466308594,25499159,58.78433624979203
2017-02-27,246.9261257434723,247.40264984068168,240.08150160451524,241.59771728515625,15037984,51.14231040284322
2017-02-28,241.6843563055374,242.68072617645242,238.86853346768572,239.4316864013672,18179839,48.15896177727876
2017-03-01,240.51470856317175,243.41717489591448,240.21147123824403,241.81431579589844,19983162,51.50980513626438
2017-03-02,244.37021110110004,246.4929013560177,239.99485096930854,241.42442321777344,20040929,50.92967622789572
2017-03-03,241.38110585306288,241.64103601691448,238.30536737734727,239.0851287841797,9256168,47.474875240013525
2017-03-06,239.0851267220789,242.03091463282257,238.6952460220254,239.77825927734375,12565060,48.587717993700345
2017-03-07,239.99485327389434,241.94427131709887,238.26204369876191,239.12844848632812,9116307,47.570162870789474
2017-03-08,239.30174013358103,239.60497745269558,235.74946298139284,237.74220275878906,12969749,45.38644947814442
2017-03-09,237.39563524842737,239.08512310387835,236.1826569306608,236.96243286132812,11647809,44.15848420600483
2017-03-10,238.39200405281773,239.56164613013237,233.41015480954948,234.40652465820312,15749231,40.30881530319003
2017-03-14,243.54715497157,249.69864703591807,243.54715497157,248.87554931640625,43486006,61.02388684023518
2017-03-15,247.70590222334513,248.65895047572062,246.14637929572143,247.05609130859375,13414846,58.284720414431405
2017-03-16,248.26905048096776,249.04881188427905,244.71678792992634,246.49290466308594,10712223,57.42547320342864
2017-03-17,247.8791628786307,248.39899410479262,242.29082450260273,243.11392211914062,25016303,52.43120841418713
2017-03-20,242.33416091837933,242.33416091837933,237.39564763091226,238.3053741455078,12153226,46.26482413453695
2017-03-21,239.1284583808524,239.82159096500206,234.8830631122255,235.70614624023438,16304076,43.300352868625765
2017-03-22,232.11054688547418,232.84698657515688,229.16475904202187,229.59796142578125,24534011,37.25845161008735
2017-03-23,230.89758033257897,232.4137960241111,229.42468633586444,231.2874755859375,13209523,39.76217208960894
2017-03-24,233.62675827218007,239.8648928447368,233.62675827218007,238.04542541503906,19227304,48.59802063171906
2017-03-27,242.59407707958994,242.59407707958994,235.83609661084952,236.6591796875,12341637,47.072710665388634
2017-03-28,239.9948272705078,240.47135130627407,238.34866126096594,239.9948272705078,13884032,51.05364069188708
2017-03-29,241.68434443075043,245.0200128870284,239.69160478683054,244.50015258789062,18910842,55.88051514838898
2017-03-30,243.6770888088549,245.40989833687112,242.3774671204821,243.7637176513672,16543030,54.927006900121235
2017-03-31,242.89733083856734,245.10667914666556,238.86854402547593,239.8649139404297,19741901,50.05719451728415
2017-04-03,241.5544074026865,249.0055210867325,239.864919403765,248.39901733398438,20449617,58.69066999388901
2017-04-05,248.2257453751287,248.2257453751287,245.1066706514577,246.79617309570312,10569529,56.70789093253439
2017-04-06,244.24026164872947,245.79978444135574,241.9442700684589,243.3305206298828,17014957,52.572273229473076
2017-04-07,242.6807160466506,245.19330146592134,238.9118451889247,240.298095703125,18994042,49.19178663369439
2017-04-10,241.2078400594215,241.72768585864264,239.21510025280074,240.5580291748047,10395338,49.49159445160915
2017-04-11,241.12117955765405,246.2763009465315,239.77825073095295,245.7564697265625,13734771,55.18681328481616
2017-04-12,245.88644526246458,247.7492345832669,240.99123898581996,243.28721618652344,18252914,52.177238536793475
2017-04-13,242.8539779383163,247.61921842260264,242.07421660174575,245.02000427246094,15178825,54.07014579207162
2017-04-17,245.19330696992373,247.53259113168508,243.0272804949908,244.67344665527344,8250861,53.61307853556741
2017-04-18,245.53985595703125,252.64441012856986,244.80343079144322,245.53985595703125,19072022,54.64531004699148
2017-04-19,245.53985165974362,246.92611674872938,241.59770848451052,243.0706024169922,15189575,51.151741654835625
2017-04-20,238.21871839098404,239.34505332314842,235.4895389888482,236.3126220703125,31912290,43.04140758167356
2017-04-21,236.22598985187813,237.22235975227397,231.3307837399091,233.19357299804688,18165879,39.89720340993756
2017-04-24,233.7567153140522,235.09965871339466,229.77125043614177,232.76034545898438,24418208,39.46595704796309
2017-04-25,235.66280592330398,236.7891408301612,233.92999641339486,236.09600830078125,13685114,44.44511619559612
2017-04-26,237.39566241831142,240.81797475620314,236.52925754495308,239.90823364257812,15205419,49.55227127569344
2017-04-27,239.95154652979048,240.0381899224174,236.83248619175555,237.52560424804688,14909618,46.66485539307758
2017-04-28,236.96244081142393,242.07424078458467,236.44259502099183,241.2944793701172,9367499,51.48098016824971
2017-05-02,242.7673713370778,243.33053885096888,238.2620603106735,238.7819061279297,16780204,48.34666651770392
2017-05-03,239.04180147244833,240.03817132574125,235.01301490868033,236.3126220703125,24205196,45.41995857405567
2017-05-04,252.6443980296969,259.70561562703364,245.92972488053474,258.01611328125,122120948,65.30198691311999
2017-05-05,259.9221788359364,261.438394236149,255.11363160105202,258.6658935546875,48189321,65.7047800170506
2017-05-08,259.9221815607617,266.9833983979218,259.9221815607617,262.47808837890625,30347849,68.0482797752972
2017-05-09,263.647766573059,264.55750758177606,258.53598131818933,260.44207763671875,15194182,65.47494594373948
2017-05-10,260.87525362076843,262.21818241279425,257.62622859687104,258.7525634765625,15054831,63.334588123922984
2017-05-11,261.39511113157613,262.0882290945057,259.5323220680978,260.0954895019531,10261128,64.3326489931307
2017-05-12,259.92220028700916,260.39872433541103,254.1172683260481,256.93310546875,16605029,60.17843779816924
2017-05-15,259.48898064139206,262.95459908295066,258.3626459224707,261.4817199707031,17095696,63.799385758559445
2017-05-16,262.3914874594237,265.0340380790238,260.83196464639923,262.21820068359375,19569431,64.36439436551709
2017-05-17,264.77409136422517,268.7595706202909,263.8210432414582,268.36968994140625,23363685,68.75144492813283
2017-05-18,263.9943734983323,271.05559219988965,263.9943734983323,266.8102111816406,27753950,66.51582807295975
2017-05-19,266.7668497685276,270.66568591651236,263.1279437863346,266.0303955078125,16728969,65.3711098850663
2017-05-22,268.19643196161337,269.92924162813006,261.8283317151496,263.2579040527344,14850717,61.32992295376171
2017-05-23,262.65140011934386,268.3696888323138,262.3481628242113,265.1639709472656,29771017,63.02236877049873
2017-05-24,265.8137857174115,268.2830494332835,262.78135455162345,265.7271423339844,20506719,63.53024710115181
2017-05-25,265.42393998770496,277.12044927402053,265.1207026481374,275.2576599121094,41775676,70.83147162178074
2017-05-26,274.6511491701201,279.8495776694238,273.39486373702437,278.5932922363281,21336089,72.87805781172833
2017-05-29,276.60058278498354,277.5969672612023,271.878677836822,272.83172607421875,11266657,64.46443969511657
2017-05-30,272.7883964973746,281.1492368981934,272.4418520019551,278.46337890625,15573191,68.3149667364225
2017-05-31,279.84956025050144,283.66175254659356,276.0807041858026,282.83868408203125,128437479,70.9487442136458
2017-06-01,282.01563391085597,282.1455844574291,274.43458427646266,277.3370361328125,19883562,63.77056485938975
2017-06-02,278.9831906513728,279.8062883042021,273.4815245026386,275.64752197265625,13469524,61.70589797406548
2017-06-05,275.9507551554862,278.67994915524594,275.64751784100673,277.0337829589844,9831353,62.770970761861314
2017-06-06,277.72687310115504,278.1600899960183,275.25760951223276,276.34063720703125,10757211,61.84475005559818
2017-06-07,278.1601277998518,282.40550852289095,277.9001976276076,281.322509765625,15076040,65.75581644393411
2017-06-08,282.36217236119177,283.31522047678516,276.81717043132466,277.42364501953125,20130322,60.52681296122216
2017-06-09,276.3406580971321,279.936227715069,273.87139432154464,279.1131591796875,10190305,61.93925423590312
2017-06-12,277.25038808002046,277.85686273346636,272.78838431617316,273.5681457519531,10376913,54.98518020268829
2017-06-13,272.96164736296896,276.1240290690473,271.9652920782718,272.7883605957031,9305516,54.0658876944838
2017-06-14,276.4706433694731,279.3297881967807,273.2649249565313,276.42730712890625,22264301,57.62622101884221
2017-06-15,276.3839431011706,276.73051661549005,273.524798862193,274.4345397949219,11206355,55.10721392530569
2017-06-16,275.9074283374205,276.60054630464293,273.48150090978186,274.2179260253906,23228635,54.826660746713266
2017-06-19,275.51759354734554,278.72331194229514,274.6944958284463,277.770263671875,10719809,58.55323862119076
2017-06-20,279.2765274128086,283.7430249120379,276.6350469299704,280.9094543457031,16849368,61.5702935270026
2017-06-21,280.4771800122972,281.1015240366504,278.1238494820786,279.6127014160156,7142413,59.63900470958867
2017-06-22,279.9969224772391,281.7739242458445,276.87517291274156,278.1719055175781,9180870,57.481584982263584
2017-06-23,278.1238740380321,281.9660275281147,273.3692266820378,280.3331298828125,14937649,59.82904646001304
2017-06-27,281.4377532023583,281.53381290570286,272.26462314241604,276.53900146484375,18053262,54.17431847569801
2017-06-28,277.3554666614254,281.7259047137982,277.3554666614254,278.892333984375,17157094,56.89562193527005
2017-06-29,279.99691442048965,285.1838153772825,278.6521666632919,281.6778564453125,34774280,59.92886840038486
2017-06-30,280.47716640363245,280.47716640363245,276.154744318645,278.7001647949219,12435467,55.437796398113555
2017-07-03,279.9008585618486,280.7173219906068,277.35543789491095,278.6041259765625,6106230,55.29386925991609
2017-07-04,280.8613605489874,281.24556996185646,277.21132715678226,278.0758056640625,8335899,54.456301300497095
2017-07-05,278.5561001860233,282.1581187229115,277.115292771268,281.29364013671875,6958589,58.572383991486
2017-07-06,282.3982766788564,283.45487473317286,280.8133942540339,282.15814208984375,9967582,59.628040392996034
2017-07-07,281.91800889929203,281.91800889929203,277.787705673108,278.2679748535156,8477468,53.07410307533571
2017-07-10,279.5166291213388,281.67784017124603,278.55609087693557,279.9488830566406,1114874,55.35739621386105
2017-07-11,281.00546484462757,281.3897036110376,277.30741588100074,278.21990966796875,10893055,52.52629835628337
2017-07-12,278.26796431268684,282.97459623973305,277.21136629315316,280.8133850097656,8091465,56.149035888582084
2017-07-13,283.9351218228009,287.6812152573142,283.4068081800901,286.14434814453125,13747313,62.48605168382573
2017-07-14,287.5851428973592,287.5851428973592,282.87851138886344,286.48052978515625,6196683,62.85064600991004
2017-07-17,288.1615225526411,292.53196058603373,287.0088647371081,291.5234069824219,12506474,67.89172183934426
2017-07-18,289.8424715272195,293.92475985858886,289.60233691949196,291.9076232910156,11772154,68.24528118527152
2017-07-19,291.04309657548856,292.8681134306283,289.506229476786,290.32269287109375,10780451,65.06258133231981
2017-07-20,290.0826019250033,291.8596038590594,287.9213904868203,288.73785400390625,8458004,61.95134233798564
2017-07-21,287.6812237524064,291.90758645238554,284.5114590557478,290.1305847167969,9705981,63.5986920166677
2017-07-24,290.27472180076603,294.5010849795738,289.69839288699535,291.0911560058594,15604131,64.73282570817773
2017-07-25,294.6931871641041,294.6931871641041,289.89049487451103,292.14776611328125,18129742,65.98812610376748
2017-07-26,294.6931897529332,298.72746303695476,292.5319782036305,298.1031188964844,26050717,72.03086069365091
2017-07-27,302.0412956093191,302.0412956093191,293.3003907695733,295.077392578125,28535869,65.64912606141556
2017-07-28,292.0037035346291,292.0037035346291,282.2542436378287,284.4634704589844,30571846,49.18656018481738
2017-07-31,287.05688628549353,294.356983468929,284.5594807604625,290.6589050292969,21526493,56.105771006703336
2017-08-01,291.9075931351606,293.1563105543279,289.50624730595837,290.6589050292969,10722862,56.105771006703336
2017-08-02,290.27470136555195,292.43591265506393,287.8733554883164,289.9385070800781,8348096,55.09406839412078
2017-08-03,289.45822453405094,289.6022994173692,282.92654646169746,284.03118896484375,14389817,47.52608829408832
2017-08-04,283.35883624241825,285.76018231226925,282.30223810902254,284.55950927734375,10099985,48.211264196539304
2017-08-07,285.5200172287314,291.04311259985064,284.9917328750761,288.3055725097656,11870705,52.906742628715904
2017-08-08,287.9693839667324,289.65032606967134,282.2541984047224,283.8390808105469,10288608,47.38971967636828
2017-08-09,282.7824493237056,282.7824493237056,278.4120120982854,279.1324157714844,12959158,42.375121199238215
2017-08-10,277.5956033549784,281.82196653993617,251.22881200303246,277.35546875,17225844,40.627227248171955
2017-08-11,272.7448500699034,278.21990055223114,269.2388619777489,275.62646484375,17211539,38.94396987798004
2017-08-14,276.20280698833346,281.2936781293769,276.20280698833346,280.28509521484375,8428420,45.49644167777796
2017-08-16,280.1890414557217,284.12722514218774,275.9626493701329,283.310791015625,8605873,49.30200598880655
2017-08-17,286.09635969647144,286.09635969647144,279.80481577774674,281.5818176269531,8168684,47.27088554730821
2017-08-18,280.4772043628426,282.7344753976018,279.32454659219394,281.5818176269531,6700778,47.27088554730821
2017-08-21,283.5989413415756,287.92136381756916,280.7173263575799,281.9179992675781,10623264,47.75624171014341
2017-08-22,285.27994205657427,285.61613640314124,280.62132434551376,282.3503112792969,7549155,48.41382593114349
2017-08-23,284.31939700700855,287.39313194321863,283.64700832930356,286.8168029785156,9142592,54.75079820218086
2017-08-24,288.16152767893993,288.3056025801181,284.94371809053047,285.9523010253906,12766567,53.383879302259
2017-08-28,287.8733420795816,290.32270303495244,286.3364749270752,289.0259704589844,8827300,57.45126031351685
2017-08-29,288.1615130849593,290.8510088150969,286.33649603141555,287.6812438964844,12737088,55.18273586467022
2017-08-30,289.8904841472333,290.3707533584204,287.5851977961963,288.4496765136719,8552010,56.24594500804048
2017-08-31,289.02596158197844,289.02596158197844,285.27986816569535,286.2884216308594,14865124,52.47532005420038
2017-09-01,287.8733415298142,287.8733415298142,285.42395126581835,286.528564453125,7472688,52.8535184768283
2017-09-04,288.0654724708344,288.161532177555,282.8785707542998,285.3759765625,6244661,50.765389313198405
2017-09-05,284.99172257291485,287.2009489161799,284.99172257291485,285.856201171875,7683590,51.622975255136154
2017-09-06,283.2627533417185,284.3193513885937,282.6864244694862,283.69500732421875,4854030,47.60426237196907
2017-09-07,283.88708723286817,286.7206869870395,280.5732476345676,281.1015319824219,15630577,43.25283617290252
2017-09-08,283.16672988359704,283.16672988359704,278.6041721405768,280.47723388671875,8077662,42.25162932015613
2017-09-11,281.4377506445107,282.11013924850585,277.64361224667715,279.3245544433594,7639794,40.39249354217028
2017-09-12,281.1015337291793,281.82193746980425,279.03638220204857,279.7087707519531,8497603,41.31935423080819
2017-09-13,280.5732935966018,281.67790697698723,279.7088148342701,280.47723388671875,8297426,43.22101505033501
2017-09-14,280.18903084239554,283.93512430972,280.18903084239554,282.110107421875,12267908,47.140890031297204
2017-09-15,282.8305272044627,283.8870959325496,279.4686429994126,280.0929870605469,22632513,43.17549997205058
2017-09-18,282.3022534275974,282.7825226676285,280.6213110874887,281.4377746582031,11181986,46.41190607052591
2017-09-19,280.3811331136576,283.8390769698597,278.17190667643865,283.0226135253906,7558625,50.02435640564748
2017-09-20,280.4772039826308,281.2936674596247,278.17191775776325,279.08441162109375,14617079,42.379237248317075
2017-09-21,278.0278673812008,278.94036132499417,272.45672675709926,273.7054443359375,14496834,34.6010610924787
2017-09-22,272.40865990313364,272.744854161119,264.8684286024701,266.1651611328125,23451953,27.093983038333135
2017-09-25,267.9421746365606,269.62311668744667,264.6763209156252,268.470458984375,13358067,31.954735365546426
2017-09-26,268.47047441855244,272.79289708360966,265.8289939010175,271.59222412109375,11325047,37.984473095998084
2017-09-27,273.5132676112321,273.5132676112321,264.53222908074036,265.4927673339844,17853590,32.015073704054785
2017-09-28,265.0605773925781,266.8375499429648,258.5288988278336,265.0605773925781,32223724,31.635697467518767
2017-09-29,266.50140005443455,270.5356438864623,264.86847299244045,265.6849365234375,9980756,32.87322787193622
2017-10-03,268.4704468380818,269.6231044890043,264.29209949511494,267.4138488769531,6752832,36.31127810140934
2017-10-04,268.23034089383015,268.37441578724463,264.24411250506984,265.20465087890625,7417758,33.92057314478686
2017-10-05,265.1086140640007,266.4533620407943,260.4019814885694,261.0743408203125,10975305,29.95031667350429
2017-10-06,261.4105043874072,263.61976016600187,259.8736371747551,261.2184143066406,25447787,30.256966207799977
2017-10-09,262.56314273391405,265.3967130507078,260.5460064983631,261.0262756347656,20478222,30.067925644362603
2017-10-10,261.12234991703764,262.2269631298323,258.5288847102124,259.1532287597656,18594444,28.217119848738946
2017-10-11,260.40195382152416,261.26643247809227,255.69532174616057,257.0400695800781,12687990,26.253687489010048
2017-10-12,257.04007941966603,257.37627371934116,253.63015054196916,256.9920349121094,11831125,26.209043632955442
2017-10-13,257.04008069766036,263.8118646658611,257.04008069766036,260.59405517578125,14402254,35.11880856669126
2017-10-16,263.7638065513281,265.1085542245898,259.6815190315654,263.4276123046875,12848154,41.1396407247272
2017-10-17,263.9079246820807,265.6368820720551,262.41910189145307,263.0914611816406,9183764,40.65761865942609
2017-10-18,257.80846618368975,257.80846618368975,251.90116167718074,252.76564025878906,30669948,29.30072617820791
2017-10-19,249.3557467000789,250.70049444748153,246.47413182137223,247.6748046875,3822821,25.51641836303834
2017-10-23,248.1550875888667,254.01437736300363,246.37808578584017,252.1893310546875,22939775,33.69473453316827
2017-10-24,252.86169906380698,257.56833071458504,244.93725835240562,256.0314636230469,15126641,39.75725137262308
2017-10-25,281.62986684020575,298.5353190035518,273.12909625119164,293.6365966796875,123615362,69.32259832898782
2017-10-26,287.969385441097,302.23338579315515,283.3588130890377,287.44110107421875,43256025,63.76985925013083
2017-10-27,280.381133696056,293.39644570343046,274.23369422409604,289.26611328125,36889009,64.66765853862981
2017-10-30,286.81675662740264,296.27806521957683,283.59894729835906,288.6897888183594,38047961,64.12723073366979
2017-10-31,288.40161271821313,291.283227499744,286.5285513848975,288.2575378417969,19050731,63.697273751394775
2017-11-01,291.0431218061343,306.3637203063994,290.46679292999596,301.03271484375,38829935,70.08185973966854
2017-11-02,301.08074446428856,307.7564681190435,299.11162334427655,304.1544494628906,27736221,71.40526633152939
2017-11-03,305.2590684715716,306.0755319118514,301.6570497467813,303.4340515136719,14258432,70.62883701464128
2017-11-06,302.3774423016043,307.6123877132236,299.35175254741335,303.62615966796875,16349376,70.72026871233174
2017-11-07,304.5867679931667,305.4032315909623,297.1425945257702,300.1202697753906,12752869,66.64301768339251
2017-11-08,299.6879259474734,301.60900239585465,291.9075604688693,293.4444274902344,11942186,59.59704791006965
2017-11-09,294.69308142005843,302.3773863260657,294.69308142005843,299.0155029296875,12716330,63.10291784041058
2017-11-10,300.16822755056046,311.40653771537484,298.7754352494045,305.93145751953125,21000915,66.93827637895163
2017-11-13,304.4906626407742,309.1012350816218,300.6485091689663,301.84918212890625,13679015,62.7893584794043
2017-11-14,300.93662991680276,304.5866929508103,297.5747459533574,301.705078125,12362405,62.641759723394514
2017-11-15,300.60044398190666,306.98801720378515,300.3122649314664,303.0498046875,14408468,63.50391511517541
2017-11-16,303.6741836155639,307.372262005478,303.5301087304095,306.36370849609375,8983382,65.61021039400279
2017-11-17,311.2144589672818,319.234960917526,311.02233955123836,312.27105712890625,20440466,69.04031167492518
2017-11-20,310.59006306671563,311.1183474028211,304.68275842433536,305.9794616699219,13606336,61.952837367246204
2017-11-21,306.17157094363995,309.4854396721152,305.0189133041786,307.27618408203125,13102056,62.80044986636578
2017-11-22,306.79594300293024,309.3894082722002,305.4992103682953,306.315673828125,9342622,61.70390253661275
2017-11-23,307.1321133801782,307.8525170863084,302.7616759549757,306.8439636230469,9998609,62.09592006429771
2017-11-24,307.2762056764854,308.3808188925056,303.48209686378095,304.6827697753906,7867381,59.41636179520359
2017-11-27,302.6176000845381,306.02752886733117,301.12877734452013,304.49066162109375,9334428,59.171932837881435
2017-11-28,300.7445775048166,302.90578889477143,299.4478448081826,300.84063720703125,13929413,54.577861176417294
2017-11-29,300.2643255949869,303.81830027510745,299.9761464717508,302.425537109375,12384876,56.169162879711656
2017-11-30,302.52158185403493,303.3380160462207,294.1648860197436,295.41357421875,23832543,48.13456013840669
2017-12-01,297.47875329537237,297.7188878946378,292.3878822029613,293.204345703125,6602231,45.90650271293603
2017-12-04,295.1254200994136,295.365554696728,290.37074334726606,292.2438049316406,8763567,44.93265444700436
2017-12-05,292.7720916991249,295.46161679888144,291.7155229130014,293.204345703125,8219441,46.16259989450208
2017-12-06,291.8115471920468,292.96420496970865,286.38451122494104,287.6812438964844,6751957,40.5537405016526
2017-12-07,289.60230195158823,294.6451281049741,288.35361386749963,293.73260498046875,7414305,48.00756484676886
2017-12-08,295.1254504964127,299.5919486038351,294.8853158743652,298.4873352050781,10732806,52.99478106386006
2017-12-11,298.7274749514825,299.92814808231645,296.08599406364783,299.15972900390625,6829121,53.67156212503894
2017-12-12,299.7359560921278,300.0241351617472,294.21286102739356,295.4615783691406,11995276,49.454110650413746
2017-12-13,295.8458243352064,296.2300338288248,288.3536366130785,290.9951171875,14805881,44.86836701033085
2017-12-14,291.8595745896791,293.9247261163984,289.45822878807456,292.33984375,11140346,46.47752493314038
2017-12-15,298.1510666115307,298.43924567419646,290.61083549461017,291.1871643066406,23227021,45.258104630593245
2017-12-18,286.2404048197818,299.9760903727258,275.6744838365013,296.71026611328125,16300443,51.78559744477749
2017-12-19,296.9984697559194,302.37746106909026,296.326081185121,301.3208923339844,13135113,56.453690236423085
2017-12-20,301.70508466237453,305.3071032726863,299.20767922989785,303.3379821777344,14003657,58.35342090817458
2017-12-21,302.95375603696976,304.05836915396895,299.78399155978923,303.0018005371094,9705688,57.900050621659375
2017-12-22,302.569578100756,306.603850867421,301.416920363622,304.1064453125,7628532,59.026528903933986
2017-12-26,303.77022850726496,306.4117087551542,300.8405985031085,305.5952453613281,7632721,60.55830482007455
2017-12-27,303.48207887180024,305.3551109148862,299.78400066062284,300.45635986328125,6354635,53.1695282074531
2017-12-28,300.45638119940077,306.6038500295778,298.24715474145233,302.85772705078125,22689602,55.87861123344146
2017-12-29,301.51297960980577,303.2899814046872,300.1682317940293,301.6090393066406,9637881,54.12524117108008
2018-01-01,301.6090883967305,301.6090883967305,296.9024556188063,298.0550842285156,7739502,49.37637476794153
2018-01-02,298.67937150656314,299.3997751722198,295.36550291922254,297.47869873046875,7046560,48.63114465711829
2018-01-03,300.1682342044891,303.86631271254925,300.1682342044891,302.569580078125,8898342,55.079908054050065
2018-01-04,302.5215982368836,303.1939575676422,299.2077288406133,302.2814636230469,6385367,54.66167413220267
2018-01-05,302.0412811571138,302.7136403813511,299.30374113041887,300.55242919921875,6366054,52.10471754617718
2018-01-08,301.12879919083485,305.64334155793404,300.26432046251773,301.7531433105469,7329648,53.72361921138426
2018-01-09,302.3774796575622,303.33801806729184,298.4873108234796,300.2643127441406,9190909,51.403497615204415
2018-01-10,300.2162421177416,300.60048089885055,298.2951654654104,299.6879577636719,6736971,50.49438429165976
2018-01-11,300.1682361608946,300.1682361608946,296.37409793049915,297.28662109375,8366713,46.78200874084203
2018-01-12,297.3826589303541,306.21959356531465,297.3826589303541,305.16302490234375,11699345,57.753369648836696
2018-01-15,308.1406913485483,317.6500444763466,307.6124069806947,316.3052673339844,30242005,67.85063441745882
2018-01-16,316.7375455445844,327.30346821627637,313.66381086022415,320.9158935546875,26707100,70.94521200674819
2018-01-17,320.86783852401066,330.61732666566155,320.86783852401066,329.7048034667969,43305353,75.73917165697304
2018-01-18,336.1884042370019,339.2621385153469,329.46463615226185,332.4903259277344,31504669,77.03260693414693
2018-01-19,333.7390573864702,340.99111011572256,327.35145398577214,339.6463623046875,18812611,79.98482851339426
2018-01-22,338.49369003049827,338.97395917904134,331.19359310998306,337.62921142578125,15269782,76.98102537654876
2018-01-23,336.62069513041365,350.06823277535955,336.62069513041365,348.0030517578125,22485663,80.94445447613388
2018-01-24,343.6325866569449,345.02537895711623,337.9173718831013,338.82989501953125,12815095,69.54204765259166
2018-01-25,338.5897687532131,350.40437874608864,336.86081144660346,346.5622253417969,30183655,72.99527702196862
2018-01-29,345.7938004902097,351.2688807232928,341.5674376802123,343.5365295410156,17855095,69.6667665743542
2018-01-30,342.7200801669286,342.7200801669286,336.66870013518445,339.3101806640625,13358981,65.19485456701108
2018-01-31,335.0837902990161,339.9825414694748,330.04096424687083,339.0220031738281,22638319,64.88899782664782
2018-02-01,333.83506380876776,341.85556422101706,330.2330452984733,332.5383605957031,29472295,58.26587646809979
2018-02-02,329.0323968583231,330.13703940069354,320.5316559943691,321.87640380859375,16957983,49.346220970047646
2018-02-05,314.6723777087384,321.0599520438076,314.14406401417625,316.68951416015625,17339547,45.68237470143551
2018-02-06,302.80972519138777,324.61395820725545,300.64851382999007,317.6500549316406,18491736,46.47493807904329
2018-02-07,322.11652679805945,323.12508029409565,316.88158130474096,319.427001953125,11819190,47.98692865636371
2018-02-08,319.4270028255805,325.0461577940079,316.4973727094334,320.67572021484375,10294899,49.075589452118585
2018-02-09,312.174953936436,315.6809129410615,309.917683022235,313.85589599609375,9493398,43.696374594659495
2018-02-12,315.87301571434256,316.2092099712498,310.49399554373207,313.3756103515625,8356351,43.33611590974116
2018-02-14,314.09603023684775,314.09603023684775,304.0583930804101,306.36370849609375,15189066,38.363264164807255
2018-02-15,309.4373793040975,318.70656719235853,309.4373793040975,315.6808776855469,23779772,47.05683615960471
2018-02-16,317.3138531964387,320.81981234896864,306.2196175466878,308.3808288574219,17585994,42.05218659099436
2018-02-19,316.49735869049,316.59341837976353,302.7616732101232,307.1321105957031,19044107,41.2441396711981
2018-02-20,307.85252338286176,311.4065267977821,303.81825082069827,304.73077392578125,16030558,39.66567062143105
2018-02-21,306.41170142566415,308.04462817425616,303.2419369293398,306.60382080078125,9974873,41.54488622029638
2018-02-22,304.4906514215861,306.69987786115314,301.56102123259893,305.7873840332031,25530698,40.946220309268014
2018-02-23,306.45975968170706,311.262451601579,305.7874004009081,310.0137634277344,7949765,45.33746214868
2018-02-26,312.17498148230055,314.86447728974883,310.3979795712017,314.1440734863281,7133735,49.304852266526744
2018-02-27,314.09599410242936,314.1440092875227,307.03603240902675,309.4373779296875,9623651,45.27242101414581
2018-02-28,302.71362767661105,304.49062932555614,298.82345943736226,300.88861083984375,17481687,39.028824347551726
2018-03-01,300.31226429480256,301.6089967357851,292.24374922567716,292.9161376953125,18986889,34.28067137170345
2018-03-05,292.43587035675426,294.4049619659537,287.4890751145167,291.3792724609375,14456193,33.43620261498336
2018-03-06,295.2694843774025,295.5576634718002,282.5903956831182,283.4068298339844,18951451,29.391420407346075
2018-03-07,281.7259133234234,282.2061825444407,274.08965029723254,275.3863830566406,31472773,25.98573144738991
2018-03-08,278.79622410887544,286.2403954675104,277.8356858690516,285.2318420410156,21413552,35.817332726548614
2018-03-09,287.20094609701357,287.68121523764404,279.2284900878688,281.1495666503906,12489587,33.81180715360098
2018-03-12,283.9351510594438,289.9865311295877,282.15814919335236,288.7858581542969,12163952,40.520906000141224
2018-03-13,288.25755588727225,294.8852644370402,287.77728672695133,292.33984375,15966647,43.39660858537956
2018-03-14,291.187162245577,295.31749427480906,286.0482767874061,293.97271728515625,12964285,44.719050743014414
2018-03-15,293.68459385756955,293.68459385756955,288.54570793885654,289.5542907714844,13282019,41.86854530480539
2018-03-16,289.3621767437632,289.93850561404645,285.66409824885847,286.33648681640625,28835112,39.87508519370393
2018-03-19,286.3364727382136,288.161489643294,279.7567795286979,282.9265441894531,13601784,37.82007384455559
2018-03-20,281.43777235893356,285.4720456675588,278.79629156034287,280.47723388671875,10880002,36.37016951502134
2018-03-21,283.35879964619875,283.4068148360719,276.0106874841358,277.7876892089844,13618228,34.79282588929715
2018-03-22,278.075843750431,278.2199186358275,269.8152083324898,272.0724792480469,24593489,31.65149734842292
2018-03-23,266.16521328584815,266.8856171312736,262.7552841628499,264.6763610839844,31922568,28.113952910570745
2018-03-26,265.20460810640907,271.9763908244734,265.06053323623115,270.53558349609375,24618534,34.3717212825255
2018-03-27,273.2731366836024,275.9626321031467,270.29546219627014,272.6968078613281,22377328,36.56526632325194
2018-03-28,271.8323109826112,272.1204607176969,266.1651414572944,267.3658142089844,27172599,33.58349441166658
2018-04-02,262.22701202440334,263.0434756168114,248.58735351978848,251.5170135498047,73359584,26.630677228221202
2018-04-03,251.08469111659105,260.78613324356047,251.08469111659105,259.3933410644531,40773239,33.94922469502316
2018-04-04,256.70389707152793,262.51514288514903,255.02295480819706,258.04864501953125,33486876,33.33781466964099
2018-04-05,257.2321746004586,268.95075493360224,257.13614421005565,267.6540222167969,26759108,41.449453867193775
2018-04-06,267.41383175250405,271.78429819518584,266.0690841214096,269.5750427246094,31577015,42.94474913302725
2018-04-09,266.78953705101213,272.2646175835017,263.52371239711715,269.7672119140625,31712527,43.10129256440906
2018-04-10,268.4224329528756,282.830507092841,268.03819419183503,277.4034423828125,44741783,49.080003391300885
2018-04-11,276.3949321996016,276.53900710090187,271.20803055964655,273.3211975097656,16811454,46.28033648418171
2018-04-12,274.0415947966167,278.4600773154325,272.3606525904709,275.43438720703125,22954325,47.93596803278346
2018-04-13,276.635018023634,279.61269248307644,274.52182213285516,276.8751525878906,17497198,49.08806614953924
2018-04-16,273.7534487462274,277.5475872173309,272.8889700339005,276.2508544921875,16874313,48.58635995743207
2018-04-17,276.2508323006428,281.6778680561134,275.48238404106667,280.237060546875,15406113,51.962397589354694
2018-04-18,282.1101142698592,283.26274265754455,277.5955724731749,278.6041259765625,20755245,50.49951374073086
2018-04-19,279.5166533134702,279.5166533134702,275.96264977625935,278.1719055175781,17282341,50.097484351779855
2018-04-20,277.8357280592237,278.7002067436786,268.66259820125936,271.0158996582031,19745690,43.87030580695178
2018-04-23,268.95077964549586,271.64027571662734,264.38822177650974,268.37445068359375,11620499,41.80465790997621
2018-04-24,268.3263894470184,275.29029236803717,268.3263894470184,272.8889465332031,15412234,46.44585920915996
2018-04-25,272.84090106104077,274.3777682525456,265.92504266922424,267.8941345214844,7961352,42.415350935090174
2018-04-26,268.75865485627145,269.33498380667055,264.48427621020306,267.8461608886719,14112673,42.377313223889985
2018-04-27,266.4533481930869,280.1890649987964,265.1086002861805,276.53900146484375,16488361,50.95936598044596
2018-04-30,277.5475731164423,279.51666504521904,271.1599695195762,272.9850158691406,9737559,47.82336331401952
2018-05-02,272.4567178520764,272.55277755704856,264.6763507622359,265.97308349609375,14211445,42.293293067795844
2018-05-03,266.35724451375984,272.4566682527928,266.35724451375984,270.7757263183594,14724116,46.82849605432965
2018-05-04,269.3829768912623,274.3297432539703,267.36584060660687,271.6882629394531,11861951,47.67003759289968
2018-05-07,272.79293264250015,281.4377790994808,271.6883192356588,278.3640441894531,19673100,53.47167414010759
2018-05-08,290.08259440272275,302.0893243034977,288.16151761859874,297.0945129394531,87176185,65.14705000814017
2018-05-09,292.96418849598666,297.5747607207661,292.2437847537834,294.6931457519531,20140490,62.96557021585687
2018-05-10,296.27804754799416,300.5524253544394,293.6365672480676,294.7411804199219,16239386,62.992265211053414
2018-05-11,295.7977977803741,299.54389149756287,295.4135589882076,298.6794128417969,16671145,65.20664316725251
2018-05-14,297.7668858598315,298.7274242013149,293.1082690409766,297.8629455566406,10425585,64.34701667601325
2018-05-15,298.4392681121826,304.97091697080293,293.0122031469415,296.0859375,16400700,62.4183140413344
2018-05-16,291.9076247843996,292.86816322022406,283.6469883736477,285.5200500488281,25515791,52.36752470527514
2018-05-17,287.20092000188055,288.1134430114872,282.446244216329,284.3193054199219,10668400,51.35546951546464
2018-05-18,282.54231869993635,283.646931818228,273.36919019213485,274.80999755859375,17469524,44.08854203976127
2018-05-21,278.0758168805992,281.4377006770831,276.3948749823572,277.8836975097656,23155638,46.71324776714025
2018-05-22,278.07588028446634,282.25422838974407,275.5304592636948,278.84429931640625,11284988,47.542062806115645
2018-05-23,277.4515326350582,286.62466295812186,277.4034881253549,280.5252380371094,15887229,49.03587536473184
2018-05-24,282.11014732300475,287.20098925334344,279.70880125901357,285.9523010253906,11489424,53.62727580190672
2018-05-25,286.62466553274186,289.074056150412,282.97463117461115,283.9831848144531,13541580,51.803664589899846
2018-05-28,282.15814015221974,290.37073131473295,281.7739306750988,287.44110107421875,19063427,54.71585960114624
2018-05-29,286.96085391532955,286.96085391532955,276.9232156681152,278.4600830078125,12969969,46.805455137454956
2018-05-30,274.6179175323248,276.77912889167675,271.59222749189314,273.6573791503906,25142319,43.20800640521907
2018-05-31,273.7534316259933,277.5475698598156,268.2783512681517,274.5218505859375,23698686,44.041710802223605
2018-06-01,283.35877713221674,288.11345308399274,275.53039644020714,277.8836975097656,29675949,47.2827880488763
2018-06-04,281.72590202471173,281.72590202471173,274.2817293974947,275.43438720703125,17188567,45.22747556907901
2018-06-05,276.6350401728835,276.6350401728835,271.9284081992695,272.8889465332031,12376050,43.12925752464304
2018-06-06,274.42579432815086,275.57842265939775,270.00731244178377,272.6968078613281,16873633,42.967217616014295
2018-06-07,276.1547989758095,281.485775543759,275.8186046622211,279.4206237792969,20297969,50.040968088972676
2018-06-08,278.65215422604996,279.4205731063506,274.2336723810677,276.8751525878906,11340014,47.63236955369098
2018-06-11,274.137667118679,278.89234416025147,272.0245001216635,275.09820556640625,16876061,45.968977820887226
2018-06-12,277.16329842003313,277.7396272287589,273.993533941993,276.0586853027344,14257648,47.04542870486611
2018-06-13,277.59560802981247,281.3417020678994,275.0982022333189,279.27655029296875,10927770,50.5966041756641
2018-06-14,279.3725645153557,279.3725645153557,272.8889311273354,273.5132751464844,11400592,44.80166303100504
2018-06-15,275.866654251595,277.11534250985204,268.95076569413715,271.35211181640625,47186222,42.82110117616097
2018-06-18,272.792928337644,282.5904325596009,272.21659938694506,281.4377746582031,27792317,53.21546926422862
2018-06-19,283.8390090333286,283.8390090333286,276.9711674692931,281.24554443359375,27176748,53.017642690318155
2018-06-20,281.0535234297313,282.97460010483087,279.51665622699085,281.6298522949219,20364143,53.390688102476936
2018-06-21,283.16669407458505,288.49769950920756,282.92655948689855,286.1924133300781,30192796,57.68627277511356
2018-06-22,286.43255671070983,290.7549794217569,283.98316625313345,288.7858581542969,17490606,59.945962947452934
2018-06-25,287.96938884710664,288.64177742499913,277.40346687813826,278.2679748535156,15461874,48.60850059318755
2018-06-26,276.2027959288806,277.69164798691736,273.4652850313606,276.7311096191406,11614686,47.20367047662629
2018-06-27,276.538978051223,276.538978051223,263.18750118931615,268.0382080078125,25318055,40.13761824576982
2018-06-28,267.02968402386756,267.41389353390247,259.1532571582726,260.69012451171875,34197884,35.32406529100223
2018-06-29,261.26637225440135,265.10852478755436,258.96108659716907,264.5321960449219,20930477,39.415289144020136
2018-07-02,263.1874838762342,268.8546537612738,260.3058690892681,266.45330810546875,69733139,41.41100413263615
2018-07-03,265.01253557621874,265.8770142633764,261.4585611260582,262.13092041015625,14020388,38.35004807279277
2018-07-04,263.37959457766897,264.0039385649506,260.305860514174,262.4670715332031,8233522,38.72935373584279
2018-07-05,262.2269597612987,264.62830554665857,260.0657485544748,260.83416748046875,7505990,37.52167994052095
2018-07-06,260.40192380862425,261.2183871786768,256.51172633248007,259.3933410644531,26025797,36.441873852189225
2018-07-09,263.09142153397664,263.8598697240651,259.3453282113617,260.49798583984375,18374471,37.91700894089894
2018-07-10,261.26642772764257,265.0605658850383,261.1703680312584,262.6111755371094,14450561,40.75002729869904
2018-07-11,263.715794591675,264.0519888797991,256.94401088980743,258.1446838378906,12717543,36.91560871865091
2018-07-12,259.72957884048895,262.89937316486447,258.432846131122,261.5545959472656,15837704,41.44555278032759
2018-07-13,262.2269694010417,262.5151191805563,255.55121614701218,257.18414306640625,19159840,37.708117236356124
2018-07-16,254.83080693210763,256.079524347661,246.37808136310042,249.01956176757812,29794402,31.917590936881993
2018-07-17,249.98010582137238,256.94400886538756,249.7399712336477,255.93545532226562,15128995,40.28288266210017
2018-07-18,255.5031998730506,256.7999325019844,250.70050814611355,252.33343505859375,22908592,37.685684320670966
2018-07-19,253.53410431286844,253.91831378278974,249.16363731676606,250.8926239013672,15145144,36.66730593710788
2018-07-20,251.46889748591403,257.1360965070139,251.46889748591403,255.31105041503906,13794388,41.85627273323303
2018-07-23,254.87888637418288,265.3967649294098,254.87888637418288,264.6763610839844,16917863,51.017134901543734
2018-07-24,262.85129312272335,266.93358079196463,262.5631433655094,263.523681640625,12012225,49.973510130723916
2018-07-25,262.2269463387295,265.6848899553071,261.50654263999667,263.81182861328125,17947377,50.24749931805825
2018-07-26,264.1480494123029,275.19424056954466,262.46710727967917,274.3777770996094,36630780,59.09446899415734
2018-07-27,273.65736650527634,283.50288446516174,271.0639305818741,281.6298522949219,30926969,63.846395547735256
2018-07-30,288.1615033692458,296.2780641061345,282.6384078880019,295.2214660644531,56119080,70.71317868349009
2018-07-31,292.2918201257814,296.32609308598563,290.2747129589846,292.2438049316406,20824059,67.68031405735906
2018-08-01,290.6588992440471,293.5885293720413,285.0877594432033,287.4891052246094,15581508,63.03149364904345
2018-08-02,283.3588079223248,288.88190333098026,282.4943292862394,286.7687072753906,14089168,62.33288860851723
2018-08-03,288.1615110303535,294.64514502853643,285.8081802982837,292.9642028808594,14478297,65.83949241653482
2018-08-06,294.83726747937686,305.4512048535248,294.69316327172646,302.6656494140625,25849864,70.474650546615
2018-08-07,301.5610508686123,305.5952946738497,298.1511218649295,300.7926025390625,20751115,68.54095877179559
2018-08-08,300.64848567895433,307.37225372928236,296.0859287876603,306.1235656738281,17916047,70.98142144970663
2018-08-09,307.6123602927268,332.2021442146961,307.6123602927268,319.8592224121094,76423347,76.12142605017145
2018-08-10,320.86782041221375,326.8711850308625,312.51115445103704,315.6329040527344,36321097,71.90133529116977
2018-08-13,311.2144093317477,314.52827819347164,309.2933327309344,312.0788879394531,15332907,68.46402174192136
2018-08-14,311.8867914595567,320.33951660415056,311.8867914595567,319.3309631347656,15314006,71.46203022422766
2018-08-16,316.54541385112964,325.814632740441,315.77699486651045,321.10797119140625,37463597,72.16042492215692
2018-08-17,323.5093038910616,328.69623442106496,322.59681004841593,326.5830383300781,24090696,74.25125465655529
2018-08-20,326.5830304418354,328.9363610629876,323.41326569522124,325.0942077636719,13032778,72.65334511108775
2018-08-21,324.95011039452294,328.3600391073219,320.8678224281932,325.4784240722656,16009673,72.81592921771521
2018-08-23,323.2691508287432,325.33433160962204,321.54019362642396,323.8935241699219,18867868,70.94227385534033
2018-08-24,322.6392556994344,323.7005749487792,315.7889544837925,318.5387268066406,17805968,64.86895475575719
2018-08-27,319.3588470406703,330.26141825860424,319.3106173007047,327.9458312988281,28083933,69.76580687706456
2018-08-28,329.9719674112962,331.41921288239837,324.4724228433941,326.9809875488281,16427306,68.70796991506538
2018-08-29,324.5206751093904,330.59909418076074,323.99000078139215,328.66943359375,18868248,69.57730787025807
2018-08-30,327.2704487041686,333.3006380638099,325.8232032578547,332.23931884765625,22349447,71.3872561398997
2018-08-31,330.9368295942472,334.6031733630574,326.59509276283575,330.5509033203125,19809916,69.28766744822708
2018-09-03,331.5157303190034,331.90165658897035,320.8543367649076,322.3980712890625,12859450,60.09639211300062
2018-09-04,323.025196912354,324.617190582295,315.7407393782106,316.94677734375,15470215,54.8564848681929
2018-09-05,315.4995105059993,319.6965282318626,313.18392365719745,318.0563049316406,14548867,55.70307263743349
2018-09-06,318.3939879302117,319.6000257632807,314.0522517311634,317.0914611816406,11322771,54.741685410455425
2018-09-07,315.93369039711325,324.5689038303861,311.1095389446869,323.31463623046875,16435004,59.58658179568059
2018-09-10,320.13066691435245,323.9417582003044,318.7799104458585,321.1919860839844,16673909,57.33215833961733
2018-09-11,321.96386748764513,324.8583582491968,313.66632141567374,315.0653076171875,13005562,51.29921690445931
2018-09-12,315.49951133124597,315.5477410690263,307.2984536972533,311.543701171875,15263406,48.16205968523487
2018-09-14,315.69248352304663,320.32365714991016,312.7497334639847,316.8020324707031,10736693,52.8032507149744
2018-09-17,315.7889441763435,315.9819220133018,310.0482215803821,314.2452392578125,7227361,50.438547606276984
2018-09-18,312.846216509507,316.51255977492747,306.5265899891871,307.6361389160156,14825218,44.847586593816224
2018-09-19,308.74575278433076,313.2804678060664,305.85126135197766,309.662353515625,15942065,46.79476625668732
2018-09-21,312.0743711419663,321.96388167986584,297.5054277777649,305.94769287109375,34169460,43.74551359881958
2018-09-24,305.6582296190474,305.6582296190474,294.8038886603556,297.891357421875,24382310,37.96712297084296
2018-09-25,296.2028815616838,302.47427807683346,289.49729966392636,300.15869140625,30472132,40.35498997002797
2018-09-26,303.92151992156465,304.21095721044395,294.3697066128861,302.0883483886719,23224979,42.387597350048246
2018-09-27,304.5486765060979,304.88637299795874,294.5626770712637,295.8652038574219,24888615,37.901670481585946
2018-09-28,298.2290593634864,300.6411351761249,291.1857803240109,294.80389404296875,26289107,37.17901998875821
2018-10-01,295.52749092610566,303.9697555315853,289.9797170425047,302.9566955566406,21104376,45.73788269352225
2018-10-03,300.1587517219573,303.4391692848275,291.8129744174484,293.0190124511719,19105555,38.79892820217648
2018-10-04,288.4842450230796,309.95171810590074,284.43194619153064,305.3687744140625,56268976,49.12787397096267
2018-10-05,303.58384869790655,310.5306386514495,288.82195685198286,296.4923400878906,36131946,43.451553366084276
2018-10-08,296.4923456823244,303.00495034504894,288.09833956138357,299.9175109863281,20488368,46.04227619475364
2018-10-09,300.49640788840395,300.93056385564256,292.3435800980549,295.4792785644531,14852835,43.275614869171584
2018-10-10,296.2993961288614,311.5919625364551,293.7908314167417,308.6009826660156,23972064,52.38533136649361
2018-10-11,299.0974169617417,304.3557542957192,293.30843469796605,300.7376403808594,21691068,47.46586405159759
2018-10-12,302.81198240943024,312.84621120534024,302.5707748448926,308.1667785644531,25930022,52.04764444103191
2018-10-15,305.7546948747794,306.7195251075457,298.66318677509076,302.3295593261719,23756416,48.47060776659457
2018-10-16,302.71550999666033,311.5919606332403,302.71550999666033,309.3728332519531,18042549,52.695164151734815
2018-10-17,313.6663152277592,316.6090356662372,300.689336791762,303.7285461425781,20203287,49.213180519838446
2018-10-19,301.84714836206786,310.19292410144624,299.29035409892174,304.355712890625,18322589,49.61160416687121
2018-10-22,308.9386848816521,318.2492917206308,304.982874621383,315.59600830078125,33593953,56.23791070454353
2018-10-23,311.64017152986503,317.0432268322424,307.15371674499437,311.4954528808594,21509920,53.475153777051986
2018-10-24,317.18802078910494,318.3940588909647,305.1276397705078,310.6754150390625,33104174,52.915305050941036
2018-10-25,307.2984634764838,310.7235994078482,300.8340884168467,308.6974792480469,26920180,51.514395052468
2018-10-26,308.5527153568468,312.02611029412265,301.9918811542132,304.5486755371094,22952163,48.60751108400606
2018-10-29,317.42919122564587,340.5368903281452,316.7537981900045,337.1117248535156,80069836,65.20397560090862
2018-10-30,335.2303232618044,341.40523173040344,330.8403274192287,333.5418701171875,34460428,62.809282176923425
2018-10-31,333.3488822829555,344.0102457562593,330.2614134189738,342.5147705078125,31233009,66.1722023270155
2018-11-01,344.4444263446155,345.8434420948776,338.75193331069033,341.260498046875,22157128,65.28355484819703
2018-11-02,341.5499149433929,345.216258184846,339.33081710424227,341.9841003417969,26714413,65.57081369646625
2018-11-05,338.6554626902199,339.4755744004068,335.76097155611546,337.3529357910156,22873951,62.032992661144
2018-11-06,336.4363623611568,345.6987103732674,335.4232728043854,340.6816101074219,21349153,63.555041280972944
2018-11-07,344.20319877645005,344.44440634391776,342.0805604050208,343.3830871582031,2074764,64.7887654491435
2018-11-09,344.34794287410995,345.505751061226,340.00620633885256,344.2997131347656,15130936,65.21899310267595
2018-11-12,343.4795713248232,345.60220966690315,339.1378351704364,339.95794677734375,10642857,61.39257940893787
2018-11-13,335.5679622178257,349.22033434150126,335.5679622178257,348.2072448730469,17684864,65.53055015541116
2018-11-14,352.1630527700196,356.89071526081517,348.5931689505279,353.706787109375,31774158,67.99346563644454
2018-11-15,353.22438083112087,361.71487574418,349.3650596080423,356.9872131347656,21967798,69.39806490145244
2018-11-16,357.0836868925997,362.1007866030077,352.6936915211744,354.62335205078125,29972926,67.1124998495529
2018-11-19,355.34700363425253,357.6626200134352,348.06254632057284,349.6545104980469,16002154,62.456212731708256
2018-11-20,349.26858496238,352.597261431034,342.1288462967575,345.3127746582031,19591217,58.62851063804149
2018-11-21,343.8172598303503,347.62832158869725,340.6333023910662,344.20318603515625,29323882,57.656008996944216
2018-11-22,345.0715429937951,345.8916546188471,338.6554275347708,339.6684875488281,12547369,53.73321576100596
2018-11-26,342.273556855142,345.2645367432969,338.3660058273215,343.8172912597656,20673027,56.63991515187646
2018-11-27,343.23838221638766,343.5760787131876,339.2343423253485,342.17706298828125,17933339,55.16435989890028
2018-11-28,344.39619409669615,348.834390008049,340.8263101391806,346.37408447265625,18163000,58.16745284696875
2018-11-29,350.2334309019537,353.51384833283913,347.53191759282134,349.4615783691406,38692771,60.27537609065114
2018-11-30,352.1630694763634,352.1630694763634,341.35695803252537,342.65948486328125,21893877,53.83877192686364
2018-12-03,346.2776405216914,346.2776405216914,339.7168052790899,342.9972229003906,23427270,54.10085773424206
2018-12-04,340.8745685512492,346.47060253796866,340.8745685512492,345.3610534667969,18651442,55.98447676914594
2018-12-05,342.8042143424324,343.81730388467554,338.1248106626156,339.0413818359375,12068267,50.06862823725707
2018-12-06,335.9538920573349,337.6423449306529,331.27445963385435,335.4232177734375,17784829,47.00608697927434
2018-12-07,337.30469812663085,340.5851154460358,333.1559099319632,339.8132629394531,14979672,50.92814610898005
2018-12-10,334.3137250150825,337.15998639970763,332.1428566708288,334.16900634765625,14107881,46.19444981326727
2018-12-11,325.5337273600815,332.8664433043381,324.18297087031186,330.7438049316406,36885929,43.54908479782195
2018-12-12,330.7438344154414,339.3308481433295,327.4634170923478,337.64239501953125,24740214,49.78612383908486
2018-12-13,340.48862679089103,341.7429239204369,335.3750376810942,337.2564392089844,19129928,49.45689622099196
2018-12-14,336.9187187932606,341.5981217241628,336.87045961652365,339.52374267578125,12104234,51.4864822448301
2018-12-17,339.9097447116866,347.82136592230853,339.9097447116866,345.8434753417969,18378122,56.70510587442375
2018-12-18,344.20319913517943,350.1368994122131,342.12881994165167,349.509765625,15405953,59.43153733143341
2018-12-19,350.23338461507717,356.26357374412464,348.30372409378197,353.61029052734375,19442031,62.29170863721246
2018-12-20,350.28164097226824,352.6454870682235,348.4484692265709,349.4132995605469,12109613,57.79997101605463
2018-12-21,348.30375448910803,350.715830351221,339.62028138550147,341.742919921875,13555416,50.61642160543019
2018-12-24,340.97100584650406,344.5408895637214,339.1378342529124,340.3438720703125,9025217,49.41019630156759
2018-12-26,338.31774002891865,344.34792942571346,335.90566427020076,343.3348693847656,8695108,52.04149855521778
2018-12-27,346.8564786120813,348.0625164375753,342.4182535254067,343.1418762207031,10122458,51.85408486841805
2018-12-28,345.6986541959534,350.04039016268933,345.6986541959534,348.0625,13004606,56.18643021110993
2018-12-31,350.0404371014226,350.71583012008324,346.856508743246,347.483642578125,7314108,55.55313194517568
2019-01-01,348.7861933442735,351.9701219207386,343.86555236259227,350.9570617675781,7759872,58.57068482732011
2019-01-02,348.7861503348103,354.9610583108022,347.62834220743764,351.7771301269531,18243156,59.273702424719126
2019-01-03,352.1631237431714,354.38222206027564,349.31686206123004,350.47467041015625,12884409,57.60186548134705
2019-01-04,349.1238610869647,355.82941421941774,345.4574881633734,352.3560485839844,22896026,59.38394109498304
2019-01-07,354.5751495958849,357.9520557825124,353.6585489960862,354.76812744140625,12719847,61.61174923214154
2019-01-08,354.8645824926237,368.37220707061374,353.7068037667955,366.7802429199219,21501136,70.33746324896184
2019-01-09,368.2274923930572,370.0606641453259,362.39028062929196,368.806396484375,21730142,71.51365186601167
2019-01-10,367.5521224321201,368.70990115033806,362.8244303054715,366.1531066894531,14497154,67.72640414694742
2019-01-11,367.2144310821323,367.7933351715042,362.0525829053509,365.23651123046875,12537973,66.41783354238703
2019-01-14,365.3812387551702,365.3812387551702,359.5922570760978,360.2193908691406,14844029,59.6267119614097
2019-01-15,360.4123554104411,362.19729739700404,357.56612362391314,359.6405029296875,12960779,58.878647044974436
2019-01-16,358.96510108772685,366.39430617027557,358.96510108772685,362.1007995605469,15106484,61.11168062646552
2019-01-17,362.7761714908635,364.6576022430636,359.68870293450493,361.4254150390625,13171721,60.146110716945365
2019-01-18,361.4254347756805,363.16211753079205,357.3249060176213,358.9168701171875,12212121,56.57085042076653
2019-01-21,359.88170904343286,362.9209186599025,357.56612216632664,358.62744140625,8908581,56.15608612944299
2019-01-22,357.5178325135855,359.3992632532955,353.22435562585366,356.0705871582031,14756076,52.494482297970556
2019-01-23,355.8294554612819,360.55714818556044,353.56212747655087,354.47869873046875,9726450,50.295629737707486
2019-01-24,353.7068050348332,355.53997677384683,349.027372043254,351.9700927734375,17521254,46.95758098260964
2019-01-25,349.6062602236428,351.8253581050158,342.0805663219095,344.63739013671875,22978238,38.84260743325149
2019-01-28,340.7780423185652,342.41823601077175,324.810084659213,331.4674072265625,34362360,29.11167582369555
2019-01-29,330.8885653985097,337.7870962012659,329.34483101922194,334.6513977050781,20738442,33.45228256798357
2019-01-30,338.6554369372461,355.6364561881985,338.6554369372461,353.0314025878906,39400056,51.799977720252855
2019-01-31,359.59223456431533,363.4032962645483,341.64638659380944,351.63238525390625,85917249,50.655165525207195
2019-02-01,351.68064741496363,352.06657364947023,336.4845700575269,342.17706298828125,25605469,43.63597150638049
2019-02-04,338.6554608778493,344.3479541889331,333.8313090134925,342.0805969238281,17039321,43.569638394400364
2019-02-05,342.12883690506675,343.5760823831387,336.5810625724576,340.2474060058594,12197271,42.25507240300133
2019-02-06,341.1639981691748,349.1720778392176,340.77807194006743,346.66351318359375,15396216,48.151430024963275
2019-02-07,346.4705929163719,349.07561725752583,343.96202805711215,346.0364074707031,10247434,47.63940622845272
2019-02-08,344.347919289709,345.79516470233955,338.4142189867803,342.6112365722656,9308651,44.83510101056537
2019-02-11,342.12885695801435,342.22534588439817,336.77403070871884,337.7388610839844,9419635,41.12639216348942
2019-02-12,336.72578488146894,339.6202758689887,331.17801048872263,332.1910705566406,14924394,37.339071396909574
2019-02-14,327.89755328093656,334.6513647617209,324.3276697205237,331.8533630371094,15172596,37.11501031846535
2019-02-15,331.9498709996414,335.51975508160274,328.6212239500905,330.11669921875,20316848,35.92125819342438
2019-02-18,330.16494959843004,330.93680208213215,325.6784650235213,326.8362731933594,10601490,33.71533099460717
2019-02-19,327.17396907358875,338.0765399676161,327.17396907358875,331.1780090332031,14384763,39.0502676762379
2019-02-20,332.8664398947833,335.37500446110784,330.3096455931437,333.0594177246094,9474758,41.25664290175665
2019-02-21,334.60314874197263,342.46653953568057,334.0725038348948,338.94488525390625,18631331,47.641841879404154
2019-02-22,339.0413537570648,341.64640728504565,338.9448648404205,339.6684875488281,10997730,48.38468634986391
2019-02-25,340.6333538296449,344.87863105643044,340.6333538296449,343.09368896484375,10344411,51.86594915268336
2019-02-26,337.6905705244378,340.2956238461959,334.4101537281995,335.9538879394531,18096382,45.045754336281284
2019-02-27,338.65543158153923,342.2253154300553,331.2262265753988,333.3970947265625,17325417,42.87165740435469
2019-02-28,336.1951332880528,339.3790615332523,332.86645694092977,337.8353271484375,18347113,47.599465863165996
2019-03-01,339.66852956130606,342.51479101080076,338.31777289406455,341.7911682128906,14190221,51.45567181109499
2019-03-05,342.5148189830845,351.3430119497062,340.39218015814964,350.47467041015625,17638277,58.64930215165357
2019-03-06,352.4042773672393,359.73699375025376,352.4042773672393,358.86865234375,31436190,64.1757328863001
2019-03-07,358.4344872840951,360.8465632415924,355.53999613509836,357.75909423828125,15355303,62.97757371496069
2019-03-08,356.7942801012577,360.26767552706576,354.71990057221427,357.566162109375,16143455,62.75816538675137
2019-03-11,358.72391958132334,365.0918059085067,356.9872366940398,362.6315002441406,11449587,66.09769275860761
2019-03-12,364.7058684153139,375.31900215226744,364.0787345833509,374.5471496582031,37108265,72.37354910818792
2019-03-13,374.25768303414964,379.4195312425171,370.78428792094917,378.11700439453125,19574619,73.93056440247116
2019-03-14,378.2134699509634,379.1783002314505,373.1963407147168,374.2576599121094,13182462,69.37818547639877
2019-03-15,375.1742322107121,384.24363027563095,374.4506095548258,381.3973693847656,31466545,72.72430799379174
2019-03-18,382.314006932447,385.83563164372504,379.66072360357833,384.0506896972656,21220626,73.86716342018266
2019-03-19,384.38836669921875,386.84870150961257,380.0466305630582,384.38836669921875,11670392,74.0163781472908
2019-03-20,383.61653179846746,384.1471766838582,378.40645408593616,379.0818176269531,14181408,67.49427780863391
2019-03-22,380.5773317173766,382.36224425496033,376.2838250132297,378.0205078125,17409249,66.23715985927691
2019-03-25,374.30592727402257,374.30592727402257,369.04759035272116,370.0124206542969,12345034,57.53003094475769
2019-03-26,371.411402930124,381.5903499175963,369.9158984307554,380.2395935058594,14063632,64.03271199578626
2019-03-27,381.49388579920156,384.4366358118732,376.4285268427971,379.37127685546875,17950017,63.14865185966728
2019-03-28,378.9371039209851,387.7652953609049,378.9371039209851,386.4627685546875,23117485,67.13895127521371
2019-04-01,387.33109020110635,395.1461911574006,381.831546359592,384.2436218261719,16106604,64.77524099209072
2019-04-02,385.93214547222175,385.93214547222175,379.61251836782856,383.182373046875,13010810,63.621679658023794
2019-04-03,384.96725917673524,388.6336022483248,376.91092092164894,378.3099365234375,12317200,58.47294740083099
2019-04-04,380.5290747607612,381.78337185138,373.67877355595016,375.0777893066406,14521564,55.27721115305475
2019-04-05,375.56018554187983,378.6958839439636,372.0385609176271,376.814453125,10853927,56.64819529302349
2019-04-08,377.6828578165746,377.6828578165746,371.4596901902189,373.48583984375,6305407,53.27706079885574
2019-04-09,373.7752770009896,384.340181261006,373.53406941006943,383.182373046875,13206348,60.62760744449967
2019-04-10,381.6386179706842,384.7743164833433,378.88887513808766,380.33612060546875,14000018,57.75535031711793
2019-04-11,380.6255685517697,380.6255685517697,373.9199859212424,376.3320617675781,8704774,53.88764142163424
2019-04-12,376.862724661645,381.63861702560513,374.59536754617255,380.7220458984375,7035256,57.26655183627252
2019-04-15,380.3361189950763,382.9894023407073,378.0205027016436,378.9371032714844,9770752,55.486261637787706
2019-04-16,383.52002567975467,394.0366695516763,383.52002567975467,392.6859130859375,24487788,64.61205510683531
2019-04-18,396.5452850605209,396.5452850605209,388.440715780258,390.1773986816406,18660434,62.11012513785235
2019-04-22,390.0326446417167,390.3703411319948,379.8536968622994,380.62554931640625,10493872,53.599222310528546
2019-04-23,382.16928007540355,385.88388254496766,379.7572043736455,382.5552062988281,10203957,54.94247552576146
2019-04-24,383.134117525671,388.48891390606445,379.61249282406095,386.9934387207031,11397163,57.95714328723036
2019-04-25,386.8004631587624,388.2477086154135,380.4325772606407,381.493896484375,16524091,53.20664477994757
2019-04-26,385.93211637749164,393.6507587050415,380.3843422045652,392.87890625,14286163,60.43634331961399
2019-04-30,393.4095425283982,395.3874328038627,389.11603604988454,393.1683349609375,19375553,60.60298827452232
2019-05-02,389.5020012877828,390.7562688916969,380.5290618911068,381.63861083984375,16572948,51.32802338000659
2019-05-03,383.1823679990323,390.9492699909153,380.81855130572626,387.6688232421875,24431248,55.19067069380061
2019-05-06,382.5552275403774,390.6597964594376,380.77028553311004,387.1864013671875,20751521,54.815877659936646
2019-05-07,384.002470147255,393.0236395935915,370.7842828895979,372.90692138671875,41519416,45.061463079265515
2019-05-08,372.7139288224016,376.2838126690264,366.73199869782326,368.7581481933594,22509400,42.68483911693653
2019-05-09,367.5521111254743,372.13505500761596,364.2716645807248,367.98626708984375,19739885,42.238485640730126
2019-05-10,370.0124179835148,375.51196244051397,368.8063801152504,371.55615234375,18361701,45.09793546166792
2019-05-13,371.45967900340275,372.18330175470805,362.05258323643346,363.0656433105469,13828080,40.02313295854697
2019-05-14,364.80232552968613,373.14810135173457,363.25859123187604,367.02142333984375,21481226,43.22848725273097
2019-05-15,368.90286376038483,370.9772429752912,362.5832077544437,363.78924560546875,16183425,41.28691959389121
2019-05-16,365.67070121017156,371.45968328737746,364.27168543046594,369.047607421875,13430281,45.57004126045926
2019-05-17,367.7933271048674,378.2134827078809,367.35914168628995,375.994384765625,19096980,50.68798909274663
2019-05-20,390.99748209403424,399.43974728422006,387.8617835948224,393.361328125,33350816,60.64963877749907
2019-05-21,394.22970233371007,396.35231152024295,383.6165680681854,386.0768737792969,18286421,55.57809123990863
2019-05-22,388.82663689518296,394.0367149746483,387.42762108893754,391.093994140625,15370847,58.17237605919447
2019-05-23,399.43972208317587,412.899115800648,393.0718365669064,396.4005126953125,43279956,60.781255305062565
2019-05-24,400.8869392823538,418.3021122315887,398.1371673839798,416.5654296875,37708344,68.75617640521622
2019-05-27,417.0479255790141,423.3675526967133,414.53936073930566,420.1836242675781,23397222,69.93741909097858
2019-05-28,419.74941007824145,423.7534793771515,413.04385716235265,419.0257873535156,23389724,69.0379157451928
2019-05-29,413.52624610437846,415.3111879344358,407.254849554213,408.4126281738281,22132254,61.260176243595005
2019-05-30,406.04881513409276,412.94734550780834,404.8427773259508,411.2106628417969,18281037,62.460898851309494
2019-05-31,411.9825427501775,415.07001152274034,399.7291860241564,408.7986145019531,24644955,60.713907201544615
2019-06-03,411.0177439982877,411.4036702634194,404.842835423321,408.0267639160156,17125380,60.134296033432626
2019-06-04,403.00962555741563,407.88200676411077,402.81664772091364,404.3603820800781,14514451,57.334331971989414
2019-06-06,402.72016034685856,403.154345758511,395.918118526197,397.0758972167969,17762399,52.13981088784047
2019-06-07,398.9573537363045,404.21569097438856,393.5542978331226,401.9483337402344,14107696,55.07192327429579
2019-06-10,404.16739432669533,407.8819967560864,398.4749016209667,401.46588134765625,13074522,54.71448465554294
2019-06-11,403.7332480380859,408.7986070782746,398.52314089846476,406.53125,10939138,57.810591526160515
2019-06-12,407.15842434093713,407.15842434093713,400.2116337593012,403.2991027832031,11136959,55.21647166234138
2019-06-13,402.0447716383415,407.44779741149637,400.69398575077065,404.8427734375,12164077,56.22674676100535
2019-06-14,405.5181975406553,407.15842096681445,401.4659276051878,403.0578918457031,8601256,54.69045974056355
2019-06-17,404.21566485976047,404.939287582786,398.61963146845954,399.6327209472656,9539802,51.76736441723697
2019-06-18,400.83878534986,411.0659636234474,400.501088834573,407.3031311035156,17761348,57.274655175722536
2019-06-19,408.8468582377763,411.0177265116052,402.67194992552004,405.0357666015625,17010384,55.26583444020932
2019-06-20,404.9875422230838,419.3635086489948,404.2639194555619,418.157470703125,24315929,63.29025447871938
2019-06-21,418.92934194802444,419.8941722800611,413.7674937827714,415.6488952636719,13909654,61.03610489062162
2019-06-24,416.2760657267079,418.5433934907374,413.14036709341497,414.3464050292969,8545999,59.84431207432958
2019-06-25,412.8508769322976,419.50820007234,409.66694873966804,418.3986511230469,12964387,62.31004263902537
2019-06-26,417.2891083308293,424.52533564292463,417.2891083308293,423.2228088378906,12261068,65.06062144988056
2019-06-27,422.59566393638335,428.28815671698936,422.20973771205615,425.4419250488281,18787957,66.27970384313107
2019-06-28,424.0429122454521,425.0077425349753,418.35041942612185,421.7273254394531,13459208,62.35755893814609
2019-07-01,424.04290097177983,426.45497663146,422.30621827452325,423.56048583984375,6871979,63.50530537024447
2019-07-02,423.5604860145294,424.5253162787993,418.35040847632797,421.3896179199219,7787303,61.12831082861213
2019-07-03,422.49913803692436,424.5252873426432,418.92928396902073,420.61773681640625,10415896,60.26457297944768
2019-07-04,422.5956303474848,425.8760471599561,418.83279843187717,420.85894775390625,11810688,60.45262951850747
2019-07-05,421.10018154244847,424.4288282949148,417.9644831766897,421.0036926269531,12154330,60.57321438377804
2019-07-08,418.73633464176527,420.0388613872264,407.15837147194685,410.92120361328125,12184946,49.297388636632604
2019-07-09,411.0177033289728,414.6840466513769,409.7151765492848,413.4297790527344,11679067,51.70620219268921
2019-07-10,414.8770504197282,417.48210414193846,412.1755372179652,415.7453918457031,16494282,53.88414552969051
2019-07-11,417.4338722869418,417.6750798901868,409.85994765619125,411.54840087890625,16535185,49.52467608117962
2019-07-12,412.2719998256116,417.7715446389893,409.088071424784,412.0307922363281,8824728,50.025137283599825
2019-07-15,413.33328553068117,413.33328553068117,406.7724514128463,407.44781494140625,7825336,45.41779751179735
2019-07-16,406.7242115136377,415.4076844341031,406.7242115136377,409.6669616699219,12149205,47.91908468558987
2019-07-17,409.66693881845066,412.0307553150402,407.64078936117164,409.763427734375,10961022,48.03057410270814
2019-07-18,410.05291791132197,410.5353331088647,402.81668994818097,403.9262390136719,10651654,42.150632775962826
2019-07-19,405.13225011368974,405.5664355403705,394.13319022872196,395.869873046875,12260757,35.66164795711802
2019-07-22,396.305102435236,399.40011443157897,390.9855708589241,397.9976806640625,17937246,38.36068187121513
2019-07-23,399.2550081664304,402.3500201277479,396.30509795034783,398.43292236328125,14207080,38.925078160842546
2019-07-24,398.33621469965817,398.33621469965817,388.5192665679784,395.09613037109375,16505930,36.18924758600806
2019-07-25,395.7731612324897,400.2705774818135,392.001106136713,395.5797119140625,16852479,36.88162166927485
2019-07-26,396.7887140344011,405.63847469645754,395.144483303211,402.1082458496094,17493739,45.48199879003401
2019-07-29,418.7921913952159,421.0650879446003,411.3448357694595,415.261962890625,46754670,57.922306029097605
2019-07-30,418.7922287115771,424.30520981057435,408.8785558610143,411.39324951171875,23617273,54.01809579463164
2019-07-31,409.9908340438474,416.084133875938,407.37944512971524,410.6678771972656,22329888,53.29276731903313
2019-08-01,409.3621758664307,412.36046350667726,397.1756054837598,403.3656005859375,18269866,46.52066707182197
2019-08-02,400.3189042401789,404.1393067088234,392.19453506440686,397.127197265625,30939803,41.65118952801764
2019-08-05,390.4052368371306,393.30679939930354,382.76446132665257,389.43804931640625,25033370,36.57014944804766
2019-08-06,387.8422411930844,397.99771134901306,387.74551652644976,396.7887268066406,30665326,43.64752210027053
2019-08-07,395.86982195565344,401.3828023730481,392.9682595288603,394.9993591308594,20977349,42.407087909409
2019-08-08,397.5140889365014,402.9303451999512,390.8888482176486,400.8025207519531,19046657,47.60744835982158
2019-08-09,402.83360202215727,408.5400024860938,400.89922698243504,406.36383056640625,17664017,52.07362689340743
2019-08-13,403.3172433354519,407.863037021262,395.72481450610803,396.7887268066406,18389104,44.96632155142759
2019-08-14,398.3845839918311,408.3466344180486,397.75591792753096,403.6073913574219,13307755,50.18094716268497
2019-08-16,404.0909577441148,406.2187822193719,398.57800626658536,405.2032470703125,15154141,51.34298177204441
2019-08-19,406.3154950447453,413.8595461168659,406.3154950447453,409.5072021484375,12304262,54.43014793720901
2019-08-20,406.9925150980617,409.3137888644873,398.96487012387615,403.2204895019531,16181488,49.49069728546103
2019-08-21,402.35003533536457,404.96145362119375,397.0788511909482,398.5296325683594,12868183,46.127067116983625
2019-08-22,397.5140727630505,398.96485405050686,384.94063493842845,386.0045471191406,18182520,38.58607533715824
2019-08-23,376.23596972847616,390.2601896797947,373.1409576568685,382.42596435546875,26883695,36.73806678548158
2019-08-26,393.6453448886707,400.415657945724,379.95964654087174,398.14276123046875,26701988,48.42170297864253
2019-08-27,399.25501005921717,406.7023660235691,397.75588115860353,404.8647155761719,28793372,52.46525415260662
2019-08-28,404.28440135369607,404.5261982444578,396.25675638689376,399.4001159667969,12154347,49.0955952110494
2019-08-29,396.45020829710364,397.32067127109786,386.2463904870682,391.13067626953125,30331105,44.44373034455769
2019-08-30,393.1617088607359,399.30335523449804,389.4380311761542,396.2083435058594,18314194,47.71938481888349
2019-09-03,391.7593378177235,393.06504702177733,378.21871099451903,379.2826232910156,20194305,39.38357577471798
2019-09-04,378.17031249999997,386.53647847175597,377.10640034675595,384.45703125,18614965,42.68010190536174
2019-09-05,376.76784214564145,381.0718379081981,375.26871347304785,376.23590087890625,25022673,39.04675619876919
2019-09-06,378.17032855504044,381.55548494875563,376.4294027876183,378.50885009765625,17564286,40.553537329131856
2019-09-09,380.10474370251336,387.2619263575346,376.33271779802334,382.474365234375,18651819,43.19203749229015
2019-09-11,381.94236614469617,385.90784109174047,380.4432372151144,381.6522216796875,17463978,42.76821407275088
2019-09-12,386.5365406536039,393.838825163049,386.5365406536039,389.4864807128906,19577114,48.00404673981102
2019-09-13,393.4519134474416,401.28613910131776,387.5037154659477,399.8353576660156,17775449,53.991797392545095
2019-09-16,395.0961443669911,402.01152997469853,393.40356602514964,398.6263732910156,17629622,53.22073910093625
2019-09-17,392.5330488657334,398.3845213759218,385.2307656037857,387.503662109375,20793363,46.62380966028828
2019-09-18,392.14618760286623,392.14618760286623,383.4898475848167,386.246337890625,18477377,45.930726170606945
2019-09-19,382.71614699288534,382.71614699288534,371.73856177610617,373.91473388671875,22647508,39.69768556478853
2019-09-20,376.23596593434223,410.08753099270206,373.9630692343222,403.8008117675781,75217723,55.4696768472935
2019-09-23,421.50029315048874,435.2343672111965,414.3914887656815,431.65576171875,57490445,64.72915571750981
2019-09-24,427.0133323887581,433.92871793869483,419.1307592229918,426.4330139160156,26639931,62.120902160394934
2019-09-25,424.69203262039184,426.4813353795381,415.50375146846085,419.95281982421875,19987241,58.947057693137474
2019-09-26,424.59533186067483,443.6005611990302,424.16008565934044,437.12042236328125,40909369,64.16985080262322
2019-09-27,434.75080730269593,437.02370396714457,428.7542326368596,434.4606628417969,19432963,62.83606852113043
2019-09-30,428.75421483926203,430.54351765045703,416.8578201766712,419.46923828125,27524660,55.79649934078617
2019-10-01,422.6126504356051,428.65757317603754,403.02710075660383,410.6678771972656,30623906,52.105751621984155
2019-10-03,410.08752867316883,420.33972279324246,408.44329800171676,413.27923583984375,23275379,53.097060142556565
2019-10-04,414.43988398306385,415.2136222516889,398.52963625703813,400.3189392089844,17952697,47.80821216978859
2019-10-07,401.4795592728844,409.603928817255,397.997678177805,402.4467468261719,21933703,48.71147250417228
2019-10-09,406.46063066561584,424.01508150616814,403.41399531580527,422.3708801269531,34533981,56.33231068164852
2019-10-10,415.8906638109647,417.34144519635186,406.7023817035132,409.7973937988281,19074005,51.16552008154572
2019-10-11,413.9079312873646,419.0340135882449,408.2498781146655,414.48822021484375,18004922,52.90112996508275
2019-10-14,415.89067171191687,422.08066650391936,412.02192127738743,414.7784118652344,17211042,53.01238743012638
2019-10-15,415.8906592326785,421.1618433480468,414.1497333958679,417.6799621582031,14971985,54.17791720305728
2019-10-16,420.2430158701226,425.07895391235644,417.0029314785812,421.0167541503906,17833051,55.54362489724848
2019-10-17,421.69378402102126,428.80261862278525,419.46926439804156,426.1428527832031,12452421,57.632709958248746
2019-10-18,423.3380277525866,429.1411533995516,420.96840630691986,423.4347229003906,15988455,56.131989762362494
2019-10-22,426.046137654268,443.6489637747361,423.19292242875474,436.3466796875,34966169,61.30551965133722
2019-10-23,437.1687962696536,443.939109486219,433.49349518715024,440.1670837402344,25196183,62.70694169064515
2019-10-24,442.39159343125414,443.93909946334696,436.2015988191056,439.82855224609375,23542540,62.490962652045305
2019-10-25,442.6817700561398,455.20683158899516,439.49003331161515,453.70770263671875,34397573,67.44205924369433
2019-10-27,455.5453782197492,457.96334731858013,449.7422523825549,454.1429443359375,8206762,67.58655098505702
2019-10-29,454.77161859407425,466.1844203990132,451.5315342502971,461.7353515625,33686172,70.0809587464759
2019-10-30,463.28285821493506,463.28285821493506,454.57816985599055,455.6904296875,22396012,65.7429795162393
2019-10-31,459.41410466412475,461.10668294446623,446.1636228915335,447.856201171875,21198377,60.51492442615973
2019-11-01,451.33804713336883,451.6282210970623,445.38984983040876,447.0824279785156,13522994,60.00735276233732
2019-11-04,447.8078605497808,456.8026934584383,447.8078605497808,455.061767578125,16254715,63.41515257069199
2019-11-05,456.6092531560922,458.4469036175596,451.5798660356556,452.9822998046875,14952189,61.93402270426111
2019-11-06,451.8216540917099,468.0220454112336,449.5004098954403,464.92706298828125,24922680,66.73952295842146
2019-11-07,467.1515916650373,467.1515916650373,460.04275719297715,462.84759521484375,18312032,65.19645540678974
2019-11-08,464.975410202504,479.7250201985273,464.54016400269023,473.38995361328125,52207121,69.09737882379858
2019-11-11,471.98754037528516,482.6266037853838,468.69910849722646,480.498779296875,24766065,71.42332873410464
2019-11-13,480.49875067823245,481.175793752312,467.44171908897374,469.81134033203125,24272664,63.66503070592926
2019-11-14,473.6800923152925,483.44869226117976,467.8769671414451,482.2880554199219,35396276,68.03087652495412
2019-11-15,481.51435525792476,492.9755342853091,479.72505228466673,483.44873046875,42074833,68.41112962779246
2019-11-18,482.38479392413916,487.89777480404666,480.35369415174057,481.9979248046875,22910109,67.33304324983592
2019-11-19,481.6110335900406,485.52813120864204,473.77680883661725,477.3070373535156,27939336,63.830484781776285
2019-11-20,478.9512923363972,481.65940570253315,476.33987411344896,478.7578430175781,22606112,64.44648184970137
2019-11-21,481.7561728733826,487.2691247515414,475.1309315881954,481.9012451171875,25745594,65.80532646782153
2019-11-22,484.6577036123744,485.2863696379084,476.001362940396,480.498779296875,18462401,64.61867737581682
2019-11-25,475.8562966568599,483.59379741550805,475.4210504326968,481.4659729003906,25692878,65.08626540338155
2019-11-26,485.33472526369667,500.5679299445564,484.5609869911581,493.9427185058594,286857658,70.50196949813088
2019-11-27,497.03772950249066,498.92369808989156,487.7526931557233,488.913330078125,29866539,66.05405292875182
2019-11-28,492.8304419075492,502.93756438288716,491.3313128971282,502.115478515625,35706498,71.19192954082709
2019-11-29,499.0687958879973,499.5523896824624,493.5558148246059,495.78033447265625,13324549,66.02755730879548
2019-12-02,496.60248500564603,497.1344263791344,490.60591007940843,494.1361389160156,10130049,64.71542911214927
2019-12-03,493.02383199041407,494.4746132517885,488.09116979849694,492.636962890625,12795657,63.47677588372397
2019-12-04,493.2657014597234,513.9151341725576,492.5886582982888,511.8840637207031,30992538,71.11944162473489
2019-12-05,515.0757557531097,519.8633462835124,508.78903621665785,510.7717590332031,32354118,70.2051435224158
2019-12-06,512.6577825767874,515.9945916488599,504.53344204527076,507.5800476074219,24868376,67.52268082728665
2019-12-09,506.8545611178306,511.932295127663,505.06528798448306,509.22418212890625,12980877,68.19679591721331
2019-12-10,508.78898025455476,512.8511796224086,507.4833007228065,511.35205078125,12021443,69.09098866053914
2019-12-11,513.1896926235871,517.6387907921829,509.9012903589139,516.0429077148438,13768156,71.02506991655257
2019-12-12,517.3002806963412,519.4764528655401,512.415994967518,517.7838745117188,12385216,71.73204955775694
2019-12-13,520.2501843523398,524.9893677237712,518.1223600274902,519.4280395507812,17884861,72.41654841084873
2019-12-16,521.7976440373095,523.6353238572746,519.089530907181,521.5558471679688,13070575,73.31704878791317
2019-12-17,523.200166387899,525.1828892461507,521.0723417704672,523.3936157226562,11516163,74.10340811491346
2019-12-18,524.2640124799556,525.0861573370083,518.364191893787,523.6353759765625,12906168,74.21107920717267
2019-12-19,519.5731687668296,523.4419190048068,516.1880123085996,522.4747314453125,12082790,72.64941506749842
2019-12-20,523.2001713629685,531.469613968546,521.5559405505704,528.18115234375,27691592,75.39134313132749
2019-12-23,529.0516780496353,530.8409517024526,519.9600899509747,523.5386962890625,11521942,69.30414637404276
2019-12-24,524.215646206785,526.101673714571,521.6042280446538,523.3451538085938,6715007,69.05382566062842
2019-12-26,523.3451939384097,524.6025850616447,520.0084438985158,521.0723266601562,7831074,66.03733558640513
2019-12-27,523.2484647337017,532.4367464619274,520.6853941123245,531.3728637695312,11247684,72.0057745693005
2019-12-30,531.5662588596717,534.0809819327568,524.7959459460826,526.1016845703125,13180302,65.6478935954168
2019-12-31,525.9565909195592,525.9565909195592,520.3469147970097,521.2174072265625,12491978,60.3320705446054
2020-01-01,522.1845425843054,524.6992064121995,518.1223433733362,519.1378784179688,7642793,58.172263319239065
2020-01-02,518.412472578775,524.1189021399117,518.267370848474,522.8615112304688,10264223,60.873277245255125
2020-01-03,520.346859574846,523.0549726880787,518.6542815000207,521.1689453125,9594690,59.008027531712145
2020-01-06,519.6215359327784,519.6215359327784,506.6128509605454,508.4505310058594,12534334,47.283573035154284
2020-01-07,513.8667102380927,518.0256047082687,504.5333862227175,505.74237060546875,16101835,45.22309527864407
2020-01-08,499.06879350691327,510.0463489759186,498.1016059225975,508.69232177734375,16094310,47.88705928073267
2020-01-09,513.286410552312,529.4384533726594,512.8995119449924,528.37451171875,18934019,61.38183733064674
2020-01-10,527.0206401081672,528.5681169290115,520.8306147598768,522.523193359375,12335407,56.68252464554311
2020-01-13,521.7010434418139,528.1328059123363,520.3469571151516,520.92724609375,7901800,55.43590183625067
2020-01-14,518.6059947734109,521.2657606315963,516.6232720310708,519.9600219726562,13939440,54.65142408417476
2020-01-15,517.542040984465,519.3313733942234,513.2381035580961,518.025634765625,12353176,53.03500812315157
2020-01-16,516.381481618543,522.2813023468906,515.7044384941968,519.5248413085938,11249232,54.16646432876558
2020-01-17,516.9617232529095,520.3468795323953,513.1896683570775,514.5921020507812,18312609,49.9062648208742
2020-01-20,515.5109585983402,526.1500215337655,513.5765835191719,517.3002319335938,19159996,52.13218245413946
2020-01-21,515.4626801847387,522.5231383644784,512.8029140940356,513.625,13477994,48.95307232170069
2020-01-22,514.0601963853084,517.3970053273182,503.66292994854064,505.6940002441406,17527408,42.876644720251505
2020-01-23,504.29164802135034,512.8512348341751,500.0843464603851,510.3849182128906,17061293,47.062162186280474
2020-01-24,511.88396905859855,519.7665705607144,509.7077972487132,516.3330078125,17851868,51.87710912318581
2020-01-27,520.8305054562987,527.1172246493645,514.0601924791509,519.6215209960938,38149166,54.34928659138898
2020-01-28,520.4435593528315,522.8615280527283,507.2414856708578,510.8684387207031,24009224,47.37327139203993
2020-01-29,514.1085744762003,517.2519342832151,508.0636517704025,509.32098388671875,16400827,46.24320705196689
2020-01-30,510.3365519547016,516.4298219231634,506.9513954130622,514.7372436523438,14319317,50.67803102568357
2020-01-31,512.6094028854249,515.2691686551134,505.25880109853574,508.40216064453125,16292578,45.90752526047488
2020-02-03,487.4625700164003,502.11548635903944,485.5281947385575,498.6335754394531,22531888,39.70147391065851
2020-02-04,502.93750439107026,517.1068250027565,499.6974498507579,513.3831176757812,17781475,50.5675999047432
2020-02-05,511.69054386593217,522.6681575991328,508.45048929820246,521.4107666015625,18782476,55.29004370118569
2020-02-06,522.6197509558725,529.0515715539195,518.6543057509859,523.8287353515625,15296851,56.63389889616032
2020-02-07,523.2001223399084,523.9738605813478,517.590446298918,518.8477783203125,8297149,53.09362087877501
2020-02-10,520.9755413372889,524.4573925294891,513.0929400403761,516.4297485351562,12536053,51.413383555064335
2020-02-11,520.0567670384937,526.9237751572385,519.8633177184352,522.0394897460938,11243552,54.97348582259021
2020-02-12,527.8909058887191,532.6301480738938,524.8926483641803,531.2760620117188,14026335,60.150943419283394
2020-02-13,530.9859746626256,530.9859746626256,520.3469114180193,523.2484741210938,9227235,54.306308034603504
2020-02-14,523.4902993462483,530.6475113475179,518.9445057255743,527.8909912109375,14458649,56.91370556589113
2020-02-17,525.1828214877116,527.4556885386323,520.1050870258139,523.8287353515625,7793293,54.00954918251352
2020-02-18,523.2485062345065,526.5369677794586,518.4125680992523,523.4419555664062,15918303,53.72843129930764
2020-02-19,525.66643507738,528.5679977365008,522.7648724182593,526.9237670898438,8704234,55.95112157965836
2020-02-20,527.6008542913405,531.3245030688684,524.0222482394283,529.0516357421875,13588526,57.301036211136804
2020-02-24,521.7976778071624,524.0705449130858,510.23977489817963,512.4642944335938,16940750,45.575782872154065
2020-02-25,514.9791018602145,521.1207201325583,508.0636862031278,513.5283203125,14942960,46.33438828407857
2020-02-26,509.56281063665693,511.98077986058047,505.0654232996303,506.5162048339844,15743918,42.16338293360551
2020-02-27,505.6456532463908,506.1292470346969,495.82873476324346,498.4400939941406,26315054,37.92850468643212
2020-02-28,485.14126206015396,490.21899649959533,476.04970534801737,480.9339904785156,32737933,30.724658257940092
2020-03-02,491.573069142122,503.46946412451314,482.0946430192593,489.4936218261719,28642076,37.023062277967284
2020-03-03,493.1205588236592,502.4539124098375,491.8148497794079,497.8597717285156,19661945,42.52350191613852
2020-03-04,500.51956003540244,500.51956003540244,480.74056271640364,491.6697998046875,21883404,39.75672474486932
2020-03-05,493.0238404590618,494.37789708969245,483.5937620981479,487.94610595703125,16671516,38.1486923685029
2020-03-06,469.0859839576746,480.4987857814958,461.63862766360995,470.3916931152344,31024353,31.649640600265982
2020-03-09,459.41408783408997,459.41408783408997,428.41573855619424,442.7301025390625,42027175,24.551762466742304
2020-03-11,435.23440075934474,456.27073012937973,434.8475316396919,450.3708801269531,31018779,29.2702923652038
2020-03-12,423.6281524285834,431.3173053579198,402.350026050892,411.6833801269531,50757033,21.826944096216153
2020-03-13,387.84219989968506,449.50040499595667,382.2325240268264,432.5262756347656,67104335,31.87777914747346
2020-03-16,410.2809837970479,410.2809837970479,384.4087159970775,389.67987060546875,34833637,24.81468691817507
2020-03-17,393.64531926414116,395.0477529697277,352.05625604950217,355.1996154785156,47232699,20.81733243878837
2020-03-18,356.9889675732343,363.1789626309428,331.0683208395067,343.39996337890625,61202289,19.650722173773687
2020-03-19,325.07175334046195,357.47253744979486,312.4015900690903,327.44134521484375,57985870,18.167814328235437
2020-03-20,317.2375189112755,347.994071438258,312.4015811229939,334.35675048828125,88640642,20.951599830123115
2020-03-23,300.940378034753,303.4067238146819,270.8124939824494,274.6812438964844,56867949,15.919016174949675
2020-03-24,285.6104812587644,294.99221261395974,259.4964165355614,286.7711181640625,67895418,20.105972952616057
2020-03-25,274.68127388790197,323.18572532789085,272.3600295892769,306.5017395019531,66544138,26.53553884359998
2020-03-26,311.434398804173,352.44314603539107,303.9386951062465,319.4136962890625,76173940,30.478499654246193
2020-03-27,344.1253239070689,347.75227727673115,315.30314626930806,328.6986999511719,72889985,33.2527965531242
2020-03-30,319.26865344380957,322.9439547565384,300.8920878477153,303.1166076660156,36559880,29.73232139321388
2020-03-31,314.04579305648804,323.862740278244,305.63124999999997,313.126953125,46279768,32.73335304813864
2020-04-01,308.5328273126788,313.12696815824376,297.99048895978456,300.9403991699219,33141186,30.997707344774796
2020-04-03,299.3445666200395,299.3445666200395,272.26331342016516,277.24432373046875,57326314,27.89990631753767
2020-04-07,298.1839154061408,318.7850283141518,287.10963546233984,315.3998718261719,57661076,38.549129756269274
2020-04-08,312.2564610285794,341.17535866644647,304.76075860571626,308.48443603515625,73931321,37.46893999238239
2020-04-09,321.49315026963217,333.67971985452016,312.06307123026534,331.4552001953125,52431174,43.165803052226096
2020-04-13,329.85931256209983,334.4534535700189,318.44651091733726,319.8005676269531,30994190,41.11893578063527
2020-04-15,331.45519126914274,340.3532991825679,314.3359595137511,316.6088562011719,49132329,40.5518223299582
2020-04-16,314.6260935544684,336.3878131075626,308.87134542682736,330.77813720703125,56494027,44.22924448491124
2020-04-17,350.12188520384575,372.8507921162501,337.59679490733026,363.2272644042969,69006835,51.61146930057383
2020-04-20,363.6625237201749,366.4673617498786,345.285960021549,349.4448547363281,55810736,48.6649848735357
2020-04-21,329.81094146887716,334.8403283358878,317.237503817571,320.961181640625,50118175,43.17864780427011
2020-04-22,315.3031680324407,326.9094196164569,312.44995271154704,324.92669677734375,49115085,44.123113941870855
2020-04-23,329.0855719734942,343.158139365284,326.9093999325233,341.3688659667969,45953398,47.98374328060077
2020-04-24,326.81270351719445,331.9871633872916,320.62270841336397,323.86279296875,38513206,44.46146258977408
2020-04-27,328.16670912924627,341.3204651201001,326.90937717735994,336.4845275878906,38980019,47.456249321419044
2020-04-28,342.1426299223216,350.9440434080206,338.75747315983926,348.04248046875,32933194,50.10925401249932
2020-04-29,341.4172123089181,364.14612021050334,340.11150318579536,358.2946472167969,39341745,52.404868231181894
2020-04-30,369.46566405135206,380.05638010224527,361.87323547061237,367.6763610839844,45734705,54.46945419402165
2020-05-04,347.220323741819,347.220323741819,324.97501052159106,326.9577331542969,38837299,45.287336566338226
2020-05-05,336.58124764269354,336.58124764269354,318.7366265861835,319.9939880371094,45069968,43.92362532129794
2020-05-06,320.62269398529276,334.2116681531423,314.577771398843,330.1978454589844,49952812,46.46735267868628
2020-05-07,325.94223636437454,331.6486375666187,322.75052894237047,325.700439453125,27656346,45.487932103285495
2020-05-08,332.7125016514916,340.93359544229884,322.750482158531,326.6192321777344,42968091,45.7395518982144
2020-05-11,329.8109138830438,332.27723002494884,307.7590522686119,309.6450500488281,83665601,41.89236715687134
2020-05-12,307.85580734057277,313.75565772008855,297.8937866707357,310.6606750488281,69072308,42.205599147214365
2020-05-13,332.228917006448,336.96813000664366,321.3964048492399,326.9577331542969,72816461,47.13051195512208
2020-05-14,319.1718895629042,323.5242335114893,314.96461784269434,316.6571960449219,33999095,44.54668451043011
2020-05-15,318.4948647396511,319.703849239143,308.33939494391933,312.1114501953125,31828868,43.41549322179819
2020-05-18,309.5000065431323,309.98360030335596,283.62774037116736,288.7054748535156,74034133,38.05679660023886
2020-05-19,296.9749271329466,301.278923561746,287.3514286647042,290.4464111328125,61827491,38.66322037241461
2020-05-20,289.18911842887337,298.13560453411446,287.73833689829377,295.62091064453125,42238419,40.52690845916451
2020-05-21,295.95940179530385,302.5362655842659,292.0906514450384,294.4118957519531,43075357,40.21941492305827
2020-05-22,291.1234673841994,297.6036361058851,276.1804071687869,281.49993896484375,80358245,36.991380540208276
2020-05-26,286.3358183414593,288.1251209370645,280.4843463702225,283.09576416015625,46681705,37.657367123202754
2020-05-27,286.38423957610104,311.38604365713445,285.1752551381035,308.38775634765625,80541990,47.185375252351946
2020-05-28,311.6762057711041,318.9301128099971,310.2254243633255,316.1252746582031,66136408,49.71723400302061
2020-05-29,312.3048572351448,323.33078951640846,309.50001921425996,321.05792236328125,60487477,51.319388496686535
2020-06-01,327.87658079705346,336.581268782816,325.16846745241605,328.1183776855469,44024770,53.598444842719466
2020-06-02,325.94217786019743,338.51561498833564,321.58983423891885,336.9681091308594,47558213,56.35648642847661
2020-06-03,346.15640422050154,360.7609415371811,342.19092952288094,345.140869140625,69689299,58.79243737773251
2020-06-04,345.2859790483692,351.0891047466611,334.1633214599764,336.43621826171875,57061575,55.255008040235936
2020-06-05,338.5156684519848,348.1875446934701,335.6141055795392,345.47943115234375,37251097,58.07711549272057
2020-06-08,354.52256466685037,361.48632644089537,341.5622581304743,347.9940490722656,46827341,58.85423566104412
2020-06-09,348.23587741824446,357.2307396489891,333.9215129977482,337.11322021484375,47621969,54.17464610388002
2020-06-10,337.1132093982312,345.1408837884955,333.9698498546497,341.4172058105469,36292403,55.6759311983676
2020-06-11,340.8852777006698,342.5778559821702,328.9405050679796,330.0527648925781,36999490,50.931284052241004
2020-06-12,313.5621950846644,334.79194271409347,313.46547043272267,332.90594482421875,47509067,52.036415236538765
2020-06-15,330.0044096557877,331.0199447946147,314.81955304790966,320.2358093261719,43500660,46.97667525390178
2020-06-16,331.01997831245404,336.4845827159011,315.3515263345637,331.697021484375,57511237,51.564613600985616
2020-06-17,327.48971313977,339.4828329593045,325.0717442440485,330.72979736328125,37107002,51.1622841792609
2020-06-18,328.8437912680886,343.06146110881605,326.1356777347233,340.4500427246094,39285919,54.96517047793383
2020-06-19,339.48283449087063,353.4587065776816,337.7419086845857,351.8628234863281,51367236,59.00182390598838
2020-06-22,354.95780478679706,362.9371014884076,353.16850204743446,355.48974609375,40133602,60.222067795590924
2020-06-23,356.89223161101904,365.88706466627065,352.24974284370666,363.8076171875,32493320,62.945880161968354
2020-06-24,367.53125421633075,367.53125421633075,333.67969132798453,336.677978515625,57955780,50.74152116559584
2020-06-25,334.55015636158794,343.9318870867488,327.39297463615395,339.4828186035156,69902888,51.78240435314135
2020-06-26,343.931922140493,346.7367603235475,334.743639788823,337.64520263671875,34596104,51.021714921239315
2020-06-29,333.9214882615841,334.26000979376823,327.3929725605973,331.842041015625,27384244,48.59397483565583
2020-06-30,335.61409423188707,342.8196535946516,334.9370511113854,339.9180908203125,47526095,52.01584843759402
2020-07-01,342.62618811503546,353.74884489223496,340.0631470217947,352.1046142578125,36922617,56.69973157037863
2020-07-02,353.9906350524131,358.7298480337504,349.4932189529422,350.9440002441406,50964311,56.13770666320004
2020-07-03,352.68492213698295,355.10289092925103,347.99405677673866,349.1546936035156,28779044,55.22879479796665
2020-07-06,355.7799627282729,355.7799627282729,348.6711280016928,349.9768371582031,33334074,55.584629225128026
2020-07-07,351.08909039354813,365.5969040461741,350.21862747763504,363.71087646484375,46030825,61.14083090728171
2020-07-08,365.50018326520336,366.5640955142677,355.48978583538184,356.8438720703125,46315597,57.28232583312743
2020-07-09,361.1962245038288,363.66254110108343,353.31362187496217,358.19793701171875,35144463,57.84722477811961
2020-07-10,352.9267538413985,356.1184906718707,347.22035283180844,348.52606201171875,27864858,52.50614390467661
2020-07-13,352.15299748458744,354.9578355131911,340.9336158539506,341.9975280761719,32379935,49.203709888927705
2020-07-14,339.9664170180611,340.8852569786524,329.4240788373882,334.2116394042969,34031256,45.52613117627826
2020-07-15,338.0320666243409,345.0925243067149,332.47073791735966,334.4534606933594,30442553,45.66197472077849
2020-07-16,336.5329231799516,337.1615891904671,329.81095783403026,333.3411865234375,35535437,45.1048200926855
2020-07-17,334.6469271350963,344.31880364189095,334.11498573371244,342.19097900390625,27511781,50.30089647594863
2020-07-20,346.2531731555613,354.3291958069875,343.5934071606512,351.089111328125,36312529,54.92113833839037
2020-07-21,358.826554934301,367.4345175995619,357.9077150221863,366.37060546875,45559912,61.53471969240005
2020-07-22,374.2048913391625,376.71958510188074,362.9855088321132,368.59521484375,45500191,62.3995471355809
2020-07-23,369.9975722710928,382.66773462817645,366.41899617325214,379.3793029785156,37838027,66.3492925911517
2020-07-24,375.5589362466442,375.9458349026856,359.9388622862316,369.272216796875,52980980,59.989029346503834
2020-07-27,372.36719405468205,373.14093226181393,344.899074474412,346.7367248535156,73275058,48.76449605926415
2020-07-28,349.25147245009487,350.84732619736855,331.9388191143795,340.5467834472656,125939354,46.20703663105591
2020-07-29,341.61060447082764,345.91457072869724,336.77466742858047,339.5311279296875,50194622,45.78275762992832
2020-07-30,341.80409577589,342.9647327154155,329.23065683466547,333.6313781738281,40820253,43.29583982815429
2020-07-31,335.08213175659023,341.4171982750352,330.826483009307,335.4206237792969,37345191,44.28429765434464
2020-08-03,335.42062552679175,337.88697145221033,329.32735585923274,331.98712158203125,32119883,42.744459401111826
2020-08-04,335.6140685339599,341.6106429482595,332.90595529175914,339.4828186035156,30811518,47.071346529017866
2020-08-05,341.80410109370257,348.18754532796,339.2410597882832,340.64349365234375,37057881,47.73005522350933
2020-08-06,341.8524637482152,351.81448406791026,337.1615980573985,346.9785461425781,48021824,51.293069513235885
2020-08-07,347.6556154713615,347.84903529322474,341.56231551628315,346.204833984375,28510964,50.837282717661694
2020-08-10,347.70396500203225,352.9751495741998,345.6245174289091,351.6210632324219,22856010,53.92388853440391
2020-08-11,357.859366595153,362.01826094098726,352.10458929882424,355.29632568359375,45446107,55.94511673558826
2020-08-12,353.7488624018702,356.6504251830202,351.8144872144369,354.8127746582031,25706005,55.599536153617144
2020-08-13,356.84388113536465,360.1323131118277,354.2324627773426,355.973388671875,26257336,56.297327102423054
2020-08-14,359.6003092782959,359.6003092782959,342.5778324848922,349.54156494140625,28893259,51.469834637328994
2020-08-17,353.99062664735186,354.32914817717125,342.7228981231597,348.3809509277344,24232497,50.62621315190495
2020-08-18,350.02512485039983,357.8593489329872,349.7349804280224,357.4241027832031,26517363,56.59578836354881
2020-08-19,361.7281449078393,363.5174477845582,358.24626381296866,362.16339111328125,35790233,59.36839918829105
2020-08-20,354.95783686427177,357.5208780119546,350.70221747541046,355.6832275390625,68444775,54.26419620359668
2020-08-21,357.85938940339884,360.76095202018314,355.0061743570724,358.9716491699219,34109928,56.316656122522446
2020-08-24,362.5502801763129,368.69192738043523,361.5830925698755,367.86981201171875,32907235,61.36857772918133
2020-08-25,369.94923465927934,377.0096919064189,368.8853224602829,373.67291259765625,53072303,64.2706626795806
2020-08-26,375.46223358490164,378.7990130548061,371.59348323169803,376.5744934082031,37163882,65.65975794461441
2020-08-27,377.15482152293737,384.4087286209586,374.88192472897936,379.33099365234375,36910405,66.9734056458276
2020-08-28,380.97519298242054,398.3845699307373,380.0080053741807,396.25677490234375,83472297,73.64113098595533
2020-08-31,401.23777000577206,408.15315523988585,374.78518401766775,381.6522216796875,72744175,62.008242447139715
2020-09-01,381.74893201740673,386.5364926077603,372.65734557194276,378.1219787597656,34872793,59.5590881018207
2020-09-02,374.54334351648833,381.07185886506494,368.5951465465845,379.52435302734375,31295799,60.23106557548654
2020-09-03,379.52439412635226,379.66946635767573,368.5468093741376,370.1910400390625,26135555,53.82126846594527
2020-09-04,362.6953661609811,367.4829568007958,356.26357423763795,360.32574462890625,33118984,48.00589924434554
2020-09-07,361.82487024345374,364.4846360198119,356.8922078095089,361.1478271484375,22323904,48.50521653274498
2020-09-08,360.18066910299757,368.7886331448536,357.03730929158434,363.3724060058594,32052920,49.90711214512824
2020-09-09,358.63312940280946,360.18063537599676,350.02516616699563,355.53814697265625,25285238,45.23647624733915
2020-09-10,359.50362554204924,362.6953326629949,353.4587033309993,358.53643798828125,24852274,47.27037258803777
2020-09-11,360.76092521060013,361.3895911609404,353.1201501241288,358.34295654296875,22678353,47.148681938497546
2020-09-14,361.2445391829076,361.58306071858556,347.5588416606146,351.76611328125,27140598,43.08809913183555
2020-09-15,352.1046438224863,360.03559417081794,351.76615176599665,359.3585510253906,24967618,48.592313111473416
2020-09-16,359.16512797762556,364.33958763904434,353.0234806978564,362.40521240234375,22068622,50.654679501936904
2020-09-17,357.85943008050685,359.55200846602276,355.3447362902097,356.8922424316406,24084936,46.98174623685917
2020-09-18,357.8593489329872,362.35676457714465,352.5881656354601,357.4241027832031,78166508,47.378166743824835
2020-09-21,354.6193437155856,355.3447344484756,337.0648938828922,339.1927185058594,28932482,37.12970093627077
2020-09-22,342.38443210824715,344.46387967684603,338.03208763229486,342.77130126953125,28593292,39.878763432203186
2020-09-23,344.899103247335,345.38269704619097,331.21340464295514,340.3049621582031,22740143,38.62522817819528
2020-09-24,333.63136041248913,335.5657355312367,322.7988479410135,324.68487548828125,25840472,31.80620643519572
2020-09-25,327.9249834734163,338.99929463385166,325.5553912777231,337.2099914550781,23231600,40.82723179432293
2020-09-28,339.96645353122847,352.00795138740176,337.6452091116427,351.089111328125,18495592,48.894773594608274
2020-09-29,351.81448878161655,351.81448878161655,342.62620660037845,345.3343200683594,17080848,46.08890054585871
2020-09-30,345.23762677969063,345.76956815497823,337.8869950918926,343.10980224609375,19565058,45.01357471307571
2020-10-01,346.4949767505988,359.0200686657287,346.4949767505988,357.085693359375,23237122,52.510297951107745
2020-10-05,358.5847694630534,370.09429493299973,358.5847694630534,360.857666015625,26530105,54.32043581853621
2020-10-06,364.72641598010654,369.27217956807056,362.79204095981027,368.111572265625,18093629,57.66257645054892
2020-10-07,366.85424546551116,371.73856056312695,361.82488764712906,370.0943298339844,21845743,58.55517351777849
2020-10-08,372.367248141381,376.91304193816836,370.0943512429874,374.78521728515625,21085500,60.6679229399108
2020-10-09,377.8801918138343,390.26018078567677,374.204861373034,388.3258056640625,41641237,66.04823246532979
2020-10-12,390.21182534600655,396.546891935066,387.5520596074177,390.7921142578125,25742564,66.93542501821389
2020-10-13,387.84218749999997,387.84218749999997,380.58828124999997,383.248046875,19922778,61.630333921522464
2020-10-14,381.410436373652,395.821525725914,376.2359768048395,393.451904296875,23368177,65.60151460312639
2020-10-15,393.5486259570445,396.4501887380248,376.381046169578,378.17034912109375,34234586,56.21745673196171
2020-10-16,381.07192741115637,388.1323853257364,377.68677069557504,383.10302734375,25339096,58.291424868012676
2020-10-19,388.8577498246702,405.0097940133014,387.9872869169009,403.4139404296875,41072871,65.53166189225131
2020-10-20,399.93205945142114,403.2204912800626,397.5140905309168,400.9959716796875,26158669,64.104986524482
2020-10-21,402.35001651855634,414.4398607649072,396.83703573573183,406.5089111328125,43124966,65.92640270338532
2020-10-22,402.7369021331522,405.8802617660011,394.27401081394356,399.35174560546875,33088074,61.55913231460772
2020-10-23,403.31717691294597,406.7023330740858,398.2394426712362,403.2688293457031,22151463,63.003628219954855
2020-10-26,404.33274317052866,405.3966553779823,388.2774534654376,391.17901611328125,21712057,56.0081733233393
2020-10-27,393.0166541851704,398.8681268676834,380.3464917850806,396.49853515625,33571163,58.20700197154326
2020-10-28,396.4501486688141,396.4501486688141,381.84561157738256,383.0545959472656,28145103,51.23687230522499
2020-10-29,379.3793409805598,389.67988314982745,376.8646472849647,386.7783203125,32615425,52.91858126328768
2020-10-30,386.2947289906515,389.48646584197274,375.3171436155847,379.7178649902344,27225165,49.4371893079736
2020-11-02,403.31719521643464,408.9268710172733,393.6453200313883,403.75244140625,72698777,59.26215836706282
2020-11-03,411.0547028869553,432.23610402659176,410.28096466448005,429.28619384765625,61813071,66.67148584966927
2020-11-04,422.9510864283452,427.4968795330353,411.3448363052764,422.70928955078125,43426662,63.46937361880669
2020-11-05,430.3984746639378,431.6074591433309,421.30691728214634,424.11175537109375,30129938,63.86788909972713
2020-11-06,425.41744435635866,430.30172961520657,421.887215747033,428.2706298828125,27831424,65.0842911815828
2020-11-09,435.23440625669036,449.3553506740408,434.26721868723104,447.5177001953125,40995422,70.10095142231857
2020-11-10,469.859661187118,471.0686455247919,457.47967337582435,467.9736633300781,57535138,74.3234580710776
2020-11-11,468.8441876572372,474.4538639134854,456.609270458132,470.5851135253906,45609279,74.81249827633401
2020-11-12,465.79753220616954,467.68353022793707,455.8838597713585,461.0583190917969,31071572,69.6042294563486
2020-11-13,457.18955336212247,471.1170477728219,452.2085140118674,469.6178894042969,34815091,71.52250450900863
2020-11-14,473.77682959493876,473.77682959493876,468.74744250377756,470.9236145019531,3636073,71.81472087326846
2020-11-17,474.4055079398093,476.8234768895535,462.46073542482856,470.4400329589844,36127378,71.52200580804187
2020-11-18,471.9875081828381,482.62657086728734,470.2949300284939,481.32086181640625,29156543,74.08184469465749
2020-11-19,473.921875,477.161959028244,460.187800693512,463.041015625,31896908,63.719237288883065
2020-11-20,463.76643834197404,467.5868410378285,452.7405059822393,464.4434814453125,30089190,64.13375925378273
2020-11-23,465.990969654465,467.49012813062564,451.1930113149338,452.8855895996094,29513544,58.229255527198845
2020-11-24,458.44689475673306,464.25002000681826,455.73878144651513,462.50909423828125,23135994,61.41461776908033
2020-11-25,469.0859704750994,473.8735607431382,455.64206918328426,457.1895751953125,34168305,58.74774906708619
2020-11-26,459.5108343402605,461.54193420207747,450.51597195684894,459.7042541503906,28707911,59.63997767047724
2020-11-27,460.76817826961155,463.8148133826231,455.8355154829042,457.8182678222656,48390771,58.61601191190944
2020-12-01,463.9598714470202,472.47110993204035,458.737035155163,469.18267822265625,20120049,62.7645718228524
2020-12-02,470.3916419909318,471.0203079566238,456.7059449011856,464.68524169921875,21244707,60.192913834688696
2020-12-03,466.28110351762894,469.0859413876305,463.1377441165778,466.039306640625,22701738,60.7148129962067
2020-12-04,467.82863927708763,487.4625351357903,467.15159617179904,485.5765075683594,39547014,67.3635182180359
2020-12-07,488.429713257333,498.6818776850047,487.60759793573476,493.7008972167969,37778332,69.6628228083445
2020-12-08,494.7164269269969,495.200020697209,488.8165770271648,491.7181396484375,19339943,68.39636780134867
2020-12-09,493.265649342467,498.1015870811186,489.4452467224436,494.7164306640625,21272782,69.30511596087685
2020-12-10,491.42799463025165,497.52129383768204,482.3847852343927,490.31573486328125,20419020,66.29210571477978
2020-12-11,492.5402600971471,499.9392684715248,489.49362521628535,498.5368347167969,25335765,69.00320465708023
2020-12-14,501.099914765655,510.48164709380666,501.099914765655,508.5472717285156,26369591,71.96048218288372
2020-12-15,506.8062607073669,507.0480575874754,496.2638931216608,501.0514831542969,26969145,66.81970461813631
2020-12-16,502.98588637801146,504.581769489123,494.32957529483787,495.6352844238281,24263586,63.30081229921361
2020-12-17,497.13440798976995,499.552376900226,492.39519482852046,493.65252685546875,23883288,62.01331571027284
2020-12-18,497.13439642175734,501.24494347388276,492.4435309413817,500.1810607910156,21735833,64.56869123968723
2020-12-21,497.71470834826346,497.8114625263707,472.1809914867809,478.2742614746094,29157759,51.941990676967684
2020-12-22,480.98234853273675,485.3346924328504,473.05142846892903,483.8839111328125,32328041,54.401024356045184
2020-12-23,482.62658447039485,488.9133035065824,480.25696318103564,487.0756530761719,19205951,55.78721600237596
2020-12-24,490.12232425220196,499.0204621230629,488.526470589554,496.6991882324219,17576807,59.75935696702754
2020-12-28,498.9721303516321,504.09821307066045,496.74755153912713,503.0342712402344,14470472,62.16886572236008
2020-12-29,505.40386899881935,513.3831667055341,500.8580754685047,511.44879150390625,19092649,65.15345804631875
2020-12-30,514.2052886729333,515.5109682628731,507.33822159368026,511.4004211425781,21365141,65.12165302249446
2020-12-31,512.7061229542174,520.8305224041408,509.2242712085053,517.4937133789062,27817770,67.28797517445224
2021-01-01,517.9772848018079,519.3797185671838,508.8373505736061,510.1914367675781,13592625,62.29444771298895
2021-01-04,514.8339510602137,517.4453694038815,507.0964502093146,514.253662109375,16549750,63.89944490564848
2021-01-05,509.3693563865334,522.2329392366254,505.8390981497572,519.6215209960938,23311516,65.9613248817212
2021-01-06,521.0722612079111,532.5334093727797,518.2673938687116,528.7614135742188,28178838,69.1882611886827
2021-01-07,534.0326233419001,536.2087953049357,522.0394742437494,523.3451538085938,21138034,65.24112369103989
2021-01-08,529.0515670232015,529.1482621610521,518.7509964471592,524.2639770507812,21937965,65.59965722324117
2021-01-11,527.2623336204688,528.084419451692,517.4453560561452,526.8270874023438,19394393,66.6335928774975
2021-01-12,523.248485704408,532.5818695522247,519.4764304939304,530.018798828125,16388310,67.92635911437117
2021-01-13,533.4038699579368,542.5921505827788,530.2605107968066,538.2398071289062,21920297,71.0388786224863
2021-01-14,535.8701659389674,540.1258141022162,532.5333576101057,535.144775390625,13330898,68.3496673167873
2021-01-15,531.9531744575852,532.9203620475081,523.7320799432407,525.182861328125,15708956,60.42134032785825
2021-01-18,526.6336219953223,530.4056770606078,511.5455197990673,515.6560668945312,21580313,53.97349811064319
2021-01-19,521.3141544036956,529.7770465206387,516.3815208970861,528.5197143554688,20575358,60.15630487341595
2021-01-20,528.5196575001761,536.4022007473827,528.0844112887789,532.9203491210938,16097138,62.03516768240441
2021-01-21,536.7890947725659,542.5922201214586,531.6630125208662,534.5645751953125,18189277,62.742111002157834
2021-01-22,534.9513746329667,535.3382732401539,513.1896562085702,516.28466796875,24515997,51.30406097548206
2021-01-25,518.9445431722849,524.5058723888126,513.7701126446702,520.3953247070312,23415249,53.363008600499136
2021-01-27,520.153478911516,521.5075651630316,502.0670590045681,505.2104187011719,28049286,45.67950161838816
2021-01-28,497.7146757786245,512.4642855060281,495.2000118315192,510.91680908203125,29836591,48.67052663841926
2021-01-29,515.8495022563794,527.0689142579889,512.0775058939221,519.3797607421875,33172808,52.81970423090344
2021-02-01,533.8875487368967,589.4524874907313,532.9203611486053,583.9878540039062,69354326,71.65627621990974
2021-02-02,592.8859585223905,603.5250213996276,579.0551885884709,597.0932006835938,42362384,73.92995575104246
2021-02-03,602.944793458404,606.9102391369971,593.8532061037708,601.92919921875,27155908,74.73534898847899
2021-02-04,598.4957378325977,610.9241352153243,589.017310165166,607.6840209960938,29982222,75.69750921165232
2021-02-05,607.6839602021124,614.4542734347405,590.9516264479638,593.998291015625,32015570,68.9705533576575
2021-02-08,601.9291138068694,613.1485241665923,601.9291138068694,608.9412231445312,18230551,71.90617696011986
2021-02-09,610.6338621221892,622.0950704979593,607.9740962462539,612.5682373046875,27155615,72.58417093473368
2021-02-10,612.5681705304688,617.2590652561544,605.8462647299784,611.4075927734375,23967387,71.98549110656964
2021-02-11,606.1847931105234,612.8100041729464,603.621722506333,609.9568481445312,16072702,71.19503305773671
2021-02-12,609.2314742026796,628.5752256105127,608.7478804174838,626.3506469726562,19049709,74.59052607141773
2021-02-15,633.5079030541306,654.5925817615034,630.6063401393787,651.8361206054688,27155194,78.77854316530056
2021-02-16,651.3040827963591,657.1072077668081,628.2366256193608,636.7478637695312,24966739,71.28726743834052
2021-02-17,633.3143842829531,643.1313613478358,628.0432004259342,635.7807006835938,21684753,70.82236312213996
2021-02-18,628.6719275027538,630.9932013095881,616.6787778881848,623.4974975585938,27845347,65.02257191856525
2021-02-19,614.6476732455143,614.6476732455143,598.689079054246,603.5733642578125,24055811,56.88504333941969
2021-02-22,601.5906465933704,608.651103790309,587.3729780265563,589.8392944335938,27092321,52.049457611569956
2021-02-23,594.5785688013192,602.6062139627861,589.065587751776,596.0776977539062,23534585,53.96375652746915
2021-02-24,594.9170279499745,623.8359588003635,594.9170279499745,620.0639038085938,17762047,60.494293039299656
2021-02-25,621.6114680275654,627.1244490272395,605.749568139458,607.393798828125,38571809,55.97715711967818
2021-02-26,594.820400415131,594.820400415131,571.511201832981,578.1364135742188,57349273,47.21061385168749
2021-03-01,587.6148115351774,591.7737063871841,580.506006324913,588.3885498046875,21527318,50.15633128156718
2021-03-02,589.9843628029663,596.2710814229979,579.3453005229128,590.4679565429688,24051433,50.75654067602555
2021-03-03,597.7219315035081,612.9551360685247,593.7080793860969,611.3592529296875,21036174,56.432809664977285
2021-03-04,598.4472777927014,610.1986297696074,595.5940628032014,600.3816528320312,25057198,52.97715941698921
2021-03-05,593.0793454502124,594.5301265990473,581.7632406828126,589.452392578125,26645968,49.71324851183846
2021-03-08,591.5318927303614,595.7875416407732,581.4248298749109,588.098388671875,19632433,49.30794500356019
2021-03-09,594.6752556001715,607.7322878346637,592.2089390957008,604.5889282226562,23056249,54.204907643800894
2021-03-10,608.1191741716692,609.8117523900396,601.3972088693664,605.072509765625,15838994,54.34419203834347
2021-03-12,610.730567918101,617.0656343324237,588.3885009107382,592.7408447265625,21757862,50.15496284914706
2021-03-15,591.8220919937933,592.7408729504853,571.220949725329,583.6976928710938,24347946,47.27682197646152
2021-03-16,586.9377808972519,587.0828826525666,574.1709515976513,575.4282836914062,17925629,44.748039418147656
2021-03-17,577.9429530608669,583.8428329882277,567.7391354315761,570.1571044921875,20214082,43.16316633119153
2021-03-18,575.2347246487313,581.6665446785432,556.6163665999915,559.6146240234375,22776537,40.10383777032373
2021-03-19,556.3263248295902,569.5768068871514,551.296937453351,567.400634765625,29162618,43.300166829867926
2021-03-22,567.5940686055028,567.5940686055028,550.8133859051312,554.6337890625,21755401,39.57122760886491
2021-03-23,557.1000991092656,569.9153357641228,555.4558682602654,567.1588745117188,29486417,44.610894778652565
2021-03-24,560.968812379543,561.5007537572067,546.4609982662789,548.8789672851562,24434219,39.440976100763464
2021-03-25,549.4592117255838,560.0015794068414,538.8201489043831,552.7960205078125,27170186,41.018333068572076
2021-03-26,565.3211229435119,565.3211229435119,555.4557981275727,559.5663452148438,20724410,43.7456879334627
2021-03-30,562.9031566253199,573.6389148655057,562.9031566253199,572.0430908203125,28011943,48.47421350223328
2021-03-31,566.7719331798698,570.3021915302315,560.0016199848885,562.9998779296875,20119972,45.48959961016858
2021-04-01,568.2709708245754,576.5404116629619,561.1621667252903,574.896240234375,15631940,49.86293146053818
2021-04-05,572.5749999999999,572.5749999999999,545.01015625,552.505859375,23260127,42.88854019860737
2021-04-06,555.8427209368261,559.5180219799895,545.8807005455731,547.3314819335938,23284697,41.445792931192805
2021-04-07,547.9601054160856,560.968790025758,541.0447497171314,558.6959228515625,23984399,45.7613100251846
2021-04-08,562.9031204765378,566.6267687086387,554.4885774876686,557.7770385742188,19262565,45.4695052500408
2021-04-09,555.1173471325743,560.001632814362,546.4610061141875,547.6216430664062,23239564,42.26201839460625
2021-04-12,533.3072406987869,533.8391820468089,513.721692737257,520.8788452148438,26601702,35.2168706966462
2021-04-13,523.2484697116017,545.3003342626445,520.2018052860706,542.205322265625,25445897,43.33002686826228
2021-04-15,547.3798090534764,557.8254228504287,535.9670077006499,556.3262939453125,37614884,47.97585373454452
2021-04-16,555.7459959464757,558.7926606343113,545.5905256969555,548.3470458984375,24045008,45.696183586328885
2021-04-19,531.9531609832096,543.8495562314362,516.8650585755726,541.3832397460938,28526176,43.74263751826043
2021-04-20,546.6543958688338,553.8599546697744,534.4677977473423,540.7545166015625,24425842,43.561568273173656
2021-04-22,533.8876120659504,561.549156759285,528.9549783935395,560.1951293945312,34942633,50.398617299262234
2021-04-23,551.2002486168636,561.45241378269,548.4437284785654,551.2485961914062,33749097,47.54417924610369
2021-04-26,582.2469587226377,585.6321154593971,568.7063317755996,571.70458984375,62584522,53.96435242590728
2021-04-27,573.7840448494992,582.198588792846,571.7045678923548,579.1035766601562,24239685,56.059222764307854
2021-04-28,578.3781101310603,602.3643477079343,578.3781101310603,600.9619140625,33292864,61.61622007658813
2021-04-29,602.122659657412,607.8290904049785,589.0172788073507,601.0587768554688,34537860,61.63937176712049
2021-04-30,590.0811197457465,596.1260421289493,578.4748687699971,580.796142578125,23653258,54.265697340096345
2021-05-03,573.1070504085596,579.2003210119163,568.2227644103314,577.1692504882812,18010557,53.04256435523915
2021-05-04,577.072462321163,588.050017153402,569.6734541173581,572.1397705078125,15115127,51.31526350754943
2021-05-05,575.7667234251652,584.9550049381851,565.5145592446672,583.0206298828125,17253943,54.74848185801304
2021-05-06,583.0206329483368,590.8064807806612,579.5871290134854,588.2434692382812,16949763,56.3400314437742
2021-05-07,591.9187467313366,594.6268599098939,583.8911023321544,587.1795043945312,10941083,55.908640281651195
2021-05-10,590.9516354734636,596.7547611900607,590.9516354734636,593.1278076171875,12060808,57.851693914578384
2021-05-11,586.5025446647772,592.7892636404315,583.4558803174449,589.8392944335938,13818480,56.37261731284208
2021-05-12,583.4075489478822,586.744357841801,573.7356733321429,575.2348022460938,14785569,50.23055622942483
2021-05-14,572.5750286399276,582.1985565527799,571.70453623341,577.7011108398438,12675754,51.197570785146866
2021-05-17,583.4558798556767,604.0086149521262,581.4731572175665,603.1381225585938,20453101,59.86018457689494
2021-05-18,607.3938303020267,614.6477375110477,605.4594550462878,612.4232177734375,19242627,62.47833485377586
2021-05-19,606.5233143390998,613.1969323259727,602.8963608750266,604.927490234375,13911576,59.1255440012209
2021-05-20,607.4421190635082,612.1330140239647,596.4162165928088,598.3021850585938,13900762,56.25216422050089
2021-05-21,601.8808360468204,622.8204713519477,601.8808360468204,621.3696899414062,23975898,62.9951986339387
2021-05-24,622.1433804124802,632.0087050525594,617.0656458657791,626.1088256835938,20323003,64.21552681715386
2021-05-25,628.7685868211913,630.6062667329297,621.4179852391217,628.9620361328125,14884778,64.96463501716856
2021-05-26,628.0431795120239,635.1036954879761,622.1917069435119,631.08984375,14487031,65.54392886366144
2021-05-27,629.7357941935487,634.9586306097134,626.8342315251112,630.8480834960938,23349546,65.41159097281653
2021-05-28,636.4578270895487,638.3438548307658,618.2747109099502,621.9500122070312,14191446,60.56466156983836
2021-05-31,622.6269768391497,643.1797119969469,622.6269768391497,641.0035400390625,21786138,66.31974420818418
2021-06-01,642.7444879173929,643.083038986402,627.0760374749445,628.7686157226562,14123196,60.24030238384858
2021-06-02,627.2211515560365,628.0432373938256,620.0639397834365,627.0760498046875,16025108,59.42869489620636
2021-06-03,632.0087695512198,632.2022188839913,623.594225351465,628.9137573242188,11805702,60.057918605270466
2021-06-04,631.5734701538852,633.4111501118738,618.4197430867815,621.6114501953125,15111572,56.32010256729884
2021-06-07,624.0294673987062,628.6719561917866,623.1106273485517,626.9310302734375,7556341,58.35352599612483
2021-06-08,626.737577151418,626.737577151418,616.4854120023522,621.3213500976562,11912935,55.423409508359406
2021-06-09,623.2557318923634,624.4163098214876,608.1675694568202,615.22802734375,15823094,52.348563865606785
2021-06-10,614.59943302568,621.3213993171391,610.2954359734182,619.3870239257812,10712418,54.215657614646304
2021-06-11,622.8687701920318,623.4007115277881,610.7789260501056,614.8411254882812,9015059,51.82537931408886
2021-06-14,614.8411454545931,615.2279850602316,602.8963436350101,614.3092041015625,10170497,51.539045579565006
2021-06-15,615.4698186584785,624.9966521393501,615.1313266043011,624.1261596679688,11039987,56.33402996366559
2021-06-16,623.7393497833037,627.8982449430603,616.67883259139,619.0968017578125,8601339,53.41792820344667
2021-06-17,612.2780839004929,616.6304279976123,606.1364663986469,612.229736328125,9720060,49.63956949204842
2021-06-18,611.842853388987,615.7116037968401,600.3333563450919,609.715087890625,13820690,48.29251023124009
2021-06-21,602.4128312079505,612.3265050650823,596.0294160446318,610.5372314453125,13407446,48.78188028466723
2021-06-22,614.1641206728506,622.9655041435304,608.8929364920826,610.1502685546875,15270093,48.54897980200692
2021-06-23,612.9551231132912,614.1641075770254,602.9931029386095,604.2020874023438,10950633,44.99302223418287
2021-06-24,606.4266393602403,615.421472443783,603.9603227291403,613.2453002929688,12815724,50.883216663838205
2021-06-25,615.2279690658137,628.6718994516805,615.2279690658137,627.7047119140625,14785922,58.52969742323712
2021-06-28,629.6390792072657,631.5734542585936,624.948243320772,628.9620361328125,12093491,59.125585331520035
2021-06-29,625.09337709703,627.4629986866141,615.5666021943059,619.0968017578125,12225470,52.72409212693973
2021-06-30,617.3558221248772,619.7737910812119,609.1347276733394,610.1986694335938,14276494,47.70687453414534
2021-07-01,613.1485855081484,616.4853945056948,609.376530287888,610.1502685546875,10517081,47.68029595012114
2021-07-02,611.5043209840059,620.3057039680308,611.5043209840059,619.2418212890625,10999396,52.979466803615374
2021-07-05,621.6598350736464,627.2211638199294,620.1607060876594,626.5924682617188,7358568,56.790107618460546
2021-07-06,624.0294033649028,633.5078293099217,624.0294033649028,628.9620361328125,9209891,57.97252825439926
2021-07-07,629.5423309154671,633.2659789619096,624.706393695445,632.5405883789062,7741559,59.763275643801485
2021-07-08,629.1555586299752,632.5407153635723,617.1624083036803,620.8377685546875,10782941,51.96529272135123
2021-07-09,618.5164351893227,620.1123182519674,613.0034543748918,617.5975952148438,7069698,50.019271130287045
2021-07-12,624.803186011545,628.9137332879367,621.321334284521,625.0449829101562,6992783,54.25919878178072
2021-07-13,633.652921848891,644.4853747530493,631.573445085938,643.13134765625,19825411,62.56475224343769
2021-07-14,640.2781582605325,646.0812835619874,636.6028573760996,642.551025390625,11648541,62.17464790777485
2021-07-15,643.2763903345876,647.6287341366685,639.4076402882935,645.54931640625,8244429,63.442918148758515
2021-07-16,645.5493872475801,645.8395317264038,636.1193079748996,638.6339721679688,9212875,58.56544409920659
2021-07-19,624.4646842448664,635.3455445129817,624.3679300674605,634.3783569335938,9121737,55.72618912204451
2021-07-20,627.366285112339,629.8809493586032,618.1295959418509,620.8377685546875,13169127,47.78768284968101
2021-07-22,631.0898878626158,638.6339390834501,627.0276882721836,634.4266967773438,13123569,54.75384360095271
2021-07-23,634.4267147427613,655.608087653661,629.3973274423037,654.447509765625,19298083,62.658657351418
2021-07-26,657.6875490626154,665.1832527467849,641.8256492663627,654.544189453125,31054759,62.69255298003971
2021-07-27,657.8326707719405,663.1037959741483,651.2074002822104,655.2212524414062,12598869,62.9462204606565
2021-07-28,655.6564826169622,664.4578659621436,648.0640247116105,662.5718383789062,18367497,65.67493556526648
2021-07-29,671.7384639115767,671.7384639115767,662.6202574702285,666.8883666992188,11043138,67.20237969595334
2021-07-30,666.40341796875,667.0339543461799,657.6732421875,662.038330078125,14536250,63.76872353855471
2021-08-02,663.5418296380883,667.4219076527314,657.3822294719592,660.9713134765625,9348206,63.00600389955595
2021-08-03,662.5233091697539,671.1565062802903,656.3637091136156,669.7014770507812,10162609,66.53303597987164
2021-08-04,673.1935601400174,695.8920410372308,672.417556349791,693.2244873046875,28730606,73.78536081543136
2021-08-05,694.0490023365312,695.0190219065333,678.0921685689368,681.3902587890625,17774554,66.0326849879018
2021-08-06,683.9121779854896,684.8337082725227,674.842520120369,676.7340698242188,14701949,63.218200382641086
2021-08-09,676.4916392046472,685.1247774384981,673.5330322944652,681.7781982421875,8602980,64.96055809443713
2021-08-10,682.9907339113992,687.0648278173533,676.3946128854847,679.88671875,10843554,63.74121789848504
2021-08-11,685.0763408087723,685.9493821287363,669.3135223476855,672.757080078125,9748084,59.22832370425187
2021-08-12,672.7085514403636,681.8752479405593,672.5145356911748,680.3231811523438,8840339,62.28037261861302
2021-08-13,685.8523438969164,688.6169352702516,679.9837371788716,683.6697998046875,12787590,63.57905487152067
2021-08-16,681.3417846529414,686.1918826097383,677.7042111853438,681.5842895507812,7920846,62.1431697379838
2021-08-17,678.8196832947818,681.8267794851803,670.7685327042499,680.177734375,8669653,61.14025956502246
2021-08-18,679.8381619358785,679.8381619358785,663.1053250921738,667.6644287109375,11069373,52.95266350432053
2021-08-20,663.3478233200453,663.8813814188723,655.1026574217951,660.2922973632812,13121808,48.80591863269497
2021-08-23,669.2649409175282,669.2649409175282,653.647592026529,662.2322998046875,10917371,49.91739519798684
2021-08-24,662.7658354785066,676.346108726511,660.001303535137,673.6300659179688,9821388,55.9661914206809
2021-08-25,678.9651675317158,679.4501772864774,666.5489296508792,670.3319702148438,9535359,53.936216285626294
2021-08-26,671.302038247598,680.5172242541614,669.3135099503988,677.8496704101562,10756731,57.70228550515508
2021-08-27,675.2306448811504,679.4502658205784,668.3920182889808,678.771240234375,9135827,58.15394499357082
2021-08-30,683.3787532578738,693.563958239006,679.8867066607456,692.2544555664062,10797869,64.18043513633793
2021-08-31,692.593966767437,698.3171058612189,688.0833521252788,697.4925537109375,19760246,66.21600396051542
2021-09-01,705.7862422805786,712.7703952911427,695.6980738922512,698.317138671875,13729351,66.53837717251193
2021-09-02,700.6451376506692,706.2227502902614,695.989055462156,703.4097290039062,8627956,68.53529246604771
2021-09-03,703.02166467893,709.8602906246755,699.4810696603816,702.5851440429688,8993813,67.8294427497911
2021-09-06,703.6522464146018,706.1742737100183,698.414116856062,699.5296630859375,5329995,65.15179635930875
2021-09-07,699.2871216814693,700.7906401523801,690.3144407874563,695.4070434570312,6242711,61.61738875544126
2021-09-08,695.0189726673069,701.0815945503086,693.5639434153866,699.3355712890625,7118011,63.64151355152437
2021-09-09,699.1901151493518,702.1972114295646,696.0860405913536,698.6566162109375,6243422,63.02293157946855
2021-09-13,696.377038476369,696.377038476369,684.057778706787,686.1918334960938,6967906,52.86405690456596
2021-09-14,691.8663965731278,692.5939111857178,685.3187650598175,686.2402954101562,5241865,52.89584809018634
2021-09-15,685.9008296395488,694.5340276881828,685.1248258072136,692.9334716796875,5936741,57.1903480564837
2021-09-16,698.4140411072442,707.5322481038166,691.4783779891319,705.398193359375,13557169,63.807962421026104
2021-09-17,710.9273190031025,712.3823482608204,692.5939266737396,698.5595703125,17075003,58.467881030665986
2021-09-20,688.7138671875,698.8020939946174,685.318798828125,688.7138671875,7943459,51.75254888134264
2021-09-21,689.82939552629,693.0789371899905,673.5815687972035,690.5083618164062,10009615,52.81625740517589
2021-09-22,693.5639963636635,693.5639963636635,681.1962467781576,682.2632446289062,9740470,47.62122586458414
2021-09-23,689.6838504041089,698.41402572568,685.9492990875531,695.5039672851562,10412491,55.235879607960364
2021-09-24,700.9360924051521,702.8761314754186,695.0674860586548,701.275634765625,11780868,58.09563193662756
2021-09-27,702.779150390625,709.8117919921875,700.6450955808162,708.1142578125,7712240,61.25409782853573
2021-09-28,712.0912574782392,713.352330132633,685.4157224940276,695.6494750976562,13491800,53.35951003344972
2021-09-29,686.1433160876496,690.6054416128642,680.2747095564644,688.2288818359375,11453404,49.28697287931671
2021-09-30,688.3258670863279,692.4969986251765,677.8496675120839,679.8381958007812,18487517,45.09582411299793
2021-10-01,672.2234928807449,674.0180052185848,667.2764172646043,671.5929565429688,10935810,41.372717647689534
2021-10-04,676.1520566030433,682.2631673947919,673.2419982064688,679.2076416015625,8976533,45.821389356039205
2021-10-05,672.2235053040437,678.043622233083,671.1079592105281,676.2005615234375,7497208,44.38892778219868
2021-10-06,675.7156064520935,683.8637944941421,667.712945027162,668.8284912109375,13200810,41.00457087000131
2021-10-07,676.6371513497528,683.815319978631,672.660094723532,681.1477661132812,10041549,48.12260438960355
2021-10-08,684.833733437251,688.7138112470939,677.3645718122459,682.3117065429688,9383924,48.75174974806428
2021-10-11,680.9537081745954,697.8320716319804,679.3046631371025,691.9149169921875,9337637,53.73689674504621
2021-10-12,685.3188175717172,691.6239446972885,683.2818001824968,687.3558349609375,7376091,51.19101453045773
2021-10-13,692.4484460716717,694.4370335535737,686.725366134252,688.6654052734375,6357766,51.89600455552179
2021-10-14,688.9564170122011,707.9202882441278,687.7923816577102,705.4952392578125,8950350,59.91008997664589
2021-10-18,716.8444363768378,726.447653455614,710.1027887674178,723.10107421875,15345601,66.24539249442532
2021-10-19,732.3647735901549,732.3647735901549,716.6019556155323,725.0411376953125,11349799,66.86674826086958
2021-10-20,724.3621160046894,734.741337274942,719.6575447586221,723.4890747070312,12762996,65.82284085430163
2021-10-21,726.4476264344589,737.0692925835626,715.2924021967076,732.8497314453125,12166996,68.96931914883903
2021-10-22,735.7597628720237,742.8893822447653,730.7641389541915,736.5357666015625,13248928,70.13528282928806
2021-10-25,776.0156276682939,841.0069364855135,774.4636200950748,816.4654541015625,96124084,84.09301592601476
2021-10-26,803.8552151946809,816.4654693802694,797.6955555116205,804.5342407226562,16925115,78.21654876611102
2021-10-27,803.9037471017438,823.5466440897502,799.4901697430291,809.9663696289062,22898400,78.93819140308864
2021-10-28,805.2131540654456,807.0077256431113,772.378018047821,774.7545776367188,18750423,64.11177920188067
2021-10-29,774.0755831442972,784.5032930676069,760.3983314851432,778.004150390625,15701200,64.76942410881807
2021-11-01,783.4848296671813,785.4248688347587,769.2255299444283,779.7987670898438,11406421,65.14924759435695
2021-11-02,784.7457789574072,785.7157984616808,774.0755644103967,776.9371337890625,9452457,63.9650296494505
2021-11-03,781.8357200296188,781.8357200296188,757.0517335496389,762.3868408203125,11839149,58.174754120863994
2021-11-04,764.86043165069,765.3454414361375,755.6452457271877,758.6522827148438,3149310,56.754681731430644
2021-11-08,769.2254691722987,769.2254691722987,749.9706056374293,756.7607421875,13967995,56.00892992230444
2021-11-09,760.495334036635,764.9574003246298,755.8392519958371,762.9688720703125,10084357,57.96134117550764
2021-11-10,759.0887779652497,760.7863121575199,749.9220814859318,757.48828125,9507347,55.614695044053164
2021-11-11,753.4141968795224,753.7051909036771,743.131954118792,748.3215942382812,9221059,51.83463312094826
2021-11-12,749.5340980513727,756.5182504653758,748.0790687653425,753.317138671875,15380106,53.682249974962716
2021-11-15,753.7052342876302,761.0288704760063,748.4186155908851,750.1161499023438,10934583,52.2978956422891
2021-11-16,750.1161135428322,752.4926733047377,739.1549043612118,741.1434326171875,12785837,48.52071090142626
2021-11-17,738.0879188061928,748.8066232762401,733.6257932349524,738.4758911132812,11657214,47.42409398846445
2021-11-18,741.9679320476208,744.4899590410832,733.7227663774589,740.0278930664062,20644385,48.15822473097661
2021-11-22,745.2659566034415,747.351522173044,718.0569219589233,729.4546508789062,20403786,43.68314157497183
2021-11-23,718.7359659573292,735.2262975856127,709.278275758755,729.3091430664062,24913042,43.62306438293211
2021-11-24,727.7571681382037,749.0975982602171,724.3136105732106,737.4088745117188,23186419,47.91704764782513
2021-11-25,732.2677527313655,732.31624186587,722.9555299001058,728.5331420898438,17749726,43.96531683339883
2021-11-26,716.844473939417,719.8030218351846,697.0560507060612,700.5481567382812,18987552,34.347128045908036
2021-11-29,704.9617000159554,705.9317195550211,689.1988825061388,696.862060546875,15878074,33.31334917701142
2021-11-30,695.2615423819902,710.3453351925388,689.7809080065218,692.9334716796875,23965914,32.20095037659212
2021-12-01,694.9219705634979,710.781765183323,693.5639196261699,705.8831787109375,15214913,39.385902863197636
2021-12-02,702.8761220492831,705.3011708545943,693.7579740644888,700.7421264648438,21924640,37.67874575931967
2021-12-03,698.899167670641,707.629344643626,693.6610378047292,694.8250732421875,20130259,35.757688698125975
2021-12-06,697.4440401239817,705.0101805958118,686.2888155601072,688.27734375,20129080,33.709517297519724
2021-12-07,695.5039498173307,718.7359276250902,690.6538525382698,712.6248168945312,30513303,46.07786736162514
2021-12-08,725.4776366777609,736.0508141264423,721.7915150664559,730.812744140625,33432411,53.11517987523339
2021-12-09,736.2933133542538,740.12490234375,725.9626408696174,732.36474609375,16007459,53.67081308355378
2021-12-10,733.8198119392496,737.0208647107474,728.5331933895731,735.2748413085938,7627774,54.7535916964672
2021-12-13,740.1248899910115,746.624032582974,729.9396850828783,731.3947143554688,16855546,52.97577995517382
2021-12-14,728.533211001736,741.4344598807473,723.9256178874251,735.9053955078125,17488089,54.81261941706248
2021-12-15,734.8867854867298,736.7298463090547,728.3877018828672,729.6972045898438,7358740,51.8128054253035
2021-12-16,735.1778820897848,735.1778820897848,716.7959987395218,718.9300537109375,14123215,47.00769729538318
2021-12-17,719.7544893273117,719.7544893273117,704.282666024298,706.4652099609375,13227787,42.1359015562106
2021-12-20,696.5710292424409,698.6081058617633,677.2676753307227,688.6654052734375,16900016,36.3434854747266
2021-12-21,698.4141178934732,707.0958052277921,694.6795660840788,698.7536010742188,14563335,41.27115808651176
2021-12-22,704.4766454942636,712.9158267890912,698.4625128930479,710.8302612304688,9843359,46.60028380094841
2021-12-23,716.8928952193315,717.3294158327018,706.1257025177523,709.375244140625,9994049,46.05801369248682
2021-12-24,711.8973889628089,711.8973889628089,698.0260616918899,705.3012084960938,8800690,44.49667863075516
2021-12-27,702.2941526330036,716.6019409635793,694.6309745229842,713.9343872070312,7955163,48.48214603601305
2021-12-28,718.2025432114203,720.1910715716506,710.5393646072569,713.7404174804688,17833655,48.39805762858304
2021-12-29,715.8744046334617,722.6160521279113,709.9573092528904,713.6433715820312,7143073,48.352871568263
2021-12-30,711.3153010555776,718.2994534296456,707.1442289672,713.6433715820312,14326182,48.352871568263
2021-12-31,714.4679159315479,723.8771177792522,714.4679159315479,717.9600219726562,6973055,50.72606349796968
2022-01-03,720.772979859294,743.034939294085,720.7244907252026,741.77392578125,9653095,61.29291398929038
2022-01-04,744.9265659335229,754.6752511022024,740.7069451374718,749.6796264648438,12114437,64.04924148226371
2022-01-05,749.8250470068685,771.9899681166116,748.0790238096181,764.423828125,19741360,68.54765112792799
2022-01-06,751.8135989795604,768.7404510358562,750.7950903492147,761.5137939453125,13018067,66.77180404915862
2022-01-07,768.4495088790554,778.2466827734125,762.6778806439341,769.468017578125,12250210,69.12624010626153
2022-01-10,776.2581539806891,788.431887634735,775.0456295289855,786.443359375,10905080,73.44990160984925
2022-01-11,785.4733332316896,790.2749418612598,777.8587034209163,786.3463745117188,9982061,73.38666778587859
2022-01-12,794.0579039455636,800.7025727502538,787.7042883422514,799.0535278320312,13034848,76.26935052372663
2022-01-13,796.3860136465046,803.1761501818585,792.8939671104393,799.97509765625,9372244,76.46842393890343
2022-01-14,796.3860962658393,797.3561158715225,787.2678882902989,795.4160766601562,7552844,73.19708561025007
2022-01-17,795.4159639453786,804.0491608947066,790.1293460024887,794.7369384765625,6722700,72.69815750755185
2022-01-18,796.38601737993,810.9363100238994,793.669974594114,798.4230346679688,10835146,73.74423081827142
2022-01-19,791.5359564713497,796.3860542438456,779.1682071514848,784.3577880859375,16416144,63.71281310168638
2022-01-20,778.9257319849679,788.5774387615821,771.5536067715879,785.9583740234375,13567654,64.3078222487762
2022-01-21,778.9256470409367,787.0252860646632,771.6505008979641,780.3806762695312,12078277,60.579958947445746
2022-01-24,788.6258569058322,792.2149409123907,759.816265790354,774.5120849609375,29612316,56.84607970567815
2022-01-25,765.3453796391933,780.1866660344843,762.4838102950481,777.6161499023438,19513184,58.3097635127428
2022-01-27,763.3083983827408,777.4706599600323,757.6337485604175,770.8260498046875,23984679,53.995426652531876
2022-01-28,779.6532542601936,781.6902717400607,755.1602593363119,757.7308349609375,14072314,46.80311260003691
2022-01-31,765.2969548408923,774.7546456885359,760.4953461079525,765.1514282226562,14824509,50.80226076575631
2022-02-01,778.0042349984329,788.4804351963562,765.6364846746333,786.0068969726562,20031583,59.92150228924511
2022-02-02,790.5658568398378,794.1549406690028,784.6002135018141,789.3533325195312,11214375,61.16538593558692
2022-02-03,789.6444026820711,793.8640232469231,781.8357571471566,784.6973266601562,9755335,58.447387727967836
2022-02-04,785.5218385784158,787.6558934806294,771.9415645528877,780.9142456054688,10314067,56.259834120137505
2022-02-07,774.1240559952004,780.8657034123029,758.021755855399,762.8233642578125,14659368,47.16820500441732
2022-02-08,766.3153688448837,771.8444915750755,751.0860515723516,768.7404174804688,14642455,50.013494583886704
2022-02-09,773.348092746373,780.1382296535221,770.3895449350314,778.731689453125,8855292,54.47219046921663
2022-02-10,781.7872896935493,784.5518218050651,772.4265770961425,781.3507690429688,13159771,55.59045361183042
2022-02-11,772.9600369655885,773.4935950700583,764.2784095569087,767.0914306640625,13138408,48.59248870894328
2022-02-14,748.8550434902812,750.7465933297927,728.6301608812416,731.1036987304688,16170656,36.20507209773448
2022-02-15,730.3762033282566,754.6751802603627,720.9185130872045,752.7836303710938,18880659,45.258560152011995
2022-02-16,752.4441841678203,754.238696670831,737.6028967480834,741.1434326171875,10549784,41.8264010440137
2022-02-17,743.5200273163548,744.2475420201869,723.9256194520854,727.8541870117188,16683808,38.25920277711173
2022-02-18,724.4590444841016,734.1107504113271,723.1980309671683,726.4476318359375,8945567,37.8908598454342
2022-02-21,723.8770658978235,740.0279145678118,717.8144439053794,731.8312377929688,10967164,40.26153295373657
2022-02-22,716.2624787902446,736.9723730612117,715.631942383559,728.7756958007812,13156371,39.343643442970155
2022-02-23,731.9768078767449,733.7228906197375,720.4336095070679,722.276611328125,11624282,37.3910305865291
2022-02-24,691.5269408667141,705.3011707138996,681.2446984110699,686.1918334960938,28023104,28.83430515502181
2022-02-25,703.2157045982457,717.1354618542133,698.6566007426215,708.1627807617188,16935750,38.11973020627611
2022-02-28,701.2755871612912,722.4219997506656,693.9519520092407,720.4334716796875,20547432,42.6224797256543
2022-03-02,695.5039615433677,703.2156281881493,686.5312814258277,693.4183959960938,25252492,36.351076542729196
2022-03-03,696.0859890579119,700.3056095245371,672.6600529984909,677.3646240234375,23190595,33.222716473272655
2022-03-04,670.2835055337035,685.3672976160152,664.4633882642357,667.4219360351562,18697223,31.419255490196036
2022-03-07,643.6079589843749,647.00302734375,622.8980656743049,634.1502685546875,27799873,26.27849332554962
2022-03-08,624.0135526120663,649.3795870363712,623.72255859375,645.06298828125,26716975,30.30629687928733
2022-03-09,644.7719605885366,654.2781396572502,638.2728182275325,647.4395141601562,33728639,31.188020267735993
2022-03-10,673.1450597932595,679.983685589009,653.4536753184026,656.315185546875,35959638,34.51991596803232
2022-03-11,654.4237303247853,664.1724152179717,650.4951036795836,657.5762939453125,20546724,35.001493932754954
2022-03-14,657.7702140371608,677.5101468285675,656.9457211257647,675.2791137695312,24648981,41.5050443260212
2022-03-15,680.468781481442,686.870887461157,667.3735162640514,676.4431762695312,27714580,41.91658974799782
2022-03-16,685.7068668869402,690.0719550103265,680.2262325610145,686.7738647460938,14621688,45.57612921876605
2022-03-17,696.2800142614094,703.2641667933818,694.7280066788796,698.5110473632812,18329844,49.47134354412587
2022-03-21,699.3841067973971,701.2271676541549,684.3488035306015,689.44140625,12866839,46.69047083943299
2022-03-22,687.4043552277658,699.3840725949519,678.5286529544644,696.6680297851562,11761758,49.14350632441161
2022-03-23,703.2641573226852,705.0101806308414,692.8364474037626,696.7650146484375,7140403,49.177305793466736
2022-03-24,681.3902952515019,691.3329963760759,677.073696092944,683.0878295898438,17727969,44.66868150756472
2022-03-25,683.8638064534825,684.930804313348,675.7641666123579,678.2861938476562,15263007,43.172235597748205
2022-03-28,680.9537053887425,692.0119516370017,674.794105097614,689.0533447265625,13806166,47.42556280039121
2022-03-29,692.8848999574653,695.4554752513218,684.6882235431223,693.8549194335938,11489374,49.24976856754882
2022-03-30,699.4326369184543,709.8118587196095,697.5410868136387,708.9873657226562,20154520,54.59661332288089
2022-03-31,717.7174349072195,717.7174349072195,705.9801637091923,708.4052124023438,16046383,54.35934123404216
2022-04-01,703.2642202587808,716.1654692859166,701.4211593097762,714.1769409179688,12658848,56.38323450135568
2022-04-04,719.7544866073363,727.3206270513682,703.2641547039336,724.216552734375,17192197,59.728490224412575
2022-04-05,724.4105835594509,732.8012762964888,715.8744234140013,719.5604858398438,12290391,57.52495925160835
2022-04-06,710.345345618719,722.5676281772567,710.1513298564631,719.3665161132812,13518142,57.42990421359883
2022-04-07,715.0014181190587,735.0808355296261,715.0014181190587,726.108154296875,15087175,59.90947620004617
2022-04-08,727.3691918449719,733.334836218552,721.3065691910487,731.685791015625,15480705,61.88740251793215
2022-04-11,729.7457122266721,742.5014932815019,729.1152350280048,736.8268432617188,13216391,63.66674349266683
2022-04-12,734.3047312015948,745.8479864574211,727.7570998467589,740.9493408203125,14020000,65.07480786138026
2022-04-13,746.5270815163059,749.3886512580095,737.8939423561878,739.3974609375,16119956,64.06823932118853
2022-04-18,728.4846893815499,740.0279458248403,726.7386660150366,735.080810546875,17651530,61.231129263471615
2022-04-19,738.9608400036045,754.5781894079806,734.3047582651742,743.325927734375,31088359,64.46774269711668
2022-04-20,743.8109742610528,746.9150486419223,731.2007201930724,732.8982543945312,15984202,57.88578785161656
2022-04-21,736.2932713012291,741.2888952839614,728.6786420979398,739.4943237304688,8953098,60.62435027829068
2022-04-22,734.3048279202951,736.099340475498,723.5376341784837,725.2351684570312,14411607,52.65334334118836
2022-04-25,725.2351047451931,739.3488766658785,721.6945098788588,729.648681640625,35417460,54.64127847061711
2022-04-26,744.9750621890548,745.508561134719,729.1152652112901,731.1522827148438,18727514,55.32940376624304
2022-04-27,726.5446938147038,727.514713432614,710.587859259022,714.6134643554688,21441480,46.90099964704405
2022-04-28,716.9414174190198,729.3577148794458,712.6248778357512,724.7501220703125,18649559,51.75212542182863
2022-04-29,727.6116854689747,737.1664141465841,717.9114893731062,721.0155639648438,19560317,49.94182874924394
2022-05-02,710.0542486399291,721.5004664900613,709.1812074389936,718.784423828125,10903446,48.842588688022694
2022-05-04,723.8286237907864,724.6046276151784,699.529645107401,702.5366821289062,12212165,41.65270086535661
2022-05-05,708.890234300298,720.7244839669235,704.7191623175906,706.9501953125,9121547,44.06155198522651
2022-05-06,694.7765257261593,701.3241579057775,689.0048973712142,697.6865844726562,12455025,40.300730833061834
2022-05-09,684.1547579747249,698.4140568089666,683.3302650619983,689.0533447265625,13055889,37.120795099178224
2022-05-10,683.8637425509091,698.4140349456094,683.8637425509091,689.974853515625,12797419,37.685994190798155
2022-05-11,696.4740262598158,698.2200495820824,685.9493379852216,692.7879638671875,13516852,39.47455766031389
2022-05-12,686.3372425742325,689.3928274907596,672.5144655614166,674.9395141601562,16685166,33.00223135024831
2022-05-13,681.3417619266664,681.3417619266664,654.7632023278333,657.042724609375,15717043,28.038024610403497
2022-05-16,656.4122044490664,670.2349822600079,655.4906740872786,662.5233154296875,9025623,31.439127887540394
2022-05-17,665.5303767085076,690.65390625,664.6089055180549,688.7138671875,12765052,44.85266277420034
2022-05-18,690.9934083360105,695.5040229620245,684.9307860995912,686.143310546875,11835013,43.94393650723452
2022-05-19,672.3205351215821,677.7526801950419,665.0453884024539,669.6044921875,16661023,38.53445047352631
2022-05-20,673.9695557224218,690.5569251623157,672.9025579245164,688.27734375,11695528,46.53656486968279
2022-05-23,688.2773315746425,704.1856752229598,686.2403142854777,689.7323608398438,17438451,47.1143323727647
2022-05-24,689.732393749025,695.8435051133911,684.8822959669416,686.9193725585938,13779981,46.077590769333824
2022-05-25,690.7024872592625,699.2386484286409,690.2659665710776,691.9635009765625,10457589,48.27553363634498
2022-05-26,701.3241332086211,711.024328688685,694.0004974622318,706.6592407226562,14028733,54.14051079684264
2022-05-27,711.5578004198139,718.9784733607349,709.3267673856765,717.6204223632812,8110620,57.96870275306697
2022-05-30,726.3021362345459,729.4062106277925,721.9855374068509,726.0596313476562,7628515,60.68953475754818
2022-05-31,718.7844671298695,734.0137854944626,718.2994573679736,730.2791748046875,20272212,62.0135884834165
2022-06-01,725.574590691841,732.9467152573952,721.8885284090638,730.085205078125,10102092,61.91035658777539
2022-06-02,728.5331081914659,729.2121336588108,720.9184790645074,727.2720947265625,10949759,60.341509174849065
2022-06-03,733.4803017861097,734.304794716289,718.9784977640621,721.9855346679688,8563791,57.3978720135662
2022-06-06,718.0084446723899,728.4361542818696,717.4263974500811,724.362060546875,9107831,58.380787169570745
2022-06-07,718.7845833787137,720.6761335970866,710.3938894587709,713.2069702148438,9938912,52.28314833274836
2022-06-08,714.5163876883088,718.7844974551812,704.6707246296103,707.6292724609375,9369224,49.49922834862738
2022-06-09,703.2641480783276,712.0913019789867,700.4996161438609,710.7817993164062,7444368,51.08459306787204
2022-06-10,703.0216552734374,706.4652127683163,696.4740234375,698.4140625,7990818,45.10256386832112
2022-06-13,681.1961909005809,681.2446800343107,661.6502743788106,667.3734130859375,16622521,34.25925645229495
2022-06-14,661.9413882626029,673.8241281748404,660.243853989426,664.9484252929688,13348598,33.58004460826618
2022-06-15,666.8884399458468,675.4730892724864,665.530388895112,666.6459350585938,9199591,34.55811591810409
2022-06-16,679.0136844688421,679.0621736052452,656.0242093107667,658.1582641601562,13237239,32.0192269073884
2022-06-17,651.1255929345484,671.8840340301465,649.8645794187131,666.2578735351562,16335613,36.791541693635516
2022-06-20,665.4333768292418,667.1794000877353,657.285189349216,665.3848876953125,10981042,36.494173629544306
2022-06-21,669.8469941130473,686.7738472456844,667.9554441333879,675.2305908203125,13319648,42.17112653542883
2022-06-22,673.4360538929959,677.9466683573997,664.5603515747664,666.015380859375,6838249,38.68540971419856
2022-06-23,669.5074617003932,684.8337577523769,666.4033875012506,678.1891479492188,14960412,45.1369216996331
2022-06-24,689.5869477352911,693.8065092545105,685.3673270107747,692.0604858398438,10856736,51.41053621616903
2022-06-27,706.9987307701259,706.9987307701259,694.6309814125542,695.843505859375,8285225,52.989378057333774
2022-06-28,689.7323974837518,695.7950197441837,685.8038301000511,689.0048828125,8339931,49.836830514528955
2022-06-29,683.8152681505,685.5128022997893,679.9351900949814,681.6812133789062,9570557,46.63685379794426
2022-06-30,681.6812041152125,690.5569062287119,680.1776857301896,685.997802734375,11970404,48.72656144825319
2022-07-01,682.3602323115849,685.5612848355172,673.2905144209359,682.7967529296875,9884899,47.24890909184428
2022-07-04,683.7182493721101,699.4810669036859,683.7182493721101,698.5110473632812,8303732,54.53754893004902
2022-07-05,701.3726621231307,710.1998760337988,696.5710532471181,697.880615234375,11460367,54.213915071217365
2022-07-06,701.3240387877381,709.9572352848056,700.3540193703277,704.1856079101562,12163533,56.964446790571216
2022-07-07,713.8859100794957,721.6945557298686,711.024340524185,719.7545166015625,10374018,62.892394305490576
2022-07-08,728.7756526421427,734.7897854998337,722.2280208901641,733.0437622070312,9797700,67.06290374424273
2022-07-11,732.3647101627223,748.4185207762245,732.3647101627223,746.4299926757812,12440573,70.64216099338898
2022-07-12,742.4044179205171,744.4414944411,734.9838040959955,737.1178588867188,10219829,65.32406243329366
2022-07-13,741.8223650085422,741.8223650085422,727.417600040279,730.61865234375,8674121,61.82575746438824
2022-07-14,727.5146418662545,736.7298273298937,726.3506065982099,729.8427124023438,7044542,61.40296592970258
2022-07-15,730.6671780080716,736.2447900539347,721.8885134986842,728.6786499023438,6358018,60.731989567926
2022-07-18,736.4873531124134,749.9706487184862,735.129302042271,748.8551025390625,8045363,67.384621434483
2022-07-19,744.7809417506456,758.5552301494039,744.1504646144884,757.2457275390625,12825591,69.68473926556844
2022-07-20,765.8304019544345,765.8788910888006,756.9062106352496,759.6222534179688,8152179,70.3231186316683
2022-07-21,761.3684268999305,765.2969945378261,756.7122853384104,762.4354248046875,8312338,71.09895373460782
2022-07-22,765.4424217781757,779.7987588304273,765.4424217781757,776.0641479492188,12267898,74.56775574379071
2022-07-25,778.925628028038,793.2819042253549,773.2024895198133,776.8886108398438,21034148,74.7650746042571
2022-07-26,777.5676051652617,778.7316404027981,767.9159585336972,772.426513671875,7374145,71.53042450155361
2022-07-27,771.165563713231,779.7017241497522,770.8260805434004,776.5006713867188,9536564,72.69213979353572
2022-07-28,782.7572428364289,791.0508976723771,781.1566869885742,790.1778564453125,11124518,76.20279540833026
2022-07-29,796.0465096608059,798.7140632298565,783.7757395610569,794.0579223632812,11095993,77.10213280690326
2022-08-01,796.0950467342799,800.2661189069178,792.7969566227277,798.714111328125,7974903,78.16838222062239
2022-08-02,795.4160033843817,797.3560424170265,787.8498629981253,793.2334594726562,11106772,73.81151623470866
2022-08-03,793.2334567936133,803.1761568023379,787.2193239716678,800.0720825195312,11073975,75.63628454367063
2022-08-04,799.2960814871609,805.0677094506085,784.1152523738859,795.6585083007812,11113742,72.14250847190766
2022-08-05,798.4230432594383,815.6894380803118,798.4230432594383,813.0703735351562,16056522,76.71260466605223
2022-08-08,816.3882174189047,821.9505207188839,811.069933828099,816.7297973632812,12142951,77.54632957322359
2022-08-10,821.8041053952454,832.3919510539397,821.8041053952454,828.24462890625,23658553,79.9756751736509
2022-08-11,839.2716961670366,845.5658799495219,837.3687950848084,838.93017578125,22787391,81.92954203038559
2022-08-12,843.0775387772877,856.0562074685697,837.7591953397174,853.2750854492188,10792853,84.1635317318248
2022-08-16,860.1547348322915,863.1310368403135,855.2267515651621,858.0078735351562,13804836,84.82988540133346
2022-08-17,860.4962130919745,864.106835156637,857.1783908503086,861.9111938476562,9058040,85.37640097834965
2022-08-18,859.276428878953,866.2049328790207,853.909305576073,863.7164916992188,13137856,85.63417760340863
2022-08-19,863.6188913480285,865.4730122271322,843.4189799433652,849.3716430664062,10787199,74.41004882966679
2022-08-22,844.6388243943513,846.4441652513382,829.0741548205303,831.66015625,13848023,63.36649334909065
2022-08-23,824.926856148958,847.0296703338628,822.4384744443109,843.0287475585938,13254855,66.7751031364939
2022-08-24,836.3441890909899,854.202060474313,836.3441890909899,852.2015991210938,10494109,69.26040597914769
2022-08-25,852.2015966285933,860.1547214600488,845.7610723978989,851.2745361328125,9827829,68.7010751348553
2022-08-26,853.0310514850003,856.3000935449566,846.3465078959074,849.8107299804688,5976725,67.77043237835139
2022-08-29,829.5132931497114,840.198759670883,826.53699122095,835.1731567382812,7755134,59.14280148906152
2022-08-30,839.7108264248318,869.2300042276803,838.3446257766652,865.8633422851562,12544701,68.2650881063217
2022-09-01,842.1504294135921,864.302022725116,842.1504294135921,853.2261962890625,15877583,62.11520032608447
2022-09-02,852.9822456312818,860.0083098715986,846.053801187429,851.3233642578125,8401284,61.22085739727887
2022-09-05,850.4938677754845,864.4972162001684,850.4938677754845,861.1305541992188,8744999,64.0906012693662
2022-09-06,861.1792732309683,868.4492971380652,856.8855510472846,862.301513671875,9879326,64.42907275048447
2022-09-07,857.324756787144,861.3257390281522,851.4209330033636,855.0315551757812,8814960,60.60937908851518
2022-09-08,864.1069024528758,879.0372526045969,864.1069024528758,877.0855712890625,12163106,67.0007147400359
2022-09-09,888.1613233024965,889.9178244256609,876.0120962296875,879.476318359375,9936230,67.61417216889913
2022-09-12,883.1845116863607,886.9415336840817,880.98887036478,885.2825927734375,6016978,69.1158084162735
2022-09-13,891.8695359284446,891.8695359284446,883.4284908418431,888.0149536132812,10400475,69.82487017865766
2022-09-14,876.5487782664047,899.9689515793953,876.353598243347,895.919189453125,14712947,71.83906475726826
2022-09-15,897.7733767780912,914.021147040755,893.6260541136272,895.4313354492188,16253099,71.52173923061301
2022-09-16,892.7965193682152,895.4312411349546,883.3308543718534,887.1365966796875,11966860,66.16990818476336
2022-09-19,883.0869132125273,890.4544974160177,873.71880824309,877.475830078125,11235656,60.49238883609117
2022-09-20,887.2342830774511,900.2129511108898,885.4289422358922,894.6018676757812,12090663,66.05307646824656
2022-09-21,889.9666405609805,894.8458436342315,883.7700764821856,893.1381225585938,8917640,65.20829606580558
2022-09-22,884.1115635336504,889.6738667395215,873.6700574385206,881.5744018554688,11125669,58.8092765461511
2022-09-23,879.9154752286213,883.0381770404971,857.5199216916697,860.9353637695312,15927517,49.476947863515825
2022-09-26,848.981282433677,856.6904466386289,838.4422163569614,840.2474975585938,14208640,42.24108703882303
2022-09-27,844.0533279671298,853.71411404585,828.0982986271043,831.952880859375,12493809,39.73212329977669
2022-09-28,823.6094393761035,842.394370309741,823.6094393761035,828.9765625,11411458,38.840639580084584
2022-09-29,837.271230419244,840.78423273663,820.7795005412984,823.5119018554688,13803629,37.190676531813644
2022-09-30,823.5119300342992,846.1026048427556,817.2665261890385,841.1746215820312,13175031,45.281635795956305
2022-10-03,838.9301969435782,840.1499977244196,825.2684281981548,827.8543701171875,8232026,40.99294667523163
2022-10-04,844.1020481193237,851.5672519066914,839.3204057566129,846.6880493164062,8975095,48.430091640078565
2022-10-06,851.9575975439521,870.1570479947877,851.9575975439521,864.0580444335938,12116698,54.167609376579215
2022-10-07,856.0073651218893,863.130989414095,851.7136427635446,861.2280883789062,9705750,53.13047258937953
2022-10-10,850.9330632442586,868.3030152378152,849.6644822868607,860.447509765625,7357588,52.83000429214107
2022-10-11,861.9111794381765,861.9111794381765,844.5412292851928,849.5667724609375,11130051,48.69596751011378
2022-10-12,846.9808542844545,850.6402565068132,840.6866705498809,847.3711547851562,14557532,47.881738305135535
2022-10-13,841.5160829256583,844.5412243974098,829.9523961161733,832.9774780273438,11563124,42.82624661717904
2022-10-14,862.4479089579862,862.4479089579862,847.566339832314,849.2252807617188,8199540,49.329839505109916
2022-10-17,850.933039566598,866.0585695130226,847.5663774405991,863.8141479492188,8936947,54.35095234456971
2022-10-18,874.4019450781407,878.9396276267804,869.62036194361,875.2314453125,8097552,57.86955460272766
2022-10-19,878.3053078550508,878.8908479432257,864.1556193526078,870.54736328125,5529462,55.963695870043225
2022-10-20,868.2053457589235,871.7183479005771,858.8372407802135,867.1807250976562,8107159,54.57255381302653
2022-10-21,866.546454336231,888.0149475742908,864.3020328643687,885.2338256835938,17022807,60.275090059474415
2022-10-24,902.6525617008243,910.9472068623995,895.4313173829842,903.921142578125,4390050,65.15163243500051
2022-10-25,919.2905833886683,920.4616039673743,900.6520526030126,902.7012939453125,15838120,64.5942075758553
2022-10-27,903.6771788960313,911.1423833365191,898.0173153082427,902.0670776367188,16080842,64.2862469113488
2022-10-28,895.8216760899096,905.0921618446528,879.2323857919483,885.9168701171875,9854094,56.85297146019691
2022-10-31,890.552141674467,894.8946444220753,882.7454165769548,886.7463989257812,9000840,57.12718080207581
2022-11-01,898.7491899037128,898.7491899037128,877.8173971843925,886.6487426757812,9823761,57.08118929710395
2022-11-02,898.3587855348516,898.5051854414255,880.5496955165991,882.8429565429688,7690974,55.21556009900413
2022-11-03,879.2811466233138,891.7718941909748,875.3777842858833,886.6975708007812,9022366,56.75714656250295
2022-11-04,884.404307378681,891.3328112458532,878.4517036538972,883.428466796875,7099336,55.027130618244534
2022-11-07,888.258956518355,897.8709631491665,881.6232519741969,895.3338012695312,11100219,59.829290365864324
2022-11-09,897.7733543768877,899.62747534603,883.8676257900718,888.5028686523438,11590409,56.12611666277852
2022-11-10,885.624137323697,890.8937004635314,882.1111349375303,888.6980590820312,10009741,56.209523778341115
2022-11-11,903.5308051085799,905.5800464757256,881.6719525763125,884.6482543945312,17921457,53.9191806438262
2022-11-14,883.135738311916,884.6482793217701,869.7179301331439,873.3285522460938,12641308,48.02838165321192
2022-11-15,878.7932426186741,891.5767902470384,877.0855215643974,889.6738891601562,15176911,55.57573571993356
2022-11-16,890.5033333770526,895.9192368299623,886.1608307668516,891.5279541015625,13008311,56.35006876986374
2022-11-17,890.942481763275,900.0177875733908,888.3564803085126,897.5781860351562,12584194,58.86950435993106
2022-11-18,897.578167748702,899.7250289707271,888.5516422411323,898.1148681640625,10874061,59.09504531016609
2022-11-21,891.9670018823329,902.4572873134256,891.9670018823329,899.1394653320312,9245704,59.55107087691282
2022-11-22,901.4327522857458,904.1163139298982,898.1637101071026,901.3839721679688,11256509,60.58763979874796
2022-11-23,904.604194798919,909.3369976680791,901.3839328784176,905.0433349609375,10959704,62.284627803238706
2022-11-24,905.1409210367791,917.9244684130731,905.1409210367791,916.1679077148438,10844395,66.94429885195572
2022-11-25,917.582868510347,920.1200897078235,905.0921212292191,907.824462890625,9815055,60.87011765774616
2022-11-28,901.6767030234083,920.9983347475077,901.6279229061405,914.7529907226562,9381474,63.806952658914796
2022-11-29,910.9959675424216,926.9509968667758,910.9959675424216,923.8770751953125,13096845,67.28873312595226
2022-11-30,925.1456773495776,935.0504833540824,918.2660129689936,929.8785400390625,20858573,69.37560777963215
2022-12-01,932.9036212569308,933.8794618649401,913.6307692487462,917.4853515625,15920653,60.75580635843723
2022-12-02,905.824046924139,911.9230507412958,903.7259657868033,908.1172485351562,14228874,55.17512678906891
2022-12-05,914.3626205552238,914.3626205552238,905.9704154181173,911.0447387695312,10984608,56.51920714094036
2022-12-06,902.6525766407452,907.2878196018734,897.9685535605643,900.359375,18220912,50.55995965999928
2022-12-07,899.72499901711,910.6544252339894,898.4076380813933,899.8713989257812,15675663,50.29913432624152
2022-12-08,902.6525404024692,910.9959654854242,901.48151978929,909.3858642578125,10136870,55.156624103681416
2022-12-09,909.4834455516406,912.215787338606,902.7013414221591,907.4342041015625,9575331,53.990959841448046
2022-12-12,902.7012999402709,911.3375246500736,902.7012999402709,907.824462890625,8493863,54.199399406287604
2022-12-13,907.0437995851349,913.2892029869305,905.3848587227286,910.4104614257812,10415140,55.633732898526276
2022-12-14,913.3867457663752,913.4355258812766,897.7732971207961,899.4810180664062,12319827,48.69307525709826
2022-12-15,893.8699973988869,897.6757995963253,883.1357507052321,886.8439331054688,8929748,42.14593480670237
2022-12-16,883.6236941724553,891.6255992841462,877.9150502872375,880.208251953125,9157260,39.16784736359882
2022-12-19,886.0632612266272,888.6004229521618,879.3787769678182,884.5507202148438,7015083,42.053504678399065
2022-12-20,884.1115459902278,890.4057295045923,874.0604001499164,887.72216796875,6384331,44.13768870334122
2022-12-21,888.2589176484736,893.7236012549803,865.5706234047746,870.6937866210938,11341147,36.53860337416724
2022-12-22,878.7444522871822,882.0134944431401,864.9362840988583,869.1324462890625,9788367,35.92781407096939
2022-12-23,861.7160235243845,868.1566071729486,854.1532589304963,857.6663208007812,11059215,31.732644317928404
2022-12-26,859.8131424263865,875.3290320358716,854.1044986503864,871.620849609375,6943159,40.79353779871022
2022-12-27,876.0121274292705,880.9401105972046,866.7416416351155,878.890869140625,4994381,44.896893026544674
2022-12-28,874.353191864668,882.111136673352,874.1580118293671,877.23193359375,8980300,44.145044109917876
2022-12-29,876.2072536656079,901.042348014541,867.8637693146782,886.1119995117188,11994220,49.06232243152995
2022-12-30,886.5511861175967,886.5511861175967,867.0831542131343,869.3275756835938,9688527,41.606447064309606
2023-01-02,872.4014740958874,885.0874015715547,872.4014740958874,880.6473388671875,4315403,47.410906847311225
2023-01-03,876.7927916486487,884.0628161348139,875.0850705742079,879.5739135742188,5846855,46.93446712400087
2023-01-04,877.2806746302692,885.9656795492845,873.1821323138736,877.3782348632812,12454582,45.917997759156925
2023-01-05,879.1348736929588,881.1841152530334,850.9330548179901,857.9103393554688,16547196,38.049583619704926
2023-01-06,857.7150822158359,857.7150822158359,839.7108117598847,849.078857421875,14804613,35.11032138815166
2023-01-09,853.1285854792023,857.5198678751491,841.4672792045169,852.2503051757812,16811853,36.99261993422372
2023-01-10,854.2508913830072,857.1784132046618,835.9050403188388,840.540283203125,13470142,33.166983535347995
2023-01-11,842.0529051268117,849.8107905022805,834.1973403912118,845.3707275390625,15558460,36.10251293551958
2023-01-12,844.5900418696975,848.3470043668949,834.294935420491,839.8572387695312,16659001,34.25315875091235
2023-01-13,843.8094168254664,853.7630033069328,837.5640128792874,852.3480224609375,11223103,41.55717512896827
2023-01-16,856.05621828147,856.2513983254271,840.2475876903445,844.3461303710938,8319812,38.59883104915647
2023-01-17,846.0049751957827,846.9808157440077,837.3687506076432,844.2484741210938,12624859,38.56275136601963
2023-01-18,843.5654250474721,850.9330097218229,837.9055614362097,848.493408203125,11313898,41.138340902806895
2023-01-19,847.0297076978778,849.518089512292,841.1746636354501,845.2244262695312,6694679,39.756127125189096
2023-01-20,852.3967978123699,855.3243197281536,844.6388528234257,849.3228759765625,8127162,42.37048583786231
2023-01-23,860.6913432516452,861.9599240223267,843.7116942884356,850.6401977539062,16882379,43.22334832896172
2023-01-24,857.7638806877826,860.3986621992815,847.0296341717808,849.7131958007812,11504090,42.74396565935996
2023-01-25,852.2015435388557,855.616985476424,827.512789445121,834.6364135742188,14918485,35.79126318564805
2023-01-27,818.876746508259,822.6337093757153,793.4560486471688,797.45703125,39718683,24.99436280531357
2023-01-30,780.6724228711294,806.2882367465883,776.7690607567737,803.6046752929688,36301441,28.818056841803923
2023-01-31,806.0443354842496,818.0471629504093,794.4318085216838,811.8018188476562,27291226,33.673353594968546
2023-02-01,823.0727675844201,854.0557066947356,803.2632152779729,827.4640502929688,39237711,41.83674174572458
2023-02-02,808.3863483354639,839.8083668980825,806.1418673862072,837.1736450195312,16798190,46.25313458794553
2023-02-03,843.760591547997,851.5673162826182,831.5137444720939,842.9310913085938,14914366,48.73868288433072
2023-02-06,840.6866174720121,846.8344009053097,829.1229310036805,833.0750732421875,8463833,44.909845629914436
2023-02-07,834.3437126381102,835.3195532376869,826.7321678735284,832.1480712890625,9337066,44.55531280024949
2023-02-08,831.9040805956793,839.9059851305341,831.3186000816627,838.3446044921875,8082983,47.53673203868738
2023-02-09,837.7591795408565,844.0045833872938,831.0258553801846,840.0036010742188,6299265,48.33770562589764
2023-02-10,834.8804375621235,841.0770612876762,831.416215244057,833.2214965820312,8656405,45.29331331812785
2023-02-13,832.7823775217515,838.5398012262449,828.830175511351,830.0988159179688,9394365,43.921669949296444
2023-02-14,833.2702896230664,846.3465175729854,831.5137289421172,844.3948364257812,13402934,51.206820153881836
2023-02-15,845.4683000864001,852.1527842173793,839.8083770889955,849.761962890625,12070288,53.64172532471728
2023-02-16,854.787605159296,856.5928864866202,843.9557385135968,848.4446411132812,10715685,52.94338144391955
2023-02-17,846.5904820244143,846.5904820244143,834.4900945865224,841.8088989257812,9990618,49.45098259897731
2023-02-20,841.8088986592531,845.6146411781135,829.7084516646102,831.5137329101562,9013430,44.54180742577787
2023-02-21,833.7582293477933,838.6862124472567,826.3905851968655,833.5630493164062,11704445,45.69742561488504
2023-02-22,830.6843306445138,833.4654525968871,814.5829603588933,818.9742431640625,13880984,39.40278428880258
2023-02-23,816.3394563163132,824.048621015575,813.4119344650369,819.462158203125,11743574,39.70193618191726
2023-02-24,823.560652457791,825.1707536453126,815.3635679302187,819.413330078125,8246139,39.680824137273625
2023-02-27,813.4119662298283,837.5640224460278,813.4119662298283,835.7099609375,14422574,49.359745328640585
2023-02-28,834.2461663394178,837.2712484244097,829.4645234973756,834.1973266601562,19600146,48.58053510624161
2023-03-01,843.1262893169088,843.1262893169088,831.269802049156,835.6123046875,11015843,49.385463845942496
2023-03-02,832.3920792662288,841.0282452444632,830.5379581962662,833.367919921875,12327141,48.09928661796331
2023-03-03,836.0514981986004,851.9089091653085,829.3181737177321,847.56640625,12823098,55.920402457677326
2023-03-06,850.6890680812614,855.6658314634678,844.443664233259,846.7857055664062,13904231,55.42582450917777
2023-03-08,845.7122948969003,852.5431792187243,840.686691893039,851.0305786132812,16144568,57.62057113430015
2023-03-09,846.2489584201631,848.7861200905347,833.5142508305153,835.270751953125,10624440,48.142843523296236
2023-03-10,824.2925755972103,824.9268362576815,816.0467105264111,822.2921142578125,17273189,42.0139443585384
2023-03-13,821.1210600737454,834.6364281528208,804.0438500876161,808.3863525390625,16413159,36.632837079852216
2023-03-14,807.0202033098866,814.2902279362222,798.4815977730528,810.2892456054688,15456802,37.80672306668972
2023-03-15,816.2418837869195,823.5606883048955,802.3361552027651,805.94677734375,12914488,36.16044796612142
2023-03-16,809.6549809174596,811.2163020979362,790.7236489111071,803.9951171875,14987868,35.414065571315604
2023-03-17,811.7041893648593,818.1447729834259,798.8719213661859,816.0466918945312,11104490,43.20929859681581
2023-03-20,816.7785827424584,817.5592433108602,805.0684955346812,816.2418823242188,14838651,43.32860245368328
2023-03-21,822.6336538132437,833.8558210953935,818.7790713998663,831.8065795898438,18755854,51.98979431531494
2023-03-22,836.9297092178792,841.7112923918411,830.4403454439372,839.4180908203125,17431520,55.56616428299797
2023-03-23,836.2953779024698,846.4929238858591,832.1968355502246,834.7828369140625,17920621,52.97800050262663
2023-03-24,831.9041398289326,839.2229445781608,828.635097531845,831.8065795898438,17295696,51.324930155096304
2023-03-27,834.2949265553112,835.7099073266975,823.6582402717402,828.1959228515625,17047675,49.314580835641
2023-03-28,834.8804530854435,838.149554987118,827.7080481588954,834.0997924804688,24469018,52.5849347378774
2023-03-29,836.3441310294944,841.27211389231,827.5127859687133,830.4403076171875,34881515,50.413597504391035
2023-03-31,841.1258033201476,859.7155545338773,837.7591413931142,856.05615234375,25739021,62.18448833087518
2023-04-03,858.9348737808818,865.6681379160334,847.8590476761958,862.4478759765625,26416933,64.45203122080079
2023-04-05,865.1801966999474,866.302437142274,852.8846297520107,863.228515625,21068934,64.73019837424374
2023-04-06,860.6914189453125,868.5957040705766,851.6161131746726,853.8605346679688,26042745,58.78535671687532
2023-04-10,858.7884767219354,861.4720382738286,843.5166076266008,847.46875,30906205,55.069128496865275
2023-04-11,852.5919670233527,864.2044347387856,844.1021416632927,860.5938720703125,39504022,60.57994938146276
2023-04-12,862.1063873379366,870.4498125302297,859.0324656331312,868.64453125,22686032,63.534342450662066
2023-04-13,869.5715361080806,879.8667021016108,865.0826931657463,877.2807006835938,34439635,66.44001858298479
2023-04-17,895.1385965391224,895.1385965391224,871.5720810990891,879.525146484375,29957514,67.17213219948988
2023-04-18,886.0144217796876,886.0144217796876,872.4989946928628,875.1825561523438,26699379,64.25157978349088
2023-04-19,874.2555961921902,875.2314367685581,865.8145513823755,870.3522338867188,24377956,61.07088488292203
2023-04-20,870.6937889701342,877.573453395635,867.717487005693,872.7918701171875,16999919,62.09160631910483
2023-04-21,872.9381803026192,878.9396237033103,861.0817529732831,864.2532348632812,29578071,56.50711161613416
2023-04-24,883.135744818471,884.5995057214851,873.3773387983774,882.8917846679688,30881665,64.09778884432662
2023-04-25,884.4043683667354,893.8700345751175,881.2816663774997,891.3816528320312,41383839,66.9290651668239
2023-04-26,889.429955738027,894.7970792127569,883.8676522248263,892.8453979492188,30371555,67.40631276388649
2023-04-27,887.5270423599347,897.6758086146725,886.599981860416,896.1632080078125,25835108,68.51540122169065
2023-04-28,892.9917223591818,898.2125053822566,888.2589192038619,895.4801635742188,20381002,68.00237578582059
2023-05-02,901.6766917183744,903.433192842073,896.504748580591,899.8225708007812,17515017,69.56272817837605
2023-05-03,897.33418140065,901.5302839262966,889.5274568652771,900.554443359375,18715142,69.82976627907092
2023-05-04,897.773371044411,901.5791732893766,889.7714660425504,899.4323120117188,20485002,68.83262939279457
2023-05-05,902.6525189158281,919.6809486172212,901.1399779584096,904.555419921875,19002035,70.87728666314749
2023-05-08,904.6042195927597,918.9490880615251,904.6042195927597,915.2409057617188,18623913,74.61752874187448
2023-05-09,918.2660247654843,922.1693872512037,909.2882791362127,911.8255004882812,21507610,71.45849408104515
2023-05-10,912.0205661468576,918.2659695728609,905.8240023974581,913.435546875,25910923,72.05902573246735
2023-05-11,917.3389010960858,924.1210048601322,911.2886777477154,916.5094604492188,20027372,73.21765773938009
2023-05-12,917.0461850344827,925.0968698193026,912.5085025133513,921.095947265625,13873480,74.89071751903009
2023-05-15,920.9495639221207,926.0727270591709,915.5336605179272,922.9012451171875,10453762,75.53845668275271
2023-05-16,927.0485362203852,929.195397374275,920.2176522692877,923.4866943359375,19612293,75.75687023820937
2023-05-17,924.4138288097396,925.4872892529361,913.1916614199989,916.6558837890625,19273344,68.11489669377326
2023-05-18,925.0480984422347,929.2442010636689,919.3393952590775,923.6331176757812,21550141,71.29958812486267
2023-05-19,928.4635680040531,932.9036309042945,918.8515021794102,931.2446899414062,15427412,74.31368441207329
2023-05-22,928.0732370849948,931.1959390731237,923.2916536424541,927.39013671875,15509525,70.28804552218314
2023-05-23,929.0002544091722,935.6847387180298,922.1693701855753,930.366455078125,16579935,71.5687586555652
2023-05-24,923.8282619002744,930.8054861062682,915.8263574668707,917.9244384765625,18049620,59.93775503039432
2023-05-25,914.3626159869317,918.8514587940115,910.4104735823489,917.1437377929688,19328582,59.28668257408895
2023-05-26,917.0949425342919,929.4393493908153,912.9476201716645,927.7316284179688,10957182,64.86140017938678
2023-05-29,930.8055298888271,934.4649321286174,923.925865590138,925.2432861328125,12108079,62.68888759178507
2023-05-30,922.5109142673763,929.2930185471208,921.8278734759396,926.9998168945312,18483624,63.615343144824536
2023-05-31,926.5606365918726,929.0002380573593,917.7780713161202,926.2191162109375,27254425,62.8681539508371
2023-06-01,931.1959059694744,931.1959059694744,910.2641128857094,913.484375,21650700,52.11529074561203
2023-06-02,920.2176662665535,921.827827046608,912.4597217491146,915.48486328125,12494376,53.46187299259227
2023-06-05,920.2176729962289,928.8050582446286,920.2176729962289,923.8770751953125,10751684,58.70787418739855
2023-06-06,923.6331390198327,924.9017199029888,915.4360540569128,919.3394165039062,11894330,55.09172824810141
2023-06-07,921.5350543493884,922.9988152614023,911.2399478470065,917.4853515625,16486469,53.63794544446837
2023-06-08,913.9722653565424,927.5364732717563,912.6061242779729,915.2409057617188,17608140,51.85406874104974
2023-06-09,918.6563698311431,921.1935315811797,913.581986770486,915.3872680664062,12253128,51.96625610361074
2023-06-12,915.3384739939503,920.7055972423157,910.7520113059578,913.3380126953125,10520125,50.20241098514022
2023-06-13,913.2892496101983,923.3891760871558,911.5326888658717,920.75439453125,13528776,56.02037727516217
2023-06-14,923.1939743649098,924.0722547164398,913.6307485353478,917.094970703125,13489262,52.745794054306465
2023-06-15,917.9732552476846,920.1688965759562,902.0182258592284,904.2138671875,19366819,43.17825701828777
2023-06-16,906.848667243868,915.0945323130579,904.6042457522844,911.6303100585938,11249387,48.922932985126124
2023-06-19,910.9472166078564,911.386356797931,896.5047873782526,900.8472900390625,19351375,42.23684756115441
2023-06-20,898.7004270111945,906.1167918668598,892.6989833999372,903.1892700195312,15212286,44.0261033349324
2023-06-21,905.580064269418,905.97042432825,897.7733395774403,902.3598022460938,9210553,43.51202200904223
2023-06-22,902.0670994269971,912.9476866817438,898.4564771949641,903.3844604492188,27291569,44.37608875282191
2023-06-23,903.6771633220311,909.3858664900742,896.797499098517,901.1887817382812,8767733,42.86305426201426
2023-06-26,904.7017550302205,909.2882175524283,900.8960126007483,905.0433349609375,11749040,46.32306506313721
2023-06-27,907.5317710784503,917.2413971004926,899.920226200877,913.484375,13422726,53.0308581229964
2023-06-28,921.1935016587148,921.1935016587148,911.7278361808255,914.8017578125,25708001,53.99708260567018
2023-06-30,917.7780520093211,919.4369928830703,908.1660462617388,912.0205688476562,13843218,51.58447010643775
2023-07-03,914.36260024857,922.9012051068142,913.874679970956,919.7785034179688,12350359,57.31381443483965
2023-07-04,924.3649684244667,928.3171107716475,919.2418054957484,921.8765869140625,14041699,58.73598933571728
2023-07-05,919.2906163148466,941.4422096300225,918.2659956069979,934.8552856445312,13817767,66.23106601207573
2023-07-06,931.6350338444386,940.6127792872743,930.9519335115064,936.2214965820312,16334427,66.91237101833036
2023-07-07,929.9760462814668,931.9765075014357,920.998301288774,923.5355224609375,8593807,55.67907965161207
2023-07-10,923.1452024012996,929.8785263276142,918.6075198126201,925.4872436523438,12069184,56.87850454492489
2023-07-11,925.4872062607309,929.6833087354524,919.1442426527203,922.1205444335938,16977595,54.155919552153044
2023-07-12,925.4872858960301,928.1708476534083,918.5100015026126,921.5839233398438,21511161,53.71457927777361
2023-07-13,924.8041153240754,936.0750619372393,919.436992216799,932.61083984375,23222286,60.786456944623446
2023-07-14,936.5630336523335,941.6861968997155,928.3659486322887,936.8557739257812,12871569,63.12236190847189
2023-07-17,939.6370109898406,950.2736386246635,929.8297645450108,945.296875,16290763,67.29444920098273
2023-07-18,954.3721096526649,964.0817355638042,947.687625346918,951.8837280273438,29709508,70.13388812891974
2023-07-19,956.3237506038779,956.3237506038779,944.174523696845,949.9320068359375,15994261,68.2433057379209
2023-07-20,952.46920323191,974.0353161719719,948.6146209598538,971.546875,26487838,75.96928962687203
2023-07-21,971.2540840611063,977.2555272465715,964.9111205085835,972.9130249023438,16903003,76.36074543002572
2023-07-24,980.6709603529139,984.3303623695843,966.1796926305509,968.0338134765625,21687719,71.85848953028122
2023-07-25,974.8647427328618,974.8647427328618,964.3744564622128,970.6686401367188,29325327,72.79142770762753
2023-07-26,969.1073019747433,973.6449847104317,966.0822198580079,972.3764038085938,12780537,73.40679796194534
2023-07-27,978.3289995630472,982.1835819158673,963.3498699025234,966.326171875,25932395,67.57570126875115
2023-07-28,964.1305412210621,974.5720478609782,953.4450744239546,972.1324462890625,12584130,70.03566562706528
2023-07-31,971.9372191996074,975.2551010010277,964.7159750720841,974.181640625,14303116,70.87548745986807
2023-08-01,977.4507819784002,979.4512433395982,966.521355109635,970.5222778320312,15508569,67.25066996018795
2023-08-02,961.4469550572353,970.0831205780985,953.8841903765009,963.1058959960938,15787996,60.49762404447888
2023-08-03,952.9571657495217,959.2513497940618,936.8557951782072,941.6862182617188,30994707,46.09952713592109
2023-08-04,945.248063359922,952.4204682670015,938.0268187721877,947.0533447265625,20582882,49.35220388607672
2023-08-07,947.4924556611198,957.7875622222014,944.8088939737933,952.0789184570312,16686062,52.257446951091495
2023-08-08,952.1764341081312,962.7642804453878,948.8097722368316,956.2261962890625,23784778,54.57322022385629
2023-08-09,959.2270199754856,959.5713515147028,948.0600250851338,957.0133056640625,19317331,55.01915835907248
2023-08-10,955.8818683285078,957.9480378042437,943.9770282120568,948.552001953125,24858441,49.40458454763583
2023-08-11,947.8633070091408,947.961670292414,934.679384304923,937.4833984375,17162177,43.19482476974161
2023-08-14,933.6954693282672,947.3713279362361,930.7438503525193,944.0753173828125,19026691,47.43250824263425
2023-08-16,939.057657191525,944.3213540593632,931.3342176148141,941.0745849609375,17930805,45.759039495631185
2023-08-17,941.5173104722998,942.353578529597,931.1866436309263,936.3027954101562,27077611,43.151810192914475
2023-08-18,932.6132578915899,939.5987322998694,930.7438751368339,935.3189086914062,13257508,42.61268487549281
2023-08-21,935.368103582327,943.8293876376395,933.1052076187755,939.7955322265625,13358017,45.92317324168404
2023-08-22,940.9762212582668,941.5173394326239,933.9906864820573,936.6471557617188,16872719,44.00071608190548
2023-08-23,938.6148847885249,952.4382890585223,934.5317876320523,951.2576293945312,14707331,53.68945021781931
2023-08-24,956.8165287761593,966.5568958657866,951.159258811673,953.3237915039062,28389740,54.87837419670553
2023-08-25,947.4205610479281,956.9148999052287,944.7149101731643,954.7504272460938,10275758,55.72361355115226
2023-08-28,954.3076494260563,959.2761961755662,949.4866475992981,954.89794921875,10481574,55.81578372786849
2023-08-29,957.6036107629861,961.4899212525077,950.0770180929742,952.1431274414062,13209913,53.57300842190098
2023-08-30,954.7996350612804,960.1617553156957,939.992357332752,943.4359130859375,13936165,47.12728624389441
2023-08-31,944.5181103324641,950.6181351385301,938.6640537842972,943.2882690429688,36675400,47.023970568086334
2023-09-01,941.4681903275599,957.3577048100217,937.4342746002596,953.077880859375,16268147,54.194420333840725
2023-09-04,953.0778374045047,953.4221689523384,945.0592480110233,951.7495727539062,9512956,53.143344833527806
2023-09-05,948.551951794262,954.3568266156637,946.7318107329097,952.7826538085938,16623486,53.89232924504857
2023-09-06,947.027018710753,953.8649486093547,935.466510050454,942.0584716796875,30802100,45.721974081415404
2023-09-07,941.9600737763301,953.8649135559165,939.3036045546078,950.0770263671875,13462347,51.62714290778857
2023-09-08,951.8971485126772,959.2761961755662,945.7479421269364,954.89794921875,13086915,54.81035772210374
2023-09-11,959.226986017833,966.1632786045712,953.7172612295014,962.4737548828125,7894110,59.33860194912332
2023-09-12,974.1326718812546,979.1012787688176,966.802865781473,974.5262451171875,20959591,65.29654443119733
2023-09-13,973.8374633789062,978.8060099166414,964.7366383159148,973.8374633789062,21997553,64.71297187045619
2023-09-14,976.2972153487822,976.887575209195,966.4093032080317,971.7714233398438,11464188,62.89713300369704
2023-09-15,974.3786547753372,981.4133711300916,972.6568769312493,976.44482421875,13307980,65.27100431886441
2023-09-18,974.132655768785,980.1834988788135,971.3778233153545,974.2310791015625,16713222,63.207995958744775
2023-09-20,965.7205606456862,979.9375379402288,964.8351109491382,971.2302856445312,25741856,60.420230444750395
2023-09-21,964.1464092816628,966.6552735540002,942.0092656124872,943.8294067382812,19742813,42.14263737270555
2023-09-22,941.0745732661131,945.4036387107805,932.1213525224977,934.9745483398438,12701888,38.12853406414584
2023-09-25,934.9745211428321,945.6987611069428,926.3164505561931,940.9269409179688,8997098,42.11963511532219
2023-09-26,943.4850895612307,943.4850895612307,931.8261576873732,933.400390625,10521409,38.71860048751385
2023-09-27,931.0390306872603,931.2358173022473,919.3309777310822,927.890625,15152973,36.40138610557971
2023-09-28,930.2519986326986,931.9737765254613,919.6753630057271,927.3987426757812,25991282,36.19313584579921
2023-09-29,931.4326152919225,940.5826225175415,928.4809961836039,936.5487670898438,10447334,42.753965452602365
2023-10-03,936.2535565130627,936.2535565130627,923.8567802867412,925.1358032226562,11131636,37.56547402414232
2023-10-04,919.9212698646451,920.4132063725941,910.0825397056649,915.0510864257812,17334739,33.67644737073297
2023-10-05,920.118033512241,928.7269221864746,919.4784920475328,925.6768798828125,10478856,40.64857808639021
2023-10-06,930.743934599139,931.2850527835039,922.8729499513662,929.9568481445312,6355755,43.2369536817001
2023-10-09,925.0866714522842,926.8576310013959,921.2003607425811,923.4632568359375,6725306,40.3609673263649
2023-10-10,925.2342295793238,942.0584345201288,925.184987886715,935.8600463867188,11452715,47.53568332506809
2023-10-11,939.5003896293223,946.5350458326664,935.4172924942318,937.7293701171875,12233117,48.5409830947547
2023-10-12,937.4833935799946,944.6164730548359,933.105206632664,938.86083984375,7836818,49.175795283157406
2023-10-13,934.6301694921657,941.9600353612119,929.317231265394,935.9583740234375,6650442,47.555141999740755
2023-10-16,933.2035679262765,939.4511376395518,930.8914903286628,936.0568237304688,5763024,47.618201586942334
2023-10-17,939.9922889934013,945.4527721377236,936.1551602699086,938.5164794921875,7747527,49.25971961887223
2023-10-18,933.892332658969,935.3189606246175,923.9551785937446,928.5302124023438,12000153,43.32359186094723
2023-10-19,920.9051479428266,929.7600051345846,918.9374019002138,920.6591796875,8612676,39.30333392082751
2023-10-20,916.9696757843909,924.8406601258879,915.0019296990167,917.7075805664062,6586576,37.883650148811256
2023-10-23,926.8084170823352,929.5632496240031,910.4761484024964,914.9527587890625,11856890,36.55641862753376
2023-10-25,911.1155983660612,918.7406142727789,896.7018946503207,901.3260498046875,12593434,30.80697206394656
2023-10-26,899.5551235944749,901.8180196143733,884.5018778394127,893.9962768554688,21693345,28.234629970467367
2023-10-27,901.227738868632,903.3430900053108,896.6035233948352,898.0301513671875,8645505,31.618657428951536
2023-10-30,894.4389499383923,911.3615781096987,893.553500239537,909.9841918945312,7687791,40.563079298044464
2023-10-31,914.3131752513102,915.9857713767747,899.3582935043779,900.588134765625,17211107,36.51959121725553
2023-11-01,899.0631137871601,902.801819087158,894.6356853935422,899.30908203125,12927203,35.99360056183251
2023-11-02,905.2123769553756,909.8857738877014,898.0792974270889,905.114013671875,9747311,40.20304275032049
2023-11-03,913.5753279987291,919.4293847809116,911.8535501246075,918.7406616210938,7146961,48.72742456779795
2023-11-06,925.8245118398002,932.4656547249422,922.2825929880618,930.2027587890625,10338367,54.59127458437865
2023-11-07,928.3825689148798,935.122135214151,915.4446745754223,932.8099975585938,15704942,55.82875619107732
2023-11-08,933.1543790682605,933.1543790682605,919.035765182007,920.6591796875,17606074,49.11149841467745
2023-11-09,918.9373868552664,927.1527024283356,917.953513850068,922.2333374023438,9406117,49.95163780395722
2023-11-10,919.8229744492044,926.2673311686412,917.3632917279805,923.4632568359375,9560455,50.63735215063088
2023-11-13,925.7261812013599,925.7261812013599,916.9696869940611,919.3801879882812,11470096,48.27279127044643
2023-11-15,929.169741735814,929.169741735814,923.6108349273643,925.9229125976562,19492138,52.13021715676139
2023-11-16,923.8567704420823,930.9406682319986,918.9374053172576,920.9051513671875,19706373,49.10576274857563
2023-11-17,911.6075526979567,923.2664842460193,905.3108012759441,906.9833374023438,10956653,41.850848359919134
2023-11-20,907.1309619231906,911.8043589612981,902.7035331502466,906.58984375,10562301,41.663486139262744
2023-11-21,909.4922588007951,913.0833593528811,907.1309394932731,911.164794921875,8989572,44.759944748222225
2023-11-22,908.3607719626023,910.2793363749666,899.9978512350831,907.8688354492188,12197979,42.989559098470956
2023-11-23,908.1148071289062,910.4268847301861,903.6873784917665,908.1148071289062,5534614,43.17021090565748
2023-11-24,906.639000110985,915.3954941269687,905.3599771779697,914.41162109375,7452002,47.73595309446825
2023-11-28,913.9197163754527,916.0350074399643,906.8358182796372,910.5745239257812,14231987,45.34520756365203
2023-11-29,915.8874351292822,925.9228920765872,911.0664332225615,924.4470825195312,11680078,54.2636276212841
2023-11-30,923.8076235957443,925.6769463830785,913.2309881790077,919.8721313476562,23950292,51.29116231731573
2023-12-01,920.8559820278334,936.6471322793062,917.9535445552444,931.4326171875,16986046,57.61010754874666
2023-12-04,948.1584573156929,978.8060663731462,945.8955613418391,975.2149658203125,33131257,72.27802913962951
2023-12-05,986.3327787602838,999.3690972825519,979.0029121847634,997.106201171875,31378461,76.63198469913195
2023-12-06,997.6472527517989,999.8609670700351,984.1189985847997,987.0706176757812,18786590,71.11763578904115
2023-12-07,980.2818725979603,986.037565872625,972.2141617664823,982.88916015625,11841945,68.89314841781678
2023-12-08,978.4617345457,996.5157807404588,977.2318932503937,994.5480346679688,16116363,71.56391571001369
2023-12-11,990.8585350218602,1003.5505215202488,988.4480940647678,1000.697265625,11714606,72.88618374963151
2023-12-12,1000.6972103966642,1004.5343391404565,992.3342898455438,999.31982421875,12380856,72.07766990908354
2023-12-13,998.43433885667,1004.2392137541405,992.9246739088817,997.5488891601562,15887040,70.9873909104752
2023-12-14,1005.7641705011573,1023.2279161860637,1004.7802975048245,1016.9803466796875,16317672,75.38678338136751
2023-12-15,1026.819128412104,1026.8682500033867,1009.1585351765273,1020.669921875,14306067,76.12701613391
2023-12-18,1013.3399724649145,1013.3399724649145,1001.582737875324,1004.9771118164062,8592711,66.90982016007847
2023-12-19,1008.9618258446333,1008.9618258446333,996.2698393148889,999.0739135742188,10094256,63.78139780992403
2023-12-20,1005.5182598581188,1005.5182598581188,985.8407988041439,990.4158325195312,16490281,59.39503432438636
2023-12-21,980.4786481484716,994.5972620458951,973.2472054564856,988.2020874023438,18064916,58.29119915566346
2023-12-22,986.775479446596,993.2690175032114,975.6084843898132,978.2649536132812,20881976,53.48598963318073
2023-12-26,978.8553364159527,981.4133823646852,973.9359710908165,979.0520629882812,14339699,53.81078405449679
2023-12-27,981.856149768816,988.6940796680807,976.002092947119,986.0867919921875,12996468,56.71957972620559
2023-12-28,991.7440268494004,995.3843691168538,982.9875327507294,989.6779174804688,24915990,58.16785350440708
2023-12-29,987.8576980727095,992.2851266822139,977.6746362911867,980.52783203125,12280140,53.27603489573462
2024-01-01,975.5592756483813,988.6447747328209,975.0181575005023,983.28271484375,7683792,54.51627562421523
2024-01-02,980.9214292212157,981.5609707229919,964.4415556610799,966.4093017578125,16263825,46.39344474306207
2024-01-03,968.8197783020528,972.0665472696064,959.3745612454451,968.1802368164062,16826752,47.28127614515043
2024-01-04,970.4923808719859,973.1980317046522,966.0649522367138,971.2302856445312,22789140,48.85245713557971
2024-01-05,972.0665334175308,982.2004134055409,967.9342547673281,977.6746215820312,14875499,52.10068643807529
2024-01-08,977.9698066167579,982.1020854154484,964.4907338916496,966.163330078125,8393164,46.4286556784795
2024-01-09,970.3447595485834,978.9536484165683,959.6697613726194,963.9495849609375,14660414,45.40492356047723
2024-01-10,958.5874760008375,978.9044779822007,958.5874760008375,977.0350952148438,9409181,52.12476285752047
2024-01-11,979.2488085023233,982.3972141884088,970.9350694416869,975.165771484375,6451345,51.156080891140164
2024-01-12,978.7568819517846,992.432741141072,975.7560812090544,987.3165893554688,12255743,56.778722443304154
2024-01-15,987.3165782754367,995.3351674307465,983.1351179289786,993.5641479492188,12388044,59.368610982381284
2024-01-16,989.8746620709588,999.4182427672283,988.3988524803248,992.777099609375,11505126,58.8898708577677
2024-01-17,971.9682016234104,991.5472391168444,960.9979931914172,965.9173583984375,41914771,45.42689436076735
2024-01-18,958.2431259931632,978.2649176405237,954.5044205813539,970.443115234375,17902484,47.600600688101935
2024-01-19,975.3133165907817,994.5972638899035,971.6237927511231,983.0859375,23271148,53.207652092012644
2024-01-23,1042.0199023424595,1042.3151122922168,1004.7311505255955,1012.45458984375,50797448,63.08850678566399
2024-01-24,1012.8480364224022,1019.2432110778104,980.5770732992008,983.0859375,34578943,51.39981483656545
2024-01-25,982.2988759526587,998.7295078271164,972.214177202352,993.66259765625,28315035,54.65792854323487
2024-01-29,1003.5504637146486,1015.3569397583503,993.7117336782304,1000.008544921875,14078922,56.5404757399474
2024-01-30,998.5819848189448,1007.338419115052,991.7440549694523,1000.5005493164062,16085742,56.690611371623916
2024-01-31,1000.4020967435955,1022.2440902784828,987.070629039353,1011.569091796875,25627447,60.035483420346175
2024-02-01,1017.2755035530364,1017.2755035530364,1000.9924764517363,1008.6174926757812,13058880,58.7328267159114
2024-02-02,1020.3746743205556,1033.0666601657867,1005.1738843616477,1007.4859619140625,14774650,58.211363813568916
2024-02-05,1006.0102065272255,1009.8964570838909,995.7779026556566,1006.9940795898438,12948430,57.9704129743852
2024-02-06,1007.0432159063025,1018.2102106949073,1000.3037097510473,1009.8472900390625,12886927,59.02977949325105
2024-02-07,1011.4214656725248,1014.9142629380416,996.6633703562916,1005.6658325195312,16410895,56.77138815033959
2024-02-08,1007.5843506463148,1011.6674477599702,969.3609072749921,973.3455810546875,20565502,43.058746001455106
2024-02-09,972.9028503266528,997.401313514954,969.6068995994941,994.4005126953125,12799837,51.30959768059891
2024-02-12,994.105320862232,995.876280283492,969.360890452768,980.035888671875,8050066,46.37264739287151
2024-02-13,989.7762629977263,1010.4868382114652,984.1681747459204,1003.3536987304688,18706292,54.09421903536183
2024-02-14,993.2690157159769,1018.997259686499,991.3012696355923,1006.2069702148438,17878720,54.94901730656462
2024-02-15,1006.3544812043777,1010.0932466717068,990.3665448403932,1000.2545166015625,10069878,52.7425622479897
2024-02-16,1006.6989262673613,1009.650485394361,1000.5005380040549,1006.7481079101562,7159395,54.87148458307446
2024-02-19,1006.8464465307476,1029.1311947979043,1006.8464465307476,1026.91748046875,9388255,60.78131235011457
2024-02-20,1024.2610180558977,1035.6739206502066,1016.5867607398595,1031.8367919921875,11293528,62.085458335377
2024-02-21,1039.7569873370444,1046.8408245754547,1031.0988572886058,1034.985107421875,15946325,62.93494467556188
2024-02-22,1038.969987954932,1048.808718901475,1023.5232284095382,1045.5618896484375,13432573,65.7141789173559
2024-02-23,1052.744218252001,1052.744218252001,1040.5934094728898,1044.1845703125,13142759,65.03035795599259
2024-02-26,1036.1166162761153,1045.1683197973161,1033.558570535963,1037.1988525390625,7875941,61.53290549183963
2024-02-27,1033.8046204513494,1049.0054112267308,1029.6231599356051,1043.1021728515625,10580973,63.32781460826556
2024-02-28,1045.8569952406344,1047.6771362637548,1025.3432672847086,1029.327880859375,7730332,56.68189532258702
2024-02-29,1026.22885861961,1043.5941223069317,1021.7521880889905,1035.231201171875,20944844,58.68313748126942
2024-03-01,1037.986009477885,1072.3723226042753,1037.0021364831193,1069.37158203125,14909562,67.91499353919147
2024-03-04,1063.5667080999103,1077.3409300364494,1062.6811983836533,1074.733642578125,11424581,69.08341944812116
2024-03-05,1068.6829125129027,1081.7684727754213,1059.1393914895327,1070.503173828125,9222544,67.010032607552
2024-03-06,1062.878109231162,1095.5918883060335,1062.878109231162,1079.4071044921875,21796484,69.11131260745285
2024-03-07,1077.2917746056637,1077.3410163000535,1065.2393294461426,1070.4046630859375,9963926,64.62909118602445
2024-03-11,1070.404535791999,1070.404535791999,1059.3852067115477,1061.3037109375,13310362,60.36670452312372
2024-03-12,1059.6804892440682,1077.1442354316735,1038.625582496139,1059.483642578125,21785435,59.521265089010924
2024-03-13,1059.77885170946,1072.0772645081547,1055.8433596138777,1066.4691162109375,24855870,61.736224123050135
2024-03-14,1062.5828370894137,1079.4070413229927,1057.7127137934276,1066.124755859375,14231421,61.557402093944695
2024-03-15,1054.7119299877845,1068.7321212212976,1052.7441838497475,1062.92724609375,66192734,59.82461855629841
2024-03-18,1057.7128263089558,1067.3055890531218,1042.9547297794695,1063.7635498046875,8769440,60.1406505595889
2024-03-19,1061.0578145795118,1071.1917547663113,1057.9094689437209,1066.4691162109375,16708715,61.20390671952304
2024-03-20,1062.5829470306016,1072.4216780216257,1050.2845332918216,1067.0103759765625,18725251,61.42559318966442
2024-03-21,1074.3893386064215,1082.2603227720363,1061.7465943107402,1064.3538818359375,19992607,59.62479158910189
2024-03-22,1063.7143347625467,1076.061869046459,1061.303773813482,1072.716796875,17214415,63.27495533441874
2024-03-26,1063.5667354159368,1071.585324555275,1059.58200164128,1066.22314453125,13367635,58.82766756571806
2024-03-27,1066.223219242338,1074.8813504721743,1062.1402420015347,1066.2724609375,26907245,58.851321661253365
2024-03-28,1067.5022626495677,1087.2289654055658,1067.5022626495677,1075.66845703125,22070566,63.19040511518782
2024-04-01,1078.3740966909645,1085.162724605495,1076.7998037410023,1081.916015625,10848191,65.77469724362074
2024-04-02,1076.7998684057336,1076.7998684057336,1061.845045296533,1063.7635498046875,14380396,53.92783081749255
2024-04-03,1057.6634084362693,1066.1739333709988,1054.9577578565486,1059.827880859375,15477184,51.75145056311381
2024-04-04,1067.2562910312008,1068.2894057744195,1046.2997470246664,1061.451416015625,21419689,52.60125018405696
2024-04-05,1052.7441775200211,1068.4861465296663,1050.235253168432,1065.9281005859375,15340637,54.95705100699964
2024-04-08,1060.9594232885527,1074.1433454810406,1058.9425557038237,1069.6175537109375,8023461,56.86006236625523
2024-04-09,1074.340076856861,1097.2643658518941,1070.7490364796934,1089.1966552734375,12298463,65.25040594825185
2024-04-10,1093.0337202336968,1098.5435054120717,1087.3273285870816,1091.5087890625,10598000,66.08917702594731
2024-04-12,1085.7038457563601,1093.9191612122947,1078.1280717650227,1086.58935546875,12216657,62.62554266868099
2024-04-15,1082.4570746408115,1088.3111913118553,1059.2376948297706,1060.95947265625,10526597,48.39507776708755
2024-04-16,1053.2853525855292,1057.2699664181264,1045.561852981989,1049.841796875,11278092,43.75092116894781
2024-04-18,1056.67972736376,1060.66446152718,1033.5094674241823,1038.4288330078125,16564216,39.55457325648742
2024-04-19,1035.9691407376135,1054.7119714804403,1031.1973801854901,1050.03857421875,11284433,45.30189304471492
2024-04-22,1061.4023525762484,1071.1426002239434,1053.088552786897,1069.125732421875,10346714,53.18333692267245
2024-04-23,1082.2603648639933,1082.2603648639933,1065.239312903183,1072.6676025390625,9848215,54.493668945390795
2024-04-24,1074.6353155118281,1080.686158658188,1071.4377281688085,1079.062744140625,5461309,56.842436477282995
2024-04-25,1072.4215900322672,1107.4966871577883,1072.3723483406734,1095.78857421875,19905338,62.32015287721448
2024-04-26,1094.2144193811591,1101.9377986819404,1084.9659888361693,1090.032958984375,14190059,59.520538387847516
2024-04-29,1090.1313056288498,1144.6870165205935,1090.032942347235,1141.4403076171875,28578063,71.73426394315803
2024-04-30,1141.2434493596547,1150.6887263324581,1128.2563736745785,1131.8475341796875,29568491,67.63337369636648
2024-05-02,1124.5668940413143,1136.8653071432534,1114.9741318218018,1121.0740966796875,25118334,63.25944527477339
2024-05-03,1122.8944193922243,1138.7347523146345,1117.1386656639672,1123.63232421875,19933604,63.857171503796806
2024-05-06,1123.1403237344898,1139.767682131019,1119.7458896646774,1127.813720703125,14970524,64.86336979578891
2024-05-07,1129.4369636309043,1134.1596020771042,1108.1362092373274,1113.6458740234375,15097728,58.881868465926445
2024-05-08,1108.3823240237211,1113.7443845482246,1098.0516561458446,1104.8895263671875,19913090,55.4767994029625
2024-05-09,1102.4790338657724,1110.6451084134283,1092.0991247743116,1097.7071533203125,12229853,52.78062184051746
2024-05-10,1099.9700317150034,1110.6942716080541,1094.1160353113987,1099.035400390625,8573656,53.23327921824
2024-05-13,1094.4604418124766,1112.4161255815404,1088.8522931770124,1109.808837890625,9707983,56.846737830094455
2024-05-14,1107.7427007496667,1109.7104468669584,1100.5112577889583,1102.47900390625,8944262,53.80094344007847
2024-05-15,1104.003936981434,1109.612085486358,1095.5426526828924,1106.2176513671875,10743423,55.12174051995542
2024-05-16,1114.7281968433215,1118.2209943092364,1094.8540087178606,1112.8096923828125,14265565,57.43258309054538
2024-05-17,1112.8096108108375,1125.5507181902365,1102.528065843281,1112.2684326171875,8641784,57.172273395281366
2024-05-21,1104.1022778238569,1115.5153011731006,1098.2482812745363,1102.8724365234375,10452900,52.706298501484056
2024-05-22,1106.857133236162,1107.742642963088,1080.3909253188892,1093.1812744140625,17527411,48.49830473647372
2024-05-23,1097.5596331640875,1118.6636621265907,1093.4765359706398,1116.2039794921875,13787687,57.23364760147188
2024-05-24,1111.7765639224867,1116.6959292495774,1106.0209305101291,1113.695068359375,6312670,56.11662090000062
2024-05-27,1113.6459433951586,1129.2895491082788,1103.4628812192523,1111.579833984375,11599857,55.13953415320617
2024-05-28,1114.2361779831701,1116.8925870555686,1106.8571304468578,1108.775634765625,9311718,53.80208954158703
2024-05-29,1097.067741329381,1105.4306626270395,1080.7845935856149,1084.2281494140625,19268547,43.789141314380586
2024-05-30,1079.308747806472,1102.9217012680538,1079.2103845207203,1095.7393798828125,15255387,48.61829230799103
2024-05-31,1099.970086377496,1112.366862972861,1093.328943190512,1102.970947265625,26197718,51.44069144518714
2024-06-03,1151.1314549939386,1154.0830741093077,1117.974981638635,1141.292724609375,25699977,63.02999412360617
2024-06-04,1139.2265453107807,1140.702354777864,1036.5594240710273,1054.170654296875,43476837,39.783582372593955
2024-06-05,1067.5022525173526,1105.1353964425034,1034.0998107211954,1090.7708740234375,42172104,48.39442189901014
2024-06-06,1099.970087057546,1099.970087057546,1078.9151794387894,1092.49267578125,18574162,48.76559493206813
2024-06-07,1092.4926581643756,1110.104009770429,1085.8022733872265,1103.6103515625,17197635,51.205999000386086
2024-06-10,1098.0022563128857,1114.9248236920885,1097.1167466019742,1105.676513671875,10851455,51.666765581822354
2024-06-11,1101.6919214874545,1110.8419895056586,1093.0830317236544,1100.1668701171875,12250002,50.30265602171057
2024-06-12,1102.9216850641683,1115.1217348604168,1094.0668276461688,1101.4951171875,16096514,50.640989109878305
2024-06-13,1104.1021886675976,1105.0860616284854,1087.1796217809997,1089.49169921875,12494254,47.49423412926885
2024-06-14,1096.0345294527124,1096.0345294527124,1081.719129164698,1087.8192138671875,11377979,47.055488190646265
2024-06-18,1095.9853271941342,1116.7451444635597,1083.4409459075023,1104.7418212890625,18306176,51.897537121912
2024-06-19,1109.75950368303,1146.75322461017,1107.9886043418487,1125.993408203125,34309514,57.19221726263911
2024-06-20,1135.4386364718932,1141.2926325377728,1117.1877450402078,1138.144287109375,15475933,59.909383216130294
2024-06-21,1144.7854792681483,1151.033048809149,1132.0934935247788,1139.9644775390625,69259425,60.315738165669025
2024-06-24,1136.0289470067053,1156.6902793435293,1134.0612010698649,1151.229736328125,12210295,62.82704041374083
2024-06-25,1151.3773811074136,1186.5508409447048,1148.8193353214021,1178.630615234375,27309845,68.11277559562316
2024-06-26,1182.6154524579229,1203.1291823342124,1174.59686276576,1198.357421875,25403461,71.27908605019547
2024-06-27,1208.5403632954783,1215.083142699582,1189.6008082372055,1200.2266845703125,20516632,71.56719366582567
2024-06-28,1207.2122974343558,1207.2122974343558,1177.0565628057336,1180.254150390625,12507092,64.16130485161581
2024-07-01,1180.25407382428,1195.7500741919466,1172.8259044392062,1192.3065185546875,8636894,66.41956230524724
2024-07-02,1197.3734411453652,1197.3734411453652,1166.4306833322826,1171.399169921875,16153925,59.42440680139756
2024-07-03,1177.54840489326,1196.24199235147,1160.428990253299,1182.2218017578125,22330897,61.67453569315806
2024-07-04,1209.179986290108,1215.033982934888,1194.7171004020095,1213.115478515625,15275791,67.25652152038114
2024-07-05,1205.2444756355717,1222.5606171427328,1201.1613784936928,1213.509033203125,9535575,67.32181643933649
2024-07-08,1209.0816030717467,1219.5106332770943,1197.2751265898385,1215.1324462890625,6617190,67.60875626688477
2024-07-09,1215.0339475267522,1230.038011199292,1209.4751610015549,1228.1195068359375,13366874,69.88677211900999
2024-07-10,1232.5469141994527,1232.5469141994527,1216.4113728030459,1223.15087890625,18226503,67.91875386913628
2024-07-11,1226.2501602309792,1237.5155787915146,1205.2937361837155,1218.4775390625,11307116,66.03516979726943
2024-07-12,1215.9687089511149,1232.6945505595163,1210.2621973028672,1213.01708984375,12208290,63.80848162364482
2024-07-15,1213.213848187686,1218.4775450466864,1204.309869041595,1210.1146240234375,15612671,62.600158841956194
2024-07-16,1210.1638079399554,1224.9219031587354,1209.1799349253702,1219.9041748046875,12320605,65.00709662178204
2024-07-18,1214.9849267751276,1236.1873202209238,1211.8364607641408,1230.1365966796875,10999632,67.37084523575335
2024-07-19,1223.9380279933182,1230.3332025768846,1220.2485041951068,1228.5130615234375,7958817,66.6021092071105
2024-07-22,1220.0026771573469,1225.2172527697476,1213.0172019778342,1221.1341552734375,9958965,63.079162012419374
2024-07-23,1221.1341050565184,1228.5131532036169,1192.9461171142627,1206.96630859375,19369832,56.860133281890604
2024-07-24,1205.2444794873966,1213.7550053424823,1182.6646411572679,1203.2767333984375,20122521,55.33025623021085
2024-07-25,1186.0589540798987,1198.6033353860112,1171.3992217096722,1178.58154296875,14154461,46.34254285509458
2024-07-26,1170.808877642708,1200.3250678353813,1166.824143926023,1187.7314453125,19309265,49.608656081789285
2024-07-29,1195.5533833447412,1222.7082560181059,1184.7307795900044,1193.142822265625,28458261,51.4893338868677
2024-07-30,1193.4379877337221,1211.0000973333736,1184.976703679443,1189.9451904296875,23972277,50.29483110047202
2024-07-31,1199.3412284660044,1204.9001351285349,1191.4702441938732,1195.307373046875,22297629,52.293519520605464
2024-08-01,1192.946036063854,1202.9323712314479,1187.4363711753606,1190.584716796875,8725046,50.372352193487316
2024-08-02,1177.6959907114142,1182.2710242194773,1170.9072429350965,1177.2532958984375,10735395,45.311742201912075
2024-08-05,1162.937883324056,1169.7266310287719,1148.1797883580148,1153.689453125,14306771,38.03765178091153
2024-08-06,1156.0508158159441,1168.5459553164283,1142.768529846995,1148.0322265625,13575619,36.52178153780215
2024-08-07,1159.9370447242293,1160.7734328695763,1142.8668719088475,1153.5418701171875,15753644,39.068578111817004
2024-08-08,1148.1305589944793,1155.4604849673224,1140.2104533386794,1145.8184814453125,10806438,36.83743232190367
2024-08-09,1157.5758097480823,1161.9047548052447,1150.1475206629223,1152.70556640625,8687307,40.12129491673867
2024-08-12,1162.0336803927066,1169.228167312303,1147.1485350418181,1163.8199462890625,10860455,45.08337237612822
2024-08-13,1174.1402001247322,1180.143923785119,1154.6903013699869,1159.4039306640625,13117927,43.53952324768652
2024-08-14,1158.0642597488902,1161.090954297597,1144.1714580038308,1152.7552490234375,13431801,41.24921583489105
2024-08-16,1161.0412636212889,1183.8651517095705,1156.7245959708455,1178.1591796875,10961370,51.703134545655274
2024-08-19,1181.8804727263328,1186.5941018157116,1164.3160506791048,1166.8961181640625,6686394,47.65449129722117
2024-08-20,1165.2091443736933,1180.6897926432184,1161.041352076898,1170.4189453125,10427061,48.99968569732414
2024-08-21,1167.9876876109618,1169.625077755297,1156.178781920312,1165.8541259765625,17234142,47.3033399481855
2024-08-22,1172.9494391539793,1183.468250844818,1167.5907626667606,1181.979736328125,8564142,53.43599651572426
2024-08-23,1183.8651886303296,1195.7733045260243,1179.449310773257,1194.2847900390625,7518309,57.50044798311313
2024-08-26,1196.3191076607097,1205.647034605679,1191.8535643266057,1204.009765625,10920226,60.43947365516556
2024-08-27,1204.0098351320562,1223.0627726699063,1199.6435016150756,1216.9598388671875,16295325,64.00878119607688
2024-08-28,1213.2882407138438,1217.009527109644,1207.9792296829603,1214.47900390625,12291305,62.8391140433921
2024-08-29,1209.6164607584685,1225.5436144859966,1207.681440347739,1212.5439453125,10806748,61.88912626629703
2024-08-30,1220.5818867193016,1226.0894388087463,1209.5669036760319,1219.7879638671875,21211148,64.07846503587444
2024-09-02,1229.5129791826912,1229.7113993287953,1213.1393196536237,1220.5322265625,12516759,64.30534629093894
2024-09-03,1217.8033299887798,1241.371477184039,1211.055469999512,1238.1463623046875,19114907,69.25463858630165
2024-09-04,1230.3565014424944,1234.176997942738,1223.3605556490777,1226.88330078125,13505843,63.21844017045034
2024-09-05,1228.5206798050983,1235.3182053814185,1221.8720299114532,1226.486328125,9142811,63.00998492124282
2024-09-06,1216.5628019074484,1224.4520011114125,1195.7732653744783,1198.899169921875,10170479,50.53840102623738
2024-09-09,1193.6893937018356,1228.8183593866072,1191.2580807218426,1225.5435791015625,13863250,58.98269221490935
2024-09-10,1227.4786328440832,1231.844966297702,1217.6048683884173,1227.8260498046875,15545130,59.61869526247905
2024-09-11,1222.0704612349368,1229.8107854485313,1217.009535927106,1226.88330078125,11993242,59.21031478009338
2024-09-12,1228.520699503871,1247.3752175091806,1216.9598787103319,1242.5623779296875,15376442,63.66773951616062
2024-09-13,1242.4133910945052,1246.333097348584,1232.5396270556282,1240.7760009765625,9877288,62.82536354753588
2024-09-16,1241.4210578615323,1255.9092410243197,1235.169248684242,1253.1802978515625,8973335,66.17226682893616
2024-09-17,1250.302517024621,1262.508384404533,1248.7644580527592,1258.39013671875,11513121,67.49591100664647
2024-09-18,1252.3368930345305,1285.4315085718288,1252.3368930345305,1278.485107421875,12466597,72.0403282148364
2024-09-19,1278.4851014958492,1290.0459218689532,1275.5080724453824,1282.107177734375,13172268,72.77907774087744
2024-09-20,1285.0841618950908,1351.9184375163336,1281.6606270608918,1328.201416015625,73257767,80.01560987189525
2024-09-23,1320.80849505564,1321.60241788708,1298.4807781970735,1311.7781982421875,11380409,72.60907833925484
2024-09-24,1310.8850653274296,1321.2054564579635,1305.377513381459,1308.50341796875,13886037,71.19396273265713
2024-09-25,1300.7135877579847,1317.583418764573,1300.0685405806087,1313.7132568359375,8728019,72.12474200069414
2024-09-26,1309.892782398436,1323.1405374478413,1306.8165432729581,1318.87353515625,11100869,73.05349275984945
2024-09-27,1322.793216287465,1322.793216287465,1293.8663936696585,1296.5953369140625,17117379,63.25485364437034
2024-09-30,1282.2064133181361,1286.870498271365,1261.168789397214,1263.252685546875,12622212,52.01079672925125
2024-10-01,1260.0772141126831,1270.4471502080723,1257.8939867892805,1264.6419677734375,10972413,52.39054640252482
2024-10-03,1244.0011592918727,1256.0581509565811,1238.5929384016897,1246.7301025390625,17648551,47.20411384398215
2024-10-04,1237.5508987809962,1254.7184806872842,1226.734336136113,1230.2572021484375,13488887,42.989196365398875
2024-10-07,1232.0434743858432,1253.2795172340534,1215.6201496244253,1224.4520263671875,20667247,41.58015006077343
2024-10-08,1231.4976811477177,1238.245662101406,1220.3338222332038,1227.13134765625,12219259,42.51663803017067
2024-10-09,1233.5319821121263,1255.4130720043904,1223.2115909568488,1234.62353515625,14765997,45.16378330218908
2024-10-10,1237.2036303622588,1245.0927087268437,1228.520629146562,1233.978515625,9118195,44.97177299777921
2024-10-11,1227.528300150437,1231.299252032795,1212.6431550394777,1213.635498046875,8472512,39.29731607354832
2024-10-14,1211.6507942721546,1228.4214150784755,1208.0783837250117,1222.3184814453125,11833929,42.625023196840395
2024-10-15,1229.4632721003522,1248.6652054451272,1225.9405272443164,1245.8865966796875,11657338,50.549151775675774
2024-10-16,1238.9402364127245,1245.340800313192,1232.0930454805564,1233.6312255859375,7869727,46.92024696074417
2024-10-17,1239.8829828601924,1247.3255557801638,1215.024861988864,1221.8223876953125,8459497,43.66725510726122
2024-10-18,1218.547563181441,1259.1840825393742,1215.8682854811916,1254.8177490234375,11018126,53.39080227382427
2024-10-21,1254.8177669815936,1262.607635574402,1240.9746301061532,1249.4095458984375,7742775,51.81217209598795
2024-10-22,1256.9016668439735,1275.0615928812024,1250.1041412654479,1257.7947998046875,20090801,54.079271831259
2024-10-23,1251.3445279562577,1258.2412633793258,1233.5320194899548,1242.0164794921875,14055447,49.372257752735905
2024-10-24,1240.6768573006573,1250.7987076222266,1231.547349996325,1243.15771484375,12223031,49.71318984293584
2024-10-25,1237.6998715609657,1259.184122863092,1224.7497462785968,1245.8370361328125,13546055,50.55504155418042
2024-10-28,1275.6569864282283,1297.7862848220739,1270.794481272672,1282.95068359375,24096412,60.43556596225783
2024-10-29,1291.3855165608227,1325.1251779791885,1289.3016205238707,1321.6519775390625,20656117,67.68683485621668
2024-10-30,1313.8621457191011,1320.7093367177222,1295.6030101013187,1302.1029052734375,15055031,61.550282384160354
2024-10-31,1297.2403694104125,1308.8507339009743,1278.6836040126998,1282.355224609375,23497314,56.0247422228267
2024-11-01,1280.0727600114117,1286.2749035463628,1276.4011394929669,1281.90869140625,1007022,55.902534533168236
2024-11-04,1280.221658871375,1281.908714624808,1260.3252547322475,1267.42041015625,14309121,51.94342901553155
2024-11-05,1263.2526375453915,1291.3359928673021,1253.4284176295798,1286.7711181640625,16431920,56.38620235837079
2024-11-06,1290.2940335374446,1304.9310933295442,1282.8017951557133,1292.3779296875,12037405,57.60906630673373
2024-11-07,1287.2177364325325,1292.824498565034,1265.4854006783698,1268.908935546875,9909035,51.14480416184533
2024-11-08,1260.2755859661174,1265.2373008714958,1243.108003939261,1249.2109375,11195808,46.43516717170638
2024-11-11,1252.3369021242906,1266.1304944492979,1237.1044608620273,1259.5810546875,8387780,49.092895393565406
2024-11-12,1266.3785236970411,1285.084164724792,1254.817703702316,1260.8709716796875,13486168,49.429015894636734
2024-11-13,1260.8709623351128,1266.477724382224,1240.4287212362626,1244.100341796875,12260404,45.246180068775296
2024-11-14,1244.149990424334,1257.993126310203,1233.5319691696748,1247.325439453125,9506892,46.18923331319716
2024-11-18,1250.3521900785158,1252.9322576721884,1239.8333784208526,1243.852294921875,6195554,45.28467265938645
2024-11-19,1247.4248442373848,1251.3445507199667,1231.3488145998942,1239.53564453125,11537317,44.12797555962617
2024-11-21,1238.9899233393824,1247.2759633109613,1223.1124350544421,1240.974609375,9593870,44.63565151898048
2024-11-22,1248.3675121917486,1271.588362957257,1246.3828261628269,1268.2640380859375,11604338,53.301718361253286
2024-11-25,1286.0765977985961,1301.160163762971,1280.1225394754547,1290.9886474609375,22717581,59.04993470820613
2024-11-26,1300.5647702425501,1304.1868465830694,1292.4771502005863,1294.9580078125,7646955,59.976666886419046
2024-11-27,1288.5573723920809,1300.812784090288,1287.9123252215186,1290.740478515625,21938082,58.46275300592383
2024-11-28,1291.0878806767676,1300.4654733696732,1272.4814498292426,1276.5003662109375,22803745,53.54799594229402
2024-11-29,1273.275310189296,1293.2710463550777,1273.275310189296,1290.1451416015625,11397228,57.25596396759099
2024-12-02,1289.946649219065,1300.5151260626694,1279.2789623057151,1294.6602783203125,9626400,58.438228796649156
2024-12-03,1293.9655928118616,1302.747925178162,1286.1757245707627,1298.381591796875,11509276,59.43411615451249
2024-12-04,1292.625936747851,1309.8927287632168,1291.7328038420255,1305.9730224609375,11570281,61.462773443245425
2024-12-05,1306.171532833215,1332.6174992065928,1298.5800843127004,1326.2664794921875,19210697,66.3126597307458
2024-12-06,1332.2205223736623,1336.7852761002946,1316.5414539912906,1318.5758056640625,8942672,63.07308350656901
2024-12-09,1311.9766296210685,1318.8734860133875,1310.1408193352056,1312.1751708984375,8000764,60.42721841987994
2024-12-10,1308.9004164217674,1321.8008754160685,1305.1791301734115,1320.2626953125,8218214,62.56414048382474
2024-12-11,1314.5567183054773,1321.0566133833202,1305.9233826947975,1317.3353271484375,8138066,61.274355602199044
2024-12-12,1311.4309069614158,1328.4991576758143,1311.4309069614158,1319.0718994140625,9076896,61.77774984992667
2024-12-13,1315.201818050664,1336.8349446817394,1303.4425773055236,1334.6021728515625,13536684,66.03049831387665
2024-12-16,1334.6020835708346,1340.1095143687996,1329.7892443970975,1335.7928466796875,9071006,66.33971972833983
2024-12-17,1331.7243053318298,1337.7775734016686,1315.8964829440192,1323.5374755859375,9879257,60.25943669413903
2024-12-18,1315.1026301384318,1324.728309292061,1297.4388753521955,1304.087646484375,8510595,52.09834759454412
2024-12-19,1276.1531316977298,1293.0229631431896,1274.614951552865,1277.0462646484375,11517304,43.315015556400716
2024-12-20,1274.1187908536028,1287.8131731856893,1262.657301485049,1278.5347900390625,58491181,43.875929918097064
2024-12-23,1284.736921667357,1296.992333800165,1277.1951389037538,1286.8704833984375,6827512,47.03656831135662
2024-12-24,1286.8705106850512,1294.5115036860577,1280.3706152786017,1287.3170166015625,7138516,47.208078464099174
2024-12-26,1296.9922716557783,1302.6982437766815,1279.3285182011693,1287.4161376953125,7338444,47.24891436397853
2024-12-27,1288.6071205266592,1305.8737927483876,1288.6071205266592,1297.5382080078125,4756066,51.38450304118036
2024-12-30,1294.957999087405,1316.343040012265,1279.576681997175,1284.7369384765625,14207425,46.42718623068203
2024-12-31,1277.0462265132433,1280.0727999714104,1270.2982456823183,1271.83642578125,8449607,42.02690408031744
2025-01-01,1271.8364809130148,1283.0995501851953,1257.3978412327829,1273.8211669921875,4705399,42.92319585221461
2025-01-02,1275.26000882058,1283.4965044573805,1268.6113589467466,1280.7178955078125,7433222,46.04481576541357
2025-01-03,1276.3514823434055,1278.1377481475479,1252.5849166143184,1255.363525390625,11194997,37.84935716573101
2025-01-06,1258.3406039432266,1267.9662826986646,1247.3751652140256,1254.4207763671875,7504047,37.58150532106939
2025-01-07,1256.8024602237333,1279.0805130186131,1256.8024602237333,1269.454833984375,7539758,44.345471732273246
2025-01-08,1270.7448974492877,1275.1607754157394,1242.7607517198803,1254.073486328125,7566309,39.615523259501195
2025-01-09,1248.3675530849682,1255.0658686519982,1238.543332692866,1252.73388671875,8684920,39.223136130833105
2025-01-10,1249.359870144571,1255.264262696962,1233.5815917988612,1240.2799072265625,7854524,35.68441933117374
2025-01-13,1225.4444532249365,1234.4250851207983,1215.5210227528514,1220.3338623046875,9669336,30.879299120607968
2025-01-14,1223.9062438907645,1235.3181886617992,1218.0513958245872,1230.8031005859375,10342698,35.768278021255014
2025-01-15,1224.551219155373,1234.8716102214069,1220.5818472942535,1228.7686767578125,5355382,35.24655767849859
2025-01-16,1235.56627244332,1245.8866640990627,1230.1580514277643,1239.53564453125,11895924,40.216567507955084
2025-01-17,1233.8296138721637,1239.4363759086416,1208.6737436803246,1216.066650390625,9790533,34.076955571147096
2025-01-20,1214.5286456993424,1232.2419443689244,1205.944854354206,1223.50927734375,7676418,37.343714050904296
2025-01-21,1227.4786100806577,1229.4632960558952,1183.567432878532,1186.9910888671875,20520898,29.59448898467876
2025-01-22,1191.8038937223043,1198.2541229556057,1182.6743869540314,1191.258056640625,10377123,31.386115950638256
2025-01-23,1188.0826742078204,1198.6511515402387,1176.9188152937772,1192.5482177734375,8770650,31.949985229937354
2025-01-24,1193.8878937592276,1208.6738293636251,1192.7963406363526,1199.941162109375,9216792,35.234479116386325
2025-01-27,1185.8499521739243,1225.1963785798748,1183.9644761399952,1218.547607421875,16164687,42.72689110441196
2025-01-28,1237.7990449684048,1254.3215805212242,1226.535975889425,1237.3525390625,18066499,49.13185543869228
2025-01-29,1242.4134579383835,1246.1844098592185,1233.5320363858045,1242.066162109375,7666777,50.62246244623893
2025-01-30,1240.428743300886,1250.203297570973,1230.0091418571585,1245.98583984375,11921041,51.88509530813398
2025-01-31,1244.8943321590757,1246.3828467053002,1229.6122252573796,1243.2073974609375,10195417,50.89168153322789
2025-02-01,1241.5699459496786,1251.6917959101459,1224.3528194419691,1245.936279296875,3011914,51.866454398950395
2025-02-03,1237.3028281264465,1250.3521626222068,1228.3221967826344,1243.40576171875,6176831,50.85831714235078
2025-02-04,1253.1308244391428,1270.6952475836679,1250.3522155059911,1258.4893798828125,14839077,56.30961408842089
2025-02-05,1260.4740215455731,1267.966259598702,1255.462762111137,1257.9931640625,6840709,56.0891800455092
2025-02-06,1265.2372940723083,1269.2066659752802,1253.5275985042942,1262.6572265625,8396554,57.76284755261163
2025-02-07,1262.2603567708522,1265.2373859141799,1239.9823038025354,1247.2760009765625,7382039,50.875980577500535
2025-02-10,1247.5735745348811,1255.3138984101563,1239.7837061908433,1252.9322509765625,5740361,53.09087373624754
2025-02-11,1246.2339539700604,1252.188012073483,1238.8410469458931,1243.15771484375,6586627,48.98091008698063
2025-02-12,1247.5735208959845,1260.0274734986122,1235.119689428972,1242.2149658203125,8809352,48.59020286544055
2025-02-13,1242.9592342670746,1256.3061987457909,1236.3601292961446,1239.337158203125,7263785,47.348601743086974
2025-02-14,1242.5126718509223,1253.8254065127483,1234.9212235163006,1250.451416015625,10368438,52.40665087440363
2025-02-17,1241.5699462890625,1248.5163471638045,1223.8069826822411,1241.5699462890625,8386151,48.40488749278345
2025-02-18,1243.3065364897366,1247.9705000138076,1227.5779245772142,1233.531982421875,8135042,45.05195697749688
2025-02-19,1225.3947820253827,1254.7681118615644,1220.8300282561831,1251.9896240234375,10683412,53.08787166924797
2025-02-20,1245.7378271028595,1254.3216187366877,1237.203701075922,1240.379150390625,8398849,48.302545774698665
2025-02-21,1231.5968971791747,1235.1693078219741,1215.173692889092,1223.50927734375,7786428,42.33178888945888
2025-02-24,1217.3071583182455,1222.467414805944,1200.9831637697991,1209.0211181640625,11522480,37.988689597686324
2025-02-25,1217.2079253456668,1222.2193060560244,1211.6508286551266,1214.7767333984375,11059417,40.5961110951325
2025-02-27,1215.769120615194,1225.3947998146707,1209.1203494513463,1213.0897216796875,12008162,40.06435857539628
2025-02-28,1206.6891556122284,1215.620243112648,1190.9108768010287,1194.8802490234375,20215075,34.77020719133313
2025-03-03,1201.2312348006667,1207.6814644794808,1194.929880803104,1196.964111328125,8158881,35.815468488943424
2025-03-04,1197.9068433475454,1207.334101585249,1197.0137104452713,1201.1319580078125,9574490,37.95687888828378
2025-03-05,1207.6814517983407,1216.5628733470458,1202.0251450551775,1206.391357421875,9052846,40.647885888214674
2025-03-06,1218.5476101118768,1218.5476101118768,1199.7427576093883,1208.7235107421875,11949475,41.85225523631855
2025-03-07,1201.8265880949464,1208.5249033729367,1197.0634143564148,1205.250244140625,6620284,40.53309082019102
2025-03-10,1198.7503263397664,1216.4140799337886,1198.7503263397664,1205.5478515625,7363437,40.70554925251166
2025-03-11,1207.8798680000234,1238.4440812807522,1207.8798680000234,1235.864013671875,10927950,55.01672424670339
2025-03-12,1237.4020778822246,1242.3637929723905,1225.8413786306357,1234.425048828125,11548372,54.34623571171933
2025-03-13,1241.4707365370484,1245.9858244254206,1235.7647643884725,1240.4783935546875,8132940,56.73494758598966
2025-03-17,1247.4248742515454,1264.1953748180651,1245.1424367918191,1259.2833251953125,11164812,63.18006999763542
2025-03-18,1259.2833251953125,1259.2833251953125,1259.2833251953125,1259.2833251953125,0,63.18006999763542
2025-03-19,1295.6029599370165,1308.2057883620175,1292.1794251380722,1303.0455322265625,11278014,73.73868976285478
2025-03-20,1309.8927772461004,1314.1102350516276,1301.0113557334153,1311.5797119140625,10886735,75.2304193239787
2025-03-21,1305.923445707521,1338.6707661545943,1301.5571120874529,1332.81591796875,60494318,78.50274516488412
2025-03-24,1345.5675050388625,1362.4870024308004,1334.7510627437973,1347.750732421875,9352280,80.45804547792012
2025-03-25,1348.5941513991709,1353.3574463042776,1319.8658696966822,1333.4112548828125,16419207,73.54161802660957
2025-03-26,1333.7586400786652,1347.6017762925185,1321.304687138062,1325.6710205078125,10859639,70.04157243365879
2025-03-27,1322.9420827344788,1341.1515523929718,1322.9420827344788,1326.415283203125,15109614,70.18849255601616
2025-03-28,1325.7702231722565,1347.5521031600986,1317.0375564815454,1338.025634765625,8266544,72.45766173856109
2025-04-01,1329.739654923708,1341.995067068455,1305.328040709696,1308.3546142578125,14288024,59.907819915079315
2025-04-02,1312.026343402594,1327.705290380845,1312.026343402594,1321.056640625,8042214,62.87248114528274
2025-04-03,1311.8278468858045,1322.7932860458366,1311.1332552048473,1319.3697509765625,4591008,62.2145121217232
2025-04-04,1319.3697112264526,1328.3007984100484,1311.9766830431024,1325.07568359375,8648542,63.60205484373289
2025-04-07,1285.3322768617725,1314.854481252151,1255.3139009690346,1277.6912841796875,19185012,47.878375970752316
2025-04-08,1289.8969896705237,1300.0189606799747,1277.4927025037578,1289.9466552734375,13085762,51.236188401086025
2025-04-09,1294.9579703581671,1295.106846037701,1274.6646041339118,1290.83984375,13005622,51.48151635747514
2025-04-11,1295.1067945023049,1314.8544439632922,1295.1067945023049,1301.606689453125,13064247,54.45599385111358
2025-04-15,1340.655373037739,1343.9301533432258,1325.9686484021752,1339.8614501953125,15202603,63.10962244998478
2025-04-16,1346.6094196449503,1349.2886972283168,1332.6174078978706,1346.0140380859375,14039073,64.28499293950905
2025-04-17,1351.5711498907554,1398.112060263163,1349.6856739861041,1395.9288330078125,17490424,72.06200911116046
2025-04-21,1425.004587897116,1425.004587897116,1393.9442026732427,1399.0052490234375,16882426,72.46004835356445
2025-04-22,1401.9823098324273,1407.9363681338637,1388.1887172069748,1405.6539306640625,16135274,73.34394552617835
2025-04-23,1418.0581618237188,1418.9512947601793,1400.4937389943566,1413.493408203125,13990764,74.38775788658742
2025-04-24,1405.4554343163697,1410.3178180904442,1388.0894318786184,1391.95947265625,15678099,66.66543020428564
2025-04-25,1399.2035920369979,1403.966886762009,1377.769008045682,1394.04345703125,11705093,67.02222933185199
2025-04-28,1394.8373106964493,1424.0122194189871,1393.0511659597357,1417.8597412109375,10948561,70.86080969753603
2025-04-29,1417.8597077945897,1427.2869661678633,1411.7071085959242,1418.85205078125,10786910,71.01220846271845
2025-04-30,1422.0275444346203,1422.7221360927958,1389.2802248488963,1416.073486328125,14192027,69.91677942935854
2025-05-02,1415.9742091510598,1435.5233172200462,1413.6917718641512,1419.149658203125,8842434,70.46007408748324
2025-05-05,1428.9738894731652,1435.7218701832576,1415.081087769954,1418.455078125,4565705,70.15200536600052
2025-05-06,1418.0581160771362,1422.7220796211836,1409.5239906903596,1420.63818359375,6301690,70.58729325284637
2025-05-07,1414.0887881642996,1430.9586193213472,1410.119416127347,1424.4091796875,10480453,71.36414409450651
2025-05-08,1427.5846620245352,1437.8058437113664,1415.1803741209164,1424.5084228515625,15306490,71.38556397488264
2025-05-09,1404.3638078003796,1409.0278927234135,1376.379782804671,1378.2652587890625,13491197,51.90349428067638
2025-05-12,1398.6082269981746,1441.8743569081432,1393.249550653154,1437.4088134765625,9925445,65.04353630183215
2025-05-13,1429.0731325397105,1436.8134564073198,1416.4704248722041,1419.6458740234375,12475424,59.762668391497925
2025-05-14,1418.9512828044426,1429.6685145448027,1406.4477852062123,1415.279541015625,8026837,58.50524179772263
2025-05-15,1414.9819190581854,1445.3475908699352,1404.6615275498752,1439.6912841796875,18209264,63.17087584985742
2025-05-16,1442.172107583965,1447.5306627908633,1435.920298328426,1442.86669921875,6439208,63.741970407474554
2025-05-19,1435.4241717584057,1448.5230511072755,1432.7448940711074,1437.905029296875,6005334,62.121028962672334
2025-05-20,1439.0957378026826,1447.8284044606678,1424.5083444847762,1427.1876220703125,11352383,58.651522661308796
2025-05-21,1431.8517946649677,1440.1875004165765,1427.485461067875,1433.637939453125,5510460,60.09603458202529
2025-05-22,1430.0655182967434,1434.2334317099203,1416.867428660744,1431.057861328125,7245933,59.20507702645058
2025-05-23,1431.1570706662649,1440.6836606711147,1423.4168677068544,1438.698974609375,5203706,61.04695589983781
2025-05-26,1446.8360701649403,1460.331910515487,1443.8590412139838,1449.4161376953125,5608725,63.533825639707125
2025-05-27,1441.3782192942826,1451.7978208795425,1424.7068083036186,1435.324951171875,14842959,58.266580020861866
2025-05-28,1436.5157355383742,1446.836127202333,1431.454810349359,1442.6683349609375,8618343,60.12201245184321
2025-05-29,1445.4467442494526,1451.698553407669,1433.9355900375203,1445.3475341796875,15545514,60.80665976778498
2025-05-30,1448.7216268807567,1449.7139699197687,1433.2410996992944,1434.7296142578125,11803975,56.655273556621346
2025-06-02,1430.9586389930196,1448.8208134048605,1421.8291316367724,1439.3935546875,9458990,58.01131359205553
2025-06-03,1443.7598455387374,1443.8590556109682,1421.035166759386,1426.8900146484375,11167345,53.20559610485743
2025-06-04,1426.3938661679927,1429.0731438395549,1415.4780930628378,1420.0428466796875,8025388,50.727317596566905
2025-06-05,1419.9436226094324,1447.8284366760695,1416.3712120373557,1443.66064453125,11385668,57.995156197082125
2025-06-06,1437.5080878919146,1450.2101271201,1431.0578582020253,1448.5230712890625,11580994,59.32536876711837
2025-06-09,1453.7825541382838,1455.5688200651953,1422.4245382897982,1423.8138427734375,11022031,50.562591123843994
2025-06-10,1427.9815809293386,1430.660858582463,1405.6538633679,1412.0048828125,12905272,46.99030102502613
2025-06-11,1410.9133394459884,1423.5160472131458,1407.737769134025,1420.0428466796875,7136877,49.60043768237264
2025-06-12,1419.5466979345517,1425.5007560873705,1409.127096167119,1414.2872314453125,7953247,47.78601240830805
2025-06-13,1392.8526699787633,1410.6156346634868,1392.8526699787633,1405.2569580078125,7573103,45.00436519506293
2025-06-16,1405.7530618658518,1418.0581392255135,1403.3714144517853,1415.9742431640625,5451137,48.81267491488946
2025-06-17,1415.9742319665809,1418.8520508551696,1406.9439350146247,1412.302490234375,6970098,47.59661914066453
2025-06-18,1406.150024814166,1421.0351697486842,1399.402043989603,1401.78369140625,6751745,44.19946478776619
2025-06-19,1397.2189939427594,1403.8676438261634,1393.9442134714564,1400.4937744140625,8849883,43.78673855763687
2025-06-20,1400.4937821267788,1422.3253290273638,1399.4021078732494,1416.1727294921875,12408178,49.909413616605505
2025-06-23,1406.1500791810931,1412.3025575376569,1401.0891539348067,1409.226318359375,5514384,47.4438813496111
2025-06-24,1416.7680893764307,1424.9053748687675,1405.6538959425357,1413.1956787109375,11188438,48.9944478718656
2025-06-25,1411.1117385952273,1417.9589294864209,1404.463088984364,1414.8826904296875,7527388,49.67402935039717
2025-06-26,1413.8903780949927,1436.4165161110168,1410.814017835929,1428.080810546875,13617435,54.753176939879665
2025-06-27,1427.882386711014,1454.774858156496,1426.0961208320166,1451.00390625,22532899,61.93827937751931
2025-06-30,1450.6071028820047,1450.706312958781,1431.2564136212704,1434.7296142578125,6325073,55.23244722451533
2025-07-01,1434.6302067068036,1436.5156826077227,1418.653508855977,1421.03515625,7761449,50.29765669407053
2025-07-02,1421.2336440793872,1439.8897415628453,1411.707175185214,1416.867431640625,13372280,48.86670061872554
2025-07-03,1421.1344118511029,1435.027214103107,1412.798706272776,1414.98193359375,10177738,48.19862601227061
2025-07-04,1416.0734952431667,1433.3402880878325,1410.2186471744621,1431.7525634765625,5066503,54.19675945239175
2025-07-07,1425.9968814549877,1429.8670433562065,1418.6535190770169,1424.706787109375,5177477,51.49879587602618
2025-07-08,1421.035188079707,1433.935647189369,1419.050502062836,1430.9586181640625,5315847,53.701192970235475
2025-07-09,1425.2030375827696,1427.683895203639,1415.6765685457565,1420.93603515625,8827347,49.797232399013154
2025-07-10,1425.7985078190466,1427.981614021397,1411.2109926594833,1413.1956787109375,7795964,46.95802391621863
2025-07-11,1411.111783317687,1417.0658414751456,1403.7684206963636,1411.0125732421875,7158015,46.15866150090437
2025-07-14,1413.9896019530586,1413.9896019530586,1405.2569348701418,1412.1041259765625,5846154,46.64769854518217
2025-07-15,1410.218682168871,1422.8215115677394,1408.134785993891,1419.844482421875,6041457,50.10832643949258
2025-07-16,1415.081187967311,1418.25663727007,1408.2339967016344,1415.4781494140625,5649093,48.208701941977665
2025-07-17,1410.1194736013367,1412.3025798563917,1398.7075285299677,1407.8370361328125,12927394,44.99402610356399
2025-07-18,1404.9592604817603,1418.0581395587762,1397.7151081655259,1414.8826904296875,11297246,48.41008932340238
2025-07-21,1436.9126621837045,1456.4617708047458,1425.9968891975022,1454.576416015625,13867136,62.52889019807448
2025-07-22,1462.8128219007424,1470.6523559877205,1458.4464883845856,1462.316650390625,8930165,64.56536008609297
2025-07-23,1471.5454755170424,1478.5910866693491,1461.3242940475627,1477.2017822265625,11974174,68.1502121488854
2025-07-24,1476.3086281822896,1477.3009711792895,1466.782159638216,1472.0416259765625,6700578,65.66991057172264
2025-07-25,1488.5144734435703,1488.5144734435703,1462.31659448384,1465.789794921875,8696077,62.6928717001185
2025-07-28,1465.7898930637602,1482.3620946590604,1465.7898930637602,1477.00341796875,7507479,65.69671450142093
2025-07-29,1468.5685019046516,1478.3927223132807,1464.1029581857863,1474.8201904296875,9776027,64.6060373481551
2025-07-30,1476.308661728485,1477.1025845983731,1465.9883912336757,1471.04931640625,7238625,62.67075127125932
2025-07-31,1458.6450618514623,1483.0566764606926,1452.7902136757805,1470.0570068359375,12406146,62.14321102518235
2025-08-01,1469.0645758820863,1473.7285394467383,1458.5457644921182,1460.3319091796875,4416771,57.0727122396124
2025-08-04,1465.492177404952,1467.4768633867377,1450.1108610461113,1451.9962158203125,6140054,53.07527470531064
2025-08-05,1441.8743352750153,1450.3092505192255,1429.96621963613,1433.3402099609375,14799343,45.40941746027012
2025-08-06,1431.2564134495642,1442.866778550362,1430.561700640964,1432.54638671875,7805252,45.11085215978123
2025-08-07,1430.0655302659995,1436.8135113901221,1418.1574137897542,1429.271728515625,7432535,43.83059384205493
2025-08-08,1434.8288259088201,1436.5157606227415,1421.0352334242946,1424.9053955078125,5415511,42.11433767145749
2025-08-11,1416.9666396615337,1427.3862414978396,1409.5240669213151,1425.5999755859375,8492484,42.5000489895162
2025-08-12,1431.0,1433.800048828125,1420.0999755859375,1422.0,5913947,40.97605438482892
2025-08-13,1424.5999755859375,1427.699951171875,1415.199951171875,1420.800048828125,9009465,40.45531753062358
2025-08-14,1412.0,1431.0999755859375,1412.0,1427.300048828125,7577793,44.564986146458374
2025-08-18,1450.0,1452.4000244140625,1431.0,1434.5999755859375,6908844,48.835883455091974
2025-08-19,1431.0999755859375,1438.5,1426.300048828125,1436.300048828125,6709554,49.80577360025872
2025-08-20,1432.5999755859375,1435.9000244140625,1423.0,1430.5999755859375,5817858,46.6151082801624
2025-08-21,1440.0999755859375,1447.800048828125,1436.4000244140625,1446.0,6238645,55.002315689811866
2025-08-22,1444.300048828125,1446.0,1429.4000244140625,1436.4000244140625,6657207,49.75465071034533
2025-08-25,1435.9000244140625,1435.9000244140625,1424.0,1433.199951171875,6738427,48.10699000518206
2025-08-26,1427.9000244140625,1427.9000244140625,1413.0999755859375,1416.5999755859375,8720155,40.59669501006471
2025-08-28,1408.0,1411.800048828125,1396.300048828125,1399.0999755859375,12990789,34.48460967848172
2025-08-29,1392.0999755859375,1405.0,1392.0999755859375,1397.800048828125,8519507,34.07422584353081
2025-09-01,1398.0999755859375,1412.4000244140625,1398.0999755859375,1411.0,4927348,41.66571435981481
2025-09-02,1413.9000244140625,1413.9000244140625,1390.0,1394.199951171875,7163073,35.98598097550304
2025-09-03,1389.0,1400.0,1384.199951171875,1397.0,9813382,37.514834181604925
2025-09-04,1409.9000244140625,1415.0999755859375,1401.9000244140625,1405.5,10564859,42.04021821059744
2025-09-05,1411.0,1411.5,1387.699951171875,1402.800048828125,6621077,41.02388305944807
2025-09-08,1402.199951171875,1410.5999755859375,1397.5999755859375,1402.699951171875,5880943,40.98432431979641
2025-09-09,1399.0,1407.5,1395.199951171875,1403.699951171875,6470679,41.590294802470574
2025-09-10,1410.0,1413.699951171875,1402.0999755859375,1403.9000244140625,7452347,41.719233427533624
2025-09-11,1398.0,1408.0,1396.0,1401.5999755859375,10192026,40.609401190840536
2025-09-12,1405.0999755859375,1419.699951171875,1400.0999755859375,1417.699951171875,7770038,50.52995973546686
2025-09-15,1422.0,1426.800048828125,1416.300048828125,1419.4000244140625,5845637,51.452139552637114
2025-09-16,1414.0,1424.9000244140625,1413.699951171875,1421.5999755859375,8213151,52.68137633273613
2025-09-17,1420.0999755859375,1426.0999755859375,1416.4000244140625,1419.199951171875,7484283,51.159501086328284
2025-09-18,1431.0999755859375,1432.800048828125,1415.300048828125,1421.699951171875,8130537,52.692565387528326
2025-09-19,1416.0999755859375,1418.0,1400.199951171875,1402.199951171875,13457344,41.69806563573177
2025-09-22,1403.9000244140625,1409.9000244140625,1397.199951171875,1401.5,8847948,41.36443109721024
2025-09-23,1391.0,1403.300048828125,1391.0,1394.300048828125,12827524,37.99662836136594
2025-09-24,1386.4000244140625,1390.9000244140625,1376.5,1382.699951171875,9735678,33.29341470958735
2025-09-25,1377.0,1391.5,1371.800048828125,1375.800048828125,21613389,30.847529781114673
2025-09-26,1368.0,1372.699951171875,1357.0,1359.5999755859375,18342280,26.015134295537493
2025-09-29,1359.5999755859375,1366.5,1346.199951171875,1348.0999755859375,20563163,23.232800753628226
2025-09-30,1353.699951171875,1356.5999755859375,1342.5999755859375,1348.0,20166871,23.20956103599356
2025-10-01,1348.0,1379.4000244140625,1347.0999755859375,1372.0,20952632,38.987494084310335
2025-10-03,1371.9000244140625,1371.9000244140625,1361.300048828125,1365.199951171875,12163695,36.68740116949257
2025-10-06,1371.0,1372.5999755859375,1359.0999755859375,1363.4000244140625,14314283,36.080634508755836
2025-10-07,1363.5999755859375,1383.0999755859375,1363.5999755859375,1375.9000244140625,16126464,43.116693292739164
2025-10-08,1372.300048828125,1381.5999755859375,1364.300048828125,1370.300048828125,8100832,40.9423382977233
2025-10-09,1369.800048828125,1378.699951171875,1365.0999755859375,1376.199951171875,7909575,44.13858511335761
2025-10-10,1370.300048828125,1385.0,1370.300048828125,1380.300048828125,7673816,46.31311955681041
2025-10-13,1373.0999755859375,1386.4000244140625,1373.0999755859375,1379.4000244140625,8923018,45.890815833190224
2025-10-14,1389.0,1389.0,1375.0999755859375,1384.0999755859375,10610855,48.53016813748876
2025-10-15,1386.5,1400.4000244140625,1385.5,1398.4000244140625,8988550,55.62290862287112
2025-10-16,1401.0,1418.9000244140625,1399.4000244140625,1417.300048828125,12185032,62.89981690877281
2025-10-17,1412.0,1439.5999755859375,1410.9000244140625,1436.5999755859375,17037215,68.56793578215057
2025-10-20,1442.0,1445.0,1389.199951171875,1390.300048828125,23330227,49.16305158188434
2025-10-21,1384.5,1387.5999755859375,1375.9000244140625,1382.0,3415560,46.61615419220498
2025-10-23,1385.0,1389.800048828125,1360.0999755859375,1363.699951171875,21124942,41.51012867812957
2025-10-24,1368.0999755859375,1381.5999755859375,1368.0999755859375,1377.699951171875,10570263,46.35146114453771
2025-10-27,1382.0999755859375,1386.800048828125,1374.0,1377.5999755859375,11499836,46.321974733653086
2025-10-28,1373.0,1375.800048828125,1356.199951171875,1363.0999755859375,26477914,42.13535190815416
2025-10-29,1364.5999755859375,1371.699951171875,1358.4000244140625,1370.4000244140625,16129382,44.83841364521038
2025-10-30,1362.4000244140625,1370.199951171875,1361.300048828125,1362.4000244140625,9324401,42.49561137724298
2025-10-31,1357.0,1362.0,1343.300048828125,1345.300048828125,15926798,37.93319416148275
2025-11-03,1340.5,1351.5999755859375,1337.9000244140625,1346.4000244140625,11071450,38.39140405914608
2025-11-04,1342.5999755859375,1349.800048828125,1333.199951171875,1336.9000244140625,15211183,35.924665907484425
2025-11-06,1330.0,1342.199951171875,1317.4000244140625,1320.4000244140625,24221853,32.07042550413168
2025-11-07,1320.4000244140625,1344.300048828125,1318.5999755859375,1343.0,7719245,41.35174763526807
2025-11-10,1342.9000244140625,1349.5999755859375,1341.0,1348.0,8542340,43.20076156267807
2025-11-11,1349.0,1360.4000244140625,1346.199951171875,1358.300048828125,8305184,46.91373019040092
2025-11-12,1370.0,1370.0,1355.4000244140625,1358.9000244140625,9736761,47.1305318920455
2025-11-13,1358.9000244140625,1390.4000244140625,1358.5,1385.9000244140625,18296626,55.86570538889948
2025-11-14,1374.0,1381.199951171875,1363.199951171875,1373.0,9694498,51.48858025660625
2025-11-17,1375.0999755859375,1382.5,1373.5999755859375,1379.0,7660717,53.320535837395745
2025-11-18,1380.199951171875,1382.800048828125,1369.0999755859375,1373.4000244140625,9529560,51.37066558543914
2025-11-19,1373.5,1384.0,1371.5999755859375,1383.0999755859375,10393918,54.47607593790937
2025-11-20,1380.0999755859375,1388.300048828125,1375.4000244140625,1383.0,10131863,54.43749010690793
2025-11-21,1373.0,1376.0,1364.5999755859375,1369.5,11483595,49.35392668011294
2025-11-24,1373.300048828125,1377.0,1361.5,1368.4000244140625,15896003,48.95279990608005
2025-11-25,1365.0,1376.9000244140625,1354.300048828125,1357.800048828125,12235000,45.144983989260716
2025-11-26,1360.0,1377.0,1359.9000244140625,1375.0,9659004,51.70902671234109
2025-11-27,1379.0,1394.0,1375.699951171875,1392.199951171875,15158741,57.22171128499714
2025-11-28,1392.0,1398.5,1385.5999755859375,1388.800048828125,7683986,55.86416572212151
2025-12-01,1394.0,1400.0,1385.4000244140625,1390.0999755859375,8867593,56.29113850405334
2025-12-02,1381.800048828125,1381.800048828125,1370.5999755859375,1373.0,12126396,49.50642234262761
2025-12-03,1367.0,1394.199951171875,1367.0,1391.5,7955933,55.72399664941683
2025-12-04,1387.0,1391.5999755859375,1379.9000244140625,1386.699951171875,7373909,53.87048905613959
2025-12-05,1381.0,1395.300048828125,1381.0,1392.5,4942638,55.784301103264575
2025-12-08,1387.0,1394.9000244140625,1383.300048828125,1389.5999755859375,7826227,54.565334126151576
2025-12-09,1379.9000244140625,1384.300048828125,1373.4000244140625,1375.199951171875,10492030,48.85648671382846
2025-12-10,1377.9000244140625,1379.4000244140625,1357.9000244140625,1363.5999755859375,8725381,44.79109990456769
2025-12-11,1363.699951171875,1366.5999755859375,1352.800048828125,1360.0,6734750,43.57914758282336
2025-12-12,1368.0,1370.699951171875,1363.300048828125,1366.0,3890885,46.1923566554976
2025-12-15,1356.0999755859375,1370.0,1356.0999755859375,1365.199951171875,5342530,45.887162897096445
2025-12-16,1364.0,1368.699951171875,1355.5,1366.0,12359741,46.269469098574596
2025-12-17,1365.0,1365.0,1343.0999755859375,1352.4000244140625,9440391,40.970529879129344
2025-12-18,1346.300048828125,1369.5,1345.5,1356.800048828125,7314573,43.235552168807764
2025-12-19,1354.0,1360.4000244140625,1350.800048828125,1354.0999755859375,14318512,42.16631418591802
2025-12-22,1358.0,1371.300048828125,1354.800048828125,1368.5,9375294,49.35924534579542
2025-12-23,1361.0999755859375,1365.0,1357.0,1363.0,9105467,46.95704125923458
2025-12-24,1363.800048828125,1368.199951171875,1357.5999755859375,1359.800048828125,8955140,45.56752952313177
2025-12-26,1356.5,1362.0,1348.5,1350.4000244140625,2812144,41.666996127515134
2025-12-29,1352.0999755859375,1355.699951171875,1341.5,1343.300048828125,6057201,38.95467761227602
2025-12-30,1343.300048828125,1347.0999755859375,1338.0999755859375,1342.5,18621277,38.6493716710553
2025-12-31,1342.800048828125,1350.0,1339.5,1342.9000244140625,6150634,38.907193925857115
2026-01-01,1343.9000244140625,1348.4000244140625,1336.0,1338.0,4179311,36.863595726199996
2026-01-02,1338.0,1356.9000244140625,1336.300048828125,1355.4000244140625,8226205,47.424180145956534
2026-01-05,1354.199951171875,1375.5,1352.5999755859375,1371.5,6920565,54.93529916384948
2026-01-06,1372.0,1413.5999755859375,1366.0,1411.199951171875,17260416,67.32960925034538
2026-01-07,1408.0,1429.9000244140625,1404.199951171875,1427.699951171875,15813795,70.91057125253003
2026-01-08,1429.0,1442.199951171875,1423.300048828125,1435.0,14861699,72.35434383544933
2026-01-09,1427.0999755859375,1429.5,1401.5,1404.300048828125,12555636,59.07531667826508
2026-01-12,1399.9000244140625,1424.300048828125,1391.699951171875,1413.0999755859375,10923811,61.269537773059035
2026-01-13,1420.0,1441.800048828125,1411.0999755859375,1437.0,14295581,66.51986351327636
2026-01-14,1425.5999755859375,1443.9000244140625,1414.9000244140625,1418.4000244140625,13832255,59.733315829113025
2026-01-15,1418.4000244140625,1418.4000244140625,1418.4000244140625,1418.4000244140625,0,59.733315829113025
2026-01-16,1417.9000244140625,1429.0,1400.199951171875,1410.800048828125,12530886,56.978589624811505
2026-01-19,1399.9000244140625,1400.0,1360.0,1380.5999755859375,23302883,47.58715317679805
2026-01-20,1374.699951171875,1387.800048828125,1371.5,1375.800048828125,15012785,46.281467184904315
2026-01-21,1367.5,1371.5,1339.5,1349.0,21766068,39.727219514102515
2026-01-22,1355.0999755859375,1358.0,1338.0,1345.5,17179765,38.9514083279158
2026-01-23,1340.5,1355.199951171875,1335.699951171875,1343.4000244140625,14056524,38.46603470542448
2026-01-27,1340.0,1369.0999755859375,1328.5999755859375,1361.4000244140625,25263634,44.813873133866984
2026-01-28,1362.5999755859375,1380.4000244140625,1362.5999755859375,1367.699951171875,13242696,46.87935771835305
2026-01-29,1359.0,1387.699951171875,1354.4000244140625,1383.5999755859375,23118234,51.78423431239825
2026-01-30,1368.199951171875,1381.9000244140625,1353.199951171875,1355.0,24013717,43.92731979589861
2026-02-02,1329.9000244140625,1354.4000244140625,1329.0999755859375,1352.800048828125,12800245,43.38206839963265
2026-02-03,1412.0,1417.0,1373.4000244140625,1389.699951171875,24896698,53.75153197452971
2026-02-04,1387.0,1414.0,1386.9000244140625,1408.4000244140625,11080683,57.95422286858363
2026-02-05,1414.0,1414.0,1393.199951171875,1396.5,8982761,54.556662954349285
2026-02-06,1396.699951171875,1410.5,1394.699951171875,1406.0999755859375,10851190,56.75900454466761
2026-02-09,1413.5,1414.0,1388.800048828125,1396.300048828125,7889742,53.88793701565626
2026-02-10,1401.0,1409.5,1395.5,1406.5,16497628,56.36212221848478
2026-02-11,1407.4000244140625,1413.0,1400.4000244140625,1406.0999755859375,8551341,56.23468537349574
2026-02-12,1406.0999755859375,1433.0,1405.300048828125,1430.0,19646265,61.79304487005032
2026-02-13,1425.300048828125,1434.4000244140625,1410.699951171875,1414.5999755859375,12228083,56.788286760206944
2026-02-16,1404.0,1414.0,1400.5,1411.5999755859375,5000042,55.839498001890064
2026-02-17,1406.199951171875,1413.5999755859375,1393.5999755859375,1407.5,11756187,54.499368003098425
2026-02-18,1410.0999755859375,1412.300048828125,1398.9000244140625,1408.199951171875,4758071,54.69925380056844
2026-02-19,1408.5,1412.300048828125,1384.800048828125,1388.800048828125,14323091,48.35833321822194
2026-02-20,1388.5,1403.699951171875,1384.0,1394.5,10337877,50.185519364438136
2026-02-23,1400.0,1408.300048828125,1395.300048828125,1399.4000244140625,10728445,51.765501237636705
2026-02-24,1400.9000244140625,1400.9000244140625,1382.300048828125,1384.800048828125,18274784,46.98379232406873
2026-02-25,1391.800048828125,1407.4000244140625,1388.199951171875,1400.5,16297015,52.10703887441863
2026-02-26,1405.0999755859375,1410.0,1392.0999755859375,1404.9000244140625,27288792,53.46430275159023
2026-02-27,1400.0,1402.199951171875,1376.699951171875,1378.9000244140625,15096898,45.29562437588595
2026-03-02,1355.0,1379.199951171875,1355.0,1374.0,16928683,43.933267239484564
2026-03-04,1326.0,1376.0,1326.0,1365.4000244140625,20009132,41.57007430699653
2026-03-05,1368.9000244140625,1370.800048828125,1347.5999755859375,1357.5999755859375,17590491,39.49500486453374
2026-03-06,1339.0,1357.5999755859375,1310.4000244140625,1313.4000244140625,22778852,30.273144862708108
2026-03-09,1272.699951171875,1282.699951171875,1251.0999755859375,1278.4000244140625,16116652,25.246207838629303
2026-03-10,1287.5999755859375,1315.0,1285.5999755859375,1311.9000244140625,19136143,36.17126222867956
2026-03-11,1300.0,1306.5,1290.9000244140625,1294.5999755859375,13224259,33.45229772656177
2026-03-12,1275.699951171875,1280.5,1258.300048828125,1266.5,19676187,29.5648951854684
2026-03-13,1251.9000244140625,1262.300048828125,1248.699951171875,1254.800048828125,17344394,28.100653486698477
2026-03-16,1255.0,1276.800048828125,1240.0999755859375,1272.9000244140625,22740688,33.58099258125013
2026-03-17,1278.9000244140625,1294.4000244140625,1273.0,1288.699951171875,22303102,38.02200300637695
2026-03-18,1286.0,1297.0999755859375,1270.800048828125,1289.300048828125,12961135,38.19104412538789
2026-03-19,1267.5999755859375,1285.9000244140625,1243.699951171875,1250.0999755859375,14422899,32.042992308205285
2026-03-20,1258.4000244140625,1274.0,1241.699951171875,1245.4000244140625,16421006,31.390514754720584
2026-03-23,1226.5999755859375,1234.9000244140625,1218.0999755859375,1222.699951171875,17049534,28.38424183796353
2026-03-24,1237.0999755859375,1253.9000244140625,1223.699951171875,1251.199951171875,20617782,36.59453967117261
2026-03-25,1258.9000244140625,1272.9000244140625,1254.4000244140625,1259.699951171875,17290030,38.8463482160421
2026-03-27,1256.0,1260.9000244140625,1230.0999755859375,1233.800048828125,23630905,34.79177394627044
2026-03-30,1216.5,1222.5999755859375,1200.4000244140625,1205.9000244140625,23952775,31.034051663580243
2026-04-01,1228.0999755859375,1234.0,1210.0,1212.699951171875,25472333,32.93524713317068
2026-04-02,1196.0,1222.0999755859375,1187.5999755859375,1215.800048828125,20851722,33.8308255073966
2026-04-06,1213.0,1234.4000244140625,1200.5,1231.4000244140625,10058414,38.296166635385816
2026-04-07,1229.0,1250.4000244140625,1216.5999755859375,1245.5,25600557,42.09946689837817
2026-04-08,1310.0,1333.5,1292.4000244140625,1309.199951171875,25148651,55.457167870009165
2026-04-09,1299.9000244140625,1308.0,1275.9000244140625,1281.300048828125,22923062,50.01470886020655
2026-04-10,1289.0,1324.0,1288.5,1321.9000244140625,18174755,56.677534084704675
2026-04-13,1304.9000244140625,1357.0,1296.699951171875,1351.0999755859375,30572141,60.7316814997343
2026-04-15,1358.0,1364.800048828125,1338.0,1348.0999755859375,23827473,60.10930684221282
2026-04-16,1352.0,1366.9000244140625,1340.199951171875,1345.5,24017236,59.53982894113499
2026-04-17,1347.0,1352.9000244140625,1334.0,1346.800048828125,18151993,59.74519466684635
2026-04-20,1364.699951171875,1376.4000244140625,1353.0,1356.199951171875,21551520,61.27569097986397
2026-04-21,1368.0,1393.0999755859375,1360.0,1388.4000244140625,23312455,66.03904300201575
2026-04-22,1380.0,1380.0999755859375,1365.0,1367.5999755859375,13613487,60.83352269398589
2026-04-23,1348.4000244140625,1354.0,1343.5,1348.0,20111792,56.327823409209934
2026-04-24,1336.300048828125,1348.800048828125,1324.0,1326.199951171875,14056743,51.73781054572397
2026-04-27,1327.9000244140625,1335.9000244140625,1310.9000244140625,1314.0999755859375,15385625,49.33479821058695
2026-04-28,1314.300048828125,1317.699951171875,1286.699951171875,1292.0,16774778,45.20502109451528
2026-04-29,1294.699951171875,1296.800048828125,1276.199951171875,1281.0,11716030,43.263763671289446
2026-04-30,1261.0,1272.199951171875,1259.0,1263.4000244140625,17740110,40.28303336751512
2026-05-01,1263.4000244140625,1263.4000244140625,1263.4000244140625,1263.4000244140625,0,40.28303336751512
2026-05-04,1264.300048828125,1282.199951171875,1264.300048828125,1270.800048828125,14597051,42.224078874683464
2026-05-05,1264.0,1266.699951171875,1245.5,1251.300048828125,24447935,38.65820630084082
2026-05-06,1262.0,1282.800048828125,1252.0999755859375,1279.5,22909586,45.78832688692481
2026-05-07,1284.699951171875,1294.0,1273.199951171875,1279.0,25028552,45.686926717677856
2026-05-08,1279.5999755859375,1279.5999755859375,1261.199951171875,1264.800048828125,11137424,42.78881142692987
2026-05-11,1259.4000244140625,1275.699951171875,1252.0,1266.4000244140625,18980141,43.22581582113599
