Date,FII_Buy,FII_Sell,FII_Net,DII_Buy,DII_Sell,DII_Net,Nifty_Close,Nifty_Change,Nifty_%Chg
2010-01-02,2035.96,2530.62,-494.66,1130.61,930.78,199.83,,,
2010-01-04,2405.62,2299.22,106.4,1665.25,1212.92,452.33,,,
2010-01-06,1801.93,2328.42,-526.49,1220.02,1009.4,210.62,,,
2010-01-07,1549.36,1709.97,-160.61,1153.52,1160.22,-6.7,,,
2010-01-09,2683.31,2323.5,359.81,1210.05,1041.49,168.56,,,
2010-01-10,4563.5,2738.3,1825.2,1594.87,2265.95,-671.08,,,
2010-01-11,3039.5,2327.69,711.81,1631.33,1702.63,-71.3,,,
2010-01-12,3516.48,3024.6,491.88,1250.84,1450.69,-199.85,,,
2010-01-13,3530.52,3816.36,-285.84,1552.01,1429.92,122.09,,,
2010-01-14,3592.26,3904.27,-312.01,2011.35,1482.23,529.12,,,
2010-01-15,2010.27,2940.36,-930.09,1945.99,1265.04,680.95,,,
2010-01-18,2577.75,2424.85,152.9,993.0,1014.46,-21.46,,,
2010-01-19,2123.88,2485.55,-361.67,1396.48,1373.94,22.54,,,
2010-01-20,2655.82,2927.15,-271.33,1803.72,1459.31,344.41,,,
2010-01-21,2673.32,3527.07,-853.75,1810.6,1579.24,231.36,,,
2010-01-22,3068.98,5484.47,-2415.49,3336.17,1382.2,1953.97,,,
2010-01-25,1618.08,2620.68,-1002.6,1783.82,1067.6,716.22,,,
2010-01-27,2942.73,5155.02,-2212.29,3151.18,1675.77,1475.41,,,
2010-01-28,3319.92,6132.98,-2813.06,3113.1,1133.52,1979.58,,,
2010-01-29,2966.14,3962.23,-996.09,2328.14,1317.12,1011.02,,,
2010-02-02,2475.64,2930.65,-455.01,1047.24,1005.31,41.93,,,
2010-02-03,3759.14,2423.82,1335.32,1274.08,2251.44,-977.36,,,
2010-02-06,2220.86,2387.36,-166.5,1331.64,1166.48,165.16,,,
2010-02-07,1809.09,2114.32,-305.23,1019.21,992.95,26.26,,,
2010-02-08,2639.35,1911.21,728.14,810.51,983.31,-172.8,,,
2010-02-09,2036.77,1954.46,82.31,1056.74,1175.02,-118.28,,,
2010-02-11,3334.47,2873.59,460.88,1161.49,1363.73,-202.24,,,
2010-02-12,4114.46,3728.34,386.12,1317.29,1542.33,-225.04,,,
2010-02-15,1659.38,1463.39,195.99,601.93,715.9,-113.97,,,
2010-02-16,1697.46,1311.74,385.72,988.97,1441.71,-452.74,,,
2010-02-17,2371.45,1851.23,520.22,1159.07,961.93,197.14,,,
2010-02-18,1791.04,2142.21,-351.17,829.52,952.19,-122.67,,,
2010-02-19,1965.83,1947.92,17.91,1075.33,1472.46,-397.13,,,
2010-02-22,1440.48,1542.06,-101.58,903.21,786.61,116.6,,,
2010-02-23,2000.06,1449.37,550.69,838.21,1017.95,-179.74,,,
2010-02-24,2354.15,1868.61,485.54,870.45,1025.12,-154.67,,,
2010-02-25,2363.07,2957.85,-594.78,1698.83,1372.91,325.92,,,
2010-02-26,3542.94,2701.71,841.23,1611.02,2470.65,-859.63,,,
2010-03-02,2335.86,1939.73,396.13,1003.21,1002.75,0.46,,,
2010-03-03,2900.6,1941.43,959.17,1317.31,1504.02,-186.71,,,
2010-03-05,1553.32,1940.37,-387.05,829.57,936.58,-107.01,,,
2010-03-06,2109.86,1703.64,406.22,1103.05,1024.04,79.01,,,
2010-03-08,3047.36,2439.94,607.42,948.17,1100.69,-152.52,,,
2010-03-09,2016.26,1733.24,283.02,759.6,883.1,-123.5,,,
2010-03-11,3224.34,2236.73,987.61,1419.67,1790.29,-370.62,,,
2010-03-15,2216.71,1557.01,659.7,1048.35,1176.8,-128.45,,,
2010-03-16,2013.65,1635.81,377.84,1010.94,1169.49,-158.55,,,
2010-03-17,2562.73,1746.79,815.94,1350.53,1648.25,-297.72,,,
2010-03-18,2458.17,1973.5,484.67,1152.47,1205.62,-53.15,,,
2010-03-19,2632.29,2348.04,284.25,1416.8,1304.11,112.69,,,
2010-03-22,2069.09,1766.31,302.78,1220.71,1253.85,-33.14,,,
2010-03-23,2385.54,2025.79,359.75,1078.06,1151.45,-73.39,,,
2010-03-25,5099.04,4445.82,653.22,1633.81,1790.0,-156.19,,,
2010-03-26,3009.29,2418.39,590.9,1329.37,1279.96,49.41,,,
2010-03-29,2950.31,1887.49,1062.82,1346.85,1617.3,-270.45,,,
2010-03-30,2670.32,2091.03,579.29,1324.36,1224.25,100.11,,,
2010-03-31,2778.13,2344.61,433.52,1425.37,1781.95,-356.58,,,
2010-04-01,1614.83,1001.41,613.42,3726.11,1395.86,2330.25,,,
2010-04-02,1730.04,1885.42,-155.38,1451.5,1210.11,241.39,,,
2010-04-03,2476.63,1842.82,633.81,952.31,1588.2,-635.89,,,
2010-04-05,2753.83,2783.51,-29.68,858.58,1296.66,-438.08,,,
2010-04-06,1962.9,1861.99,100.91,903.52,1030.13,-126.61,,,
2010-04-08,2715.7,2027.01,688.69,1016.87,1292.76,-275.89,,,
2010-04-10,4193.91,2929.8,1264.11,1139.91,1937.74,-797.83,,,
2010-04-11,10201.95,4726.5,5475.45,2792.17,1917.82,874.35,,,
2010-04-13,3285.44,3156.92,128.52,1563.54,1310.67,252.87,,,
2010-04-15,3928.02,3828.32,99.7,1222.0,1298.87,-76.87,,,
2010-04-16,2475.96,2232.66,243.3,1038.69,1227.6,-188.91,,,
2010-04-19,1606.27,2361.78,-755.51,1380.0,810.36,569.64,,,
2010-04-20,2418.67,2575.32,-156.65,1345.12,1243.84,101.28,,,
2010-04-21,2730.87,2647.91,82.96,1181.12,1155.87,25.25,,,
2010-04-22,3288.38,2770.08,518.3,1608.22,1426.36,181.86,,,
2010-04-23,2844.92,2505.62,339.3,1077.12,1048.03,29.09,,,
2010-04-26,2121.55,1887.32,234.23,821.96,895.65,-73.69,,,
2010-04-27,2701.19,2865.48,-164.29,993.73,992.64,1.09,,,
2010-04-28,2566.17,2697.3,-131.13,1894.25,1570.15,324.1,,,
2010-04-29,3889.56,3799.12,90.44,1402.45,1135.69,266.76,,,
2010-04-30,3469.23,3113.68,355.55,1516.21,1298.6,217.61,,,
2010-05-01,3337.48,2367.19,970.29,1904.87,1604.98,299.89,,,
2010-05-02,1517.98,3244.76,-1726.78,2090.05,921.07,1168.98,,,
2010-05-03,2623.08,1709.74,913.34,1049.16,1710.42,-661.26,,,
2010-05-04,2374.53,1608.46,766.07,1392.47,989.14,403.33,,,
2010-05-05,2027.22,3616.9,-1589.68,1832.47,1141.32,691.15,,,
2010-05-08,2845.14,2772.12,73.02,917.46,1105.27,-187.81,,,
2010-05-10,4243.32,3572.2,671.12,1021.72,1824.67,-802.95,,,
2010-05-13,2362.29,2377.86,-15.57,1338.01,1115.61,222.4,,,
2010-05-14,2135.25,2516.67,-381.42,1296.15,1131.51,164.64,,,
2010-05-17,1653.0,2877.29,-1224.29,1406.98,1025.09,381.89,,,
2010-05-18,2154.53,2594.23,-439.7,1387.79,1061.18,326.61,,,
2010-05-19,2403.76,3787.67,-1383.91,1794.64,1738.29,56.35,,,
2010-05-20,2158.57,2815.8,-657.23,1847.8,1126.65,721.15,,,
2010-05-21,1831.38,3371.7,-1540.32,2053.48,1236.56,816.92,,,
2010-05-24,2262.37,3257.69,-995.32,1909.96,802.54,1107.42,,,
2010-05-25,1761.74,3225.93,-1464.19,1810.67,1404.55,406.12,,,
2010-05-26,3668.51,3835.17,-166.66,1226.52,1161.66,64.86,,,
2010-05-27,3924.39,4457.46,-533.07,1669.13,1258.69,410.44,,,
2010-05-28,2510.01,2100.33,409.68,1206.09,863.46,342.63,,,
2010-05-31,2301.28,1714.77,586.51,902.78,976.55,-73.77,,,
2010-06-01,3380.3,2719.75,660.55,1564.46,1850.56,-286.1,,,
2010-06-04,2361.15,2099.45,261.7,1400.46,1319.39,81.07,,,
2010-06-05,1908.88,2846.63,-937.75,1339.27,959.31,379.96,,,
2010-06-07,1919.42,1577.07,342.35,934.75,1018.96,-84.21,,,
2010-06-08,2668.91,2003.97,664.94,954.93,1295.52,-340.59,,,
2010-06-09,2750.18,1803.65,946.53,1816.24,1424.11,392.13,,,
2010-06-10,4861.39,3018.95,1842.44,1724.02,2700.48,-976.46,,,
2010-06-12,2724.21,2925.83,-201.62,1093.2,1407.09,-313.89,,,
2010-06-14,1956.64,1608.84,347.8,951.51,992.94,-41.43,,,
2010-06-15,2375.04,1784.95,590.09,762.79,1114.25,-351.46,,,
2010-06-16,2531.8,1747.88,783.92,1076.65,1247.41,-170.76,,,
2010-06-17,2748.7,2286.1,462.6,827.7,1191.33,-363.63,,,
2010-06-18,2890.3,2110.99,779.31,829.31,1329.07,-499.76,,,
2010-06-21,3218.62,1654.32,1564.3,953.21,1514.65,-561.44,,,
2010-06-22,2546.4,1570.57,975.83,1197.17,1394.16,-196.99,,,
2010-06-23,1842.2,1576.87,265.33,672.34,1538.56,-866.22,,,
2010-06-24,4465.02,3311.06,1153.96,1299.33,2193.16,-893.83,,,
2010-06-25,1297.86,1605.48,-307.62,1185.32,1631.52,-446.2,,,
2010-06-28,2219.55,1426.76,792.79,1416.11,1510.99,-94.88,,,
2010-06-29,1828.26,2089.41,-261.15,1148.88,1263.59,-114.71,,,
2010-06-30,3243.49,2653.61,589.88,1422.78,1573.89,-151.11,,,
2010-07-01,2579.68,2487.47,92.21,1364.1,1491.51,-127.41,,,
2010-07-04,3415.45,3076.67,338.78,1412.69,1436.12,-23.43,,,
2010-07-05,2573.13,3881.52,-1308.39,1676.73,1022.38,654.35,,,
2010-07-06,1625.33,2028.78,-403.45,795.44,997.95,-202.51,,,
2010-07-07,1461.96,1511.2,-49.24,1037.06,902.37,134.69,,,
2010-07-09,2466.94,2487.82,-20.88,1780.21,1339.07,441.14,,,
2010-07-10,4647.06,3464.15,1182.91,1128.32,2321.85,-1193.53,,,
2010-07-13,3132.49,2347.81,784.68,1382.81,2033.77,-650.96,,,
2010-07-14,3481.97,2912.73,569.24,1409.91,1741.39,-331.48,,,
2010-07-15,2590.95,2225.86,365.09,884.24,1472.7,-588.46,,,
2010-07-16,2803.6,2127.16,676.44,1373.89,1655.81,-281.92,,,
2010-07-19,1886.07,1732.28,153.79,858.39,1119.69,-261.3,,,
2010-07-20,1635.19,1338.12,297.07,874.15,978.41,-104.26,,,
2010-07-21,2396.89,2034.45,362.44,1106.63,1409.31,-302.68,,,
2010-07-22,2269.96,2095.28,174.68,1272.39,1784.58,-512.19,,,
2010-07-23,3016.34,2305.26,711.08,1383.38,1484.94,-101.56,,,
2010-07-26,2078.24,1881.92,196.32,742.75,1461.62,-718.87,,,
2010-07-27,2460.45,2483.25,-22.8,1551.03,1773.31,-222.28,,,
2010-07-28,2820.05,2226.89,593.16,1323.91,2014.69,-690.78,,,
2010-07-29,3498.33,2919.48,578.85,1430.14,2350.49,-920.35,,,
2010-07-30,2666.19,2455.33,210.86,1408.94,1538.91,-129.97,,,
2010-08-01,3240.2,3170.82,69.38,1624.46,1441.59,182.87,,,
2010-08-02,1714.24,2649.79,-935.55,1112.3,731.23,381.07,,,
2010-08-03,3284.26,2152.25,1132.01,1309.36,1877.99,-568.63,,,
2010-08-04,2115.04,2052.84,62.2,1200.84,1294.46,-93.62,,,
2010-08-06,1730.9,1973.81,-242.91,1074.76,1033.67,41.09,,,
2010-08-07,2390.4,1433.34,957.06,1017.37,1287.94,-270.57,,,
2010-08-09,2368.68,2086.72,281.96,1210.86,1309.07,-98.21,,,
2010-08-10,3490.06,2903.84,586.22,923.6,1925.61,-1002.01,,,
2010-08-11,4025.77,3520.23,505.54,1288.01,1759.44,-471.43,,,
2010-08-12,2383.76,3868.66,-1484.9,1662.22,1253.17,409.05,,,
2010-08-13,2452.25,2402.1,50.15,1625.92,1592.54,33.38,,,
2010-08-16,2753.66,2353.65,400.01,1168.44,1602.35,-433.91,,,
2010-08-17,3143.25,2739.16,404.09,1187.88,1588.0,-400.12,,,
2010-08-18,3118.91,2444.39,674.52,1579.43,1692.94,-113.51,,,
2010-08-19,3029.9,2208.72,821.18,1303.15,1088.06,215.09,,,
2010-08-20,2611.15,1948.29,662.86,1121.91,1224.07,-102.16,,,
2010-08-23,2411.85,2093.62,318.23,1249.56,1409.34,-159.78,,,
2010-08-24,2509.54,2318.49,191.05,1065.24,1754.78,-689.54,,,
2010-08-25,2379.88,2744.84,-364.96,1159.79,1426.56,-266.77,,,
2010-08-27,1811.62,1919.78,-108.16,1206.01,966.41,239.6,,,
2010-08-30,1418.88,1234.47,184.41,916.93,848.22,68.71,,,
2010-08-31,3120.17,2832.29,287.88,1199.03,1794.36,-595.33,,,
2010-09-02,1920.09,2445.36,-525.27,1153.03,753.78,399.25,,,
2010-09-03,4202.89,2029.8,2173.09,1092.9,1264.56,-171.66,,,
2010-09-04,2629.9,2396.81,233.09,1285.26,1351.72,-66.46,,,
2010-09-06,2036.46,2292.97,-256.51,1122.78,995.22,127.56,,,
2010-09-07,3457.4,2353.32,1104.08,1458.8,1420.08,38.72,,,
2010-09-08,2381.29,1859.17,522.12,1085.3,1130.81,-45.51,,,
2010-09-09,3266.19,2278.2,987.99,1581.77,1783.3,-201.53,,,
2010-09-11,3652.84,3178.31,474.53,1260.86,1789.53,-528.67,,,
2010-09-12,3726.39,5022.69,-1296.3,2235.4,1407.48,827.92,,,
2010-09-13,4589.56,2069.68,2519.88,1193.63,2154.44,-960.81,,,
2010-09-14,4102.02,2450.6,1651.42,1233.86,2358.16,-1124.3,,,
2010-09-15,4892.72,2677.73,2214.99,1209.6,2119.56,-909.96,,,
2010-09-16,3487.32,2367.29,1120.03,1028.74,2133.99,-1105.25,,,
2010-09-17,5272.59,3753.83,1518.76,1072.9,1820.14,-747.24,,,
2010-09-20,4532.44,2739.8,1792.64,1157.17,1615.08,-457.91,,,
2010-09-21,5593.7,3281.93,2311.77,1048.36,2308.34,-1259.98,,,
2010-09-22,4129.1,3214.33,914.77,1055.83,2029.64,-973.81,,,
2010-09-23,3034.99,2500.54,534.45,872.74,1518.43,-645.69,,,
2010-09-24,4254.77,3104.97,1149.8,1141.44,2021.27,-879.83,,,
2010-09-28,3339.38,2766.25,573.13,1087.89,1993.21,-905.32,,,
2010-09-29,3674.95,2918.58,756.37,1057.82,1893.03,-835.21,,,
2010-09-30,6428.29,3931.4,2496.89,1471.09,2992.72,-1521.63,,,
2010-10-02,2319.78,2528.4,-208.62,1192.09,732.98,459.11,,,
2010-10-03,2713.87,2349.51,364.36,1101.78,1477.2,-375.42,,,
2010-10-05,3123.29,2859.33,263.96,1405.92,1375.67,30.25,,,
2010-10-06,1937.12,1692.36,244.76,1042.73,1147.92,-105.19,,,
2010-10-08,3125.85,2526.52,599.33,1066.24,1606.91,-540.67,,,
2010-10-11,2845.15,2877.67,-32.52,1150.43,1294.14,-143.71,,,
2010-10-12,3528.41,4767.66,-1239.25,2124.53,1376.88,747.65,,,
2010-10-13,5833.71,3730.76,2102.95,1341.5,2696.31,-1354.81,,,
2010-10-14,3738.35,2718.48,1019.87,1325.59,2019.86,-694.27,,,
2010-10-15,2281.71,2394.46,-112.75,1150.44,2203.89,-1053.45,,,
2010-10-18,3765.87,3430.08,335.79,1250.96,2469.38,-1218.42,,,
2010-10-19,3267.69,3160.57,107.12,1279.35,1038.65,240.7,,,
2010-10-20,2428.13,2411.78,16.35,1124.16,1151.66,-27.5,,,
2010-10-21,3580.48,2728.68,851.8,1539.72,1770.11,-230.39,,,
2010-10-22,3166.2,2582.19,584.01,1715.12,1388.06,327.06,,,
2010-10-25,2657.09,2069.89,587.2,1491.82,1877.93,-386.11,,,
2010-10-26,3175.26,2693.82,481.44,1100.41,1808.59,-708.18,,,
2010-10-27,2753.52,2762.59,-9.07,1370.57,1888.87,-518.3,,,
2010-10-28,5496.35,6446.43,-950.08,1982.5,2042.94,-60.44,,,
2010-10-29,3350.23,2614.83,735.4,1595.76,1251.36,344.4,,,
2010-11-01,5973.59,2932.03,3041.56,1674.68,1352.22,322.46,,,
2010-11-02,1765.98,1554.08,211.9,791.23,730.41,60.82,,,
2010-11-03,2235.07,1930.2,304.87,1059.87,1262.57,-202.7,,,
2010-11-05,2452.8,2432.61,20.19,988.14,965.65,22.49,,,
2010-11-06,3288.77,2467.89,820.88,1212.17,1425.93,-213.76,,,
2010-11-08,2722.7,2808.51,-85.81,1784.22,1760.72,23.5,,,
2010-11-10,3298.46,2488.16,810.3,1161.86,1736.67,-574.81,,,
2010-11-11,3042.74,3103.16,-60.42,1071.58,1341.27,-269.69,,,
2010-11-15,2586.46,2272.78,313.68,1189.35,1192.74,-3.39,,,
2010-11-16,3157.02,3353.71,-196.69,1542.54,1092.95,449.59,,,
2010-11-18,4062.11,4514.82,-452.71,1664.85,1546.42,118.43,,,
2010-11-19,3926.43,3558.52,367.91,1697.72,1397.53,300.19,,,
2010-11-22,2906.16,2570.36,335.8,1373.0,1160.88,212.12,,,
2010-11-23,2868.01,4361.2,-1493.19,2255.28,752.31,1502.97,,,
2010-11-24,3173.82,3647.13,-473.31,1311.23,1406.17,-94.94,,,
2010-11-25,6385.61,7593.73,-1208.12,2574.62,2376.85,197.77,,,
2010-11-26,4332.25,4961.02,-628.77,2870.67,1911.26,959.41,,,
2010-11-29,3327.76,3171.56,156.2,1473.24,1273.91,199.33,,,
2010-11-30,6499.13,5609.67,889.46,1507.32,1942.35,-435.03,,,
2010-12-01,2903.43,3266.19,-362.76,1920.05,1465.19,454.86,,,
2010-12-03,2651.76,2280.08,371.68,1324.08,1414.89,-90.81,,,
2010-12-04,2433.13,2418.72,14.41,881.84,1074.48,-192.64,,,
2010-12-05,2068.49,2365.72,-297.23,1191.03,1010.61,180.42,,,
2010-12-07,3246.86,2245.11,1001.75,1152.76,1445.81,-293.05,,,
2010-12-08,3212.88,2994.69,218.19,1403.35,2059.4,-656.05,,,
2010-12-10,2913.81,2458.08,455.73,1106.8,1561.32,-454.52,,,
2010-12-11,3134.74,3917.01,-782.27,1439.13,1193.45,245.68,,,
2010-12-13,2410.64,2698.41,-287.77,1176.27,841.73,334.54,,,
2010-12-14,2512.96,2479.43,33.53,1072.9,723.73,349.17,,,
2010-12-15,3089.5,3177.11,-87.61,1303.22,1401.02,-97.8,,,
2010-12-16,3083.85,3400.64,-316.79,1518.41,1422.38,96.03,,,
2010-12-20,2973.75,3083.28,-109.53,1161.9,1022.45,139.45,,,
2010-12-21,2850.75,2885.54,-34.79,1631.12,1257.45,373.67,,,
2010-12-22,2375.65,2443.22,-67.57,1252.32,1153.39,98.93,,,
2010-12-23,1490.3,1633.4,-143.1,893.35,981.98,-88.63,,,
2010-12-24,1221.23,1206.41,14.82,651.84,948.4,-296.56,,,
2010-12-27,1024.0,777.69,246.31,622.94,736.83,-113.89,,,
2010-12-28,1328.12,1219.09,109.03,716.35,981.71,-265.36,,,
2010-12-29,1768.8,1221.22,547.58,803.82,974.16,-170.34,,,
2010-12-30,4665.76,2479.32,2186.44,1035.98,1884.27,-848.29,,,
2010-12-31,1894.47,1363.14,531.33,1274.97,1396.74,-121.77,,,
2011-01-02,2853.09,3889.89,-1036.8,1779.34,1148.94,630.4,,,
2011-01-04,2846.21,2430.93,415.28,675.95,1088.58,-412.63,,,
2011-01-06,2322.81,1877.59,445.22,644.8,786.76,-141.96,,,
2011-01-07,2603.52,2003.86,599.66,1044.68,1499.99,-455.31,,,
2011-01-08,1860.6,1773.77,86.83,956.14,1051.4,-95.26,,,
2011-01-11,1914.74,1935.4,-20.66,666.56,1239.97,-573.41,,,
2011-01-12,2422.63,1735.37,687.26,907.86,1620.94,-713.08,,,
2011-01-13,3370.21,3619.98,-249.77,1405.47,1163.05,242.42,,,
2011-01-14,2020.72,2769.32,-748.6,1381.9,1091.79,290.11,,,
2011-01-17,2569.5,2742.5,-173.0,1067.54,707.72,359.82,,,
2011-01-18,2699.71,2627.17,72.54,1149.84,1176.04,-26.2,,,
2011-01-19,3167.71,3438.09,-270.38,1540.76,1052.23,488.53,,,
2011-01-20,2723.52,3667.43,-943.91,1432.83,1176.51,256.32,,,
2011-01-21,2461.85,2829.85,-368.0,1061.92,838.78,223.14,,,
2011-01-24,2558.12,2494.17,63.95,1474.93,1238.42,236.51,,,
2011-01-25,3153.89,2880.9,272.99,1134.09,1303.77,-169.68,,,
2011-01-27,4176.53,5827.94,-1651.41,1325.11,1580.7,-255.59,,,
2011-01-28,3481.28,4188.12,-706.84,1769.19,1687.95,81.24,,,
2011-01-31,2599.84,3520.22,-920.38,2064.48,1056.34,1008.14,,,
2011-02-02,3112.79,3194.52,-81.73,1958.92,1278.54,680.38,,,
2011-02-05,1865.78,2126.81,-261.03,901.12,1051.64,-150.52,,,
2011-02-06,1748.22,1763.01,-14.79,897.38,1027.98,-130.6,,,
2011-02-08,1853.67,2055.35,-201.68,1231.41,1091.53,139.88,,,
2011-02-09,4704.39,3546.01,1158.38,906.05,1252.33,-346.28,,,
2011-02-11,1469.28,1477.06,-7.78,736.5,744.29,-7.79,,,
2011-02-12,2588.37,1991.48,596.89,838.13,945.66,-107.53,,,
2011-02-14,3133.11,2985.47,147.64,989.01,879.99,109.02,,,
2011-02-15,2605.97,2372.92,233.05,881.3,1049.15,-167.85,,,
2011-02-16,1960.55,2190.61,-230.06,578.83,647.32,-68.49,,,
2011-02-17,2305.25,2267.26,37.99,1153.73,909.33,244.4,,,
2011-02-18,2844.58,2636.91,207.67,1266.67,1455.81,-189.14,,,
2011-02-21,2006.78,2252.2,-245.42,800.36,827.97,-27.61,,,
2011-02-22,2527.5,2913.76,-386.26,1139.68,725.69,413.99,,,
2011-02-23,2862.37,3416.97,-554.6,1086.38,733.56,352.82,,,
2011-02-24,3663.59,6365.81,-2702.22,2652.35,1622.43,1029.92,,,
2011-02-25,2856.3,3417.76,-561.46,1345.28,789.99,555.29,,,
2011-02-28,3789.23,3829.09,-39.86,1860.24,1542.86,317.38,,,
2011-03-01,1516.59,1175.62,340.97,1044.56,1168.57,-124.01,,,
2011-03-02,2602.43,2063.72,538.71,1155.2,1200.65,-45.45,,,
2011-03-03,3470.97,3241.95,229.02,1157.54,1062.02,95.52,,,
2011-03-05,2624.11,3802.77,-1178.66,1812.46,1205.63,606.83,,,
2011-03-06,1959.78,1514.52,445.26,488.37,843.88,-355.51,,,
2011-03-08,1914.73,2784.42,-869.69,1464.19,1041.71,422.48,,,
2011-03-10,1633.82,2459.71,-825.89,1112.85,817.51,295.34,,,
2011-03-11,1884.03,1868.58,15.45,973.06,971.15,1.91,,,
2011-03-14,1917.03,1502.68,414.35,778.05,770.4,7.65,,,
2011-03-15,2520.63,2372.35,148.28,1247.79,680.69,567.1,,,
2011-03-16,2233.78,2368.3,-134.52,1153.03,826.31,326.72,,,
2011-03-17,1546.32,2674.93,-1128.61,1044.93,612.86,432.07,,,
2011-03-18,2029.96,2553.47,-523.51,1142.2,845.9,296.3,,,
2011-03-21,1263.27,1360.29,-97.02,782.26,734.28,47.98,,,
2011-03-22,1533.5,1297.21,236.29,844.44,748.4,96.04,,,
2011-03-23,1930.24,1618.14,312.1,2042.81,931.13,1111.68,,,
2011-03-24,2238.75,1930.93,307.82,1451.34,1073.22,378.12,,,
2011-03-25,3305.51,1859.33,1446.18,1298.97,1612.74,-313.77,,,
2011-03-28,2889.97,1999.95,890.02,1519.73,1806.25,-286.52,,,
2011-03-29,3621.52,2329.98,1291.54,1223.85,1698.02,-474.17,,,
2011-03-30,2802.2,2062.59,739.61,1291.97,1907.31,-615.34,,,
2011-03-31,6997.45,3672.86,3324.59,1640.23,3357.08,-1716.85,,,
2011-04-01,3381.89,2664.13,717.76,1474.07,1965.64,-491.57,,,
2011-04-02,2544.42,2400.38,144.04,1621.58,1384.13,237.45,,,
2011-04-03,2699.81,2114.29,585.52,975.57,1205.35,-229.78,,,
2011-04-04,2563.0,1958.49,604.51,744.63,1133.96,-389.33,,,
2011-04-05,2137.74,3129.88,-992.14,1775.52,861.42,914.1,,,
2011-04-07,2820.06,1688.34,1131.72,982.13,1351.45,-369.32,,,
2011-04-08,2399.2,2653.75,-254.55,1177.3,860.8,316.5,,,
2011-04-10,2062.41,3033.85,-971.44,1578.45,1022.64,555.81,,,
2011-04-11,2256.56,2127.94,128.62,938.47,867.98,70.49,,,
2011-04-13,3309.08,3283.48,25.6,1230.1,1234.9,-4.8,,,
2011-04-15,3135.81,3389.24,-253.43,1373.07,1733.95,-360.88,,,
2011-04-18,2528.2,3509.76,-981.56,1395.14,733.67,661.47,,,
2011-04-19,3683.65,1990.46,1693.19,959.69,751.36,208.33,,,
2011-04-20,2473.17,2280.17,193.0,993.17,1016.45,-23.28,,,
2011-04-21,2799.78,2491.99,307.79,1076.57,1346.19,-269.62,,,
2011-04-25,1560.16,1937.75,-377.59,1082.1,845.48,236.62,,,
2011-04-26,2334.31,2888.34,-554.03,1106.75,944.94,161.81,,,
2011-04-27,2153.06,2864.92,-711.86,1553.4,1254.12,299.28,,,
2011-04-28,4257.02,5089.61,-832.59,1868.83,1336.23,532.6,,,
2011-04-29,3023.81,3713.7,-689.89,1230.42,1291.48,-61.06,,,
2011-05-01,3245.55,3485.85,-240.3,1349.98,1451.73,-101.75,,,
2011-05-04,2204.31,1481.02,723.29,765.69,1294.67,-528.98,,,
2011-05-05,2005.09,2784.57,-779.48,1826.36,889.13,937.23,,,
2011-05-07,2666.56,1841.04,825.52,984.37,1882.86,-898.49,,,
2011-05-08,2178.86,3967.82,-1788.96,2911.09,1538.6,1372.49,,,
2011-05-09,2971.1,2837.88,133.22,1110.29,963.06,147.23,,,
2011-05-10,2025.78,3034.65,-1008.87,1153.21,830.81,322.4,,,
2011-05-12,1506.92,1360.19,146.73,650.91,613.24,37.67,,,
2011-05-13,2315.61,2476.96,-161.35,870.44,881.97,-11.53,,,
2011-05-16,1854.03,1806.96,47.07,752.71,749.3,3.41,,,
2011-05-17,1968.92,2456.12,-487.2,814.27,1384.56,-570.29,,,
2011-05-18,2451.46,2830.9,-379.44,1115.97,1088.51,27.46,,,
2011-05-19,2113.76,2151.17,-37.41,1127.33,994.99,132.34,,,
2011-05-20,2255.82,2437.37,-181.55,1406.18,1007.99,398.19,,,
2011-05-23,1959.21,2252.77,-293.56,1070.0,875.78,194.22,,,
2011-05-24,2539.94,2351.78,188.16,778.17,745.22,32.95,,,
2011-05-25,2614.34,2985.13,-370.79,946.27,766.86,179.41,,,
2011-05-26,3743.64,3619.26,124.38,1696.01,1462.48,233.53,,,
2011-05-27,2719.76,2497.73,222.03,1076.64,688.39,388.25,,,
2011-05-30,2431.25,2177.77,253.48,740.25,790.64,-50.39,,,
2011-05-31,6271.32,4960.34,1310.98,1170.34,1767.0,-596.66,,,
2011-06-01,3274.86,3660.49,-385.63,1240.16,1578.21,-338.05,,,
2011-06-04,2856.44,2327.97,528.47,1118.81,1649.86,-531.05,,,
2011-06-05,2579.11,3234.45,-655.34,2065.76,1047.72,1018.04,,,
2011-06-06,1589.1,1790.88,-201.78,720.73,535.74,184.99,,,
2011-06-07,2076.04,1855.59,220.45,991.95,1072.18,-80.23,,,
2011-06-09,3629.92,3198.44,431.48,862.48,1277.65,-415.17,,,
2011-06-13,1543.66,1847.83,-304.17,917.1,889.76,27.34,,,
2011-06-14,3085.03,3883.56,-798.53,1700.97,1090.25,610.72,,,
2011-06-15,2461.5,2632.06,-170.56,1009.26,868.12,141.14,,,
2011-06-16,2191.29,2790.81,-599.52,1308.28,1022.18,286.1,,,
2011-06-17,2111.19,2501.75,-390.56,851.51,886.88,-35.37,,,
2011-06-20,2577.97,3090.54,-512.57,1545.17,681.86,863.31,,,
2011-06-21,1699.74,2263.1,-563.36,1143.76,713.35,430.41,,,
2011-06-22,1842.76,2130.16,-287.4,824.99,667.62,157.37,,,
2011-06-23,1902.96,1673.75,229.21,866.12,624.17,241.95,,,
2011-06-24,3682.65,2792.21,890.44,1064.62,1551.47,-486.85,,,
2011-06-27,3754.0,2306.58,1447.42,933.65,1700.03,-766.38,,,
2011-06-28,2774.22,1954.81,819.41,999.42,1574.48,-575.06,,,
2011-06-29,3099.16,2429.81,669.35,1290.67,1531.26,-240.59,,,
2011-06-30,5361.85,3770.51,1591.34,1180.97,1954.35,-773.38,,,
2011-07-01,2397.19,3437.93,-1040.74,2179.56,1063.73,1115.83,,,
2011-07-02,2544.42,2400.38,144.04,1621.58,1384.13,237.45,,,
2011-07-03,1845.81,1938.05,-92.24,697.02,651.45,45.57,,,
2011-07-04,2675.95,2455.36,220.59,881.68,1093.84,-212.16,,,
2011-07-06,2012.41,1899.71,112.7,692.19,660.9,31.29,,,
2011-07-07,3034.33,2165.62,868.71,1420.57,1581.6,-161.03,,,
2011-07-09,3049.63,2787.2,262.43,1224.7,1305.51,-80.81,,,
2011-07-10,3567.05,3075.5,491.55,1211.01,1191.6,19.41,,,
2011-07-12,2789.71,2654.35,135.36,911.3,1101.41,-190.11,,,
2011-07-13,2387.52,2071.57,315.95,963.38,1332.29,-368.91,,,
2011-07-14,2339.99,2128.53,211.46,1591.7,1073.88,517.82,,,
2011-07-15,1647.52,1574.49,73.03,687.05,726.19,-39.14,,,
2011-07-18,1965.73,2058.74,-93.01,797.83,634.21,163.62,,,
2011-07-19,1922.8,1629.51,293.29,802.67,1029.59,-226.92,,,
2011-07-20,1876.93,1967.37,-90.44,1198.73,1178.25,20.48,,,
2011-07-21,1627.54,2205.18,-577.64,1223.92,815.56,408.36,,,
2011-07-22,2718.66,2273.75,444.91,1329.71,1086.66,243.05,,,
2011-07-25,2608.84,2293.12,315.72,1511.75,1287.5,224.25,,,
2011-07-26,2479.17,2656.92,-177.75,1387.82,1356.33,31.49,,,
2011-07-27,2818.42,2831.35,-12.93,1309.12,1309.31,-0.19,,,
2011-07-28,4126.11,4061.45,64.66,1878.11,1468.77,409.34,,,
2011-07-29,2771.53,3235.56,-464.03,1564.71,1152.89,411.82,,,
2011-08-02,2966.06,3692.6,-726.54,1318.56,869.59,448.97,,,
2011-08-03,2220.06,1982.99,237.07,728.41,868.87,-140.46,,,
2011-08-04,2688.69,2303.84,384.85,982.97,1111.37,-128.4,,,
2011-08-06,1883.45,1833.02,50.43,692.01,606.54,85.47,,,
2011-08-07,3034.33,2165.62,868.71,1420.57,1581.6,-161.03,,,
2011-08-08,1642.22,3028.0,-1385.78,2620.3,1299.92,1320.38,,,
2011-08-09,2228.54,2214.36,14.18,853.19,1119.8,-266.61,,,
2011-08-11,1696.02,1239.74,456.28,369.26,746.73,-377.47,,,
2011-08-12,2164.69,2138.97,25.72,845.47,1042.98,-197.51,,,
2011-08-16,2526.33,2787.45,-261.12,908.76,657.09,251.67,,,
2011-08-17,2262.74,2670.42,-407.68,1061.56,892.14,169.42,,,
2011-08-18,2388.42,2877.09,-488.67,1291.78,961.36,330.42,,,
2011-08-19,2816.01,3718.62,-902.61,1653.42,1230.17,423.25,,,
2011-08-22,1489.25,2275.57,-786.32,1024.4,881.06,143.34,,,
2011-08-23,2577.78,2678.12,-100.34,928.39,625.5,302.89,,,
2011-08-24,1853.82,2737.3,-883.48,1161.68,600.58,561.1,,,
2011-08-25,3102.79,4543.34,-1440.55,1271.59,886.58,385.01,,,
2011-08-26,2145.7,2371.95,-226.25,1169.39,776.49,392.9,,,
2011-08-29,2211.38,1845.19,366.19,823.88,1149.38,-325.5,,,
2011-08-30,2965.58,2344.68,620.9,1283.68,1181.77,101.91,,,
2011-09-02,3680.57,4289.57,-609.0,1385.4,1270.4,115.0,,,
2011-09-03,1853.04,1721.87,131.17,1022.75,909.76,112.99,,,
2011-09-05,1935.01,1738.59,196.42,500.92,626.7,-125.78,,,
2011-09-06,1842.66,1867.39,-24.73,564.46,555.49,8.97,,,
2011-09-08,2410.06,4514.62,-2104.56,3009.88,1596.92,1412.96,,,
2011-09-09,2355.77,2783.44,-427.67,1125.2,1040.13,85.07,,,
2011-09-11,2280.59,1721.55,559.04,811.92,1343.78,-531.86,,,
2011-09-12,1771.67,2020.24,-248.57,985.02,869.81,115.21,,,
2011-09-13,1281.69,1750.1,-468.41,877.27,756.08,121.19,,,
2011-09-14,2101.11,2146.93,-45.82,788.79,971.47,-182.68,,,
2011-09-15,1978.63,1842.08,136.55,795.5,791.1,4.4,,,
2011-09-16,3675.29,3280.13,395.16,1165.58,1126.25,39.33,,,
2011-09-19,1475.52,1641.73,-166.21,530.65,568.15,-37.5,,,
2011-09-20,2118.13,1799.29,318.84,748.52,1066.21,-317.69,,,
2011-09-21,2009.89,1766.44,243.45,866.17,881.65,-15.48,,,
2011-09-22,1364.68,2670.23,-1305.55,1421.47,678.0,743.47,,,
2011-09-23,1640.68,2920.29,-1279.61,1480.67,715.29,765.38,,,
2011-09-26,1240.6,2324.43,-1083.83,1165.51,590.3,575.21,,,
2011-09-27,2132.8,2098.72,34.08,960.76,690.71,270.05,,,
2011-09-28,2705.14,2520.17,184.97,907.32,791.73,115.59,,,
2011-09-29,3539.32,3769.62,-230.3,1058.77,1461.65,-402.88,,,
2011-09-30,2498.17,2957.64,-459.47,1240.39,723.05,517.34,,,
2011-10-01,2633.69,3772.47,-1138.78,1729.36,710.82,1018.54,,,
2011-10-02,3032.29,3987.16,-954.87,1660.73,1023.43,637.3,,,
2011-10-03,1642.86,1740.05,-97.19,743.14,634.16,108.98,,,
2011-10-05,1451.06,1426.04,25.02,768.09,637.23,130.86,,,
2011-10-06,2026.81,2196.86,-170.05,839.45,502.47,336.98,,,
2011-10-10,2439.48,2227.77,211.71,1133.52,1170.65,-37.13,,,
2011-10-13,2529.14,1859.06,670.08,902.87,1160.23,-257.36,,,
2011-10-14,1921.6,2015.64,-94.04,894.46,1132.31,-237.85,,,
2011-10-17,2653.35,2058.34,595.01,1287.4,1393.95,-106.55,,,
2011-10-18,1821.6,2106.79,-285.19,830.19,963.08,-132.89,,,
2011-10-19,1768.89,1783.34,-14.45,763.47,857.93,-94.46,,,
2011-10-20,1468.86,1940.86,-472.0,719.91,845.18,-125.27,,,
2011-10-21,1364.41,1598.42,-234.01,822.86,749.5,73.36,,,
2011-10-24,1739.51,1638.41,101.1,693.32,852.16,-158.84,,,
2011-10-25,3678.07,3233.31,444.76,1341.45,2220.91,-879.46,,,
2011-10-28,5496.62,3330.41,2166.21,1200.25,2278.66,-1078.41,,,
2011-10-31,2587.45,2228.67,358.78,945.29,1221.65,-276.36,,,
2011-11-01,2726.62,3889.19,-1162.57,1854.65,790.47,1064.18,,,
2011-11-02,3206.61,3744.32,-537.71,1343.41,823.74,519.67,,,
2011-11-03,1629.34,1872.92,-243.58,1186.2,1073.96,112.24,,,
2011-11-04,1997.6,2688.82,-691.22,957.47,693.66,263.81,,,
2011-11-05,2362.44,2237.37,125.07,827.85,738.73,89.12,,,
2011-11-07,1889.74,1456.79,432.95,736.35,662.71,73.64,,,
2011-11-08,2416.12,2475.91,-59.79,1179.49,913.24,266.25,,,
2011-11-10,2821.63,2707.48,114.15,1338.5,1230.33,108.17,,,
2011-11-11,3049.99,3133.25,-83.26,1045.76,1158.94,-113.18,,,
2011-11-14,2542.99,2221.37,321.62,862.44,871.74,-9.3,,,
2011-11-15,1698.84,2108.61,-409.77,2108.61,783.26,1325.35,,,
2011-11-16,1743.78,2232.67,-488.89,1374.11,1096.32,277.79,,,
2011-11-17,1943.27,2138.47,-195.2,1149.83,778.24,371.59,,,
2011-11-18,1796.37,2667.99,-871.62,1375.06,994.67,380.39,,,
2011-11-21,1886.49,2629.51,-743.02,1351.35,755.8,595.55,,,
2011-11-22,1764.71,2717.39,-952.68,1814.54,749.03,1065.51,,,
2011-11-23,1776.24,2962.66,-1186.42,1794.71,868.55,926.16,,,
2011-11-24,2072.95,3709.03,-1636.08,1908.66,860.91,1047.75,,,
2011-11-25,1410.6,2215.6,-805.0,1763.47,726.92,1036.55,,,
2011-11-28,1723.62,2026.21,-302.59,1075.94,768.64,307.3,,,
2011-11-29,1937.89,2258.76,-320.87,1172.69,811.46,361.23,,,
2011-11-30,6245.15,6211.03,34.12,1942.65,2136.47,-193.82,,,
2011-12-01,3366.8,3738.3,-371.5,1495.93,1136.72,359.21,,,
2011-12-05,1578.06,1998.09,-420.03,1048.02,735.58,312.44,,,
2011-12-07,1386.95,2356.39,-969.44,1326.18,1039.41,286.77,,,
2011-12-08,2380.52,2851.61,-471.09,1302.32,1203.3,99.02,,,
2011-12-09,1582.64,2517.38,-934.74,1150.9,722.97,427.93,,,
2011-12-10,2653.35,2058.34,595.01,1287.4,1393.95,-106.55,,,
2011-12-12,1522.08,1950.38,-428.3,1116.61,950.32,166.29,,,
2011-12-13,1597.52,2158.32,-560.8,1251.49,769.56,481.93,,,
2011-12-14,2246.43,2386.56,-140.13,1022.94,573.35,449.59,,,
2011-12-15,2991.84,3315.12,-323.28,986.71,938.62,48.09,,,
2011-12-16,2235.54,2455.79,-220.25,1159.08,823.78,335.3,,,
2011-12-19,2259.17,2709.54,-450.37,1138.83,1120.23,18.6,,,
2011-12-20,1976.14,2502.4,-526.26,1053.82,867.1,186.72,,,
2011-12-21,2208.25,2352.48,-144.23,1019.65,1152.91,-133.26,,,
2011-12-22,1852.18,2088.57,-236.39,1045.8,816.06,229.74,,,
2011-12-23,1281.1,1196.83,84.27,651.02,729.57,-78.55,,,
2011-12-26,547.02,433.59,113.43,435.94,554.92,-118.98,,,
2011-12-27,1038.06,823.75,214.31,497.22,592.51,-95.29,,,
2011-12-28,1238.81,1157.37,81.44,532.14,628.63,-96.49,,,
2011-12-29,1504.5,2520.32,-1015.82,996.86,673.79,323.07,,,
2011-12-30,969.1,1147.25,-178.15,853.68,587.08,266.6,,,
2012-01-02,4997.28,3320.79,1676.49,1734.93,1767.22,-32.29,,,
2012-01-03,2133.21,2259.73,-126.52,998.54,1008.51,-9.97,,,
2012-01-06,1791.48,2011.86,-220.38,865.54,660.04,205.5,,,
2012-01-08,2014.83,1573.38,441.45,813.64,986.61,-172.97,,,
2012-01-10,2104.6,1897.09,207.51,866.81,1341.01,-474.2,,,
2012-01-13,2508.07,2214.56,293.51,1198.43,1375.69,-177.26,,,
2012-01-16,1980.81,1623.13,357.68,649.83,879.38,-229.55,,,
2012-01-17,2963.72,1937.97,1025.75,1292.91,1722.14,-429.23,,,
2012-01-18,3008.08,2132.23,875.85,884.51,1474.78,-590.27,,,
2012-01-19,2796.26,2170.12,626.14,1087.26,1333.85,-246.59,,,
2012-01-20,3509.75,2689.91,819.84,1221.68,1836.47,-614.79,,,
2012-01-23,1579.16,1637.96,-58.8,873.05,1311.53,-438.48,,,
2012-01-24,3011.11,2209.82,801.29,1391.98,1654.63,-262.65,,,
2012-01-25,3920.65,2773.64,1147.01,1162.31,1874.31,-712.0,,,
2012-01-27,4093.99,2853.83,1240.16,1036.66,1745.12,-708.46,,,
2012-01-30,2575.35,2777.06,-201.71,772.39,1306.08,-533.69,,,
2012-01-31,3460.78,2836.68,624.1,1299.94,1541.2,-241.26,,,
2012-02-01,458.53,552.4,-93.87,579.04,494.7,84.34,,,
2012-02-02,5157.5,3216.27,1941.23,1488.05,2141.19,-653.14,,,
2012-02-03,2395.0,1816.35,578.65,994.28,1064.76,-70.48,,,
2012-02-04,1861.47,1615.53,245.94,770.91,843.72,-72.81,,,
2012-02-05,2241.7,2004.23,237.47,939.25,868.13,71.12,,,
2012-02-07,2104.11,1513.05,591.06,783.2,1230.69,-447.49,,,
2012-02-08,1653.63,1513.5,140.13,838.34,904.82,-66.48,,,
2012-02-13,2600.01,2130.24,469.77,832.72,1430.03,-597.31,,,
2012-02-14,2955.58,1925.46,1030.12,1109.31,1517.95,-408.64,,,
2012-02-16,3251.56,3067.25,184.31,1383.42,1773.74,-390.32,,,
2012-02-17,4126.95,3590.46,536.49,2419.64,2642.71,-223.07,,,
2012-02-21,4091.84,2691.67,1400.17,1233.78,2477.93,-1244.15,,,
2012-02-22,4033.4,3203.77,829.63,1215.07,2547.97,-1332.9,,,
2012-02-23,4069.92,3965.37,104.55,1453.7,2094.63,-640.93,,,
2012-02-24,11138.59,2183.29,8955.3,1055.99,1892.7,-836.71,,,
2012-02-27,2957.94,2628.85,329.09,1206.72,1905.86,-699.14,,,
2012-02-28,2937.55,2209.96,727.59,1283.87,1871.08,-587.21,,,
2012-02-29,3666.24,3086.61,579.63,1113.77,1544.84,-431.07,,,
2012-03-01,1356.89,1101.5,255.39,988.27,781.76,206.51,,,
2012-03-02,3193.37,2119.16,1074.21,1016.04,1931.62,-915.58,,,
2012-03-04,1995.03,1662.56,332.47,1096.77,896.49,200.28,,,
2012-03-05,2361.49,2287.75,73.74,791.09,1138.09,-347.0,,,
2012-03-07,2233.64,1643.93,589.71,715.98,1259.95,-543.97,,,
2012-03-08,1508.84,1300.15,208.69,804.26,1238.91,-434.65,,,
2012-03-09,1669.48,1724.27,-54.79,682.27,842.97,-160.7,,,
2012-03-10,3626.4,3024.01,602.39,1048.51,1716.65,-668.14,,,
2012-03-12,1955.34,1652.0,303.34,1087.32,1423.26,-335.94,,,
2012-03-13,2758.88,1886.2,872.68,943.46,1377.2,-433.74,,,
2012-03-14,3813.19,2153.91,1659.28,1285.06,2142.17,-857.11,,,
2012-03-15,2375.95,2219.93,156.02,809.83,1199.0,-389.17,,,
2012-03-16,3490.69,2607.11,883.58,1201.53,1971.92,-770.39,,,
2012-03-19,2387.61,2226.74,160.87,1111.51,1407.49,-295.98,,,
2012-03-20,2110.5,1999.41,111.09,994.5,1114.85,-120.35,,,
2012-03-21,3488.6,2865.96,622.64,956.01,1249.71,-293.7,,,
2012-03-22,2643.39,2396.83,246.56,1118.38,1251.51,-133.13,,,
2012-03-23,2310.91,2301.45,9.46,689.22,502.41,186.81,,,
2012-03-26,3998.36,4133.65,-135.29,775.03,975.97,-200.94,,,
2012-03-27,3009.32,2966.33,42.99,1039.42,1329.47,-290.05,,,
2012-03-28,2863.56,3011.62,-148.06,895.94,822.91,73.03,,,
2012-03-29,3954.15,5287.0,-1332.85,1408.0,1108.33,299.67,,,
2012-03-30,5112.7,4150.05,962.65,1096.07,1263.39,-167.32,,,
2012-04-01,1836.86,1697.89,138.97,856.02,939.43,-83.41,,,
2012-04-04,1330.46,1284.64,45.82,839.54,712.84,126.7,,,
2012-04-05,3419.72,2991.8,427.92,1118.42,1398.53,-280.11,,,
2012-04-06,1492.85,2129.99,-637.14,1102.98,656.75,446.23,,,
2012-04-07,2135.3,1896.11,239.19,1185.24,1347.01,-161.77,,,
2012-04-09,1634.31,1329.9,304.41,702.67,808.27,-105.6,,,
2012-04-10,3245.74,2301.21,944.53,1327.64,2146.2,-818.56,,,
2012-04-12,2371.34,1831.39,539.95,1062.21,1496.31,-434.1,,,
2012-04-13,2634.23,2496.98,137.25,1329.61,1809.29,-479.68,,,
2012-04-16,1341.24,1850.67,-509.43,932.45,714.22,218.23,,,
2012-04-17,2403.64,1962.49,441.15,964.09,1177.3,-213.21,,,
2012-04-18,2478.0,2256.37,221.63,988.09,950.21,37.88,,,
2012-04-19,1866.75,1969.21,-102.46,936.84,835.84,101.0,,,
2012-04-20,1729.83,1415.79,314.04,1059.95,925.21,134.74,,,
2012-04-23,1351.7,1759.19,-407.49,1206.48,754.78,451.7,,,
2012-04-24,2158.43,3019.21,-860.78,1462.54,1043.46,419.08,,,
2012-04-25,2176.64,2517.48,-340.84,911.18,870.48,40.7,,,
2012-04-26,3356.74,3732.82,-376.08,1491.42,1427.93,63.49,,,
2012-04-27,2078.31,2454.53,-376.22,967.17,824.61,142.56,,,
2012-04-30,2100.62,1621.09,479.53,668.05,914.86,-246.81,,,
2012-05-01,2247.61,1866.19,381.42,795.65,1084.86,-289.21,,,
2012-05-03,1867.04,1741.54,125.5,827.42,1085.75,-258.33,,,
2012-05-06,1193.74,1874.6,-680.86,1400.18,605.53,794.65,,,
2012-05-07,2659.08,2229.86,429.22,995.17,1198.2,-203.03,,,
2012-05-09,2135.61,2324.26,-188.65,910.44,1076.72,-166.28,,,
2012-05-10,6806.29,2454.3,4351.99,1439.55,1628.65,-189.1,,,
2012-05-11,1363.47,989.54,373.93,577.07,921.49,-344.42,,,
2012-05-12,2819.35,1940.78,878.57,1158.06,1797.84,-639.78,,,
2012-05-14,2080.58,1725.48,355.1,850.14,995.19,-145.05,,,
2012-05-15,1824.1,2008.38,-184.28,924.29,1007.14,-82.85,,,
2012-05-16,2239.47,2786.32,-546.85,1415.78,1243.95,171.83,,,
2012-05-17,2289.29,2298.96,-9.67,955.33,701.18,254.15,,,
2012-05-18,1672.69,1921.62,-248.93,1021.59,872.65,148.94,,,
2012-05-21,1334.72,1414.31,-79.59,662.44,513.24,149.2,,,
2012-05-22,1611.91,1895.25,-283.34,927.65,720.05,207.6,,,
2012-05-23,1534.16,1895.23,-361.07,780.79,612.3,168.49,,,
2012-05-24,1633.59,1739.32,-105.73,732.16,602.14,130.02,,,
2012-05-25,1001.53,1625.29,-623.76,927.63,492.98,434.65,,,
2012-05-28,1233.83,1124.95,108.88,664.38,496.68,167.7,,,
2012-05-29,1539.21,1448.71,90.5,727.89,927.29,-199.4,,,
2012-05-30,2192.44,2203.18,-10.74,558.13,740.74,-182.61,,,
2012-05-31,6379.64,7045.4,-665.76,1323.22,1589.6,-266.38,,,
2012-06-01,1852.48,1842.04,10.44,618.95,817.83,-198.88,,,
2012-06-02,3512.46,2514.52,997.94,1378.21,1561.33,-183.12,,,
2012-06-03,2629.95,2871.17,-241.22,1238.12,1058.21,179.91,,,
2012-06-06,3310.26,3041.05,269.21,1411.75,922.61,489.14,,,
2012-06-07,1915.84,1344.07,571.77,859.8,1083.27,-223.47,,,
2012-06-08,1738.14,1182.41,555.73,876.85,881.08,-4.23,,,
2012-06-09,1845.81,1679.23,166.58,887.06,920.82,-33.76,,,
2012-06-12,2855.57,2017.43,838.14,1029.28,1692.02,-662.74,,,
2012-06-13,1868.63,1650.95,217.68,918.99,842.12,76.87,,,
2012-06-14,1254.35,1149.27,105.08,655.4,938.23,-282.83,,,
2012-06-15,2515.79,2176.79,339.0,801.7,922.37,-120.67,,,
2012-06-18,1698.62,1286.21,412.41,895.55,958.91,-63.36,,,
2012-06-19,1668.25,1761.55,-93.3,725.48,1004.18,-278.7,,,
2012-06-21,1971.61,1852.03,119.58,1013.08,969.52,43.56,,,
2012-06-22,1310.71,1484.93,-174.22,884.49,885.76,-1.27,,,
2012-06-25,1404.14,1251.04,153.1,773.18,747.0,26.18,,,
2012-06-26,1471.53,1458.5,13.03,625.14,980.19,-355.05,,,
2012-06-27,1914.47,1828.38,86.09,709.31,724.38,-15.07,,,
2012-06-28,3805.31,4917.94,-1112.63,1858.24,1085.87,772.37,,,
2012-06-29,4747.12,1700.36,3046.76,1532.57,1783.28,-250.71,,,
2012-07-02,2898.03,2279.19,618.84,916.16,1770.62,-854.46,,,
2012-07-03,2240.41,2745.0,-504.59,984.58,1114.49,-129.91,,,
2012-07-05,2162.56,2793.37,-630.81,1327.64,1053.87,273.77,,,
2012-07-06,2737.99,2062.51,675.48,939.25,972.99,-33.74,,,
2012-07-08,2455.56,1639.61,815.95,1234.5,1179.26,55.24,,,
2012-07-09,2634.02,2131.84,502.18,1423.49,1205.2,218.29,,,
2012-07-11,2384.38,1655.93,728.45,1115.36,1312.31,-196.95,,,
2012-07-12,2854.32,2206.27,648.05,1034.47,1832.95,-798.48,,,
2012-07-13,1957.01,1675.88,281.13,611.04,981.45,-370.41,,,
2012-07-16,1639.72,1382.55,257.17,683.29,723.88,-40.59,,,
2012-07-17,2088.27,1613.32,474.95,777.45,1043.66,-266.21,,,
2012-07-18,2259.49,1983.09,276.4,821.88,987.63,-165.75,,,
2012-07-19,2021.6,1895.82,125.78,924.56,1153.4,-228.84,,,
2012-07-20,1691.17,1513.06,178.11,804.38,868.78,-64.4,,,
2012-07-23,1530.54,1421.37,109.17,701.25,1055.0,-353.75,,,
2012-07-24,1547.31,1800.22,-252.91,1091.62,1052.39,39.23,,,
2012-07-25,1760.39,2132.6,-372.21,1012.3,1022.77,-10.47,,,
2012-07-26,2831.49,4012.19,-1180.7,1634.25,1211.55,422.7,,,
2012-07-27,2812.53,2248.81,563.72,881.56,1136.0,-254.44,,,
2012-07-30,2446.4,1517.45,928.95,882.49,1116.21,-233.72,,,
2012-07-31,2940.75,2060.79,879.96,827.81,1321.29,-493.48,,,
2012-08-02,4402.73,4018.49,384.24,1512.31,1936.77,-424.46,,,
2012-08-05,1905.58,2304.56,-398.98,1177.65,920.05,257.6,,,
2012-08-06,1779.5,1577.49,202.01,716.51,797.99,-81.48,,,
2012-08-08,2751.6,1637.39,1114.21,928.83,1723.53,-794.7,,,
2012-08-10,2979.06,2415.22,563.84,820.42,1599.03,-778.61,,,
2012-08-11,2053.35,1792.14,261.21,901.63,817.05,84.58,,,
2012-08-13,2020.01,1680.25,339.76,701.28,877.62,-176.34,,,
2012-08-16,2447.9,2352.89,95.01,1259.33,1034.03,225.3,,,
2012-08-17,2169.11,1860.89,308.22,1044.55,1004.36,40.19,,,
2012-08-21,2220.91,2079.54,141.37,1022.73,1164.37,-141.64,,,
2012-08-22,1554.76,1458.12,96.64,809.99,1040.13,-230.14,,,
2012-08-23,2473.72,2161.93,311.79,929.59,1090.69,-161.1,,,
2012-08-24,2068.49,1842.43,226.06,806.33,1163.01,-356.68,,,
2012-08-27,1507.35,1306.96,200.39,520.7,1021.42,-500.72,,,
2012-08-28,2006.02,1912.93,93.09,965.1,1279.49,-314.39,,,
2012-08-29,2044.28,1900.98,143.3,850.84,1090.64,-239.8,,,
2012-08-30,5167.92,2861.82,2306.1,1836.46,1508.35,328.11,,,
2012-08-31,3084.38,3295.46,-211.08,1114.32,1286.86,-172.54,,,
2012-09-01,1790.95,1827.41,-36.46,583.75,554.49,29.26,,,
2012-09-02,3985.22,2784.56,1200.66,964.39,2001.97,-1037.58,,,
2012-09-03,4039.93,2755.28,1284.65,1106.66,1119.56,-12.9,,,
2012-09-04,1075.5,1344.93,-269.43,586.69,692.51,-105.82,,,
2012-09-05,2202.18,2578.52,-376.34,1222.15,1059.78,162.37,,,
2012-09-07,1598.62,1345.64,252.98,627.55,915.2,-287.65,,,
2012-09-08,2272.94,1935.8,337.14,989.78,1744.18,-754.4,,,
2012-09-10,2327.01,1713.03,613.98,697.69,1128.29,-430.6,,,
2012-09-13,2001.61,1640.13,361.48,851.95,1008.0,-156.05,,,
2012-09-14,5355.25,2521.53,2833.72,1818.41,2506.41,-688.0,,,
2012-09-17,5889.33,3637.16,2252.17,2248.96,3086.68,-837.72,,,
2012-09-18,3764.11,2714.94,1049.17,1506.03,2176.75,-670.72,,,
2012-09-20,3187.08,3260.75,-73.67,1136.67,1467.78,-331.11,,,
2012-09-21,6806.02,4478.2,2327.82,1758.29,2885.57,-1127.28,,,
2012-09-24,4500.86,2905.14,1595.72,1366.46,2522.91,-1156.45,,,
2012-09-25,8586.0,2740.42,5845.58,1058.36,2432.47,-1374.11,,,
2012-09-26,3601.0,2912.51,688.49,1315.8,2011.7,-695.9,,,
2012-09-27,5509.53,5109.79,399.74,1496.19,1944.06,-447.87,,,
2012-09-28,3987.75,2757.4,1230.35,1412.26,2091.32,-679.06,,,
2012-10-01,2782.51,2458.19,324.32,1122.85,1237.96,-115.11,,,
2012-10-02,2672.61,2476.49,196.12,1335.59,1384.89,-49.3,,,
2012-10-04,1864.42,2193.09,-328.67,790.4,980.58,-190.18,,,
2012-10-05,1916.25,1598.83,317.42,1046.05,1189.58,-143.53,,,
2012-10-07,2170.26,1563.72,606.54,830.16,1318.49,-488.33,,,
2012-10-08,2373.23,2290.07,83.16,786.3,1322.99,-536.69,,,
2012-10-09,2033.66,1340.93,692.73,665.1,983.42,-318.32,,,
2012-10-10,2079.28,1671.68,407.6,733.42,1129.78,-396.36,,,
2012-10-12,2561.71,1863.48,698.23,678.91,1265.49,-586.58,,,
2012-10-15,1273.02,1252.86,20.16,657.04,742.56,-85.52,,,
2012-10-16,1993.26,2197.45,-204.19,1342.58,747.19,595.39,,,
2012-10-17,2176.6,2141.06,35.54,893.12,1141.52,-248.4,,,
2012-10-18,2336.35,2405.22,-68.87,1208.96,1393.52,-184.56,,,
2012-10-22,1882.71,1641.03,241.68,741.38,879.27,-137.89,,,
2012-10-23,2211.1,1958.7,252.4,658.04,956.93,-298.89,,,
2012-10-25,4724.36,5275.7,-551.34,1061.26,1026.53,34.73,,,
2012-10-26,1612.59,1811.43,-198.84,854.24,944.17,-89.93,,,
2012-10-29,1563.31,1639.88,-76.57,839.42,849.17,-9.75,,,
2012-10-30,1448.83,1640.36,-191.53,1265.79,1297.63,-31.84,,,
2012-10-31,2194.02,1945.54,248.48,1038.05,1135.9,-97.85,,,
2012-11-01,2631.16,2199.85,431.31,967.78,1149.96,-182.18,,,
2012-11-04,1890.35,2336.12,-445.77,943.15,1025.39,-82.24,,,
2012-11-05,1525.07,1366.51,158.56,813.02,1056.31,-243.29,,,
2012-11-06,1596.61,1466.23,130.38,739.49,954.15,-214.66,,,
2012-11-07,2365.04,2280.62,84.42,759.44,1116.29,-356.85,,,
2012-11-09,1735.72,1312.13,423.59,711.27,1077.07,-365.8,,,
2012-11-10,3429.18,2386.17,1043.01,987.53,1560.85,-573.32,,,
2012-11-12,3605.68,2295.8,1309.88,860.59,1888.93,-1028.34,,,
2012-11-13,120.16,138.25,-18.09,50.48,31.41,19.07,,,
2012-11-15,3742.91,3696.46,46.45,784.95,1166.62,-381.67,,,
2012-11-16,2992.05,2482.34,509.71,919.18,1293.9,-374.72,,,
2012-11-19,1738.25,1739.77,-1.52,766.47,1269.07,-502.6,,,
2012-11-20,2377.81,2234.43,143.38,769.65,781.18,-11.53,,,
2012-11-21,2070.57,1887.98,182.59,756.42,889.5,-133.08,,,
2012-11-22,1577.55,1462.79,114.76,674.13,838.13,-164.0,,,
2012-11-23,1736.16,1369.79,366.37,532.64,716.91,-184.27,,,
2012-11-26,1546.55,1383.41,163.14,600.01,795.67,-195.66,,,
2012-11-29,7345.23,5765.26,1579.97,1332.51,2228.73,-896.22,,,
2012-11-30,8357.27,6745.84,1611.43,1455.74,2254.37,-798.63,,,
2012-12-01,2538.65,2031.85,506.8,944.07,1940.98,-996.91,,,
2012-12-03,4375.76,3077.12,1298.64,1121.41,918.09,203.32,,,
2012-12-04,2030.33,1894.35,135.98,1087.74,850.34,237.4,,,
2012-12-06,1423.32,1479.92,-56.6,868.66,922.87,-54.21,,,
2012-12-07,2470.46,2201.92,268.54,841.76,1379.74,-537.98,,,
2012-12-09,1912.55,1461.36,451.19,1179.45,1235.21,-55.76,,,
2012-12-10,2292.36,2091.2,201.16,1172.31,984.02,188.29,,,
2012-12-11,3922.47,3692.74,229.73,909.41,1030.73,-121.32,,,
2012-12-12,4380.29,3427.54,952.75,993.2,1358.27,-365.07,,,
2012-12-13,3668.94,2412.37,1256.57,890.42,1556.09,-665.67,,,
2012-12-14,2666.6,2092.22,574.38,888.98,1401.41,-512.43,,,
2012-12-17,3551.68,2665.0,886.68,853.94,1544.27,-690.33,,,
2012-12-18,3343.85,2421.48,922.37,1165.96,1657.08,-491.12,,,
2012-12-19,4483.24,3238.28,1244.96,1016.32,1385.38,-369.06,,,
2012-12-20,2819.74,2352.99,466.75,956.37,1400.39,-444.02,,,
2012-12-21,2691.09,2575.74,115.35,1426.05,1167.84,258.21,,,
2012-12-24,1631.39,1171.72,459.67,542.53,780.79,-238.26,,,
2012-12-26,2035.17,1291.38,743.79,768.47,1069.32,-300.85,,,
2012-12-27,3731.45,3864.13,-132.68,1287.65,1154.88,132.77,,,
2012-12-28,2685.09,1851.69,833.4,773.1,1303.45,-530.35,,,
2012-12-31,1578.97,752.63,826.34,911.94,1112.91,-200.97,,,
2013-01-01,885.51,220.46,665.05,857.63,1263.77,-406.14,,,
2013-01-02,3325.94,2562.66,763.28,772.15,1860.77,-1088.62,,,
2013-01-03,3876.99,3250.1,626.89,1251.36,1297.21,-45.85,,,
2013-01-04,1854.41,1541.34,313.07,467.94,737.1,-269.16,,,
2013-01-07,2272.67,2274.14,-1.47,1196.82,983.22,213.6,,,
2013-01-08,3704.13,3526.35,177.78,1263.28,1556.9,-293.62,,,
2013-01-10,1728.67,1835.63,-106.96,944.22,818.87,125.35,,,
2013-01-11,2572.92,2385.97,186.95,1002.27,1424.97,-422.7,,,
2013-01-14,3363.98,2752.88,611.1,1100.39,2310.94,-1210.55,,,
2013-01-15,3565.73,2488.18,1077.55,1339.33,2095.17,-755.84,,,
2013-01-16,3496.14,2466.64,1029.5,1095.85,1787.61,-691.76,,,
2013-01-17,3604.1,3039.9,564.2,1423.52,1943.3,-519.78,,,
2013-01-18,4327.82,3162.13,1165.69,1664.39,2632.0,-967.61,,,
2013-01-21,3434.62,2591.66,842.96,1014.43,1904.6,-890.17,,,
2013-01-22,3514.55,2468.15,1046.4,1002.79,1858.14,-855.35,,,
2013-01-23,3525.59,2722.97,802.62,952.28,1804.61,-852.33,,,
2013-01-24,4522.58,3496.26,1026.32,1198.24,1950.5,-752.26,,,
2013-01-25,3789.0,3202.13,586.87,779.57,1111.49,-331.92,,,
2013-01-28,3277.03,2493.47,783.56,938.84,1803.06,-864.22,,,
2013-01-29,4389.51,3489.68,899.83,1157.83,2096.54,-938.71,,,
2013-01-30,3802.74,2896.38,906.36,1083.02,2178.84,-1095.82,,,
2013-01-31,5426.07,4467.14,958.93,1456.11,2319.71,-863.6,,,
2013-02-01,2341.67,1234.01,1107.66,1271.09,1688.5,-417.41,,,
2013-02-04,1979.52,2024.93,-45.41,780.97,575.17,205.8,,,
2013-02-05,4608.1,3178.16,1429.94,1115.58,2014.65,-899.07,,,
2013-02-07,2301.07,2344.27,-43.2,993.01,1118.34,-125.33,,,
2013-02-08,3358.14,3074.35,283.79,1174.47,1515.07,-340.6,,,
2013-02-09,2513.48,2037.56,475.92,697.06,982.87,-285.81,,,
2013-02-12,2247.86,1456.89,790.97,692.3,1310.5,-618.2,,,
2013-02-13,3209.04,2408.73,800.31,966.34,1256.03,-289.69,,,
2013-02-14,3365.04,3043.78,321.26,1214.65,1463.64,-248.99,,,
2013-02-15,2738.61,2491.31,247.3,797.63,1043.61,-245.98,,,
2013-02-18,2159.61,2016.7,142.91,668.48,779.03,-110.55,,,
2013-02-19,1641.18,1822.75,-181.57,510.75,486.08,24.67,,,
2013-02-20,3129.51,2695.92,433.59,597.13,1188.31,-591.18,,,
2013-02-21,4529.02,3315.45,1213.57,1304.63,1533.41,-228.78,,,
2013-02-22,2864.02,2583.72,280.3,937.21,1289.19,-351.98,,,
2013-02-25,2527.79,2281.08,246.71,820.75,982.72,-161.97,,,
2013-02-26,3150.24,3075.56,74.68,1213.8,1374.41,-160.61,,,
2013-02-27,3666.18,3559.82,106.36,1225.26,1200.56,24.7,,,
2013-02-28,7216.0,8533.79,-1317.79,2491.7,2073.76,417.94,,,
2013-03-01,3089.48,1692.11,1397.37,996.46,1902.42,-905.96,,,
2013-03-04,2353.92,2722.31,-368.39,830.24,792.51,37.73,,,
2013-03-05,2903.75,1949.8,953.95,886.12,1678.9,-792.78,,,
2013-03-06,2467.79,2554.46,-86.67,970.34,1042.15,-71.81,,,
2013-03-07,2335.64,3040.7,-705.06,1207.37,954.49,252.88,,,
2013-03-09,2065.95,2782.11,-716.16,1400.58,804.15,596.43,,,
2013-03-10,3891.02,2893.81,997.21,1074.65,1567.65,-493.0,,,
2013-03-11,5.03,1.05,3.98,12.47,12.75,-0.28,,,
2013-03-12,2538.4,2021.81,516.59,883.29,1554.55,-671.26,,,
2013-03-13,2508.12,2204.29,303.83,687.28,1121.66,-434.38,,,
2013-03-14,3261.11,2654.0,607.11,893.79,1722.98,-829.19,,,
2013-03-15,4384.65,3365.72,1018.93,1048.84,1633.32,-584.48,,,
2013-03-18,2697.35,2191.35,506.0,615.21,1075.1,-459.89,,,
2013-03-19,3881.39,3818.76,62.63,1481.04,1409.66,71.38,,,
2013-03-20,3323.53,3560.25,-236.72,1225.37,1582.3,-356.93,,,
2013-03-21,3469.45,3101.14,368.31,1249.68,1279.76,-30.08,,,
2013-03-22,2931.55,2945.75,-14.2,1053.27,1188.84,-135.57,,,
2013-03-25,3366.18,2648.29,717.89,1089.57,1515.18,-425.61,,,
2013-03-26,2898.54,2360.27,538.27,928.57,1052.78,-124.21,,,
2013-03-28,5973.44,5399.57,573.87,1477.0,1823.12,-346.12,,,
2013-04-01,3187.89,2023.48,1164.41,1148.55,1973.95,-825.4,,,
2013-04-02,3489.13,2632.19,856.94,746.78,1339.11,-592.33,,,
2013-04-03,3422.48,3452.58,-30.1,958.88,1069.96,-111.08,,,
2013-04-04,1942.7,2268.91,-326.21,921.28,856.55,64.73,,,
2013-04-06,2434.43,2349.64,84.79,802.98,1019.43,-216.45,,,
2013-04-07,2079.02,1914.46,164.56,948.57,1024.78,-76.21,,,
2013-04-09,2800.26,2627.73,172.53,970.18,1192.54,-222.36,,,
2013-04-10,2316.54,1775.18,541.36,843.71,1145.78,-302.07,,,
2013-04-12,2340.77,2288.66,52.11,1034.55,1052.6,-18.05,,,
2013-04-16,3095.66,2503.91,591.75,792.91,997.8,-204.89,,,
2013-04-17,3714.78,3508.1,206.68,1043.55,1304.48,-260.93,,,
2013-04-18,3633.75,2693.68,940.07,953.71,1358.93,-405.22,,,
2013-04-22,3656.18,2740.36,915.82,1025.65,1468.19,-442.54,,,
2013-04-23,2375.76,2149.55,226.21,587.25,1115.54,-528.29,,,
2013-04-25,6226.62,4776.92,1449.7,1054.58,2324.01,-1269.43,,,
2013-04-26,3337.36,3112.61,224.75,1034.39,1412.17,-377.78,,,
2013-04-29,2855.4,2235.02,620.38,1014.58,1380.78,-366.2,,,
2013-04-30,3692.7,2815.77,876.93,1119.32,1466.49,-347.17,,,
2013-05-02,3256.71,2767.44,489.27,817.08,1756.0,-938.92,,,
2013-05-03,3439.84,3219.05,220.79,1164.08,1408.88,-244.8,,,
2013-05-04,2018.73,2221.92,-203.19,963.91,942.44,21.47,,,
2013-05-06,2305.86,2217.37,88.49,790.34,890.09,-99.75,,,
2013-05-07,1545.4,1561.11,-15.71,891.54,786.27,105.27,,,
2013-05-08,2900.52,2867.17,33.35,833.89,1137.02,-303.13,,,
2013-05-09,4293.44,3192.03,1101.41,1158.6,1651.42,-492.82,,,
2013-05-11,2993.35,2830.82,162.53,539.05,1223.01,-683.96,,,
2013-05-12,3925.95,2774.44,1151.51,1138.04,1812.06,-674.02,,,
2013-05-13,1872.3,1628.21,244.09,651.09,1105.91,-454.82,,,
2013-05-14,2276.29,1855.3,420.99,552.49,965.15,-412.66,,,
2013-05-15,4362.4,2715.45,1646.95,1244.05,1991.16,-747.11,,,
2013-05-16,3892.2,2821.88,1070.32,1298.93,1689.35,-390.42,,,
2013-05-17,3140.1,2272.17,867.93,999.2,1715.89,-716.69,,,
2013-05-20,3043.41,2290.04,753.37,1011.53,1775.85,-764.32,,,
2013-05-21,2837.79,2158.35,679.44,686.14,1552.84,-866.7,,,
2013-05-22,2733.2,2193.01,540.19,554.13,1527.28,-973.15,,,
2013-05-23,3783.2,3466.97,316.23,1162.23,1700.98,-538.75,,,
2013-05-24,2337.08,2575.64,-238.56,1080.3,1213.09,-132.79,,,
2013-05-27,2525.75,2119.72,406.03,696.51,1212.9,-516.39,,,
2013-05-28,2851.06,2139.94,711.12,708.9,1216.72,-507.82,,,
2013-05-29,2995.56,2351.75,643.81,620.84,928.96,-308.12,,,
2013-05-30,5826.88,5039.41,787.47,1070.88,1386.74,-315.86,,,
2013-05-31,5403.98,5908.0,-504.02,1444.31,1241.2,203.11,,,
2013-06-02,4047.23,2909.27,1137.96,800.41,2024.48,-1224.07,,,
2013-06-03,3505.68,2981.63,524.05,938.92,1538.91,-599.99,,,
2013-06-05,2402.72,1505.26,897.46,622.05,1162.88,-540.83,,,
2013-06-06,2088.43,2358.9,-270.47,1033.05,734.97,298.08,,,
2013-06-08,3275.31,3062.57,212.74,1217.41,1541.15,-323.74,,,
2013-06-09,3856.12,3055.41,800.71,1204.47,1443.0,-238.53,,,
2013-06-11,2072.48,1800.78,271.7,600.34,1145.54,-545.2,,,
2013-06-12,3111.35,2247.58,863.77,946.59,1690.52,-743.93,,,
2013-06-13,2460.85,3018.91,-558.06,1691.25,977.48,713.77,,,
2013-06-14,3390.93,3696.61,-305.68,1648.51,737.89,910.62,,,
2013-06-17,1693.88,1858.98,-165.1,1123.21,761.68,361.53,,,
2013-06-18,1784.15,2381.53,-597.38,1246.13,663.48,582.65,,,
2013-06-19,1984.88,2529.84,-544.96,1171.53,755.71,415.82,,,
2013-06-20,2283.48,4377.54,-2094.06,2605.19,1272.69,1332.5,,,
2013-06-21,2796.9,4565.5,-1768.6,2167.16,970.51,1196.65,,,
2013-06-24,2344.26,3897.24,-1552.98,1897.71,966.6,931.11,,,
2013-06-25,2519.4,3805.26,-1285.86,1993.06,1168.7,824.36,,,
2013-06-26,3062.4,3610.19,-547.79,1187.0,850.02,336.98,,,
2013-06-27,5110.77,6154.04,-1043.27,1290.11,931.73,358.38,,,
2013-06-28,5792.07,4667.76,1124.31,1430.12,2011.4,-581.28,,,
2013-07-02,3121.19,2294.05,827.14,827.75,1817.48,-989.73,,,
2013-07-03,3197.69,2567.22,630.47,713.69,1428.8,-715.11,,,
2013-07-05,3021.82,2366.61,655.21,744.18,1473.35,-729.17,,,
2013-07-06,2444.08,2286.18,157.9,980.79,808.09,172.7,,,
2013-07-08,3428.17,3779.09,-350.92,1561.88,1300.15,261.73,,,
2013-07-10,2422.94,1928.81,494.13,794.74,1062.2,-267.46,,,
2013-07-11,2059.67,1580.43,479.24,613.88,1328.95,-715.07,,,
2013-07-15,1908.56,2135.81,-227.25,1217.46,763.18,454.28,,,
2013-07-16,2503.01,2860.41,-357.4,1371.11,1581.66,-210.55,,,
2013-07-17,4218.43,4244.52,-26.09,1902.53,1976.39,-73.86,,,
2013-07-18,3188.45,3366.74,-178.29,1423.83,1663.24,-239.41,,,
2013-07-19,3396.35,3144.09,252.26,1364.17,1593.27,-229.1,,,
2013-07-22,1758.33,2164.35,-406.02,1262.87,963.02,299.85,,,
2013-07-23,2527.54,2316.18,211.36,1072.01,1011.15,60.86,,,
2013-07-24,2871.92,3276.42,-404.5,1384.44,1713.24,-328.8,,,
2013-07-25,4232.84,4675.78,-442.94,1978.18,2116.98,-138.8,,,
2013-07-26,2787.19,2509.15,278.04,1116.55,1605.72,-489.17,,,
2013-07-29,2180.38,2412.15,-231.77,1108.18,1209.44,-101.26,,,
2013-07-30,2545.31,2288.86,256.45,1256.61,1671.61,-415.0,,,
2013-07-31,5007.17,4864.3,142.87,1791.08,1919.1,-128.02,,,
2013-08-01,3177.07,2289.69,887.38,735.4,1763.52,-1028.12,,,
2013-08-02,4385.02,2894.2,1490.82,953.3,1662.66,-709.36,,,
2013-08-03,3442.45,2158.87,1283.58,868.5,1705.08,-836.58,,,
2013-08-04,1546.88,1710.83,-163.95,777.09,564.37,212.72,,,
2013-08-05,3036.88,2059.89,976.99,782.24,1451.32,-669.08,,,
2013-08-07,2117.95,2322.41,-204.46,831.09,890.2,-59.11,,,
2013-08-08,2888.12,3283.9,-395.78,1484.38,968.23,516.15,,,
2013-08-10,2611.1,2384.78,226.32,706.64,1160.99,-454.35,,,
2013-08-11,2366.4,1954.37,412.03,652.33,1567.96,-915.63,,,
2013-08-13,3419.1,3192.02,227.08,1242.5,1127.21,115.29,,,
2013-08-14,2819.2,2571.24,247.96,1401.47,1152.19,249.28,,,
2013-08-16,4336.64,4899.87,-563.23,1940.51,1208.28,732.23,,,
2013-08-19,2805.12,3485.2,-680.08,1458.93,1086.28,372.65,,,
2013-08-20,2989.94,4414.26,-1424.32,1991.2,925.05,1066.15,,,
2013-08-21,3955.22,4747.33,-792.11,1831.7,1056.25,775.45,,,
2013-08-22,3531.13,4808.77,-1277.64,1682.21,1292.55,389.66,,,
2013-08-23,3433.98,3582.55,-148.57,1496.8,740.93,755.87,,,
2013-08-26,2251.05,2858.48,-607.43,1472.37,1062.38,409.99,,,
2013-08-27,2936.12,4310.11,-1373.99,1713.12,1232.62,480.5,,,
2013-08-28,4107.0,5227.43,-1120.43,2243.56,1736.78,506.78,,,
2013-08-29,4904.11,5152.29,-248.18,1649.16,1724.96,-75.8,,,
2013-08-30,6422.29,6501.14,-78.85,2251.77,1520.7,731.07,,,
2013-09-01,3784.62,2935.67,848.95,1111.15,1629.45,-518.3,,,
2013-09-04,2080.02,2744.92,-664.9,1628.17,640.36,987.81,,,
2013-09-05,2249.43,1586.55,662.88,736.23,1212.92,-476.69,,,
2013-09-07,2603.01,2437.41,165.6,1070.75,1032.92,37.83,,,
2013-09-10,2706.65,2380.07,326.58,1265.51,1362.61,-97.1,,,
2013-09-12,4863.1,2389.93,2473.17,1236.34,2442.15,-1205.81,,,
2013-09-13,2688.62,2786.62,-98.0,744.2,896.29,-152.09,,,
2013-09-16,2829.31,2546.44,282.87,1032.31,1457.48,-425.17,,,
2013-09-17,2345.89,2027.84,318.05,477.43,978.62,-501.19,,,
2013-09-18,2476.35,1896.22,580.13,680.82,1189.23,-508.41,,,
2013-09-19,7118.16,3574.32,3543.84,1324.83,3154.55,-1829.72,,,
2013-09-20,5476.38,4530.62,945.76,1080.6,1870.82,-790.22,,,
2013-09-23,2779.44,2860.01,-80.57,822.05,1567.93,-745.88,,,
2013-09-24,3122.21,3143.3,-21.09,1036.3,1530.04,-493.74,,,
2013-09-25,3365.87,2983.42,382.45,772.14,1245.42,-473.28,,,
2013-09-26,3432.45,3260.3,172.15,1178.09,1540.2,-362.11,,,
2013-09-27,1787.12,2032.07,-244.95,941.05,1056.32,-115.27,,,
2013-09-30,2147.39,2667.03,-519.64,1072.96,983.2,89.76,,,
2013-10-04,2822.16,2781.94,40.22,841.82,644.53,197.29,,,
2013-10-05,2395.67,1851.56,544.11,755.87,1258.19,-502.32,,,
2013-10-06,2229.24,2343.24,-114.0,764.93,834.68,-69.75,,,
2013-10-07,2004.86,1929.4,75.46,1011.37,982.59,28.78,,,
2013-10-09,5984.75,3421.15,2563.6,954.02,2352.07,-1398.05,,,
2013-10-10,2294.53,1680.26,614.27,933.06,1393.53,-460.47,,,
2013-10-12,4574.97,4179.29,395.68,1165.87,1794.03,-628.16,,,
2013-10-14,2237.36,1507.07,730.29,555.35,1196.55,-641.2,,,
2013-10-15,2546.04,1409.81,1136.23,571.31,1606.65,-1035.34,,,
2013-10-17,3942.6,2832.67,1109.93,590.91,1740.13,-1149.22,,,
2013-10-18,3861.16,2108.18,1752.98,1105.15,1667.38,-562.23,,,
2013-10-21,2871.82,1840.03,1031.79,782.48,1506.58,-724.1,,,
2013-10-22,2548.94,1754.04,794.9,639.48,1484.78,-845.3,,,
2013-10-23,2605.31,1960.51,644.8,752.53,1298.1,-545.57,,,
2013-10-24,2890.31,1898.48,991.83,800.89,1536.29,-735.4,,,
2013-10-25,2300.66,1673.67,626.99,657.4,1155.35,-497.95,,,
2013-10-28,2328.97,1692.19,636.78,458.04,1360.72,-902.68,,,
2013-10-29,2838.12,1735.08,1103.04,991.53,1885.57,-894.04,,,
2013-10-30,2910.2,1893.43,1016.77,907.29,1457.89,-550.6,,,
2013-10-31,5667.87,3792.0,1875.87,1207.4,2041.19,-833.79,,,
2013-11-01,3507.98,2682.81,825.17,1363.88,1879.95,-516.07,,,
2013-11-02,3630.49,2634.66,995.83,668.09,1608.99,-940.9,,,
2013-11-03,3240.64,2252.42,988.22,830.63,1617.21,-786.58,,,
2013-11-04,3395.11,3358.48,36.63,659.02,601.31,57.71,,,
2013-11-06,2612.89,3498.74,-885.85,1754.63,1441.21,313.42,,,
2013-11-07,2527.29,1889.03,638.26,842.71,1077.32,-234.61,,,
2013-11-09,3272.46,2685.96,586.5,1309.22,1695.34,-386.12,,,
2013-11-10,2765.32,1754.87,1010.45,947.35,1491.54,-544.19,,,
2013-11-11,2317.24,1983.74,333.5,562.01,1344.54,-782.53,,,
2013-11-12,2972.33,2009.62,962.71,712.69,1554.64,-841.95,,,
2013-11-13,2592.58,2292.88,299.7,892.26,1145.27,-253.01,,,
2013-11-14,2624.0,1653.97,970.03,838.72,1249.53,-410.81,,,
2013-11-18,3504.59,2346.02,1158.57,677.3,1332.7,-655.4,,,
2013-11-19,2835.17,1820.56,1014.61,654.41,1380.96,-726.55,,,
2013-11-20,2626.72,2546.32,80.4,711.0,994.81,-283.81,,,
2013-11-21,2445.54,2505.34,-59.8,623.68,1274.34,-650.66,,,
2013-11-22,1864.71,1867.54,-2.83,705.87,958.32,-252.45,,,
2013-11-25,2558.3,1720.5,837.8,667.72,1460.15,-792.43,,,
2013-11-26,6271.27,6610.43,-339.16,1181.92,1538.82,-356.9,,,
2013-11-27,2410.92,2459.45,-48.53,778.26,836.39,-58.13,,,
2013-11-28,3136.23,3033.32,102.91,1790.8,1460.29,330.51,,,
2013-11-29,2632.22,1887.06,745.16,1042.58,1144.34,-101.76,,,
2013-12-02,2528.32,1924.16,604.16,814.97,1227.12,-412.15,,,
2013-12-03,2740.66,2007.41,733.25,625.67,1503.05,-877.38,,,
2013-12-04,2858.2,2886.79,-28.59,795.91,1107.83,-311.92,,,
2013-12-06,2511.04,3571.21,-1060.17,1788.65,1070.76,717.89,,,
2013-12-07,2902.7,2257.88,644.82,1153.92,1298.89,-144.97,,,
2013-12-08,3227.31,2818.95,408.36,1122.89,864.08,258.81,,,
2013-12-09,3764.75,2834.21,930.54,1065.48,1460.97,-395.49,,,
2013-12-11,2558.77,2211.19,347.58,520.8,1391.2,-870.4,,,
2013-12-12,2876.19,2688.38,187.81,750.14,1104.99,-354.85,,,
2013-12-13,3121.35,3553.37,-432.02,991.13,1036.2,-45.07,,,
2013-12-16,2333.74,2174.19,159.55,997.8,1127.3,-129.5,,,
2013-12-17,3130.68,2880.75,249.93,1057.52,1154.35,-96.83,,,
2013-12-18,4557.33,3358.73,1198.6,973.59,1386.6,-413.01,,,
2013-12-19,4286.14,2022.03,2264.11,1617.49,1659.08,-41.59,,,
2013-12-20,3444.87,2454.68,990.19,1155.52,1403.47,-247.95,,,
2013-12-23,2781.45,2646.03,135.42,980.95,942.6,38.35,,,
2013-12-24,1175.13,1134.46,40.67,819.29,863.19,-43.9,,,
2013-12-26,2665.98,1922.28,743.7,1133.18,1336.62,-203.44,,,
2013-12-27,1352.35,1056.59,295.76,793.34,953.19,-159.85,,,
2013-12-30,1304.93,1188.87,116.06,676.58,883.73,-207.15,,,
2013-12-31,1545.81,1236.11,309.7,610.9,890.79,-279.89,,,
2014-01-01,225.12,214.96,10.16,359.22,581.34,-222.12,,,
2014-01-04,3568.87,3183.21,385.66,1158.87,1406.75,-247.88,,,
2014-01-07,3790.73,2934.38,856.35,1245.28,2019.94,-774.66,,,
2014-01-08,4694.49,5767.45,-1072.96,2441.26,1366.56,1074.7,,,
2014-01-09,3833.02,3278.88,554.14,1135.18,1696.87,-561.69,,,
2014-01-10,3534.85,3598.09,-63.24,1418.1,1262.41,155.69,,,
2014-01-12,4336.73,4349.09,-12.36,1572.33,2127.5,-555.17,,,
2014-01-13,2977.97,2564.12,413.85,778.96,1096.48,-317.52,,,
2014-01-14,2393.4,2654.28,-260.88,587.23,685.16,-97.93,,,
2014-01-15,3635.25,2921.96,713.29,781.7,1471.72,-690.02,,,
2014-01-16,3676.96,3197.68,479.28,868.11,1659.86,-791.75,,,
2014-01-17,4973.63,4898.36,75.27,1516.24,1374.59,141.65,,,
2014-01-20,2605.65,2220.76,384.89,859.79,1170.26,-310.47,,,
2014-01-21,2862.48,2906.22,-43.74,1031.91,850.41,181.5,,,
2014-01-22,3241.2,2961.75,279.45,917.03,1007.6,-90.57,,,
2014-01-23,3213.91,2780.31,433.6,842.28,1235.96,-393.68,,,
2014-01-24,3136.11,3367.07,-230.96,1093.35,1171.4,-78.05,,,
2014-01-27,2733.82,4068.03,-1334.21,1484.0,1332.98,151.02,,,
2014-01-28,2756.77,4024.12,-1267.35,2468.29,1289.48,1178.81,,,
2014-01-29,3251.51,3001.03,250.48,1287.61,1304.48,-16.87,,,
2014-01-30,3905.65,4335.85,-430.2,1878.97,1746.96,132.01,,,
2014-01-31,2798.91,3451.88,-652.97,1294.09,967.08,327.01,,,
2014-02-01,2396.16,1722.11,674.05,914.67,1104.42,-189.75,,,
2014-02-04,4650.19,4055.52,594.67,1455.93,1927.71,-471.78,,,
2014-02-05,2777.61,2390.66,386.95,772.4,1178.05,-405.65,,,
2014-02-06,3418.27,3183.78,234.49,1478.47,1627.28,-148.81,,,
2014-02-07,4805.76,3515.08,1290.68,1471.88,1879.59,-407.71,,,
2014-02-09,3876.27,3203.46,672.81,1820.36,1988.21,-167.85,,,
2014-02-12,3570.7,3463.88,106.82,1513.18,1553.6,-40.42,,,
2014-02-13,2470.02,2070.62,399.4,763.56,1055.96,-292.4,,,
2014-02-14,2345.63,2361.49,-15.86,805.14,850.14,-45.0,,,
2014-02-17,2461.48,1938.66,522.82,490.88,736.05,-245.17,,,
2014-02-18,2327.07,2034.84,292.23,738.64,893.47,-154.83,,,
2014-02-19,1812.17,1343.7,468.47,458.89,797.63,-338.74,,,
2014-02-20,2382.18,2175.72,206.46,457.4,1058.11,-600.71,,,
2014-02-21,2371.43,1768.02,603.41,582.18,963.73,-381.55,,,
2014-02-24,2379.03,2112.16,266.87,580.59,829.08,-248.49,,,
2014-02-25,2649.66,2226.25,423.41,790.52,1079.64,-289.12,,,
2014-02-26,4047.65,3536.5,511.15,1163.89,1415.8,-251.91,,,
2014-02-28,6737.21,6145.39,591.82,1334.45,1322.43,12.02,,,
2014-03-01,1876.98,1895.04,-18.06,927.26,1208.03,-280.77,,,
2014-03-02,2798.91,3451.88,-652.97,1294.09,967.08,327.01,,,
2014-03-03,2524.18,2325.65,198.53,2717.47,1151.16,1566.31,,,
2014-03-04,4733.22,4015.83,717.39,1091.01,1807.58,-716.57,,,
2014-03-06,5615.85,5040.76,575.09,1486.77,1386.96,99.81,,,
2014-03-07,4409.29,3458.47,950.82,1209.54,1833.75,-624.21,,,
2014-03-09,6178.38,4889.81,1288.57,1762.22,2231.91,-469.69,,,
2014-03-11,4459.07,3045.73,1413.34,1334.2,2517.28,-1183.08,,,
2014-03-12,4758.37,4367.3,391.07,1976.4,2133.63,-157.23,,,
2014-03-13,3955.11,3338.49,616.62,1215.54,1529.94,-314.4,,,
2014-03-14,3951.44,2969.25,982.19,733.47,1599.89,-866.42,,,
2014-03-18,4629.09,3617.14,1011.95,1156.69,1358.66,-201.97,,,
2014-03-19,4655.28,3585.54,1069.74,1328.84,1939.8,-610.96,,,
2014-03-20,3528.74,2806.72,722.02,945.3,1508.59,-563.29,,,
2014-03-21,8460.75,4238.65,4222.1,3605.21,7681.81,-4076.6,,,
2014-03-24,3889.48,2423.86,1465.62,972.7,1743.09,-770.39,,,
2014-03-25,3943.0,2720.0,1223.0,1177.0,1721.0,-544.0,,,
2014-03-26,3965.79,2961.27,1004.52,1644.44,2000.55,-356.11,,,
2014-03-27,8064.48,5872.55,2191.93,2324.96,2916.79,-591.83,,,
2014-03-28,4323.8,2960.93,1362.87,1360.21,1568.55,-208.34,,,
2014-03-31,4248.84,3305.98,942.86,1358.08,1969.3,-611.22,,,
2014-04-02,1897.83,3131.85,-1234.02,1969.84,1105.29,864.55,,,
2014-04-03,2528.91,2343.3,185.61,1087.73,1432.23,-344.5,,,
2014-04-04,3106.52,2874.06,232.46,977.9,2102.96,-1125.06,,,
2014-04-07,3626.61,2683.42,943.19,989.16,1842.26,-853.1,,,
2014-04-08,4196.86,3824.3,372.56,1384.14,1634.94,-250.8,,,
2014-04-09,5458.31,3760.57,1697.74,1172.65,1727.88,-555.23,,,
2014-04-12,4043.19,3569.19,474.0,1236.04,1822.02,-585.98,,,
2014-04-15,3695.95,3717.58,-21.63,1150.09,1428.36,-278.27,,,
2014-04-16,2998.97,3043.66,-44.69,1058.34,1406.04,-347.7,,,
2014-04-17,3360.34,2926.94,433.4,1531.02,1653.77,-122.75,,,
2014-04-21,2258.18,2045.33,212.85,1419.49,1637.15,-217.66,,,
2014-04-22,2520.78,2357.85,162.93,1074.26,1372.72,-298.46,,,
2014-04-23,5607.62,4840.01,767.61,1732.51,2266.39,-533.88,,,
2014-04-25,4618.36,4323.35,295.01,1055.59,1472.89,-417.3,,,
2014-04-28,3541.13,3464.11,77.02,931.52,1302.05,-370.53,,,
2014-04-29,2736.04,2448.06,287.98,853.04,1403.93,-550.89,,,
2014-04-30,4444.92,3990.44,454.48,1329.06,1322.6,6.46,,,
2014-05-02,2286.14,2862.34,-576.2,1610.18,794.95,815.23,,,
2014-05-03,3103.41,2366.12,737.29,983.98,1185.83,-201.85,,,
2014-05-05,2237.0,1957.14,279.86,1065.17,1065.17,0.0,,,
2014-05-06,7408.08,6039.11,1368.97,1807.48,2233.27,-425.79,,,
2014-05-08,3029.3,2976.45,52.85,1306.52,1244.3,62.22,,,
2014-05-09,3807.81,3497.3,310.51,1217.3,1572.11,-354.81,,,
2014-05-11,7123.22,6092.37,1030.85,1307.55,2512.18,-1204.63,,,
2014-05-12,4071.22,4180.67,-109.45,1537.3,1371.25,166.05,,,
2014-05-13,6199.33,4173.1,2026.23,1638.14,2287.56,-649.42,,,
2014-05-14,5378.75,3858.67,1520.08,1294.01,1704.02,-410.01,,,
2014-05-15,4821.3,3886.36,934.94,1705.37,2090.77,-385.4,,,
2014-05-16,11962.31,8327.49,3634.82,3329.16,3678.48,-349.32,,,
2014-05-19,8446.21,7096.17,1350.04,3299.12,3647.6,-348.48,,,
2014-05-20,7008.21,7112.74,-104.53,1560.27,2217.1,-656.83,,,
2014-05-21,5630.6,5896.82,-266.22,1575.7,2014.73,-439.03,,,
2014-05-22,6656.03,6951.02,-294.99,2086.27,1883.2,203.07,,,
2014-05-23,6726.68,6309.88,416.8,1864.56,2000.06,-135.5,,,
2014-05-26,5744.28,5828.41,-84.13,2498.83,2707.22,-208.39,,,
2014-05-27,5062.53,5265.14,-202.61,1449.11,1544.74,-95.63,,,
2014-05-28,5553.09,5839.63,-286.54,1525.53,1558.93,-33.4,,,
2014-05-29,6821.81,7344.71,-522.9,2386.37,2191.17,195.2,,,
2014-06-01,1928.9,2247.81,-318.91,1080.83,1103.37,-22.54,,,
2014-06-02,2787.0,2776.25,10.75,1641.95,1031.15,610.8,,,
2014-06-03,4038.74,2765.81,1272.93,989.17,1556.27,-567.1,,,
2014-06-05,1702.11,1656.18,45.93,1352.01,1407.74,-55.73,,,
2014-06-06,7957.08,6674.04,1283.04,2036.19,2351.34,-315.15,,,
2014-06-08,4052.29,3768.42,283.87,1148.74,1116.15,32.59,,,
2014-06-13,5305.7,4205.78,1099.92,1545.83,1187.12,358.71,,,
2014-06-16,3715.13,3909.23,-194.1,1187.21,1635.51,-448.3,,,
2014-06-17,4641.02,4593.0,48.02,1435.15,1671.94,-236.79,,,
2014-06-18,4438.7,4072.52,366.18,1649.51,1331.36,318.15,,,
2014-06-19,3982.66,4403.17,-420.51,1213.19,1331.0,-117.81,,,
2014-06-20,4132.41,4353.06,-220.65,1099.21,1025.36,73.85,,,
2014-06-23,2764.53,2979.02,-214.49,1655.84,1538.41,117.43,,,
2014-06-24,3817.74,3533.13,284.61,1550.52,1766.69,-216.17,,,
2014-06-25,3739.2,3044.57,694.63,1410.34,1843.97,-433.63,,,
2014-06-26,4465.65,5067.54,-601.89,2034.67,1863.75,170.92,,,
2014-06-27,3780.97,3598.42,182.55,1422.69,1595.09,-172.4,,,
2014-06-30,5228.56,3940.4,1288.16,1644.57,1825.8,-181.23,,,
2014-07-01,2227.91,2794.93,-567.02,1115.68,1056.24,59.44,,,
2014-07-02,2787.0,2776.25,10.75,1641.95,1031.15,610.8,,,
2014-07-03,6398.33,3820.89,2577.44,1678.02,2347.6,-669.58,,,
2014-07-04,3591.96,2888.25,703.71,689.84,1771.2,-1081.36,,,
2014-07-05,4257.46,4138.35,119.11,1250.19,1509.07,-258.88,,,
2014-07-07,5720.05,5521.48,198.57,1935.4,2020.62,-85.22,,,
2014-07-08,2714.74,2787.81,-73.07,1290.1,1061.11,228.99,,,
2014-07-10,5056.61,5389.45,-332.84,1814.9,1487.25,327.65,,,
2014-07-11,8091.15,5554.02,2537.13,1818.33,2010.53,-192.2,,,
2014-07-14,3026.32,3584.57,-558.25,1352.17,1020.65,331.52,,,
2014-07-15,3026.38,3029.78,-3.4,1464.59,992.81,471.78,,,
2014-07-16,4501.16,3879.48,621.68,1600.18,1648.66,-48.48,,,
2014-07-17,4488.64,2576.22,1912.42,1454.82,2770.84,-1316.02,,,
2014-07-18,3291.31,2716.84,574.47,1074.52,1357.69,-283.17,,,
2014-07-21,2674.38,2513.21,161.17,992.28,1173.44,-181.16,,,
2014-07-22,3509.38,3097.35,412.03,1482.39,1423.16,59.23,,,
2014-07-23,3652.41,3000.01,652.4,1348.27,1640.36,-292.09,,,
2014-07-24,3269.44,2987.0,282.44,1224.83,1515.18,-290.35,,,
2014-07-25,3749.73,3624.22,125.51,1665.38,1875.4,-210.02,,,
2014-07-28,2919.4,2844.36,75.04,1388.94,1333.03,55.91,,,
2014-07-30,6133.66,6515.32,-381.66,2453.02,1937.37,515.65,,,
2014-07-31,7142.2,8797.06,-1654.86,3287.18,1866.82,1420.36,,,
2014-08-01,2789.11,2709.43,79.68,1114.1,1202.25,-88.15,,,
2014-08-05,3546.43,3183.19,363.24,1371.27,1491.17,-119.9,,,
2014-08-07,5138.38,4715.66,422.72,1450.28,1849.84,-399.56,,,
2014-08-08,2754.39,3258.13,-503.74,1560.6,1104.58,456.02,,,
2014-08-09,4416.57,3253.59,1162.98,1530.08,2038.45,-508.37,,,
2014-08-10,3252.99,4693.98,-1440.99,1937.08,1273.99,663.09,,,
2014-08-12,8206.6,3222.0,4984.6,2458.71,1428.06,1030.65,,,
2014-08-13,4745.81,4027.54,718.27,1627.54,1605.51,22.03,,,
2014-08-14,3696.35,3071.17,625.18,1487.34,1351.59,135.75,,,
2014-08-18,3799.79,3326.37,473.42,1526.35,1036.31,490.04,,,
2014-08-19,4329.53,3770.14,559.39,1683.07,1946.44,-263.37,,,
2014-08-20,3505.89,3254.53,251.36,1437.22,1918.59,-481.37,,,
2014-08-21,3834.4,3421.63,412.77,1881.36,1817.62,63.74,,,
2014-08-22,3351.04,3048.98,302.06,1416.48,1600.12,-183.64,,,
2014-08-25,2558.73,2431.4,127.33,1252.79,1207.08,45.71,,,
2014-08-26,3212.56,2847.84,364.72,1309.79,1568.97,-259.18,,,
2014-08-27,3583.3,3293.12,290.18,1797.25,1560.26,236.99,,,
2014-08-28,6741.81,7452.44,-710.63,2677.78,1947.35,730.43,,,
2014-09-01,2842.61,2846.35,-3.74,1171.95,1290.4,-118.45,,,
2014-09-04,5347.46,4303.6,1043.86,1576.68,2040.46,-463.78,,,
2014-09-05,4671.34,3402.56,1268.78,1670.16,1745.46,-75.3,,,
2014-09-06,5617.07,5080.39,536.68,1837.36,2327.39,-490.03,,,
2014-09-07,4422.85,3777.66,645.19,1620.48,1885.67,-265.19,,,
2014-09-09,2716.67,2237.27,479.4,1020.68,1772.77,-752.09,,,
2014-09-10,3148.31,3169.2,-20.89,2020.1,1396.46,623.64,,,
2014-09-12,3661.31,3882.83,-221.52,1477.99,1823.37,-345.38,,,
2014-09-15,3035.25,3109.84,-74.59,1504.75,1579.24,-74.49,,,
2014-09-16,3146.53,3975.48,-828.95,2090.2,1624.59,465.61,,,
2014-09-17,4278.46,4142.38,136.08,1635.63,1796.82,-161.19,,,
2014-09-18,3383.39,3392.96,-9.57,1671.65,1587.2,84.45,,,
2014-09-19,9067.97,9074.5,-6.53,1581.36,1344.21,237.15,,,
2014-09-22,2666.51,2852.92,-186.41,1309.17,1277.68,31.49,,,
2014-09-23,3951.71,5136.88,-1185.17,1858.96,1533.26,325.7,,,
2014-09-24,3543.2,4336.85,-793.65,1461.38,1476.67,-15.29,,,
2014-09-25,6308.96,7160.2,-851.24,2822.33,2003.71,818.62,,,
2014-09-26,3622.07,4755.71,-1133.64,2795.91,1460.58,1335.33,,,
2014-09-29,2643.78,2493.68,150.1,1323.36,1088.84,234.52,,,
2014-09-30,4506.77,4992.7,-485.93,1855.78,1654.54,201.24,,,
2014-10-01,3116.25,3048.09,68.16,1315.14,1233.41,81.73,,,
2014-10-02,2052.14,2507.32,-455.18,1378.61,1083.82,294.79,,,
2014-10-03,5106.66,3853.01,1253.65,1578.41,2623.23,-1044.82,,,
2014-10-04,5030.87,4688.12,342.75,1881.94,1868.49,13.45,,,
2014-10-06,5397.8,4715.54,682.26,1312.36,2527.83,-1215.47,,,
2014-10-07,5059.03,4897.48,161.55,2089.03,2084.14,4.89,,,
2014-10-09,3117.67,3127.58,-9.91,1210.62,1721.87,-511.25,,,
2014-10-10,2576.53,3296.3,-719.77,1866.91,1308.7,558.21,,,
2014-10-11,4291.6,3936.3,355.3,1435.41,1750.34,-314.93,,,
2014-10-13,2480.59,3151.65,-671.06,1618.85,1052.02,566.83,,,
2014-10-14,2942.08,3636.75,-694.67,1825.97,1330.45,495.52,,,
2014-10-16,4206.91,5335.28,-1128.37,2052.18,1387.73,664.45,,,
2014-10-17,3554.06,4984.09,-1430.03,2565.98,1828.67,737.31,,,
2014-10-20,5287.33,4247.25,1040.08,1868.6,2034.71,-166.11,,,
2014-10-21,4695.31,4662.91,32.4,1772.92,1703.98,68.94,,,
2014-10-22,3639.4,3631.86,7.54,1641.31,1265.76,375.55,,,
2014-10-27,3914.1,3864.96,49.14,1292.02,1282.47,9.55,,,
2014-10-28,3709.09,3817.09,-108.0,1324.46,1424.12,-99.66,,,
2014-10-29,4453.43,3667.82,785.61,1263.56,1770.85,-507.29,,,
2014-10-30,6643.75,5386.26,1257.49,2232.69,2326.7,-94.01,,,
2014-10-31,5582.74,3828.01,1754.73,2175.71,2452.2,-276.49,,,
2014-11-02,2488.58,2653.98,-165.4,1290.08,1047.71,242.37,,,
2014-11-03,4406.51,2935.28,1471.23,1050.23,2381.96,-1331.73,,,
2014-11-04,3790.37,4152.66,-362.29,1727.61,1362.69,364.92,,,
2014-11-06,4839.57,5152.97,-313.4,1310.96,1718.72,-407.76,,,
2014-11-07,3651.27,4374.75,-723.48,1926.26,1971.19,-44.93,,,
2014-11-08,2795.42,2958.34,-162.92,1159.48,925.07,234.41,,,
2014-11-09,3758.59,3325.04,433.55,1450.66,1981.37,-530.71,,,
2014-11-11,4443.96,3985.92,458.04,1181.26,1698.24,-516.98,,,
2014-11-12,3726.81,4535.08,-808.27,1668.07,1236.14,431.93,,,
2014-11-13,3933.01,3242.4,690.61,1090.87,1829.11,-738.24,,,
2014-11-14,4986.8,4340.9,645.9,1418.23,1935.74,-517.51,,,
2014-11-17,3693.78,3037.41,656.37,1576.48,1824.34,-247.86,,,
2014-11-18,3900.45,4002.43,-101.98,1586.1,1818.52,-232.42,,,
2014-11-19,4313.42,4241.62,71.8,1170.4,1661.66,-491.26,,,
2014-11-20,3163.39,3640.54,-477.15,1271.0,1169.38,101.62,,,
2014-11-21,4134.87,4012.37,122.5,1662.12,1524.53,137.59,,,
2014-11-24,4382.65,3975.23,407.42,1606.27,1769.05,-162.78,,,
2014-11-25,13086.79,11917.85,1168.94,2030.27,2762.39,-732.12,,,
2014-11-26,3517.53,3336.07,181.46,1696.37,2011.01,-314.64,,,
2014-11-27,5442.99,5053.26,389.73,2669.06,2332.21,336.85,,,
2014-11-28,5160.09,4224.23,935.86,2561.35,3000.66,-439.31,,,
2014-12-02,2680.61,2468.62,211.99,1377.02,1638.98,-261.96,,,
2014-12-03,3219.19,2354.84,864.35,654.43,1476.4,-821.97,,,
2014-12-05,4606.0,3388.05,1217.95,1939.85,1847.29,92.56,,,
2014-12-06,4192.31,3539.96,652.35,1146.5,1888.71,-742.21,,,
2014-12-08,3088.93,2718.1,370.83,1221.99,1261.77,-39.78,,,
2014-12-09,3745.68,3562.88,182.8,1651.73,1860.17,-208.44,,,
2014-12-11,4112.93,3653.46,459.47,1249.68,1809.12,-559.44,,,
2014-12-12,3220.62,4085.58,-864.96,1906.92,1583.51,323.41,,,
2014-12-15,3296.78,3752.5,-455.72,1701.97,1565.95,136.02,,,
2014-12-16,4005.9,5253.14,-1247.24,2370.36,1835.76,534.6,,,
2014-12-17,4459.02,6095.38,-1636.36,3180.47,1756.64,1423.83,,,
2014-12-18,3593.3,4468.19,-874.89,2126.21,1478.04,648.17,,,
2014-12-19,5238.8,5907.65,-668.85,1928.5,1305.73,622.77,,,
2014-12-22,2540.92,2876.16,-335.24,1542.76,1153.64,389.12,,,
2014-12-23,2148.19,2593.12,-444.93,1845.54,1329.2,516.34,,,
2014-12-24,5112.98,7921.25,-2808.27,2910.17,2401.08,509.09,,,
2014-12-26,560.62,520.65,39.97,1060.03,642.74,417.29,,,
2014-12-29,1419.14,1623.36,-204.22,1154.73,794.35,360.38,,,
2014-12-30,1684.45,1406.53,277.92,971.74,810.87,160.87,,,
2014-12-31,2348.86,1867.78,481.08,1161.68,1192.23,-30.55,,,
2015-01-01,248.38,230.18,18.2,691.07,671.51,19.56,,,
2015-01-04,3928.44,3718.57,209.87,1558.08,1360.83,197.25,,,
2015-01-06,4078.43,3964.96,113.47,1589.58,1540.24,49.34,,,
2015-01-07,4397.59,4322.56,75.03,1345.73,1293.61,52.12,,,
2015-01-09,4308.6,4983.92,-675.32,2396.86,1714.93,681.93,,,
2015-01-10,4111.22,4062.62,48.6,1870.86,1718.68,152.18,,,
2015-01-12,4097.82,4204.6,-106.78,1337.74,1142.99,194.75,,,
2015-01-13,5046.28,4811.19,235.09,1917.84,1871.78,46.06,,,
2015-01-14,4248.3,4318.04,-69.74,1647.21,1871.19,-223.98,,,
2015-01-15,7405.38,5667.14,1738.24,2142.37,2669.64,-527.27,,,
2015-01-16,6718.16,5618.23,1099.93,1417.6,2134.51,-716.91,,,
2015-01-19,3695.66,3261.94,433.72,1373.33,1611.04,-237.71,,,
2015-01-20,4796.0,3520.41,1275.59,1517.7,2279.3,-761.6,,,
2015-01-22,5408.39,4815.6,592.79,1781.45,2359.98,-578.53,,,
2015-01-23,7171.82,5151.84,2019.98,1320.15,2620.11,-1299.96,,,
2015-01-27,7816.2,6862.69,953.51,1449.09,2232.43,-783.34,,,
2015-01-28,7236.15,5512.98,1723.17,1437.0,2729.7,-1292.7,,,
2015-01-29,8753.64,7029.87,1723.77,2122.29,3802.38,-1680.09,,,
2015-01-30,6145.72,6917.27,-771.55,2281.99,2319.59,-37.6,,,
2015-02-01,2082.96,1823.14,259.82,1527.3,1457.52,69.78,,,
2015-02-02,5639.15,6269.12,-629.97,1747.14,1971.21,-224.07,,,
2015-02-03,6704.11,6279.32,424.79,2358.82,2178.47,180.35,,,
2015-02-06,4255.53,4849.67,-594.14,1760.02,1488.38,271.64,,,
2015-02-07,3952.13,3376.81,575.32,1181.02,1400.04,-219.02,,,
2015-02-09,4573.6,6147.02,-1573.42,2253.96,1373.69,880.27,,,
2015-02-11,3258.0,3530.67,-272.67,1335.56,1190.18,145.38,,,
2015-02-12,3712.27,3651.66,60.61,1243.43,1321.74,-78.31,,,
2015-02-13,4589.36,4199.1,390.26,2454.14,2358.32,95.82,,,
2015-02-16,3707.54,3890.34,-182.8,1525.22,1244.45,280.77,,,
2015-02-18,6540.83,4352.87,2187.96,2181.18,1853.31,327.87,,,
2015-02-19,5018.54,3475.84,1542.7,1498.5,1694.24,-195.74,,,
2015-02-20,3319.02,3408.43,-89.41,1722.37,1517.52,204.85,,,
2015-02-23,4709.67,4107.76,601.91,1521.89,1685.68,-163.79,,,
2015-02-24,5482.29,4785.01,697.28,1346.92,1493.9,-146.98,,,
2015-02-25,4764.43,4248.37,516.06,1737.36,1717.66,19.7,,,
2015-02-26,8397.27,6085.12,2312.15,2908.33,2567.54,340.79,,,
2015-02-27,9894.75,7937.65,1957.1,3072.13,3564.06,-491.93,,,
2015-02-28,1398.5,784.47,614.03,1569.35,2310.09,-740.74,,,
2015-03-02,5723.76,5988.11,-264.35,1966.33,2103.64,-137.31,,,
2015-03-03,5732.55,4959.63,772.92,1573.84,1877.72,-303.88,,,
2015-03-06,4868.93,5596.54,-727.61,2109.42,1696.76,412.66,,,
2015-03-07,2588.55,2232.26,356.29,951.38,1171.99,-220.61,,,
2015-03-08,4495.44,4145.03,350.41,1810.17,1843.53,-33.36,,,
2015-03-09,3324.24,3718.55,-394.31,2397.26,1556.91,840.35,,,
2015-03-11,3171.23,3621.07,-449.84,1603.67,1253.36,350.31,,,
2015-03-12,3192.71,3804.14,-611.43,1612.95,1091.84,521.11,,,
2015-03-13,4841.32,4774.34,66.98,1726.25,1797.8,-71.55,,,
2015-03-16,4582.91,5345.46,-762.55,1469.32,1310.67,158.65,,,
2015-03-17,5123.12,4857.6,265.52,1370.51,1614.2,-243.69,,,
2015-03-18,3985.72,4443.15,-457.43,1504.07,2387.06,-882.99,,,
2015-03-19,5954.65,4525.93,1428.72,1658.13,1604.67,53.46,,,
2015-03-20,7550.83,7196.24,354.59,1577.79,1796.99,-219.2,,,
2015-03-23,3074.37,2656.96,417.41,2004.04,1600.13,403.91,,,
2015-03-24,4647.75,3909.89,737.86,1858.13,2489.8,-631.67,,,
2015-03-25,6910.27,6097.08,813.19,2029.46,1932.94,96.52,,,
2015-03-26,7733.39,8254.62,-521.23,4287.68,3600.59,687.09,,,
2015-03-27,4924.06,5244.58,-320.52,2500.19,1825.43,674.76,,,
2015-03-30,3764.6,4004.94,-240.34,1971.84,1320.17,651.67,,,
2015-03-31,5347.88,4991.81,356.07,2256.09,1972.38,283.71,,,
2015-04-02,5057.23,5141.03,-83.8,1653.42,1725.77,-72.35,,,
2015-04-03,7641.74,4855.5,2786.24,2638.94,2622.05,16.89,,,
2015-04-05,5105.79,5045.26,60.53,1253.94,1107.14,146.8,,,
2015-04-06,4968.11,4456.21,511.9,2089.78,1317.74,772.04,,,
2015-04-08,5923.55,5804.85,118.7,1842.72,1955.27,-112.55,,,
2015-04-09,3494.61,4781.73,-1287.12,2760.0,1631.3,1128.7,,,
2015-04-11,3531.96,3498.8,33.16,1176.28,1251.18,-74.9,,,
2015-04-12,3561.68,5307.41,-1745.73,2344.24,1275.23,1069.01,,,
2015-04-13,3760.19,3343.18,417.01,1475.61,1429.19,46.42,,,
2015-04-15,6592.06,6484.06,108.0,1704.62,1764.8,-60.18,,,
2015-04-16,4354.74,4569.1,-214.36,1872.04,1439.77,432.27,,,
2015-04-17,4625.4,5301.11,-675.71,1758.17,1685.65,72.52,,,
2015-04-20,5954.52,7461.38,-1506.86,2328.19,1365.69,962.5,,,
2015-04-21,22567.6,5078.87,17488.73,3347.98,1983.15,1364.83,,,
2015-04-22,4919.59,5829.74,-910.15,2227.97,2009.99,217.98,,,
2015-04-23,4938.12,5214.95,-276.83,1808.53,1248.93,559.6,,,
2015-04-24,6282.92,7058.38,-775.46,2666.64,1770.31,896.33,,,
2015-04-27,4933.63,6682.96,-1749.33,3286.5,1618.96,1667.54,,,
2015-04-28,4601.68,6134.52,-1532.84,3322.52,1785.44,1537.08,,,
2015-04-29,4453.67,5171.98,-718.31,1989.99,1077.53,912.46,,,
2015-04-30,7711.13,10868.74,-3157.61,4676.55,2215.75,2460.8,,,
2015-05-01,2569.89,2097.89,472.0,1098.28,1674.02,-575.74,,,
2015-05-02,4533.69,4561.12,-27.43,2318.25,1992.64,325.61,,,
2015-05-03,4895.44,4815.6,79.84,1704.37,1897.91,-193.54,,,
2015-05-05,4408.29,5164.81,-756.52,2182.05,1202.86,979.19,,,
2015-05-06,3663.81,4214.1,-550.29,2189.98,1310.48,879.5,,,
2015-05-10,5203.78,4553.88,649.9,2409.69,2043.92,365.77,,,
2015-05-11,3915.98,4907.85,-991.87,1883.87,1247.72,636.15,,,
2015-05-13,5205.87,5277.07,-71.2,2050.55,1796.55,254.0,,,
2015-05-14,4513.61,4587.37,-73.76,1367.34,1064.77,302.57,,,
2015-05-15,3595.53,3633.84,-38.31,1799.79,1236.19,563.6,,,
2015-05-18,4876.92,5079.04,-202.12,2002.88,1384.34,618.54,,,
2015-05-19,4901.79,4853.73,48.06,1693.92,1242.9,451.02,,,
2015-05-20,4303.18,4179.69,123.49,1617.22,1513.64,103.58,,,
2015-05-21,5938.54,6124.8,-186.26,1721.79,1317.78,404.01,,,
2015-05-22,6279.25,6067.83,211.42,1776.79,1539.17,237.62,,,
2015-05-25,2458.33,2384.19,74.14,1411.95,1411.78,0.17,,,
2015-05-26,4082.62,3967.81,114.81,1835.47,1711.62,123.85,,,
2015-05-27,5094.23,6029.21,-934.98,2375.06,1781.03,594.03,,,
2015-05-28,6851.77,7644.31,-792.54,3145.51,2462.22,683.29,,,
2015-05-29,24676.01,22391.71,2284.3,3198.78,5466.66,-2267.88,,,
2015-06-01,3138.11,4708.87,-1570.76,2646.3,1456.65,1189.65,,,
2015-06-02,4126.53,4222.98,-96.45,1339.04,1223.55,115.49,,,
2015-06-04,4437.97,3501.16,936.81,1666.97,1837.0,-170.03,,,
2015-06-05,5422.22,7121.82,-1699.6,3073.38,1618.41,1454.97,,,
2015-06-07,2863.2,2713.83,149.37,983.3,1392.96,-409.66,,,
2015-06-08,4000.7,3891.77,108.93,1432.06,1543.84,-111.78,,,
2015-06-10,4402.61,3922.37,480.24,2000.74,2425.34,-424.6,,,
2015-06-11,3160.49,2941.32,219.17,1900.64,1940.09,-39.45,,,
2015-06-15,3028.02,3632.88,-604.86,1390.91,740.44,650.47,,,
2015-06-16,3512.26,4033.91,-521.65,1656.96,1012.15,644.81,,,
2015-06-17,4190.71,5131.62,-940.91,2728.31,1281.24,1447.07,,,
2015-06-18,4041.26,4825.99,-784.73,2297.54,1187.53,1110.01,,,
2015-06-19,6463.41,6569.53,-106.12,1555.05,1107.5,447.55,,,
2015-06-22,3526.32,2875.01,651.31,1353.64,1447.67,-94.03,,,
2015-06-23,3139.18,3514.15,-374.97,1595.91,1191.71,404.2,,,
2015-06-24,4491.2,4398.63,92.57,1721.09,1707.57,13.52,,,
2015-06-25,6954.03,6673.82,280.21,2868.45,2876.9,-8.45,,,
2015-06-26,3326.73,3530.47,-203.74,1775.66,1541.45,234.21,,,
2015-06-29,2788.64,3500.52,-711.88,2099.06,1192.68,906.38,,,
2015-06-30,5153.9,5705.28,-551.38,2167.8,1587.21,580.59,,,
2015-07-01,3290.56,4363.74,-1073.18,2265.73,1664.33,601.4,,,
2015-07-04,3718.64,3574.66,143.98,1260.02,1586.08,-326.06,,,
2015-07-05,3991.69,5352.38,-1360.69,2732.1,1574.08,1158.02,,,
2015-07-07,3745.14,3721.6,23.54,1379.05,1473.76,-94.71,,,
2015-07-08,3641.31,3735.05,-93.74,1792.2,1758.12,34.08,,,
2015-07-09,2328.82,3155.74,-826.92,1522.28,1018.17,504.11,,,
2015-07-10,4094.77,4145.37,-50.6,1427.23,1645.98,-218.75,,,
2015-07-12,3686.75,3751.79,-65.04,1268.82,1323.72,-54.9,,,
2015-07-13,3477.95,2949.97,527.98,1081.26,1252.81,-171.55,,,
2015-07-14,3148.88,2878.98,269.9,1227.27,1358.17,-130.9,,,
2015-07-15,3292.92,2885.23,407.69,1384.34,1434.72,-50.38,,,
2015-07-16,3250.41,2504.6,745.81,1632.69,1731.2,-98.51,,,
2015-07-17,3347.75,2742.19,605.56,1331.99,1507.14,-175.15,,,
2015-07-20,3273.24,2558.84,714.4,867.61,1716.37,-848.76,,,
2015-07-21,4366.82,4593.7,-226.88,2195.41,2049.09,146.32,,,
2015-07-22,4001.56,3551.24,450.32,1617.62,1969.39,-351.77,,,
2015-07-23,3851.6,3666.18,185.42,1507.41,1784.1,-276.69,,,
2015-07-24,3424.92,3418.3,6.62,2187.64,1991.26,196.38,,,
2015-07-27,3837.23,4697.17,-859.94,1780.19,1541.53,238.66,,,
2015-07-29,4333.77,4520.01,-186.24,1934.8,1292.11,642.69,,,
2015-07-30,5352.0,5522.68,-170.68,3322.24,2822.59,499.65,,,
2015-07-31,5598.27,5876.04,-277.77,2827.52,1806.18,1021.34,,,
2015-08-01,4685.59,5152.37,-466.78,2174.4,1885.52,288.88,,,
2015-08-04,4536.32,5015.5,-479.18,1919.31,1536.77,382.54,,,
2015-08-05,4236.79,4674.35,-437.56,2725.58,1611.2,1114.38,,,
2015-08-06,2932.64,3681.76,-749.12,1810.3,1280.48,529.82,,,
2015-08-07,6943.13,7297.45,-354.32,1368.19,1714.9,-346.71,,,
2015-08-09,2970.3,3629.97,-659.67,1760.13,1312.72,447.41,,,
2015-08-10,4092.94,4141.83,-48.89,1382.71,1682.46,-299.75,,,
2015-08-12,3109.43,3627.89,-518.46,1577.24,986.92,590.32,,,
2015-08-13,3854.34,4480.24,-625.9,2056.47,1510.61,545.86,,,
2015-08-14,4442.23,4038.47,403.76,1591.59,1412.39,179.2,,,
2015-08-17,3507.74,3365.4,142.34,1471.16,1287.44,183.72,,,
2015-08-18,3436.01,3691.43,-255.42,1194.33,1066.83,127.5,,,
2015-08-19,3132.83,3556.55,-423.72,1743.89,1360.57,383.32,,,
2015-08-20,4699.37,5706.63,-1007.26,2018.09,1450.22,567.87,,,
2015-08-21,4583.5,6924.1,-2340.6,3028.46,1504.36,1524.1,,,
2015-08-24,4740.89,10016.29,-5275.4,6071.27,1973.44,4097.83,,,
2015-08-25,6665.15,8745.16,-2080.01,4509.66,2546.57,1963.09,,,
2015-08-26,5050.82,7396.59,-2345.77,3358.28,1477.2,1881.08,,,
2015-08-27,7474.44,10821.79,-3347.35,5078.89,2501.83,2577.06,,,
2015-08-28,5682.45,5626.04,56.41,1832.89,985.46,847.43,,,
2015-08-31,9733.82,10285.01,-551.19,1819.22,1340.63,478.59,,,
2015-09-01,4182.2,4480.19,-297.99,1876.92,1577.39,299.53,,,
2015-09-02,3163.41,3823.71,-660.3,1651.0,1181.45,469.55,,,
2015-09-03,5751.95,4913.65,838.3,1486.23,1521.54,-35.31,,,
2015-09-04,5589.4,5395.59,193.81,2166.98,1674.19,492.79,,,
2015-09-06,3152.89,3797.91,-645.02,1767.86,1075.57,692.29,,,
2015-09-07,3685.44,3939.54,-254.1,1271.41,1192.33,79.08,,,
2015-09-09,4143.08,4595.21,-452.13,2312.81,1118.23,1194.58,,,
2015-09-10,3594.01,3110.15,483.86,1583.23,1952.23,-369.0,,,
2015-09-11,3816.91,4677.97,-861.06,2320.16,1698.98,621.18,,,
2015-09-12,3096.25,3623.66,-527.41,1938.11,1073.4,864.71,,,
2015-09-14,2621.15,2562.4,58.75,1142.16,958.26,183.9,,,
2015-09-15,2842.75,3753.6,-910.85,1524.67,1044.17,480.5,,,
2015-09-16,3812.86,4150.13,-337.27,1664.14,1240.33,423.81,,,
2015-09-18,10656.63,10013.12,643.51,1918.39,1503.3,415.09,,,
2015-09-21,3569.39,3414.52,154.87,1135.69,1031.61,104.08,,,
2015-09-22,3938.67,4990.91,-1052.24,1910.71,1532.45,378.26,,,
2015-09-23,2987.47,4317.59,-1330.12,2008.04,1116.68,891.36,,,
2015-09-24,5760.19,5875.29,-115.1,2624.14,2573.47,50.67,,,
2015-09-28,3259.13,3909.14,-650.01,1802.79,1297.2,505.59,,,
2015-09-29,4120.3,5232.89,-1112.59,2638.23,1762.03,876.2,,,
2015-09-30,7063.3,6947.22,116.08,2349.53,2541.31,-191.78,,,
2015-10-02,4328.7,5589.89,-1261.19,2442.08,1590.76,851.32,,,
2015-10-03,4292.22,5040.35,-748.13,1872.98,1582.5,290.48,,,
2015-10-04,4823.65,4460.86,362.79,1671.41,1806.59,-135.18,,,
2015-10-06,3279.45,3761.56,-482.11,1911.2,1123.14,788.06,,,
2015-10-07,4991.65,5456.92,-465.27,1785.69,1195.2,590.49,,,
2015-10-08,3539.95,3554.38,-14.43,1323.23,1373.28,-50.05,,,
2015-10-09,3536.27,3657.46,-121.19,1321.59,1254.99,66.6,,,
2015-10-11,3205.53,3867.48,-661.95,2237.44,1579.11,658.33,,,
2015-10-12,3226.68,3806.96,-580.28,1741.9,1330.98,410.92,,,
2015-10-13,3618.12,3345.51,272.61,974.81,1248.32,-273.51,,,
2015-10-14,3574.14,3452.39,121.75,1316.33,1523.96,-207.63,,,
2015-10-16,3527.27,3090.48,436.79,1603.17,1500.68,102.49,,,
2015-10-19,3463.95,2565.72,898.23,1330.05,1576.31,-246.26,,,
2015-10-20,4496.8,3973.11,523.69,1821.75,2176.71,-354.96,,,
2015-10-21,2955.76,3004.09,-48.33,1469.07,1607.8,-138.73,,,
2015-10-23,4532.49,4303.31,229.18,1305.26,1461.15,-155.89,,,
2015-10-26,4111.58,3387.07,724.51,1115.08,1645.86,-530.78,,,
2015-10-27,5210.19,5200.69,9.5,1487.76,1653.21,-165.45,,,
2015-10-28,4429.41,5160.58,-731.17,2020.18,1860.01,160.17,,,
2015-10-29,5675.32,5501.2,174.12,2713.8,3013.0,-299.2,,,
2015-10-30,3385.74,4850.63,-1464.89,3291.32,1731.21,1560.11,,,
2015-11-02,3933.66,4304.93,-371.27,1674.69,1527.2,147.49,,,
2015-11-03,4343.92,4788.57,-444.65,1697.31,2036.27,-338.96,,,
2015-11-05,4529.36,4359.39,169.97,1851.42,1522.85,328.57,,,
2015-11-06,3752.77,4375.66,-622.89,1875.48,1286.19,589.29,,,
2015-11-08,3488.91,4225.72,-736.81,1510.87,1380.13,130.74,,,
2015-11-09,2493.91,3248.18,-754.27,1648.25,1236.82,411.43,,,
2015-11-11,190.6,202.53,-11.93,27.47,16.95,10.52,,,
2015-11-12,3824.52,3570.79,253.73,1790.32,1497.44,292.88,,,
2015-11-13,5554.39,6301.09,-746.7,1526.75,1455.86,70.89,,,
2015-11-16,3345.6,4396.86,-1051.26,1664.52,1002.81,661.71,,,
2015-11-17,3500.4,3992.85,-492.45,1697.49,914.47,783.02,,,
2015-11-18,2980.98,3749.44,-768.46,1598.38,839.12,759.26,,,
2015-11-19,3486.83,3830.01,-343.18,1355.79,1121.97,233.82,,,
2015-11-20,3302.53,3396.62,-94.09,1876.73,1266.57,610.16,,,
2015-11-23,3143.41,3178.78,-35.37,1361.82,1271.54,90.28,,,
2015-11-24,3252.52,3792.64,-540.12,1866.12,1333.99,532.13,,,
2015-11-26,5980.12,6378.22,-398.1,3343.24,2394.26,948.98,,,
2015-11-27,2676.99,3196.24,-519.25,2074.43,1173.95,900.48,,,
2015-11-30,13538.84,14582.68,-1043.84,2977.78,2376.05,601.73,,,
2015-12-01,3289.52,3044.57,244.95,1097.14,1428.32,-331.18,,,
2015-12-02,4296.42,4702.7,-406.28,2143.62,1438.09,705.53,,,
2015-12-03,5428.9,4695.81,733.09,1643.94,2025.88,-381.94,,,
2015-12-05,4856.75,6186.18,-1329.43,2545.56,1213.63,1331.93,,,
2015-12-06,3119.17,3790.13,-670.96,1537.78,832.2,705.58,,,
2015-12-08,3785.66,5640.68,-1855.02,2660.03,1436.23,1223.8,,,
2015-12-10,2770.03,2452.47,317.56,1036.58,1211.65,-175.07,,,
2015-12-14,2764.1,2921.17,-157.07,1627.73,1241.26,386.47,,,
2015-12-15,3277.54,3228.87,48.67,1663.79,1389.86,273.93,,,
2015-12-16,2732.49,3235.71,-503.22,2288.98,1264.95,1024.03,,,
2015-12-17,4108.58,3470.57,638.01,1950.31,2316.54,-366.23,,,
2015-12-18,5642.44,5649.43,-6.99,1448.04,1853.02,-404.98,,,
2015-12-21,2468.66,2431.29,37.37,1191.34,1128.64,62.7,,,
2015-12-22,2578.47,2409.74,168.73,1362.28,1123.92,238.36,,,
2015-12-23,2426.42,2040.6,385.82,1743.36,1110.72,632.64,,,
2015-12-24,1181.13,1293.16,-112.03,842.0,833.95,8.05,,,
2015-12-28,1900.63,2203.25,-302.62,2446.49,1458.67,987.82,,,
2015-12-29,2278.39,2269.9,8.49,1473.43,1466.99,6.44,,,
2015-12-30,2088.07,1935.87,152.2,1414.35,1488.76,-74.41,,,
2015-12-31,4575.11,3451.7,1123.41,2781.23,3038.9,-257.67,,,
2016-01-01,540.77,312.66,228.11,783.36,864.6,-81.24,,,
2016-01-02,4211.32,3957.44,253.88,1104.5,1640.2,-535.7,,,
2016-01-03,7504.37,4591.78,2912.59,2203.55,3038.14,-834.59,,,
2016-01-04,3725.52,3511.51,214.01,1159.75,1679.66,-519.91,,,
2016-01-06,3986.33,3726.43,259.9,1258.41,1418.9,-160.49,,,
2016-01-07,3086.32,3273.83,-187.51,2747.46,1840.41,907.05,,,
2016-01-08,5928.19,5201.97,726.22,2159.81,2573.58,-413.77,,,
2016-01-09,3344.28,3645.79,-301.51,2451.15,2142.99,308.16,,,
2016-01-11,4897.3,5021.26,-123.96,2226.9,2034.8,192.1,,,
2016-01-12,3499.65,3902.27,-402.62,1879.47,1641.66,237.81,,,
2016-01-13,4316.56,4392.46,-75.9,2503.24,1884.45,618.79,,,
2016-01-14,3096.69,4318.66,-1221.97,3281.53,1755.31,1526.22,,,
2016-01-15,3172.68,4296.47,-1123.79,2320.25,1631.41,688.84,,,
2016-01-18,3140.59,4344.43,-1203.84,2667.92,1545.12,1122.8,,,
2016-01-19,2695.97,3553.67,-857.7,2691.27,1304.44,1386.83,,,
2016-01-20,3854.92,5179.61,-1324.69,2882.52,1499.38,1383.14,,,
2016-01-21,4042.16,5789.39,-1747.23,2544.12,1276.38,1267.74,,,
2016-01-22,3920.3,4690.13,-769.83,2310.9,1395.3,915.6,,,
2016-01-25,3261.63,3352.78,-91.15,1272.53,964.64,307.89,,,
2016-01-27,4355.0,4721.93,-366.93,1583.49,1083.5,499.99,,,
2016-01-28,5889.83,6851.65,-961.82,2872.07,2477.85,394.22,,,
2016-01-29,5632.66,5060.96,571.7,2121.61,1881.59,240.02,,,
2016-02-02,4102.58,4216.56,-113.98,1346.11,1669.34,-323.23,,,
2016-02-03,5877.6,4440.1,1437.5,2024.92,2618.59,-593.67,,,
2016-02-05,2977.66,2542.73,434.93,944.81,1054.37,-109.56,,,
2016-02-06,4472.29,3950.44,521.85,1160.57,1737.43,-576.86,,,
2016-02-08,4914.92,4378.65,536.27,2234.26,2617.49,-383.23,,,
2016-02-09,3617.63,3386.44,231.19,2590.57,2455.69,134.88,,,
2016-02-11,3625.45,4292.82,-667.37,2376.08,1968.81,407.27,,,
2016-02-12,4041.4,4231.92,-190.52,1637.36,2055.94,-418.58,,,
2016-02-15,3661.07,4972.66,-1311.59,3223.71,1236.26,1987.45,,,
2016-02-16,2898.07,3862.26,-964.19,1525.18,934.45,590.73,,,
2016-02-17,3029.01,3589.01,-560.0,1511.72,1127.19,384.53,,,
2016-02-18,4096.46,3677.82,418.64,1663.25,951.13,712.12,,,
2016-02-19,2772.85,2964.58,-191.73,881.27,864.74,16.53,,,
2016-02-22,2617.38,3274.31,-656.93,1377.85,779.98,597.87,,,
2016-02-23,3356.14,3645.8,-289.66,1385.32,1127.39,257.93,,,
2016-02-24,2953.79,3684.78,-730.99,1484.16,878.28,605.88,,,
2016-02-25,4959.8,6425.48,-1465.68,2569.2,1762.23,806.97,,,
2016-02-26,2807.45,3502.82,-695.37,2043.48,1259.34,784.14,,,
2016-02-29,8321.34,10339.36,-2018.02,2856.36,1411.11,1445.25,,,
2016-03-02,3160.51,3517.64,-357.13,1455.23,1600.01,-144.78,,,
2016-03-03,4363.82,3451.84,911.98,1845.35,2310.1,-464.75,,,
2016-03-05,3598.55,4353.83,-755.28,1945.94,1461.3,484.64,,,
2016-03-06,5571.69,3986.68,1585.01,1439.25,1832.46,-393.21,,,
2016-03-08,4698.8,4120.63,578.17,1674.42,2475.17,-800.75,,,
2016-03-10,3745.1,3710.88,34.22,2479.59,2281.57,198.02,,,
2016-03-11,3060.22,3766.99,-706.77,2775.42,2240.44,534.98,,,
2016-03-14,5564.95,4529.32,1035.63,1076.66,1882.0,-805.34,,,
2016-03-15,3789.67,3843.68,-54.01,1512.28,1814.59,-302.31,,,
2016-03-16,3675.19,3049.61,625.58,1031.87,1712.03,-680.16,,,
2016-03-17,4997.97,4253.48,744.49,1945.25,2113.63,-168.38,,,
2016-03-18,7132.64,5420.02,1712.62,1570.77,1974.14,-403.37,,,
2016-03-21,4791.88,3395.55,1396.33,1497.69,2116.46,-618.77,,,
2016-03-22,4945.28,3849.84,1095.44,1167.84,2098.21,-930.37,,,
2016-03-23,3923.97,2947.06,976.91,1596.53,2619.11,-1022.58,,,
2016-03-28,5346.52,3303.58,2042.94,1408.82,3903.26,-2494.44,,,
2016-03-29,4577.65,4064.2,513.45,1834.08,2390.77,-556.69,,,
2016-03-30,5866.32,4423.85,1442.47,1907.34,2304.24,-396.9,,,
2016-03-31,11230.72,7174.1,4056.62,3473.08,6363.65,-2890.57,,,
2016-04-01,2097.07,2764.22,-667.15,1371.47,1594.26,-222.79,,,
2016-04-02,3121.98,3317.9,-195.92,2040.07,1563.63,476.44,,,
2016-04-03,4231.6,3560.03,671.57,1393.43,1926.53,-533.1,,,
2016-04-04,2948.11,2711.29,236.82,1311.55,1645.29,-333.74,,,
2016-04-05,3705.95,3772.4,-66.45,1664.67,1743.47,-78.8,,,
2016-04-07,2992.7,2810.42,182.28,1939.8,1562.35,377.45,,,
2016-04-08,4144.11,3584.62,559.49,1682.14,2209.25,-527.11,,,
2016-04-10,4779.15,4435.02,344.13,2315.48,2487.71,-172.23,,,
2016-04-11,4277.18,4620.48,-343.3,5115.39,4025.53,1089.86,,,
2016-04-13,4923.76,4279.49,644.27,2519.32,2249.43,269.89,,,
2016-04-18,6118.62,5140.64,977.98,1628.89,1942.11,-313.22,,,
2016-04-20,6021.67,6101.77,-80.1,1363.42,1663.51,-300.09,,,
2016-04-21,5625.66,4820.24,805.42,2168.3,2102.58,65.72,,,
2016-04-22,3701.43,3510.36,191.07,1500.28,1668.92,-168.64,,,
2016-04-25,5698.59,5476.25,222.34,1075.18,1823.13,-747.95,,,
2016-04-26,4855.69,4343.47,512.22,1488.41,1467.2,21.21,,,
2016-04-27,4412.63,4001.63,411.0,1656.53,1951.6,-295.07,,,
2016-04-28,9061.04,8940.41,120.63,2245.92,2662.13,-416.21,,,
2016-04-29,4399.71,4605.01,-205.3,1649.24,1621.11,28.13,,,
2016-05-01,3361.38,3713.8,-352.42,1631.28,1618.09,13.19,,,
2016-05-02,3051.02,3657.85,-606.83,2518.01,1757.99,760.02,,,
2016-05-04,3262.01,4062.8,-800.79,1737.74,1681.89,55.85,,,
2016-05-05,3721.95,4110.46,-388.51,1397.92,1146.13,251.79,,,
2016-05-07,3237.69,2972.06,265.63,1214.93,1662.41,-447.48,,,
2016-05-08,4264.48,3828.85,435.63,2163.06,1546.74,616.32,,,
2016-05-10,3449.13,3206.13,243.0,2079.91,2429.77,-349.86,,,
2016-05-12,3332.96,3650.81,-317.85,1381.33,1217.69,163.64,,,
2016-05-13,5590.51,4096.63,1493.88,2213.76,1546.73,667.03,,,
2016-05-16,3888.85,3968.69,-79.84,1480.4,1608.31,-127.91,,,
2016-05-18,3809.48,4060.18,-250.7,1619.99,1380.08,239.91,,,
2016-05-19,4205.43,4970.01,-764.58,2725.61,1241.96,1483.65,,,
2016-05-20,2997.75,3741.61,-743.86,1683.31,1085.82,597.49,,,
2016-05-23,3089.85,3155.45,-65.6,1646.35,1814.12,-167.77,,,
2016-05-24,3561.8,4377.33,-815.53,2130.2,1140.25,989.95,,,
2016-05-25,3741.39,3246.31,495.08,1891.38,1554.16,337.22,,,
2016-05-26,6476.35,5895.06,581.29,3047.6,2362.23,685.37,,,
2016-05-27,4618.93,4139.04,479.89,2021.94,1952.6,69.34,,,
2016-05-30,4100.58,3745.04,355.54,1318.83,1529.92,-211.09,,,
2016-05-31,18888.61,19003.13,-114.52,2836.68,2776.4,60.28,,,
2016-06-01,4452.42,4694.9,-242.48,2091.12,1514.55,576.57,,,
2016-06-04,2600.13,3093.69,-493.56,1727.29,1468.61,258.68,,,
2016-06-05,2768.13,2740.42,27.71,1154.35,974.55,179.8,,,
2016-06-06,5016.42,4988.12,28.3,1288.99,1519.62,-230.63,,,
2016-06-09,5512.56,4073.84,1438.72,2146.33,2414.54,-268.21,,,
2016-06-10,3596.12,3242.32,353.8,2285.17,2409.62,-124.45,,,
2016-06-12,3109.03,2947.23,161.8,1162.7,1327.38,-164.68,,,
2016-06-13,3847.7,3635.46,212.24,1089.23,1687.06,-597.83,,,
2016-06-14,2886.71,3000.07,-113.36,1303.96,1336.23,-32.27,,,
2016-06-15,3160.24,3268.47,-108.23,1671.85,1437.75,234.1,,,
2016-06-16,3061.12,3217.87,-156.75,1802.7,1965.7,-163.0,,,
2016-06-17,4650.86,4618.9,31.96,1538.47,1564.68,-26.21,,,
2016-06-20,3065.4,3602.86,-537.46,2104.4,1380.34,724.06,,,
2016-06-21,3714.27,3229.61,484.66,1270.14,1605.67,-335.53,,,
2016-06-22,2841.18,2882.28,-41.1,1856.33,1494.99,361.34,,,
2016-06-23,3185.92,3104.05,81.87,1656.05,1452.49,203.56,,,
2016-06-24,3865.55,4494.69,-629.14,2968.9,2853.96,114.94,,,
2016-06-27,3420.3,3566.41,-146.11,1434.81,1581.88,-147.07,,,
2016-06-28,3665.15,3855.58,-190.43,1572.52,1815.23,-242.71,,,
2016-06-29,3567.28,3464.37,102.91,1565.76,1585.95,-20.19,,,
2016-06-30,8113.06,7005.64,1107.42,3117.9,3308.66,-190.76,,,
2016-07-01,3610.14,4661.88,-1051.74,2237.52,2046.66,190.86,,,
2016-07-06,6011.96,5512.23,499.73,1657.55,1611.22,46.33,,,
2016-07-07,4306.44,4605.95,-299.51,1390.76,1550.74,-159.98,,,
2016-07-09,5606.66,4752.6,854.06,2406.07,3174.62,-768.55,,,
2016-07-10,3298.23,3241.98,56.25,2566.65,1839.85,726.8,,,
2016-07-11,4407.65,4096.47,311.18,3530.8,2750.94,779.86,,,
2016-07-12,3941.02,3747.36,193.66,1731.59,1787.87,-56.28,,,
2016-07-13,5041.83,4751.3,290.53,1912.86,2567.59,-654.73,,,
2016-07-14,3861.29,2991.45,869.84,1445.86,2320.01,-874.15,,,
2016-07-15,5823.5,4362.24,1461.26,2439.65,3473.62,-1033.97,,,
2016-07-18,4126.5,3527.41,599.09,1615.85,2054.94,-439.09,,,
2016-07-19,4237.66,3688.76,548.9,1737.67,2115.1,-377.43,,,
2016-07-20,4669.7,4454.49,215.21,2373.99,2419.44,-45.45,,,
2016-07-21,4293.45,3873.23,420.22,1865.28,2237.68,-372.4,,,
2016-07-22,3865.06,3427.28,437.78,1609.74,1975.41,-365.67,,,
2016-07-25,5020.39,4129.38,891.01,1823.28,1891.17,-67.89,,,
2016-07-26,5488.54,4817.65,670.89,1902.21,2320.5,-418.29,,,
2016-07-27,4862.01,4457.32,404.69,2554.71,2707.18,-152.47,,,
2016-07-28,8470.01,6702.95,1767.06,2770.94,3845.41,-1074.47,,,
2016-07-29,5566.32,5580.34,-14.02,2407.01,2258.67,148.34,,,
2016-08-01,3802.86,5039.81,-1236.95,2200.62,1196.63,1003.99,,,
2016-08-02,1853.26,1937.82,-84.56,1531.24,1251.75,279.49,,,
2016-08-03,7088.18,6313.11,775.07,800.77,2142.28,-1341.51,,,
2016-08-04,2609.08,2428.81,180.27,1235.43,1394.44,-159.01,,,
2016-08-06,4207.27,3678.11,529.16,1263.74,1521.5,-257.76,,,
2016-08-07,4059.13,3728.51,330.62,1217.46,1730.13,-512.67,,,
2016-08-08,5196.48,4040.29,1156.19,1488.9,2365.24,-876.34,,,
2016-08-09,4671.07,4559.66,111.41,2152.05,2739.48,-587.43,,,
2016-08-11,3612.74,3526.08,86.66,2351.69,2057.63,294.06,,,
2016-08-12,4322.71,3623.85,698.86,1606.08,1541.76,64.32,,,
2016-08-16,7238.07,6553.34,684.73,1714.96,1823.94,-108.98,,,
2016-08-17,4033.12,4033.07,0.05,1647.46,1736.83,-89.37,,,
2016-08-18,4239.15,4076.98,162.17,2261.31,2275.73,-14.42,,,
2016-08-19,4275.47,3865.53,409.94,2088.81,1982.62,106.19,,,
2016-08-22,3310.95,3611.45,-300.5,1778.26,1725.76,52.5,,,
2016-08-23,3587.31,3587.5,-0.19,1729.99,2181.86,-451.87,,,
2016-08-24,3092.45,3131.73,-39.28,2186.71,2057.53,129.18,,,
2016-08-25,5619.37,5991.45,-372.08,2996.01,3353.03,-357.02,,,
2016-08-26,3110.76,2769.41,341.35,1734.67,2001.1,-266.43,,,
2016-08-29,3193.0,2906.48,286.52,1695.11,1677.62,17.49,,,
2016-08-30,4118.1,3727.47,390.63,2443.53,1958.39,485.14,,,
2016-08-31,15455.43,14601.24,854.19,3600.67,2752.97,847.7,,,
2016-09-02,1990.0,2670.7,-680.7,1634.92,1809.06,-174.14,,,
2016-09-03,4868.19,4405.33,462.86,1170.71,1994.27,-823.56,,,
2016-09-05,3900.44,3676.04,224.4,1787.25,1436.65,350.6,,,
2016-09-06,3552.0,3317.8,234.2,1507.03,1824.77,-317.74,,,
2016-09-08,4819.72,4675.57,144.15,2302.67,2912.82,-610.15,,,
2016-09-09,4006.88,4322.12,-315.24,1899.86,2228.12,-328.26,,,
2016-09-11,5107.63,7202.63,-2095.0,4753.76,3637.45,1116.31,,,
2016-09-12,3662.72,3462.2,200.52,1608.44,1318.87,289.57,,,
2016-09-14,4569.1,5046.43,-477.33,2399.36,2407.89,-8.53,,,
2016-09-15,3406.73,3061.31,345.42,1804.95,2261.86,-456.91,,,
2016-09-16,11227.46,10566.87,660.59,2589.56,2802.69,-213.13,,,
2016-09-19,4070.93,3865.55,205.38,2040.24,2292.52,-252.28,,,
2016-09-20,4118.64,5265.57,-1146.93,3118.97,2341.45,777.52,,,
2016-09-21,4216.63,4032.78,183.85,2140.41,2371.0,-230.59,,,
2016-09-22,4744.31,4407.44,336.87,2715.69,2405.34,310.35,,,
2016-09-23,5753.41,6053.39,-299.98,2917.21,2421.07,496.14,,,
2016-09-26,4381.46,4587.86,-206.4,2396.31,2509.66,-113.35,,,
2016-09-27,3650.87,3806.63,-155.76,2225.44,2134.77,90.67,,,
2016-09-28,4766.15,4692.32,73.83,2262.73,2332.26,-69.53,,,
2016-09-29,11460.35,8046.98,3413.37,5372.98,3742.1,1630.88,,,
2016-09-30,4474.94,5503.25,-1028.31,3165.92,1605.63,1560.29,,,
2016-10-02,3632.66,4383.99,-751.33,2106.71,1909.79,196.92,,,
2016-10-03,4727.42,3664.31,1063.11,952.06,1550.09,-598.03,,,
2016-10-05,3858.41,3529.82,328.59,1647.05,1578.85,68.2,,,
2016-10-06,3510.34,3309.02,201.32,1399.39,1565.01,-165.62,,,
2016-10-08,4219.07,3806.51,412.56,1811.91,2559.18,-747.27,,,
2016-10-10,1742.57,2289.83,-547.26,2058.51,1589.55,468.96,,,
2016-10-11,5591.93,6325.42,-733.49,2999.8,2360.61,639.19,,,
2016-10-13,6244.03,7155.56,-911.53,2933.9,2254.41,679.49,,,
2016-10-14,3983.06,4929.48,-946.42,2837.8,2280.9,556.9,,,
2016-10-17,4487.25,4943.89,-456.64,2404.48,2168.91,235.57,,,
2016-10-18,5626.87,5281.83,345.04,2323.82,2150.46,173.36,,,
2016-10-19,4218.46,4501.23,-282.77,2711.43,1986.79,724.64,,,
2016-10-20,2751.57,2744.27,7.3,2480.7,1897.48,583.22,,,
2016-10-21,3501.42,3774.33,-272.91,2517.59,2017.22,500.37,,,
2016-10-24,3014.06,3339.19,-325.13,2119.48,1786.22,333.26,,,
2016-10-25,3471.76,4078.1,-606.34,2104.76,1715.65,389.11,,,
2016-10-26,3905.18,5355.83,-1450.65,2825.97,1836.51,989.46,,,
2016-10-27,6195.8,6665.73,-469.93,3291.89,2435.39,856.5,,,
2016-10-28,4634.23,5411.81,-777.58,2926.42,1802.34,1124.08,,,
2016-10-30,17.21,123.98,-106.77,30.96,17.81,13.15,,,
2016-11-01,3157.82,4477.06,-1319.24,1848.47,947.48,900.99,,,
2016-11-02,2976.24,4088.9,-1112.66,2953.99,1731.87,1222.12,,,
2016-11-03,3499.01,3120.65,378.36,1163.15,1595.96,-432.81,,,
2016-11-05,4131.71,4493.9,-362.19,2166.17,1436.58,729.59,,,
2016-11-07,4865.31,3809.51,1055.8,1519.64,2130.21,-610.57,,,
2016-11-08,4981.46,4373.11,608.35,1870.93,2492.58,-621.65,,,
2016-11-11,5048.86,6542.13,-1493.27,2887.44,2822.72,64.72,,,
2016-11-15,8957.98,11311.8,-2353.82,4810.16,4914.99,-104.83,,,
2016-11-16,7341.61,9298.65,-1957.04,4887.66,2543.35,2344.31,,,
2016-11-17,4577.69,5561.62,-983.93,2789.11,1644.96,1144.15,,,
2016-11-18,4112.43,5038.75,-926.32,2641.1,1497.66,1143.44,,,
2016-11-21,4323.6,5634.42,-1310.82,2635.37,1424.36,1211.01,,,
2016-11-22,4418.49,5111.34,-692.85,2727.86,1652.66,1075.2,,,
2016-11-23,4265.03,5288.15,-1023.12,2695.57,1440.9,1254.67,,,
2016-11-24,6175.67,8185.82,-2010.15,3819.15,2170.93,1648.22,,,
2016-11-25,3849.34,4222.22,-372.88,2695.81,1697.97,997.84,,,
2016-11-28,3960.46,5396.86,-1436.4,2494.85,1261.06,1233.79,,,
2016-11-29,4684.1,5399.4,-715.3,2168.59,1634.39,534.2,,,
2016-11-30,14567.84,15002.26,-434.42,2997.27,2320.59,676.68,,,
2016-12-01,3090.47,3631.46,-540.99,1860.65,1719.4,141.25,,,
2016-12-02,4689.99,5088.36,-398.37,2916.73,2371.66,545.07,,,
2016-12-05,3483.87,3459.73,24.14,1553.11,1294.76,258.35,,,
2016-12-07,4115.94,3903.02,212.92,2150.98,2031.71,119.27,,,
2016-12-08,5754.75,4551.04,1203.71,1908.44,2300.91,-392.47,,,
2016-12-09,3565.83,4159.44,-593.61,2644.4,2657.3,-12.9,,,
2016-12-12,2550.99,2645.44,-94.45,962.26,1228.46,-266.2,,,
2016-12-13,3969.39,6150.42,-2181.03,1531.99,1353.07,178.92,,,
2016-12-14,4178.33,4810.62,-632.29,1749.48,1538.62,210.86,,,
2016-12-15,3780.65,4392.62,-611.97,1989.21,2166.69,-177.48,,,
2016-12-16,6835.01,6925.37,-90.36,2184.45,2153.97,30.48,,,
2016-12-19,3078.44,3614.21,-535.77,1811.32,1254.96,556.36,,,
2016-12-20,3278.43,3964.36,-685.93,1798.47,1379.54,418.93,,,
2016-12-21,3610.69,4788.77,-1178.08,2097.8,1039.84,1057.96,,,
2016-12-22,3652.17,4266.57,-614.4,1891.26,1571.47,319.79,,,
2016-12-23,2073.85,3536.5,-1462.65,2624.87,1009.93,1614.94,,,
2016-12-26,987.6,2082.64,-1095.04,2106.71,1041.32,1065.39,,,
2016-12-27,1630.58,2342.75,-712.17,2558.64,1056.23,1502.41,,,
2016-12-28,2294.86,2821.92,-527.06,2206.64,1381.8,824.84,,,
2016-12-29,4487.84,5150.13,-662.29,3094.12,2136.29,957.83,,,
2016-12-30,2227.16,2812.8,-585.64,2858.92,2133.66,725.26,,,
2017-01-02,5530.41,5437.68,92.73,3460.36,2326.62,1133.74,,,
2017-01-03,5205.38,5403.65,-198.27,3061.44,2807.23,254.21,,,
2017-01-06,4498.52,5015.83,-517.31,2444.58,2272.93,171.65,,,
2017-01-08,4515.64,5461.47,-945.83,4313.29,2922.64,1390.65,,,
2017-01-09,3152.87,3985.68,-832.81,2823.47,2091.75,731.72,,,
2017-01-11,6131.83,5093.52,1038.31,4519.98,5187.89,-667.91,,,
2017-01-12,4564.7,4258.59,306.11,2335.29,2159.1,176.19,,,
2017-01-13,3227.58,3345.17,-117.59,2345.04,2818.54,-473.5,,,
2017-01-16,2380.5,2727.75,-347.25,2270.61,2067.16,203.45,,,
2017-01-17,3448.66,3306.45,142.21,2096.26,2703.49,-607.23,,,
2017-01-19,4091.02,4223.28,-132.26,2544.6,2164.97,379.63,,,
2017-01-20,4510.7,4537.04,-26.34,2364.1,2539.58,-175.48,,,
2017-01-23,4301.89,4590.69,-288.8,2765.23,2245.24,519.99,,,
2017-01-24,5052.29,4958.34,93.95,2803.45,2269.96,533.49,,,
2017-01-25,8874.28,7495.47,1378.81,3575.81,3192.78,383.03,,,
2017-01-27,5828.97,5617.2,211.77,2807.64,2325.12,482.52,,,
2017-01-30,3212.83,2605.47,607.36,2525.39,2485.35,40.04,,,
2017-01-31,4608.79,5141.67,-532.88,3726.34,3488.97,237.37,,,
2017-02-01,959.07,1219.71,-260.64,1630.57,1609.91,20.66,,,
2017-02-02,5360.88,5252.29,108.59,3083.74,3194.63,-110.89,,,
2017-02-03,4985.13,4862.19,122.94,3034.36,3117.57,-83.21,,,
2017-02-05,5494.72,6106.54,-611.82,2530.28,1988.89,541.39,,,
2017-02-06,4246.62,4305.75,-59.13,2420.69,2198.4,222.29,,,
2017-02-08,4061.95,3588.23,473.72,2671.26,2904.21,-232.95,,,
2017-02-11,5441.78,4408.9,1032.88,4042.38,4498.89,-456.51,,,
2017-02-13,3863.41,3556.67,306.74,1862.36,2034.06,-171.7,,,
2017-02-14,4382.69,4389.14,-6.45,1763.12,1766.32,-3.2,,,
2017-02-15,5547.95,5322.11,225.84,2360.89,2111.91,248.98,,,
2017-02-16,5043.1,5258.79,-215.69,2876.6,2030.49,846.11,,,
2017-02-17,13253.0,5209.86,8043.14,3419.07,9051.06,-5631.99,,,
2017-02-20,3008.51,3441.89,-433.38,2689.5,1861.6,827.9,,,
2017-02-21,4031.4,5467.16,-1435.76,2984.2,1448.76,1535.44,,,
2017-02-22,5860.9,6120.11,-259.21,3705.51,2787.54,917.97,,,
2017-02-23,9571.26,9178.93,392.33,4954.39,5399.43,-445.04,,,
2017-02-27,5176.44,5321.99,-145.55,3684.94,3421.15,263.79,,,
2017-02-28,9291.34,8145.11,1146.23,3843.93,3575.59,268.34,,,
2017-03-01,1909.03,2409.52,-500.49,2124.08,1561.81,562.27,,,
2017-03-02,5123.63,4769.79,353.84,2354.95,2397.48,-42.53,,,
2017-03-03,5269.58,3740.1,1529.48,2282.05,3019.05,-737.0,,,
2017-03-04,3570.72,3036.27,534.45,3161.51,3128.22,33.29,,,
2017-03-05,3968.93,4486.67,-517.74,2603.01,2490.65,112.36,,,
2017-03-07,3498.42,4303.09,-804.67,3169.01,2214.67,954.34,,,
2017-03-08,5533.65,5509.58,24.07,3068.64,3457.98,-389.34,,,
2017-03-10,5770.2,6463.23,-693.03,3803.19,2250.78,1552.41,,,
2017-03-11,4660.27,14351.11,-9690.84,3877.08,3843.68,33.4,,,
2017-03-14,10204.74,6116.85,4087.89,3208.02,4727.96,-1519.94,,,
2017-03-15,5958.4,4817.27,1141.13,3197.36,3070.61,126.75,,,
2017-03-16,5577.13,4217.03,1360.1,3187.22,3275.39,-88.17,,,
2017-03-17,11396.65,9864.26,1532.39,2930.0,3641.5,-711.5,,,
2017-03-20,4931.64,4874.97,56.67,2173.08,2709.29,-536.21,,,
2017-03-21,8539.14,6876.42,1662.72,2426.26,3224.83,-798.57,,,
2017-03-22,6557.67,6201.03,356.64,2336.41,3116.32,-779.91,,,
2017-03-23,5979.77,4885.33,1094.44,2449.71,3040.49,-590.78,,,
2017-03-24,5351.9,4808.55,543.35,2903.05,2786.55,116.5,,,
2017-03-27,9200.02,8622.14,577.88,2616.14,3210.62,-594.48,,,
2017-03-28,11732.22,5316.84,6415.38,2972.23,2616.0,356.23,,,
2017-03-29,9130.0,8669.02,460.98,3914.8,2631.77,1283.03,,,
2017-03-30,12106.11,12038.14,67.97,6744.76,5042.97,1701.79,,,
2017-03-31,5359.55,5655.47,-295.92,5392.46,3893.05,1499.41,,,
2017-04-01,3428.23,4228.94,-800.71,1887.48,1460.39,427.09,,,
2017-04-05,5618.82,6219.94,-601.12,3929.12,3003.02,926.1,,,
2017-04-07,3749.62,4583.98,-834.36,2778.21,2482.33,295.88,,,
2017-04-08,4266.47,5120.27,-853.8,3948.95,2931.85,1017.1,,,
2017-04-09,2203.26,3077.17,-873.91,1883.01,1932.11,-49.1,,,
2017-04-10,3963.75,4595.89,-632.14,2814.19,2229.31,584.88,,,
2017-04-12,3988.6,4322.19,-333.59,3207.04,2430.86,776.18,,,
2017-04-13,3175.58,3583.46,-407.88,2628.59,2563.16,65.43,,,
2017-04-17,1954.86,2205.4,-250.54,2471.37,2523.75,-52.38,,,
2017-04-18,3463.95,4394.62,-930.67,3337.42,2459.34,878.08,,,
2017-04-19,3778.12,4451.5,-673.38,2995.01,2469.49,525.52,,,
2017-04-20,3959.27,4128.11,-168.84,3340.94,3332.12,8.82,,,
2017-04-21,5234.97,6213.31,-978.34,3546.28,2413.89,1132.39,,,
2017-04-24,4001.95,4281.5,-279.55,3479.94,2495.77,984.17,,,
2017-04-25,5634.16,5455.34,178.82,3952.59,2954.33,998.26,,,
2017-04-26,5358.25,5850.77,-492.52,3813.44,2802.06,1011.38,,,
2017-04-27,6340.04,6521.75,-181.71,3862.67,3629.36,233.31,,,
2017-04-28,4556.74,5707.17,-1150.43,3691.34,2006.9,1684.44,,,
2017-05-01,4518.96,4605.84,-86.88,2259.39,1810.32,449.07,,,
2017-05-04,7797.9,7457.77,340.13,3294.4,3488.45,-194.05,,,
2017-05-05,4839.14,5203.12,-363.98,2967.24,2669.13,298.11,,,
2017-05-06,4219.86,3743.22,476.64,1794.45,1780.83,13.62,,,
2017-05-07,3509.33,3281.76,227.57,2563.41,2488.05,75.36,,,
2017-05-09,2705.72,3084.88,-379.16,2497.88,2023.52,474.36,,,
2017-05-10,3201.46,3857.96,-656.5,2946.0,2426.97,519.03,,,
2017-05-12,3728.28,5198.84,-1470.56,3312.51,2238.12,1074.39,,,
2017-05-15,4613.57,4378.24,235.33,2187.18,2252.95,-65.77,,,
2017-05-16,5578.03,4719.74,858.29,2644.79,3046.68,-401.89,,,
2017-05-17,6286.61,7018.0,-731.39,3386.31,2771.8,614.51,,,
2017-05-18,5819.84,6180.43,-360.59,3714.44,2816.48,897.96,,,
2017-05-19,4715.86,5704.56,-988.7,3344.67,2995.46,349.21,,,
2017-05-22,4137.51,4458.78,-321.27,3653.14,2390.5,1262.64,,,
2017-05-23,5724.65,6125.18,-400.53,3415.7,3063.16,352.54,,,
2017-05-24,5943.44,5861.56,81.88,3164.59,2967.28,197.31,,,
2017-05-25,9071.94,8482.83,589.11,4990.22,5226.66,-236.44,,,
2017-05-26,4460.68,4734.82,-274.14,3727.23,2718.67,1008.56,,,
2017-05-29,3898.94,4608.91,-709.97,3431.84,3141.31,290.53,,,
2017-05-30,3345.86,3562.96,-217.1,2893.71,2526.74,366.97,,,
2017-05-31,16708.87,15659.94,1048.93,3785.15,4724.69,-939.54,,,
2017-06-01,3502.2,3757.41,-255.21,2563.28,2397.99,165.29,,,
2017-06-02,4079.23,4482.75,-403.52,2774.48,2324.96,449.52,,,
2017-06-03,4328.99,3764.84,564.15,2032.43,2514.39,-481.96,,,
2017-06-04,5130.01,4987.33,142.68,3106.15,3311.79,-205.64,,,
2017-06-06,4247.75,4186.59,61.16,2305.82,2665.83,-360.01,,,
2017-06-07,4316.86,4332.15,-15.29,2887.4,2571.45,315.95,,,
2017-06-09,3017.58,4370.6,-1353.02,2502.0,2450.43,51.57,,,
2017-06-10,3601.52,4641.92,-1040.4,3978.12,2738.38,1239.74,,,
2017-06-11,5164.32,4588.05,576.27,3987.48,4251.32,-263.84,,,
2017-06-12,4819.29,6037.21,-1217.92,3416.35,2421.24,995.11,,,
2017-06-13,3941.55,4253.95,-312.4,2480.57,2175.99,304.58,,,
2017-06-14,6715.41,6876.54,-161.13,2760.9,2689.25,71.65,,,
2017-06-15,4998.79,5644.14,-645.35,3015.31,2160.46,854.85,,,
2017-06-16,7936.21,8700.69,-764.48,3555.73,2664.82,890.91,,,
2017-06-19,3843.21,4093.6,-250.39,2539.58,2009.68,529.9,,,
2017-06-20,4296.89,4609.73,-312.84,2580.21,2103.08,477.13,,,
2017-06-21,4834.65,4987.47,-152.82,6553.95,6595.34,-41.39,,,
2017-06-22,6372.36,6179.68,192.68,3449.68,2994.47,455.21,,,
2017-06-23,4875.82,4605.87,269.95,2537.14,2582.92,-45.78,,,
2017-06-28,5176.44,5645.53,-469.09,2849.83,2680.86,168.97,,,
2017-06-29,6833.65,7974.42,-1140.77,4728.68,4128.45,600.23,,,
2017-06-30,4385.21,4545.69,-160.48,3250.32,2054.61,1195.71,,,
2017-07-02,4363.17,4162.04,201.13,8952.68,7332.65,1620.03,,,
2017-07-03,4820.04,3899.58,920.46,1842.82,2916.57,-1073.75,,,
2017-07-04,5081.79,5344.16,-262.37,3720.66,3305.72,414.94,,,
2017-07-06,5067.47,4993.68,73.79,2489.86,2323.64,166.22,,,
2017-07-07,3685.53,4207.61,-522.08,3084.09,2364.01,720.08,,,
2017-07-08,3789.74,3988.95,-199.21,2572.38,2264.23,308.15,,,
2017-07-09,5168.73,5732.73,-564.0,3065.64,2820.32,245.32,,,
2017-07-11,5563.47,5102.0,461.47,4168.52,6214.59,-2046.07,,,
2017-07-12,4483.29,5558.91,-1075.62,3850.2,2923.52,926.68,,,
2017-07-13,5330.82,5389.97,-59.15,3269.46,2990.33,279.13,,,
2017-07-14,4265.62,3592.06,673.56,2472.46,2608.73,-136.27,,,
2017-07-17,4554.14,4225.53,328.61,2374.8,2821.94,-447.14,,,
2017-07-18,6676.25,6358.81,317.44,3017.29,3992.3,-975.01,,,
2017-07-19,6569.88,5523.23,1046.65,3503.0,3515.48,-12.48,,,
2017-07-20,4299.1,4144.19,154.91,3220.94,3220.86,0.08,,,
2017-07-21,5313.04,5300.14,12.9,2719.65,2571.99,147.66,,,
2017-07-24,4789.38,5156.22,-366.84,3149.51,2480.64,668.87,,,
2017-07-25,5603.93,5333.16,270.77,3501.33,3710.83,-209.5,,,
2017-07-26,5423.43,5484.03,-60.6,3544.97,2868.36,676.61,,,
2017-07-27,9719.93,7850.01,1869.92,5749.88,6409.91,-660.03,,,
2017-07-28,5141.27,5364.39,-223.12,3627.12,3202.45,424.67,,,
2017-07-31,5485.32,6682.26,-1196.94,4864.71,3096.28,1768.43,,,
2017-08-02,4524.65,4652.34,-127.69,1952.93,2119.75,-166.82,,,
2017-08-03,7540.73,3967.69,3573.04,1678.6,3413.72,-1735.12,,,
2017-08-05,3404.26,3946.73,-542.47,2951.37,2288.04,663.33,,,
2017-08-06,5834.64,5743.86,90.78,3641.87,2903.09,738.78,,,
2017-08-08,6245.66,4705.84,1539.82,3151.6,2353.05,798.55,,,
2017-08-09,3736.92,3993.34,-256.42,2859.43,2371.46,487.97,,,
2017-08-11,12418.41,16256.68,-3838.27,6917.14,3878.98,3038.16,,,
2017-08-12,6123.79,6798.95,-675.16,4426.73,3183.73,1243.0,,,
2017-08-14,3230.73,4869.56,-1638.83,3652.65,2033.48,1619.17,,,
2017-08-16,5399.89,6489.99,-1090.1,3569.72,2232.81,1336.91,,,
2017-08-17,3453.31,4434.36,-981.05,2764.95,1936.36,828.59,,,
2017-08-18,4784.99,6967.11,-2182.12,3699.36,3114.77,584.59,,,
2017-08-21,4236.34,6219.73,-1983.39,2929.98,2455.26,474.72,,,
2017-08-22,3415.48,4244.17,-828.69,2842.75,2407.7,435.05,,,
2017-08-23,3925.97,5083.49,-1157.52,3112.84,2183.0,929.84,,,
2017-08-24,4243.92,4940.85,-696.93,3686.43,2642.05,1044.38,,,
2017-08-28,5926.89,6051.63,-124.74,2546.38,2070.12,476.26,,,
2017-08-29,4264.09,5723.73,-1459.64,2985.42,1594.09,1391.33,,,
2017-08-30,4169.51,4181.97,-12.46,2238.99,1948.21,290.78,,,
2017-08-31,8381.82,8304.24,77.58,4406.12,3896.41,509.71,,,
2017-09-01,2183.14,2508.24,-325.1,1919.83,1823.01,96.82,,,
2017-09-02,4782.57,4425.94,356.63,1898.95,2278.58,-379.63,,,
2017-09-03,4304.41,3816.8,487.61,2646.67,2635.69,10.98,,,
2017-09-05,4955.74,4622.87,332.87,2367.71,2350.79,16.92,,,
2017-09-06,4014.78,4115.77,-100.99,2536.55,2211.85,324.7,,,
2017-09-08,3238.44,4079.88,-841.44,2886.47,2333.3,553.17,,,
2017-09-10,2882.87,3357.98,-475.11,2585.48,2530.06,55.42,,,
2017-09-11,5653.62,6367.37,-713.75,3444.24,3212.99,231.25,,,
2017-09-13,3695.52,4522.29,-826.77,3379.36,2653.46,725.9,,,
2017-09-14,3693.01,5027.24,-1334.23,3604.18,2810.87,793.31,,,
2017-09-15,11764.47,11345.61,418.86,3049.33,2923.78,125.55,,,
2017-09-18,3383.14,3480.06,-96.92,3443.44,2667.83,775.61,,,
2017-09-19,2984.38,4704.0,-1719.62,3602.27,3679.95,-77.68,,,
2017-09-20,6115.16,7300.6,-1185.44,3088.33,2142.1,946.23,,,
2017-09-21,4776.11,5981.06,-1204.95,3754.57,2338.02,1416.55,,,
2017-09-22,4528.7,5770.43,-1241.73,4204.67,3683.5,521.17,,,
2017-09-25,5502.66,6752.11,-1249.45,4502.22,3492.24,1009.98,,,
2017-09-26,3556.76,5472.3,-1915.54,4433.83,2896.73,1537.1,,,
2017-09-27,5383.36,6239.64,-856.28,4231.83,2373.54,1858.29,,,
2017-09-28,7171.4,12499.86,-5328.46,9521.63,4325.03,5196.6,,,
2017-09-29,4905.51,6452.37,-1546.86,4959.5,2894.87,2064.63,,,
2017-10-01,3569.04,3590.24,-21.2,2458.26,2204.9,253.36,,,
2017-10-02,4927.71,4423.2,504.51,2493.61,2718.37,-224.76,,,
2017-10-03,4622.04,4209.9,412.14,2505.54,2519.45,-13.91,,,
2017-10-04,3747.19,4463.38,-716.19,2856.64,2654.95,201.69,,,
2017-10-05,4631.97,3738.61,893.36,2359.75,2589.48,-229.73,,,
2017-10-07,2286.09,2183.82,102.27,2416.15,1521.58,894.57,,,
2017-10-08,4384.52,5555.73,-1171.21,4085.04,3263.32,821.72,,,
2017-10-10,3518.19,4023.01,-504.82,3045.65,2643.5,402.15,,,
2017-10-11,4690.07,5219.29,-529.22,5467.58,3546.71,1920.87,,,
2017-10-13,5348.89,7047.39,-1698.5,4722.6,3132.47,1590.13,,,
2017-10-16,5286.91,5316.83,-29.92,3215.99,2943.3,272.69,,,
2017-10-17,4373.7,4858.62,-484.92,3386.69,2577.66,809.03,,,
2017-10-18,4936.95,6188.11,-1251.16,4054.52,3150.25,904.27,,,
2017-10-19,15.36,59.1,-43.74,44.16,3.38,40.78,,,
2017-10-23,6646.46,6727.97,-81.51,3080.52,2772.68,307.84,,,
2017-10-24,4033.61,5340.37,-1306.76,3666.45,3074.17,592.28,,,
2017-10-25,13402.22,9819.72,3582.5,7808.67,7964.38,-155.71,,,
2017-10-26,10216.36,10591.99,-375.63,6751.09,7274.63,-523.54,,,
2017-10-27,6105.99,6746.94,-640.95,4154.09,4097.52,56.57,,,
2017-10-30,4946.4,5132.44,-186.04,3773.89,3634.21,139.68,,,
2017-10-31,5991.94,6523.76,-531.82,3905.61,3308.69,596.92,,,
2017-11-01,3906.72,4534.02,-627.3,3964.24,2848.09,1116.15,,,
2017-11-04,4659.06,5409.58,-750.52,3587.51,2760.85,826.66,,,
2017-11-05,5025.81,3719.1,1306.71,2585.8,3622.98,-1037.18,,,
2017-11-07,5716.84,5534.79,182.05,3394.66,3058.91,335.75,,,
2017-11-08,4119.5,6063.36,-1943.86,5085.82,3068.98,2016.84,,,
2017-11-09,3993.31,4385.83,-392.52,3741.67,2864.3,877.37,,,
2017-11-10,5489.27,5597.22,-107.95,3469.48,3235.68,233.8,,,
2017-11-12,4881.28,5066.88,-185.6,3098.14,2989.2,108.94,,,
2017-11-13,4620.5,4854.06,-233.56,3658.98,3927.75,-268.77,,,
2017-11-14,8052.25,5475.27,2576.98,3211.77,3213.07,-1.3,,,
2017-11-15,5294.73,5676.15,-381.42,3895.02,3025.93,869.09,,,
2017-11-16,4551.77,4999.19,-447.42,3181.07,2333.62,847.45,,,
2017-11-17,6715.94,5439.32,1276.62,4377.74,2910.8,1466.94,,,
2017-11-20,4698.76,5057.5,-358.74,2858.34,2245.34,613.0,,,
2017-11-21,5995.72,6722.73,-727.01,4073.23,3247.73,825.5,,,
2017-11-22,4717.84,5159.3,-441.46,3438.83,2601.61,837.22,,,
2017-11-23,4395.98,4322.76,73.22,3101.46,2879.25,222.21,,,
2017-11-24,4327.32,4743.6,-416.28,3389.69,2962.06,427.63,,,
2017-11-27,4087.75,4512.52,-424.77,2902.5,2833.1,69.4,,,
2017-11-28,4438.78,4426.54,12.24,3890.03,4318.18,-428.15,,,
2017-11-29,4660.25,5519.52,-859.27,3805.47,3034.4,771.07,,,
2017-11-30,15964.32,17465.08,-1500.76,7397.41,6194.84,1202.57,,,
2017-12-01,3395.82,3408.59,-12.77,2224.14,2334.22,-110.08,,,
2017-12-04,4150.03,4730.73,-580.7,3342.36,2641.24,701.12,,,
2017-12-05,4759.47,3917.67,841.8,2484.04,3194.87,-710.83,,,
2017-12-06,3279.42,3448.67,-169.25,2395.15,2458.26,-63.11,,,
2017-12-07,4562.89,4201.64,361.25,2603.71,2934.29,-330.58,,,
2017-12-09,3992.62,5223.36,-1230.74,4012.24,2699.16,1313.08,,,
2017-12-10,4095.62,4763.75,-668.13,3507.55,2635.01,872.54,,,
2017-12-12,6888.97,6045.77,843.2,2633.71,3487.38,-853.67,,,
2017-12-13,5335.71,5914.36,-578.65,3493.61,3610.09,-116.48,,,
2017-12-14,4976.35,4744.18,232.17,3535.15,3909.36,-374.21,,,
2017-12-15,9250.86,10171.89,-921.03,4812.6,4177.16,635.44,,,
2017-12-18,4297.2,4728.97,-431.77,4099.72,3022.91,1076.81,,,
2017-12-19,5638.36,6046.19,-407.83,4298.37,3940.97,357.4,,,
2017-12-20,4776.52,6281.56,-1505.04,4388.5,4242.33,146.17,,,
2017-12-21,4753.35,5137.34,-383.99,4730.99,3156.69,1574.3,,,
2017-12-22,3653.46,3545.59,107.87,3783.08,3411.55,371.53,,,
2017-12-26,2029.12,2073.19,-44.07,4487.19,3942.69,544.5,,,
2017-12-27,2825.84,2653.52,172.32,3060.42,3267.1,-206.68,,,
2017-12-28,5485.87,4923.32,562.55,5561.74,6335.83,-774.09,,,
2017-12-29,3586.68,2991.64,595.04,4282.72,3821.35,461.37,,,
2018-01-01,769.77,443.86,325.91,2499.42,3799.73,-1300.31,,,
2018-01-02,7658.46,6558.68,1099.78,5001.78,5360.28,-358.5,,,
2018-01-03,5514.41,5272.56,241.85,3323.03,3326.32,-3.29,,,
2018-01-06,4460.24,4663.04,-202.8,3434.78,3096.81,337.97,,,
2018-01-08,4514.0,4609.94,-95.94,3603.37,4165.7,-562.33,,,
2018-01-10,5687.74,7529.37,-1841.63,4948.82,3143.88,1804.94,,,
2018-01-15,5146.96,5114.04,32.92,3864.42,4037.7,-173.28,,,
2018-01-16,8203.03,7509.86,693.17,4002.63,4249.01,-246.38,,,
2018-01-17,7883.29,7258.16,625.13,4688.22,4519.61,168.61,,,
2018-01-18,9014.99,7120.0,1894.99,4396.02,5053.48,-657.46,,,
2018-01-19,6104.97,5116.72,988.25,3716.09,3506.23,209.86,,,
2018-01-22,7002.31,5434.8,1567.51,3583.17,4045.04,-461.87,,,
2018-01-23,8312.42,7083.07,1229.35,6324.24,6155.21,169.03,,,
2018-01-24,7723.45,6947.03,776.42,5435.95,5629.82,-193.87,,,
2018-01-25,9091.88,8154.57,937.31,6756.82,7722.49,-965.67,,,
2018-01-29,8487.54,8195.68,291.86,4620.09,4530.01,90.08,,,
2018-01-30,6182.63,6288.19,-105.56,4636.1,4917.75,-281.65,,,
2018-01-31,7030.47,7167.1,-136.63,5822.73,4528.07,1294.66,,,
2018-02-01,3162.36,2639.62,522.74,3230.34,3165.64,64.7,,,
2018-02-02,7957.38,7007.38,950.0,4945.3,5454.08,-508.78,,,
2018-02-04,4031.89,4721.64,-689.75,2960.72,2547.56,413.16,,,
2018-02-05,6921.85,7447.78,-525.93,3152.94,2987.1,165.84,,,
2018-02-08,4264.91,4904.78,-639.87,2617.19,2957.49,-340.3,,,
2018-02-11,9069.85,9266.75,-196.9,5168.37,4315.38,852.99,,,
2018-02-14,6413.02,7141.73,-728.71,3545.62,3698.01,-152.39,,,
2018-02-15,4272.0,4512.29,-240.29,3024.47,2974.55,49.92,,,
2018-02-16,3104.56,4170.55,-1065.99,3926.11,2798.33,1127.78,,,
2018-02-19,3368.46,4264.25,-895.79,3120.87,2534.35,586.52,,,
2018-02-20,3052.98,3903.33,-850.35,4124.06,2686.82,1437.24,,,
2018-02-21,5860.21,7074.39,-1214.18,4218.31,2842.83,1375.48,,,
2018-02-22,7595.33,9930.67,-2335.34,6510.35,5450.93,1059.42,,,
2018-02-23,5344.49,5830.81,-486.32,4240.79,2726.76,1514.03,,,
2018-02-26,4274.02,5393.53,-1119.51,3899.26,2489.81,1409.45,,,
2018-02-27,4383.74,5290.6,-906.86,3609.18,2562.51,1046.67,,,
2018-02-28,8739.25,10489.77,-1750.52,4791.02,3194.13,1596.89,,,
2018-03-01,4529.24,4432.93,96.31,3081.06,3350.26,-269.2,,,
2018-03-04,5463.44,5839.95,-376.51,3329.77,2850.59,479.18,,,
2018-03-05,5677.52,5825.94,-148.42,2568.47,3147.39,-578.92,,,
2018-03-07,2959.67,4002.98,-1043.31,2457.2,2178.36,278.84,,,
2018-03-08,4737.3,4743.17,-5.87,3291.99,3204.91,87.08,,,
2018-03-09,4251.55,4272.68,-21.13,3716.84,4258.96,-542.12,,,
2018-03-10,7488.54,9038.58,-1550.04,4785.31,3382.84,1402.47,,,
2018-03-12,5273.53,4980.41,293.12,3487.98,4294.43,-806.45,,,
2018-03-13,11366.34,4337.92,7028.42,5281.93,3668.54,1613.39,,,
2018-03-14,4093.56,4352.54,-258.98,2673.68,3105.71,-432.03,,,
2018-03-15,4247.51,4952.91,-705.4,3113.11,2856.66,256.45,,,
2018-03-16,14024.67,14175.13,-150.46,4485.7,5256.23,-770.53,,,
2018-03-19,4288.03,3995.8,292.23,3966.58,4158.1,-191.52,,,
2018-03-20,4976.33,4632.17,344.16,3573.71,2842.54,731.17,,,
2018-03-21,5514.9,5416.46,98.44,3692.23,3494.45,197.78,,,
2018-03-22,5224.75,5063.64,161.11,3692.36,3282.47,409.89,,,
2018-03-23,7245.51,5617.32,1628.19,4202.8,5138.21,-935.41,,,
2018-03-26,4134.47,4875.66,-741.19,6444.07,4426.12,2017.95,,,
2018-03-27,6108.8,5045.68,1063.12,5501.54,3328.63,2172.91,,,
2018-03-28,10134.19,11324.74,-1190.55,9501.71,7541.04,1960.67,,,
2018-04-01,4624.1,4412.05,212.05,3816.57,3491.33,325.24,,,
2018-04-05,3398.5,5026.73,-1628.23,3258.17,2174.08,1084.09,,,
2018-04-06,8939.86,6585.83,2354.03,3071.28,3783.69,-712.41,,,
2018-04-07,3903.2,4187.78,-284.58,3036.89,2425.88,611.01,,,
2018-04-09,4342.64,4310.0,32.64,4889.4,4910.81,-21.41,,,
2018-04-10,5387.49,8148.12,-2760.63,6132.11,4308.52,1823.59,,,
2018-04-12,5228.96,5284.85,-55.89,2215.19,2736.57,-521.38,,,
2018-04-13,4338.0,4737.59,-399.59,3564.73,3258.68,306.05,,,
2018-04-16,3923.95,4232.08,-308.13,2998.66,3027.63,-28.97,,,
2018-04-17,4559.84,5511.23,-951.39,3232.34,2508.53,723.81,,,
2018-04-18,4064.6,4980.31,-915.71,3379.06,2509.36,869.7,,,
2018-04-19,4838.37,5463.36,-624.99,3371.41,2922.8,448.61,,,
2018-04-20,5297.51,5318.53,-21.02,4063.05,3952.04,111.01,,,
2018-04-23,4093.36,4352.44,-259.08,3299.3,2912.04,387.26,,,
2018-04-24,4356.2,5037.19,-680.99,3383.4,2874.85,508.55,,,
2018-04-25,4675.32,4980.11,-304.79,3445.94,3009.96,435.98,,,
2018-04-26,7339.31,8395.65,-1056.34,5736.47,5052.36,684.11,,,
2018-04-27,4721.89,5481.1,-759.21,3757.34,3123.63,633.71,,,
2018-04-30,3792.24,4177.71,-385.47,2180.04,1918.06,261.98,,,
2018-05-01,5811.9,5230.47,581.43,3984.73,3741.6,243.13,,,
2018-05-02,5805.68,7069.25,-1263.57,4889.79,3726.15,1163.64,,,
2018-05-03,6115.0,6481.6,-366.6,3159.68,3313.88,-154.2,,,
2018-05-04,4460.59,4568.61,-108.02,4560.79,3945.51,615.28,,,
2018-05-06,4739.58,4897.09,-157.51,3221.39,2747.06,474.33,,,
2018-05-07,3870.59,4029.96,-159.37,3386.96,3683.93,-296.97,,,
2018-05-09,5548.58,5932.25,-383.67,5098.55,4921.6,176.95,,,
2018-05-10,4867.87,8238.01,-3370.14,6434.73,4532.66,1902.07,,,
2018-05-11,4458.1,4445.76,12.34,2188.0,2809.94,-621.94,,,
2018-05-12,5062.16,5419.98,-357.82,2303.99,3095.58,-791.59,,,
2018-05-14,4734.72,4016.73,717.99,3667.73,2980.5,687.23,,,
2018-05-15,5308.14,5826.61,-518.47,5263.69,4732.36,531.33,,,
2018-05-16,4914.44,5613.66,-699.22,3395.74,3166.68,229.06,,,
2018-05-17,4825.32,5656.26,-830.94,3847.31,3418.39,428.92,,,
2018-05-18,5602.98,5769.13,-166.15,3992.82,3843.24,149.58,,,
2018-05-21,4721.22,5217.25,-496.03,4411.58,3221.02,1190.56,,,
2018-05-22,3072.35,4723.98,-1651.63,4351.03,2854.2,1496.83,,,
2018-05-23,4503.36,4814.47,-311.11,4248.94,3459.16,789.78,,,
2018-05-24,4376.04,5077.97,-701.93,4265.29,2784.78,1480.51,,,
2018-05-25,4614.27,5382.56,-768.29,3512.46,2624.7,887.76,,,
2018-05-28,3678.86,4473.92,-795.06,3958.98,2941.33,1017.65,,,
2018-05-29,3672.67,4080.0,-407.33,3559.45,2981.07,578.38,,,
2018-05-30,5273.96,6560.87,-1286.91,3518.65,3026.19,492.46,,,
2018-05-31,23055.8,23071.11,-15.31,7178.57,7444.59,-266.02,,,
2018-06-02,5873.56,8199.66,-2326.1,5594.31,3894.57,1699.74,,,
2018-06-03,5931.75,5311.67,620.08,3006.68,3741.01,-734.33,,,
2018-06-04,3926.61,4451.46,-524.85,3773.95,2468.5,1305.45,,,
2018-06-06,4024.34,4105.74,-81.4,3650.73,2938.42,712.31,,,
2018-06-07,4074.74,5042.92,-968.18,4003.43,2522.61,1480.82,,,
2018-06-08,4120.33,3871.63,248.7,3312.86,3094.22,218.64,,,
2018-06-09,5663.96,6118.96,-455.0,3428.89,2816.91,611.98,,,
2018-06-11,3753.54,4253.25,-499.71,2749.81,2631.12,118.69,,,
2018-06-12,5529.92,5457.45,72.47,2893.21,3282.99,-389.78,,,
2018-06-13,4765.75,4836.52,-70.77,4093.19,3606.41,486.78,,,
2018-06-14,4320.09,5692.93,-1372.84,3132.59,2556.4,576.19,,,
2018-06-15,9785.23,11309.97,-1524.74,4396.02,3835.01,561.01,,,
2018-06-18,3216.91,3971.34,-754.43,2970.15,2146.05,824.1,,,
2018-06-19,4416.11,5741.03,-1324.92,3327.68,2674.0,653.68,,,
2018-06-20,3898.97,6341.58,-2442.61,3487.82,2014.17,1473.65,,,
2018-06-21,6385.35,5258.6,1126.75,3398.8,2735.23,663.57,,,
2018-06-22,5105.25,6448.69,-1343.44,3955.86,2850.1,1105.76,,,
2018-06-25,4150.72,3952.04,198.68,2867.35,2953.57,-86.22,,,
2018-06-26,4820.6,5359.0,-538.4,3487.96,3249.91,238.05,,,
2018-06-27,5646.56,5579.12,67.44,3572.3,3487.99,84.31,,,
2018-06-28,7373.58,8325.09,-951.51,6089.15,5646.51,442.64,,,
2018-06-29,6538.99,6696.14,-157.15,4718.78,2455.95,2262.83,,,
2018-07-02,5874.54,6897.04,-1022.5,4011.31,3550.12,461.19,,,
2018-07-03,4879.62,5599.4,-719.78,3950.27,3540.93,409.34,,,
2018-07-05,3841.79,4477.03,-635.24,3352.64,2315.41,1037.23,,,
2018-07-06,3619.64,4145.04,-525.4,4110.87,2912.98,1197.89,,,
2018-07-08,3668.23,3353.4,314.83,2720.97,3040.87,-319.9,,,
2018-07-09,4816.7,4779.14,37.56,4623.47,3681.02,942.45,,,
2018-07-11,66.4,35.38,31.02,30.96,3.85,27.11,,,
2018-07-12,3651.38,4468.78,-817.4,3045.72,2803.16,242.56,,,
2018-07-13,4662.05,5766.7,-1104.65,4010.9,3138.9,872.0,,,
2018-07-16,3821.19,4446.87,-625.68,3167.36,3237.66,-70.3,,,
2018-07-17,4113.54,4787.53,-673.99,3410.59,2570.53,840.06,,,
2018-07-18,4642.55,4546.87,95.68,3194.59,3083.58,111.01,,,
2018-07-19,3480.53,3796.22,-315.69,2950.25,2480.23,470.02,,,
2018-07-20,4654.79,4344.52,310.27,2853.6,2904.33,-50.73,,,
2018-07-23,4410.52,4151.15,259.37,3559.53,3434.71,124.82,,,
2018-07-24,5098.19,4993.85,104.34,4434.15,3920.37,513.78,,,
2018-07-25,4087.48,5283.23,-1195.75,3366.56,3268.92,97.64,,,
2018-07-26,9455.99,7002.42,2453.57,4570.61,7286.65,-2716.04,,,
2018-07-27,4872.96,4134.91,738.05,3903.39,3497.27,406.12,,,
2018-07-30,4812.83,5046.87,-234.04,4320.87,4272.29,48.58,,,
2018-07-31,5748.95,5176.74,572.21,4209.82,4500.69,-290.87,,,
2018-08-01,5636.67,4943.84,692.83,3709.76,3916.06,-206.3,,,
2018-08-02,4395.66,6692.75,-2297.09,5670.62,3297.03,2373.59,,,
2018-08-03,5253.66,5618.46,-364.8,3950.62,3275.36,675.26,,,
2018-08-05,6013.34,6110.49,-97.15,4112.37,3189.12,923.25,,,
2018-08-06,4875.04,5097.54,-222.5,3464.66,3005.22,459.44,,,
2018-08-08,3973.77,3405.14,568.63,3013.15,2982.9,30.25,,,
2018-08-10,5414.14,7219.21,-1805.07,5153.58,3179.61,1973.97,,,
2018-08-13,3417.54,4389.4,-971.86,3472.28,3255.99,216.29,,,
2018-08-14,3867.36,4246.2,-378.84,3497.1,3105.63,391.47,,,
2018-08-16,6331.51,7156.59,-825.08,3957.73,3823.95,133.78,,,
2018-08-17,4769.07,4621.76,147.31,3014.84,2862.95,151.89,,,
2018-08-20,4067.29,4550.33,-483.04,3598.42,3005.2,593.22,,,
2018-08-21,5205.31,4951.06,254.25,3742.89,3545.02,197.87,,,
2018-08-23,6368.32,5935.11,433.21,4224.04,4082.04,142.0,,,
2018-08-24,4570.75,4646.53,-75.78,3565.61,2660.86,904.75,,,
2018-08-27,4097.72,3845.2,252.52,3953.87,2836.63,1117.24,,,
2018-08-28,4082.28,4243.33,-161.05,2962.38,3161.66,-199.28,,,
2018-08-29,3589.15,5005.02,-1415.87,4315.96,3201.6,1114.36,,,
2018-08-30,6910.26,5952.25,958.01,4704.33,6303.0,-1598.67,,,
2018-08-31,9332.0,9544.81,-212.81,4851.85,4679.93,171.92,,,
2018-09-01,4872.45,5176.39,-303.94,4017.72,3494.82,522.9,,,
2018-09-02,3563.44,4915.14,-1351.7,3151.85,2563.43,588.42,,,
2018-09-03,4514.2,3963.84,550.36,2865.87,2930.87,-65.0,,,
2018-09-04,4447.12,5748.05,-1300.93,3523.36,3164.01,359.35,,,
2018-09-05,4044.41,4748.44,-704.03,3544.17,2879.25,664.92,,,
2018-09-07,4490.76,5060.67,-569.91,2847.67,2107.28,740.39,,,
2018-09-08,3874.77,3504.09,370.68,3938.97,4024.36,-85.39,,,
2018-09-10,4610.61,5853.07,-1242.46,3956.84,2430.84,1526.0,,,
2018-09-11,6394.98,5780.84,614.14,3039.8,3377.08,-337.28,,,
2018-09-14,7369.36,6278.8,1090.56,3084.35,2969.21,115.14,,,
2018-09-17,4005.96,4112.5,-106.54,2441.9,2622.26,-180.36,,,
2018-09-18,4704.44,5848.17,-1143.73,3191.29,2926.63,264.66,,,
2018-09-19,4265.45,6450.0,-2184.55,3962.55,2761.25,1201.3,,,
2018-09-21,15442.5,14681.8,760.7,6336.08,5839.05,497.03,,,
2018-09-24,7589.48,8113.42,-523.94,5471.0,3943.33,1527.67,,,
2018-09-25,6043.84,7275.54,-1231.7,6271.86,3987.6,2284.26,,,
2018-09-26,5867.51,6677.46,-809.95,4982.95,3427.51,1555.44,,,
2018-09-27,8870.72,8318.28,552.44,6559.62,6746.31,-186.69,,,
2018-09-28,7354.62,9054.56,-1699.94,8022.84,4766.5,3256.34,,,
2018-10-01,3796.92,4369.18,-572.26,3943.39,3343.15,600.24,,,
2018-10-04,4186.05,4871.04,-684.99,3633.18,2979.53,653.65,,,
2018-10-05,4751.89,5116.77,-364.88,3455.13,2554.44,900.69,,,
2018-10-07,5302.76,5323.49,-20.73,3496.61,3202.65,293.96,,,
2018-10-08,5411.76,5922.42,-510.66,3424.59,2966.76,457.83,,,
2018-10-09,5433.65,6275.33,-841.68,3521.5,3811.16,-289.66,,,
2018-10-10,5976.88,7072.93,-1096.05,5347.23,3454.29,1892.94,,,
2018-10-12,4041.44,3925.22,116.22,3585.42,3731.22,-145.8,,,
2018-10-15,3913.95,3846.09,67.86,2477.8,2183.02,294.78,,,
2018-10-16,3941.17,5106.8,-1165.63,3781.17,2721.73,1059.44,,,
2018-10-17,4680.64,4540.62,140.02,3547.7,3890.81,-343.11,,,
2018-10-19,6916.01,7534.27,-618.26,4225.6,4227.74,-2.14,,,
2018-10-22,4827.11,5339.02,-511.91,3775.75,3472.54,303.21,,,
2018-10-23,4996.8,5337.15,-340.35,4907.48,4791.07,116.41,,,
2018-10-24,4544.54,6591.08,-2046.54,5330.32,3456.81,1873.51,,,
2018-10-25,6666.82,8162.53,-1495.71,7810.65,7471.05,339.6,,,
2018-10-26,4230.71,5587.37,-1356.66,4220.65,2344.76,1875.89,,,
2018-10-29,4411.77,6642.56,-2230.79,5452.14,2925.24,2526.9,,,
2018-10-30,3974.81,5566.83,-1592.02,3794.23,2431.19,1363.04,,,
2018-10-31,8828.39,9022.04,-193.65,5177.01,4052.09,1124.92,,,
2018-11-01,4977.52,5601.15,-623.63,3635.6,2865.58,770.02,,,
2018-11-04,4832.1,4469.8,362.3,3249.4,3137.58,111.82,,,
2018-11-05,3911.49,4236.93,-325.44,4486.98,3323.63,1163.35,,,
2018-11-06,4017.16,5173.93,-1156.77,4192.89,3130.07,1062.82,,,
2018-11-07,4962.89,4326.62,636.27,3728.65,3713.32,15.33,,,
2018-11-09,8015.47,9469.83,-1454.36,4006.24,3256.62,749.62,,,
2018-11-10,4936.43,7805.84,-2869.41,5168.47,3280.29,1888.18,,,
2018-11-12,3763.76,6184.82,-2421.06,5183.28,2927.6,2255.68,,,
2018-11-13,3408.13,3903.08,-494.95,2681.5,2345.72,335.78,,,
2018-11-14,5516.81,5239.43,277.38,4795.18,5067.42,-272.24,,,
2018-11-15,6077.91,4034.85,2043.06,3284.61,3449.92,-165.31,,,
2018-11-16,5637.94,4793.12,844.82,3866.07,4238.31,-372.24,,,
2018-11-19,4750.06,3646.7,1103.36,2894.59,3204.85,-310.26,,,
2018-11-20,3278.92,4032.09,-753.17,2790.96,2835.02,-44.06,,,
2018-11-21,3237.55,4889.59,-1652.04,3682.97,3076.24,606.73,,,
2018-11-22,3402.36,2956.12,446.24,2294.96,2245.28,49.68,,,
2018-11-26,4756.12,4693.38,62.74,4276.96,3925.18,351.78,,,
2018-11-27,5654.3,4842.78,811.52,3370.14,3338.93,31.21,,,
2018-11-28,6286.63,5325.37,961.26,3692.76,4023.05,-330.29,,,
2018-11-29,8878.36,8054.89,823.47,7649.48,6676.17,973.31,,,
2018-11-30,12172.1,12504.72,-332.62,5015.36,3525.71,1489.65,,,
2018-12-01,5857.14,6015.3,-158.16,3264.47,2568.22,696.25,,,
2018-12-02,4344.74,5158.85,-814.11,3941.56,2598.86,1342.7,,,
2018-12-03,5309.09,4934.44,374.65,2917.61,3382.2,-464.59,,,
2018-12-04,4713.7,4344.8,368.9,3262.6,3878.41,-615.81,,,
2018-12-06,4243.13,5412.01,-1168.88,4286.05,2958.6,1327.45,,,
2018-12-07,4057.47,4800.1,-742.63,3822.12,3455.72,366.4,,,
2018-12-09,4219.56,5305.95,-1086.39,3379.78,2838.34,541.44,,,
2018-12-10,4735.26,6057.39,-1322.13,4564.8,3277.51,1287.29,,,
2018-12-11,4499.38,3667.23,832.15,2054.48,3128.32,-1073.84,,,
2018-12-12,4177.05,5476.48,-1299.43,4215.09,3093.8,1121.29,,,
2018-12-13,4932.99,4257.85,675.14,3131.57,3183.43,-51.86,,,
2018-12-14,3722.25,2860.31,861.94,2778.14,3080.66,-302.52,,,
2018-12-17,3220.76,3281.71,-60.95,2421.03,2497.87,-76.84,,,
2018-12-18,4353.14,4208.38,144.76,2618.05,2800.65,-182.6,,,
2018-12-19,5900.74,4691.53,1209.21,3730.98,4212.44,-481.46,,,
2018-12-20,3955.48,4341.92,-386.44,2905.17,2817.21,87.96,,,
2018-12-21,6527.14,6393.0,134.14,3984.76,4473.31,-488.55,,,
2018-12-24,1732.56,2309.66,-577.1,2076.76,1890.62,186.14,,,
2018-12-26,1789.74,1709.46,80.28,2872.45,3010.08,-137.63,,,
2018-12-27,5535.79,3803.88,1731.91,5731.12,6394.12,-663.0,,,
2018-12-28,2531.77,2651.37,-119.6,3190.57,1991.17,1199.4,,,
2018-12-31,1614.9,1941.77,-326.87,2300.55,1978.57,321.98,,,
2019-01-01,1665.45,1713.64,-48.19,1591.3,1448.72,142.58,,,
2019-01-02,7118.42,5802.53,1315.89,4024.98,4030.05,-5.07,,,
2019-01-03,9442.25,9243.87,198.38,3650.67,3533.62,117.05,,,
2019-01-04,5775.37,4876.58,898.79,3653.65,4686.46,-1032.81,,,
2019-01-07,3247.54,2821.01,426.53,2328.04,2379.03,-50.99,,,
2019-01-08,5161.29,6217.84,-1056.55,4591.19,4029.91,561.28,,,
2019-01-10,5462.42,6760.98,-1298.56,5177.01,3673.99,1503.02,,,
2019-01-11,6069.3,5535.93,533.37,3979.06,4115.56,-136.5,,,
2019-01-14,3222.69,3955.15,-732.46,3297.15,2769.66,527.49,,,
2019-01-15,4248.73,4089.13,159.6,3712.9,3295.46,417.44,,,
2019-01-16,3864.31,3954.41,-90.1,3034.98,2730.71,304.27,,,
2019-01-17,4295.51,3453.38,842.13,2510.11,3237.57,-727.46,,,
2019-01-18,3458.07,3582.98,-124.91,3281.77,3282.74,-0.97,,,
2019-01-21,3646.69,3946.48,-299.79,3316.66,2795.86,520.8,,,
2019-01-22,5308.21,5386.74,-78.53,3342.42,3426.57,-84.15,,,
2019-01-23,3787.89,4563.71,-775.82,3222.18,2638.41,583.77,,,
2019-01-24,4121.29,4215.74,-94.45,2812.58,2422.62,389.96,,,
2019-01-25,5042.36,4353.08,689.28,3118.67,3266.02,-147.35,,,
2019-01-28,6678.52,6455.08,223.44,3717.26,3624.94,92.32,,,
2019-01-29,5958.38,6312.74,-354.36,3740.77,3659.5,81.27,,,
2019-01-30,6581.86,6451.61,130.25,4715.38,4213.12,502.26,,,
2019-01-31,10962.01,7955.6,3006.41,5751.35,7385.67,-1634.32,,,
2019-02-01,2573.57,3194.63,-621.06,3075.06,3301.24,-226.18,,,
2019-02-04,5509.67,4966.31,543.36,3319.76,3757.46,-437.7,,,
2019-02-05,5759.4,5161.86,597.54,2784.07,3575.76,-791.69,,,
2019-02-07,4093.74,4605.74,-512.0,1871.9,1730.81,141.09,,,
2019-02-08,4792.82,7680.88,-2888.06,5646.16,2833.5,2812.66,,,
2019-02-12,6559.42,8290.75,-1731.33,4038.27,3284.28,753.99,,,
2019-02-13,4536.03,5212.66,-676.63,3092.68,2379.58,713.1,,,
2019-02-14,5405.02,5655.25,-250.23,3416.14,2190.9,1225.24,,,
2019-02-15,4947.3,5913.73,-966.43,4220.15,3366.9,853.25,,,
2019-02-18,6304.0,7543.79,-1239.79,4278.77,1942.03,2336.74,,,
2019-02-19,3435.8,4249.56,-813.76,2901.97,1738.12,1163.85,,,
2019-02-20,4701.54,3988.07,713.47,2561.58,2448.31,113.27,,,
2019-02-21,4872.17,4816.69,55.48,2465.24,2263.14,202.1,,,
2019-02-22,10437.99,4126.98,6311.01,3717.9,2879.02,838.88,,,
2019-02-25,7076.26,4941.91,2134.35,3363.37,5109.77,-1746.4,,,
2019-02-26,6529.61,4855.44,1674.17,3525.23,4245.5,-720.27,,,
2019-02-27,5053.89,4630.85,423.04,3795.57,3728.76,66.81,,,
2019-02-28,12892.93,9682.33,3210.6,5374.99,10615.61,-5240.62,,,
2019-03-01,3941.51,4914.32,-972.81,2835.58,2801.06,34.52,,,
2019-03-04,5387.33,6427.81,-1040.48,3538.02,3618.85,-80.83,,,
2019-03-05,4034.84,4435.52,-400.68,3476.54,3419.47,57.07,,,
2019-03-06,7752.61,4683.73,3068.88,2587.64,3050.33,-462.69,,,
2019-03-07,3330.86,3721.04,-390.18,2777.45,2489.88,287.57,,,
2019-03-09,3515.3,5531.5,-2016.2,3472.6,2221.25,1251.35,,,
2019-03-10,4762.86,5573.58,-810.72,3600.32,2737.78,862.54,,,
2019-03-12,4838.7,5969.82,-1131.12,3788.71,2824.74,963.97,,,
2019-03-13,8602.7,5880.42,2722.28,3332.87,4841.01,-1508.14,,,
2019-03-14,5645.98,4162.99,1482.99,2805.84,3623.61,-817.77,,,
2019-03-15,16119.53,11796.04,4323.49,4013.27,6143.63,-2130.36,,,
2019-03-18,5570.03,3747.04,1822.99,2988.52,4257.43,-1268.91,,,
2019-03-19,6162.01,4029.65,2132.36,2957.25,4210.92,-1253.67,,,
2019-03-20,7252.39,5480.78,1771.61,3319.03,4642.2,-1323.17,,,
2019-03-22,8149.94,6775.37,1374.57,4456.26,5131.63,-675.37,,,
2019-03-25,6510.26,6359.86,150.4,3207.21,3219.73,-12.52,,,
2019-03-26,4916.71,3917.69,999.02,3766.08,3962.78,-196.7,,,
2019-03-27,6961.1,5479.99,1481.11,3987.85,3852.93,134.92,,,
2019-03-28,10169.95,6575.44,3594.51,7066.2,9146.42,-2080.22,,,
2019-03-29,9044.62,9130.83,-86.21,7108.38,5383.99,1724.39,,,
2019-04-01,3130.6,3288.32,-157.72,2843.61,2603.01,240.6,,,
2019-04-02,3729.46,3841.59,-112.13,2644.42,2709.64,-65.22,,,
2019-04-04,5570.03,5796.22,-226.19,5014.05,3807.89,1206.16,,,
2019-04-06,4921.33,5337.41,-416.08,2338.9,2694.32,-355.42,,,
2019-04-07,3037.7,3066.65,-28.95,2811.26,2752.67,58.59,,,
2019-04-09,3759.82,5498.31,-1738.49,3623.64,2319.06,1304.58,,,
2019-04-10,4862.69,5545.62,-682.93,3757.64,3151.36,606.28,,,
2019-04-11,4625.98,4764.51,-138.53,3297.77,3798.01,-500.24,,,
2019-04-12,4828.69,5609.75,-781.06,4326.93,3422.8,904.13,,,
2019-04-15,3913.47,3200.25,713.22,3938.03,3356.67,581.36,,,
2019-04-16,5284.33,4245.75,1038.58,4563.75,4526.53,37.22,,,
2019-04-18,7699.74,6661.28,1038.46,2996.35,3333.94,-337.59,,,
2019-04-22,2606.37,2533.29,73.08,2796.39,2864.55,-68.16,,,
2019-04-23,3508.9,3746.37,-237.47,2933.64,2735.29,198.35,,,
2019-04-24,5235.16,4260.28,974.88,3181.77,3838.83,-657.06,,,
2019-04-25,10239.36,6453.63,3785.73,4542.14,8612.12,-4069.98,,,
2019-04-26,4344.39,4415.12,-70.73,4080.51,3159.63,920.88,,,
2019-04-30,8263.78,8149.19,114.59,4241.3,3511.28,730.02,,,
2019-05-02,3061.63,2640.98,420.65,2947.18,2752.87,194.31,,,
2019-05-03,5496.12,4744.2,751.92,4916.21,4335.35,580.86,,,
2019-05-04,4279.32,3481.42,797.9,3131.21,3456.79,-325.58,,,
2019-05-07,3628.39,3717.77,-89.38,4178.9,3903.27,275.63,,,
2019-05-08,4778.51,6795.24,-2016.73,4950.94,3079.67,1871.27,,,
2019-05-09,3637.65,4198.82,-561.17,3029.92,2330.61,699.31,,,
2019-05-11,5551.26,5078.09,473.17,3163.93,4757.64,-1593.71,,,
2019-05-12,4893.44,4240.08,653.36,2846.29,3256.78,-410.49,,,
2019-05-13,2972.22,4028.23,-1056.01,3847.54,2789.63,1057.91,,,
2019-05-14,4696.49,6708.34,-2011.85,5086.56,2843.65,2242.91,,,
2019-05-15,4275.63,5418.07,-1142.44,3675.01,3003.24,671.77,,,
2019-05-16,3526.95,4480.18,-953.23,3504.19,2556.19,948.0,,,
2019-05-17,4296.73,5354.55,-1057.82,4699.59,2889.83,1809.76,,,
2019-05-20,7610.68,5876.23,1734.45,5129.52,5672.23,-542.71,,,
2019-05-21,6587.6,5402.16,1185.44,3332.26,4422.58,-1090.32,,,
2019-05-22,4685.54,5650.56,-965.02,3579.28,3737.03,-157.75,,,
2019-05-23,8339.24,6987.04,1352.2,6775.56,7369.1,-593.54,,,
2019-05-24,8059.76,6033.43,2026.33,3839.67,4035.02,-195.35,,,
2019-05-27,4732.4,3517.04,1215.36,3740.3,4068.16,-327.86,,,
2019-05-28,18471.16,18972.27,-501.11,4088.07,3818.85,269.22,,,
2019-05-29,4520.66,4824.93,-304.27,2907.56,3097.14,-189.58,,,
2019-05-30,7162.17,5497.43,1664.74,4145.83,5268.43,-1122.6,,,
2019-05-31,9474.09,8797.94,676.15,3815.19,3421.1,394.09,,,
2019-06-02,4040.48,3345.51,694.97,3509.34,2984.08,525.26,,,
2019-06-03,6369.0,5238.22,1130.78,3503.63,4382.08,-878.45,,,
2019-06-05,3859.48,4808.46,-948.98,3361.38,3271.49,89.89,,,
2019-06-06,6977.43,8426.42,-1448.99,4050.97,4701.81,-650.84,,,
2019-06-08,5109.85,7217.78,-2107.93,5481.75,3192.7,2289.05,,,
2019-06-09,3317.21,4274.26,-957.05,3300.64,2093.44,1207.2,,,
2019-06-11,5903.74,4892.25,1011.49,3561.07,4678.32,-1117.25,,,
2019-06-12,3673.34,4541.0,-867.66,2965.39,2754.67,210.72,,,
2019-06-13,5023.52,4851.17,172.35,2241.17,2686.04,-444.87,,,
2019-06-14,5163.62,5402.26,-238.64,2169.48,1793.01,376.47,,,
2019-06-17,4718.81,5050.08,-331.27,4073.89,2816.03,1257.86,,,
2019-06-18,4653.19,4621.46,31.73,2855.89,2674.86,181.03,,,
2019-06-19,4603.56,4700.61,-97.05,2770.2,2875.11,-104.91,,,
2019-06-20,4463.92,4902.33,-438.41,3455.56,2214.33,1241.23,,,
2019-06-21,11105.04,11835.62,-730.58,3327.06,2881.31,445.75,,,
2019-06-24,3385.39,3178.06,207.33,3141.51,2157.08,984.43,,,
2019-06-25,4896.25,3738.38,1157.87,3154.5,2777.28,377.22,,,
2019-06-26,4267.33,4161.07,106.26,3267.69,3319.16,-51.47,,,
2019-06-27,6970.7,6971.41,-0.71,6974.82,6778.25,196.57,,,
2019-06-28,5175.39,5689.3,-513.91,3052.36,2869.96,182.4,,,
2019-07-01,4252.17,3515.99,736.18,2492.8,2634.77,-141.97,,,
2019-07-02,3330.61,2912.6,418.01,3019.57,2725.46,294.11,,,
2019-07-03,5349.39,4211.54,1137.85,3111.73,4037.19,-925.46,,,
2019-07-05,4854.6,5499.68,-645.08,3113.36,2294.52,818.84,,,
2019-07-06,3031.66,3510.5,-478.84,2489.85,2310.06,179.79,,,
2019-07-08,5240.25,5623.91,-383.66,3990.96,3459.4,531.56,,,
2019-07-10,3023.15,3517.36,-494.21,4191.17,3286.35,904.82,,,
2019-07-11,6377.16,5450.56,926.6,3818.14,4453.73,-635.59,,,
2019-07-15,3606.61,3823.05,-216.44,3171.74,2580.02,591.72,,,
2019-07-16,3709.45,4154.44,-444.99,3520.83,2883.12,637.71,,,
2019-07-17,3813.78,3830.75,-16.97,3102.24,2893.36,208.88,,,
2019-07-18,4104.11,5508.97,-1404.86,3546.87,3217.82,329.05,,,
2019-07-19,4791.13,5741.28,-950.15,3906.06,3172.14,733.92,,,
2019-07-22,3415.71,5332.62,-1916.91,4665.5,2835.6,1829.9,,,
2019-07-23,4226.12,6834.09,-2607.97,5611.42,2986.32,2625.1,,,
2019-07-24,4130.62,5524.33,-1393.71,5419.0,3278.74,2140.26,,,
2019-07-25,6135.47,6262.12,-126.65,5579.11,5180.58,398.53,,,
2019-07-26,3275.78,4779.04,-1503.26,3845.28,1927.76,1917.52,,,
2019-07-29,3439.74,4144.16,-704.42,4643.99,3292.35,1351.64,,,
2019-07-30,4523.09,5167.68,-644.59,5423.73,4344.01,1079.72,,,
2019-07-31,5935.22,7432.29,-1497.07,6486.11,4006.73,2479.38,,,
2019-08-01,3437.43,3991.21,-553.78,3343.63,2645.46,698.17,,,
2019-08-02,4434.51,3590.78,843.73,2865.18,3825.22,-960.04,,,
2019-08-03,5038.53,3943.47,1095.06,2944.86,3415.56,-470.7,,,
2019-08-04,5062.17,4732.57,329.6,2452.9,3076.71,-623.81,,,
2019-08-05,5012.0,5713.07,-701.07,3411.5,3178.55,232.95,,,
2019-08-07,3625.47,4027.46,-401.99,4054.9,3733.77,321.13,,,
2019-08-08,5428.61,5866.0,-437.39,4192.61,3901.32,291.29,,,
2019-08-11,6432.37,5500.17,932.2,3840.39,4424.87,-584.48,,,
2019-08-13,5741.91,6380.19,-638.28,4796.22,4594.69,201.53,,,
2019-08-14,6859.68,5245.05,1614.63,4385.7,2765.88,1619.82,,,
2019-08-16,5789.77,7129.04,-1339.27,3201.58,2143.3,1058.28,,,
2019-08-19,3227.61,3533.35,-305.74,2336.2,1949.97,386.23,,,
2019-08-20,5626.28,5253.05,373.23,2814.78,2518.37,296.41,,,
2019-08-21,3833.65,4604.46,-770.81,3475.42,3121.45,353.97,,,
2019-08-22,5345.72,6248.71,-902.99,4967.25,3248.18,1719.07,,,
2019-08-23,4365.18,6102.38,-1737.2,4150.62,2602.13,1548.49,,,
2019-08-26,4084.78,4837.68,-752.9,4729.02,3456.73,1272.29,,,
2019-08-27,13433.32,14357.26,-923.94,5888.07,4725.42,1162.65,,,
2019-08-28,3761.05,4696.32,-935.27,3166.1,2806.78,359.32,,,
2019-08-29,3870.93,4857.51,-986.58,5291.34,4802.11,489.23,,,
2019-08-30,7343.93,6180.98,1162.95,4580.74,3078.47,1502.27,,,
2019-09-01,4410.43,4134.29,276.14,3658.89,3219.22,439.67,,,
2019-09-04,4784.29,3571.94,1212.35,2700.06,3388.71,-688.65,,,
2019-09-05,5088.03,5743.39,-655.36,3159.88,2481.97,677.91,,,
2019-09-07,4334.19,5008.45,-674.26,4545.33,3834.42,710.91,,,
2019-09-08,4734.7,4530.97,203.73,4568.72,3961.8,606.92,,,
2019-09-09,2828.35,3016.43,-188.08,3104.19,2417.72,686.47,,,
2019-09-10,5513.36,5998.6,-485.24,3771.36,2815.1,956.26,,,
2019-09-12,4185.86,3726.64,459.22,2296.07,2221.14,74.93,,,
2019-09-13,3141.44,3546.89,-405.45,2977.32,2767.76,209.56,,,
2019-09-16,4067.62,4818.88,-751.26,2501.95,2193.39,308.56,,,
2019-09-17,4271.41,5079.7,-808.29,3141.11,3055.35,85.76,,,
2019-09-18,2814.12,3773.21,-959.09,2879.19,2098.74,780.45,,,
2019-09-19,2510.71,3403.23,-892.52,3092.89,2447.17,645.72,,,
2019-09-20,17032.28,16996.5,35.78,11174.91,8173.59,3001.32,,,
2019-09-23,11057.79,8373.74,2684.05,10074.6,9782.65,291.95,,,
2019-09-24,5340.81,6169.3,-828.49,5150.44,4677.63,472.81,,,
2019-09-25,6997.31,7339.71,-342.4,3888.78,4651.26,-762.48,,,
2019-09-26,9934.75,9197.58,737.17,7486.66,7147.38,339.28,,,
2019-09-27,3941.44,4155.04,-213.6,3428.17,2969.49,458.68,,,
2019-09-30,5662.31,6131.71,-469.4,5315.0,4810.31,504.69,,,
2019-10-01,4018.48,4363.06,-344.58,3390.9,3379.92,10.98,,,
2019-10-04,6433.94,5004.02,1429.92,3174.13,2712.84,461.29,,,
2019-10-05,3449.3,4694.44,-1245.14,3812.31,2754.89,1057.42,,,
2019-10-06,3738.65,3522.45,216.2,2245.43,2074.81,170.62,,,
2019-10-07,3853.73,4458.67,-604.94,3499.57,2832.17,667.4,,,
2019-10-10,4763.46,5026.57,-263.11,4043.14,3540.47,502.67,,,
2019-10-12,4072.56,4439.35,-366.79,2696.96,2358.56,338.4,,,
2019-10-14,4916.46,4020.83,895.63,3562.06,3987.21,-425.15,,,
2019-10-15,6473.7,6037.68,436.02,4104.19,3174.8,929.39,,,
2019-10-16,5765.06,5078.73,686.33,5078.73,3473.28,1605.45,,,
2019-10-17,5659.99,4501.36,1158.63,3702.38,4214.14,-511.76,,,
2019-10-18,5423.72,5387.16,36.56,5071.17,4484.29,586.88,,,
2019-10-22,7878.6,8436.1,-557.5,5136.52,6121.99,-985.47,,,
2019-10-23,5182.47,5395.7,-213.23,3961.03,4098.41,-137.38,,,
2019-10-24,5885.49,5958.36,-72.87,3837.33,4576.08,-738.75,,,
2019-10-25,5370.33,5805.75,-435.42,4351.14,3910.98,440.16,,,
2019-10-27,31.73,25.12,6.61,60.91,6.52,54.39,,,
2019-10-29,8011.44,7134.8,876.64,4972.25,4827.5,144.75,,,
2019-10-30,12523.06,5330.64,7192.42,4164.15,4350.02,-185.87,,,
2019-10-31,9004.58,7133.71,1870.87,4886.64,5537.37,-650.73,,,
2019-11-01,3195.08,3882.28,-687.2,3810.21,3687.04,123.17,,,
2019-11-02,3981.86,4106.91,-125.05,3027.08,3259.63,-232.55,,,
2019-11-03,8163.17,4352.57,3810.6,3317.7,5273.25,-1955.55,,,
2019-11-04,4679.16,4202.65,476.51,2879.46,2896.04,-16.58,,,
2019-11-06,4317.71,4221.92,95.79,2224.14,2375.15,-151.01,,,
2019-11-07,3177.83,3494.69,-316.86,3593.95,2874.21,719.74,,,
2019-11-09,5406.02,5139.13,266.89,4444.73,3312.31,1132.42,,,
2019-11-10,5721.61,4971.87,749.74,3607.44,4310.46,-703.02,,,
2019-11-11,4072.17,3407.97,664.2,2890.91,3135.97,-245.06,,,
2019-11-12,5022.53,4417.12,605.41,3421.44,3181.57,239.87,,,
2019-11-13,7160.19,6575.27,584.92,3368.95,4258.98,-890.03,,,
2019-11-14,5100.87,5662.92,-562.05,3863.52,3780.78,82.74,,,
2019-11-15,5113.19,6121.56,-1008.37,4339.31,3801.57,537.74,,,
2019-11-18,4375.8,4646.46,-270.66,3338.82,3029.37,309.45,,,
2019-11-19,7785.13,8700.5,-915.37,4310.87,4048.52,262.35,,,
2019-11-20,5840.2,5273.68,566.52,4850.66,4667.25,183.41,,,
2019-11-21,10556.67,5533.13,5023.54,3347.32,3595.06,-247.74,,,
2019-11-22,5138.86,4833.14,305.72,2838.11,3015.48,-177.37,,,
2019-11-25,5257.86,4296.96,960.9,3378.86,3592.52,-213.66,,,
2019-11-26,39885.28,35207.53,4677.75,5501.94,9743.95,-4242.01,,,
2019-11-27,4526.38,4483.45,42.93,3999.3,3559.79,439.51,,,
2019-11-28,5250.85,4241.96,1008.89,4132.0,4287.47,-155.47,,,
2019-11-29,4769.15,6661.44,-1892.29,4407.04,3453.42,953.62,,,
2019-12-02,4020.15,4486.93,-466.78,2441.11,2563.75,-122.64,,,
2019-12-03,8613.9,6136.18,2477.72,4184.73,5175.21,-990.48,,,
2019-12-04,3985.73,3088.28,897.45,3157.49,3173.48,-15.99,,,
2019-12-06,3545.92,4596.35,-1050.43,2216.85,1945.7,271.15,,,
2019-12-07,4810.46,5660.57,-850.11,4066.91,3126.79,940.12,,,
2019-12-09,4524.38,3740.83,783.55,2786.99,2913.81,-126.82,,,
2019-12-12,4480.31,5164.14,-683.83,3474.22,2663.99,810.23,,,
2019-12-13,4632.38,4516.68,115.7,3954.84,3569.92,384.92,,,
2019-12-16,5349.12,4620.99,728.13,1988.37,2784.75,-796.38,,,
2019-12-17,7896.28,6647.81,1248.47,3038.74,3946.9,-908.16,,,
2019-12-18,7710.44,5873.63,1836.81,3154.92,4422.49,-1267.57,,,
2019-12-19,5315.81,4576.38,739.43,2535.44,3029.39,-493.95,,,
2019-12-20,9729.14,9390.28,338.86,4412.85,4698.26,-285.41,,,
2019-12-23,4673.51,3210.23,1463.28,2421.51,4368.87,-1947.36,,,
2019-12-24,1935.51,2049.89,-114.38,1920.41,2265.63,-345.22,,,
2019-12-26,1823.17,2327.3,-504.13,3442.9,3322.44,120.46,,,
2019-12-27,2762.85,2681.48,81.37,2587.53,2461.76,125.77,,,
2019-12-30,2592.08,2722.6,-130.52,2734.01,2532.69,201.32,,,
2019-12-31,2202.96,3468.06,-1265.1,3697.29,3112.22,585.07,,,
2020-01-01,340.21,399.08,-58.87,1688.37,1479.9,208.47,,,
2020-01-02,1049.2,2248.73,-1199.53,4513.02,4476.38,36.64,,,
2020-01-04,5581.89,6698.68,-1116.79,2772.09,3222.45,-450.36,,,
2020-01-06,7015.34,5439.88,1575.46,4890.67,5349.92,-459.25,,,
2020-01-07,3629.77,5326.22,-1696.45,3669.48,2292.35,1377.13,,,
2020-01-09,7444.55,6958.46,486.09,3436.41,4211.64,-775.23,,,
2020-01-10,4708.03,3075.78,1632.25,3277.14,3017.68,259.46,,,
2020-01-12,11337.25,8095.25,3242.0,3644.5,4687.71,-1043.21,,,
2020-01-13,4881.89,4761.1,120.79,595.5,1724.39,-1128.89,,,
2020-01-14,4880.95,5086.51,-205.56,3934.36,4576.83,-642.47,,,
2020-01-15,6026.82,5747.29,279.53,3897.86,4546.2,-648.34,,,
2020-01-16,4758.32,5153.56,-395.24,3686.43,3871.08,-184.65,,,
2020-01-17,6609.58,6345.32,264.26,3615.43,4115.6,-500.17,,,
2020-01-20,5050.19,5044.32,5.87,3332.28,4752.13,-1419.85,,,
2020-01-21,6095.57,6145.65,-50.08,3255.07,3562.88,-307.81,,,
2020-01-22,5254.68,5431.11,-176.43,4286.22,4612.44,-326.22,,,
2020-01-23,7969.55,6617.42,1352.13,6729.56,7714.12,-984.56,,,
2020-01-24,4884.53,4225.42,659.11,3748.79,3330.83,417.96,,,
2020-01-27,3025.73,3464.58,-438.85,3451.63,3441.12,10.51,,,
2020-01-28,4871.86,6229.42,-1357.56,4857.64,4145.94,711.7,,,
2020-01-29,5012.44,6026.71,-1014.27,4662.96,3142.06,1520.9,,,
2020-01-30,4674.24,5636.52,-962.28,3748.39,3456.04,292.35,,,
2020-01-31,5142.69,9321.81,-4179.12,7024.62,3208.18,3816.44,,,
2020-02-01,2670.78,1982.02,688.76,3490.16,3426.21,63.95,,,
2020-02-03,6376.11,7730.83,-1354.72,5097.47,3958.73,1138.74,,,
2020-02-06,12157.07,4658.78,7498.29,5065.9,4624.85,441.05,,,
2020-02-07,4054.33,4611.05,-556.72,5134.57,4225.93,908.64,,,
2020-02-09,6640.39,5649.82,990.57,3157.15,3814.63,-657.48,,,
2020-02-11,6824.79,6084.18,740.61,3816.19,4350.16,-533.97,,,
2020-02-12,9295.46,8938.11,357.35,3377.19,5013.16,-1635.97,,,
2020-02-13,5501.59,4440.2,1061.39,2951.69,3912.17,-960.48,,,
2020-02-14,4271.61,4976.53,-704.92,4037.42,3817.88,219.54,,,
2020-02-17,3406.75,3780.81,-374.06,3294.42,3448.67,-154.25,,,
2020-02-18,5132.62,5207.01,-74.39,4360.84,4670.27,-309.43,,,
2020-02-19,4806.74,4997.4,-190.66,3123.58,2533.46,590.12,,,
2020-02-20,7632.11,6136.86,1495.25,3768.28,4467.9,-699.62,,,
2020-02-24,5969.32,7130.22,-1160.9,4171.7,3655.49,516.21,,,
2020-02-25,5356.93,7672.0,-2315.07,4386.78,2821.5,1565.28,,,
2020-02-26,5821.6,9158.2,-3336.6,6635.51,3849.84,2785.67,,,
2020-02-27,5548.34,8675.7,-3127.36,6695.91,3198.41,3497.5,,,
2020-02-28,14161.82,15590.56,-1428.74,11757.09,4135.93,7621.16,,,
2020-03-01,4514.35,3251.3,1263.05,2750.87,3780.07,-1029.2,,,
2020-03-02,5834.38,7034.65,-1200.27,5825.21,4538.58,1286.63,,,
2020-03-03,5679.09,8094.89,-2415.8,6177.35,3042.11,3135.24,,,
2020-03-04,7596.78,9557.75,-1960.97,3568.24,3341.69,226.55,,,
2020-03-06,9979.47,8128.35,1851.12,4633.07,5414.86,-781.79,,,
2020-03-07,3325.35,2468.06,857.29,3094.36,3426.32,-331.96,,,
2020-03-08,13299.91,5481.42,7818.49,4719.84,4855.39,-135.55,,,
2020-03-09,5127.27,5119.55,7.72,3301.57,3181.49,120.08,,,
2020-03-11,8481.57,6207.17,2274.4,4316.48,5417.4,-1100.92,,,
2020-03-12,14473.15,10835.73,3637.42,4693.02,6132.76,-1439.74,,,
2020-03-13,8336.42,14364.0,-6027.58,13264.47,7396.57,5867.9,,,
2020-03-16,6908.97,10718.9,-3809.93,8198.16,5583.62,2614.54,,,
2020-03-17,6655.46,10700.15,-4044.69,7632.05,4209.93,3422.12,,,
2020-03-18,6853.17,11938.52,-5085.35,11245.21,7608.77,3636.44,,,
2020-03-19,6766.44,11389.37,-4622.93,8692.51,4325.08,4367.43,,,
2020-03-20,9550.97,12896.92,-3345.95,8229.44,5798.2,2431.24,,,
2020-03-23,5701.63,8690.92,-2989.29,6897.22,5814.98,1082.24,,,
2020-03-24,7407.77,9561.12,-2153.35,5860.39,4306.73,1553.66,,,
2020-03-25,9310.2,11203.56,-1893.36,5303.16,4565.18,737.98,,,
2020-03-26,9423.25,9908.03,-484.78,4961.44,5731.37,-769.93,,,
2020-03-27,8999.97,8644.19,355.78,5594.3,3890.58,1703.72,,,
2020-03-30,4726.47,9090.08,-4363.61,6314.21,2763.88,3550.33,,,
2020-03-31,6295.4,9340.34,-3044.94,6955.41,3379.18,3576.23,,,
2020-04-02,7504.47,7138.26,366.21,4216.53,3614.67,601.86,,,
2020-04-03,8228.73,9107.11,-878.38,5859.55,5095.42,764.13,,,
2020-04-05,5482.19,6856.17,-1373.98,3756.63,5418.24,-1661.61,,,
2020-04-06,8506.04,5601.0,2905.04,3622.8,4470.11,-847.31,,,
2020-04-08,5426.42,4722.68,703.74,3650.09,4315.78,-665.69,,,
2020-04-09,4931.66,6820.44,-1888.78,3784.71,4241.59,-456.88,,,
2020-04-11,6302.82,6156.6,146.22,4428.91,4437.04,-8.13,,,
2020-04-12,9863.79,6894.2,2969.59,4062.46,6034.06,-1971.6,,,
2020-04-13,3908.16,5151.9,-1243.74,2986.36,4083.25,-1096.89,,,
2020-04-15,14199.31,12840.0,1359.31,4671.97,5769.83,-1097.86,,,
2020-04-16,6779.21,9699.57,-2920.36,4655.41,3333.97,1321.44,,,
2020-04-17,7494.64,8886.62,-1391.98,4145.97,3611.73,534.24,,,
2020-04-20,5817.14,6083.03,-265.89,3448.46,4237.33,-788.87,,,
2020-04-21,3997.53,6092.76,-2095.23,4285.48,4353.94,-68.46,,,
2020-04-22,5441.64,6767.73,-1326.09,4352.95,3489.13,863.82,,,
2020-04-23,6171.82,6286.4,-114.58,3828.87,3490.6,338.27,,,
2020-04-24,5668.62,5875.91,-207.29,3903.74,4897.72,-993.98,,,
2020-04-27,3888.01,4804.43,-916.42,4502.75,3360.78,1141.97,,,
2020-04-28,4877.7,4999.85,-122.15,4249.74,3860.74,389.0,,,
2020-04-29,5733.65,5011.57,722.08,5011.57,4225.17,786.4,,,
2020-04-30,8792.04,6823.24,1968.8,5919.28,5340.25,579.03,,,
2020-05-02,7151.42,6902.48,248.94,5142.23,4879.48,262.75,,,
2020-05-03,5980.14,8456.89,-2476.75,5056.28,2545.39,2510.89,,,
2020-05-05,4813.92,5137.78,-323.86,936.35,994.56,-58.21,,,
2020-05-06,4585.79,4488.18,97.61,3539.03,3491.74,47.29,,,
2020-05-08,5976.57,6036.75,-60.18,3055.35,3481.33,-425.98,,,
2020-05-10,5685.56,5448.85,236.71,2779.65,3251.21,-471.56,,,
2020-05-11,9962.68,4594.37,5368.31,3588.71,5796.89,-2208.18,,,
2020-05-13,6192.1,6475.53,-283.43,4847.22,4614.57,232.65,,,
2020-05-14,4655.18,6807.7,-2152.52,4146.16,3343.8,802.36,,,
2020-05-15,3905.69,6293.73,-2388.04,3501.57,2276.04,1225.53,,,
2020-05-18,4648.07,7160.89,-2512.82,4381.64,4534.06,-152.42,,,
2020-05-19,13613.73,14942.04,-1328.31,4362.13,2702.39,1659.74,,,
2020-05-20,4522.3,5988.82,-1466.52,4855.06,2481.87,2373.19,,,
2020-05-21,6102.7,6361.43,-258.73,3602.92,3201.14,401.78,,,
2020-05-22,4404.88,5758.78,-1353.9,4164.03,4508.19,-344.16,,,
2020-05-26,11849.98,7133.85,4716.13,6700.02,3858.93,2841.09,,,
2020-05-27,6191.51,6526.25,-334.74,5684.69,3275.84,2408.85,,,
2020-05-28,8584.41,6230.27,2354.14,5044.02,4899.19,144.83,,,
2020-05-29,25389.42,23928.71,1460.71,8144.45,7177.02,967.43,,,
2020-06-01,3732.0,3835.84,-103.84,3778.78,3802.48,-23.7,,,
2020-06-02,6251.69,6812.05,-560.36,4545.19,4241.18,304.01,,,
2020-06-03,6745.54,10340.38,-3594.84,6861.39,4317.61,2543.78,,,
2020-06-05,4544.82,5038.5,-493.68,3811.57,3489.1,322.47,,,
2020-06-07,4111.43,3763.08,348.35,4205.92,3942.45,263.47,,,
2020-06-08,5578.69,4941.26,637.43,3042.83,3510.83,-468.0,,,
2020-06-10,6072.97,4971.21,1101.76,3076.87,4011.71,-934.84,,,
2020-06-11,9450.25,4580.38,4869.87,2950.98,5889.64,-2938.66,,,
2020-06-15,3247.57,6207.9,-2960.33,3826.07,2749.69,1076.38,,,
2020-06-16,4608.09,6086.61,-1478.52,4742.48,3580.97,1161.51,,,
2020-06-17,4910.75,5397.37,-486.62,3759.97,3591.92,168.05,,,
2020-06-18,4918.0,4551.43,366.57,3671.35,2540.08,1131.27,,,
2020-06-19,14764.29,13527.29,1237.0,6511.56,7392.22,-880.66,,,
2020-06-22,5467.93,5043.72,424.21,4781.76,6069.45,-1287.69,,,
2020-06-23,23234.73,23065.77,168.96,4753.26,4298.78,454.48,,,
2020-06-24,8721.09,6954.19,1766.9,4527.64,6052.54,-1524.9,,,
2020-06-25,5716.86,6767.47,-1050.61,7786.25,8041.84,-255.59,,,
2020-06-26,4220.4,4973.58,-753.18,4763.5,3459.32,1304.18,,,
2020-06-29,3964.64,5901.7,-1937.06,4337.18,3301.05,1036.13,,,
2020-06-30,4796.39,6796.47,-2000.08,5247.06,3195.75,2051.31,,,
2020-07-01,3911.17,4593.4,-682.23,4205.16,3893.97,311.19,,,
2020-07-02,5048.96,4887.03,161.93,3936.37,4114.96,-178.59,,,
2020-07-04,10341.45,9599.68,741.77,5156.45,4733.94,422.51,,,
2020-07-05,23369.82,4313.33,19056.49,7050.9,3232.49,3818.41,,,
2020-07-07,6580.15,5750.25,829.9,3512.24,4296.71,-784.47,,,
2020-07-08,6034.73,5637.41,397.32,3442.99,3881.61,-438.62,,,
2020-07-09,3496.26,3503.19,-6.93,2987.83,3803.65,-815.82,,,
2020-07-10,6044.21,4950.4,1093.81,2970.15,4099.64,-1129.49,,,
2020-07-12,8796.14,5004.08,3792.06,4287.14,7054.23,-2767.09,,,
2020-07-13,3730.71,3508.95,221.76,2803.89,4289.48,-1485.59,,,
2020-07-14,3557.86,5123.48,-1565.62,3536.39,4186.09,-649.7,,,
2020-07-15,4579.58,4801.28,-221.7,4198.17,5097.54,-899.37,,,
2020-07-16,4489.16,5580.24,-1091.08,5544.6,3884.69,1659.91,,,
2020-07-17,5202.81,4505.73,697.08,4072.47,4281.89,-209.42,,,
2020-07-20,4960.3,3250.33,1709.97,3306.19,4828.18,-1521.99,,,
2020-07-21,8209.13,5943.25,2265.88,3465.53,4192.92,-727.39,,,
2020-07-22,6908.58,5243.01,1665.57,3694.53,4833.36,-1138.83,,,
2020-07-23,5509.38,3768.88,1740.5,3825.47,4757.38,-931.91,,,
2020-07-24,5776.01,5366.13,409.88,4079.67,5082.65,-1002.98,,,
2020-07-27,4090.97,4544.28,-453.31,3560.65,4538.53,-977.88,,,
2020-07-28,5836.36,5590.41,245.95,3990.8,5008.2,-1017.4,,,
2020-07-29,5725.05,6077.67,-352.62,4301.09,4806.71,-505.62,,,
2020-07-30,6462.05,6254.75,207.3,5558.41,5945.65,-387.24,,,
2020-07-31,4283.29,5241.93,-958.64,4447.93,4005.2,442.73,,,
2020-08-01,4109.04,4624.89,-515.85,5162.02,4413.62,748.4,,,
2020-08-04,8916.39,6972.98,1943.41,3471.38,5229.17,-1757.79,,,
2020-08-05,6091.97,4367.26,1724.71,3416.61,4919.75,-1503.14,,,
2020-08-06,6081.97,5268.7,813.27,4212.26,5450.49,-1238.23,,,
2020-08-07,5473.24,6468.11,-994.87,3721.81,4575.22,-853.41,,,
2020-08-09,3659.41,4715.93,-1056.52,4162.36,3542.07,620.29,,,
2020-08-10,6586.24,5607.87,978.37,4992.59,4972.74,19.85,,,
2020-08-12,8473.34,5563.74,2909.6,3912.38,6553.31,-2640.93,,,
2020-08-13,4569.17,4152.89,416.28,3693.86,4457.4,-763.54,,,
2020-08-14,5184.05,5137.66,46.39,3255.49,4052.57,-797.08,,,
2020-08-17,3828.93,3496.03,332.9,2766.3,3483.92,-717.62,,,
2020-08-18,5409.49,4274.92,1134.57,2893.29,3272.67,-379.38,,,
2020-08-19,4934.93,4475.92,459.01,3595.59,3692.72,-97.13,,,
2020-08-20,4680.39,4948.85,-268.46,3438.24,4110.47,-672.23,,,
2020-08-21,3975.11,3564.95,410.16,4277.43,4528.08,-250.65,,,
2020-08-24,4444.08,4225.01,219.07,3344.75,3680.39,-335.64,,,
2020-08-25,5640.95,4159.75,1481.2,3913.03,4086.0,-172.97,,,
2020-08-26,6857.48,5276.17,1581.31,3785.61,4980.23,-1194.62,,,
2020-08-27,6625.39,5461.07,1164.32,3339.96,4149.23,-809.27,,,
2020-08-28,6618.88,5614.77,1004.11,5341.4,5884.96,-543.56,,,
2020-08-31,16290.34,19685.83,-3395.49,5760.96,5080.08,680.88,,,
2020-09-01,4716.4,5147.51,-431.11,5020.49,4601.27,419.22,,,
2020-09-03,6076.45,12672.01,-6595.56,9971.24,4996.44,4974.8,,,
2020-09-04,7277.03,5539.41,1737.62,4135.32,4601.34,-466.02,,,
2020-09-06,6502.25,6011.44,490.81,4043.52,4776.85,-733.33,,,
2020-09-07,4516.59,4303.82,212.77,2872.1,3675.49,-803.39,,,
2020-09-09,5079.82,6038.91,-959.09,3974.56,4238.53,-263.97,,,
2020-09-10,6284.33,6323.72,-39.39,4154.21,4027.6,126.61,,,
2020-09-11,9163.22,4614.83,4548.39,3030.65,6066.96,-3036.31,,,
2020-09-12,9574.48,6010.25,3564.23,3834.91,6328.01,-2493.1,,,
2020-09-14,6172.11,5873.89,298.22,5851.26,5971.61,-120.35,,,
2020-09-15,5391.77,4220.88,1170.89,3922.08,4817.71,-895.63,,,
2020-09-16,4980.88,4716.22,264.66,4259.67,4471.88,-212.21,,,
2020-09-17,4580.45,4830.27,-249.82,3883.84,4951.67,-1067.83,,,
2020-09-18,19932.3,19727.15,205.15,6248.89,6349.72,-100.83,,,
2020-09-21,5230.5,5770.31,-539.81,4333.23,4851.18,-517.95,,,
2020-09-22,3805.95,5878.71,-2072.76,4963.84,4084.93,878.91,,,
2020-09-23,4190.07,8102.51,-3912.44,5186.24,3557.01,1629.23,,,
2020-09-24,6301.62,8187.31,-1885.69,7839.03,7650.39,188.64,,,
2020-09-25,4383.11,6463.32,-2080.21,4210.84,2140.21,2070.63,,,
2020-09-28,4414.51,4441.49,-26.98,3041.27,2498.93,542.34,,,
2020-09-29,4346.69,5803.35,-1456.66,3244.85,2668.35,576.5,,,
2020-09-30,5725.27,6437.75,-712.48,3010.51,2601.04,409.47,,,
2020-10-01,4679.66,4101.38,578.28,4438.75,4690.49,-251.74,,,
2020-10-02,4665.04,4849.62,-184.58,2866.79,3602.58,-735.79,,,
2020-10-06,4432.22,5351.48,-919.26,3179.77,2679.07,500.7,,,
2020-10-07,2489.45,3520.45,-1031.0,2777.56,3208.77,-431.21,,,
2020-10-08,4892.69,4589.81,302.88,3963.32,4468.24,-504.92,,,
2020-10-09,5897.92,5059.55,838.37,3224.77,3542.07,-317.3,,,
2020-10-11,14188.59,8561.27,5627.32,6626.38,8935.57,-2309.19,,,
2020-10-12,7663.53,5403.55,2259.98,3390.71,5665.93,-2275.22,,,
2020-10-13,5797.32,4965.18,832.14,3029.17,4703.63,-1674.46,,,
2020-10-14,7151.46,6329.6,821.86,2962.67,4238.81,-1276.14,,,
2020-10-15,6544.15,7148.22,-604.07,3251.11,4059.4,-808.29,,,
2020-10-16,4605.47,5085.06,-479.59,2545.89,2975.7,-429.81,,,
2020-10-19,5994.22,4337.44,1656.78,3278.52,4900.25,-1621.73,,,
2020-10-20,6335.73,4750.66,1585.07,2928.16,4561.39,-1633.23,,,
2020-10-21,8448.11,6339.63,2108.48,3951.48,5585.01,-1633.53,,,
2020-10-22,8325.73,7207.27,1118.46,3207.37,5227.24,-2019.87,,,
2020-10-23,6024.92,5117.99,906.93,3705.8,4597.66,-891.86,,,
2020-10-26,5323.21,5442.63,-119.42,3112.15,4091.31,-979.16,,,
2020-10-27,11020.94,7506.05,3514.89,4310.08,5880.88,-1570.8,,,
2020-10-28,7833.41,8964.39,-1130.98,3843.24,3841.76,1.48,,,
2020-10-29,5606.53,6027.48,-420.95,3325.98,3579.39,-253.41,,,
2020-10-30,6329.42,7200.3,-870.88,2694.06,2062.95,631.11,,,
2020-11-02,4705.54,4914.93,-209.39,3819.48,3474.85,344.63,,,
2020-11-03,9721.28,13236.66,-3515.38,7345.59,4510.13,2835.46,,,
2020-11-05,5383.01,4848.14,534.87,3799.19,4620.79,-821.6,,,
2020-11-06,3805.18,4610.32,-805.14,3027.31,3901.66,-874.35,,,
2020-11-08,6227.7,5214.04,1013.66,2759.01,4174.55,-1415.54,,,
2020-11-09,5468.87,4293.06,1175.81,3004.57,3728.88,-724.31,,,
2020-11-11,14549.31,8342.12,6207.19,4578.17,8042.03,-3463.86,,,
2020-11-12,10402.09,6206.66,4195.43,3726.16,6085.16,-2359.0,,,
2020-11-13,9389.23,7453.31,1935.92,2265.3,4727.72,-2462.42,,,
2020-11-17,14689.87,9784.52,4905.35,3076.21,6905.37,-3829.16,,,
2020-11-18,10146.94,7075.01,3071.93,3672.2,6462.05,-2789.85,,,
2020-11-19,10852.05,9671.44,1180.61,3162.07,6017.01,-2854.94,,,
2020-11-20,11000.78,7140.0,3860.78,2975.8,5844.46,-2868.66,,,
2020-11-23,12442.96,7704.52,4738.44,3909.28,6853.33,-2944.05,,,
2020-11-24,12480.89,7917.71,4563.18,3954.39,6476.5,-2522.11,,,
2020-11-25,6931.7,6907.5,24.2,3724.49,5564.82,-1840.33,,,
2020-11-26,8036.86,6009.55,2027.31,3016.07,6416.17,-3400.1,,,
2020-11-27,74741.85,67028.87,7712.98,4875.77,9844.67,-4968.9,,,
2020-12-02,5071.12,5022.31,48.81,3795.48,3456.29,339.19,,,
2020-12-03,9161.05,12636.34,-3475.29,12340.09,8421.85,3918.24,,,
2020-12-05,6231.71,7893.74,-1662.03,5326.5,5690.5,-364.0,,,
2020-12-06,3579.73,4891.22,-1311.49,5251.66,3306.51,1945.15,,,
2020-12-08,4938.95,4587.8,351.15,3560.3,4499.97,-939.67,,,
2020-12-10,6100.23,5485.06,615.17,1960.27,2989.04,-1028.77,,,
2020-12-11,10143.06,8628.94,1514.12,3810.02,6049.45,-2239.43,,,
2020-12-14,7589.88,5325.5,2264.38,3813.97,5535.08,-1721.11,,,
2020-12-15,8612.92,6128.83,2484.09,3564.69,6231.48,-2666.79,,,
2020-12-16,8209.33,6227.56,1981.77,3748.65,5467.1,-1718.45,,,
2020-12-17,8609.38,6254.13,2355.25,3125.72,5620.08,-2494.36,,,
2020-12-18,14649.69,11928.74,2720.95,4224.56,6649.17,-2424.61,,,
2020-12-21,6595.73,6919.28,-323.55,5948.66,5462.54,486.12,,,
2020-12-22,6616.43,5463.43,1153.0,5205.19,5866.7,-661.51,,,
2020-12-23,5365.66,4829.53,536.13,4040.67,5367.59,-1326.92,,,
2020-12-24,5316.24,4090.55,1225.69,3456.22,5354.14,-1897.92,,,
2020-12-28,3456.27,1867.34,1588.93,2714.07,4100.62,-1386.55,,,
2020-12-29,5426.77,3077.24,2349.53,2386.77,4397.27,-2010.5,,,
2020-12-30,5345.63,3521.11,1824.52,3372.43,3959.86,-587.43,,,
2020-12-31,6855.31,5719.72,1135.59,4209.73,4467.37,-257.64,,,
2021-01-01,1072.54,566.33,506.21,2505.67,2436.27,69.4,,,
2021-01-02,10168.32,8674.09,1494.23,6603.46,6693.92,-90.46,,,
2021-01-03,6674.54,6549.39,125.15,4262.45,4457.33,-194.88,,,
2021-01-04,7279.28,7129.87,149.41,3621.88,3918.72,-296.84,,,
2021-01-06,4507.92,4957.78,-449.86,4363.99,4133.5,230.49,,,
2021-01-07,4395.8,5641.09,-1245.29,4721.48,3840.88,880.6,,,
2021-01-09,9384.32,8717.66,666.66,5498.07,6785.94,-1287.87,,,
2021-01-10,7049.23,6917.84,131.39,6093.82,6706.9,-613.08,,,
2021-01-11,8251.05,8453.18,-202.13,5516.93,5400.92,116.01,,,
2021-01-12,8588.49,11354.33,-2765.84,6651.88,3184.86,3467.02,,,
2021-01-13,10263.57,8384.51,1879.06,5777.2,8147.37,-2370.17,,,
2021-01-14,10175.47,9098.85,1076.62,5772.8,5960.9,-188.1,,,
2021-01-15,7240.81,6269.75,971.06,4914.07,5856.14,-942.07,,,
2021-01-18,7847.77,7197.17,650.6,6371.06,6413.57,-42.51,,,
2021-01-19,6715.91,6458.36,257.55,5146.41,5345.71,-199.3,,,
2021-01-20,7701.29,5412.24,2289.05,5084.73,5949.35,-864.62,,,
2021-01-21,9104.25,7489.59,1614.66,5053.57,6093.05,-1039.48,,,
2021-01-22,8326.77,8962.46,-635.69,4859.95,6150.3,-1290.35,,,
2021-01-25,8423.37,9188.67,-765.3,5090.23,5477.99,-387.76,,,
2021-01-27,11236.79,12925.01,-1688.22,6222.79,6226.17,-3.38,,,
2021-01-28,8493.91,12206.42,-3712.51,6351.07,4614.15,1736.92,,,
2021-01-29,11875.01,17805.67,-5930.66,7582.45,5139.25,2443.2,,,
2021-02-02,13585.57,7404.01,6181.56,7755.23,9790.43,-2035.2,,,
2021-02-03,8978.71,6755.55,2223.16,4315.34,5169.38,-854.04,,,
2021-02-06,11510.79,10589.69,921.1,4657.4,4415.64,241.76,,,
2021-02-07,4860.51,5843.31,-982.8,4922.08,3991.69,930.39,,,
2021-02-08,6550.89,8090.77,-1539.88,6478.18,4972.36,1505.82,,,
2021-02-09,9113.34,8764.82,348.52,6368.33,5986.63,381.7,,,
2021-02-11,7815.53,7570.66,244.87,5771.97,5777.97,-6.0,,,
2021-02-12,9064.65,9974.36,-909.71,5828.03,4455.38,1372.65,,,
2021-02-15,5121.51,3887.36,1234.15,4293.84,5342.39,-1048.55,,,
2021-02-16,6825.94,5681.85,1144.09,4632.12,6191.65,-1559.53,,,
2021-02-17,8499.18,7490.98,1008.2,4441.26,5724.64,-1283.38,,,
2021-02-18,9725.77,8822.7,903.07,5281.7,6499.04,-1217.34,,,
2021-02-19,8611.06,8492.31,118.75,3542.36,4717.34,-1174.98,,,
2021-02-22,9454.13,10347.38,-893.25,4804.05,5723.93,-919.88,,,
2021-02-23,8112.33,9681.37,-1569.04,4918.49,4701.82,216.67,,,
2021-02-24,35295.57,6556.4,28739.17,3573.61,3343.17,230.44,,,
2021-02-25,14123.81,13935.73,188.08,5174.63,5921.2,-746.57,,,
2021-02-26,22163.45,30458.62,-8295.17,7534.99,6035.29,1499.7,,,
2021-03-02,11546.18,9025.26,2520.92,6427.49,6827.23,-399.74,,,
2021-03-03,10944.98,8856.28,2088.7,5414.38,5021.47,392.91,,,
2021-03-05,4273.18,6562.64,-2289.46,4366.26,3813.34,552.92,,,
2021-03-06,7323.5,6244.3,1079.2,4726.0,5004.97,-278.97,,,
2021-03-08,8993.55,6876.95,2116.6,6571.69,6870.23,-298.54,,,
2021-03-09,7492.49,6723.91,768.58,6397.78,5729.18,668.6,,,
2021-03-11,9011.72,9413.2,-401.48,5554.9,5359.34,195.56,,,
2021-03-12,7842.92,11199.09,-3356.17,5896.49,4247.7,1648.79,,,
2021-03-15,6658.82,7760.17,-1101.35,4036.19,4785.9,-749.71,,,
2021-03-16,7819.91,6127.6,1692.31,4518.78,5687.37,-1168.59,,,
2021-03-17,9973.21,7347.39,2625.82,5874.44,6436.59,-562.15,,,
2021-03-18,7994.23,6735.76,1258.47,4692.9,5809.07,-1116.17,,,
2021-03-19,24193.67,22775.24,1418.43,7503.7,6944.08,559.62,,,
2021-03-22,6436.46,7223.44,-786.98,4659.69,4116.99,542.7,,,
2021-03-23,7811.31,7919.55,-108.24,4882.49,5412.18,-529.69,,,
2021-03-24,5577.51,7529.41,-1951.9,5581.34,4968.54,612.8,,,
2021-03-25,6669.49,10053.09,-3383.6,7823.37,5555.68,2267.69,,,
2021-03-26,6317.0,6367.13,-50.13,5876.74,4173.6,1703.14,,,
2021-03-30,10119.5,9350.03,769.47,11262.39,9081.38,2181.01,,,
2021-03-31,7657.89,9343.8,-1685.91,6160.75,4079.23,2081.52,,,
2021-04-01,5331.17,3487.95,1843.22,4575.57,5290.78,-715.21,,,
2021-04-02,11826.54,9889.8,1936.74,6314.21,7082.76,-768.55,,,
2021-04-03,11733.98,11957.09,-223.11,4342.9,5131.09,-788.19,,,
2021-04-05,5849.01,7621.38,-1772.37,4952.6,3965.26,987.34,,,
2021-04-06,7683.55,6184.18,1499.37,3883.29,5058.3,-1175.01,,,
2021-04-08,9850.33,7021.76,2828.57,7888.75,8300.11,-411.36,,,
2021-04-10,14121.78,13261.28,860.5,6837.52,6609.46,228.06,,,
2021-04-11,42.52,370.63,-328.11,55.67,17.42,38.25,,,
2021-04-13,8556.44,9287.25,-730.81,4557.77,4313.97,243.8,,,
2021-04-15,11711.48,10731.78,979.7,4979.59,5506.22,-526.63,,,
2021-04-16,7512.32,7074.81,437.51,5523.58,4866.03,657.55,,,
2021-04-19,6381.91,8015.61,-1633.7,6843.13,4487.57,2355.56,,,
2021-04-20,8722.73,9805.06,-1082.33,5595.0,4271.99,1323.01,,,
2021-04-22,9619.52,10529.08,-909.56,5737.09,4887.11,849.98,,,
2021-04-23,6729.46,8090.22,-1360.76,5151.62,3456.03,1695.59,,,
2021-04-26,7660.72,8772.61,-1111.89,6518.02,5495.45,1022.57,,,
2021-04-27,5527.78,6982.53,-1454.75,6484.69,5021.25,1463.44,,,
2021-04-28,7822.55,7056.53,766.02,6349.17,5912.97,436.2,,,
2021-04-29,6399.32,5589.95,809.37,4222.29,5164.64,-942.35,,,
2021-04-30,7951.05,11416.12,-3465.07,5761.78,4342.47,1419.31,,,
2021-05-01,7039.45,6053.15,986.3,5092.0,5582.03,-490.03,,,
2021-05-02,9402.17,7940.46,1461.71,6202.57,7621.22,-1418.65,,,
2021-05-03,9383.17,11397.33,-2014.16,3633.06,4824.25,-1191.19,,,
2021-05-04,4443.84,5375.5,-931.66,5097.54,5022.06,75.48,,,
2021-05-05,4955.96,6066.46,-1110.5,4255.47,4496.08,-240.61,,,
2021-05-07,3222.8,3561.23,-338.43,4578.52,3932.93,645.59,,,
2021-05-08,8746.6,9466.48,-719.88,8541.88,7809.96,731.92,,,
2021-05-10,8732.1,10647.18,-1915.08,8711.87,6843.64,1868.23,,,
2021-05-14,5856.4,8464.25,-2607.85,5444.16,4830.9,613.26,,,
2021-05-17,5797.54,8053.38,-2255.84,7096.88,5148.4,1948.48,,,
2021-05-18,8433.44,7814.95,618.49,6301.03,5851.51,449.52,,,
2021-05-19,7138.11,7835.86,-697.75,4722.98,5575.5,-852.52,,,
2021-05-20,8149.8,8078.76,71.04,4723.27,5599.33,-876.06,,,
2021-05-21,7950.66,7440.5,510.16,6089.36,5440.26,649.1,,,
2021-05-24,7830.55,7245.19,585.36,5329.13,6036.82,-707.69,,,
2021-05-25,7282.89,6323.12,959.77,4299.61,4863.2,-563.59,,,
2021-05-26,5114.13,4872.53,241.6,3623.92,4062.51,-438.59,,,
2021-05-27,42734.21,43395.11,-660.9,6139.4,6027.02,112.38,,,
2021-05-28,5917.71,5004.12,913.59,6440.88,5165.66,1275.22,,,
2021-05-31,7456.51,5044.12,2412.39,4912.06,4732.28,179.78,,,
2021-06-01,6733.28,7216.92,-483.64,5686.04,6066.45,-380.41,,,
2021-06-04,4825.29,5918.04,-1092.75,4518.84,4102.25,416.59,,,
2021-06-05,6326.62,5104.04,1222.58,4036.91,4669.42,-632.51,,,
2021-06-07,4221.77,4765.07,-543.3,5867.38,5346.08,521.3,,,
2021-06-08,6511.05,6580.42,-69.37,6439.14,7070.14,-631.0,,,
2021-06-09,5389.54,5978.9,-589.36,5825.04,5277.73,547.31,,,
2021-06-10,7357.95,8160.76,-802.81,5826.16,6824.85,-998.69,,,
2021-06-12,4130.25,7491.53,-3361.28,4780.05,3078.49,1701.56,,,
2021-06-14,4339.27,4842.78,-503.51,4801.07,4256.81,544.26,,,
2021-06-15,7621.18,6987.49,633.69,3875.29,4524.58,-649.29,,,
2021-06-16,5940.25,6810.54,-870.29,4027.52,4901.72,-874.2,,,
2021-06-17,6727.57,7607.3,-879.73,5107.52,5062.28,45.24,,,
2021-06-18,20440.85,17760.28,2680.57,7052.77,6606.57,446.2,,,
2021-06-21,4675.48,5920.19,-1244.71,4028.31,3890.22,138.09,,,
2021-06-22,6488.06,7516.0,-1027.94,5099.01,4796.56,302.45,,,
2021-06-23,13648.63,10492.1,3156.53,4982.56,3665.36,1317.2,,,
2021-06-24,7094.36,9985.3,-2890.94,5377.76,4239.0,1138.76,,,
2021-06-25,6766.31,7445.15,-678.84,6844.01,5011.25,1832.76,,,
2021-06-28,4275.71,5934.43,-1658.72,5634.19,4357.11,1277.08,,,
2021-06-29,10932.02,10815.39,116.63,8687.31,6877.26,1810.05,,,
2021-06-30,6057.48,7704.14,-1646.66,6171.14,4650.96,1520.18,,,
2021-07-01,8481.77,8099.47,382.3,4815.72,5805.22,-989.5,,,
2021-07-04,7380.16,7152.74,227.42,4903.19,4522.11,381.08,,,
2021-07-05,7159.99,8302.74,-1142.75,6414.23,4946.14,1468.09,,,
2021-07-06,6811.49,6997.95,-186.46,5644.06,4660.09,983.97,,,
2021-07-07,5963.59,5430.65,532.94,4345.38,4577.18,-231.8,,,
2021-07-09,6640.48,6785.93,-145.45,5160.43,5297.0,-136.57,,,
2021-07-10,6734.6,8498.85,-1764.25,7892.67,5364.03,2528.64,,,
2021-07-12,7625.01,10209.98,-2584.97,6637.69,4031.88,2605.81,,,
2021-07-13,5215.72,5101.89,113.83,5589.72,5245.53,344.19,,,
2021-07-14,5234.2,6538.15,-1303.95,5085.07,3749.16,1335.91,,,
2021-07-15,5547.11,5811.88,-264.77,5266.49,4827.08,439.41,,,
2021-07-16,4988.34,5454.64,-466.3,5619.29,4953.22,666.07,,,
2021-07-19,6366.78,8565.49,-2198.71,5913.3,4865.64,1047.66,,,
2021-07-20,4276.7,7111.66,-2834.96,5675.86,4802.72,873.14,,,
2021-07-22,8329.28,8576.87,-247.59,6386.46,5443.91,942.55,,,
2021-07-23,7663.49,7826.8,-163.31,7415.99,5228.19,2187.8,,,
2021-07-26,5495.57,7872.36,-2376.79,5885.63,4334.36,1551.27,,,
2021-07-27,8522.42,9981.5,-1459.08,6332.46,5602.5,729.96,,,
2021-07-28,6941.15,9215.92,-2274.77,6663.07,5741.62,921.45,,,
2021-07-29,8373.72,9239.98,-866.26,7181.58,5134.62,2046.96,,,
2021-07-30,8506.05,12354.36,-3848.31,8047.43,5090.75,2956.68,,,
2021-08-01,13171.18,7141.35,6029.83,4792.7,7165.24,-2372.54,,,
2021-08-02,8017.52,6140.92,1876.6,5356.49,5861.35,-504.86,,,
2021-08-03,5918.33,7412.82,-1494.49,3838.89,3355.27,483.62,,,
2021-08-04,8752.01,8641.16,110.85,4854.39,4301.61,552.78,,,
2021-08-06,7646.87,6224.16,1422.71,3936.21,5563.19,-1626.98,,,
2021-08-07,5344.41,5899.33,-554.92,3864.15,4813.33,-949.18,,,
2021-08-09,8772.31,9574.82,-802.51,5390.91,5390.31,0.6,,,
2021-08-10,6583.35,6647.36,-64.01,5697.83,5866.02,-168.19,,,
2021-08-11,12747.47,13608.12,-860.65,6933.85,5022.08,1911.77,,,
2021-08-12,8150.87,8730.14,-579.27,7182.85,5447.35,1735.5,,,
2021-08-13,8016.33,7196.56,819.77,6104.54,5955.04,149.5,,,
2021-08-16,4271.83,5360.15,-1088.32,5203.45,4697.24,506.21,,,
2021-08-17,9253.8,9597.53,-343.73,5521.8,5255.37,266.43,,,
2021-08-18,9557.63,10152.95,-595.32,4726.39,5455.88,-729.49,,,
2021-08-20,10276.57,12563.6,-2287.03,6526.92,6407.62,119.3,,,
2021-08-23,7990.23,9353.59,-1363.36,6437.59,4985.08,1452.51,,,
2021-08-24,7371.72,9016.63,-1644.91,7418.2,5038.15,2380.05,,,
2021-08-25,6700.93,7772.76,-1071.83,4877.56,5028.95,-151.39,,,
2021-08-26,6663.43,8637.91,-1974.48,6544.18,5488.97,1055.21,,,
2021-08-27,7265.52,8044.27,-778.75,6055.14,4408.95,1646.19,,,
2021-08-30,8408.62,7205.81,1202.81,6678.62,5989.77,688.85,,,
2021-08-31,22832.93,18951.77,3881.16,5991.84,7864.24,-1872.4,,,
2021-09-02,11599.6,10298.95,1300.65,4649.82,6406.06,-1756.24,,,
2021-09-03,11281.25,8479.38,2801.87,6216.33,4966.11,1250.22,,,
2021-09-06,7088.53,7934.9,-846.37,5895.55,6167.25,-271.7,,,
2021-09-07,3852.21,4976.86,-1124.65,4360.25,4253.7,106.55,,,
2021-09-08,6240.73,6028.82,211.91,4657.93,5374.08,-716.15,,,
2021-09-09,10253.03,9829.59,423.44,5229.6,4525.39,704.21,,,
2021-09-11,7773.2,10218.45,-2445.25,7108.59,5690.96,1417.63,,,
2021-09-12,6194.93,7780.48,-1585.55,5623.94,4841.1,782.84,,,
2021-09-13,8682.14,7262.83,1419.31,4163.88,4723.47,-559.59,,,
2021-09-14,10755.82,9106.22,1649.6,5613.31,5923.62,-310.31,,,
2021-09-15,11172.43,10939.59,232.84,7452.63,7284.96,167.67,,,
2021-09-16,11766.93,10145.05,1621.88,6905.29,7700.42,-795.13,,,
2021-09-17,26776.57,25223.98,1552.59,8006.52,9405.07,-1398.55,,,
2021-09-20,7779.47,7686.93,92.54,6026.53,7653.11,-1626.58,,,
2021-09-21,8110.81,7068.89,1041.92,8010.59,5842.97,2167.62,,,
2021-09-22,7355.32,9298.58,-1943.26,7454.0,5603.98,1850.02,,,
2021-09-23,15839.77,15481.84,357.93,7976.47,6803.38,1173.09,,,
2021-09-24,11782.97,11340.48,442.49,7087.07,7602.92,-515.85,,,
2021-09-27,8019.79,8614.42,-594.63,6910.79,5513.1,1397.69,,,
2021-09-28,8825.85,10783.55,-1957.7,7926.05,7764.6,161.45,,,
2021-09-29,12949.38,14395.4,-1446.02,13948.96,10686.8,3262.16,,,
2021-09-30,10773.65,12999.25,-2225.6,6795.08,6697.9,97.18,,,
2021-10-02,9072.1,7285.13,1786.97,4749.91,6825.59,-2075.68,,,
2021-10-03,6534.99,6550.68,-15.69,4059.79,3612.12,447.67,,,
2021-10-05,6860.97,6277.28,583.69,5851.72,6327.98,-476.26,,,
2021-10-06,7447.97,6118.27,1329.7,4282.21,4857.4,-575.19,,,
2021-10-08,6674.19,6852.7,-178.51,6338.36,5649.36,689.0,,,
2021-10-11,9112.99,9582.49,-469.5,6903.17,6136.22,766.95,,,
2021-10-12,5595.06,6687.46,-1092.4,4477.51,4090.88,386.63,,,
2021-10-13,8528.34,7591.03,937.31,7681.34,8113.06,-431.72,,,
2021-10-14,10607.59,8925.99,1681.6,7706.79,9457.38,-1750.59,,,
2021-10-18,13343.73,12831.29,512.44,7720.49,9424.36,-1703.87,,,
2021-10-19,9298.03,9803.82,-505.79,5456.9,8035.12,-2578.22,,,
2021-10-20,15676.44,17519.53,-1843.09,7364.58,9045.31,-1680.73,,,
2021-10-21,11816.22,14635.12,-2818.9,8370.14,7941.69,428.45,,,
2021-10-22,5926.83,8624.53,-2697.7,8040.03,7010.06,1029.97,,,
2021-10-25,6854.2,9313.3,-2459.1,11137.25,8747.02,2390.23,,,
2021-10-26,7292.05,9660.71,-2368.66,8494.57,7109.16,1385.41,,,
2021-10-27,9323.8,11237.16,-1913.36,7986.46,7513.98,472.48,,,
2021-10-28,8215.03,12033.54,-3818.51,8311.63,7475.03,836.6,,,
2021-10-29,7303.32,12445.95,-5142.63,9716.1,5373.59,4342.51,,,
2021-11-01,9652.29,6513.39,3138.9,4496.85,7106.98,-2610.13,,,
2021-11-02,5627.71,4683.35,944.36,4271.11,4978.79,-707.68,,,
2021-11-05,6577.06,6913.06,-336.0,5172.16,5848.83,-676.67,,,
2021-11-06,5161.16,5142.52,18.64,5212.5,4546.14,666.36,,,
2021-11-08,7301.31,7063.17,238.14,6592.55,6386.27,206.28,,,
2021-11-10,13318.24,14621.46,-1303.22,6585.38,6958.66,-373.28,,,
2021-11-11,7188.28,8825.74,-1637.46,5429.96,4984.2,445.76,,,
2021-11-15,8557.01,8132.27,424.74,6336.76,4812.09,1524.67,,,
2021-11-16,9633.7,10194.37,-560.67,6404.64,5827.3,577.34,,,
2021-11-17,9321.89,9666.24,-344.35,5736.59,5797.73,-61.14,,,
2021-11-18,8781.77,12712.39,-3930.62,6846.1,4960.44,1885.66,,,
2021-11-22,11705.76,15144.52,-3438.76,7927.88,5876.7,2051.18,,,
2021-11-23,10101.07,14578.13,-4477.06,9030.24,7618.19,1412.05,,,
2021-11-24,9608.48,14731.13,-5122.65,7537.61,3727.99,3809.62,,,
2021-11-25,9017.44,11318.09,-2300.65,6056.57,4688.77,1367.8,,,
2021-11-26,6588.99,12374.82,-5785.83,9352.28,7058.17,2294.11,,,
2021-11-29,5625.13,8957.34,-3332.21,9527.82,4916.41,4611.41,,,
2021-11-30,42957.1,48402.35,-5445.25,11199.34,5849.11,5350.23,,,
2021-12-01,9354.82,8783.35,571.47,5556.61,6891.11,-1334.5,,,
2021-12-02,4252.21,4289.54,-37.33,3647.82,4245.44,-597.62,,,
2021-12-03,12080.56,13023.16,-942.6,4789.89,4953.76,-163.87,,,
2021-12-04,6519.91,8266.34,-1746.43,7165.01,6932.25,232.76,,,
2021-12-05,5312.0,6572.59,-1260.59,5372.26,6076.62,-704.36,,,
2021-12-07,8575.06,9321.03,-745.97,4188.51,3741.09,447.42,,,
2021-12-08,5690.17,5902.28,-212.11,5590.47,5282.72,307.75,,,
2021-12-10,7484.0,7762.32,-278.32,5976.21,6717.43,-741.22,,,
2021-12-11,10362.94,9851.84,511.1,6818.71,5967.3,851.41,,,
2021-12-13,7862.77,10606.21,-2743.44,6301.91,4950.88,1351.03,,,
2021-12-14,9498.29,10261.47,-763.18,5210.59,4785.16,425.43,,,
2021-12-15,5373.66,8780.7,-3407.04,5721.32,4168.31,1553.01,,,
2021-12-16,7439.82,8908.53,-1468.71,5426.59,3893.44,1533.15,,,
2021-12-17,13370.05,15439.95,-2069.9,9499.96,8021.44,1478.52,,,
2021-12-20,6744.39,10309.75,-3565.36,8746.23,5982.21,2764.02,,,
2021-12-21,5883.4,7093.22,-1209.82,6138.6,4733.71,1404.89,,,
2021-12-22,6162.32,6989.58,-827.26,5315.61,3722.2,1593.41,,,
2021-12-23,5415.35,5686.94,-271.59,5280.2,4083.72,1196.48,,,
2021-12-24,2360.05,3075.05,-715.0,3909.5,3952.74,-43.24,,,
2021-12-27,1996.94,3035.19,-1038.25,4016.54,3060.75,955.79,,,
2021-12-28,4761.39,4554.08,207.31,4112.0,3544.53,567.47,,,
2021-12-29,3417.8,4393.03,-975.23,5016.04,4009.11,1006.93,,,
2021-12-30,4512.12,5498.44,-986.32,9450.33,8872.59,577.74,,,
2021-12-31,4083.37,3507.98,575.39,4853.82,3688.2,1165.62,,,
2022-01-02,7145.99,7167.78,-21.79,7906.24,6308.54,1597.7,,,
2022-01-04,8279.77,6369.99,1909.78,5148.47,5332.26,-183.79,,,
2022-01-06,6446.02,8376.18,-1930.16,5457.08,4472.97,984.11,,,
2022-01-07,4979.59,7304.33,-2324.74,6588.46,5277.75,1310.71,,,
2022-01-08,16377.49,14056.88,2320.61,5331.92,6154.15,-822.23,,,
2022-01-13,7418.36,8809.21,-1390.85,7051.03,5985.71,1065.32,,,
2022-01-14,6143.95,7742.15,-1598.2,5560.51,5189.1,371.41,,,
2022-01-17,5792.76,6648.23,-855.47,5605.54,5720.85,-115.31,,,
2022-01-18,5409.34,6664.29,-1254.95,5794.75,6014.95,-220.2,,,
2022-01-19,7690.73,10395.5,-2704.77,7241.45,7436.52,-195.07,,,
2022-01-20,7974.39,12654.23,-4679.84,6385.75,5616.49,769.26,,,
2022-01-21,7564.37,10712.95,-3148.58,6930.43,6661.07,269.36,,,
2022-01-24,5030.52,8782.1,-3751.58,8243.09,8168.21,74.88,,,
2022-01-25,7357.33,14451.81,-7094.48,10764.4,6229.87,4534.53,,,
2022-01-27,11417.36,17684.11,-6266.75,10727.48,7846.16,2881.32,,,
2022-01-28,8222.94,13268.28,-5045.34,9617.43,6258.76,3358.67,,,
2022-01-31,6014.14,9638.62,-3624.48,9167.06,5518.41,3648.65,,,
2022-02-02,6001.43,6185.03,-183.6,7713.43,7287.47,425.96,,,
2022-02-03,12971.68,17310.62,-4338.94,10264.64,7202.94,3061.7,,,
2022-02-05,5041.77,6895.23,-1853.46,6621.75,4670.65,1951.1,,,
2022-02-06,7131.8,7583.62,-451.82,4677.17,4546.54,130.63,,,
2022-02-08,7526.33,6701.15,825.18,6208.86,6091.07,117.79,,,
2022-02-14,5457.75,9711.45,-4253.7,7698.04,5527.75,2170.29,,,
2022-02-15,6353.59,8652.35,-2298.76,8739.16,4327.56,4411.6,,,
2022-02-16,5879.05,7770.01,-1890.96,5334.3,4154.16,1180.14,,,
2022-02-17,6078.38,7320.48,-1242.1,4617.33,3716.23,901.1,,,
2022-02-18,4314.48,6844.44,-2529.96,4992.67,3063.59,1929.08,,,
2022-02-21,4160.37,6422.27,-2261.9,6187.26,3794.41,2392.85,,,
2022-02-22,8614.37,11859.89,-3245.52,8143.69,4035.11,4108.58,,,
2022-02-23,4623.64,8040.8,-3417.16,6892.39,3868.02,3024.37,,,
2022-02-24,9231.8,15680.04,-6448.24,14452.42,6784.67,7667.75,,,
2022-02-25,5690.93,10161.63,-4470.7,9655.31,5337.07,4318.24,,,
2022-02-28,14629.66,18578.13,-3948.47,9128.63,4985.81,4142.82,,,
2022-03-01,4226.3,3323.66,902.64,4815.58,4012.47,803.11,,,
2022-03-02,4630.52,6228.06,-1597.54,6089.96,6460.54,-370.58,,,
2022-03-03,7153.44,13798.09,-6644.65,11803.36,7004.12,4799.24,,,
2022-03-06,5804.83,9575.34,-3770.51,6890.49,4529.98,2360.51,,,
2022-03-08,10148.58,9383.41,765.17,5865.37,6383.79,-518.42,,,
2022-03-14,8151.62,8328.14,-176.52,6385.66,5287.04,1098.62,,,
2022-03-15,10225.3,11475.04,-1249.74,6957.09,6858.84,98.25,,,
2022-03-16,9098.13,8786.14,311.99,5206.82,4434.27,772.55,,,
2022-03-17,25393.17,22593.03,2800.14,7756.01,8434.46,-678.45,,,
2022-03-21,6838.69,9800.81,-2962.12,4611.3,4358.39,252.91,,,
2022-03-22,9858.98,9474.5,384.48,4499.91,5101.96,-602.05,,,
2022-03-23,10223.97,9742.64,481.33,4653.22,4947.45,-294.23,,,
2022-03-24,13101.11,14841.82,-1740.71,6980.92,4889.85,2091.07,,,
2022-03-25,6543.08,8050.45,-1507.37,5969.61,4596.59,1373.02,,,
2022-03-28,6114.46,6915.87,-801.41,5323.73,4162.03,1161.7,,,
2022-03-29,7360.87,7325.4,35.47,5860.54,4147.23,1713.31,,,
2022-03-30,10271.37,8913.9,1357.47,12848.14,11632.14,1216.0,,,
2022-03-31,12274.81,9186.08,3088.73,7944.47,6799.19,1145.28,,,
2022-04-01,5834.72,4560.86,1273.86,5250.38,4717.41,532.97,,,
2022-04-02,5377.41,7645.27,-2267.86,6196.26,5574.28,621.98,,,
2022-04-03,5996.25,13627.27,-7631.02,11668.66,6929.67,4738.99,,,
2022-04-04,7532.61,6380.4,1152.21,9883.2,8208.19,1675.01,,,
2022-04-05,17062.94,20351.12,-3288.18,6399.46,5061.46,1338.0,,,
2022-04-07,3981.28,6130.84,-2149.56,6461.14,4772.75,1688.39,,,
2022-04-08,8705.19,7230.42,1474.77,5255.26,5302.05,-46.79,,,
2022-04-13,5027.99,7089.03,-2061.04,6426.35,5015.5,1410.85,,,
2022-04-18,7589.12,13976.57,-6387.45,9637.18,6295.22,3341.96,,,
2022-04-19,9638.89,15510.58,-5871.69,10920.78,6939.97,3980.81,,,
2022-04-20,6339.45,9348.71,-3009.26,7915.34,5269.52,2645.82,,,
2022-04-21,9320.24,10033.93,-713.69,8635.07,5811.64,2823.43,,,
2022-04-22,7939.33,10401.05,-2461.72,6377.03,4774.68,1602.35,,,
2022-04-25,4932.28,8235.13,-3302.85,6432.06,4561.61,1870.45,,,
2022-04-26,7340.46,8514.51,-1174.05,6818.1,5174.26,1643.84,,,
2022-04-27,6385.59,10450.13,-4064.54,7425.48,5507.97,1917.51,,,
2022-04-28,12333.87,11590.65,743.22,5746.02,4965.08,780.94,,,
2022-04-29,9263.84,12912.14,-3648.3,8426.33,4936.03,3490.3,,,
2022-05-01,7610.53,7273.7,336.83,7001.1,5729.15,1271.95,,,
2022-05-04,7096.6,6721.71,374.89,6384.18,6278.76,105.42,,,
2022-05-05,5293.36,7368.1,-2074.74,7111.87,4882.56,2229.31,,,
2022-05-07,6675.59,5379.75,1295.84,5191.05,5448.64,-257.59,,,
2022-05-08,8348.69,6742.88,1605.81,7260.62,7756.56,-495.94,,,
2022-05-13,7660.72,11440.8,-3780.08,7960.57,4790.95,3169.62,,,
2022-05-16,4205.88,5994.81,-1788.93,4737.96,3309.57,1428.39,,,
2022-05-17,6128.11,8320.55,-2192.44,7315.14,5020.72,2294.42,,,
2022-05-18,8919.0,10173.64,-1254.64,5562.4,5186.79,375.61,,,
2022-05-19,6389.87,11289.79,-4899.92,7414.25,4188.71,3225.54,,,
2022-05-20,8550.14,9815.55,-1265.41,5724.32,3575.37,2148.95,,,
2022-05-23,7039.52,8990.69,-1951.17,6281.53,4836.14,1445.39,,,
2022-05-24,7947.05,10340.5,-2393.45,6171.84,4223.35,1948.49,,,
2022-05-25,6371.24,8174.3,-1803.06,7025.71,4795.89,2229.82,,,
2022-05-26,8248.29,9846.13,-1597.84,7535.24,4628.78,2906.46,,,
2022-05-27,4954.34,6897.44,-1943.1,6397.19,3669.72,2727.47,,,
2022-05-30,6853.96,6351.88,502.08,5979.06,4454.57,1524.49,,,
2022-05-31,45737.96,46741.52,-1003.56,8620.46,6775.31,1845.15,,,
2022-06-01,6563.72,8490.49,-1926.77,6661.19,5860.28,800.91,,,
2022-06-04,6324.77,8604.74,-2279.97,6961.91,6338.99,622.92,,,
2022-06-05,4525.89,10042.97,-5517.08,8522.04,5507.19,3014.85,,,
2022-06-06,4546.52,6944.17,-2397.65,5593.21,3653.21,1940.0,,,
2022-06-07,7355.76,7685.89,-330.13,7751.44,6287.11,1464.33,,,
2022-06-13,3927.38,8091.39,-4164.01,6969.98,4155.48,2814.5,,,
2022-06-14,4423.52,8925.77,-4502.25,7035.27,3227.67,3807.6,,,
2022-06-15,3943.45,7474.6,-3531.15,5417.16,2829.16,2588.0,,,
2022-06-16,4573.97,7831.62,-3257.65,6604.58,4675.44,1929.14,,,
2022-06-17,10292.63,18111.24,-7818.61,9889.7,3802.78,6086.92,,,
2022-06-20,4355.02,5572.14,-1217.12,6099.48,4006.09,2093.39,,,
2022-06-21,4617.83,7319.04,-2701.21,6527.22,3460.81,3066.41,,,
2022-06-22,4516.03,7436.64,-2920.61,4861.57,3002.5,1859.07,,,
2022-06-23,4603.67,6922.73,-2319.06,5620.06,3181.75,2438.31,,,
2022-06-24,4658.85,7012.62,-2353.77,5651.6,3438.16,2213.44,,,
2022-06-27,4539.25,5817.67,-1278.42,5101.29,3916.82,1184.47,,,
2022-06-28,5348.85,6593.29,-1244.44,5177.24,3971.61,1205.63,,,
2022-06-29,5946.83,6797.89,-851.06,8308.26,7460.8,847.46,,,
2022-06-30,9684.54,10822.59,-1138.05,6230.96,4852.76,1378.2,,,
2022-07-01,8183.82,7687.55,496.27,5718.29,5833.95,-115.66,,,
2022-07-02,6281.52,7438.75,-1157.23,4644.47,6020.96,-1376.49,,,
2022-07-03,7443.11,14925.19,-7482.08,13168.04,7837.01,5331.03,,,
2022-07-04,9346.3,14355.92,-5009.62,7676.3,5901.6,1774.7,,,
2022-07-06,5637.32,7931.3,-2293.98,5062.4,3751.26,1311.14,,,
2022-07-07,5847.89,6773.11,-925.22,6974.09,5993.5,980.59,,,
2022-07-13,5093.2,7932.72,-2839.52,6217.62,4418.4,1799.22,,,
2022-07-14,7139.02,6829.96,309.06,4224.29,4780.69,-556.4,,,
2022-07-15,5300.67,6950.03,-1649.36,5278.66,4219.2,1059.46,,,
2022-07-18,15055.01,14898.93,156.08,6273.77,5429.44,844.33,,,
2022-07-19,6177.59,5201.19,976.4,5085.73,5186.46,-100.73,,,
2022-07-20,7606.04,5825.1,1780.94,6032.73,6262.95,-230.22,,,
2022-07-21,8279.42,6480.1,1799.32,5071.58,5383.87,-312.29,,,
2022-07-22,5335.17,6010.62,-675.45,5072.01,4332.63,739.38,,,
2022-07-25,13602.03,14446.81,-844.78,5270.58,5342.84,-72.26,,,
2022-07-26,4031.75,5580.04,-1548.29,6428.26,5428.9,999.36,,,
2022-07-27,4940.81,5377.62,-436.81,5448.69,4736.66,712.03,,,
2022-07-28,7300.21,5662.52,1637.69,6941.15,6340.86,600.29,,,
2022-07-29,8531.17,7484.85,1046.32,6720.39,6721.3,-0.91,,,
2022-08-02,7225.08,9192.97,-1967.89,6674.2,5559.2,1115.0,,,
2022-08-03,8283.13,16425.73,-8142.6,12923.51,6433.92,6489.59,,,
2022-08-04,9818.98,10394.02,-575.04,8191.28,8207.79,-16.51,,,
2022-08-06,5468.82,7953.07,-2484.25,5508.57,3604.24,1904.33,,,
2022-08-07,6319.87,6429.18,-109.31,5321.64,5287.03,34.61,,,
2022-08-08,15834.69,14384.99,1449.7,5126.3,5267.03,-140.73,,,
2022-08-16,19799.1,18422.26,1376.84,5260.39,5396.63,-136.24,,,
2022-08-17,8665.91,6318.69,2347.22,5729.84,6240.07,-510.23,,,
2022-08-18,8396.74,10102.74,-1706.0,7491.59,7020.8,470.79,,,
2022-08-19,7018.49,5907.59,1110.9,5683.42,7316.63,-1633.21,,,
2022-08-22,6625.43,7079.2,-453.77,6533.57,6618.63,-85.06,,,
2022-08-23,7652.45,7089.45,563.0,5575.9,5791.1,-215.2,,,
2022-08-24,7251.04,7227.85,23.19,4986.06,5308.4,-322.34,,,
2022-08-25,6813.77,6444.71,369.06,5678.3,6012.61,-334.31,,,
2022-08-26,6125.88,6177.0,-51.12,5408.57,4954.98,453.59,,,
2022-08-29,5253.27,5814.49,-561.22,6370.85,6226.77,144.08,,,
2022-08-30,16145.25,11979.39,4165.86,6519.54,7176.26,-656.72,,,
2022-09-02,6152.38,7045.02,-892.64,7021.37,5228.02,1793.35,,,
2022-09-03,9370.8,14189.51,-4818.71,11078.08,7802.14,3275.94,,,
2022-09-05,5342.44,8704.24,-3361.8,7729.78,4652.54,3077.24,,,
2022-09-06,6196.55,7709.19,-1512.64,5297.49,3672.59,1624.9,,,
2022-10-01,7981.58,8105.81,-124.23,6150.78,5669.23,481.55,,,
2022-10-02,8660.61,10393.19,-1732.58,7853.15,5125.92,2727.23,,,
2022-10-03,10686.06,12667.21,-1981.15,9273.55,8327.84,945.71,,,
2022-10-05,6100.07,10060.66,-3960.59,7570.91,4612.51,2958.4,,,
2022-10-06,4287.93,8261.88,-3973.95,6105.56,3274.49,2831.07,,,
2022-10-08,9357.94,8296.06,1061.88,5466.36,6234.81,-768.45,,,
2022-11-01,7759.53,7647.62,111.91,5790.38,5411.64,378.74,,,
2022-11-02,9754.86,9646.33,108.53,5537.23,6234.13,-696.9,,,
2022-11-03,6250.92,8514.82,-2263.9,6786.33,5099.48,1686.85,,,
2022-11-04,5921.1,7066.3,-1145.2,5873.7,6360.2,-486.5,,,
2022-11-05,5988.39,9597.74,-3609.35,8400.88,4219.68,4181.2,,,
2022-11-07,5294.47,5464.98,-170.51,4558.1,4855.09,-296.99,,,
2022-11-08,9030.9,6732.82,2298.08,5758.11,6487.67,-729.56,,,
2022-12-01,6981.26,7982.83,-1001.57,7458.25,6126.24,1332.01,,,
2022-12-04,7047.27,10175.66,-3128.39,6629.33,5759.32,870.01,,,
2022-12-05,6018.03,11273.78,-5255.75,9487.39,4671.75,4815.64,,,
2022-12-07,4650.66,6216.34,-1565.68,3493.93,3353.22,140.71,,,
2022-12-08,8260.13,5219.67,3040.46,5752.42,6591.87,-839.45,,,
